Price,Close,High,Low,Open,Volume
Ticker,BAJAJFINSV.NS,BAJAJFINSV.NS,BAJAJFINSV.NS,BAJAJFINSV.NS,BAJAJFINSV.NS
Date,,,,,
2002-08-12,443.4439392089844,449.65450771019823,440.2164147141567,440.2164147141567,50600
2002-08-13,437.52685546875,444.51984597611056,435.47296242214134,444.51984597611056,25600
2002-08-14,425.25244140625,439.14064294390477,406.8652727498093,406.8652727498093,105200
2002-08-15,425.25244140625,425.25244140625,425.25244140625,425.25244140625,0
2002-08-16,418.2593994140625,431.3162580945799,403.44207814969207,403.44207814969207,143100
2002-08-19,420.21551513671875,421.9270877235589,415.7165183675332,420.5578356235782,68300
2002-08-20,428.0398254394531,433.1256528093197,415.6676073318892,422.6117074473955,53900
2002-08-21,425.39910888671875,435.2284127870859,424.5188477694108,435.2284127870859,33600
2002-08-22,418.7484436035156,429.1156890112269,417.91710239605385,420.65563638254815,123100
2002-08-23,410.6306457519531,419.4819075774866,409.3102840275352,417.623635077079,170900
2002-08-26,408.5767822265625,415.6675821574843,405.39814777476994,410.2883546236815,136900
2002-08-27,408.03887939453125,410.7773833445129,407.10972813607975,410.7773833445129,158200
2002-08-28,408.7234802246094,430.33820034793985,403.93108350840714,430.33820034793985,70400
2002-08-29,408.9191589355469,410.72854168807413,393.9062158743812,393.9062158743812,77100
2002-08-30,409.261474609375,410.77742698426243,400.01897056324606,408.8213439986231,54900
2002-09-02,406.66961669921875,414.591758291532,399.5788162960755,410.7774026648496,128100
2002-09-03,406.96307373046875,409.79938810826593,403.539928483741,409.79938810826593,109700
2002-09-04,409.0657958984375,410.7773682662134,404.4200994716172,405.8871615011394,66200
2002-09-05,410.4839782714844,415.66758563572466,409.1146964643681,410.77737874589263,82800
2002-09-06,409.946044921875,410.7773860774751,406.9630306048181,410.7773860774751,43500
2002-09-09,410.6795959472656,411.1197265355992,407.7943915988819,410.7774060610571,52200
2002-09-10,410.6795959472656,410.6795959472656,410.6795959472656,410.6795959472656,0
2002-09-11,410.5329895019531,413.7116249179897,409.79945825209853,410.7774999185713,33700
2002-09-12,410.8752136230469,411.7554449467911,408.0877895583102,410.77740350986284,35100
2002-09-13,411.1686706542969,415.667667852308,408.87026699197446,408.87026699197446,80300
2002-09-16,410.7284851074219,414.4450303729648,408.08776147048866,410.7773752369209,13100
2002-09-17,404.46905517578125,412.733517887633,398.3074055917975,412.733517887633,54100
2002-09-18,392.53692626953125,406.86522697101464,387.01099826694,400.9969785050866,63100
2002-09-19,375.47015380859375,393.1727122448306,367.30350070665315,392.1946706720823,188200
2002-09-20,368.81939697265625,374.10081426335415,366.765504179759,366.765504179759,165500
2002-09-23,363.5380554199219,373.12285065369355,358.2077170430282,366.76558059013126,106400
2002-09-24,372.48712158203125,375.42124616346126,362.7555964479716,363.831448097321,110800
2002-09-25,376.0569152832031,378.89322935095873,370.67768762635626,374.39423297755957,45200
2002-09-26,373.9051208496094,382.4140908196129,371.6556381367082,371.6556381367082,30700
2002-09-27,390.189697265625,393.17271212259595,371.65579752882206,371.65579752882206,123900
2002-09-30,381.0938415527344,396.10678364301646,379.528969277493,386.37525936515004,86100
2002-10-01,370.9222412109375,381.4361874021506,360.065974523077,376.59487000767854,137700
2002-10-02,370.9222412109375,370.9222412109375,370.9222412109375,370.9222412109375,0
2002-10-03,359.870361328125,376.54595601255573,358.1587888007952,376.54595601255573,73400
2002-10-04,358.0610046386719,366.5699479113547,352.87736670029614,358.9901261695187,76300
2002-10-07,359.6746520996094,364.3203478099374,355.1267664789885,356.98503879362994,99300
2002-10-08,376.3014831542969,379.43122802659764,358.94124578980365,358.94124578980365,103800
2002-10-09,383.5878601074219,387.30440559587475,377.6706915579004,380.9471363121041,79900
2002-10-10,396.84039306640625,400.01902837747417,384.37036223067815,384.37036223067815,181900
2002-10-11,391.167724609375,396.8892437220861,371.7535941330517,371.7535941330517,139700
2002-10-14,390.189697265625,397.08487841237303,387.50008294140326,392.1946705501517,46600
2002-10-15,390.189697265625,390.189697265625,390.189697265625,390.189697265625,0
2002-10-16,389.01605224609375,393.17272910855985,386.32643780567446,390.72762507181505,51800
2002-10-17,386.5708312988281,395.8133337015002,382.65866602319164,386.32632096910083,76200
2002-10-18,393.3683166503906,409.79940247160505,385.34836413797706,385.34836413797706,55600
2002-10-21,395.51995849609375,400.9481064806903,394.1507064283649,396.1067893386794,79900
2002-10-22,378.2086181640625,400.99697065498594,372.9271707701551,400.99697065498594,154600
2002-10-23,392.8302917480469,396.20454625425185,373.7584859333028,373.7584859333028,380500
2002-10-24,399.9700622558594,404.81134951688927,386.32637211191184,392.0968106878897,287400
2002-10-25,401.82830810546875,408.72348791544323,392.879235422059,400.8991568527979,97600
2002-10-28,398.1606750488281,405.88719643312413,396.1556721941186,402.9530721215594,83500
2002-10-29,411.3642578125,417.42809715896277,397.0848460491237,399.0409290345874,272900
2002-10-30,412.4889221191406,425.9369901194683,392.1945649550098,412.63562234601744,272300
2002-10-31,414.4450378417969,415.66758957584346,403.9310929289961,410.77738263965705,99000
2002-11-01,432.3431396484375,436.2064146770466,414.20048568549157,415.6675476182619,448800
2002-11-04,438.4559326171875,441.09665624544334,429.1156495070693,431.3162425814645,55500
2002-11-05,426.4749450683594,438.1625518616878,423.9809514108073,438.1625518616878,122300
2002-11-06,426.4749450683594,426.4749450683594,426.4749450683594,426.4749450683594,0
2002-11-07,419.775390625,424.2743572921327,416.64564613290673,423.589746204613,141900
2002-11-08,423.4919128417969,427.8930990029703,417.18353407180007,417.18353407180007,127700
2002-11-11,426.426025390625,430.3381907611812,420.65558743854524,430.3381907611812,50000
2002-11-12,426.27935791015625,429.3601824066812,422.5627826141081,422.5627826141081,41400
2002-11-13,433.3702392578125,439.0428686031257,424.56786485114384,424.56786485114384,306000
2002-11-14,429.7025146484375,436.20648428544445,425.8392390033395,436.20648428544445,133600
2002-11-15,442.857177734375,449.8990884490829,429.3602170198856,433.7614037547136,376500
2002-11-18,441.78131103515625,445.98687710395285,438.5048663851867,444.0796844405133,104300
2002-11-19,441.78131103515625,441.78131103515625,441.78131103515625,441.78131103515625,0
2002-11-20,442.9061279296875,445.98695288472817,438.2604305038049,441.0967450680097,98400
2002-11-21,467.1614685058594,469.9488924639503,393.02594236207875,393.02594236207875,259400
2002-11-22,463.5427551269531,474.3501011629196,458.7014380317717,461.2443517600745,131600
2002-11-25,466.9658203125,473.3719787470593,454.78919445740206,454.78919445740206,62500
2002-11-26,462.613525390625,484.1304335483285,458.26122975610906,469.45981434989426,231600
2002-11-27,455.9139709472656,464.863043361961,452.8820367820398,462.61356018797755,121300
2002-11-28,460.90203857421875,466.4279668603122,456.74536236426553,461.34216917072587,97700
2002-11-29,460.90203857421875,460.90203857421875,460.90203857421875,460.90203857421875,0
2002-12-02,467.5037841796875,489.0206947486271,465.547701400693,474.3500739061683,173800
2002-12-03,468.9219665527344,474.15446422484547,462.22237691632455,474.15446422484547,173700
2002-12-04,469.7532653808594,476.3061546007967,466.52574074862423,474.3500718303622,340900
2002-12-05,462.222412109375,471.415996105425,458.21243604853026,471.415996105425,146300
2002-12-06,459.2393798828125,469.2643053778043,454.0557718097512,466.52580108400934,174800
2002-12-09,463.9339599609375,470.43792952437167,459.8750939813099,467.50380522380385,116800
2002-12-10,467.25921630859375,513.47166627318,455.8650414931648,455.8650414931648,54500
2002-12-11,454.7891845703125,472.29611710363656,453.3221226846018,472.29611710363656,242700
2002-12-12,459.53277587890625,465.98785534292153,449.99687185290475,454.7892689323784,271300
2002-12-13,465.4988098144531,466.5257413312319,455.27826538718756,455.27826538718756,73300
2002-12-16,469.8021545410156,552.5933463993166,451.8550903300606,552.5933463993166,323300
2002-12-17,470.1935119628906,475.1326102379727,449.8991482120222,449.8991482120222,143300
2002-12-18,473.02978515625,474.7413578523527,459.6795240961411,470.1934706579146,99500
2002-12-19,482.8101501464844,485.0596633635101,470.8780625052468,476.3061805499445,222400
2002-12-20,478.702392578125,484.8151515504299,475.3770278192264,481.196386299843,71700
2002-12-23,480.1205139160156,481.1474752872706,474.35007566606373,479.7293033282562,55100
2002-12-24,477.57763671875,482.6634642895579,476.3550848841767,481.1964020880699,100300
2002-12-25,477.57763671875,477.57763671875,477.57763671875,477.57763671875,0
2002-12-26,481.0496826171875,484.0326970353781,476.20836560672797,476.20836560672797,82200
2002-12-27,496.2582092285156,498.2142920633521,479.2402945349296,481.1474872378773,266500
2002-12-30,490.63446044921875,498.80111207722905,489.1185082240444,497.8230706809992,75000
2002-12-31,492.248291015625,498.31216045176444,484.2283683633457,484.2283683633457,108100
2003-01-01,497.5785827636719,500.70832731168383,489.9987616011786,490.9768030415003,112700
2003-01-02,491.4169921875,500.268256338175,490.14552025509533,498.80119400287236,75900
2003-01-03,495.8670654296875,499.7792316263714,484.1305668396357,491.9548992330036,158400
2003-01-06,490.7323303222656,498.8011728238275,488.140526276104,498.8011728238275,141300
2003-01-07,484.27716064453125,498.507679965169,482.2232678732848,498.507679965169,89100
2003-01-08,487.455810546875,490.24323440776146,483.15243450859685,483.15243450859685,131100
2003-01-09,483.9837951660156,490.8789751313188,481.34307143390316,489.1674026728083,155800
2003-01-10,484.2283020019531,490.7811614584924,478.36005361537514,486.0865746882119,151300
2003-01-13,484.27716064453125,489.0206670847438,406.3272842196948,484.1304604138964,61500
2003-01-14,499.24127197265625,504.18036937478456,484.37502993765673,488.82510661294236,315000
2003-01-15,492.590576171875,506.429856884207,485.0107548443746,503.69135273067343,578400
2003-01-16,517.8240356445312,526.5775181891695,503.6913253534004,503.6913253534004,679900
2003-01-17,512.8360595703125,522.1274542356289,508.92389339544246,513.4718104516962,229600
2003-01-20,517.8240356445312,522.2741121140112,504.76714702473487,504.76714702473487,260100
2003-01-21,508.777099609375,518.3618924746423,504.9627146358453,513.5205760682097,67500
2003-01-22,504.1315002441406,510.5376600936895,502.7133281382306,510.5376600936895,54900
2003-01-23,502.37103271484375,506.6254892971921,500.07259940784,501.7352818715435,26100
2003-01-24,501.0018005371094,506.6255396353785,497.8231653946094,503.6914148884555,195000
2003-01-27,501.5885314941406,504.66938592572194,497.4318851978288,503.2023237573332,145900
2003-01-28,499.24127197265625,502.7133071942566,495.3779962916166,502.5176869645369,172200
2003-01-29,504.2292175292969,507.603472202573,498.80109985223936,498.80109985223936,116500
2003-01-30,504.1803283691406,508.532624423045,502.2731357505861,503.740197811796,127300
2003-01-31,502.12646484375,506.13641059562656,500.0236520135538,503.69130716279744,23900
2003-02-03,504.4249267578125,513.4718110477005,501.7842026477263,503.69139559917295,102700
2003-02-04,519.2910766601562,523.2521322644853,505.64738762754934,512.8359678096684,255100
2003-02-05,523.5455932617188,526.8709581777612,509.8041223815912,513.5206680733997,221700
2003-02-06,537.9717407226562,542.226257266956,509.559645735323,509.559645735323,319500
2003-02-07,531.85888671875,541.1991698922754,513.4717208446287,530.0984241862643,119800
2003-02-10,522.9097900390625,531.0764107836496,521.2959980620354,523.2520806063583,81300
2003-02-11,516.210205078125,528.1423213134469,512.4936599411967,519.3399492915562,142000
2003-02-12,508.4347229003906,530.0983605922213,507.6034117110015,530.0983605922213,112900
2003-02-13,508.4347229003906,508.4347229003906,508.4347229003906,508.4347229003906,0
2003-02-14,513.1783447265625,518.3619523106872,505.6474138577836,518.3619523106872,142800
2003-02-17,511.1244201660156,521.2471846394013,509.2661772924079,519.2422116754173,87200
2003-02-18,507.7012939453125,516.3081064803698,506.6743623595129,511.5156794867544,137500
2003-02-19,510.19537353515625,521.1983404356515,507.896940187881,518.3619962011131,184000
2003-02-20,512.6893920898438,515.4278964889417,508.6793859207015,515.3790063504597,171200
2003-02-21,512.4938354492188,514.3031886620518,508.58166876640024,512.4938354492188,135700
2003-02-24,509.07061767578125,515.1833772540207,508.1414662809053,512.4937630395954,105000
2003-02-25,504.1315002441406,508.58157710482476,501.78417677953684,508.58157710482476,117000
2003-02-26,493.4708251953125,504.1803915226031,488.0915969637425,503.69137077427854,195700
2003-02-27,499.43682861328125,505.5496171332948,494.8889421303881,496.84502490560703,153300
2003-02-28,504.4249267578125,532.054600399903,494.88902169549806,498.8011878749091,140500
2003-03-03,501.3929748535156,511.5156800160205,499.82807271147107,511.5156800160205,89200
2003-03-04,491.3679504394531,500.12143214328285,489.1673574818096,500.12143214328285,95800
2003-03-05,496.60052490234375,503.69132511020587,484.13049695058623,489.02070399049114,110400
2003-03-06,494.79119873046875,504.47380380373176,493.6664569525697,503.691382527139,55300
2003-03-07,488.0426940917969,492.83509133082214,485.30418991162736,489.02073556292277,116300
2003-03-10,473.0786437988281,495.86699680161655,471.1225609712083,488.72730641978643,125100
2003-03-11,466.91693115234375,478.2133265718277,456.10958625178523,470.43788595643554,179300
2003-03-12,461.2933349609375,473.3721552217282,458.7015305764267,467.5039053636076,204300
2003-03-13,461.4888610839844,465.54772710500947,458.505816772842,462.61360277451575,125900
2003-03-14,461.4888610839844,461.4888610839844,461.4888610839844,461.4888610839844,0
2003-03-17,472.0517578125,475.3282030416412,457.96796517335076,460.65757949097326,199900
2003-03-18,472.0517578125,472.0517578125,472.0517578125,472.0517578125,0
2003-03-19,473.4698486328125,479.24028693457456,471.0247451280443,475.3281213269454,193500
2003-03-20,488.1405029296875,489.0207342819036,471.90500858203694,474.35011225344647,80900
2003-03-21,488.1405029296875,488.1405029296875,488.1405029296875,488.1405029296875,0
2003-03-24,490.34100341796875,502.12641879179137,485.20628667995237,489.9986829992774,43100
2003-03-25,481.2452087402344,488.5316283492896,477.2841534223289,478.2621947203255,79900
2003-03-26,486.9668273925781,492.9328861507993,479.28919611300006,479.28919611300006,188600
2003-03-27,478.5068054199219,484.13054406307884,474.3501290315015,484.13054406307884,195900
2003-03-28,478.6046447753906,488.04273988789913,473.46992657015727,486.9668881992154,205800
2003-03-31,469.4598693847656,477.28420054117834,464.56966241200763,477.28420054117834,149200
2003-04-01,469.655517578125,476.30618751824727,461.6355657261042,469.36208723380827,164500
2003-04-02,470.63360595703125,478.2623181106093,464.5697364060111,464.5697364060111,162300
2003-04-03,476.6974182128906,517.383950333361,464.912030149006,517.383950333361,41100
2003-04-04,492.297119140625,502.71325354120006,470.43788901423585,470.43788901423585,76600
2003-04-07,498.2631530761719,511.271090449439,491.1234336654896,491.1234336654896,160700
2003-04-08,504.4249267578125,508.58160332343675,493.9109801506453,494.0087902746224,111400
2003-04-09,496.6983337402344,503.69132381989334,489.5586135717901,499.87696830802986,63800
2003-04-10,498.80108642578125,508.58149988511025,494.8889210420496,494.8889210420496,134900
2003-04-11,496.5517272949219,506.576653594702,488.9229849827104,506.576653594702,89700
2003-04-15,486.77130126953125,494.8890343605724,482.3211942180896,489.9988265111597,221000
2003-04-16,485.499755859375,491.31911425863467,482.2233111265344,485.1085452601079,123100
2003-04-17,471.07366943359375,498.80115115867005,466.57467268894567,488.97184629540845,243600
2003-04-18,471.07366943359375,471.07366943359375,471.07366943359375,471.07366943359375,0
2003-04-21,467.65045166015625,477.28416464136274,462.61354482656674,469.45983407347154,86600
2003-04-22,464.8630676269531,471.415956976185,463.6405158713095,467.0147706558679,182900
2003-04-23,459.8751525878906,466.0368024653426,455.76736610461626,465.05876090717817,271200
2003-04-24,466.0856018066406,473.37202193448985,460.16846347144104,462.61356689052417,214600
2003-04-25,465.9878845214844,472.29623428675745,463.5427807719698,467.5038369072003,183600
2003-04-28,470.7312927246094,477.2841817490802,465.49879534774107,477.2841817490802,61800
2003-04-29,485.89093017578125,489.02067443112173,470.4378888027391,470.4378888027391,209700
2003-04-30,472.29620361328125,487.0646352706993,471.3670821572826,484.32613118807933,77300
2003-05-01,472.29620361328125,472.29620361328125,472.29620361328125,472.29620361328125,0
2003-05-02,469.1664733886719,478.65345709800584,463.88502592966074,472.39399808255206,177500
2003-05-05,469.313232421875,478.2623064191214,463.8361939044342,474.6435408323859,159700
2003-05-06,474.35003662109375,480.2182844968186,469.9488507143001,469.9488507143001,96800
2003-05-07,472.88299560546875,476.3061403513201,468.5306996324763,475.32809899536255,277600
2003-05-08,463.9339599609375,471.8071815618121,457.9190111142647,460.6575151891456,241700
2003-05-09,465.0098571777344,471.02480661515887,460.1685396673305,464.6675366728897,96800
2003-05-12,468.09063720703125,476.2572891665631,461.73336787346665,461.73336787346665,103300
2003-05-13,466.9658203125,476.25721245732865,463.10254532382766,470.9268755510518,113800
2003-05-14,466.86810302734375,471.9050106429533,458.79926087645384,460.6575337053492,306500
2003-05-15,454.6914367675781,466.5257435697611,449.41001922495855,461.6355366141032,412700
2003-05-16,455.52276611328125,462.36905567376,452.3441316744875,458.6525104227673,117600
2003-05-19,466.4279479980469,469.36207226288775,455.0826615378377,459.67946815840395,203600
2003-05-20,465.3031921386719,467.50378527017375,459.6794541359449,459.6794541359449,149100
2003-05-21,465.35211181640625,473.3720636771925,464.56969059228607,465.5477320461645,47600
2003-05-22,464.814208984375,469.36209585397324,459.6794912628222,465.547740087454,131600
2003-05-23,474.9858703613281,481.9788614386094,461.63560924152586,469.3621314775595,164400
2003-05-26,480.4139404296875,485.10852714045205,475.42592339484116,478.2622374429053,80100
2003-05-27,484.3749694824219,488.0426244759788,479.2402524914421,488.0426244759788,178700
2003-05-28,488.3360900878906,491.22132434007034,480.36505814126133,487.9448794725417,174600
2003-05-29,492.9817810058594,498.75224943967123,486.1354908548547,491.9548494221912,190100
2003-05-30,501.49078369140625,503.20235633199127,490.0966060821463,490.0966060821463,121100
2003-06-02,501.5885314941406,503.2023237573332,489.1185329102927,491.95484713301965,69100
2003-06-03,500.4149169921875,503.69136191784355,492.9329056438702,502.7133204383914,41200
2003-06-04,498.2631530761719,504.571531410942,494.8888986464201,500.9038765296691,33800
2003-06-05,491.9548034667969,498.8010929782632,488.14044813704203,497.8230516194823,87900
2003-06-06,496.79620361328125,497.82313527358514,490.1455033475165,491.95488613480023,55100
2003-06-09,500.1703796386719,503.1534238985432,494.88896190404864,500.7572104641757,131300
2003-06-10,508.14141845703125,509.75521071177104,496.9428618721272,500.2681968002329,216700
2003-06-11,512.3959350585938,518.7532044280805,508.6304396920274,508.6304396920274,108100
2003-06-12,533.5704956054688,537.8739018190502,513.4717559542423,513.4717559542423,259000
2003-06-13,532.641357421875,534.5485502156772,525.2082661733646,530.0984734934145,160900
2003-06-16,530.636474609375,534.9887718034333,521.3450791210155,534.9887718034333,98200
2003-06-17,554.011474609375,556.8967082181894,528.142271766287,528.142271766287,393500
2003-06-18,540.4656982421875,552.5934364782603,536.9447727903803,550.6373535172753,80300
2003-06-19,532.5924682617188,552.5934281762857,528.4357920320741,542.8130135182982,112100
2003-06-20,542.76416015625,548.6812994862357,530.0985103770762,537.9228426335644,162500
2003-06-23,552.1044921875,553.9627951357194,540.9547938880296,540.9547938880296,100100
2003-06-24,565.4546508789062,573.0833617464754,550.637300011296,553.082403474934,257600
2003-06-25,555.7232055664062,565.3080005572868,550.7351579798328,565.3080005572868,144500
2003-06-26,577.6311645507812,606.4833827333886,554.6961439547667,557.434647639898,307600
2003-06-27,564.1343383789062,586.7271333712089,560.9068132928394,579.000581463576,101300
2003-06-30,560.5155639648438,577.044489316451,550.1483478652605,567.3618545160559,221700
2003-07-01,555.3319091796875,565.3079436537356,552.6422952609197,558.4616536786904,139600
2003-07-02,549.5615234375,557.4836354314552,537.9228061180709,554.5495110344475,282000
2003-07-03,543.8399658203125,556.5056152235217,537.92282666597,550.6373662053475,214900
2003-07-04,559.8308715820312,567.2639616847664,542.9107091068897,567.2639616847664,165700
2003-07-07,563.4496459960938,567.068411239249,558.9506792796813,560.4177414300217,151700
2003-07-08,552.9846801757812,566.2860205101433,548.2900332860864,564.3299375377421,61400
2003-07-09,559.781982421875,563.3518574800514,548.7790164554677,557.385828700675,131400
2003-07-10,533.4237670898438,550.148250012254,489.0206666775591,489.0206666775591,130500
2003-07-11,537.2381591796875,546.2850426365375,534.4996550452452,539.3898623192182,187800
2003-07-14,542.5684204101562,545.5514344869499,532.0544762561965,532.0544762561965,320200
2003-07-15,538.705078125,546.7250278608651,535.0374236447169,542.8128630818965,175200
2003-07-16,549.7081298828125,554.549446513579,537.9227435316905,537.9227435316905,221400
2003-07-17,563.1073608398438,568.6333188710785,547.8009883780428,549.6592909978153,364200
2003-07-18,558.9994506835938,569.2199934324868,557.4834987225386,562.3737048516837,227400
2003-07-21,555.0873413085938,567.0683475235224,552.5933478722222,556.5055131668928,78100
2003-07-22,541.3458862304688,566.2859406096502,469.45984713753387,489.02067410159776,105000
2003-07-23,550.6861572265625,554.4516521524433,538.4117505117338,544.6712388824753,88200
2003-07-24,543.546630859375,551.1264534219664,540.9059065437457,547.6544176064737,45100
2003-07-25,552.3977661132812,556.5055518975526,546.7251379801966,547.5075591546033,97300
2003-07-28,562.1782836914062,570.1004562421896,555.5276129402604,570.1004562421896,164200
2003-07-29,564.5255126953125,570.1003606604745,556.5055612098961,556.5055612098961,212100
2003-07-30,586.6293334960938,588.7810369321724,559.4886793850177,572.1543299091708,162200
2003-07-31,624.5282592773438,627.902513696469,586.8247791555785,588.7808617527638,383300
2003-08-01,631.5701293945312,638.6609283695376,603.6470639905551,625.9463922764228,328500
2003-08-04,651.22900390625,654.2120786723899,621.1542233935749,626.2400518745405,241300
2003-08-05,625.9462890625,650.3973159790039,622.0341247558594,630.9342746755109,124500
2003-08-06,632.4505615234375,636.1182171581248,618.1711197687722,625.9465616532924,139800
2003-08-07,642.23095703125,651.1800006909673,625.9465426301713,625.9465426301713,162300
2003-08-08,647.1700439453125,651.3756102708413,621.0563251080844,621.0563251080844,218500
2003-08-11,639.688232421875,654.114349086232,609.3200462301306,654.114349086232,249800
2003-08-12,647.4146728515625,650.3976879022043,641.5953131787159,649.4196462662611,120900
2003-08-13,642.8177490234375,669.9583995147276,637.6830313629232,669.9583995147276,143200
2003-08-14,655.4345092773438,668.9803596406399,640.6171572582151,645.5073645655298,211600
2003-08-15,655.4345092773438,655.4345092773438,655.4345092773438,655.4345092773438,0
2003-08-18,691.817626953125,703.2118342370178,655.3855812989818,656.265842521612,337400
2003-08-19,685.8026123046875,699.2995711087848,667.5621170964047,699.2995711087848,219800
2003-08-20,697.5880737304688,700.2776877546662,675.0442299393607,675.0442299393607,139100
2003-08-21,698.76171875,708.59102328306,688.5411737629735,688.5411737629735,148800
2003-08-22,688.8345947265625,709.0800650752809,684.6779184830177,709.0800650752809,82600
2003-08-25,677.6848754882812,699.2506753230155,667.024200892246,699.2506753230155,176500
2003-08-26,686.9761962890625,694.4092858939105,677.7825846823661,694.4092858939105,145200
2003-08-27,695.6808471679688,713.9702335836836,687.7587355774017,709.0800265043433,179900
2003-08-28,702.5272216796875,718.8605272305767,685.6071150865772,699.2996965576359,242800
2003-08-29,713.5301513671875,717.8335577666353,698.3216182586604,703.2118256694354,227600
2003-09-01,713.6281127929688,722.6749980426964,709.1290853923656,713.9704034920155,150300
2003-09-02,720.0830688476562,723.750724546371,704.1898941532259,704.1898941532259,161600
2003-09-03,712.3566284179688,731.5751711640868,706.2928178032984,713.97042105586,192300
2003-09-04,705.9013671875,721.6967593786994,699.2995878615344,713.9213184558027,89600
2003-09-05,708.4931640625,716.9042956312345,692.6977726887064,695.3873863489873,120300
2003-09-08,705.55908203125,717.7845993959797,693.4313449274745,706.1458829867934,151800
2003-09-09,690.5950927734375,717.6868547920752,687.5631879421289,695.8765408546582,112900
2003-09-10,694.2626342773438,699.2995711503053,674.8485371940009,684.726731034385,173200
2003-09-11,687.9542846679688,700.8643822666486,686.5850029493672,690.4971682083379,51700
2003-09-12,686.9761962890625,694.3115056470967,680.7167084255798,686.5849559120072,49500
2003-09-15,685.900390625,692.3554993877908,670.9363698258823,686.5850315127833,103300
2003-09-16,704.04296875,726.684647527366,680.7167088547062,684.7266540949994,179600
2003-09-17,720.5719604492188,723.3593544026513,701.2556438983236,712.992140030513,147400
2003-09-18,704.4344482421875,722.2837070834508,696.3656052043561,718.9094516922827,69600
2003-09-19,727.2715454101562,729.6188685972797,690.4972134446106,713.9702065362121,137000
2003-09-22,713.97021484375,733.5310426476884,708.1019665025685,729.6188770869007,107700
2003-09-23,723.6528930664062,728.1518598605142,699.3485272057598,709.1289417102663,136200
2003-09-24,746.0987548828125,754.5588357002509,704.2386006935092,704.2386006935092,331500
2003-09-25,745.365234375,750.1576605170201,727.6627111142933,727.6627111142933,115700
2003-09-26,781.1618041992188,789.1817569126284,735.4872515083218,735.4872515083218,322900
2003-09-29,775.1468505859375,801.016062592784,772.7017466097691,787.3234803262407,107300
2003-09-30,772.9951171875,784.3404350141426,761.5520787784881,782.4332420476676,117100
2003-10-01,798.4241943359375,806.8842776094465,773.6308649564511,773.6308649564511,313300
2003-10-02,798.4241943359375,798.4241943359375,798.4241943359375,798.4241943359375,0
2003-10-03,822.8262939453125,832.4600384428278,797.1038146864387,832.4600384428278,212300
2003-10-06,839.5997314453125,843.0717668058197,829.3302957707637,829.3791859064213,96100
2003-10-07,836.3230590820312,860.6763103786607,821.5546599069033,839.1594026191941,75100
2003-10-08,833.3889770507812,841.1155272840265,821.5547010681189,821.5547010681189,44500
2003-10-09,837.6436767578125,844.9300980644184,831.335296977062,831.335296977062,85300
2003-10-10,831.0418701171875,851.8741420186136,816.6646482038374,835.2474366060804,127900
2003-10-13,826.1026611328125,841.1155721768432,812.7523726499496,836.2253653618616,167500
2003-10-14,830.7484741210938,840.1376486447451,818.620735641038,821.5548601415436,228700
2003-10-15,872.5108032226562,877.3032304778147,826.4450721892458,831.3352797169928,267400
2003-10-16,869.9678344726562,878.232296328776,857.0087857860202,860.6764410746908,170300
2003-10-17,845.95703125,869.478918050169,841.1157137493199,869.478918050169,110800
2003-10-20,859.6495971679688,869.4300122681335,846.0059061642555,846.0059061642555,97700
2003-10-21,847.6196899414062,872.364127955005,837.5458147344225,855.786312589292,109400
2003-10-22,837.7415161132812,859.6985618562155,809.9162208013626,859.6985618562155,306400
2003-10-23,838.4749755859375,870.4569449401371,816.664661825859,859.6984883172814,110400
2003-10-24,838.4749755859375,838.4749755859375,838.4749755859375,838.4749755859375,0
2003-10-27,860.9208374023438,871.4347811706768,835.2472537819955,842.0935427474217,132300
2003-10-28,857.35107421875,862.6325216989526,846.152547855117,855.8840121070172,101600
2003-10-29,878.4278564453125,882.6823124111044,850.944858879059,860.6763821847887,128800
2003-10-30,879.650390625,884.1493568371385,870.4567783020501,884.1493568371385,140900
2003-10-31,897.8419189453125,903.7101667815564,876.5206304126073,879.2591341305402,192700
2003-11-03,927.4765625,934.0294512171536,893.9297574999773,897.8419227406774,184900
2003-11-04,907.3779296875,941.7561095649423,888.1593918581916,926.2052270698598,171900
2003-11-05,898.8200073242188,929.1392893993557,890.0665252377382,919.3588758267309,204100
2003-11-06,886.2034301757812,909.0896264683364,881.2154421172363,909.0896264683364,172400
2003-11-07,897.0107421875,905.6663851655992,872.4618659087201,885.1275146596838,122200
2003-11-10,881.89990234375,909.5784607701396,876.3250546774677,909.5784607701396,32800
2003-11-11,901.5585327148438,904.6882770718036,876.3250770338768,880.2372425563494,143100
2003-11-12,904.4927978515625,914.4688334279417,896.8640858325375,904.6395279594913,63300
2003-11-13,919.4078979492188,924.2492153016868,887.0836383900846,904.5906050764108,118600
2003-11-14,919.4078979492188,919.4078979492188,919.4078979492188,919.4078979492188,0
2003-11-17,903.3678588867188,913.9795829758934,890.9956127244932,901.7540668847231,97000
2003-11-18,914.4198608398438,926.2052483117981,901.9009422842212,914.3709707065817,223200
2003-11-19,903.4657592773438,909.5785181357832,897.8420211275795,904.6883110490317,203800
2003-11-20,903.4657592773438,928.1613050654389,895.0546269660954,899.7981039622802,153900
2003-11-21,904.639404296875,910.2631423433185,894.9078804340475,904.6882944278622,164000
2003-11-24,907.3779296875,914.2731097768625,891.973777283751,913.9308191569659,95700
2003-11-25,910.116455078125,913.490710003738,899.8470199014234,899.8470199014234,86100
2003-11-26,910.116455078125,910.116455078125,910.116455078125,910.116455078125,0
2003-11-27,928.4058227539062,938.9197680734791,906.6444010459533,917.3539665895236,174900
2003-11-28,960.2899780273438,970.2171226664628,923.8090437209039,930.8020639971203,218800
2003-12-01,987.1862182617188,990.2670730335685,958.480722541133,958.480722541133,224600
2003-12-02,980.144287109375,987.8218888027974,959.7520865582302,978.2370942959709,180300
2003-12-03,993.4945068359375,998.5803343858964,978.0414636492619,978.0414636492619,172900
2003-12-04,985.3768310546875,994.619335354432,958.6763095070278,994.619335354432,78000
2003-12-05,983.6651611328125,992.4186438072048,958.5294846239937,958.5294846239937,124700
2003-12-08,953.2969360351562,987.5283840123452,940.8757986873089,987.5283840123452,116400
2003-12-09,964.642333984375,967.2830580129793,949.0425598863351,966.0605061196362,106200
2003-12-10,1001.31884765625,1004.9376130436625,962.441699122444,977.9436922792875,267700
2003-12-11,1009.82763671875,1026.943359375,982.9315011160714,1007.3825334821429,315600
2003-12-12,990.169189453125,1017.163109638647,985.3767624624394,996.6242391555589,115800
2003-12-15,1015.2072143554688,1021.075464149431,997.6024649735821,997.7002452588453,137900
2003-12-16,1035.2080078125,1041.5652777460773,997.8957593269934,1007.3827740899305,214000
2003-12-17,1067.6297607421875,1074.8672895726834,1017.3584186803921,1017.3584186803921,315700
2003-12-18,1055.7469482421875,1074.8677091129175,1051.394710915729,1065.0872931974225,172700
2003-12-19,1076.0411376953125,1100.296613009132,1034.767836945477,1066.0651628266257,126600
2003-12-22,1083.62109375,1085.5283464172858,1037.7020904714088,1037.7020904714088,100000
2003-12-23,1132.9141845703125,1158.0009693121751,1080.7357019340823,1080.7357019340823,223300
2003-12-24,1121.129150390625,1146.2647721258422,1091.4944417170989,1091.4944417170989,195100
2003-12-25,1121.129150390625,1121.129150390625,1121.129150390625,1121.129150390625,0
2003-12-26,1126.263671875,1143.3304473059727,1116.923328334834,1134.5280743155931,59000
2003-12-29,1132.1314697265625,1163.7710739430743,1124.9917222770005,1163.7710739430743,97300
2003-12-30,1116.4344482421875,1183.723755778292,1109.0991364928957,1140.3964666232068,103300
2003-12-31,1111.3485107421875,1126.7037132448916,1103.2307192189562,1119.8574233206605,67400
2004-01-01,1111.1529541015625,1139.41837808833,1080.7358865129654,1100.3456668703336,88900
2004-01-02,1099.2208251953125,1127.6818079178763,1088.9513898239875,1127.6818079178763,144200
2004-01-05,1084.697021484375,1123.4762731690546,1046.5044514579424,1123.4762731690546,192400
2004-01-06,1084.0611572265625,1096.3844555068367,1073.8895023608445,1090.5162068600562,162500
2004-01-07,1038.68017578125,1100.2967963784429,1024.0095518295375,1027.1392371832987,266800
2004-01-08,1070.1728515625,1080.4422862571112,1036.72388345598,1051.3945044482816,279600
2004-01-09,1089.146728515625,1105.186629135014,1056.2845658989515,1105.186629135014,220700
2004-01-12,1050.5147705078125,1100.2971266027482,1037.8491757842037,1100.1993462916928,313800
2004-01-13,1039.0223388671875,1075.845624341948,1002.4925135913608,1075.845624341948,309800
2004-01-14,1053.546142578125,1065.0870787911094,1029.0462772756366,1063.1309960017777,290700
2004-01-15,1025.329833984375,1079.757870062504,1010.3169200856582,1066.0652883769287,498600
2004-01-16,1010.9035034179688,1080.7356788525578,979.0193796664348,1080.7356788525578,292600
2004-01-19,1034.2786865234375,1041.3694860291537,982.9315176889405,982.9315176889405,328400
2004-01-20,1049.3409423828125,1073.8897646736102,997.6025136312226,1073.8897646736102,408800
2004-01-21,1021.4173583984375,1049.4382641667783,988.7997064982411,1007.3824902998896,219100
2004-01-22,933.8338623046875,1022.0532033772872,910.5564902815831,1022.0532033772872,226200
2004-01-23,957.5027465820312,972.1733708912554,929.1395395841979,956.5247049614163,279200
2004-01-26,957.5027465820312,957.5027465820312,957.5027465820312,957.5027465820312,0
2004-01-27,977.1610717773438,1015.2069035033606,958.6761264033299,968.3586997816499,391600
2004-01-28,974.0315551757812,989.6802191990416,959.4587129261536,985.8658334654056,209500
2004-01-29,976.9166870117188,998.5803291969439,958.6273594924457,977.9925684330905,232400
2004-01-30,977.1123657226562,996.3309054116947,783.8024956842206,975.2051728253223,192600
2004-02-02,977.1123657226562,977.1123657226562,977.1123657226562,977.1123657226562,0
2004-02-03,981.7579345703125,1007.382630907126,958.4805614456151,978.0413892302195,282100
2004-02-04,1008.7518310546875,1024.7917324173284,981.9534752815907,981.9534752815907,357100
2004-02-05,999.7540283203125,1046.2109396468343,984.9855659260221,1021.0753209764312,201400
2004-02-06,1008.2630004882812,1046.5043990426202,982.9317019045171,1017.0653739381725,145100
2004-02-09,1009.63232421875,1021.9556236803464,1004.4976061605986,1017.6522170488809,122900
2004-02-10,989.9246826171875,1022.0533205379511,982.0514011480221,1016.1850718075897,112100
2004-02-11,996.966552734375,1005.4266353632081,987.8218888296111,987.8218888296111,71500
2004-02-12,987.7239990234375,1006.3556154047195,980.4864690398437,1001.9544292594035,114600
2004-02-13,999.3136596679688,1004.4483762945964,983.1759788414246,1004.4483762945964,100500
2004-02-16,985.6211547851562,1011.8327103041591,969.2878525609733,993.2009751270912,153600
2004-02-17,971.7818603515625,992.7119690951771,963.4685088862334,989.7778450485904,262700
2004-02-18,958.9207763671875,985.3767863342508,948.7491211464167,972.2710066876707,576600
2004-02-19,928.650390625,976.0854026790416,923.3200525892227,958.725166308748,283300
2004-02-20,893.3431396484375,931.095518079142,881.2154010391879,931.095518079142,468500
2004-02-23,844.3432006835938,950.7052120037665,834.3182754787039,929.1394092336938,509900
2004-02-24,885.3232421875,889.4799188650919,846.0059590863525,846.0059590863525,462100
2004-02-25,885.4209594726562,892.4628702232641,870.456936436937,890.0177664692277,186000
2004-02-26,851.2874145507812,896.8152381308912,836.7634612803693,886.1056708979419,362400
2004-02-27,885.6654663085938,903.5147236417264,869.4788914605442,880.2373479353091,339200
2004-03-01,911.1433715820312,914.468736319339,876.4229008447729,885.1274934427826,181300
2004-03-02,911.1433715820312,911.1433715820312,911.1433715820312,911.1433715820312,0
2004-03-03,946.2550659179688,964.3488320362968,912.5126372108164,929.1393412114421,507700
2004-03-04,903.6124267578125,940.8757782989669,892.1204409002107,940.8757782989669,321600
2004-03-05,906.39990234375,909.5785370161182,893.4408532948644,909.5785370161182,225600
2004-03-08,902.0966186523438,911.5347436854238,896.9619004073347,909.5786605444679,183600
2004-03-09,888.8929443359375,901.8519934956824,880.5795920447804,901.7542132290456,124100
2004-03-10,878.7213134765625,899.7980938444812,875.3470586856637,893.8809552750294,106100
2004-03-11,835.833984375,879.7480580663896,824.048599871845,879.7480580663896,266200
2004-03-12,852.1673583984375,860.6274393789105,833.2911735653394,833.2911735653394,192100
2004-03-15,834.07373046875,859.6984282087205,828.4011020395749,852.8521381092199,169900
2004-03-16,799.5,838.9639488644191,775.5868744661897,826.4450301688906,240700
2004-03-17,831.3353271484375,836.2255349551931,802.9721218692556,806.88428811466,304300
2004-03-18,810.9920043945312,831.3352551703041,797.103803486821,831.3352551703041,252600
2004-03-19,825.4669799804688,846.886111514325,793.387232507888,811.7743997438258,219700
2004-03-22,832.5089721679688,849.8203193936688,822.0439157336255,826.4451026709262,213700
2004-03-23,843.9030151367188,853.8301594249502,833.2912896106044,833.2912896106044,129200
2004-03-24,853.4389038085938,860.431923713327,829.379109188862,829.379109188862,92100
2004-03-25,842.2891845703125,854.6124811465482,839.159440452488,849.9178948172633,193700
2004-03-26,850.16259765625,855.7863364385605,841.1157135281852,850.8961288017688,78000
2004-03-29,874.02685546875,878.2813123353915,851.8741904723006,855.78635667424,71900
2004-03-30,861.1654663085938,879.1125024042385,854.8081971081328,870.4568597554213,48400
2004-03-31,890.8489379882812,899.7491500724292,852.9987855748881,870.3590195026762,99300
2004-04-01,894.125732421875,907.427075639252,876.9121627168207,907.427075639252,111100
2004-04-02,899.7002563476562,908.3070082370622,849.9179280532273,886.1054577862186,69000
2004-04-05,892.658447265625,929.1393815715024,881.2153503114986,894.9079306714997,111300
2004-04-06,873.0487670898438,898.7223564129959,864.5886842539626,898.7223564129959,144300
2004-04-07,858.0845947265625,890.0176701773737,850.0157532112181,890.0176701773737,107100
2004-04-08,866.2025146484375,908.6983718481591,853.8302652770512,908.6983718481591,89400
2004-04-09,866.2025146484375,866.2025146484375,866.2025146484375,866.2025146484375,0
2004-04-12,863.6593627929688,880.2371748584503,855.7861422234934,880.2371748584503,52200
2004-04-13,869.4298706054688,877.7921122146042,841.2622916455301,864.5885539807356,66600
2004-04-14,869.4298706054688,869.4298706054688,869.4298706054688,869.4298706054688,0
2004-04-15,887.3771362304688,930.5088068256354,871.4350700087984,871.4350700087984,99300
2004-04-16,887.3771362304688,887.3771362304688,887.3771362304688,887.3771362304688,0
2004-04-19,910.0187377929688,946.6464043971482,900.8740138286335,927.1833544087035,141800
2004-04-20,901.509765625,917.2073199873796,894.9079854048007,913.4907741727692,32600
2004-04-21,895.5436401367188,909.7252405689275,888.2572196998087,901.754179206653,173700
2004-04-22,899.9448852539062,904.6394723852973,891.973823371035,892.9518648440295,91600
2004-04-23,900.140380859375,914.2730910636415,894.9078832342752,904.6882972586935,127600
2004-04-27,880.6284790039062,907.4267768947033,876.3250730706852,907.4267768947033,110300
2004-04-28,899.7982788085938,903.7104452381964,880.5308472038166,880.5308472038166,141400
2004-04-29,917.256103515625,929.0415501467382,880.2372603873007,894.9078813937558,198000
2004-04-30,900.58056640625,919.3589744184608,890.1155108222912,905.6663939483986,81000
2004-05-03,894.9567260742188,904.6882494532649,882.2910786428918,894.9078359456621,101000
2004-05-04,902.1942138671875,929.1392398848678,890.1643177529221,929.1392398848678,37100
2004-05-05,914.028564453125,921.9996256191904,895.3968880070341,904.6882811649443,41700
2004-05-06,916.8161010742188,926.2052753412115,912.1214542458082,926.2052753412115,38600
2004-05-07,909.3828735351562,918.7721067069649,885.127458974075,913.4906593168907,51800
2004-05-10,911.7304077148438,925.7163909052249,885.2254440653156,914.468912304686,177200
2004-05-11,890.4578247070312,909.5785225704714,885.1274870175017,909.5785225704714,105600
2004-05-12,909.4807739257812,916.327064118635,865.5666886679397,885.1275177903791,84900
2004-05-13,912.757080078125,924.2490658171209,870.456792145225,907.4267428389286,106900
2004-05-14,894.8590087890625,929.2371288705589,870.6524836543126,899.798106018989,220000
2004-05-17,829.57470703125,938.9197209249912,754.0699008678836,911.5345623980123,95800
2004-05-18,858.3290405273438,879.2591487014242,748.2993917743847,748.2993917743847,153100
2004-05-19,851.2383422851562,902.732247910106,831.2863327528444,878.2812119428767,199100
2004-05-20,843.9520874023438,898.820195131419,827.4231611329494,870.4569898443557,184800
2004-05-21,845.4190673828125,850.8960757163546,821.7993420927206,841.066770918614,126400
2004-05-24,857.3021850585938,880.1883779055194,846.0547088558989,880.1883779055194,98900
2004-05-25,860.725341796875,865.5666587764714,853.2433607328725,855.7862445530084,136900
2004-05-26,859.20947265625,865.566742516541,850.9939000357534,865.566742516541,192500
2004-05-27,875.1513671875,878.1833311171969,853.8300782045351,853.8300782045351,244000
2004-05-28,859.7962036132812,870.4568791573301,851.9718721152378,870.4568791573301,135500
2004-05-31,850.9938354492188,864.5886353812555,832.557778131554,859.6984281675606,195200
2004-06-01,876.4229125976562,882.6824017065596,850.8960548307002,850.8960548307002,294800
2004-06-02,879.2103881835938,885.1275271164948,862.6814635230108,880.2373197843594,85000
2004-06-03,873.293212890625,896.6683671480456,864.5886203238794,896.6683671480456,104800
2004-06-04,867.7183227539062,870.456826674124,853.83012324327,861.7522345294194,124100
2004-06-07,869.1365966796875,882.1934267339815,862.8282171105113,878.2812607617687,180400
2004-06-08,870.2123413085938,873.8799965824429,841.262339558309,870.4568516601837,96500
2004-06-09,871.5327758789062,877.3032447333802,862.1436011510309,866.5447879975194,49600
2004-06-10,870.94580078125,873.3909040961889,864.5885321624087,865.6643537430198,47700
2004-06-11,874.6135864257812,878.2812419461577,861.8501571538538,878.2812419461577,64400
2004-06-14,866.7892456054688,871.4349425494755,855.9330092563869,855.9330092563869,99900
2004-06-15,872.5596923828125,874.3201550314092,857.7423407260566,869.4788379765841,51700
2004-06-16,865.3220825195312,870.4567995957985,855.7861793778918,855.7861793778918,70700
2004-06-17,881.2152709960938,885.2252167197778,861.6544436709862,865.5666091360077,99300
2004-06-18,878.0855712890625,888.8440268643672,841.1156177056342,871.4349015996745,61100
2004-06-21,879.992919921875,884.1495966761601,874.3691807837247,880.188540178708,54100
2004-06-22,879.79736328125,884.8343017080326,866.5449107277287,866.5449107277287,63400
2004-06-23,879.8460693359375,885.1275170726789,873.3910196087318,880.2373097960342,91700
2004-06-24,880.775146484375,903.7102286193788,873.3909460574732,903.7102286193788,188200
2004-06-25,870.1635131835938,888.0616602563861,841.164559540648,841.164559540648,31200
2004-06-28,879.2103881835938,888.0616515157759,865.5666977879534,888.0616515157759,53300
2004-06-29,882.5845947265625,891.9737684108175,841.1156149487972,841.1156149487972,150600
2004-06-30,864.3929443359375,896.8639295135786,855.786192283949,889.5286192940018,187400
2004-07-01,878.3790283203125,880.2373310081845,865.5667088247147,878.2812480503885,95400
2004-07-02,874.9558715820312,889.0396925700168,870.4569047165181,875.3471120463862,48300
2004-07-05,881.2152709960938,885.1274364611153,863.610526403497,880.2372296298383,68200
2004-07-06,879.69921875,885.0784456525078,865.5665106762494,870.9457375787572,128400
2004-07-07,885.812255859375,899.798238276206,841.1157444755838,890.017822642769,177700
2004-07-08,889.5286254882812,896.8639357589377,880.0905023954067,880.237232478783,168800
2004-07-09,894.7122802734375,896.863983339297,855.7862436443672,860.6764507509065,101500
2004-07-12,894.7611694335938,897.8420237853313,880.237278220913,896.8639823650858,115300
2004-07-13,871.6304931640625,893.9298247752736,865.5666246456424,893.9298247752736,87800
2004-07-14,844.7343139648438,885.1274092085281,832.4599071352426,885.1274092085281,229800
2004-07-15,822.77734375,826.4449990713224,814.7085020430907,826.4449990713224,197900
2004-07-16,833.6334838867188,836.225317227432,822.5327389336495,822.5327389336495,111700
2004-07-19,834.6604614257812,840.8221096186865,815.9309468294691,840.8221096186865,86200
2004-07-20,813.7305297851562,840.137650343088,808.8403222744281,833.2913598280686,132900
2004-07-21,823.9512939453125,839.1109412491264,811.7746620751982,816.4692505915865,85100
2004-07-22,825.2225341796875,833.2913767361111,817.6427123842593,833.2913767361111,108500
2004-07-23,813.6815185546875,827.3740975469585,787.3232920555844,787.3232920555844,127200
2004-07-26,814.4641723632812,829.3793073119933,808.9382132420183,828.4012656760123,120600
2004-07-27,814.4641723632812,814.4641723632812,814.4641723632812,814.4641723632812,0
2004-07-28,791.7735595703125,806.8843141191647,784.9272684202105,804.9282309334213,138200
2004-07-29,796.8592529296875,802.8252817585301,783.411183303688,792.2135561497968,293400
2004-07-30,805.6126708984375,812.6545805483671,792.2134924816796,799.0597819228793,190300
2004-08-02,833.829345703125,839.1596843081693,803.9501870644699,831.3353515873472,292000
2004-08-03,829.5259399414062,846.0059156928315,828.3522781771842,842.0937496087029,273600
2004-08-04,820.9189453125,836.2253156107042,816.6644895145474,836.2253156107042,99400
2004-08-05,823.4618530273438,828.3031692164427,812.2143785068661,821.310150310533,323200
2004-08-06,835.6875,844.5387628775105,823.5108724294892,823.5108724294892,278100
2004-08-09,850.0158081054688,857.1555585118182,827.4719644153889,836.225447412077,263700
2004-08-10,871.337158203125,874.2712825750809,841.653564156557,854.5148331982621,331500
2004-08-11,856.4219360351562,880.2372191417509,851.140488842343,877.9877359651477,154500
2004-08-12,856.4219360351562,856.4219360351562,856.4219360351562,856.4219360351562,0
2004-08-13,844.0497436523438,851.7762947317606,838.1814951449114,848.6954403873942,139500
2004-08-16,849.7713623046875,850.8961339459165,831.3353032804931,845.8103060339229,69000
2004-08-17,850.16259765625,879.2593330951611,847.3262533489439,850.8961288017688,105000
2004-08-18,846.3482666015625,855.7863918294212,836.2255600161773,855.7863918294212,65600
2004-08-19,850.3582153320312,860.2853009877814,838.1815864142181,839.1596279386222,84600
2004-08-20,838.8173828125,850.7983921367558,836.274438894073,850.7983921367558,69800
2004-08-23,843.3162231445312,846.0058370774365,833.6335891081081,846.0058370774365,38500
2004-08-24,854.4168090820312,862.0455785608086,832.7043411652045,836.2252657747168,135200
2004-08-25,863.0726318359375,864.3929638272707,836.2253838879224,836.2253838879224,86600
2004-08-26,885.71435546875,890.0177619318814,862.632600026285,864.5886830195419,384400
2004-08-27,882.7802124023438,885.127535822823,876.3251625383972,885.127535822823,167000
2004-08-30,910.0676879882812,919.3590829758026,890.0178356467876,890.0178356467876,186500
2004-08-31,912.317138671875,922.2931743418093,901.754301954558,914.4688420038088,115500
2004-09-01,912.7083129882812,928.1613562963826,910.5566098123627,919.3589830543726,138600
2004-09-02,907.5734252929688,919.1143005543514,905.2749924488361,913.4905631473948,72100
2004-09-03,902.53662109375,911.192323579899,897.8420341613007,904.7372143147336,72400
2004-09-06,905.2262573242188,915.4468024745896,900.7761806400609,900.7761806400609,121300
2004-09-07,892.658447265625,913.4907183029297,889.039681945785,913.4907183029297,192700
2004-09-08,895.7392578125,897.7442905850447,885.127531724487,895.8859879111934,288900
2004-09-09,891.5337524414062,904.6884230726351,887.5726961496393,904.6884230726351,154600
2004-09-10,891.5337524414062,891.5337524414062,891.5337524414062,891.5337524414062,0
2004-09-13,898.3800048828125,903.0745921281357,893.9299280116718,901.7542599855158,79700
2004-09-14,895.6904296875,898.3311537824036,880.3351655826114,895.1525187799074,116900
2004-09-15,904.7371826171875,914.4687064591302,891.2891134045532,891.9737543216329,204900
2004-09-16,912.0235595703125,914.3708826900647,901.9008554680578,901.9008554680578,96100
2004-09-17,919.4566650390625,924.0534714019458,909.9207617128834,909.9207617128834,77900
2004-09-20,923.6134033203125,935.7900310994161,917.4028640990988,924.2491541296891,140100
2004-09-21,939.4575805664062,943.5164759335123,921.3149259695746,926.2051325830012,205200
2004-09-22,967.380859375,975.1074113873302,939.0176548311359,943.8100822354801,312100
2004-09-23,947.3311157226562,965.3271059114372,938.9688715769981,963.273242330021,177100
2004-09-24,968.945556640625,973.1511224166102,948.7000891900622,949.6781305191241,184000
2004-09-27,965.81591796875,982.9805332301237,961.4147315071202,969.2390629944621,186000
2004-09-28,957.893798828125,999.4605595340488,954.6662143585594,999.4605595340488,189000
2004-09-29,969.825927734375,975.3029959525236,938.0395789774154,961.4147947104997,134600
2004-09-30,1004.7909545898438,1012.2729962663011,971.1952514902773,972.1732930325636,392300
2004-10-01,1015.060302734375,1022.0533230330931,987.8218720224153,1004.4485767990302,109300
2004-10-04,1008.4584350585938,1036.674904770311,1002.8346971681028,1022.0532340109611,177400
2004-10-05,1007.8226318359375,1012.3705478582074,998.824699435381,1007.382560997251,52400
2004-10-06,996.1350708007812,1009.5831387669184,993.6899675342108,999.3137050473227,69900
2004-10-07,1006.7470703125,1016.1851953795077,989.7780728816765,1004.4486964915827,117000
2004-10-08,1006.7470703125,1006.7470703125,1006.7470703125,1006.7470703125,0
2004-10-11,989.04443359375,1004.4485867004017,983.9097158915328,992.8098693640771,64000
2004-10-12,973.6891479492188,1007.3826876448669,971.7330650605879,1007.3826876448669,44800
2004-10-14,992.369873046875,1004.4976120282714,958.5295999251941,982.63834777893,57000
2004-10-15,992.369873046875,992.369873046875,992.369873046875,992.369873046875,0
2004-10-18,964.300048828125,974.1293541676404,958.4806898436622,974.1293541676404,50200
2004-10-19,983.6162109375,987.6750467779522,963.3707427796965,970.2170323222932,68300
2004-10-20,960.2410278320312,992.5163938051861,950.6562341183792,984.8876828777859,192300
2004-10-21,935.2522583007812,958.4807457618464,931.5846023858762,958.4807457618464,205800
2004-10-22,935.2522583007812,935.2522583007812,935.2522583007812,935.2522583007812,0
2004-10-25,909.0407104492188,936.9637841441771,905.6664552374823,935.2522114695922,195400
2004-10-26,922.4887084960938,926.2052540708061,896.961790808768,914.468756659138,191300
2004-10-27,927.4765625,937.8438362047979,914.468625013653,922.7819761501407,133700
2004-10-28,935.3989868164062,945.2282927125657,931.1444701454367,941.8540373376369,106200
2004-10-29,935.3989868164062,935.3989868164062,935.3989868164062,935.3989868164062,0
2004-11-01,942.3428955078125,952.6123302798229,930.3129981424395,951.6342888729648,65300
2004-11-02,963.9087524414062,972.9556359790437,944.0056325365692,955.0574891354572,73700
2004-11-03,962.6373291015625,970.2660407256908,953.5904453888986,968.2610676256509,39900
2004-11-04,950.26513671875,973.1513326407304,900.9718789024417,964.3489587776485,68500
2004-11-05,951.68310546875,958.2848844549296,930.6063267185202,930.6063267185202,44700
2004-11-08,965.082275390625,968.2609096901127,944.2988972785897,944.2988972785897,102400
2004-11-09,963.664306640625,976.6722470380961,954.1284017323217,976.6722470380961,56400
2004-11-10,975.3029174804688,977.1122702323196,945.7660546115297,945.7660546115297,85300
2004-11-11,963.517578125,975.8897669045343,956.0844271354612,975.8897669045343,46400
2004-11-12,972.9066772460938,978.0413945675735,966.5494081814046,977.063353173006,27000
2004-11-15,972.9066772460938,972.9066772460938,972.9066772460938,972.9066772460938,0
2004-11-16,1004.4486694335938,1012.0774412611762,973.1513399088859,978.0415476471214,425000
2004-11-17,997.6510009765625,1009.3386062730655,979.703967272052,997.6021108512856,139000
2004-11-18,976.9166870117188,1005.4266194069132,974.129292732768,1000.536412114078,97600
2004-11-19,976.9166870117188,976.9166870117188,976.9166870117188,976.9166870117188,0
2004-11-22,964.2511596679688,972.1732721120417,954.8130351100409,954.8130351100409,50000
2004-11-23,968.260986328125,985.8657315340909,953.6392554541881,985.8657315340909,48800
2004-11-24,978.2859497070312,981.9536051045832,963.3708177569865,963.4685980229564,78200
2004-11-25,977.9436645507812,992.5164462616116,973.3957479544159,982.9316520413845,159000
2004-11-26,977.9436645507812,977.9436645507812,977.9436645507812,977.9436645507812,0
2004-11-29,983.4695434570312,1000.5363782707193,981.0733300256118,992.7120468668427,257500
2004-11-30,986.7459106445312,996.6241040887444,960.6810856144938,989.9245449313697,283900
2004-12-01,997.7490234375,1007.3827079805133,979.1172857912499,1001.9056996597496,167500
2004-12-02,1028.0682373046875,1030.7578511437432,1000.5363481287526,1002.4924309207933,264600
2004-12-03,1029.58447265625,1040.4408312787814,1022.05359915526,1032.9098383879327,128000
2004-12-06,1028.166015625,1036.723877824019,1017.6520706376338,1017.6520706376338,83300
2004-12-07,1017.9456787109375,1031.7360404944477,1009.3878152685314,1021.1243137038313,107100
2004-12-08,999.4605102539062,1024.9873663978747,995.6461249933553,1024.9873663978747,128900
2004-12-09,1008.0671997070312,1014.2289081392134,998.7269761888194,1010.3167426304798,169300
2004-12-10,997.4555053710938,1010.1212132297006,992.7609185549692,1009.3387323479215,50400
2004-12-13,997.4555053710938,997.4555053710938,997.4555053710938,997.4555053710938,0
2004-12-14,1000.536376953125,1004.3507623854562,993.6900869837488,1004.3507623854562,104000
2004-12-15,1034.8167724609375,1037.7019468947726,1000.5852630569624,1026.8457110078625,241900
2004-12-16,1062.1041259765625,1067.7278646376076,1036.6750468135763,1036.7239966448226,376000
2004-12-17,1039.364501953125,1064.0600462084685,1036.723838046103,1061.1748719622847,54800
2004-12-20,1037.408447265625,1046.504279884096,1029.8775763719186,1038.6799488195418,82300
2004-12-21,1074.28076171875,1085.4304582217926,1037.799767566733,1041.6141531322248,217200
2004-12-22,1095.7486572265625,1109.979207334497,1080.7357456335087,1080.7357456335087,280900
2004-12-23,1107.827392578125,1116.923224915234,1096.3843565061097,1105.1867286814488,325900
2004-12-24,1099.465087890625,1116.580809653932,1096.5797945880731,1111.2015828140354,80700
2004-12-27,1106.01806640625,1114.6248782728023,1090.516134471325,1099.4652369415867,66100
2004-12-28,1106.01806640625,1106.01806640625,1106.01806640625,1106.01806640625,0
2004-12-29,1101.91064453125,1109.7838081489792,1080.7360190137795,1095.406643706274,87200
2004-12-30,1106.8983154296875,1112.9132937056117,1082.6917916330144,1082.6917916330144,121200
2004-12-31,1106.360595703125,1117.9015341882139,1097.362660856672,1117.9015341882139,79700
2005-01-03,1118.2435302734375,1134.332381778571,1100.4920562639777,1123.7694876634084,389100
2005-01-04,1105.8712158203125,1131.593748967633,1100.8343987935352,1131.593748967633,295200
2005-01-05,1065.1849365234375,1109.0990222157661,1046.504368404647,1095.406441694584,307600
2005-01-06,1049.194091796875,1100.2967637114746,1012.3219724488798,1075.74794423908,152900
2005-01-07,1072.61767578125,1084.5498493820724,1027.0409823100401,1072.5688453578814,98100
2005-01-10,1071.248779296875,1099.318519357277,1052.372532765507,1052.372532765507,106500
2005-01-11,1077.6058349609375,1105.0887686256008,1052.3723244078792,1052.3723244078792,163500
2005-01-12,1056.920654296875,1080.6381625443728,1052.3727370848505,1075.8457349380442,110200
2005-01-13,1082.3006591796875,1095.4064386630862,1061.1749874548648,1068.021277696509,105100
2005-01-14,1048.7537841796875,1124.6497688315058,1025.9653730378875,1027.0411946416614,217200
2005-01-17,1036.4307861328125,1061.0775096625455,985.8660758326573,1028.9488623191855,182000
2005-01-18,1066.50537109375,1075.845715745476,1027.1881481469873,1061.1750923489467,149300
2005-01-19,999.5093383789062,1060.1967903134978,992.7608293965503,1027.2368456030333,216600
2005-01-20,1009.4365234375,1018.2878460245544,979.9975006395651,999.8028393500953,176200
2005-01-24,1009.4365234375,1009.4365234375,1009.4365234375,1009.4365234375,0
2005-01-25,985.1322021484375,997.4066098043554,963.3707809542923,988.7998574058777,220200
2005-01-27,982.3935546875,992.1739672789532,979.0193004044685,987.8216717367764,155800
2005-01-28,1018.581298828125,1036.7240168794492,982.9806231220452,986.8438990861927,222900
2005-01-31,1016.3806762695312,1045.4285803741345,1012.2729497366772,1031.8337796832798,77300
2005-02-01,1023.9117431640625,1047.4825211151087,1003.8129411514361,1022.0534403037242,130500
2005-02-02,1013.2508544921875,1036.5282867432043,1003.470440838788,1003.470440838788,167300
2005-02-03,1037.066162109375,1043.3746006972133,1014.3756496588551,1017.1630437372869,161300
2005-02-04,1053.4482421875,1060.1967509190972,1032.3225743497298,1046.5041729551974,102700
2005-02-07,1042.4453125,1065.9672538993912,1041.6140012595856,1065.9672538993912,47600
2005-02-08,1046.259765625,1065.8695430381188,1027.2857389864619,1065.8695430381188,73100
2005-02-09,1049.4384765625,1060.1969325198042,1039.8047921514244,1039.8047921514244,62300
2005-02-10,1047.2867431640625,1074.8674619476483,1036.8705787312838,1074.8674619476483,51600
2005-02-11,1062.837646484375,1066.0652311787385,1040.6361522698878,1056.1870359421127,134500
2005-02-14,1055.208740234375,1074.8673456999718,1046.553098953605,1063.6198711999266,67600
2005-02-15,1044.8419189453125,1081.7140405648668,1041.614333816983,1081.7140405648668,76500
2005-02-16,1022.9336547851562,1047.482473182522,1012.517488666859,1047.482473182522,114900
2005-02-17,1015.2072143554688,1026.8947641058378,1004.4487563998713,1022.0535057817581,60300
2005-02-18,1014.2291259765625,1028.8997497852881,1012.2730428020658,1017.1632507383076,62600
2005-02-21,1005.1820068359375,1021.9064901989326,1004.4484758165972,1017.1630134851617,71500
2005-02-22,1028.1171875,1031.6382324476742,1004.7909213657387,1009.3388382649572,109700
2005-02-23,1017.2608642578125,1033.7897882506647,1008.5074412428395,1031.6381448673776,84400
2005-02-24,990.804931640625,1023.3737017175354,980.2420953582373,1023.3737017175354,209800
2005-02-25,997.2109985351562,1020.5862121303365,989.9246377809063,1020.5862121303365,181200
2005-02-28,1010.7081909179688,1016.52749055306,987.8219941072194,992.7610921387715,170300
2005-03-01,1021.2218627929688,1026.94338060696,1000.5362651056382,1019.1190500880498,71500
2005-03-02,1021.5153198242188,1026.943497495481,1001.5144204146405,1004.5463249578531,90100
2005-03-03,1065.5272216796875,1068.3635657938853,1018.6301813917081,1022.2488870406255,143400
2005-03-04,1077.99755859375,1084.6482901849129,1048.5585260834753,1068.36387132806,183800
2005-03-07,1085.4793701171875,1107.1430139230663,1066.0652695902315,1081.8117143731845,89100
2005-03-08,1064.9892578125,1090.5161133593617,1059.1210096688621,1080.735699786632,75300
2005-03-09,1071.786865234375,1075.84576175898,1057.5074817289974,1067.190117462797,73300
2005-03-10,1071.786865234375,1071.786865234375,1071.786865234375,1071.786865234375,0
2005-03-11,1097.606689453125,1103.2304261110492,1073.8891913740533,1085.6256852688516,225600
2005-03-14,1085.039306640625,1098.8296684548818,1067.238879006831,1098.8296684548818,90400
2005-03-15,1065.087158203125,1085.626029022469,1060.196950865186,1073.8895314114154,65900
2005-03-16,1068.8524169921875,1072.8623624673555,1051.4921838170535,1061.1748166208645,39200
2005-03-17,1068.8524169921875,1068.8524169921875,1068.8524169921875,1068.8524169921875,0
2005-03-18,1053.9373779296875,1063.1309908731596,1033.0562181322675,1052.470315844766,67100
2005-03-21,1037.3106689453125,1060.9793420937451,1032.8117024527432,1060.9793420937451,59300
2005-03-22,1036.6258544921875,1041.3203804495465,1028.4102848295709,1038.679717060394,59600
2005-03-23,1015.3538208007812,1036.7240039861133,1010.4636132348089,1036.7240039861133,104400
2005-03-24,998.09130859375,1018.9236394197902,989.2889354655347,1004.497527904104,48200
2005-03-28,999.0692749023438,1019.1191232973491,987.8217989734383,987.8217989734383,112700
2005-03-29,996.2330322265625,1065.9674378268423,988.0175195737705,1065.9674378268423,36400
2005-03-30,1008.3118286132812,1017.0653716022448,987.8219071079156,997.6023220297761,89100
2005-03-31,1058.3387451171875,1073.8896297538863,1007.3828038674891,1012.2730116532535,245500
2005-04-01,1065.429443359375,1070.955401500792,1030.4644610729335,1059.2189039500984,142700
2005-04-04,1041.2230224609375,1071.9335513690025,1036.7240551561522,1070.9555098075346,54400
2005-04-05,1061.6640625,1070.4664361181483,1033.8876596492098,1040.6361699677568,113700
2005-04-06,1044.6949462890625,1070.3685330636647,1040.6850004231837,1070.3685330636647,65600
2005-04-07,1014.8646850585938,1055.2577233430366,1010.3167686595582,1055.2577233430366,155600
2005-04-08,1032.5181884765625,1045.5261859737886,1018.1899784463011,1018.1899784463011,32100
2005-04-11,1032.5181884765625,1032.5181884765625,1032.5181884765625,1032.5181884765625,0
2005-04-12,1056.1380615234375,1060.1969575173598,1038.2399741881761,1041.2229290491389,54400
2005-04-13,1061.6640625,1066.0652493090743,1045.526377533395,1050.4165850990328,76800
2005-04-15,1048.7537841796875,1059.2187788370181,1025.085111947595,1025.085111947595,91000
2005-04-18,1046.8955078125,1050.3674830470407,1036.7238536720936,1046.5042673859814,153900
2005-04-19,1037.5062255859375,1048.4602400393828,1026.992281947483,1046.504157501996,55800
2005-04-20,1056.2847900390625,1058.2408729835793,1027.1391064098311,1036.7239605938946,73200
2005-04-21,1057.7027587890625,1060.6858326303009,1044.548150529425,1044.548150529425,27900
2005-04-22,1056.4315185546875,1060.1969543392738,1037.702000511042,1037.702000511042,80800
2005-04-25,1048.8023681640625,1070.906073535091,1040.6846985250759,1070.906073535091,19000
2005-04-26,1057.9473876953125,1061.17497223315,1043.814736512285,1048.4604333953334,44800
2005-04-27,1066.7496337890625,1070.955259275475,1046.8465165471564,1052.3724739547135,86400
2005-04-28,1072.3245849609375,1079.8066253404372,1056.382462829188,1060.1968480608757,214800
2005-04-29,1058.9251708984375,1068.118782155496,1051.3943013331789,1068.118782155496,139800
2005-05-02,1080.14892578125,1083.669850877256,1055.306650809169,1056.2846921908272,96900
2005-05-03,1067.4833984375,1099.318698539943,1062.2020695969536,1085.626116885531,165200
2005-05-04,1065.7227783203125,1085.4303353529701,1057.5072071222787,1085.4303353529701,107300
2005-05-05,1085.7728271484375,1092.9614085076348,1070.9554741081522,1072.911557165884,86400
2005-05-06,1090.36962890625,1096.3846084864408,997.6024091491255,1041.7120604207903,86400
2005-05-09,1098.1448974609375,1107.1428303046605,1078.3395597280141,1100.2965407179709,77200
2005-05-10,1096.482177734375,1102.9861768515875,1091.4941905265987,1091.4941905265987,73900
2005-05-11,1100.394287109375,1109.5878995779346,1076.8235147071891,1100.296506853395,248400
2005-05-12,1115.1632080078125,1123.770023568286,1096.8738741791408,1116.9237309965038,123800
2005-05-13,1115.2608642578125,1119.8576119395316,1106.751830856332,1119.8576119395316,36500
2005-05-16,1164.1138916015625,1168.7595887115037,1112.0331818953805,1112.0331818953805,107300
2005-05-17,1150.61669921875,1162.8911659253592,1139.4181735097086,1146.2644629642734,195000
2005-05-18,1150.61669921875,1150.61669921875,1150.61669921875,1150.61669921875,0
2005-05-19,1196.8289794921875,1212.4776388335047,1159.2233427685035,1159.2233427685035,198600
2005-05-20,1189.4453125,1209.8374559268616,1183.7726234794095,1202.9911647453837,105800
2005-05-23,1188.515625,1202.892902352699,1173.6494464344155,1187.3420233094837,39900
2005-05-24,1181.1806640625,1198.1008296576795,1163.8693773817458,1163.8693773817458,304600
2005-05-25,1186.9019775390625,1200.790115192002,1179.5177185270247,1179.5177185270247,187900
2005-05-26,1205.289306640625,1222.5517613894076,1163.9670571056631,1179.5179393885005,541300
2005-05-27,1205.289306640625,1205.289306640625,1205.289306640625,1205.289306640625,0
2005-05-30,1202.306396484375,1208.8592264120705,1181.4740659431886,1184.4081902791402,151700
2005-05-31,1203.52880859375,1210.8151687596833,1183.6745218024284,1202.9908381053394,90200
2005-06-01,1227.148681640625,1237.0269967802187,1202.9911031782647,1202.9911031782647,211800
2005-06-02,1234.7774658203125,1241.819317275392,1228.4201956992574,1232.332361927599,198800
2005-06-03,1234.7774658203125,1234.7774658203125,1234.7774658203125,1234.7774658203125,0
2005-06-06,1254.289306640625,1261.6735679141962,1232.3323221487499,1251.8931526590475,80300
2005-06-07,1260.8421630859375,1266.5636817083537,1242.3082059166186,1247.5408232023324,62100
2005-06-08,1233.7506103515625,1261.6247977993914,1218.786644513481,1256.8813196029066,124700
2005-06-09,1242.30810546875,1257.7612069335019,1233.3101725840947,1240.1564622019287,106200
2005-06-10,1212.42919921875,1251.8931508378996,1207.3922614917087,1251.8931508378996,86300
2005-06-14,1208.8592529296875,1215.7055431970887,1190.2764650610272,1190.2764650610272,131000
2005-06-15,1200.9373779296875,1215.7057831144919,1164.9453970936077,1183.5281886295493,43600
2005-06-16,1224.01904296875,1239.863268881286,1193.2107330578306,1198.1009409801989,124400
2005-06-17,1226.512939453125,1233.3102798374564,1203.0887748754487,1213.8961807536662,38000
2005-06-20,1227.4910888671875,1237.2225544844705,1222.6497115853026,1232.3323467592354,95300
2005-06-21,1220.693359375,1226.3660468415783,1210.8151658257889,1224.752254770068,66200
2005-06-22,1242.50390625,1251.8930804756014,1218.6396705254683,1218.7374507944148,216900
2005-06-23,1284.021484375,1320.3557421956032,1234.3370584507084,1237.2222325018058,339500
2005-06-24,1290.2322998046875,1295.9049882639642,1266.563743246667,1266.563743246667,196500
2005-06-27,1295.3179931640625,1307.5435100895202,1273.4098429556796,1273.4098429556796,150900
2005-06-28,1301.5286865234375,1308.619487182686,1289.0586577778627,1300.7951554207566,271500
2005-06-29,1323.2410888671875,1335.0265357112633,1252.9688368544162,1289.0585890603993,229100
2005-06-30,1353.2178955078125,1364.2698097634882,1320.3557322714616,1320.3557322714616,536600
2005-07-01,1353.2178955078125,1353.2178955078125,1353.2178955078125,1353.2178955078125,0
2005-07-04,1349.6478271484375,1369.2575998160032,1326.2237895360718,1326.2237895360718,144800
2005-07-05,1344.07373046875,1359.3801060890055,1339.9170534780335,1339.966003316217,90400
2005-07-06,1332.434814453125,1355.5655198200848,1322.3121087999673,1344.8070633135762,37800
2005-07-07,1316.2479248046875,1343.8286395192508,1310.5752379590947,1322.3117326273853,52600
2005-07-08,1312.1402587890625,1339.9166571659396,1291.0145893861609,1335.0264503879616,113400
2005-07-11,1367.350830078125,1370.2360044586376,1320.3558929472954,1330.1363069691272,206900
2005-07-12,1367.350830078125,1367.350830078125,1367.350830078125,1367.350830078125,0
2005-07-13,1350.2841796875,1365.3460438775849,1335.02675493761,1362.0206786320064,131700
2005-07-14,1340.5032958984375,1363.8295555289171,1330.1360826615355,1359.4773197790694,170000
2005-07-15,1359.08642578125,1362.411790713362,1340.9438278403218,1340.9438278403218,134400
2005-07-18,1393.513916015625,1397.6216435591548,1354.5878070884742,1362.4121409922343,111200
2005-07-19,1373.31689453125,1398.5992415583792,1212.7713703023708,1393.7090344200633,96700
2005-07-20,1368.18212890625,1383.8796216341461,1329.1582534373015,1346.7629985159413,98200
2005-07-21,1349.6968994140625,1369.2577240432518,1345.3446636899873,1349.6968994140625,92600
2005-07-22,1345.3935546875,1354.5871665550765,1332.3367275376554,1350.7239512728086,131100
2005-07-25,1365.00341796875,1388.818700683494,1322.3118896648477,1332.3368133845702,94400
2005-07-26,1386.031494140625,1398.305842964546,1349.6972296245774,1369.2580590394264,120800
2005-07-27,1385.05322265625,1398.5990708985294,1335.3198460061067,1376.1041208071545,95800
2005-07-28,1385.05322265625,1385.05322265625,1385.05322265625,1385.05322265625,0
2005-07-29,1417.2796630859375,1425.0062134472444,1379.0382710779784,1382.950436386001,289700
2005-08-01,1414.4923095703125,1476.744665689693,1406.423468392124,1476.744665689693,371200
2005-08-02,1434.8843994140625,1442.317489582191,1398.7946507596876,1416.203834044613,240900
2005-08-03,1481.439453125,1514.0082837285836,1424.0284632485902,1424.0284632485902,315000
2005-08-04,1493.615966796875,1507.161816480399,1462.2696917741089,1483.3953624035923,265800
2005-08-05,1446.0831298828125,1486.6228973202574,1424.028249012036,1486.6228973202574,210900
2005-08-08,1403.391357421875,1457.2814042654084,1394.246695977766,1445.5449097344117,85700
2005-08-09,1403.4896240234375,1416.2041641713852,1393.7092085250165,1406.423748672964,103000
2005-08-10,1381.2882080078125,1404.4677463157204,1374.1484565275678,1393.7092886489565,146200
2005-08-11,1396.0074462890625,1427.9405236584303,1380.1142726524533,1402.7070063748372,175100
2005-08-12,1362.705078125,1403.489355185259,1340.9924882436458,1403.489355185259,125700
2005-08-16,1377.5712890625,1392.7309305111821,1369.4534978211498,1387.8407235922525,90100
2005-08-17,1421.0941162109375,1425.0062817063565,1370.2359647704911,1379.0383371351836,106500
2005-08-18,1390.5303955078125,1447.4523586669916,1385.4934582928583,1423.050272877698,84700
2005-08-19,1390.62841796875,1412.292063175906,1385.8849401109824,1393.7092728709597,25300
2005-08-22,1376.006591796875,1412.2919070828805,1364.465654495529,1411.313865595981,22500
2005-08-23,1376.006591796875,1376.006591796875,1376.006591796875,1376.006591796875,0
2005-08-24,1316.297119140625,1339.9168450685215,1310.5756002859991,1334.977687774198,140700
2005-08-25,1375.4686279296875,1382.9506692189157,1295.9049764604408,1317.4218892771426,130200
2005-08-26,1381.5325927734375,1390.7750373543524,1338.0585757032497,1361.7272520516192,95200
2005-08-29,1345.58935546875,1406.4234805139126,1330.1362541717115,1390.7748187001278,76800
2005-08-30,1349.0615234375,1379.0385193858033,1339.9168592613833,1369.2581043546982,50800
2005-08-31,1381.3857421875,1394.8338118750928,1340.8948030319832,1340.8948030319832,54600
2005-09-01,1425.5443115234375,1432.8306723058563,1393.7090157241264,1394.8337872288153,155300
2005-09-02,1469.9962158203125,1476.7447253198065,1428.9184772544754,1428.9184772544754,1416300
2005-09-05,1457.232666015625,1480.754608309089,1446.3276004425047,1476.6468823827831,55400
2005-09-06,1436.69384765625,1462.1718735431464,1433.3196526270774,1459.8735001616942,53800
2005-09-08,1503.347412109375,1514.9861286477053,1438.307659007327,1438.307659007327,213700
2005-09-09,1517.3333740234375,1535.3293587385,1494.6916928966236,1506.1836787572718,129200
2005-09-12,1553.667724609375,1559.878263664916,1498.3594352960126,1525.7445946878456,114500
2005-09-13,1598.90234375,1617.680693402364,1511.074166449004,1553.667922909698,195200
2005-09-14,1613.1815185546875,1639.1973960702005,1595.1855328105592,1601.8850925621182,126600
2005-09-15,1599.3424072265625,1629.41718418557,1595.2835110110384,1605.1128761145505,72200
2005-09-16,1609.416015625,1625.5047483202582,1585.4050523628994,1617.6804174017493,83300
2005-09-19,1641.544677734375,1662.4258373405837,1613.7682786362482,1625.5047752081482,92400
2005-09-20,1624.1356201171875,1654.8461457544252,1613.768404547755,1654.8461457544252,52100
2005-09-21,1624.1356201171875,1624.1356201171875,1624.1356201171875,1624.1356201171875,0
2005-09-22,1588.975341796875,1640.1757967254516,1565.844633606111,1613.768672985686,88000
2005-09-23,1577.48291015625,1609.8560548168275,1566.9689656913163,1603.9878067433763,82300
2005-09-26,1593.082763671875,1627.46094390701,1580.5639049680228,1609.8561981195544,120600
2005-09-27,1620.419189453125,1632.3512478830364,1590.4421938869534,1599.097837201177,189000
2005-09-28,1612.88818359375,1641.15360629285,1600.7116149025148,1640.17556481115,135200
2005-09-29,1626.2872314453125,1639.1973297230043,1614.8440758270801,1633.3290815259054,262300
2005-09-30,1657.0955810546875,1677.3409901477742,1613.7682995590828,1626.2872771540142,390600
2005-10-03,1729.2752685546875,1740.7184265080652,1667.6586499113657,1677.341285290427,271000
2005-10-04,1765.9515380859375,1794.5104187635523,1721.3528738682246,1729.274985375677,195000
2005-10-05,1740.8157958984375,1779.008238393097,1731.4266229611874,1770.2548162015057,124900
2005-10-06,1687.7083740234375,1740.8160747731379,1679.2972410736613,1712.5506517879912,276300
2005-10-07,1694.9456787109375,1723.99345937839,1673.477718591673,1721.3527954594633,186900
2005-10-10,1697.8311767578125,1716.4629159950614,1687.1216695677954,1709.6166251620325,69000
2005-10-11,1715.8759765625,1726.2431922527378,1674.4069944117207,1697.8799896604833,81400
2005-10-13,1706.4866943359375,1721.7441164040122,1688.246198221203,1692.0605835856766,197000
2005-10-14,1656.80224609375,1703.7482365379649,1643.1096655475208,1692.0117389269112,205900
2005-10-17,1747.9554443359375,1769.179013160063,1672.4507002445641,1672.4507002445641,422100
2005-10-18,1732.942626953125,1785.9035925262117,1712.794998034791,1758.5184333856125,232600
2005-10-19,1697.7823486328125,1732.111583121626,1687.1216718717135,1732.111583121626,164100
2005-10-20,1683.40478515625,1741.2071265576633,1655.824065837971,1700.8139695760374,254000
2005-10-21,1698.9556884765625,1720.179258445664,1677.3409974601418,1710.594404989964,289700
2005-10-24,1758.0296630859375,1777.1014730610004,1709.6166069953929,1720.1795033529006,228000
2005-10-25,1753.7747802734375,1766.2936372745598,1724.5313215371405,1758.0292360487792,153000
2005-10-26,1726.78125,1752.6504003972514,1716.7073746078547,1749.716275843015,83800
2005-10-27,1676.607666015625,1733.0895634707233,1657.7803668639256,1730.1554389276014,262800
2005-10-28,1623.989013671875,1687.1216423035748,1613.7685274208106,1687.1216423035748,186600
2005-10-31,1669.712158203125,1687.1213421270868,1623.5486538730227,1637.7302535604676,55300
2005-11-02,1714.5557861328125,1730.1555010916381,1682.231465165414,1688.2464445728974,190400
2005-11-04,1714.5557861328125,1714.5557861328125,1714.5557861328125,1714.5557861328125,0
2005-11-07,1728.2481689453125,1737.9796334871867,1687.1214787649956,1687.1214787649956,119300
2005-11-08,1779.44873046875,1789.8159464994692,1722.3310829429317,1736.023663954403,215900
2005-11-09,1801.405517578125,1832.8495722717432,1737.0992959255811,1737.0992959255811,170500
2005-11-10,1761.99072265625,1815.245034894945,1745.9996485234076,1804.4865783303737,147900
2005-11-11,1828.7420654296875,1839.4026223900878,1765.3649277468855,1775.1453428590567,213100
2005-11-14,1840.9674072265625,1857.3006511367655,1820.3795876399709,1835.7837399598257,178800
2005-11-16,1855.882568359375,1860.3325852442267,1819.157064805886,1838.7178934597127,98400
2005-11-17,1892.1676025390625,1901.3122647079217,1852.4102002864217,1858.2784480170017,221900
2005-11-18,1957.06103515625,1979.5559895833335,1884.7349142216256,1888.304670173189,604300
2005-11-21,2004.789306640625,2025.4258368836563,1939.456093457096,1965.8632112197492,319600
2005-11-22,2008.9952392578125,2036.2825029351309,1962.049125563995,1962.049125563995,340900
2005-11-23,2019.2646484375,2024.545977214016,1975.6439004697158,1975.6439004697158,158600
2005-11-24,2020.6334228515625,2072.3717145947207,2009.9728676813788,2034.3260017092207,183500
2005-11-25,2019.6065673828125,2044.1065525266802,2005.9629374316846,2020.6335586220675,140000
2005-11-28,2070.66015625,2090.71000399868,2015.156309433532,2015.156309433532,232300
2005-11-29,2025.6700439453125,2102.7886921917197,2015.1561004843538,2015.1561004843538,213100
2005-11-30,1965.814208984375,2048.898775825871,1960.9729519462198,2015.1563484731803,297100
2005-12-01,1974.47021484375,1990.1188787398294,1947.4761741111483,1968.7975264254887,277500
2005-12-02,1939.7496337890625,1995.204535626275,1926.7905847218822,1984.4460797969177,217500
2005-12-05,1956.180908203125,1990.2168023849504,1938.4783797733744,1990.2168023849504,195800
2005-12-06,1943.0750732421875,1975.6439041708393,1919.0152753168861,1956.180853712179,107600
2005-12-07,1946.8892822265625,1956.0828957143851,1936.619847024062,1956.0828957143851,80200
2005-12-08,1970.997802734375,1980.5337057621184,1941.9500228057884,1956.0826723576479,158900
2005-12-09,2036.0863037109375,2044.0082944969943,1975.6433072481195,1980.5335134541792,216600
2005-12-12,2069.82958984375,2100.83346236574,2039.2168384695385,2039.2168384695385,186300
2005-12-13,2067.2861328125,2087.140421693253,2029.4359770447513,2074.425883041888,166000
2005-12-14,2070.953857421875,2109.6354452140677,2059.364209300801,2078.338118256789,147500
2005-12-15,2035.6466064453125,2117.459675773383,2029.4359479121335,2098.8768887804526,79600
2005-12-16,2071.540771484375,2092.0306924081783,2029.4360386848855,2038.2384118647235,123900
2005-12-19,2059.217041015625,2092.030374923338,2049.9745983353514,2092.030374923338,100500
2005-12-20,2037.16259765625,2073.4480337588984,2034.3263727445797,2068.5578261321084,59400
2005-12-21,2042.493408203125,2071.492248081047,2024.5462481245359,2052.9094564315947,83600
2005-12-22,2052.9091796875,2063.6676365605645,2019.6557675343913,2053.887221221415,54900
2005-12-23,2034.815185546875,2090.123475909233,2029.4359577071693,2062.689366170805,76200
2005-12-26,1976.0836181640625,2029.435822110904,1968.79725778759,2029.435822110904,69000
2005-12-27,1997.7962646484375,2003.0287621951536,1968.7973136224825,1975.6436033370167,87000
2005-12-28,1954.3709716796875,2013.2979583148438,1943.3680073702185,1988.3579058800474,117900
2005-12-29,1955.9361572265625,1970.1667079877532,1941.4122656661684,1956.0828873210764,378700
2005-12-30,1957.158935546875,1985.4243604179853,1947.4763002560314,1970.1669360089973,85100
2006-01-02,1960.728515625,1975.6436471193417,1941.412197788066,1971.7314814814815,92900
2006-01-03,1971.97607421875,1983.7125716226558,1942.3903203464042,1942.3903203464042,136800
2006-01-04,2005.864990234375,2014.276241696016,1965.863192915267,1965.863192915267,104700
2006-01-05,2023.9588623046875,2053.8870259083546,2010.85320250837,2014.2763475515505,214400
2006-01-06,2001.70849609375,2044.1065677722092,1977.159680330048,2021.6116151125152,182300
2006-01-09,2007.96826171875,2023.0789559835769,1998.138896337659,2004.00714566611,215400
2006-01-10,1979.3602294921875,2024.545694334449,1965.863210440697,1977.1596363461717,104000
2006-01-12,1954.5179443359375,1985.375078662039,1936.7664691687862,1975.6436145541968,134900
2006-01-13,1968.9931640625,2000.094932529653,1952.1708974714854,1956.0830635986829,288900
2006-01-16,1976.7685546875,1995.10683237727,1970.7535757272897,1980.533990495167,133500
2006-01-17,1976.7685546875,1976.7685546875,1976.7685546875,1976.7685546875,0
2006-01-18,1973.540771484375,1985.3262178497703,1930.6536809204133,1957.06079813665,123700
2006-01-19,1992.3682861328125,1997.1607132894849,1973.6877176386781,1985.3264351935024,97400
2006-01-20,1992.3682861328125,1992.3682861328125,1992.3682861328125,1992.3682861328125,0
2006-01-23,2005.7677001953125,2018.677801167775,1996.5740855562121,1996.5740855562121,75000
2006-01-24,2033.690185546875,2039.7539935911886,1995.2041665287077,2012.8089091745492,127800
2006-01-25,2099.170166015625,2117.4594912324706,2032.858915716716,2039.7541548875083,321400
2006-01-27,2158.5869140625,2172.230547593787,2099.170882650378,2112.5700057643317,244900
2006-01-30,2127.142333984375,2185.92272284891,2119.415901751046,2171.2521005479102,117700
2006-01-31,2107.3369140625,2161.3737041578675,2102.8380666617168,2127.24015307555,155700
2006-02-01,2113.64501953125,2158.5370169408347,2098.8765012936256,2112.56907865528,93800
2006-02-02,2096.38330078125,2137.9011205498173,2078.338480319824,2118.6337480411444,208700
2006-02-03,2093.9375,2119.415523943617,2031.6363161568424,2119.415523943617,103400
2006-02-06,2143.475341796875,2163.4272881832867,2083.2279040824596,2102.7887294729053,162300
2006-02-07,2134.037353515625,2161.4714621371386,2115.5035170147653,2156.5812552092266,76400
2006-02-08,2160.053466796875,2188.807789577472,2102.886992471374,2161.4715791267977,161200
2006-02-10,2166.60595703125,2185.482201591462,2127.2397953020964,2158.635016068744,200300
2006-02-13,2172.572021484375,2188.8563127496936,2161.6667183027807,2184.064006146935,159700
2006-02-14,2250.913330078125,2304.2655361520033,2174.1860300789062,2176.142112876998,702600
2006-02-15,2363.04638671875,2379.086173320941,2264.1662862232183,2269.0564941848234,496900
2006-02-16,2324.60888671875,2396.20147065757,2299.913340949728,2361.970021076748,350900
2006-02-17,2347.690673828125,2395.908166563419,2337.5191379447474,2346.321511267552,325400
2006-02-20,2360.503173828125,2386.4212737272114,2299.913550310533,2386.4212737272114,134800
2006-02-21,2360.503173828125,2360.503173828125,2360.503173828125,2360.503173828125,0
2006-02-22,2488.870849609375,2542.809737241623,2455.2750320485634,2469.750092506807,443100
2006-02-23,2564.5712890625,2628.9754139678817,2485.2522708448755,2503.7861085408395,666100
2006-02-24,2526.916748046875,2586.9196877335785,2515.5716102644947,2566.3808168668847,385800
2006-02-27,2506.280029296875,2572.3467734111528,2470.8749784862252,2526.5743882818606,383700
2006-02-28,2544.13037109375,2566.3808145122534,2484.274280950234,2515.522658127102,280200
2006-03-01,2659.9794921875,2688.6361566733462,2528.335245972496,2541.929927680621,589400
2006-03-02,2663.206787109375,2695.482153974821,2640.7118344455794,2640.7118344455794,277700
2006-03-03,2648.53662109375,2748.198963428794,2640.7122883874167,2682.768076683957,425000
2006-03-06,2667.75439453125,2726.779285553559,2660.272473710789,2679.833300723368,205800
2006-03-07,2667.949951171875,2719.9327487180567,2660.4677922522983,2679.8330569893837,164700
2006-03-08,2621.738037109375,2695.4822677918182,2593.3258848979463,2667.1190654093934,284900
2006-03-09,2607.751953125,2655.0890635614064,2582.029415359991,2655.0890635614064,235600
2006-03-10,2696.802734375,2718.955278089297,2618.3149066531773,2630.9315460648236,288200
2006-03-13,2751.964111328125,2772.6495923438847,2689.61396931225,2706.6317949153113,298200
2006-03-14,2739.983154296875,2796.2205383311675,2730.6917604129485,2764.1407306391534,252000
2006-03-16,2748.88330078125,2762.967001667272,2722.8673035899774,2746.731418641193,195800
2006-03-17,2718.661865234375,2761.98915073016,2709.1749105958015,2748.2965699545857,117200
2006-03-20,2696.753173828125,2751.2300234436266,2690.787026719055,2736.559404761915,228700
2006-03-21,2641.053955078125,2721.888974085934,2616.358411924812,2699.3940238868768,435500
2006-03-22,2622.86279296875,2674.943502850576,2594.010568714969,2650.4924653473713,388900
2006-03-23,2675.090087890625,2687.364556355367,2632.8876930769798,2639.7339835121725,291300
2006-03-24,2679.686767578125,2702.3283299885425,2652.98619017736,2675.921212757384,179300
2006-03-27,2671.569091796875,2697.389289804331,2641.6898786237102,2674.9432869440384,155300
2006-03-28,2671.226806640625,2707.2187803784664,2665.1629973017775,2677.8775363714744,188800
2006-03-29,2671.226806640625,2671.226806640625,2671.226806640625,2671.226806640625,0
2006-03-30,2639.5390625,2687.658667747394,2621.151830263106,2670.053916648612,176000
2006-03-31,2685.9462890625,2713.869419768902,2621.1510440373236,2621.1510440373236,365300
2006-04-03,2757.636474609375,2777.637372014612,2713.8691251735813,2713.8691251735813,180700
2006-04-04,2738.51611328125,2778.6158135114397,2718.9552839006697,2777.6377720424107,102800
2006-04-05,2792.797119140625,2814.509589698452,2750.2523197420546,2762.9668574933517,168600
2006-04-07,2752.453369140625,2826.54001485881,2714.065239181037,2794.2646444469274,265400
2006-04-10,2755.38720703125,2776.56170838947,2738.467042607776,2767.8572352110878,118400
2006-04-12,2755.38720703125,2755.38720703125,2755.38720703125,2755.38720703125,0
2006-04-13,2657.583251953125,2738.418285992802,2563.4467580712635,2728.7357707053893,375600
2006-04-17,2705.65380859375,2718.9552680066513,2650.4923655748294,2689.8095846440306,101100
2006-04-18,2935.835205078125,2953.684457178625,2665.162299937667,2665.162299937667,732800
2006-04-19,2881.407958984375,2972.9524937726706,2857.348044239828,2934.1242966693426,393000
2006-04-20,2915.1015625,2983.0264950997,2839.5478586487043,2885.2223477193816,284100
2006-04-21,2908.20654296875,2948.7952672106208,2870.5519433708696,2934.124643990667,146300
2006-04-24,2871.8232421875,2923.365980368477,2846.100703537058,2914.5636070585683,90300
2006-04-25,2770.253173828125,2871.5294033683813,2758.0766067775326,2855.8807417696435,173700
2006-04-26,2888.253662109375,2895.002051108566,2797.295827395491,2811.868546262543,225800
2006-04-27,2863.754638671875,2958.282259972226,2860.7715641567333,2875.4421875626654,294100
2006-04-28,2863.754638671875,2863.754638671875,2863.754638671875,2863.754638671875,0
2006-05-02,3050.90234375,3060.2916369976133,2963.465535347641,2973.245949655719,375700
2006-05-03,3063.323974609375,3080.8308225015635,2935.2492451073595,3056.3797842277413,173000
2006-05-04,3017.40478515625,3100.391705984455,2998.773284697654,3080.8308750318715,111600
2006-05-05,3043.5185546875,3061.220962670912,3010.411754211354,3051.4894974462068,74900
2006-05-08,3061.611572265625,3092.5664828199597,3042.6863782583478,3061.220212491496,71200
2006-05-09,3096.919189453125,3144.4031478870997,3019.213846820366,3089.3883183167577,196800
2006-05-10,3120.734375,3178.6343749352022,3110.171480705829,3131.6883903207745,246700
2006-05-11,3076.820556640625,3157.1178566223425,3066.2089499876147,3107.2377417872312,83500
2006-05-12,3090.0732421875,3129.7818235344666,3037.7969705373735,3066.2091245373867,94200
2006-05-15,2972.610107421875,3108.2154466744714,2936.080167060026,3099.41307442146,213800
2006-05-16,3072.66357421875,3117.995887225235,2846.1003863944275,2978.1359713302513,167100
2006-05-17,3197.4619140625,3251.987723256959,3075.9402675618453,3080.8304746644876,359100
2006-05-18,2938.96533203125,3130.8082877402508,2899.8926275209155,3130.8082877402508,287200
2006-05-19,2884.488525390625,3144.4030208123622,2582.0292301538525,3009.43331105432,489300
2006-05-22,2807.85888671875,3022.1478473971797,2718.9550212828995,2942.926496057642,360900
2006-05-23,2911.238525390625,2924.344186433341,2547.798195872526,2748.394609992247,328900
2006-05-24,2788.689697265625,2919.453794334667,2739.5920631201825,2914.563586973972,446800
2006-05-25,2721.20458984375,2777.637529931861,2642.6678189703835,2739.5918156147186,457900
2006-05-26,2855.636962890625,2924.3443853216777,2748.3947969140313,2777.638145255373,271900
2006-05-29,2804.386962890625,2913.2917240407355,2787.4178499414115,2880.2338786258556,155900
2006-05-30,2774.557373046875,2832.310537765744,2739.494486622676,2804.387641466008,116500
2006-05-31,2774.557373046875,2774.557373046875,2774.557373046875,2774.557373046875,0
2006-06-01,2559.926025390625,2757.0993103171663,2498.6028639387287,2732.648269963165,335800
2006-06-02,2661.0546875,2703.7950424773994,2508.675812607896,2562.4680814942253,222500
2006-06-05,2618.509765625,2677.876819006292,2573.2264100823795,2677.876819006292,256800
2006-06-06,2545.744384765625,2601.5906556295477,2474.934268447583,2601.5906556295477,134100
2006-06-07,2498.699462890625,2607.4575860142245,2446.374263771435,2542.9068730821396,188400
2006-06-08,2323.826416015625,2464.6643806226325,2273.9463035506433,2425.5427237873528,184100
2006-06-09,2430.237060546875,2445.1032404931507,2254.385187734685,2288.518733460124,133100
2006-06-12,2316.344970703125,2450.4343337957375,2249.495730335411,2425.543222274704,108400
2006-06-13,2197.218994140625,2249.495260147694,2028.5557994563494,2249.495260147694,492200
2006-06-14,2234.531005859375,2405.9817008332116,2030.413825581198,2249.4950861448724,228800
2006-06-15,2234.531005859375,2234.531005859375,2234.531005859375,2234.531005859375,0
2006-06-16,2234.531005859375,2234.531005859375,2234.531005859375,2234.531005859375,0
2006-06-19,2665.163330078125,2670.0535380232227,2523.836320464808,2591.810210901663,234100
2006-06-20,2561.34375,2640.711712056054,2518.701050545316,2640.711712056054,198000
2006-06-21,2562.615234375,2589.853784531576,2494.103621166684,2586.91966015333,120100
2006-06-22,2579.730712890625,2755.142527351915,2552.6879646391544,2589.8535365381153,114800
2006-06-23,2633.132080078125,2660.077169641522,2503.7860989878354,2554.6442541235256,139700
2006-06-26,2543.29833984375,2645.6015488528187,2519.434229147823,2645.6015488528187,167500
2006-06-27,2529.165771484375,2577.1387434784824,2450.0423283444497,2542.907299067952,193300
2006-06-28,2632.495849609375,2640.7113003653403,2451.9493444503364,2451.9493444503364,160800
2006-06-29,2571.417724609375,2663.6960360193216,2538.017702761204,2640.7120606763974,272400
2006-06-30,2688.3916015625,2704.284776105616,2621.151247726239,2650.4924930366074,203000
2006-07-03,2682.522705078125,2772.50250231345,2650.7853134831084,2704.284123431233,150700
2006-07-04,2702.964111328125,2737.537971503307,2675.9213612122358,2737.537971503307,122000
2006-07-05,2744.188232421875,2753.186164314869,2675.9209042861394,2684.723275681817,159700
2006-07-06,2705.555908203125,2728.7354410756907,2679.9799829338654,2714.0648204247464,89700
2006-07-07,2682.86572265625,2737.538146759919,2655.382661112247,2723.8455658186404,155900
2006-07-10,2724.040771484375,2738.2223713260323,2617.2387018120944,2655.3823151793113,146100
2006-07-11,2708.832275390625,2743.4061344868337,2678.121870858671,2735.826313616148,164000
2006-07-12,2685.751220703125,2714.065477660073,2616.31026613957,2679.834021185081,204100
2006-07-13,2654.06201171875,2722.769421676906,2631.9584188291797,2690.5919543756204,214300
2006-07-14,2584.767578125,2621.1506664859726,2542.907363008779,2621.1506664859726,356000
2006-07-17,2466.5224609375,2591.809657238902,2457.328967476506,2572.248829637099,221300
2006-07-18,2429.45458984375,2504.7637699637053,2421.6302594416766,2466.5222596117264,207600
2006-07-19,2337.37255859375,2494.0058082552496,2328.227775118283,2463.001940669342,175800
2006-07-20,2447.49951171875,2469.4564921193146,2381.4327712247027,2381.4327712247027,178900
2006-07-21,2402.314208984375,2434.3450651041667,2367.05576846147,2434.3450651041667,94200
2006-07-24,2420.847900390625,2434.4915294594593,2301.331295244357,2402.069554237204,231900
2006-07-25,2440.35986328125,2483.1491738225795,2425.5426318285063,2435.3719954916414,89200
2006-07-26,2443.5869140625,2446.814497680251,2412.827567013962,2441.190760951297,142800
2006-07-27,2490.191162109375,2533.127081610145,2435.4208468313177,2454.8837740700633,276600
2006-07-28,2417.278076171875,2503.687883668016,2396.2012379353364,2487.1590808447186,210100
2006-07-31,2408.133544921875,2459.774179832945,2396.2014873124112,2446.5706206171417,91700
2006-08-01,2420.21240234375,2454.883922335549,2396.201438136293,2408.915976379465,199900
2006-08-02,2485.056884765625,2497.918035206367,2396.446227785592,2396.446227785592,166300
2006-08-03,2485.056884765625,2485.056884765625,2485.056884765625,2485.056884765625,0
2006-08-04,2557.822998046875,2576.1612759221753,2523.3470356413104,2523.3470356413104,193400
2006-08-07,2525.25341796875,2560.9029718029733,2518.4560794132417,2543.8851505063462,140900
2006-08-08,2595.08642578125,2621.151135403154,2537.039569117829,2541.7831657515962,100000
2006-08-09,2624.3779296875,2639.146208145672,2567.3580814930892,2604.52364610137,137300
2006-08-10,2570.683837890625,2640.711695398984,2528.2369380023606,2621.150868025658,157600
2006-08-11,2593.179931640625,2621.1520226177686,2572.249932643557,2585.9425178363363,95300
2006-08-14,2723.60107421875,2728.7357921071234,2597.727180596838,2610.3927702988935,261600
2006-08-16,2681.643310546875,2771.525233183962,2674.9436304395717,2709.175084576824,148000
2006-08-17,2662.033203125,2738.4180952875618,2644.6240179726533,2729.713622101211,223900
2006-08-18,2647.313720703125,2713.135958688416,2631.9095677148275,2683.745765072273,107100
2006-08-21,2710.152587890625,2718.368039740117,2611.3704112840014,2649.6119236801987,134400
2006-08-22,2699.19921875,2737.5384011929787,2679.9318472478085,2719.9336526322522,108400
2006-08-23,2627.409912109375,2694.4057375717234,2616.2603373982843,2689.613430970199,126800
2006-08-24,2637.582275390625,2659.2947481973943,2592.8858281143303,2620.173089525862,142000
2006-08-25,2684.919921875,2709.175402840487,2633.8661948914914,2661.1534617403504,238900
2006-08-28,2663.206787109375,2714.9450827242476,2655.382455748055,2684.7236983530056,89000
2006-08-29,2660.6640625,2712.10914209929,2635.8219033384735,2688.5382458933755,152700
2006-08-30,2630.5400390625,2686.679515516672,2616.2605402282843,2686.581615872479,173900
2006-08-31,2636.702392578125,2655.3830836323173,2608.583695099514,2640.7124588608676,237300
2006-09-01,2728.197509765625,2737.2933424558405,2626.0411342541965,2631.5182615544395,247100
2006-09-04,2771.623046875,2775.6818236563586,2737.2936941360936,2737.2936941360936,180100
2006-09-05,2763.065185546875,2795.2426559484807,2747.318621609266,2777.6379086401976,95500
2006-09-06,2771.76904296875,2787.3198041199967,2718.9548127922108,2767.8568777704877,84100
2006-09-07,2713.478271484375,2762.967267432375,2701.3506522648568,2749.2746862840377,168600
2006-09-08,2720.716064453125,2748.29678874078,2701.350793772966,2709.1751262676016,133500
2006-09-11,2638.80517578125,2738.5164687351516,2631.4209139756877,2728.736052775383,120200
2006-09-12,2650.638916015625,2659.7347491735454,2612.348689109426,2640.7118909005803,125700
2006-09-13,2712.89111328125,2727.7572938748763,2660.2724414986246,2660.2724414986246,203100
2006-09-14,2763.89599609375,2775.387982333858,2721.0577358002283,2733.6256630725406,228300
2006-09-15,2732.158935546875,2777.6378653850456,2707.3167769105785,2777.6378653850456,235700
2006-09-18,2732.01220703125,2758.0279665921103,2699.394428837601,2723.9433649885286,165200
2006-09-19,2698.31884765625,2748.1989687558093,2677.0953929051198,2743.406660475765,136300
2006-09-20,2737.587158203125,2743.406457478206,2675.041450894627,2675.9215927487953,128400
2006-09-21,2831.283447265625,2841.2104726824123,2743.4063256021227,2743.4063256021227,357600
2006-09-22,2852.7509765625,2880.233794450606,2787.515668122799,2811.8688015355547,299100
2006-09-25,2798.07861328125,2856.8589983518013,2790.4011313737333,2852.7512721285866,150700
2006-09-26,2848.301025390625,2855.880846129496,2804.0446526894743,2814.803107931743,171200
2006-09-27,2873.485595703125,2880.331885413786,2841.2102299242947,2841.2102299242947,174400
2006-09-28,2858.032470703125,2896.665105183699,2813.189416732062,2885.2220688023417,156900
2006-09-29,2930.603271484375,2951.729062072699,2856.0276117815774,2865.66141546488,245600
2006-10-03,2961.656005859375,2990.8506375157194,2950.0663583964338,2981.657143755945,336300
2006-10-04,3019.703369140625,3050.5116788176874,2955.83720640335,2974.2244358078187,344000
2006-10-05,3037.503173828125,3066.1598350342942,3022.147971373515,3030.950344105671,199900
2006-10-06,3031.78125,3051.3907859461688,3013.4429766491435,3036.8180669018616,112500
2006-10-09,3022.58740234375,3042.6372471000295,3005.5206310266403,3027.037537594355,62000
2006-10-10,3001.02197265625,3042.63767971362,2993.7845622026316,3042.63767971362,68000
2006-10-11,3002.538330078125,3026.4513960009326,2963.661182072814,3021.170067632827,170400
2006-10-12,3081.75927734375,3094.8162245955755,2974.321580638753,2999.16373487937,155200
2006-10-13,3053.8857421875,3117.0183710066535,3041.7091728367404,3093.5453741744727,187600
2006-10-16,3036.720703125,3080.83046658704,3010.411484493622,3061.2696382277572,146100
2006-10-17,3050.1201171875,3069.094025530097,3017.2578294328714,3061.2696940437236,138900
2006-10-18,2835.880126953125,3075.940352494414,2812.8472031077695,3055.4014820962,1326000
2006-10-19,2728.5400390625,2884.0486269963103,2715.2385800544157,2884.0486269963103,982400
2006-10-20,2683.745849609375,2787.124787386865,2670.2488292861653,2757.098961388057,443200
2006-10-23,2757.049560546875,2772.2092011679197,2679.8332452685113,2704.2842785282605,463000
2006-10-26,2691.32568359375,2767.857430569751,2681.7897790184657,2758.0770156207413,653800
2006-10-27,2713.82080078125,2724.8237682589647,2695.775981873733,2716.021394276793,207400
2006-10-30,2737.977783203125,2759.054621849106,2694.5528431920748,2709.1745134782077,176600
2006-10-31,2687.657470703125,2748.1981311725476,2679.833140366289,2738.515617892558,393600
2006-11-01,2681.545166015625,2716.9991688488763,2671.0312203478334,2716.9991688488763,547400
2006-11-02,2719.004638671875,2736.560437899603,2668.0975248713785,2674.8459165008553,346500
2006-11-03,2776.4150390625,2789.3740876816382,2711.668745792999,2738.2224744328105,370600
2006-11-06,2739.885498046875,2785.462329712039,2719.053404090676,2785.462329712039,196000
2006-11-07,2662.37548828125,2785.168642421923,2652.4484628866594,2758.07694149719,378600
2006-11-08,2574.058349609375,2689.6138453058416,2557.578256536282,2689.6138453058416,599700
2006-11-09,2546.918212890625,2605.0137881180835,2538.1158385361805,2582.1277103084026,346800
2006-11-10,2539.680419921875,2562.468835566627,2528.237381656386,2562.468835566627,307700
2006-11-13,2540.21826171875,2589.8538673717394,2533.12746091118,2552.688290725166,190700
2006-11-14,2541.5869140625,2562.2726307058656,2499.8735483701253,2557.5779847370413,258400
2006-11-15,2550.389404296875,2576.1608891132555,2533.2249698065507,2544.863566238683,265600
2006-11-16,2531.904296875,2562.4680860695316,2521.439303210713,2561.392145178043,138600
2006-11-17,2503.19873046875,2542.907301535337,2486.47436802257,2542.907301535337,179600
2006-11-20,2507.7958984375,2518.407503721554,2474.5424928373004,2494.0054200149793,233400
2006-11-21,2525.84130859375,2550.7324188360412,2517.479005400295,2518.457046971935,239400
2006-11-22,2541.978515625,2560.8547621573543,2523.3467794394905,2523.3467794394905,254500
2006-11-23,2582.225341796875,2602.5686544958835,2541.9300763001884,2548.7763673867994,235300
2006-11-24,2572.3955078125,2626.0411744295557,2563.446524461775,2586.919518199693,370200
2006-11-27,2597.7763671875,2608.436925024997,2569.9508928803016,2591.7123182953023,128200
2006-11-28,2582.51806640625,2599.6337892474203,2552.6878065973538,2591.6138983006235,78400
2006-11-29,2616.99462890625,2642.6682191178875,2587.0664625191016,2591.8100594605485,241900
2006-11-30,2588.337890625,2930.994827079169,2567.358948119159,2623.498434939499,346500
2006-12-01,2683.256591796875,2693.52602653858,2601.7856950900887,2605.50230018111,408700
2006-12-04,2690.249755859375,2714.0651618908955,2670.0532944007728,2689.614124396383,122500
2006-12-05,2659.63671875,2707.218332735106,2645.601730508837,2695.4818370729595,128400
2006-12-06,2651.42138671875,2688.097940617863,2628.14395275485,2652.4483779838547,213500
2006-12-07,2645.846923828125,2660.175137135802,2621.2492741651404,2651.4706627846026,92200
2006-12-08,2585.452392578125,2657.2405344845556,2572.5422940953413,2645.8464478993656,130000
2006-12-11,2543.053955078125,2591.8094087123504,2447.3038086605584,2591.8094087123504,285600
2006-12-12,2472.243896484375,2533.1269674194564,2425.5424244016417,2503.785728414598,316900
2006-12-13,2498.5537109375,2552.6884053912872,2420.652798215876,2508.676536332817,229400
2006-12-14,2514.495849609375,2543.837095810569,2489.115719401277,2523.5427338547433,162300
2006-12-15,2515.27783203125,2532.6870157491294,2504.763887559845,2530.1929625604525,205600
2006-12-18,2498.50439453125,2534.007102612861,2469.5542766084695,2532.6868901287794,190000
2006-12-19,2491.560302734375,2570.6837512818825,2469.554372680784,2498.895612752239,235000
2006-12-20,2449.6513671875,2531.171215725127,2445.1035700590483,2531.171215725127,196000
2006-12-21,2496.646728515625,2513.5668958428,2445.103984282879,2445.103984282879,148500
2006-12-22,2536.50146484375,2541.8806926365737,2494.005613036373,2512.0014795950524,108800
2006-12-26,2585.01318359375,2598.5589179791455,2526.0372208566228,2526.0372208566228,126200
2006-12-27,2599.97705078125,2620.1735148368907,2587.4580702183266,2598.558699400454,116400
2006-12-28,2568.239501953125,2616.163543339235,2553.76467639496,2606.4810264077996,293000
2006-12-29,2561.63720703125,2590.489430242987,2544.3748706893093,2583.985550013898,80200
2007-01-02,2681.838623046875,2711.2775276141915,2574.2051130233826,2590.4894077591807,230200
2007-01-03,2781.549560546875,2787.4178085649064,2689.61367493105,2728.6374287391095,481500
2007-01-04,2744.82421875,2787.417969157438,2734.1636630815683,2782.527762194004,239200
2007-01-05,2720.471923828125,2782.2351613406186,2695.042839764248,2718.9559114452977,176900
2007-01-08,2652.98583984375,2714.064468136524,2643.792108828067,2714.064468136524,183800
2007-01-09,2653.181884765625,2714.064963680623,2641.7388478098196,2669.0750579763676,139400
2007-01-10,2644.086181640625,2687.657977170555,2593.9126061449374,2653.4265254962575,154600
2007-01-11,2700.0791015625,2728.6378653978663,2635.82182323801,2679.149109127317,111000
2007-01-12,2707.21923828125,2737.929650024441,2697.976792611699,2709.419831953986,173600
2007-01-15,2710.103759765625,2771.7693175683717,2699.443204056063,2735.5817858993423,303400
2007-01-16,2713.184814453125,2787.907083862183,2655.6759308680093,2717.9771219270324,726300
2007-01-17,2710.935791015625,2753.187140946684,2704.2850602904373,2728.7361006185606,209900
2007-01-18,2721.54638671875,2787.4175603677013,2694.503641688778,2717.976631670822,130200
2007-01-19,2672.400634765625,2735.582214385212,2666.1412643597027,2714.0653002928007,88600
2007-01-22,2697.242919921875,2727.7577672314205,2663.4025882155997,2687.6580653825545,91200
2007-01-23,2697.92724609375,2723.55188343757,2685.7017283934883,2709.1747223779907,88900
2007-01-24,2681.055908203125,2718.955011328659,2669.955043130632,2699.3941839090285,102900
2007-01-25,2685.408203125,2699.39424279104,2661.250628490732,2681.0559666851227,135200
2007-01-29,2707.023681640625,2720.8628752462655,2686.778267578003,2699.39490914146,181500
2007-01-31,2711.27734375,2729.7135194631733,2667.1188705037885,2700.3722777634616,221800
2007-02-01,2704.334228515625,2718.9559040566783,2672.1078025166507,2718.9559040566783,114400
2007-02-02,2717.585693359375,2731.3269828113725,2704.3331857852572,2718.954855688522,117100
2007-02-05,2764.72802734375,2772.747920663453,2689.614385123279,2709.2731166864182,181000
2007-02-06,2761.59814453125,2793.286594418245,2739.005289799823,2762.967307153901,270900
2007-02-07,3010.851318359375,3025.0818676264425,2734.016669041321,2768.835036291775,1192000
2007-02-08,2943.66064453125,3040.4378110875878,2929.234531230532,3012.368065505856,230400
2007-02-09,2993.589111328125,3102.3472653067865,2934.1241475158763,2948.794768253456,741700
2007-02-12,2883.705810546875,2982.732491736367,2861.015300242588,2978.135745402506,279200
2007-02-13,2975.935791015625,3038.677058084863,2841.2105736259605,2890.1126489035155,633700
2007-02-14,2947.376953125,2981.070434392965,2895.2472944264355,2934.1244433001625,296400
2007-02-15,2945.86083984375,3301.0854458166546,2929.2341352363983,3031.928487222983,284500
2007-02-19,2958.96630859375,3008.4552981519264,2948.7947737087316,2981.950281125145,126400
2007-02-20,2931.043212890625,2976.1797241048503,2922.387451733583,2958.9661014341978,120700
2007-02-21,2910.993408203125,2963.465230048404,2904.782750245465,2963.465230048404,149100
2007-02-22,2843.4599609375,2933.1463143230926,2788.6406898011733,2910.9937709488518,333600
2007-02-23,2780.0830078125,2870.6497476597888,2743.895471738951,2865.6616404188653,310400
2007-02-26,2751.32861328125,2839.254447792303,2733.6259667859063,2788.3962902707044,158400
2007-02-27,2667.8037109375,2759.0550292459475,2640.712009558333,2759.0550292459475,325800
2007-02-28,2561.05078125,2645.602426572509,2479.433260615002,2645.602426572509,323800
2007-03-01,2466.57177734375,2586.4308140431467,2441.1916475143485,2560.5127136188157,499000
2007-03-02,2488.186279296875,2569.3147659275833,2449.9937147501314,2449.9937147501314,485400
2007-03-05,2399.868896484375,2448.0374316456,2363.7792671749194,2448.0374316456,272800
2007-03-06,2407.0576171875,2474.444569436186,2369.7941469343396,2415.468629373146,579300
2007-03-07,2397.5703125,2484.2248659337865,2352.1892923506916,2479.334659504783,519100
2007-03-08,2455.7158203125,2469.55501329095,2396.2018940842877,2444.1259319659735,290900
2007-03-09,2434.0517578125,2498.895955007571,2401.0918080405427,2469.5547109174627,238600
2007-03-12,2457.671630859375,2503.492730973012,2417.718540851642,2462.708448974286,420800
2007-03-13,2465.642822265625,2503.7864438714796,2436.4481856015786,2459.774572787801,235700
2007-03-14,2474.0048828125,2503.7861982347904,2401.091842447817,2423.5867965725824,435400
2007-03-15,2438.0126953125,2523.3468073036806,2425.5426674857085,2485.2031927746716,181600
2007-03-16,2435.078369140625,2483.246904005642,2415.7620531287653,2483.246904005642,147600
2007-03-19,2460.213623046875,2479.334375751884,2367.8376819310893,2386.420464234555,188200
2007-03-20,2446.277099609375,2471.5106154614264,2425.542669704922,2469.5545326632773,164800
2007-03-21,2443.97900390625,2469.554692636945,2425.542826827574,2454.8840707004883,119600
2007-03-22,2511.072021484375,2522.3684459563865,2459.773804412684,2518.4562808599053,308700
2007-03-23,2473.6142578125,2533.1281952870236,2451.021636095346,2523.3477775446026,195300
2007-03-26,2452.09619140625,2503.7857705005,2435.5184388457737,2476.547224321294,139700
2007-03-28,2412.486083984375,2454.884280516317,2396.201787754971,2454.884280516317,343400
2007-03-29,2368.229248046875,2409.8939053971676,2352.72743579495,2401.0915331777787,255200
2007-03-30,2374.293701171875,2395.223694291217,2352.18986719901,2386.3723707356357,383600
2007-04-02,2256.34130859375,2317.957911299171,2208.4172842673115,2310.720501096413,501800
2007-04-03,2242.844482421875,2285.682743339231,2210.3735558179983,2230.0322833970845,388700
2007-04-04,2260.9873046875,2278.8365610130313,2234.9225957568715,2249.4953177381853,173200
2007-04-05,2254.092041015625,2272.9682884128483,2237.7587968539574,2249.4952940402545,166500
2007-04-09,2246.9521484375,2298.3972200230605,2231.890406847925,2266.953285482257,177500
2007-04-10,2220.49658203125,2259.2758314179673,2200.593342290228,2201.5713837756903,210400
2007-04-11,2228.32080078125,2264.1659238916936,2221.1321007162146,2221.1321007162146,232900
2007-04-12,2296.53955078125,2332.6291899056523,2201.57161697175,2222.110490341988,318600
2007-04-13,2380.454833984375,2396.201395811562,2252.5272117133272,2297.419215820963,297500
2007-04-16,2432.9267578125,2444.125283283304,2386.4208448224335,2386.4208448224335,252500
2007-04-17,2490.728759765625,2500.8515826456287,2401.0913709014544,2433.3667335245696,265800
2007-04-18,2442.1201171875,2517.4782452849945,2416.7399938225417,2464.6640163629318,176600
2007-04-19,2392.583251953125,2435.323622798101,2360.552389042829,2435.323622798101,155000
2007-04-20,2385.980712890625,2426.0314565664276,2370.9676833500366,2407.008600943912,149200
2007-04-23,2350.13525390625,2419.6740831746474,2332.823971317712,2385.9806094409296,125300
2007-04-24,2389.0615234375,2420.652306342869,2322.848172753258,2351.211371494245,143600
2007-04-25,2383.193603515625,2420.652639593344,2359.03602694915,2388.3772710654325,130900
2007-04-26,2442.1689453125,2465.5440351402563,2366.859770787445,2429.4544093537243,252000
2007-04-27,2402.36376953125,2493.0281833673675,2388.8667469104726,2425.543309043182,248600
2007-04-30,2393.7080078125,2421.631144900798,2369.35486604327,2372.7290620070016,75000
2007-05-03,2494.39697265625,2556.6005082306524,2410.8723231784843,2425.542945834743,404100
2007-05-04,2511.024169921875,2542.419404064446,2495.082281204829,2503.78675683977,248000
2007-05-07,2510.48583984375,2591.8098924672277,2494.983787050527,2518.4567823030607,105500
2007-05-08,2478.552490234375,2536.7459540534983,2464.9578101649568,2511.6103376052,90500
2007-05-09,2507.893798828125,2523.346901250628,2426.6674099292245,2493.907758557512,288700
2007-05-10,2552.150146484375,2605.502353927521,2513.566460057706,2522.368832875029,361300
2007-05-11,2660.860107421875,2674.9438111349873,2489.1159046941652,2578.1176914631906,775000
2007-05-14,2608.48486328125,2706.4355951910443,2591.8092128539506,2687.3637915492886,371300
2007-05-15,2577.823974609375,2634.8438427181172,2552.6883554173296,2608.4856716317145,294900
2007-05-16,2621.738037109375,2631.909572796728,2550.976641860671,2582.029458262119,489000
2007-05-17,2448.917724609375,2688.6357632146883,2342.409113459141,2640.711735423666,1869900
2007-05-18,2236.2919921875,2297.419588737563,2088.118698150148,2297.419588737563,3053900
2007-05-21,2198.93017578125,2269.055685192708,2190.8123857033042,2249.494860320357,707800
2007-05-22,2147.63232421875,2200.5931710228433,2122.3498582753646,2194.7249225667824,1110600
2007-05-23,2136.385498046875,2210.3253078230396,2127.436273160627,2151.251684236285,695000
2007-05-24,2122.0078125,2166.3620935387266,2107.679598905623,2127.240430449991,399600
2007-05-25,2123.083251953125,2137.0203411344364,2084.4506187838756,2127.239927673867,433500
2007-05-28,2156.728271484375,2176.142492150942,2137.0208293707005,2137.118729039523,274100
2007-05-29,2144.454345703125,2171.2525930058155,2137.119032888916,2169.9810910287433,321000
2007-05-30,2153.94091796875,2190.8130360426408,2132.130544005784,2132.130544005784,456400
2007-05-31,2175.7509765625,2210.275646682856,2156.6302195893923,2171.251890646603,613200
2007-06-01,2175.7509765625,2175.7509765625,2175.7509765625,2175.7509765625,0
2007-06-04,2169.736083984375,2302.4562657026972,2162.4497226792664,2302.4562657026972,170500
2007-06-05,2198.148193359375,2202.5493799534206,2156.581431082279,2166.3618457357134,152600
2007-06-06,2170.029541015625,2264.0681341206187,2162.4497195202466,2264.0681341206187,174400
2007-06-07,2105.527587890625,2181.03233672444,2102.789024196209,2165.3836742187937,333900
2007-06-08,2070.318603515625,2139.955120938299,2059.755705985401,2102.7895383991513,284700
2007-06-11,2068.802001953125,2105.7230635646274,2059.755119306598,2078.43580493182,165000
2007-06-12,2060.439697265625,2078.337902013004,2048.996661043409,2070.024550404952,177700
2007-06-13,2052.27392578125,2079.3656334991133,2042.1510985309562,2058.7778076665054,163800
2007-06-14,2060.733154296875,2078.3378988518557,2044.1064511060604,2058.7770715685438,113200
2007-06-15,2063.129638671875,2089.096688809784,2055.8432770965196,2073.4480244741303,111600
2007-06-18,2035.69580078125,2100.3444495481394,2029.436429714733,2085.086904251416,114700
2007-06-19,2074.9150390625,2083.228391799729,2012.8094039079072,2037.2604413703452,208000
2007-06-20,2115.3076171875,2142.8883320809105,2060.7328688701405,2093.008229417229,394500
2007-06-21,2132.765380859375,2141.9101613064663,2105.331517077266,2117.459132067808,232500
2007-06-22,2129.73388671875,2147.7787009999165,2079.315809802287,2141.8615033619126,100000
2007-06-25,2097.018798828125,2146.8010138422637,2081.3211855723453,2130.174308951458,231100
2007-06-26,2085.23291015625,2102.7887029669605,2074.425506508336,2101.9085613473276,101200
2007-06-27,2084.157470703125,2099.855084413804,2058.777341728485,2091.981802643186,126400
2007-06-28,2047.87255859375,2078.3384597984473,2039.2167946728293,2078.3384597984473,519400
2007-06-29,2094.476318359375,2112.5700899632266,2053.887587464248,2053.887587464248,312100
2007-07-02,2081.56591796875,2097.899164406562,2049.9751275506546,2053.8872938246063,165500
2007-07-03,2054.47412109375,2101.566724968614,2042.1507023778781,2085.1845294394807,130100
2007-07-04,2072.56787109375,2083.130528437854,2045.3293193740801,2066.6017223370864,144000
2007-07-05,2045.377685546875,2081.271751168724,2039.215978001311,2073.4474212771124,179500
2007-07-06,2063.2763671875,2082.69034697278,2040.1944931339503,2040.1944931339503,144900
2007-07-09,2059.217041015625,2092.9105165958904,2054.962704558797,2092.9105165958904,75800
2007-07-10,2079.609619140625,2123.328024961751,2058.7772881365663,2078.044657281486,449600
2007-07-11,2082.494873046875,2112.2761890971074,2059.755408071724,2079.6096983651005,224300
2007-07-12,2146.702880859375,2166.3616076642516,2060.048559820582,2073.447678667365,594700
2007-07-13,2136.580322265625,2190.617107949936,2122.3497725783554,2152.6690550437606,364200
2007-07-16,2206.41259765625,2221.1321694767453,2152.767166509336,2160.493598579538,445900
2007-07-17,2174.2353515625,2225.0445631721886,2157.559695102351,2215.264147509893,183400
2007-07-18,2230.91259765625,2244.605178264399,2166.655320701083,2174.2351421091653,366100
2007-07-19,2331.308349609375,2346.223481356107,2243.6270312789666,2243.6270312789666,610300
2007-07-20,2274.386474609375,2345.2455309173315,2255.657076086407,2327.7386842243127,225100
2007-07-23,2371.50634765625,2386.421481918239,2235.8030769119237,2278.836906913728,521200
2007-07-24,2391.849365234375,2405.982016723016,2333.606947927283,2380.895348523925,357900
2007-07-25,2302.211669921875,2381.5309269005247,2279.9125159216396,2366.860305174238,222400
2007-07-26,2363.4375,2381.5312693978894,2298.397734326505,2308.178150217256,434600
2007-07-27,2264.50830078125,2396.2014826743307,2249.6418801507393,2347.2015119453367,234700
2007-07-30,2243.7734375,2293.506934992388,2200.593007988432,2263.872234728886,204700
2007-07-31,2303.091796875,2317.860077852044,2130.076140434487,2225.044050129903,192100
2007-08-01,2236.2919921875,2298.397630282364,2221.523469349135,2298.397630282364,250400
2007-08-02,2241.1337890625,2288.5198655483455,2215.8515523169167,2288.5198655483455,133700
2007-08-03,2276.685302734375,2288.6173625953875,2244.6054902377837,2244.6054902377837,119700
2007-08-06,2248.907958984375,2269.055704284257,2200.5928166549907,2210.3732291734573,118100
2007-08-07,2227.097900390625,2288.3231414210504,2200.7884466177256,2264.312180174384,221800
2007-08-08,2259.813720703125,2278.8365791551637,2234.6291533583844,2238.149959311606,97500
2007-08-09,2233.993408203125,2293.311768751012,2221.621278676357,2287.6390802659034,117800
2007-08-10,2281.086181640625,2630.93156975939,2161.471661400837,2199.6152789549697,169800
2007-08-13,2322.84912109375,2347.300164473684,2244.752393026352,2283.678501843151,227800
2007-08-14,2340.453369140625,2356.9821753999554,2308.2758984825277,2330.7708535557554,216800
2007-08-16,2259.276123046875,2295.9526834859475,2217.6604047127357,2250.864869674305,239400
2007-08-17,2200.59326171875,2347.2994791666665,2161.471603732639,2251.4514171006945,239400
2007-08-20,2215.263671875,2322.8482210609823,2200.593051531457,2288.616773592715,141100
2007-08-21,2129.78271484375,2237.2693523703815,2127.239712089871,2220.3491910424364,95900
2007-08-22,2171.251953125,2200.348685379716,2102.78905370214,2153.8427680872583,121300
2007-08-23,2151.69091796875,2271.011959783381,2141.910504705256,2199.614942959872,161200
2007-08-24,2171.251953125,2194.724947212838,2153.7938182603134,2175.1641188063063,75400
2007-08-27,2243.626953125,2249.495201476678,2176.1420970806994,2200.593131879359,97000
2007-08-28,2244.60546875,2266.3179444826246,2212.8680666318905,2226.0226783769062,54100
2007-08-29,2261.23193359375,2282.7488464566663,2182.4016936841103,2210.373775917766,124800
2007-08-30,2308.177734375,2334.5848525225106,2284.264669586238,2293.5071131819386,249600
2007-08-31,2295.560791015625,2386.420730701387,2266.2195525233947,2327.7382537169265,151700
2007-09-03,2269.0556640625,2302.30906603583,2259.1773520821125,2302.30906603583,106300
2007-09-04,2229.445556640625,2288.6170662597333,2221.4256642498344,2277.4674888846903,103300
2007-09-05,2249.4951171875,2273.9461510699725,2237.758620923913,2244.604910411005,113600
2007-09-06,2288.61669921875,2298.3971124632744,2229.9342197516025,2229.9342197516025,105100
2007-09-07,2278.836669921875,2293.5072922604277,2269.0562550295062,2290.622117623111,48400
2007-09-10,2273.94580078125,2298.3968308971776,2240.692399823589,2252.4288942792336,119300
2007-09-11,2281.722412109375,2298.3980714046593,2250.718536944669,2260.645565017784,63300
2007-09-12,2339.47509765625,2364.9041748046875,2283.726736215445,2295.218723003681,251600
2007-09-13,2364.904541015625,2390.578132496874,2332.6291688677693,2347.29979257134,100800
2007-09-14,2308.275634765625,2405.981876430774,2308.1777351124497,2388.768252046892,90900
2007-09-17,2345.343017578125,2373.6083153973927,2317.957861409573,2322.848067868243,101700
2007-09-18,2347.299560546875,2361.7256724294025,2293.507278951009,2319.327478605161,70600
2007-09-19,2454.88427734375,2465.6427343360933,2362.11694131154,2396.006224105225,341400
2007-09-20,2444.125244140625,2533.12700373118,2431.606267563173,2533.12700373118,209400
2007-09-21,2435.322998046875,2481.4375528795654,2430.6283517404972,2449.993618517037,219100
2007-09-24,2514.251220703125,2537.7242165575685,2407.938158068308,2454.8841497771946,232600
2007-09-25,2474.445068359375,2542.907975389081,2431.41124108356,2518.456937164186,137900
2007-09-26,2463.58837890625,2493.712101683845,2406.959877542958,2484.225147890741,100800
2007-09-27,2453.906005859375,2494.0057054369895,2425.5428037191114,2484.225290905864,310900
2007-09-28,2474.445068359375,2489.115691294312,2430.433199554564,2455.862279308455,129800
2007-10-01,2445.102783203125,2493.026797753906,2419.6737142578127,2419.6737142578127,65300
2007-10-03,2491.07177734375,2493.0278604040905,2443.1477423654055,2463.6866144989817,223700
2007-10-04,2518.45654296875,2541.9295359905946,2461.8280428154026,2484.225094811893,195500
2007-10-05,2575.671875,2582.0291437250808,2489.1152162046706,2541.929448689956,227800
2007-10-08,2519.43408203125,2613.8150559893306,2514.7883864219148,2567.358099895975,286300
2007-10-09,2582.029052734375,2625.7474514395226,2518.45636772387,2518.45636772387,510300
2007-10-10,2542.907958984375,2615.91866314104,2533.127543757512,2592.7880766413764,262500
2007-10-11,2561.490234375,2616.0649881554086,2498.8955894723654,2585.892317717837,168600
2007-10-12,2484.225341796875,2567.358867014487,2474.3959772358025,2567.358867014487,183000
2007-10-15,2513.56640625,2557.4803697422785,2455.861963460603,2513.56640625,381300
2007-10-16,2484.3232421875,2537.0395820938556,2458.796264218949,2487.1594669486026,201900
2007-10-17,2430.726318359375,2444.810018886908,2080.2940399845224,2405.9818233953574,137800
2007-10-18,2410.872314453125,2489.115635003328,2390.333442808697,2489.115635003328,418400
2007-10-19,2464.66455078125,2493.712335230954,2349.2556551494295,2367.9363430898343,285000
2007-10-22,2407.9384765625,2454.884474480859,2376.6411446169272,2445.1040582478677,198800
2007-10-23,2469.554931640625,2471.5110147547957,2397.179856416306,2444.1258511564047,224700
2007-10-24,2438.25732421875,2518.2611622358486,2420.6525781955097,2502.808059637297,207300
2007-10-25,2445.054931640625,2474.3472283847505,2401.092011607654,2474.3472283847505,358500
2007-10-26,2454.88427734375,2480.2644076742977,2397.4243365891903,2480.2644076742977,192900
2007-10-29,2454.834716796875,2513.468245062363,2425.5424275746286,2425.5424275746286,114600
2007-10-30,2429.45458984375,2508.675935164742,2407.9376812380483,2508.675935164742,93400
2007-10-31,2422.119873046875,2493.027884674534,2410.8723953404187,2445.1038492296334,98900
2007-11-01,2376.640625,2482.269097222222,2349.2554655349795,2425.542695473251,115000
2007-11-02,2376.640625,2395.2234117798353,2327.738554526749,2347.2993827160494,118000
2007-11-05,2356.1015625,2371.7502237702365,2309.2045285116837,2347.299190535492,89100
2007-11-06,2412.828369140625,2435.323323534721,2348.277630444524,2364.904335866247,137900
2007-11-07,2381.531494140625,2433.465602933357,2381.531494140625,2433.367703253337,56600
2007-11-08,2396.20166015625,2396.20166015625,2347.3485352898133,2393.1696360131673,50600
2007-11-12,2261.57470703125,2342.4097539684267,2259.4717742139387,2336.834964314087,163300
2007-11-13,2284.704345703125,2316.979706751157,2277.8580569959668,2297.418881873562,96400
2007-11-14,2288.61669921875,2337.518765441373,2283.5309320875213,2337.518765441373,100000
2007-11-15,2274.141845703125,2308.1777346307267,2269.056078111562,2308.1777346307267,144200
2007-11-16,2298.39697265625,2308.177385305851,2269.055734707447,2271.011817237367,74600
2007-11-19,2371.750732421875,2405.0041447527383,2310.1341154558636,2327.738863160438,258100
2007-11-20,2372.728759765625,2398.157839631209,2347.299679900041,2374.4892822814845,143300
2007-11-21,2357.07958984375,2391.3110361692816,2298.397110428553,2357.07958984375,576500
2007-11-22,2443.783447265625,2454.884314478424,2357.0801585231084,2357.0801585231084,167600
2007-11-23,2494.005859375,2518.4079473804027,2430.4331609987744,2441.1916176470586,144100
2007-11-26,2523.3466796875,2546.819672056686,2499.042256660055,2528.2368864310806,171900
2007-11-27,2611.37109375,2611.37109375,2494.006100772472,2528.531017295966,180600
2007-11-28,2670.052978515625,2674.943185435983,2606.5781882012284,2621.150909312042,238000
2007-11-29,2682.767822265625,2689.6141127344035,2643.157141696264,2665.163075345909,232300
2007-11-30,2647.068603515625,2683.745149841816,2597.922031438529,2677.2412711384773,267400
2007-12-03,2714.064697265625,2729.7133585831925,2601.5899440456083,2635.8213906777873,353200
2007-12-04,2718.661865234375,2723.3565121133606,2641.690048201899,2641.690048201899,200800
2007-12-05,2738.51611328125,2762.9671500069758,2679.833625139509,2690.5920812988284,260800
2007-12-06,2667.118896484375,2777.637574629859,2645.6509355208923,2718.9550906588056,174200
2007-12-07,2660.077392578125,2777.6379363537844,2622.324894128491,2777.6379363537844,68400
2007-12-10,2658.3173828125,2699.3951348647906,2621.1517976223327,2699.3951348647906,72400
2007-12-11,2718.955322265625,2739.738703775749,2652.4485014332286,2660.272833295863,189700
2007-12-12,2718.857666015625,2739.2988781045865,2689.6143185728324,2701.3997672519695,210000
2007-12-13,2767.856689453125,2771.768854385214,2700.3718443745856,2737.5374112294335,140900
2007-12-14,2772.74755859375,2792.308387931272,2671.0312460386353,2671.0312460386353,131600
2007-12-17,2730.25146484375,2795.2422668542563,2709.2725249775553,2786.439894425394,114700
2007-12-18,2746.340576171875,2836.320395619102,2667.1192133976865,2836.320395619102,260600
2007-12-19,2695.53125,2784.4840742326387,2684.7238439650837,2784.4840742326387,150000
2007-12-20,2738.4677734375,2738.7122838592213,2671.0318468827263,2691.5707223073096,103000
2007-12-24,2656.849609375,2836.3202161558993,2630.931510848058,2787.418143463556,161200
2007-12-26,2606.479736328125,2723.7467779216354,2600.6114892669734,2723.7467779216354,174000
2007-12-27,2630.931396484375,2674.9432599943366,2532.1492139397947,2621.4444425503784,512000
2007-12-28,2557.578369140625,2649.5142646278982,2523.346918693236,2649.5142646278982,249700
2007-12-31,2559.534912109375,2591.3212646670954,2552.6886207892508,2567.35924504666,91900
2008-01-01,2550.732421875,2572.249336476706,2543.984030534519,2572.249336476706,31000
2008-01-02,2552.68798828125,2571.2707744028376,2503.9814800592676,2548.7758227819686,115800
2008-01-03,2526.280517578125,2542.9072186229673,2510.338397643915,2523.3463938643295,143100
2008-01-04,2534.10546875,2547.5045892387134,2513.5665977180624,2540.951759093979,113000
2008-01-07,2479.3349609375,2541.9296108388808,2469.5545468904093,2495.9616648175543,140100
2008-01-08,2481.29150390625,2541.832182573248,2469.5550048731893,2523.249392437568,143100
2008-01-09,2484.225341796875,2523.151440184112,2445.10368287094,2469.5547196996495,216200
2008-01-10,2449.994384765625,2561.491135210049,2445.1041764127995,2494.0062599410553,92500
2008-01-11,2454.93310546875,2542.7123297589933,2428.477035238711,2542.7123297589933,255500
2008-01-14,2391.50634765625,2489.114909342373,2387.594182769268,2445.103054363824,47700
2008-01-15,2405.004150390625,2454.8842690038505,2376.640945688987,2427.499105843648,77100
2008-01-16,2396.20166015625,2424.5648634805484,2352.8254243880874,2352.8254243880874,69100
2008-01-17,2386.47021484375,2420.652717584618,2369.892459139861,2396.6907007842856,101900
2008-01-18,2386.421142578125,2541.929733426454,2358.155840130761,2405.9819716156508,127700
2008-01-21,2210.5693359375,2428.477028453585,1907.1809123981031,2347.2995844899733,254500
2008-01-22,2053.83837890625,2249.495645764437,1809.3769324626994,2215.264190285413,269300
2008-01-23,2205.4833984375,2291.502093427726,2053.886978589246,2200.5931913456207,294700
2008-01-24,2122.349609375,2314.583673592976,2019.6552734375,2190.8125,107500
2008-01-25,2269.0556640625,2297.4188598632813,2122.3494788860453,2132.129891231142,103600
2008-01-28,2376.640625,2435.323109567901,2058.777166923868,2108.6572788065846,160300
2008-01-29,2318.98486328125,2396.2011758659883,2259.275394387932,2396.2011758659883,95700
2008-01-30,2249.4951171875,2327.738425611413,2171.2518087635867,2327.738425611413,131200
2008-01-31,2332.628173828125,2342.4085854584314,2182.987875884434,2234.824057525059,233200
2008-02-01,2396.20166015625,2405.9820750956633,2273.946473413584,2308.1779257015305,142300
2008-02-04,2426.5693359375,2454.78568325398,2377.6183227139386,2425.493395030764,120000
2008-02-05,2347.34765625,2444.1247780782564,2337.5672449731765,2444.1247780782564,38000
2008-02-06,2285.682861328125,2347.2994724807445,2249.4953277940467,2332.62885077774,94800
2008-02-07,2229.933837890625,2288.6163073087996,2205.5807085939146,2259.275072599712,78200
2008-02-08,2161.471435546875,2239.7147454309247,2152.669063184919,2239.7147454309247,105600
2008-02-11,2015.7437744140625,2249.4957210831362,2007.1859102577678,2115.210559194713,75200
2008-02-12,2022.589599609375,2170.9584310897835,2005.1804150676417,2063.6673380927377,79200
2008-02-13,1960.97314453125,2102.7891574774003,1951.1927298453086,2044.106669361752,168300
2008-02-14,2040.1942138671875,2053.886792483746,1986.3041604756952,1986.3041604756952,150800
2008-02-15,2138.976806640625,2149.6373637087227,2004.985118250243,2006.9412012924383,112600
2008-02-18,2164.3564453125,2185.9223037158204,2128.2178670629196,2151.6908582437604,64700
2008-02-19,2293.507080078125,2315.023990850713,2138.9765390749935,2185.9225262151854,280900
2008-02-20,2293.507080078125,2332.628736028285,2250.473258532949,2298.495186723626,115400
2008-02-21,2349.499267578125,2381.5301140816878,2288.1271876361843,2322.798697393287,128200
2008-02-22,2229.933837890625,2396.2008345754525,2226.021673262747,2396.2008345754525,258000
2008-02-25,2155.2607421875,2286.6606940943816,2127.239952803798,2268.0779082997733,238700
2008-02-26,2147.388427734375,2187.8303083039514,2143.1338508756303,2151.691715653799,126200
2008-02-27,2109.634765625,2200.592592793811,2104.8911705242576,2170.273317070874,400400
2008-02-28,2195.702880859375,2215.263708305784,2103.766991861254,2127.1420851478597,276600
2008-02-29,2226.02294921875,2269.056784792399,2159.516112423111,2172.279604593511,249300
2008-03-03,2210.37353515625,2278.8364322628595,2166.3616727305725,2190.8127074115046,171300
2008-03-04,2160.3955078125,2239.7147592071933,2054.8649384691325,2222.1100143749973,169800
2008-03-05,2079.31640625,2155.603649753057,2074.426198333137,2113.5478616680384,111100
2008-03-07,1863.1689453125,2073.4478551509187,1829.9155363147966,2073.4478551509187,596900
2008-03-10,1946.302490234375,1960.9731120200613,1673.428925020611,1819.1571014250942,608500
2008-03-11,2029.4361572265625,2091.0527730845256,1882.7299289933171,1956.0830431099398,621500
2008-03-12,2044.1063232421875,2102.788801421389,2009.8748776376533,2074.425603634775,407600
2008-03-13,2093.0087890625,2150.6153373243656,1926.839515996815,2034.3262996495328,1074600
2008-03-14,757.9822387695312,1036.7240943170364,705.2657727371397,738.9104276004915,2732200
2008-03-17,640.6171875,806.8842437977099,635.7758700982305,705.1679270038168,909100
2008-03-18,609.3197021484375,693.2356299274926,604.4294958711628,693.2356299274926,435500
2008-03-19,634.993408203125,653.33168529794,619.5403653102102,625.4575041138213,289700
2008-03-24,579.0005493164062,649.4195350440773,572.154259037327,635.726954485919,183300
2008-03-25,622.0343627929688,639.4434886805819,584.8687876575399,635.7269431060215,303300
2008-03-26,635.7269897460938,650.3976125863882,589.7590381798377,630.6900520262924,173600
2008-03-27,598.512451171875,658.2218671521154,591.715051451753,623.5013971908967,214900
2008-03-28,679.7388305664062,693.2357910904685,596.6053045259106,601.2021114341915,838300
2008-03-31,675.8265991210938,741.3553721183633,646.8276480883684,669.9583507929801,418400
2008-04-01,635.18896484375,679.7387362673251,619.1979530009489,679.7387362673251,1116400
2008-04-02,633.7708129882812,674.8485508671513,629.9075376059296,664.5791163974338,265000
2008-04-03,668.9803466796875,682.6729268748858,625.9465232090644,638.6610619617485,245600
2008-04-04,651.96240234375,679.7388032164595,644.2359107572297,644.2359107572297,114500
2008-04-07,661.1560668945312,665.0682329708302,647.4634856274847,651.9624527372619,29000
2008-04-08,655.2877807617188,665.0681953999533,643.5512831958372,655.2877807617188,65100
2008-04-09,635.7269897460938,659.151096153414,624.039381611009,650.3976125863882,216400
2008-04-10,642.5731811523438,654.7009180383573,621.0562709767706,637.682974294259,96800
2008-04-11,647.4631958007812,663.9921139522014,636.7047439068106,663.8453839120548,21100
2008-04-15,681.6950073242188,684.6291321764033,628.5873594386624,636.7050929240552,96200
2008-04-16,684.6290283203125,694.4094430106027,677.7827380371094,684.6290283203125,92000
2008-04-17,691.3775024414062,701.2556968878029,684.6289927774924,694.4094069600279,94300
2008-04-21,671.9143676757812,700.2775651468113,640.5192660771885,694.4093173941844,151600
2008-04-22,669.9584350585938,682.3795741877145,662.3786133480769,665.0682275034216,54000
2008-04-23,675.9243774414062,762.8722804646338,665.0681419435269,665.0681419435269,67700
2008-04-24,675.8265991210938,699.2995924335486,658.2218541367527,684.6289716132643,114000
2008-04-25,680.0810546875,688.5411365644443,674.8485571441286,674.8485571441286,37700
2008-04-28,674.8484497070312,687.5629857160043,672.8923672441123,684.6288620216259,12800
2008-04-29,684.6779174804688,687.5631517489813,670.83866653035,676.9024758737698,26600
2008-04-30,697.343505859375,708.1019610689866,665.6549411821917,684.6289678843793,66700
2008-05-02,719.83837890625,729.6187916631284,698.4192510907255,698.4192510907255,53600
2008-05-05,725.7066040039062,735.4870164567891,720.9141780240336,728.6407277397711,40500
2008-05-06,756.0260009765625,767.7624977575699,716.904345039871,728.5430615590005,56800
2008-05-07,723.6528930664062,758.9601655497098,710.2537132562497,749.1797510452033,131000
2008-05-08,702.8204345703125,722.7725004081185,700.0330408215302,713.9701289552456,41100
2008-05-09,675.7289428710938,713.8725640040101,670.9365153123234,670.9365153123234,83500
2008-05-12,668.1001586914062,683.2598027110597,654.2609065807384,666.0951854535971,28000
2008-05-13,661.1560668945312,682.6240901772054,657.2439008182322,674.8486481615778,60100
2008-05-14,645.5072631835938,676.6578549607798,644.5292218757398,662.1339654171106,119500
2008-05-15,653.3314819335938,668.4911196131907,650.4951387478407,668.4911196131907,112900
2008-05-16,655.18994140625,660.1779285439521,647.4633906608834,654.407460549827,307000
2008-05-20,648.9305419921875,663.11214388953,646.9744589718644,660.1780193590453,68900
2008-05-21,635.7269897460938,655.1900399255179,630.8367821326623,651.3756541090745,252700
2008-05-22,650.4952392578125,683.6508629257343,621.0562202544223,627.3157083995147,443900
2008-05-23,660.177978515625,668.9803515625,650.3975640190972,660.177978515625,100900
2008-05-26,48.53452682495117,59.479058355791764,48.140562819852896,57.653367953962245,32015453
2008-05-27,53.29574203491211,58.70554881401258,47.18928815155478,48.52492453533876,44267762
2008-05-28,61.58821487426758,63.95680826228609,54.19417170926778,54.19417170926778,46706683
2008-05-29,60.76665496826172,67.55053764381479,58.42208509832687,63.096812248076745,46030250
2008-05-30,61.88129806518555,64.18743606175929,56.529144541614755,61.7275575219114,31122483
2008-06-02,66.00830078125,67.16617305754073,59.7673250378113,62.45781556597943,22875150
2008-06-03,64.57658386230469,66.28216452994212,60.78106936804194,64.57177842181102,23404269
2008-06-04,57.552494049072266,64.76397319905395,54.444015075620946,64.76397319905395,28832891
2008-06-05,60.713802337646484,61.4777068732456,54.99170596058215,57.94163426964878,13687151
2008-06-06,60.62252426147461,61.77559121649513,58.42688936781519,61.4248649432414,8089077
2008-06-09,60.526432037353516,62.26564329159584,55.7315949490586,59.57515257814333,7719303
2008-06-10,64.30752563476562,64.86003931380382,59.38296811682476,59.38296811682476,9559443
2008-06-11,62.79413604736328,65.53267024412685,61.602636682947875,64.57178353956822,7641142
2008-06-12,58.22029495239258,61.3479910248099,57.74945882403161,60.439949387123505,4217156
2008-06-13,55.808467864990234,60.007553524502306,55.034948649221654,58.32599633832495,4666984
2008-06-16,59.003421783447266,59.382973231372915,56.428239212308846,57.1729295176682,5053004
2008-06-17,58.71515655517578,60.15168855029804,58.14342851385846,58.61426468821348,2532919
2008-06-18,56.87985610961914,59.306103551793946,56.22164882335539,59.094705215747425,1449275
2008-06-19,58.79202651977539,60.05559618531406,55.54422036279629,55.73159522990355,4763924
2008-06-20,53.32455825805664,59.40698764777756,51.119316590025775,57.94163073185536,2945169
2008-06-23,54.328697204589844,55.337634552992704,52.848927401508625,52.94501756110228,5241846
2008-06-24,52.76725387573242,54.96288512069167,51.599770555303245,54.33830840697428,2997232
2008-06-25,55.45293426513672,60.776261494008736,51.88803255519518,52.0802128579261,1264821
2008-06-26,56.71650314331055,57.65336998111008,55.539412795764605,55.539412795764605,1368580
2008-06-27,54.0936393737793,56.3074375257906,52.93861555090866,56.3074375257906,1740187
2008-06-30,51.769161224365234,54.86366468518948,50.05106232312385,54.38240594388865,1072600
2008-07-01,49.8344841003418,51.6777099337547,48.38107727370496,51.494830681577646,875656
2008-07-02,50.29648971557617,51.01356964154174,47.644748158663326,49.18478094332956,2293378
2008-07-03,46.056602478027344,49.459112527503535,42.92841136441604,47.66401105927688,2966869
2008-07-04,48.097129821777344,48.126003916515316,43.02464725470533,45.36838585304094,1004689
2008-07-07,50.22430419921875,52.36109960165637,47.611063748946286,47.611063748946286,4297291
2008-07-08,49.17996597290039,49.858544593115646,45.796707536406636,45.796707536406636,2404986
2008-07-09,49.86335372924805,52.938605572915975,49.281032068968294,52.938605572915975,926660
2008-07-10,48.7805290222168,50.03661969070693,48.126014516211086,49.56979805362648,852174
2008-07-11,46.09991455078125,50.05106255057684,44.91601647215007,50.041439094848684,465808
2008-07-14,44.45881271362305,47.933511397510735,43.794674758425025,47.933511397510735,804600
2008-07-15,43.169029235839844,44.56468411140052,41.97069439605398,43.024651274135756,534880
2008-07-16,40.90229415893555,43.501097306125295,40.18521425358831,42.35088728017632,2741721
2008-07-17,40.59428405761719,42.25463036743511,39.95420677963136,42.25463036743511,3984689
2008-07-18,39.53070068359375,41.195860767963765,37.350594301687416,39.01575438605743,1699097
2008-07-21,39.53070068359375,40.579851396422086,39.280446058878596,39.55957851706906,1110026
2008-07-22,40.42585372924805,40.902302565731006,38.72700563926123,38.72700563926123,1272495
2008-07-23,42.14395523071289,43.3086063575118,41.200684687894636,41.67713355563314,5336078
2008-07-24,43.44816589355469,46.24909936803119,42.254640796796,42.254640796796,1494845
2008-07-25,42.95246124267578,43.794668490191725,41.96587977425056,41.96587977425056,397562
2008-07-28,41.970699310302734,43.505918731995614,41.58569012159088,42.062138945906,154489
2008-07-29,41.37393569946289,41.86963142023174,41.00336357056458,41.86963142023174,549415
2008-07-30,42.11507797241211,42.591523067195745,39.30933079851936,39.30933079851936,145888
2008-07-31,42.60596466064453,43.02465782351067,41.2921220193285,41.2921220193285,141206
2008-08-01,42.63965606689453,43.303794102138134,40.714613625540125,41.3883788537406,240314
2008-08-04,43.568477630615234,43.78985817968941,41.50868477454406,41.50868477454406,124035
2008-08-05,45.03632354736328,45.719712132478016,42.15838749427086,43.56847955201675,159537
2008-08-06,46.4127197265625,47.837248583247145,44.75718689746526,44.75718689746526,471040
2008-08-07,49.59866714477539,51.49483133992752,45.25288739547443,47.644751015997926,1295723
2008-08-08,49.8104133605957,51.01356539164587,48.60726506680855,49.08852363687081,414437
2008-08-11,52.024227142333984,56.98120727436672,50.82107473807617,51.49483993496998,2398359
2008-08-12,50.40718460083008,52.93861267153904,49.32916342138887,52.93861267153904,553547
2008-08-13,52.37073516845703,53.41988239275491,49.08853896101189,49.93074265585027,784029
2008-08-14,50.912513732910156,52.885680810470475,50.5323181161674,51.49483927987607,281689
2008-08-18,49.969234466552734,50.821065192229945,48.511017793654986,48.511017793654986,535154
2008-08-19,52.0434684753418,52.92898690178533,48.31851551725976,48.31851551725976,1849005
2008-08-20,51.17238998413086,53.044490022288365,50.34943330232749,53.044490022288365,304215
2008-08-21,50.830692291259766,52.553604383646,49.714166145000476,49.714166145000476,275358
2008-08-22,50.28205871582031,50.984697940818954,49.81042350199343,50.436063881444,246421
2008-08-25,50.99432373046875,52.06753131553533,50.14730655461428,51.01357437564251,311024
2008-08-26,50.782569885253906,52.741299799207034,50.06549358409076,50.06549358409076,498492
2008-08-27,50.02217483520508,53.318807602318884,49.28103808617454,53.318807602318884,448352
2008-08-28,52.38515853881836,52.93860610948371,49.1366508790914,49.1366508790914,710988
2008-08-29,51.716217041015625,53.70863465757395,51.24458180860273,52.93861627363849,501067
2008-09-01,51.41301345825195,52.457346799296374,51.01356729789613,51.24457127066754,98395
2008-09-02,51.600711822509766,52.226352210371495,51.336020112115236,51.49483513835195,183548
2008-09-04,50.647823333740234,51.86059920972242,50.15693741521599,51.01358190878939,344715
2008-09-05,50.52750015258789,52.36109880727388,50.05105137471779,50.060674828297124,347239
2008-09-08,50.22911834716797,52.4573534021901,49.858549972553995,52.4573534021901,393704
2008-09-09,50.26279067993164,50.821051737639856,49.617903615163314,50.05103738772637,734439
2008-09-10,50.10399627685547,51.95684955597571,48.60727809757267,49.28104326609493,702031
2008-09-11,46.114349365234375,50.339816101303725,45.52721395090671,50.051060121770476,483600
2008-09-12,45.171077728271484,47.06724203966541,43.61179411111538,46.297223685316425,241271
2008-09-15,42.687774658203125,43.78023666525844,39.41520597008459,43.313411305841626,175070
2008-09-16,38.80882263183594,40.517298114007104,37.35060558725939,40.517298114007104,2858132
2008-09-17,38.7077522277832,40.796419225881785,37.68748296981916,38.98207112200559,571828
2008-09-18,35.92606735229492,38.01954782270395,33.7844584025514,38.01954782270395,427008
2008-09-19,36.07044219970703,37.53347235236428,34.88173090140986,37.53347235236428,1454293
2008-09-22,37.547916412353516,37.87517366071511,36.09450944093958,36.09450944093958,888410
2008-09-23,36.95595932006836,37.21584111814317,36.19075471027491,36.19075471027491,167619
2008-09-24,37.45165252685547,37.92328761901152,35.99824970617665,35.99824970617665,126223
2008-09-25,38.12542724609375,38.693315687430164,36.3832643680105,36.3832643680105,308958
2008-09-26,36.61909103393555,38.212058836656745,36.291833747265194,36.99928666957337,112024
2008-09-29,36.26776885986328,37.05703422122464,35.882759634613336,36.248518211737576,361967
2008-09-30,37.215843200683594,37.538286800283856,32.725685832625324,32.73530928552144,294799
2008-10-01,35.02130126953125,37.2447228441378,34.746982368078996,36.431393331374345,176332
2008-10-03,33.688209533691406,36.161885602252,32.6053710505773,35.32449190388882,728780
2008-10-06,30.175010681152344,33.01444533710429,29.00073440728797,32.72568939708422,399251
2008-10-07,28.139278411865234,31.561038555337493,26.984254647776105,30.319386887762573,140157
2008-10-08,23.389249801635742,28.39435560159539,22.715484481276313,28.105599569622044,203570
2008-10-10,18.812458038330078,22.234218092912865,18.812458038330078,19.274467905690145,1352722
2008-10-13,17.80662727355957,20.597935767293468,16.93073398950843,20.597935767293468,451925
2008-10-14,18.23494529724121,18.841331233664416,17.73924589106716,18.576639553045304,353529
2008-10-15,16.762292861938477,17.89325450740925,16.56016477907987,17.325367820639986,255215
2008-10-16,15.867147445678711,16.44947106442015,15.592828549681585,16.36284502812204,705787
2008-10-17,15.246319770812988,16.3628440660632,14.43780298314549,15.881583561754802,747397
2008-10-20,14.91906452178955,15.588015118192068,14.53405534419752,15.400324125147698,3449493
2008-10-21,14.476304054260254,15.881583322920017,14.158672163566047,14.765059044460626,793179
2008-10-22,14.428178787231445,14.919064652063366,13.860291273071928,13.860291273071928,220751
2008-10-23,13.537846565246582,13.908416798425238,13.475282905252662,13.59559756413975,268478
2008-10-24,12.185508728027344,14.149050666769677,12.185508728027344,13.090278034422024,335890
2008-10-27,10.967917442321777,12.036315139723007,10.967917442321777,12.036315139723007,37660
2008-10-29,10.963103294372559,11.559866657239448,10.760974355954982,11.559866657239448,336450
2008-10-31,11.227798461914062,11.511740801885628,10.419281655650325,11.376989090876892,584815
2008-11-03,11.555055618286133,11.790874166741165,11.261486999584603,11.55024295671293,30867970
2008-11-04,11.776433944702148,12.132566161880373,11.357737138958472,12.132566161880373,748445
2008-11-05,12.031501770019531,12.339508328944836,11.935249486776414,12.127754053262649,645092
2008-11-06,11.74274730682373,12.127755553094076,11.579118685369341,11.935250962800927,1271294
2008-11-07,12.329882621765137,12.329882621765137,11.386612330963422,11.386612330963422,336908
2008-11-10,12.835206031799316,12.950708960107768,12.522387742104415,12.522387742104415,422061
2008-11-11,13.480096817016602,13.480096817016602,12.705268531678545,12.705268531678545,98731
2008-11-12,13.533035278320312,14.052796189768257,13.090276017987469,13.090276017987469,895982
2008-11-14,13.181714057922363,13.946917814838493,12.994022147290469,13.667787213709895,305436
2008-11-17,12.56088924407959,13.1865268150026,12.522388887332976,12.609014923591841,211712
2008-11-18,11.944875717163086,12.503136946944512,11.935250394675005,11.940063055919046,80359
2008-11-19,11.487676620483398,11.838997096405551,11.348111335931758,11.838997096405551,1120204
2008-11-20,11.357738494873047,11.357738494873047,10.91497926729308,10.934229912226794,487550
2008-11-21,10.948668479919434,11.357739100684869,10.770601873416481,10.770601873416481,506339
2008-11-24,10.491472244262695,11.049733555801787,10.452970948671837,10.597349872821512,994439
2008-11-25,9.966896057128906,10.82835212669758,9.966896057128906,10.443343905743639,1856558
2008-11-26,9.471197128295898,9.904330963852441,9.471197128295898,9.500073091059303,444047
2008-11-27,9.471197128295898,9.471197128295898,9.471197128295898,9.471197128295898,0
2008-11-28,9.196880340576172,9.50007424929384,8.99956404058367,9.336445642316708,1920774
2008-12-01,8.956250190734863,9.658890302612797,8.74930763203103,9.143941170719506,1715687
2008-12-02,8.734871864318848,8.961064166289123,8.508679562348572,8.961064166289123,136025
2008-12-03,8.82149600982666,9.047688239163644,8.484613528794007,8.484613528794007,38756643
2008-12-04,9.148754119873047,9.264256109502153,8.758933269822137,8.758933269822137,3230096
2008-12-05,9.605951309204102,9.605951309204102,9.04768919982117,9.04768919982117,307390
2008-12-08,10.087212562561035,10.087212562561035,10.087212562561035,10.087212562561035,73285
2008-12-10,10.525157928466797,10.592534248535044,10.10646109065914,10.592534248535044,3662509
2008-12-11,10.366342544555664,10.587722160858393,10.125713217416637,10.587722160858393,279186
2008-12-12,10.193089485168457,10.587723073215349,9.865833160960301,9.865833160960301,386772
2008-12-15,10.395217895507812,10.703223528088877,10.096836650615899,10.096836650615899,472282
2008-12-16,10.226778030395508,10.712850318042543,10.01021105855483,10.01021105855483,5335478
2008-12-17,9.716642379760742,10.65509925245609,9.716642379760742,10.015022729543873,373550
2008-12-18,10.15939998626709,10.202713933912273,9.43269660684039,9.44232286285515,105174
2008-12-19,10.669537544250488,10.669537544250488,9.817706687849798,9.817706687849798,569996
2008-12-22,11.102669715881348,11.203733719762553,10.496281955330987,10.972728814109283,2521397
2008-12-23,11.660930633544922,11.660930633544922,10.905352278506836,11.261484483784601,279908
2008-12-24,12.24807071685791,12.24807071685791,11.742747781945507,12.24807071685791,149623
2008-12-26,12.864082336425781,12.864082336425781,12.864082336425781,12.864082336425781,857029
2008-12-29,13.508970260620117,13.508970260620117,13.018085380837313,13.446406602191667,1053474
2008-12-30,14.18754768371582,14.18754768371582,13.667786849063662,14.091294466148593,1486061
2008-12-31,14.408927917480469,14.899812840370627,13.667788338900243,14.389678206184575,1147717
2009-01-02,15.207818031311035,15.207818031311035,14.052794350105565,14.58217958111417,255480
2009-01-05,15.968213081359863,15.968213081359863,15.544705352072706,15.727583710953889,131302
2009-01-06,16.76710319519043,16.76710319519043,16.001898433932904,16.76710319519043,1335419
2009-01-07,16.964420318603516,17.609309508676066,16.27621810776185,17.609309508676066,1343042
2009-01-09,17.39754867553711,17.7969947947749,16.117397898555435,16.45909209622943,332928
2009-01-12,18.225322723388672,18.268635744145186,16.940357939609584,17.51786986604837,410610
2009-01-13,19.139719009399414,19.139719009399414,18.19163484880238,18.480392707502375,296194
2009-01-14,20.097423553466797,20.097423553466797,19.731665025354474,20.097423553466797,73285
2009-01-15,19.096399307250977,20.597930824950577,19.096399307250977,20.405428125801585,1626524
2009-01-16,18.143505096435547,18.143505096435547,18.143505096435547,18.143505096435547,120106
2009-01-19,17.238739013671875,17.238739013671875,17.238739013671875,17.238739013671875,18321
2009-01-20,18.105003356933594,18.105003356933594,16.37727966368045,16.37727966368045,678905
2009-01-21,17.262800216674805,18.740269480396123,17.20023655423369,18.10500566477514,5689455
2009-01-22,16.622724533081055,17.614119669783356,16.401345852928422,17.51786831345158,428769
2009-01-23,15.948960304260254,16.959608009805457,15.794957004536103,16.959608009805457,286392
2009-01-27,15.395509719848633,15.785329646089211,15.154879478267993,15.785329646089211,115251
2009-01-28,16.165525436401367,16.165525436401367,14.731371155014779,14.928687451650607,338944
2009-01-29,16.107772827148438,16.844101429621354,15.78532739638277,16.122209873446735,246604
2009-01-30,16.598663330078125,16.91629338893089,15.592829204481857,15.881585162443969,242146
2009-02-02,15.953773498535156,16.74785235040884,15.886396239075243,15.886396239075243,46627
2009-02-03,15.174132347106934,16.228091221965062,15.159694362317923,15.78533196099793,2282070
2009-02-04,14.765061378479004,15.799771517314012,14.466681019052201,14.91906562145686,77051
2009-02-05,14.620680809020996,15.010502607876468,14.534053846421541,15.010502607876468,47014
2009-02-06,14.22605037689209,14.866125970176634,14.076858799433777,14.437804687430225,59564
2009-02-09,13.629286766052246,14.673620254175834,13.523409151690874,14.437803587567362,341173
2009-02-10,14.269363403320312,14.312677358368903,13.475284504905384,13.475284504905384,553873
2009-02-11,13.773665428161621,14.2452997193773,13.667788742799639,13.850667078568502,146468
2009-02-12,13.518596649169922,14.206798814812316,13.398281983800773,13.667788217015243,300906
2009-02-13,13.78328800201416,14.197172168821217,13.475282375259408,13.571533724857085,189564
2009-02-16,13.513784408569336,14.221236258451082,13.475283119152156,13.816977391150159,108431
2009-02-17,13.61003589630127,13.821790187214596,13.475283250657872,13.475283250657872,159894
2009-02-18,13.619661331176758,13.860291607928483,13.42715860468094,13.475284286304895,103718
2009-02-19,13.523409843444824,13.759227456431837,13.417532223667564,13.484909485363255,123699
2009-02-20,14.04798412322998,14.201987431983529,13.475284844355478,13.475284844355478,152219
2009-02-24,14.543680191040039,14.630308094047182,13.345342481829219,13.956543923945981,194562
2009-02-25,15.07787799835205,15.198193587577165,14.538867447415326,15.198193587577165,139465
2009-02-26,15.178943634033203,15.592827822255169,14.91906366863076,14.92387632979124,395933
2009-02-27,14.962373733520508,15.352195497708118,14.91906165754641,15.352195497708118,379749
2009-03-02,14.53886890411377,15.251133451681978,14.259737344479147,14.919064485017051,122956
2009-03-03,14.562931060791016,14.82281103655752,13.995044495733891,14.052795497646901,1203923
2009-03-04,14.201984405517578,14.880561164922842,13.956542443627452,14.437801980188093,75229
2009-03-05,13.980605125427246,14.692870526115982,13.523407948177196,14.052794104239577,40032
2009-03-06,13.696660995483398,14.413739060122952,13.119150096823585,14.413739060122952,2350999
2009-03-09,14.250110626220703,14.331923988418488,13.513782891914307,13.571532950926985,185401
2009-03-12,14.05760669708252,14.611055220526687,13.860289470785455,14.149046318953172,35024
2009-03-13,13.937292098999023,14.82281054679293,13.768851760177892,13.768851760177892,779683
2009-03-16,14.312674522399902,14.437801832448415,13.821788735011173,14.423363850293015,81031
2009-03-17,13.966169357299805,14.437804591958727,13.932481660147587,14.14904863092379,242869
2009-03-18,14.274174690246582,14.630307882416286,14.009482061039483,14.009482061039483,133409
2009-03-19,14.529242515563965,15.18856867342516,14.062419063272575,14.062419063272575,249688
2009-03-20,14.611054420471191,14.822808683413186,14.250110482236327,14.250110482236327,44541
2009-03-23,15.395509719848633,16.074085562259643,14.437802348732475,14.437802348732475,280478
2009-03-24,15.843080520629883,16.074084490714156,15.409946675248204,16.02595975364834,174958
2009-03-25,15.751643180847168,15.881584100695822,15.400323580055865,15.70833016377489,83830
2009-03-26,16.242530822753906,16.454284204615913,15.612079601702138,15.708331903352518,104726
2009-03-27,16.31471824645996,16.84410538746898,15.881584332160866,15.881584332160866,83178
2009-03-30,15.482137680053711,16.343594743851344,15.30407294213644,16.343594743851344,650100
2009-03-31,16.271408081054688,16.459099103092576,15.4965778790592,15.963401438854582,139496
2009-04-01,17.23392677307129,17.517871027761974,15.929713124735176,16.1703424871649,137949
2009-04-02,17.176176071166992,18.095384300989878,16.58422701196011,17.806628297741206,181360
2009-04-06,18.085752487182617,18.27344344822475,17.25317247824134,17.25317247824134,233474
2009-04-08,18.413007736206055,18.769140847025383,16.921101788662458,16.921101788662458,322739
2009-04-09,18.210880279541016,18.86539466610159,17.628556738445557,18.379322471240258,157970
2009-04-13,18.047252655029297,19.154151605187927,17.517867419278467,17.517867419278467,94181
2009-04-15,18.177196502685547,18.287886789299893,17.57080859298647,18.095382186748687,100583
2009-04-16,18.822084426879883,19.341844389207257,18.384136906294795,18.817270831111575,207295
2009-04-17,19.19265365600586,19.250405595954298,18.754707984942126,19.240782141261537,173950
2009-04-20,20.891504287719727,21.112882994189096,19.086777594378535,19.250406227636436,740964
2009-04-21,21.608579635620117,22.460408519177584,19.380344602337683,20.694185222347695,771347
2009-04-22,22.59516143798828,23.100484328287976,20.88668818600252,21.94546244766335,522523
2009-04-23,22.455596923828125,23.100484183174938,22.041713665428745,22.619225536429145,299553
2009-04-24,22.893543243408203,23.10048299331705,21.42088580585255,22.340093772662588,119923
2009-04-27,22.239030838012695,22.98979667326838,22.04171452355655,22.619226417040636,49803
2009-04-28,21.521953582763672,22.0898401767869,21.27169891693729,22.02246478304839,54780
2009-04-29,21.002193450927734,22.426722587152376,20.506493981554758,21.752959311541247,65468
2009-04-30,21.002193450927734,21.002193450927734,21.002193450927734,21.002193450927734,0
2009-05-04,22.056148529052734,22.056148529052734,21.295757475952875,22.051336802632736,105856
2009-05-05,22.14759063720703,23.081235713068217,21.392011225630732,22.137965314653915,1070360
2009-05-06,21.714454650878906,22.14758851843744,21.46419815707076,22.14758851843744,79015
2009-05-07,22.676979064941406,22.802106396635757,21.175445478713407,21.656706027918695,383118
2009-05-08,23.596181869506836,23.769435791706048,22.81172655875397,22.81172655875397,460007
2009-05-11,23.292984008789062,24.42875874275106,22.734722896584636,24.06300030250107,1510489
2009-05-12,24.31807518005371,24.457639562173995,22.72510382629006,22.72510382629006,171568
2009-05-13,24.94371223449707,25.20840393275993,23.966754142821898,23.966754142821898,413165
2009-05-14,23.889751434326172,24.56351653396457,23.769437706172884,24.06300537047981,33833
2009-05-15,22.710664749145508,24.159257995640083,22.696225831455905,23.292988336375842,285751
2009-05-18,22.710664749145508,22.710664749145508,22.710664749145508,22.710664749145508,0
2009-05-19,23.846437454223633,23.846437454223633,23.846437454223633,23.846437454223633,653459
2009-05-20,25.03996467590332,25.03996467590332,24.65014376773841,25.03996467590332,629031
2009-05-21,26.29605484008789,26.29605484008789,26.291241244379076,26.291241244379076,53946
2009-05-22,27.614709854125977,27.614709854125977,27.614709854125977,27.614709854125977,110945
2009-05-25,28.99592399597168,28.99592399597168,28.99592399597168,28.99592399597168,4651
2009-05-26,30.256820678710938,30.44932524606861,28.403969590209442,30.44932524606861,815308
2009-05-27,31.772794723510742,31.772794723510742,30.800650134454344,31.772794723510742,142499
2009-05-28,33.36575698852539,33.36575698852539,33.36575698852539,33.36575698852539,15267
2009-05-29,35.03573226928711,35.03573226928711,35.03573226928711,35.03573226928711,806137
2009-06-01,36.78752136230469,36.78752136230469,34.84323246003184,36.566140822759714,1017850
2009-06-02,38.630741119384766,38.630741119384766,37.53828311656054,38.54892869737486,76338
2009-06-03,40.56541442871094,40.56541442871094,40.56541442871094,40.56541442871094,18321
2009-06-04,39.57401657104492,42.59633026220192,38.53930661728622,42.59633026220192,2502435
2009-06-05,38.52487564086914,40.90711234407344,38.12061579632888,40.04084445199915,510848
2009-06-08,37.29766082763672,39.65583690103823,36.59983145985328,39.46333044366028,415242
2009-06-09,38.481571197509766,38.885827375264164,36.113771132251095,36.113771132251095,604093
2009-06-10,38.31311798095703,39.56439493094286,37.1773448985749,38.11580167674838,358313
2009-06-11,38.50080871582031,38.78956839699161,38.02436365073103,38.02436365073103,325712
2009-06-12,38.471923828125,39.4633187083854,38.01953939370883,38.50079791951347,470938
2009-06-15,38.52967834472656,38.982062809629475,38.01954195589208,38.308297838287004,203773
2009-06-16,39.453712463378906,39.65584240303813,37.53829723893103,37.53829723893103,99851
2009-06-17,39.458518981933594,40.618356325771174,39.03019493461874,39.944591226851685,183976
2009-06-18,38.36124038696289,39.46332570847375,37.48534545415092,38.50080474886781,146122
2009-06-19,37.932926177978516,39.26601569657835,36.78271219529843,38.019552218627645,112116
2009-06-22,37.99067687988281,38.30830693100354,37.682670283070074,38.06767946340195,300754
2009-06-23,36.15707015991211,38.01954657509439,36.09450463373575,38.01954657509439,236792
2009-06-24,35.73836898803711,37.244713918501105,35.372610540420865,37.0570211000499,221321
2009-06-25,36.91264724731445,37.02815110796427,36.09450424420328,36.09450424420328,400493
2009-06-26,38.35163116455078,38.76070094897174,36.96078941280185,37.52386066452627,157196
2009-06-29,40.09858322143555,40.271838985301024,38.597051954248464,40.23333770444203,118050
2009-06-30,38.0965461730957,40.04564846377939,38.0965461730957,40.04564846377939,67178
2009-07-01,36.1955680847168,37.53828447115673,36.1955680847168,36.575763589893626,157766
2009-07-02,35.91086959838867,37.34884958924295,34.38603261080998,34.4921915787207,194236
2009-07-03,36.32103729248047,36.98212338199679,35.91087687926095,36.38376964836185,163822
2009-07-06,34.554927825927734,37.54186979538982,34.506671018895894,36.673292235557135,439395
2009-07-07,33.62362289428711,35.51036765009877,33.3920029268162,33.585018941837134,79514
2009-07-08,33.232765197753906,34.15924883617613,32.61993212255123,33.778039481000775,89021
2009-07-09,33.097652435302734,33.2954948921589,32.330407269075494,32.90945909347971,63106
2009-07-10,32.8611946105957,33.585009139707694,32.436555004810344,33.198973475105355,59279
2009-07-13,31.577634811401367,33.295487949097065,31.379790522186827,33.295487949097065,130366
2009-07-14,32.508934020996094,33.19896715989176,31.751338377040348,32.33038989018091,57691
2009-07-15,34.20749282836914,35.02299082138587,32.71643332563609,33.565708832054426,312663
2009-07-16,35.722686767578125,37.628733559706944,35.32700186333448,35.69856210695801,422804
2009-07-17,35.413848876953125,36.576778600401475,35.03263962626317,36.190742920059904,439924
2009-07-20,34.969913482666016,36.161794373172484,33.98552411499768,35.225661810949305,162041
2009-07-21,34.50185775756836,35.02783011780103,34.07721797476287,34.55011083054853,103779
2009-07-22,33.78285598754883,34.93613670414643,33.4692054816803,34.74311697275067,285710
2009-07-23,36.11837387084961,36.557485393724534,32.812950762506894,32.812950762506894,192964
2009-07-24,36.533348083496094,37.34884598248869,35.133972170151274,36.09423296544756,211326
2009-07-27,36.19074630737305,36.93386665415565,35.7371593055948,36.93386665415565,104960
2009-07-28,35.23531723022461,36.09424580248001,35.04230121558214,36.09424580248001,271358
2009-07-29,33.82146072387695,35.66960127498575,33.155552003077176,34.743117784328994,120849
2009-07-30,33.56089782714844,35.10021092074302,33.45473507308215,35.10021092074302,132004
2009-07-31,32.740562438964844,34.357082918302794,32.52341806475056,33.77803125373136,272539
2009-08-03,32.4703369140625,33.66704412579163,31.606582144056354,33.19897413999419,597925
2009-08-04,32.48481750488281,33.07834477345291,32.33040171305603,32.78399248070447,135374
2009-08-05,31.548677444458008,33.00595944682307,31.360487904219035,32.42690778966674,249566
2009-08-06,31.312236785888672,32.330401865954855,31.075790413957062,31.54868128420603,134223
2009-08-07,29.961116790771484,31.36531766720562,29.729494965289682,30.40023016265773,90110
2009-08-10,29.13113784790039,30.824866277538217,28.856089421259316,30.771784915863787,709726
2009-08-11,27.596651077270508,29.628158367284627,27.1285829332083,28.952596831497267,293324
2009-08-12,27.476015090942383,28.46040257703353,26.539880662677806,27.476015090942383,223489
2009-08-13,28.14674949645996,28.759578679029232,27.62560374450743,27.62560374450743,170092
2009-08-14,28.170879364013672,28.518311155574402,27.615954158319642,28.18053035120226,257037
2009-08-17,27.447063446044922,28.47005492626205,27.11893364376802,27.842748281958716,68216
2009-08-18,27.53874397277832,28.354241962097937,27.14305730507068,28.26255853446863,127943
2009-08-19,26.269657135009766,27.69798626167709,25.89327428572658,27.504968407021693,115393
2009-08-20,25.656822204589844,26.88730873551928,25.38177381712291,26.25035122228685,133226
2009-08-21,25.84984588623047,26.520581061979918,25.217714659086127,26.03803732525894,344053
2009-08-24,26.216575622558594,27.215440460746727,26.062161725478234,26.732896798168856,339687
2009-08-25,26.77632713317871,28.76440596022817,26.057337082838075,26.346862925517556,688036
2009-08-26,26.9982967376709,27.4856649679021,26.82940542125206,27.389155108915894,183457
2009-08-27,27.543575286865234,28.06954754478154,26.87766464785309,27.07068252307049,440779
2009-08-28,27.982683181762695,28.277033557092636,27.6979837919857,27.89099975581669,254462
2009-08-31,26.954866409301758,28.228781561133236,26.732897480491147,27.90547821702502,293161
2009-09-01,27.297470092773438,27.987508986760908,27.027248124163275,27.311947507586755,182184
2009-09-02,27.19131851196289,27.780019368792885,26.853535830305827,27.360207979177115,122142
2009-09-03,26.718421936035156,27.987510657988686,26.539879633435728,27.746237883756173,562097
2009-09-04,26.279308319091797,27.69798647001671,25.960829512279794,26.67981957422832,351290
2009-09-07,26.689468383789062,26.96451866578636,26.443371058888424,26.443371058888424,181859
2009-09-08,25.88361930847168,26.877659586064492,25.62304644385041,26.539878836450857,397684
2009-09-09,25.729204177856445,26.539875630670508,25.478280455554586,26.539875630670508,180688
2009-09-10,25.246667861938477,26.202102483750362,25.09707849647052,25.193588368906074,319472
2009-09-11,24.532503128051758,25.574796590617805,24.0306574336258,25.381778727590248,324704
2009-09-14,24.416688919067383,25.188758422717527,24.223672948365373,24.421515348822652,134061
2009-09-15,24.595232009887695,24.995741379784125,24.223673724994935,24.60970755238953,293120
2009-09-16,24.84132957458496,25.092253363541932,24.595234089560357,24.595234089560357,196689
2009-09-17,25.12602996826172,25.67130415753853,24.899234591908275,24.899234591908275,428525
2009-09-18,26.5881290435791,28.180520779047537,25.222530745971312,25.57961340342939,2733222
2009-09-22,28.513484954833984,29.5992068988458,26.433722629394616,26.486802119064414,4163708
2009-09-23,28.257736206054688,30.00454227754766,27.997161444413067,28.470054161627388,1695473
2009-09-24,27.572528839111328,28.634124437236405,27.311955902135622,27.987517588949082,581660
2009-09-25,27.41328239440918,28.518306182707775,27.032073150968706,27.987509474349807,570433
2009-09-29,26.858360290527344,28.08402059797327,26.781154271457464,27.97786161914687,474653
2009-09-30,26.872838973999023,27.384333792686053,26.17797540154337,26.829408595509854,411730
2009-10-01,28.098491668701172,29.145611368069936,26.27447985134659,26.27447985134659,2640740
2009-10-05,29.097360610961914,30.01419308030526,27.833096377299324,27.89100229589058,4762906
2009-10-06,28.81266212463379,29.59920916408592,28.001990427176253,29.338636252304163,948748
2009-10-07,29.47856903076172,30.149304136940504,29.049106704725027,29.107010748012424,1035122
2009-10-08,31.534198760986328,32.23388860849802,30.11069628775065,30.59323991184715,2670156
2009-10-09,31.09992027282715,33.00596699599658,30.882775851727935,31.847863416800756,1623124
2009-10-12,31.707921981811523,32.2724943913117,31.225378274125738,31.54867976659011,1157682
2009-10-13,31.707921981811523,31.707921981811523,31.707921981811523,31.707921981811523,0
2009-10-14,33.28584289550781,33.76838479166039,31.659669248488296,32.23389833927842,3179783
2009-10-15,32.68748474121094,34.550100781005234,32.325577431053645,33.58501337150969,2289551
2009-10-16,31.070964813232422,33.00596235490282,30.88277150918411,32.80811993775817,1066320
2009-10-20,31.847858428955078,32.61027699881682,31.461822713939068,32.52341999342601,1153224
2009-10-21,31.688615798950195,32.523415721526,29.91768154507664,31.3218821052163,1912692
2009-10-22,31.67896842956543,32.364179135714295,31.273632598052615,31.688621290140517,780863
2009-10-23,30.781435012817383,32.330398602607275,30.496735608062775,32.311096630485935,553130
2009-10-26,29.753620147705078,31.239853319766382,29.541300320147403,30.78626257901447,434051
2009-10-27,29.010501861572266,31.36531243147085,28.85608796156511,29.628157461600882,891962
2009-10-28,29.980411529541016,30.207206869744528,28.330113681559197,28.330113681559197,604572
2009-10-29,30.583589553833008,32.026394026439974,28.590686425176454,29.43513731625093,742419
2009-10-30,30.06244659423828,31.654840544233565,29.4833930564856,31.360488282368934,487835
2009-11-03,28.426624298095703,30.824865285245515,28.19982893683896,29.049106339306935,253047
2009-11-04,29.21317481994629,29.797051115215737,28.576217158184807,29.338635780132638,218400
2009-11-05,29.145610809326172,29.859774321220687,28.5810347524087,29.21316770337679,204648
2009-11-06,28.822307586669922,29.801870438522982,28.566561154408166,29.62815644637959,247490
2009-11-09,29.0828800201416,29.5219932689246,28.479700030494143,29.41583431021435,1133864
2009-11-10,30.535343170166016,31.461824826462454,28.788535095975703,29.145617875299926,3199489
2009-11-11,30.110700607299805,30.680101303555038,29.063582647673147,30.680101303555038,1691452
2009-11-12,30.019020080566406,30.776614145880846,29.642637199924298,30.12518093995961,810839
2009-11-13,30.2120361328125,30.303719569053698,29.56542939622706,30.183083172902514,398223
2009-11-16,30.91655158996582,31.365315924378628,30.01419461725581,30.158957547532747,1204462
2009-11-17,33.440242767333984,33.681515501102616,30.89724119376413,31.080608021760998,3560449
2009-11-18,32.29179763793945,33.749075888702954,31.852682466652936,33.295485175476585,1730904
2009-11-19,31.635541915893555,33.1989793259733,31.365316153602738,31.847859882590466,797811
2009-11-20,31.55350685119629,32.42691084907157,31.374966406358613,31.374966406358613,521831
2009-11-23,31.867158889770508,32.8081178558446,31.36531323351109,31.654840942840266,485504
2009-11-24,31.780302047729492,32.33039889000744,31.471474238270858,31.847857077140645,234828
2009-11-25,31.582456588745117,32.233893483907345,31.46182206968528,31.46182206968528,262696
2009-11-26,30.810388565063477,32.132556818341826,30.51603816857274,31.847857408097845,185248
2009-11-27,30.173433303833008,31.413571080470064,29.338635107334575,30.409881548381726,260620
2009-11-30,30.023845672607422,31.09991666521077,29.821176820312125,30.93585176070777,288499
2009-12-01,31.0227108001709,31.365316154524983,30.12518025114532,30.207212703811788,1459729
2009-12-02,31.958843231201172,32.523419376372466,30.60772200150774,30.882770429103036,1958913
2009-12-03,32.021575927734375,32.98666344678383,31.4280486211466,32.51377067486646,3168292
2009-12-04,32.0891227722168,32.619917525007416,31.688611619602842,32.021564010493805,518044
2009-12-07,32.36901092529297,32.967364721477054,31.751355151991394,32.040881061524686,1403401
2009-12-08,32.576499938964844,33.285839029510534,32.2821476553019,32.50411847558729,1760106
2009-12-09,31.73204803466797,32.716437466513696,31.36531614968536,32.42691160388007,472730
2009-12-10,31.529380798339844,32.219414143396854,31.365314030503068,31.7223967779784,672412
2009-12-11,31.722396850585938,32.07947772526445,31.510078897774743,31.94436766337669,3670641
2009-12-14,31.524551391601562,32.04087068095237,31.365311068780056,31.703091811673186,265923
2009-12-15,31.389440536499023,31.722394861190576,31.090261851547126,31.722394861190576,278178
2009-12-16,31.37496566772461,31.814080871420778,31.104741791733506,31.104741791733506,197218
2009-12-17,32.89979553222656,33.633259105702905,30.50638137637036,30.50638137637036,2956579
2009-12-18,31.514902114868164,33.3919974482077,31.41356956673426,33.005961734273576,937348
2009-12-21,31.379785537719727,32.32557270966666,31.365309996873357,32.32557270966666,409216
2009-12-22,31.38461685180664,31.814081071662354,31.346012905389458,31.36531487859805,1128887
2009-12-23,31.37013816833496,31.939540734152818,31.317058680961825,31.418393099407854,1301850
2009-12-24,31.71757698059082,32.23390017389463,31.365320589432457,31.514908098613894,3423507
2009-12-29,31.85750961303711,32.166337455681955,31.4328736714183,31.85750961303711,296713
2009-12-30,32.39312744140625,32.52341480231126,31.847853345667776,31.944363195824767,1023702
2009-12-31,33.353389739990234,34.10615536266371,32.42690637938818,32.52341623379294,4924154
2010-01-04,34.69004440307617,34.863762195983995,33.416128910668476,33.724956795275524,2469924
2010-01-05,34.767250061035156,35.872274120076916,34.45842219641424,35.22566730083859,1955727
2010-01-06,33.946922302246094,34.93613816205202,33.787683827620725,34.743118422601434,691048
2010-01-07,33.68152618408203,34.44877124764806,33.48851018418351,33.971052057544135,477778
2010-01-08,33.77803421020508,34.57423031867907,33.58501447363485,34.067560067831984,538819
2010-01-11,33.927616119384766,34.308825373472864,33.53675775313541,34.221968375109455,1381069
2010-01-12,33.112125396728516,34.443946737233475,32.909456524561584,34.25093072657532,1216625
2010-01-13,32.75986862182617,32.89980512615729,32.24354548936109,32.81294811475276,949725
2010-01-14,32.82741928100586,33.39199540068787,32.71643387953411,33.00595971042456,616318
2010-01-15,33.15555191040039,33.8745401197571,32.64888166271684,32.904630001654226,718917
2010-01-18,33.430606842041016,33.57536978995276,32.49929679510197,32.49929679510197,359504
2010-01-19,34.04343032836914,34.4053376362045,33.48850703876434,33.48850703876434,1059133
2010-01-20,33.98552322387695,34.366732491311275,33.541581609900106,33.971047681514264,488588
2010-01-21,33.580177307128906,34.26056510335499,33.29547797074769,33.68151357323606,686529
2010-01-22,33.633270263671875,34.11098946641695,32.335230229229694,32.67783560541045,690519
2010-01-25,33.14589309692383,33.86971135370042,32.812940670868,33.768375074026935,624288
2010-01-27,31.442520141601562,33.102471061475555,31.051661751177644,32.812945217538356,1216788
2010-01-28,30.969633102416992,32.75504331689148,30.496740333019567,32.75504331689148,372360
2010-01-29,30.747657775878906,31.124040614799327,29.951461723566094,30.67527631657774,399007
2010-02-01,31.847858428955078,32.90945196121369,30.400227308066288,30.74765907685786,3241272
2010-02-02,31.881633758544922,32.78881519091659,31.476296098216114,32.32557536245058,1108306
2010-02-03,32.639225006103516,32.90944885695676,31.268803780545788,31.268803780545788,1393100
2010-02-04,32.798465728759766,33.05421027920416,32.52341546066544,32.812941269769404,3194247
2010-02-05,33.47402572631836,33.77320441457565,30.882768809323572,30.882768809323572,610007
2010-02-08,34.694862365722656,34.90235388368116,33.20380280654352,33.29548623805928,1060955
2010-02-09,33.64291000366211,34.69485412776703,33.57535499034178,34.69485412776703,499204
2010-02-10,32.919105529785156,34.55010168310982,32.610277700572205,34.55010168310982,168800
2010-02-11,32.59579086303711,33.87452836683173,32.36416726096193,33.10246093492913,240365
2010-02-15,32.60544967651367,33.58501260666178,32.52341910345269,32.71643508206482,194012
2010-02-16,32.04569625854492,33.48850261655793,31.413565160814887,33.48850261655793,11309891
2010-02-17,31.881633758544922,32.793641620670705,31.8478562447222,32.793641620670705,490054
2010-02-18,31.92024040222168,32.51376765365838,31.48112519092585,31.48112519092585,114701
2010-02-19,31.85268211364746,32.13255507880977,31.60658291448515,31.847855683978317,140412
2010-02-22,31.85268211364746,32.52341719022239,31.760998686073737,32.325574793295516,352837
2010-02-23,31.99262237548828,32.13255887460001,31.485952122759727,31.944369314780758,282148
2010-02-24,31.876811981201172,32.13738676476165,31.65484489408039,32.04087689173395,144962
2010-02-25,31.99744415283203,32.21458851528259,31.876805897763116,31.876805897763116,165003
2010-02-26,33.4981575012207,34.16406622502118,31.997448720749293,31.997448720749293,2114267
2010-03-02,33.478851318359375,34.74311357275205,33.198974608838725,33.295484465092045,2432162
2010-03-03,32.96736145019531,34.067562795034455,32.812949395806456,33.48851103342595,517759
2010-03-04,32.634403228759766,33.58018485936173,32.36417562318426,33.391995318085314,379108
2010-03-05,32.52824401855469,33.24240955871996,32.359356430889086,32.5475459924634,463203
2010-03-08,32.25320053100586,33.198982354023535,32.13738867648345,33.102476222483695,348125
2010-03-09,32.56201934814453,33.18932783718405,32.23871599093302,32.33039942403177,398121
2010-03-10,33.266536712646484,33.671870655038624,32.34487592440877,32.533069226138636,2120344
2010-03-11,32.634403228759766,33.671868288732114,32.44138351049155,32.44138351049155,848082
2010-03-12,31.925064086914062,33.092816515942715,31.384614498441476,32.42690785825014,2371366
2010-03-15,31.84303092956543,32.113254796833886,31.664490494694142,32.04087333690076,706245
2010-03-16,31.900938034057617,32.42691024562607,31.558332694106976,31.558332694106976,363362
2010-03-17,31.83820343017578,32.20493714744564,31.664489431062727,31.891282915861886,4520271
2010-03-18,31.794776916503906,32.13738223340931,31.51007751525042,32.12773312108137,2954838
2010-03-19,31.828556060791016,31.876809119358484,31.60658524636976,31.645189192115048,3228956
2010-03-22,30.680105209350586,31.751351707869716,30.525693156389075,31.408746335233563,829873
2010-03-23,30.76696014404297,31.461821787551894,30.68975412748158,30.868294563091254,947882
2010-03-25,30.593246459960938,31.413570983866897,30.400228594286432,30.419530568215308,19036848
2010-03-26,31.080615997314453,32.33040098493025,30.59324584937303,30.59324584937303,3503225
2010-03-29,31.297760009765625,31.674140994846088,30.882771330837603,31.00823415735,384533
2010-03-30,32.4703369140625,32.99630906556625,31.16746886195395,31.268803272781877,1223109
2010-03-31,32.44139099121094,33.00596723968301,32.25802409018726,32.61993146135796,400116
2010-04-01,33.28584289550781,33.58501789684291,31.01306243314266,31.01306243314266,630049
2010-04-05,33.44508361816406,33.63327320903734,32.81295230550231,32.81295230550231,256304
2010-04-06,33.09282302856445,33.488511653926786,32.81777268725832,33.29549189832838,192516
2010-04-07,33.0349235534668,33.46921621476435,32.81295641202258,32.90946256144023,157949
2010-04-08,33.77320861816406,34.23644850297238,32.52342171857559,32.52342171857559,1303021
2010-04-09,34.65625762939453,34.88305486167818,33.19897561818937,33.87453713804584,845955
2010-04-12,34.70451354980469,35.61169505935979,33.48850795981606,34.067559668278605,1058828
2010-04-13,34.033782958984375,35.60205071076553,33.87454446729249,34.743122146225225,501820
2010-04-15,31.55350685119629,34.74311769622571,31.07578956369359,34.07720897711457,14141773
2010-04-16,29.719846725463867,31.92507025805323,29.46409836061216,31.553510040247573,4561912
2010-04-19,29.51717758178711,29.96594382377244,28.952601361539696,29.435145123515138,1607215
2010-04-20,30.240989685058594,30.400228157261278,29.62816045289077,29.917686310433265,1352631
2010-04-21,30.762136459350586,31.283282238345272,30.216862277185335,30.400227274319516,2262802
2010-04-22,31.01787757873535,31.49077209081794,30.689749713524847,30.689749713524847,755041
2010-04-23,31.070964813232422,31.26880723037707,30.795914502403498,31.07578936978059,380930
2010-04-26,31.558332443237305,31.62588747522421,30.738007957580912,30.921374827741065,830596
2010-04-27,31.230205535888672,31.75135136138628,31.128871104926823,31.75135136138628,302871
2010-04-28,31.55350685119629,32.01192403877168,30.52569081221732,30.853820615194614,8735616
2010-04-29,32.73574447631836,32.90945852172996,31.268812963498018,31.268812963498018,1339470
2010-04-30,33.19414520263672,33.48849739416436,32.7646829869503,32.81293603168883,1373262
2010-05-03,33.31478500366211,33.773202117116504,33.03490830617737,33.29548303324152,340816
2010-05-04,32.72608947753906,33.77803391742941,32.6199267497314,33.2954883274148,413908
2010-05-05,38.420101165771484,39.27420320351063,31.36531591187547,34.30882945087121,39616615
2010-05-06,39.84843063354492,41.11269312570615,38.69997624343962,38.69997624343962,32938195
2010-05-07,38.410438537597656,39.17768337154334,37.83138696397149,38.69996432441074,6218086
2010-05-10,42.343177795410156,43.65087065849578,38.70962882729144,39.18252158764081,17075288
2010-05-11,41.85580825805664,44.24922307781112,41.22367703512056,42.84984681272058,13321264
2010-05-12,45.23360824584961,45.93812086857699,41.88958181880669,42.17428497417137,21976409
2010-05-13,49.39795684814453,51.5838799879195,45.64859638495042,45.84161236695533,53283012
2010-05-14,51.829978942871094,52.98325972407555,47.51121560895728,49.10361161965094,57633374
2010-05-17,51.34260177612305,53.83252604236756,50.36786536176628,51.149585814508484,27628164
2010-05-18,46.93216323852539,52.64547633286251,46.51717641926311,51.63213581534764,17033811
2010-05-19,45.14674758911133,48.42804140357637,44.316770339680126,46.46891572556859,18548260
2010-05-20,43.617088317871094,47.28924457676659,43.23587904288227,45.74510550420248,7857303
2010-05-21,44.13823699951172,44.924784004014725,41.5373306805257,42.946356037904714,13878354
2010-05-24,41.402217864990234,45.28669242593074,40.779735749825925,45.12745394795781,7340001
2010-05-25,40.98722457885742,42.33834758160237,39.08600476186498,39.66505640669053,15106532
2010-05-26,42.57480239868164,43.03321966488803,41.0354894176613,42.36731083155547,8866735
2010-05-27,43.038028717041016,43.59295189620055,42.08741704580339,42.31904067450106,6131050
2010-05-28,42.80158996582031,43.814930405045416,42.52171323866117,43.62191442760242,3072522
2010-05-31,42.56032180786133,44.25405040293014,42.17428981103216,44.25405040293014,3340583
2010-06-01,44.02242660522461,45.05024260877545,42.34800013116397,42.34800013116397,6094478
2010-06-02,44.63043212890625,45.0695473548233,44.022429313966114,44.38433664362774,2693974
2010-06-03,46.6571044921875,47.038313724970465,44.82826621015982,45.53760519373529,4739068
2010-06-04,45.34941482543945,47.09621876379044,45.09366653184766,46.10218041820839,2480551
2010-06-07,44.26369857788086,45.069547567586866,43.52540837133152,44.876531573265645,1248504
2010-06-08,43.226234436035156,44.87653265635846,42.56032193245955,44.707641315233374,1838114
2010-06-09,45.06471252441406,47.54981030727656,44.49048733431442,47.54981030727656,20046942
2010-06-10,45.02128982543945,45.60034149543393,44.43741172560085,45.55208469144896,5635357
2010-06-11,44.78484344482422,45.7258024078883,44.53874423691673,45.407321741283575,2636048
2010-06-14,44.543575286865234,45.465232373390116,44.10446005929565,45.16605739511724,1895959
2010-06-15,43.81010055541992,44.87652414610852,43.68946604733799,44.87652414610852,1329291
2010-06-16,43.896968841552734,44.87653185763213,43.63156763204721,44.00795425683998,1218407
2010-06-17,43.30826187133789,44.58217711484602,43.12972142948796,43.621916125717384,1047998
2010-06-18,38.9798469543457,41.98126423646245,38.9798469543457,41.98126423646245,24685916
2010-06-21,40.26823806762695,41.382911029734714,39.27902230322033,39.27902230322033,10956849
2010-06-22,40.263404846191406,40.90036232305199,39.09564884740907,39.09564884740907,2914267
2010-06-23,40.359920501708984,41.10303704050892,39.76156687634763,39.858072987154664,2374684
2010-06-24,40.446781158447266,41.00170446107466,40.06557186876615,40.06557186876615,1974964
2010-06-25,40.73630142211914,41.25262070719736,40.29235984314735,40.53363260333758,2414808
2010-06-28,41.08856964111328,41.30571407410588,40.14761043147868,40.98723707127505,1504677
2010-06-29,42.425209045410156,42.946354831173835,39.60232823246446,39.60232823246446,10649489
2010-06-30,42.18876647949219,42.46381681394246,40.95828149394562,41.97162207027809,2928873
2010-07-01,41.75929260253906,42.994603789644664,41.59522771840072,42.270789226454355,1501318
2010-07-02,41.571109771728516,42.51206885569477,41.025835546517584,42.17428992078309,1012068
2010-07-05,41.358787536621094,41.981265848921936,41.054782404573544,41.64348694881472,1056446
2010-07-06,41.049949645996094,41.64347672728939,40.83762799922854,41.49388741296453,631830
2010-07-07,41.218849182128906,41.59523204468956,41.11269020144988,41.38291408333151,805058
2010-07-08,40.977012634277344,41.983055787511866,40.856094997288906,41.59611784673981,1020028
2010-07-09,40.44013214111328,41.34460488239634,40.24182166797614,41.19950222323815,1046054
2010-07-12,41.620296478271484,42.56346366744738,40.164432276963325,40.164432276963325,3620248
2010-07-13,41.13663101196289,41.88149173076002,41.015713356763555,41.88149173076002,784996
2010-07-14,40.754520416259766,41.596117376568095,40.532028661416,41.17048113930274,1005584
2010-07-15,40.266014099121094,41.01571256127245,40.14509644626693,40.48366812787248,806890
2010-07-16,40.212806701660156,40.62876744954086,40.072541785240844,40.2418257340149,742144
2010-07-19,41.1511344909668,41.45101534004719,39.77265915108827,40.435296668557754,1884040
2010-07-20,41.82827377319336,42.44737887332699,41.35427131352786,41.35427131352786,2307557
2010-07-21,42.01691818237305,43.240615389700636,41.69285229037002,41.88632502530061,5404681
2010-07-22,41.905662536621094,43.037464626225166,41.71219360278306,42.95040003777721,2383723
2010-07-23,41.2526969909668,42.36031395683723,41.02536753960225,42.17651679582553,759000
2010-07-26,40.85609817504883,41.451018403977045,38.074962259818726,41.451018403977045,1515772
2010-07-27,41.591278076171875,42.17652647218706,40.82223623299972,41.11243779651901,1511354
2010-07-28,41.25754165649414,41.837956068484665,41.02537814531147,41.69284964847011,925642
2010-07-29,41.75088882446289,41.98305232096085,40.67712842763467,41.25753904689075,1145162
2010-07-30,41.620296478271484,42.055604411737285,41.20916981487241,41.40263875551652,708606
2010-08-02,41.7799186706543,42.46673751872337,41.59612144268827,41.70252957340061,499967
2010-08-03,41.76057052612305,42.66020561686996,41.499384206346,41.499384206346,747183
2010-08-04,42.0362663269043,42.1716934881391,41.60095454230175,41.7605704909326,576123
2010-08-05,42.103973388671875,42.53444359312373,41.69284669909618,41.98305200655088,931322
2010-08-06,42.065284729003906,42.51510226725372,41.85730247676811,41.85730247676811,767560
2010-08-09,42.10881805419922,42.37000062014731,41.692853539645995,42.13783708729692,395007
2010-08-10,42.002403259277344,42.17652871387064,41.712201680333834,42.17652871387064,536814
2010-08-11,44.3046989440918,46.5296050854887,41.88632009055787,41.88632009055787,18770680
2010-08-12,46.50542449951172,46.87785290283022,44.49816855661985,44.49816855661985,10144269
2010-08-13,46.20071792602539,48.24182726382641,45.68318301595178,47.30349757448781,5613055
2010-08-16,45.52840042114258,46.86818499749715,44.78837755453616,46.258751529215665,1728146
2010-08-17,45.49938201904297,46.490919449530146,45.14146309597135,46.432877629458936,941063
2010-08-18,45.402645111083984,45.87181366738362,45.07858298124418,45.65899366299254,825191
2010-08-19,46.39900588989258,47.36152022220156,45.78473485375801,45.85245216669999,1630229
2010-08-20,47.00360107421875,47.30348185841008,45.813760961772616,45.813760961772616,1227150
2010-08-23,47.68559646606445,48.04835313773141,46.432876509506386,47.30349252150708,1612477
2010-08-24,46.32646942138672,48.14025282023488,45.958874984280754,47.8645569924054,836021
2010-08-25,46.926231384277344,47.467947571461956,45.65899801965754,45.65899801965754,1517532
2010-08-26,46.95040512084961,47.351856317028584,46.529606652805235,47.303490015376326,639596
2010-08-27,46.29261016845703,47.226105803269604,45.80409807646378,47.226105803269604,765433
2010-08-30,46.495750427246094,46.911711143339105,46.23940564497482,46.4328746099415,324398
2010-08-31,46.39900588989258,46.626331583563186,45.958860257866796,46.0459210819104,450927
2010-09-01,46.940738677978516,47.39055622674211,46.331305179246584,46.33614293676633,577894
2010-09-02,47.182579040527344,48.07737640547054,47.03263860142004,47.64206836111232,1060609
2010-09-03,50.263587951660156,51.62755379479484,47.535656265390784,48.222475066197966,13196781
2010-09-06,49.7799072265625,50.926218917999215,49.199492867891024,50.78595026794268,4710487
2010-09-07,49.50905227661133,51.26963146460741,49.32041731660292,50.31195090582316,3791369
2010-09-08,49.620296478271484,50.20554489855309,48.90929642073164,49.62513423540376,1574542
2010-09-09,49.35428237915039,50.27326479262642,49.078586528300654,50.103980831947446,1092723
2010-09-13,49.96371078491211,51.07616591738248,49.151136527778725,49.43167012870614,2431256
2010-09-14,50.20554733276367,51.55984144979,49.24787044333893,49.721873008695866,2299323
2010-09-15,49.95887756347656,50.68439097510783,49.63481540708434,50.108818003486505,1266276
2010-09-16,49.74605941772461,50.88269580098478,49.52840540246056,50.103978352330486,1125355
2010-09-17,50.7666130065918,52.14025060045192,49.91534051223102,49.91534051223102,5867610
2010-09-20,51.02779769897461,51.269636742028815,50.640855981292454,50.88269502434666,1462304
2010-09-21,50.902034759521484,51.3663617471557,50.11364192465867,51.22125909401722,2204551
2010-09-22,50.921382904052734,52.37240946033431,50.50542220832017,50.78595200598935,3684230
2010-09-23,50.902034759521484,51.3663617471557,50.394175473536805,51.172892794978495,2290763
2010-09-24,51.01811981201172,51.74363309800517,50.56829856987786,51.16805647003394,4632988
2010-09-27,51.6662483215332,52.3772521523091,50.88753091335657,51.41473752888242,4092886
2010-09-28,52.575557708740234,54.63601782038685,51.36636632090295,51.9467769851376,3788559
2010-09-29,51.77266311645508,53.10277234178347,50.97459833246268,53.010873722316134,1065454
2010-09-30,51.690433502197266,52.23698363626597,51.44375671005524,52.14025102713273,453676
2010-10-01,50.96007537841797,52.62391809383018,50.505420158831306,52.22246692874668,808753
2010-10-04,49.85245895385742,51.55983399122027,49.62512946277497,51.07615598109782,1197520
2010-10-05,49.79441452026367,50.776276246770465,49.52839425791776,50.2539074788812,1011865
2010-10-06,49.82344055175781,50.73758884110777,49.23819213629014,49.920176913494544,611279
2010-10-07,49.77507400512695,50.93105755912342,49.34460377054628,50.834324953883026,997543
2010-10-08,48.8947868347168,50.19587692376114,48.56105293186474,50.0894687949664,702051
2010-10-11,48.807716369628906,50.157172499865275,48.57071512724339,49.238186557545035,688453
2010-10-12,48.348228454589844,49.32525630955073,45.85246414775861,48.85125377520984,532264
2010-10-13,49.03505325317383,49.80409515080423,48.07737262605175,48.56105069688705,823461
2010-10-14,48.55621337890625,49.23336043058826,48.3675784037307,49.035053696799416,287888
2010-10-15,48.299861907958984,49.305908788090036,48.0773701570417,48.17894427447124,391739
2010-10-18,48.98667907714844,50.582812069587916,47.88389962864658,48.3675739028261,1819213
2010-10-19,48.39176940917969,50.0120840247525,48.08221675499257,49.2382005112731,791571
2010-10-20,47.23577117919922,49.08341492528876,46.62634152493372,48.90445548325877,576459
2010-10-21,47.49696731567383,47.98064544119173,46.91655656987086,47.98064544119173,383943
2010-10-22,46.742435455322266,47.869400168855705,46.4473923207695,47.57435703430295,322190
2010-10-25,46.99393844604492,47.20675468518136,46.81981299546028,47.20191692810392,284957
2010-10-26,46.25875473022461,47.40023265341793,45.987896644253155,47.40023265341793,345794
2010-10-27,45.828277587890625,46.45222052177036,45.46552094168669,46.45222052177036,293639
2010-10-28,45.097923278808594,45.949191896633934,44.98667741454418,45.49937443905942,267470
2010-10-29,45.484867095947266,45.939522331756386,44.00965551894696,44.98184556050647,331931
2010-11-01,45.19950866699219,46.76178140110353,44.01450216061754,45.76540988660878,443955
2010-11-02,45.668670654296875,46.32647044982152,44.49817373837668,46.239409595948636,217270
2010-11-03,46.447383880615234,47.1003458594674,45.46552203383452,45.75572735776882,405216
2010-11-04,46.62150192260742,47.19707852443221,45.958868237645,46.62633967923359,170469
2010-11-08,46.60700225830078,47.69043836621539,45.94920243492817,47.69043836621539,199325
2010-11-09,45.978214263916016,47.29380984100957,45.852458887194324,46.9165437108445,297965
2010-11-10,45.65414810180664,47.206744779947044,45.48969819988285,46.626334245162326,423456
2010-11-11,45.02053451538086,46.278092058853815,44.88510737951179,45.94919222028294,217158
2010-11-12,44.028995513916016,45.27204338883103,43.91774966272721,45.078570710232356,205290
2010-11-15,45.068904876708984,47.883897038024614,42.56346528580706,44.87543592870875,883107
2010-11-16,45.02053451538086,45.746047760457145,43.92743064721553,45.2720490288932,546280
2010-11-18,44.74968338012695,45.9491992975431,43.62755655571127,44.599746707467006,440556
2010-11-19,44.207969665527344,44.97217761075907,43.530822576684166,44.50785053933818,459803
2010-11-22,44.759361267089844,45.465527388090244,43.62755886805016,44.69164768513688,351687
2010-11-23,44.498172760009766,45.35427927565304,42.950409673988666,43.975803892234765,740608
2010-11-24,44.29986572265625,44.97217501511242,43.8210254061219,44.49817245588236,984942
2010-11-25,44.50301742553711,44.78838505637481,43.24062173009487,44.590078291010244,499458
2010-11-26,44.65779495239258,45.15597885920845,43.545339726535204,44.20797360162605,509810
2010-11-29,44.54169845581055,44.981844163664356,42.573137162017495,44.55620796964724,239245
2010-11-30,45.668670654296875,46.43287857744647,44.01933716406439,44.493339736955804,353295
2010-12-01,46.59248733520508,47.40022750377535,46.045933465027936,46.045933465027936,489626
2010-12-02,46.853668212890625,47.8838962599873,46.62633872836354,46.91654402365963,609030
2010-12-03,47.080997467041016,47.584019014950265,46.63117997685207,47.20191509712855,740149
2010-12-06,47.119693756103516,47.69043265355077,46.77144661156134,47.07616145452728,284692
2010-12-07,46.63117599487305,47.206748822889374,46.43286929557274,46.90687177371164,222023
2010-12-08,44.44013595581055,47.19709078983637,44.01450340662954,46.336146419684376,263959
2010-12-09,44.40143966674805,45.455852905511136,43.26963733551944,45.36878829847606,528131
2010-12-10,44.348228454589844,44.9721713918015,43.25512450927447,44.9721713918015,1239262
2010-12-13,44.420780181884766,44.69164198720923,43.874226326322955,44.69164198720923,1070930
2010-12-14,44.28535461425781,44.59490721821481,44.12574243316029,44.49333685461346,6473861
2010-12-15,44.39176559448242,44.91897223099309,44.111235759214516,44.493339720649274,3307177
2010-12-16,44.45464324951172,44.59974591830873,43.917761121349166,43.917761121349166,200893
2010-12-20,43.859718322753906,44.49817080240159,43.656573839772015,44.45464225634858,58974
2010-12-21,44.149925231933594,44.48366287704867,43.86939540504505,43.86939540504505,40520
2010-12-22,42.969757080078125,44.29986616230069,42.76177858620213,43.72429323010465,394050
2010-12-23,43.530818939208984,43.99031197067366,42.56830432973414,43.70494439345896,841191
2010-12-24,43.65657043457031,43.91775671460637,42.98909897628323,43.4340824524895,158214
2010-12-27,43.99031066894531,44.401437384519454,43.53081765107761,43.99998618301755,114589
2010-12-28,45.74605178833008,48.5320251483372,44.087046691727835,44.12090347867615,2154472
2010-12-29,45.53806686401367,47.01327830209282,45.47519105601578,45.57192364616977,710611
2010-12-30,45.05439376831055,45.93951915081398,44.98184244587547,45.56225302535603,143761
2010-12-31,44.773868560791016,45.465525130750095,44.61425637295956,45.33009421754528,190918
2011-01-03,45.50421905517578,45.64448396777434,44.77870570584153,44.79805297889196,120767
2011-01-04,45.29140853881836,46.22973825442083,44.90930454274937,45.94920463770226,125673
2011-01-05,44.95766830444336,45.79442759325225,44.60458336363018,45.79442759325225,51106
2011-01-06,43.96613311767578,45.75573543521128,43.8694004966361,44.50785307320464,68542
2011-01-07,43.129364013671875,44.3627364712784,42.95523858957304,44.3627364712784,157878
2011-01-10,42.39418029785156,43.506635270465814,41.69284827432364,43.056814022098166,138702
2011-01-11,41.82827377319336,43.269628421320405,41.59611029964874,42.950400358677335,118263
2011-01-12,41.86213684082031,42.73759057136775,41.4993801851816,42.41836621681469,157817
2011-01-13,41.86213684082031,42.369996158714514,41.407481582018285,41.407481582018285,83819
2011-01-14,41.00602722167969,42.31678883796378,40.75451646062559,41.596113339248504,64949
2011-01-17,39.995155334472656,41.59128485198449,39.67592717735644,40.63844565040183,95800
2011-01-18,41.96371078491211,43.24061195387964,40.14508975720584,40.14508975720584,3638620
2011-01-19,42.12332534790039,44.88027607556893,41.61062824606123,42.9891036098955,3750319
2011-01-20,41.55742263793945,42.723081710855524,41.1124391303269,41.610626697846705,441665
2011-01-21,41.08341979980469,41.9830548105918,38.123324714858036,40.73033865536447,177136
2011-01-24,40.88995361328125,41.52840612692491,40.62876729896522,41.11727938194513,105276
2011-01-25,41.00602722167969,41.301070280464096,40.84641505670561,41.301070280464096,195213
2011-01-27,40.2563362121582,40.918969957131544,39.970964885703346,40.841580868193105,77448
2011-01-28,40.169273376464844,40.614256901416766,39.661414031000945,39.72912760879007,279135
2011-01-31,39.54533386230469,39.85004871617315,38.30712341786231,39.66141374395697,253688
2011-02-01,40.04835510253906,40.53202940998109,38.848839214301066,40.53202940998109,114284
2011-02-02,39.18257522583008,40.55137499902636,38.44254864578073,39.680759028165966,483682
2011-02-03,39.521148681640625,39.82586353434889,38.790797581767386,39.27447564754886,320907
2011-02-04,39.69043731689453,40.91897227116639,39.18741196637033,39.56468191826917,244874
2011-02-07,40.149925231933594,41.01570723268282,39.293818745528654,39.66625092733074,133226
2011-02-08,40.17410659790039,40.512678204642455,39.6614095530452,40.2369824113134,177350
2011-02-09,39.64206314086914,40.1354129255098,38.984267184037314,38.984267184037314,205208
2011-02-10,39.550167083740234,39.81619114249472,38.945575145165776,39.274475022737505,228181
2011-02-11,40.35306167602539,40.6142479269592,39.08099471481343,39.1825688150752,153227
2011-02-14,41.3446044921875,41.59611526488496,41.00602911999889,41.49454115081941,203549
2011-02-15,40.22731018066406,41.59127586107163,39.95161439057813,41.349436855659405,158357
2011-02-16,41.49454116821289,41.8282787836758,40.145088703825614,40.227311790463226,160972
2011-02-17,41.69285202026367,42.17653009843382,41.11244133127772,41.11244133127772,72745
2011-02-18,41.64448547363281,42.56347156321925,41.402646435948576,41.98305712157253,97835
2011-02-21,41.21401596069336,41.784751141980514,40.91897285523592,41.20917820328643,41070
2011-02-22,41.1511344909668,41.542913946440606,40.87060467062466,41.30591267269156,64613
2011-02-23,43.35186004638672,47.11001992676345,41.03505509834866,41.305913163563154,3118712
2011-02-24,41.55742263793945,44.014496175918055,41.412319973461024,44.014496175918055,267623
2011-02-25,41.2526969909668,42.466722048786835,40.43528527805767,41.11242836428632,166275
2011-02-28,41.866973876953125,44.972171546958535,41.43650365461319,42.084627866588704,687537
2011-03-01,42.742431640625,43.04230874638089,41.499383401096686,42.070122336340425,528803
2011-03-03,51.293819427490234,51.293819427490234,43.64690601072433,43.64690601072433,22811260
2011-03-04,52.91897201538086,58.71824519512715,51.36637109076561,51.36637109076561,63836203
2011-03-07,49.83795166015625,52.69164249642016,48.43045727101281,48.4643140596973,14079104
2011-03-08,52.33372116088867,52.96250191429914,48.92864610423117,50.157181066828144,22637849
2011-03-09,55.96612548828125,57.40264269506127,52.246660071760104,52.86576530762596,37598788
2011-03-10,54.56346893310547,57.07374667084987,54.195874494340465,55.96129159586132,10297262
2011-03-11,53.21884536743164,56.004818870919266,52.623925174652676,54.07495186729538,8239017
2011-03-14,54.041099548339844,55.593700491496705,53.19950625061256,53.20434025223787,5876628
2011-03-15,50.50059509277344,53.47036615815559,49.9201843479594,51.076168079774526,4596010
2011-03-16,52.27567672729492,53.958870654045285,50.785955525471394,50.785955525471394,9076117
2011-03-17,51.06648635864258,53.67833420081313,50.785952800561944,50.785952800561944,5058439
2011-03-18,49.69284439086914,52.333711024412715,49.19949089121198,51.45342339857221,6020704
2011-03-21,48.78353500366211,50.723077385145096,48.52235247099989,50.57313696919566,3397644
2011-03-22,51.16807174682617,52.5658946789105,49.141471697826645,49.141471697826645,17913681
2011-03-23,51.477603912353516,52.469141141489004,51.02778647118604,51.85003603183015,7031999
2011-03-24,50.17169189453125,52.10155899745894,43.09067976766312,51.463106468639204,3589458
2011-03-25,50.0991325378418,51.076156570653694,49.837946259119995,50.61182958183971,2887630
2011-03-28,49.97338104248047,51.168059148483465,49.30107177853226,50.30228091681712,3724761
2011-03-29,49.89116287231445,51.07616558098742,49.634814305093116,50.30228587777008,3441941
2011-03-30,49.93952941894531,50.77628870658889,49.72187539924691,50.15234568104429,1657283
2011-03-31,50.718238830566406,52.701309724959785,49.78474707528937,49.968540518632565,10341060
2011-04-01,50.660194396972656,51.71460748237324,50.35547958473833,51.00360374981169,2287841
2011-04-04,50.998783111572266,51.62756017109073,50.68923046165014,50.800476356030934,2000645
2011-04-05,50.76176834106445,51.74363009866456,50.59248066547134,51.25995209869058,2521316
2011-04-06,50.50059509277344,51.443762553096256,50.311960098299615,51.139047663273516,1839000
2011-04-07,51.1535530090332,52.22731355057688,50.51510049059998,50.63602188992366,3655414
2011-04-08,51.356693267822266,52.01449300564293,50.96007982473114,51.40022556895136,3627077
2011-04-11,51.27446746826172,52.430450949339956,51.018118944102,51.26962971149809,3467560
2011-04-13,50.829490661621094,51.55500403049171,50.69889750401982,50.882694724936755,1262551
2011-04-15,49.968544006347656,51.337347583466965,49.1124375205048,50.83432600652845,1459372
2011-04-18,49.954036712646484,51.45343350785738,49.808934039304965,50.28293660635697,2253906
2011-04-19,51.60335922241211,51.97579134143252,49.828270729685435,49.91533156399474,4997134
2011-04-20,52.81739807128906,53.73638039419309,48.36757785842364,48.36757785842364,9873837
2011-04-21,52.03867721557617,53.28172543017066,50.44254783909299,50.44254783909299,2798731
2011-04-25,52.280513763427734,53.586437736572194,51.60820450462963,52.23698146191389,3275420
2011-04-26,51.94194030761719,52.962496674583164,50.54411777954253,50.54411777954253,2599273
2011-04-27,52.23698043823242,52.81739483761155,51.26963186998635,52.23698043823242,1951310
2011-04-28,53.03504943847656,53.3494360365601,51.86939038139742,52.61908496700205,2827271
2011-04-29,51.12452697753906,53.34459909388008,50.78595161301166,52.72065617709808,1551284
2011-05-02,50.457061767578125,51.61304923211832,50.06528602513386,51.55984516531753,708128
2011-05-03,48.97700881958008,50.79562985535273,48.561048104720065,50.307117809342444,747447
2011-05-04,47.966121673583984,49.80892764194874,47.59369327931867,48.92863995621652,943088
2011-05-05,46.77628707885742,49.04472577285054,46.45222494486166,48.36757871678575,695364
2011-05-06,46.9842643737793,47.73880050409006,46.253917029598064,46.921388553933305,624298
2011-05-09,47.25027847290039,48.07736200707356,46.93105041569423,47.16805164149051,635647
2011-05-10,47.18740463256836,48.135409650715246,46.819810236793465,48.004816509477074,524732
2011-05-11,47.27445983886719,47.874217660885925,47.01327734355023,47.40021896434287,450968
2011-05-12,46.84883499145508,47.593695571887665,46.62634324191771,47.027794440075134,359942
2011-05-13,46.6263542175293,47.20676500093258,46.055618950395214,46.055618950395214,404310
2011-05-16,47.975799560546875,48.81739650187894,46.33613797885674,46.71340414854878,1154201
2011-05-17,48.058021545410156,49.81376671868034,46.916547548553446,48.36757413405117,4611827
2011-05-18,50.45222473144531,51.758148802412386,48.74968342814993,48.75452118557441,9348616
2011-05-19,48.98185348510742,51.163227728274826,48.72066715371915,50.78596150428747,1747139
2011-05-20,47.96129608154297,49.33977154291678,47.748476062914015,49.33977154291678,834667
2011-05-23,46.82465744018555,48.16927615408591,46.67471699755055,48.16927615408591,505077
2011-05-24,47.44859313964844,48.599738924778535,46.62634346739656,47.01812290947945,1136103
2011-05-25,47.008445739746094,48.222471055298875,46.91654713973053,46.91654713973053,695486
2011-05-26,46.88753128051758,47.53565552526942,46.64569225001828,47.390552858174374,280977
2011-05-27,47.100341796875,47.59369155621443,46.82464601171277,46.97942417433951,358405
2011-05-30,47.75814437866211,48.174105081969635,47.42924451911246,47.57918493426471,442164
2011-05-31,50.147499084472656,50.447379906412536,47.787162074972045,47.888736186541685,3328725
2011-06-01,50.40385055541992,51.16805841315704,50.02174662655136,50.476401886774426,1153834
2011-06-02,49.57194137573242,50.287783108170665,48.75452925670239,50.186208965555416,640909
2011-06-03,49.18015670776367,50.30228353988406,48.94798942716818,49.57677017808012,370955
2011-06-06,48.585227966308594,49.14145732631666,47.980636061635366,49.14145732631666,341356
2011-06-07,52.76902389526367,53.39780458570628,48.65777940306784,48.65777940306784,12594723
2011-06-08,54.244239807128906,54.611834239166555,51.62755399152955,52.333720068009775,11866044
2011-06-09,54.57797622680664,55.564672106442465,52.74000786384431,54.14750222798221,10911667
2011-06-10,54.25874710083008,55.47277247226695,53.74605377590453,54.858505028952536,5503525
2011-06-13,53.26721954345703,54.71340859058854,52.82223598678703,54.56347190851422,1682322
2011-06-14,53.4461784362793,55.032636145101726,53.30107575737579,53.44134067870973,2088791
2011-06-15,53.02537536621094,54.72307881731789,52.8173968808412,53.784745486508946,1431056
2011-06-16,52.024173736572266,53.20434251138008,51.380887158858265,53.01087351348514,651301
2011-06-17,51.68560028076172,52.99152442287033,51.28898678285032,52.353071868857064,729849
2011-06-20,49.6638298034668,52.217639778749174,48.367577542920586,52.217639778749174,908258
2011-06-21,48.16926956176758,50.59248632101888,47.60336841703089,50.59248632101888,890873
2011-06-22,47.1148567199707,49.8186070715966,46.91654999335384,48.74968059229107,1383838
2011-06-23,46.87302780151367,47.564684437877474,46.336145610506506,47.564684437877474,1079633
2011-06-24,48.97700881958008,49.238191358107514,46.742427068947414,46.742427068947414,1430527
2011-06-27,50.519935607910156,52.236982579551935,48.32888609062696,48.34822960724413,5257083
2011-06-28,50.14266586303711,51.26479257233312,49.91533636467581,50.96974950255458,1342747
2011-06-29,50.23479080200195,50.95721229687657,49.93903824252826,50.68085001481869,654182
2011-06-30,49.86630630493164,50.515997248533964,49.26024912860143,50.45296567567155,1376693
2011-07-01,49.96327209472656,50.90871931969525,49.64812552980498,50.32205995655869,2098572
2011-07-04,50.15721130371094,50.89902297109306,49.56084928699213,50.03599761383869,1035468
2011-07-05,50.41902542114258,51.146292503259,49.71600183013067,49.84206120669072,1711117
2011-07-06,50.3123664855957,50.88448508669777,49.948732898273065,50.700243567107314,903464
2011-07-07,51.01054382324219,51.44205467062137,50.036003562689785,50.036003562689785,1197612
2011-07-08,50.15237045288086,51.38387524685053,49.94873488286873,51.38387524685053,566667
2011-07-11,49.86145782470703,50.782661587985935,49.64812714028284,50.4093328902436,456332
2011-07-12,50.1038818359375,50.4190284134905,49.26025046457253,49.92933546680917,645673
2011-07-13,52.32931900024414,52.83840600759147,50.24448774899867,50.59842242224275,7574422
2011-07-14,53.91960906982422,55.24323823891525,52.68325496712317,52.98386071779513,11376682
2011-07-15,53.071136474609375,54.45779356906161,52.857805772417464,54.45779356906161,1210925
2011-07-18,52.319618225097656,53.42991287726953,51.89295311738406,52.363251990536476,571614
2011-07-19,53.45900344848633,54.48687628268034,51.87840988193878,51.87840988193878,2578152
2011-07-20,52.8577995300293,53.90506263993052,52.63476995038483,53.90506263993052,515490
2011-07-21,51.88810348510742,53.526882888834734,50.90871766287366,52.85779793519108,481432
2011-07-22,52.319618225097656,52.8093111379235,52.09173920021032,52.353556853250694,388767
2011-07-25,52.440834045410156,52.93052701329458,52.169321224556484,52.31962410764939,260009
2011-07-26,51.93659210205078,53.78869846955669,51.611746634803104,52.275982158185286,750715
2011-07-27,52.77537155151367,53.46385053466488,51.88325703803985,52.07234421504516,770756
2011-07-28,52.120826721191406,53.02263629435229,52.07233974450003,52.363246544242436,263490
2011-07-29,51.946285247802734,53.42991232451294,51.58750116520886,51.58750116520886,627473
2011-08-01,51.01054382324219,52.65416535774026,50.92327251642764,52.26629204631952,395129
2011-08-02,50.729331970214844,51.364478375326144,50.045702342571374,51.364478375326144,223326
2011-08-03,49.822662353515625,50.42387000098999,49.51236151078364,50.42387000098999,319777
2011-08-04,49.49298095703125,50.86024406484814,49.30873942848473,49.9390401872181,307309
2011-08-05,48.5378303527832,48.82388773699731,46.74874804331788,48.484493918846475,485585
2011-08-08,48.30025100708008,48.77539932650026,46.16693678593461,47.51480558630571,754552
2011-08-09,48.33419418334961,49.085704812145195,45.69663845281847,47.029962790332654,451467
2011-08-10,49.65782165527344,50.21054616536884,48.586315029998985,49.06630906393253,413908
2011-08-11,49.90994644165039,50.39963943754495,48.96934853578793,48.96934853578793,302331
2011-08-12,48.523284912109375,51.37417508324545,47.9996533297933,50.142666644619844,259073
2011-08-16,48.26631546020508,49.34752099322375,47.708745261263,49.34752099322375,306922
2011-08-17,48.20813751220703,48.92086386364561,47.61177918020824,48.92086386364561,192485
2011-08-18,48.20813751220703,48.20813751220703,48.20813751220703,48.20813751220703,0
2011-08-19,48.145103454589844,48.484493504740016,47.02995933966514,47.61177300569509,309304
2011-08-22,48.023902893066406,48.58147317669478,47.62632688067022,48.58147317669478,88105
2011-08-23,49.1390380859375,50.932966219847046,47.70874728953046,48.12086408321671,396920
2011-08-24,48.600860595703125,50.40448381924621,48.04813607450211,49.42509792597601,262025
2011-08-25,48.140254974365234,49.55115540200776,48.0093461438476,48.872371522914015,141684
2011-08-26,48.629947662353516,49.939032195972864,48.14025473698899,48.87237128192776,529505
2011-08-29,56.02383804321289,58.355942276839016,48.62994938729779,48.969343219760695,3918763
2011-08-30,52.072349548339844,60.305020308225814,51.393569397878935,57.26504292555038,28806854
2011-09-02,53.09052658081055,54.583848915639635,50.9087214365949,52.62507336087172,8881046
2011-09-05,52.76082992553711,53.69173256991872,51.88810563728398,52.59598246460177,2034702
2011-09-06,53.473548889160156,55.53414013150366,51.97537725116966,52.731733481647304,4612702
2011-09-07,53.27961730957031,54.5838525371368,52.474773965626376,53.13901332650374,1582563
2011-09-08,53.0808219909668,54.39960158022127,52.605673683961975,52.85779619051488,1360814
2011-09-09,53.643245697021484,54.69051258602481,52.460224289968956,53.139008175521,2545856
2011-09-12,53.49294662475586,59.13169141110316,52.435980832287925,52.901434038293274,10021384
2011-09-13,53.56082534790039,55.369298021154826,53.00810082725479,54.12809445801516,2526466
2011-09-14,53.129310607910156,54.09415567307377,52.8626472513964,53.623853004164644,1082025
2011-09-15,52.52811050415039,53.7596191048308,52.38266082363039,53.754769652616005,776772
2011-09-16,54.913536071777344,55.66019713345461,52.67839857249358,52.9838537343946,4875257
2011-09-19,53.54627990722656,54.70505783645005,53.34749004893349,54.30263619862134,742969
2011-09-20,54.850521087646484,56.145057533629206,53.42992523717617,53.851740991274276,2826182
2011-09-21,54.41899490356445,55.694136947102464,53.5365755549876,54.88444430241484,1012893
2011-09-22,52.751136779785156,55.14627279356829,52.489322853327906,52.96931693438406,889692
2011-09-23,52.038414001464844,53.42022164229392,51.592358555157276,51.602053693834605,1266022
2011-09-26,50.981449127197266,53.042040613144145,50.45296808755634,52.154775454971535,716026
2011-09-27,51.883262634277344,52.81416532680285,48.74146557636598,51.2578113876315,720597
2011-09-28,51.57781219482422,53.02264760023596,51.102663818583416,51.98992899396676,505891
2011-09-29,51.228729248046875,51.83963222375806,50.90388371611294,51.29660651976974,343147
2011-09-30,50.85054397583008,52.06265461946914,50.63236383406891,51.199629190566185,384034
2011-10-03,49.7402458190918,50.71963550336824,49.454188412970126,50.71963550336824,366029
2011-10-04,48.8093376159668,50.326903309926216,48.596006948351366,49.35721263833515,410559
2011-10-05,48.58146286010742,49.74509017195165,48.12570857862831,48.97418557181412,292927
2011-10-07,49.17782974243164,50.51115419315054,48.93056040127293,48.93056040127293,2374705
2011-10-10,49.8808479309082,50.123267774958,49.16327600567242,49.16327600567242,246981
2011-10-11,51.04933547973633,52.256596799541086,50.17176536817965,50.326913950584476,874689
2011-10-12,51.52932357788086,52.0238659802705,50.90872179038431,51.102662202165824,470114
2011-10-13,51.291748046875,52.46022487796211,51.068718461749214,51.78144474990406,395597
2011-10-14,50.94751739501953,51.57781817871863,50.04085807265686,51.136608383149806,281109
2011-10-17,51.62628936767578,52.23234651372233,50.908717435669345,51.025081672784495,781759
2011-10-18,51.16569137573242,51.65053865300523,50.42387963492978,51.582657624521595,359901
2011-10-19,52.87234115600586,53.8080932553846,51.514777147554284,51.68447406052399,2587120
2011-10-20,54.2347526550293,57.30866821382311,53.67233307054191,53.67233307054191,8720938
2011-10-21,52.88689041137695,54.855361081000545,52.69779945470002,54.53051560371623,1560577
2011-10-24,52.38749313354492,53.80808859172276,52.14506953104272,53.23597385975179,718764
2011-10-25,51.635986328125,52.814162033935744,51.39356647322813,52.397195817203,661643
2011-10-28,52.484474182128906,54.08931145830021,52.21781079979775,53.31355727589644,769352
2011-10-31,52.54749298095703,53.29900353961632,52.36325148837724,52.36325148837724,654029
2011-11-01,52.30022430419922,53.52688319719744,51.98507398261667,52.0529512390769,584266
2011-11-02,52.34386444091797,52.84810196847337,51.403262880544794,51.878411229626636,356786
2011-11-03,52.50386428833008,53.82264027537387,52.26629010548326,53.1874938922778,672849
2011-11-04,52.077205657958984,53.04204709978603,51.88326898519015,52.58629271844201,406396
2011-11-08,51.88810348510742,52.59598028306442,51.514774811625024,51.587501518871115,307268
2011-11-09,50.937808990478516,52.26143426738777,48.99357823095585,51.892951291658626,402142
2011-11-11,50.244483947753906,51.393566716138814,49.948727657071714,50.61781263451673,273038
2011-11-14,50.186302185058594,51.87841056359475,49.78873000381315,50.86993175632908,288560
2011-11-15,49.11479568481445,50.423876474209855,48.87237206137389,50.13296963212199,380075
2011-11-16,48.678436279296875,50.08448353075856,48.09662258487077,49.86630716045086,582271
2011-11-17,48.523284912109375,49.84206465360396,48.30025532080917,48.86752443711083,385673
2011-11-18,46.986331939697266,48.96934737109081,46.802090418478976,48.95964846728858,375148
2011-11-21,46.680877685546875,47.5148140003301,46.545123150302445,46.64208959973347,182917
2011-11-22,46.569358825683594,47.29177644862423,46.35602438953116,46.69056874967109,244792
2011-11-23,45.599666595458984,46.31238905700806,45.197244992711504,46.31238905700806,1245227
2011-11-24,44.77543640136719,45.94875900229676,44.21786616397406,45.3814936264309,403506
2011-11-25,43.946353912353516,45.255434936810154,43.73302319387685,44.70271409665674,463264
2011-11-28,44.2469482421875,44.81421729210038,43.645740565414265,44.81421729210038,1209236
2011-11-29,44.63968276977539,45.648161766290926,43.76211262948053,44.450595546436844,835848
2011-11-30,41.11484909057617,44.89663760800858,39.96576644187447,44.89663760800858,6076768
2011-12-01,42.254241943359375,43.44211292459806,41.69667169425668,42.181515225428484,1208065
2011-12-02,43.374237060546875,44.21786852185496,42.56939368540267,42.67120958775597,1859917
2011-12-05,43.524539947509766,43.897868687859265,42.884544056093816,43.771809290394266,464567
2011-12-07,43.69422912597656,43.82998741512904,43.005750072315834,43.524535970913675,375851
2011-12-08,42.47726821899414,43.8202876694836,42.1136346578471,43.6312004767484,416514
2011-12-09,41.168182373046875,42.5693837752814,40.9209130876944,41.512421851234464,278931
2011-12-12,40.843345642089844,41.6384900975744,40.24213784852525,41.41546048904984,426927
2011-12-13,39.23365020751953,40.84333656869981,38.88941073240596,40.203340831906466,2522446
2011-12-14,39.0445671081543,39.66032324432367,38.50639090622711,39.17547595230216,470297
2011-12-15,39.26274871826172,40.048198047218285,38.30275676736037,38.31245567141425,289507
2011-12-16,40.673641204833984,43.151198640804225,39.563346584130585,39.563346584130585,2312728
2011-12-19,39.325775146484375,41.01788352763806,38.986385086016135,40.44091929531145,386039
2011-12-20,38.79729461669922,41.21182068122628,37.914875177332256,40.242133706335494,438703
2011-12-21,39.57789993286133,40.23244042669323,38.918509986899615,39.27244845542696,307563
2011-12-22,40.217891693115234,40.61061444292438,39.58759475974803,39.95122832997953,609539
2011-12-23,40.98394775390625,41.44939722727296,40.05789449379999,40.794856787480995,480201
2011-12-26,40.99848937988281,41.64818408607598,40.634855828510595,41.30879026139391,345142
2011-12-27,42.50150680541992,42.957261067122566,40.83363830307539,40.96939657394714,1115818
2011-12-28,42.496665954589844,43.054236208456445,41.70636718927403,42.52090944914141,572164
2011-12-29,42.88938903808594,43.16574753423546,41.895454787888035,42.45302499682926,402753
2011-12-30,41.62394332885742,43.636047856939186,41.01788611505351,43.1512043449574,504253
2012-01-02,40.73182678222656,41.99242437194683,40.542735825982795,41.98757492047851,186103
2012-01-03,42.29787826538086,42.472420877361245,40.94031039292477,41.2360667080437,229911
2012-01-04,40.56212615966797,42.549990683876885,40.19364318379377,42.27847790299635,290453
2012-01-05,40.780311584472656,41.691820240793035,40.780311584472656,41.691820240793035,246869
2012-01-06,40.901519775390625,41.79363435213113,40.72697717422268,40.72697717422268,326373
2012-01-09,41.61424255371094,42.17181652076844,41.318486255106706,41.73545625008104,423211
2012-01-10,42.34151077270508,42.569389816933864,41.69666925286211,42.0360593283004,295237
2012-01-11,42.520912170410156,42.84575769871956,41.76940144224043,42.326971731790614,345336
2012-01-12,44.19847106933594,44.9645225341211,42.38514888911674,42.81181403890427,1163850
2012-01-13,43.980289459228516,44.77058822368563,43.7475647131346,44.54755861634035,382701
2012-01-16,44.086952209472656,44.56210053689528,42.84574872274432,43.78150078901579,441349
2012-01-17,45.371795654296875,45.861488637126925,44.125746311383516,44.125746311383516,591116
2012-01-18,45.46391296386719,47.51480926496646,44.8093725524786,45.95845536104788,3922305
2012-01-19,45.570579528808594,46.962086004318444,45.28452212314991,46.157242695073116,1617719
2012-01-20,43.980289459228516,46.448152200495905,43.78150711151089,46.448152200495905,419700
2012-01-23,43.597259521484375,44.46028111919669,43.05423016937434,44.21786126809421,294117
2012-01-24,43.829986572265625,45.861485063168914,43.15605212126994,44.02392321650897,961430
2012-01-25,44.18877410888672,44.484530432248825,43.8299899714259,44.21786705509584,209219
2012-01-27,44.377872467041016,45.08089626841106,44.07241718907256,44.41181110568129,281099
2012-01-30,42.31243133544922,44.50878160614077,41.98758577493137,44.02393422662194,254533
2012-01-31,43.558475494384766,44.07240818680785,41.65788199792228,42.6663608712681,398925
2012-02-01,44.5039176940918,45.187547231863974,43.63604289867309,43.63604289867309,724393
2012-02-02,44.208168029785156,45.03725110517386,43.7427185427428,44.96452438750459,235530
2012-02-03,47.92692565917969,49.12449167794868,43.286956928956144,43.73301610264622,5337086
2012-02-06,47.364501953125,48.945095436415635,46.76329426944067,48.387525282111504,1165662
2012-02-07,47.844505310058594,50.13297207742597,46.564513636397834,47.51481037093076,2134217
2012-02-08,48.916019439697266,49.4348016554618,47.330576078174985,48.23238596412568,796487
2012-02-09,49.84691619873047,50.36569835125853,49.35237377489942,49.35237377489942,1140969
2012-02-10,49.17782974243164,50.27357999091261,48.537837620584966,49.35722181583738,728505
2012-02-13,49.318424224853516,50.355995909634515,45.090580154413274,48.9693390493442,544213
2012-02-14,49.754791259765625,50.9959947842802,49.26024887748854,49.454185516280695,870139
2012-02-15,51.02024459838867,51.58751380300798,49.93904263459284,49.93904263459284,1234743
2012-02-16,51.379024505615234,51.78144994859356,50.13297515186067,51.0687235888833,572204
2012-02-17,52.755977630615234,53.788696107660215,51.4905306811924,51.58750087801651,1964511
2012-02-21,56.295352935791016,57.45413091830027,51.054176265213925,51.054176265213925,3128901
2012-02-22,56.13534927368164,57.95836264289771,55.55838130115855,56.7268580695476,1994456
2012-02-23,56.72685623168945,57.677152847314154,55.378987464246684,55.75716557706619,2968742
2012-02-24,56.21292495727539,57.536554120152765,55.82989735860243,56.809283239228876,914955
2012-02-27,56.188682556152344,57.197157567377914,54.9571742042262,56.629888491012586,1489389
2012-02-28,56.528076171875,57.017769119777235,55.76202096265715,56.24201877257914,419282
2012-02-29,62.23954772949219,67.277088703221,56.722012711836804,56.72686216336896,17144268
2012-03-01,61.78864288330078,64.47468556292056,58.40442602182087,62.50621487129545,5647296
2012-03-02,61.454097747802734,62.351061725597454,59.160777978709774,61.09046421154837,1921629
2012-03-05,60.7850227355957,62.44804224011206,60.702600872506714,61.57532155630938,1012068
2012-03-06,59.09291076660156,63.32076317321252,58.8020038881529,60.120783745174805,1360183
2012-03-07,58.559566497802734,59.43229069353193,58.31229721516556,58.76320201796949,545364
2012-03-09,59.131690979003906,60.12077574007337,58.46260600068138,59.151085019324995,737992
2012-03-12,59.6116943359375,61.080773260628,59.1704845838188,59.53411816741062,592744
2012-03-13,61.182586669921875,63.20438994107425,59.054114295396005,60.02380500756763,2341787
2012-03-14,60.32925796508789,62.254094849459136,60.111077831693116,61.09046747135366,589721
2012-03-15,59.863807678222656,60.92076970048822,59.34502180472349,59.873506580958264,372268
2012-03-16,59.451690673828125,61.963186888327726,59.16078006944205,60.60561912826731,825303
2012-03-19,58.336551666259766,60.01411559105343,58.27836954026474,59.543812896420434,552478
2012-03-20,59.16563034057617,60.014111143645785,58.084428580977125,58.27836522148634,833649
2012-03-21,59.3547248840332,59.82502380715153,58.64685177350119,59.17533282182124,1016048
2012-03-22,58.29776382446289,60.60077902434192,58.18139957198941,58.763213304152146,1047164
2012-03-23,59.08320617675781,59.67956442916366,58.29290752634056,58.66623996868611,570036
2012-03-26,58.069889068603516,59.53897186311144,58.03595043372947,59.53897186311144,883677
2012-03-27,58.035945892333984,59.3256327421409,57.93897944745379,58.035945892333984,388706
2012-03-28,58.86017990112305,60.12077749845505,57.89048915201366,57.98745935645522,1061933
2012-03-29,58.7486686706543,59.59714953950237,57.9098867053897,58.52563906946202,506695
2012-03-30,59.29653549194336,61.080764522189185,58.76320505727478,59.15108207931573,1180990
2012-04-02,61.66743469238281,62.496517733352405,61.66743469238281,62.496517733352405,1267263
2012-04-03,64.45528411865234,65.04679668909993,61.289251338767016,61.866215555434884,2328912
2012-04-04,68.36798095703125,69.22616057764937,63.999529290015424,64.00437874094929,2845572
2012-04-09,68.78010559082031,70.07948743192598,67.49041512196193,68.07222878576492,2756347
2012-04-10,69.03707885742188,69.81767489749662,67.9364792546239,68.84798789677751,1068783
2012-04-11,67.17041778564453,69.1194980389936,66.54011715224458,68.86737176147072,616074
2012-04-12,66.6758804321289,68.16920266947575,66.05042923823754,67.39344860858536,475692
2012-04-13,65.34742736816406,68.03831660942052,64.8916766684261,66.90377801787646,312734
2012-04-16,64.49891662597656,67.00556314804282,64.0528575072544,64.96921546890643,684412
2012-04-17,65.2310562133789,66.22014122824295,64.324396832305,65.1292402993942,462551
2012-04-18,68.66374969482422,70.85525010280888,63.99954091523703,65.06620193854556,3227856
2012-04-19,67.91222381591797,69.61887645806803,67.22373739434472,68.84797196929453,893468
2012-04-20,68.22737884521484,69.57524762374521,67.86859476844255,67.87829367057248,996322
2012-04-23,68.09648895263672,69.51708475310693,67.0443686829262,68.36314857896787,965379
2012-04-24,67.81527709960938,68.75103315895859,67.50013046502559,68.34861144146576,398793
2012-04-25,67.67465209960938,69.04191863639109,67.49041061635799,67.8782913864679,422458
2012-04-26,68.2710189819336,69.31343262481005,67.42253820784116,67.87829626291159,484781
2012-04-27,71.55342864990234,75.60672701580943,68.41648089882797,68.94495819769867,8961589
2012-04-30,70.95221710205078,72.338874184109,70.30252609749016,71.84433551801204,806330
2012-05-02,71.2479476928711,74.1424745173558,70.39946711979938,70.39946711979938,1475770
2012-05-03,72.58615112304688,73.50250936408627,71.26737869853339,71.72797878013068,1461591
2012-05-04,68.14496612548828,72.62008408977935,67.78133252887852,72.53281654471598,671384
2012-05-07,69.84677124023438,70.9328224825862,65.0758898359669,68.22738574961377,995335
2012-05-08,69.55101776123047,72.82371997584784,68.85768923449048,70.30252464859292,1655533
2012-05-09,70.35101318359375,72.53281470800361,69.91950233057109,70.24434783330291,1190233
2012-05-10,69.7255630493164,72.24190902139412,69.0564742254559,71.01525370785474,948524
2012-05-11,68.84798431396484,70.01161166635495,67.89768763881908,68.84798431396484,607422
2012-05-14,69.40557098388672,70.59828773263855,68.55709004053064,69.59466196934616,635718
2012-05-15,69.62374877929688,70.78737630528585,68.84799458523588,70.20556254229136,862831
2012-05-16,68.78980255126953,71.17038604234861,68.08192576619818,69.64797466907042,2695816
2012-05-17,68.39706420898438,70.30250669040291,67.9752523767083,69.04191311388587,1585881
2012-05-18,66.22013854980469,68.26618577276511,64.22257832067832,67.86861350790143,1147585
2012-05-21,67.85891723632812,68.64437042193231,66.09408547287507,66.23468947722378,710489
2012-05-22,66.6758804321289,69.22616465948497,65.93891445079322,69.22616465948497,390365
2012-05-23,64.14013671875,66.90860105641693,63.51468552787646,66.74860681795403,845039
2012-05-24,66.25405883789062,66.69526852199489,63.41771732310908,64.96921786386191,1029911
2012-05-25,65.52680206298828,66.99103530497074,65.3668078038938,65.55589124371411,418743
2012-05-28,65.2940902709961,66.36560102195727,64.7753117463398,66.10378326799425,254961
2012-05-29,64.85285949707031,66.23466686629251,64.42134119594401,65.45406339975983,261485
2012-05-30,64.34378051757812,66.66618587002719,63.99953723039342,65.0419509346101,473025
2012-05-31,63.58256912231445,64.87225971198922,63.374087881309165,63.616515284073174,178113
2012-06-01,63.408023834228516,64.38740971665719,63.36923575263303,63.897720540544924,256935
2012-06-04,61.68198013305664,63.378938086664085,61.0904712694588,62.77773031959128,193605
2012-06-05,61.89530563354492,62.58378841370051,61.09531182850202,62.06015309286359,232202
2012-06-06,63.34014129638672,64.58134474361484,62.060149770795014,62.060149770795014,675669
2012-06-07,63.52924346923828,64.19348283972575,63.126821791444144,63.514695113453435,304011
2012-06-08,63.89772415161133,66.81164223640164,63.44196604965908,64.3874133553975,624827
2012-06-11,63.47105026245117,64.60074652541923,62.840753362989204,64.19347544262719,282738
2012-06-12,64.2468032836914,65.59952157583344,62.93287307165906,63.514686743100455,780253
2012-06-13,64.20317840576172,64.95954235186645,64.03348522821533,64.3922693922879,345071
2012-06-14,62.734100341796875,64.4552943628382,62.258951935458015,63.713486336453514,214715
2012-06-15,62.942569732666016,64.19347209379823,62.7389342018932,63.209236832647804,296927
2012-06-18,62.8843879699707,63.90256562958909,61.90985160554557,63.16075020864557,246197
2012-06-19,63.26742172241211,63.70863145715525,62.27349122143786,62.27349122143786,144280
2012-06-20,63.38862991333008,63.88316851247854,63.02984206175522,63.340142931572956,159721
2012-06-21,62.3171272277832,63.805600189420915,61.885616380784526,63.51954277535234,206928
2012-06-22,61.90985107421875,62.73893401802611,61.60439589640382,62.268635153751596,169166
2012-06-25,61.97288513183594,62.700152266494825,61.866219787432925,62.26864143729113,116492
2012-06-26,61.89045333862305,62.34620758747347,61.575303042527096,62.33650868584816,105489
2012-06-27,62.44318771362305,63.1753081080056,61.96319363559816,62.06016008251704,441126
2012-06-28,65.99225616455078,66.51104212292697,62.86016143116184,62.93288438806691,3992292
2012-06-29,66.3607177734375,66.90859273745689,65.28436564777257,66.39465639738894,1128632
2012-07-02,65.45408630371094,66.85044251436157,65.09045265825046,66.84074360909437,351697
2012-07-03,67.10739135742188,68.53768579207191,65.1631605153355,65.87588677214784,1608325
2012-07-04,67.47587585449219,68.82374470873141,67.10739285489252,67.19950983969048,884226
2012-07-05,66.55752563476562,68.00548191878397,66.19796652708791,67.98604975863894,642639
2012-07-06,65.81413269042969,67.90833172185906,65.401121779746,66.55755082036576,697797
2012-07-09,64.4098892211914,65.85299342686905,64.259269195771,64.73058407565635,292458
2012-07-10,65.80926513671875,66.08136827547547,64.43419229856204,64.4536244638087,279552
2012-07-11,66.25141906738281,66.99483701071408,64.43904351814696,64.43904351814696,592632
2012-07-12,67.66536712646484,68.219285667447,65.35252459788606,66.46035413337906,902985
2012-07-13,66.90251922607422,68.41364733229327,66.28543669947584,67.73825321988788,677307
2012-07-16,66.40205383300781,67.44186708105909,66.17854243302536,67.24750770140656,273587
2012-07-17,66.17853546142578,68.40392182474399,64.72571906105898,66.56724663331016,3335952
2012-07-18,69.30767059326172,70.0559483685849,66.27570271814659,67.38353960116922,7053863
2012-07-19,71.06661987304688,71.90235390113469,69.29311597061384,69.87132664587763,3805374
2012-07-20,69.38057708740234,71.30957618339657,69.06474966984455,71.14436880901661,692697
2012-07-23,70.19686889648438,70.64875160033166,67.63621533429242,68.8363684038708,1037972
2012-07-24,70.87712097167969,72.09671384782682,70.26003841495132,70.45925772760583,1336202
2012-07-25,71.31442260742188,72.8935746562303,70.264897042265,71.42618585473429,1142913
2012-07-26,69.71096801757812,71.70799054988257,69.42429268992373,71.33385162721095,393317
2012-07-27,70.04137420654297,71.62052599755967,69.67695514295993,71.07632736570703,610577
2012-07-30,70.72649383544922,71.62053182246557,69.77414426563476,70.92084565418645,567257
2012-07-31,72.35907745361328,73.41832260600538,71.08118088278893,71.11519282255817,2034417
2012-08-01,72.29106903076172,72.84498758518512,71.6691265822555,72.59232417296117,570464
2012-08-02,72.0238265991211,72.59232494250519,71.2318244070119,72.28620986941594,335239
2012-08-03,72.42225646972656,73.078210861456,71.34357893302673,71.45533462878984,499784
2012-08-06,74.79827880859375,75.38134944337031,72.59233176204285,73.36975424409673,1443667
2012-08-07,78.29669189453125,79.00609792471006,75.0703716789655,75.31331522802722,2651753
2012-08-08,80.73587036132812,82.25185065289119,78.80687173420536,78.80687173420536,1879337
2012-08-09,86.0515365600586,87.9222237779884,79.2004575199559,79.2004575199559,5220308
2012-08-10,87.34886169433594,88.19917540086975,83.83100634564815,85.99808867422259,2843465
2012-08-13,88.67050170898438,89.66172324914814,85.51706503442504,87.94166345099218,1368763
2012-08-14,91.61013793945312,92.3098240508488,88.21375075745766,88.4324021956144,2618744
2012-08-16,89.03006744384766,92.53821119550001,88.46643650775468,92.02317199566323,2500460
2012-08-17,86.9747314453125,90.57033058483124,86.58601272189838,89.40418950753099,1025891
2012-08-21,91.05624389648438,92.54793249412653,86.60061027047966,86.9747492885955,2429241
2012-08-22,90.0067138671875,92.55764787372706,89.64715465150965,90.37599293909238,1614391
2012-08-23,85.70171356201172,91.34778069035985,84.15657327423165,91.34778069035985,2081035
2012-08-24,80.16738891601562,85.84747514051091,79.69607399621447,85.22553263606112,3389287
2012-08-27,76.94105529785156,83.52003908870063,76.39200420712963,80.66785013193619,6229160
2012-08-28,77.35891723632812,78.5201983457134,75.31331049515394,77.39292918012995,3064756
2012-08-29,74.34638214111328,79.10326184216515,73.10249747299602,77.85937717404788,5678045
2012-08-30,76.5183334350586,77.5484268314744,72.01896849070378,74.04028340745528,2844056
2012-08-31,77.37350463867188,78.9526490835783,76.78071420763865,77.19857742878098,2292941
2012-09-03,77.81568145751953,79.08871860643083,76.86819160201628,77.73307776541623,1438517
2012-09-04,78.36956787109375,78.71455476991994,76.78070378651623,78.35985556356253,799969
2012-09-05,78.26268005371094,78.71456275297336,77.74277346247872,77.74277346247872,906415
2012-09-06,77.45391082763672,79.03157613428183,76.39059791729083,78.96728019812659,652610
2012-09-07,77.48358917236328,78.72989655758074,76.58348373326928,78.04245069738985,834150
2012-09-10,76.39553833007812,78.91782556181113,76.02461418108628,78.13146063063034,766350
2012-09-11,74.16999816894531,77.15222791341938,73.98701132530364,76.40048614381503,1434490
2012-09-12,73.5320053100586,74.72886063010573,72.47858577777761,74.18483548462976,1785640
2012-09-13,73.89302825927734,75.5893841893247,73.39846279211902,74.17987713580558,1626460
2012-09-14,75.63884735107422,76.61808490959645,74.3579245413822,75.16901164422828,1319410
2012-09-17,75.68338012695312,77.15224069780218,74.80305388168321,75.91582658405537,1023360
2012-09-18,75.47069549560547,76.53400826224397,75.19868297148598,75.86139890554412,934880
2012-09-20,75.36190032958984,76.07901886214059,74.39254853878644,75.60423261743719,371300
2012-09-21,77.1027603149414,79.04640670158713,76.18781864547284,76.18781864547284,3446240
2012-09-24,81.81598663330078,82.39957798720481,77.39951928309607,77.39951928309607,4727110
2012-09-25,81.41043853759766,83.42331647734986,79.93663525639005,82.06821164931928,2475290
2012-09-26,82.70124816894531,83.18592027321557,79.52613838579585,79.92673525591002,2050300
2012-09-27,84.52619934082031,85.50049407088197,82.59244624337032,83.28483498969625,3108570
2012-09-28,86.41048431396484,87.77548237013082,84.66961165001403,84.67456213472947,2121880
2012-10-01,88.39863586425781,88.97232608088811,86.48961282574543,86.93966167342148,1940180
2012-10-03,91.51438903808594,91.98423226041437,87.2908033467414,89.1305874544243,2458300
2012-10-04,94.36311340332031,95.93582831258095,92.48376270536087,92.68158591715795,5895740
2012-10-05,90.84178924560547,97.3255433829299,89.76858299458698,95.01098041866234,6745900
2012-10-08,85.18891906738281,90.80224128141296,84.63005756080713,90.80224128141296,5260800
2012-10-09,86.29180145263672,87.24136647350463,85.55984649734785,85.55984649734785,1196190
2012-10-10,84.5608139038086,86.53413312484936,81.4005404055301,81.4005404055301,735700
2012-10-11,85.24825286865234,85.55983154870029,83.58651248584766,85.0603231101454,673120
2012-10-12,85.00593566894531,86.5341415245077,84.76853875327723,85.55984671256022,567340
2012-10-15,84.44212341308594,85.35212219980852,83.97723059586622,84.96141119534884,338160
2012-10-16,83.1958236694336,84.86745776877805,83.08701863654892,83.08701863654892,389710
2012-10-17,83.93766021728516,85.82689656959818,83.08700692363503,83.57662950259312,967550
2012-10-18,86.22254943847656,86.54896448712385,83.97722533737205,84.036570783864,1081330
2012-10-19,86.1038589477539,87.53809591879555,85.26804202222385,86.35608464299382,2507190
2012-10-22,87.16718292236328,88.39865392548568,84.07614806696033,84.07614806696033,2280260
2012-10-23,87.35017395019531,88.92289648403647,87.04354569273971,87.94365870800537,1195810
2012-10-25,91.06436920166016,91.633116640926,87.72605129686015,87.94366137512714,3274860
2012-10-29,84.90702056884766,86.68745978902184,84.57071957529939,85.85659318392212,967180
2012-10-30,83.8684310913086,85.4955485121693,83.21560091017936,84.78832336241774,833580
2012-10-31,84.22944641113281,84.90699870965221,83.16118315405127,84.07613231845795,553630
2012-11-01,85.15924072265625,85.66369968162628,83.09690334622762,84.17505259077308,996840
2012-11-02,84.76358795166016,86.05440431829341,83.97723055093921,85.0652732341751,1447430
2012-11-05,84.63005065917969,85.26309393072371,84.02668011185318,84.8377672751734,476090
2012-11-06,84.06132507324219,84.72899172678966,83.77941902728608,84.72899172678966,302970
2012-11-07,83.70521545410156,85.1345095254324,83.38375088010407,84.076139599393,641270
2012-11-08,83.2551498413086,84.41243123596993,83.0869993917876,83.7052062325003,489650
2012-11-09,82.91392517089844,84.22452862333999,82.79028376292128,83.27001302959049,603010
2012-11-12,82.44903564453125,83.43321637249355,82.29571396735966,83.2650658773054,633640
2012-11-15,82.77543640136719,83.68049229310448,82.29570719842766,83.66565592983598,472860
2012-11-16,83.25023651123047,85.55985718397251,81.1087663478121,82.13746380219037,895050
2012-11-19,82.96337890625,84.47180548656715,82.85457387117977,83.38376268233698,461340
2012-11-20,81.99896240234375,83.57662757388539,81.80113167206554,83.07711158309478,663170
2012-11-21,81.56868743896484,82.40450437363931,81.50439905308515,81.90005297764046,412560
2012-11-22,84.44705963134766,85.26308969265234,81.75167914948018,81.76651551085149,1671270
2012-11-23,85.22352600097656,86.8457001500563,84.56080253128465,85.50048145865307,1526560
2012-11-26,86.90999603271484,87.14244242900345,85.07021170907397,85.54994086341678,1078150
2012-11-27,86.32147216796875,88.13158398420737,85.76261819963884,87.34028359183453,735310
2012-11-29,85.67357635498047,86.94461326633976,85.06526292498212,85.56972182975825,522250
2012-11-30,87.26114654541016,88.52723314156357,85.65875145226333,86.07418470166279,977870
2012-12-03,89.09597778320312,90.10983863550969,86.40554762175736,87.1424454364492,1190730
2012-12-04,88.27006530761719,90.40659230092962,87.14245635441522,89.51637272038276,926400
2012-12-05,88.38874053955078,89.56580876153448,86.99406230545546,88.64591669445271,459600
2012-12-06,91.50946044921875,93.39375393243724,87.04847720505248,89.26907917664718,1368420
2012-12-07,92.78543090820312,93.96744211505474,92.1870033511287,92.81510362985682,1406580
2012-12-10,92.9090576171875,94.96645152049261,91.73198953421087,93.73498094091279,1419040
2012-12-11,91.34131622314453,93.37398101530913,90.20875684315442,92.38484987647422,694960
2012-12-12,90.1593017578125,91.9891927933318,89.02179947741787,91.94468370474624,1013550
2012-12-13,92.62222290039062,95.0307543837741,90.06037732496422,90.20874093244423,2340000
2012-12-14,93.05250549316406,93.46299580647252,90.70826960887067,92.68158132955091,653060
2012-12-17,92.42936706542969,93.45806444553128,91.68751864630114,92.9783351974437,659330
2012-12-18,91.474853515625,92.94370635379471,90.59947032105218,92.86952453496308,464420
2012-12-19,91.05940246582031,95.74788909778562,90.02576232498204,93.23549531368471,2822260
2012-12-20,90.5846176147461,91.9891818053523,90.14445462732124,91.81608086401208,512990
2012-12-21,89.2690658569336,92.06830818193818,88.13156378547366,90.47580679118829,1236110
2012-12-24,87.89912414550781,90.27798299154395,87.53809344375158,89.52129838074782,341960
2012-12-26,89.69441986083984,91.00007277708697,87.04354787373536,87.74583013850359,9017680
2012-12-27,90.56484985351562,91.97930776507081,89.92192061355865,90.01588173810329,9220640
2012-12-28,89.66472625732422,91.43527164496328,88.72504728365445,91.21271113378451,4540010
2012-12-31,89.3729476928711,90.63903434771996,89.03169624130429,90.63903434771996,377550
2013-01-01,90.17414093017578,90.5054989552002,89.12071385533449,89.9862035994416,292350
2013-01-02,90.04060363769531,91.69245077844118,89.71418856059803,90.82201811931994,549940
2013-01-03,90.49561309814453,91.59354935476847,89.89224245093779,90.30768329816718,996450
2013-01-04,92.04853820800781,92.8200592624018,89.60044023265107,89.60044023265107,1330930
2013-01-07,90.73298645019531,92.81015996076903,90.40657142163464,92.80520947621879,561900
2013-01-08,90.4461441040039,91.2967973963989,89.91201244042071,90.84674096507358,359060
2013-01-09,90.63407897949219,91.29680254452192,89.12070962057139,90.51043759335197,270350
2013-01-10,90.00598907470703,91.09897473741931,89.41745485025969,90.91598789489996,404270
2013-01-11,87.85957336425781,90.39175429704183,87.39963099142759,90.01587962181166,506620
2013-01-14,85.75765228271484,88.44314679676457,85.5697225295714,88.44314679676457,886340
2013-01-15,86.41543579101562,88.92288673303469,85.65875110890285,86.09891414324603,1449070
2013-01-16,83.12164306640625,88.6063736967063,82.60234768303374,87.81506572714133,2472780
2013-01-17,81.99896240234375,84.95646201514882,81.85059124125277,83.18097365979969,1183050
2013-01-18,83.34418487548828,83.96239178536898,82.19678922844359,82.57266385939253,717530
2013-01-21,85.05538940429688,85.36202520656155,82.39957455874261,82.60234826501221,602550
2013-01-22,85.73295593261719,87.83485988349472,85.13452819321348,85.95550895929792,1966740
2013-01-23,85.97527313232422,87.24135972893448,85.75766308356845,86.58359419038369,1068940
2013-01-24,84.48168182373047,86.15330807206732,83.60134829627704,86.0593394201977,632170
2013-01-25,84.76853942871094,85.23838277816941,83.576642087612,84.3877293564274,399830
2013-01-28,82.80015563964844,85.50542954585313,81.5983650891859,85.50542954585313,761260
2013-01-29,82.3599853515625,83.57166921781906,81.9000430966183,83.08699718061044,704700
2013-01-30,83.2353744506836,84.06129792307576,82.62706100387415,83.07216693149655,488060
2013-01-31,84.27396392822266,84.62016583900737,82.34516136528198,84.04151752365401,568370
2013-02-01,84.11076354980469,85.16418300011513,83.9871221669513,84.49652406058955,382910
2013-02-04,84.16023254394531,85.05539512885638,84.0761572922298,84.11078050871582,349630
2013-02-05,83.06228637695312,83.91293976521594,82.79027380283331,83.88820997730109,468860
2013-02-06,83.27497100830078,84.21958571491864,82.8892103844211,83.96241699664773,306100
2013-02-07,82.61717987060547,83.77940443071455,82.35506072256328,83.68049282613723,388840
2013-02-08,81.65772247314453,82.67158341221986,81.40549674636789,82.59739404801134,465330
2013-02-11,81.42527770996094,82.29076748474644,81.20766764486507,82.29076748474644,354850
2013-02-12,80.0306167602539,81.66762784726023,79.13544659857618,81.29175312513816,299720
2013-02-13,77.04342651367188,81.20766784925854,76.45984274351135,80.60429722960026,438340
2013-02-14,74.84261322021484,77.15223366869462,74.09087139453331,77.13245436512476,1271630
2013-02-15,75.4805908203125,76.36091688386401,74.18483151145,74.67445411615523,493510
2013-02-18,76.86043548583984,77.87429639306934,74.38760768599792,74.38760768599792,554380
2013-02-19,76.19275665283203,78.43808815839336,75.37177614475559,76.98900737761069,2497590
2013-02-20,81.60331726074219,83.31451741586947,76.26200771256293,76.75657327171895,3856650
2013-02-21,82.22647094726562,83.06723847385005,79.06125424102838,81.54397557570091,1747010
2013-02-22,81.4945068359375,84.27396267941646,80.91092313709545,82.0088592094139,949820
2013-02-25,84.12065887451172,86.45006610953098,82.46881162522568,83.58158419588091,3031590
2013-02-26,83.39859771728516,84.73392329876059,82.9435982808217,84.27397337666332,1058040
2013-02-27,83.5667495727539,84.81799993010415,82.6171845315912,84.07615153421402,5846060
2013-02-28,80.13938903808594,85.06526466099525,80.00091130398336,84.2739568548629,923150
2013-03-01,79.8723373413086,81.09885780790304,79.79320504114857,80.7032038535744,616460
2013-03-04,79.65472412109375,80.51032038643991,79.59537867156976,80.51032038643991,342510
2013-03-05,79.84266662597656,81.00984167007871,79.5459242661396,79.7289186581768,265340
2013-03-06,79.5805435180664,80.91092603922749,79.49646828113985,80.46086958291068,316370
2013-03-07,79.48163604736328,80.21853391666379,79.44701283516896,79.9514718294047,338030
2013-03-08,80.15424346923828,81.74673762050016,79.52614309864865,79.78826224021921,694860
2013-03-11,79.59539031982422,80.94060938002079,79.42723982391772,80.88125637533967,238720
2013-03-12,79.293701171875,80.59935401479893,79.21456886709854,79.74375766551022,415660
2013-03-13,78.83869171142578,79.48162839963193,78.77439577866387,79.45194812926191,371450
2013-03-14,78.680419921875,79.21455154259174,78.32928265924131,79.11563995648945,530260
2013-03-15,78.64583587646484,79.2689859112245,78.33920002587581,79.26404297119706,264030
2013-03-18,76.4202651977539,78.83869025497084,75.96526583127525,78.32928838019198,417350
2013-03-19,75.6932601928711,77.61711991243735,75.63885767960946,77.61711991243735,312880
2013-03-20,75.55973052978516,76.36092437382413,75.52016437685494,75.82680017544618,318070
2013-03-21,75.3767318725586,76.95439707117485,75.28276321737268,75.78722215515083,652980
2013-03-22,75.71797943115234,76.53895240808075,75.27286596289575,76.50433674799406,252510
2013-03-25,75.80207061767578,78.22049606767835,75.37674390546908,76.31147257518855,498330
2013-03-26,75.12946319580078,76.10375804563637,74.9810920043564,75.67348083580045,705410
2013-03-28,76.31639099121094,78.08199321470336,74.9711724056366,75.21351218527369,461870
2013-04-01,77.21652221679688,77.64679183310308,75.68830892247037,76.58347891257591,260620
2013-04-02,76.88516235351562,78.63592104887337,76.26200494187728,77.35499810834986,969480
2013-04-03,75.07999420166016,77.43907396503367,74.92173715137751,77.42918054111871,461330
2013-04-04,74.88709259033203,75.52508618770415,74.84752645242398,75.07502985877795,329710
2013-04-05,74.80799102783203,75.5943560785936,74.48158346240119,74.48158346240119,274780
2013-04-08,74.78326416015625,75.27287925126154,74.70907479578116,75.1442949180719,161590
2013-04-09,74.67444610595703,75.5498215904328,74.6447658375003,74.78325111755353,239320
2013-04-10,74.42716979980469,75.41135038102281,74.34803750334832,74.67939550497931,604200
2013-04-11,74.21946716308594,75.56962920990787,73.69027832062429,73.69027832062429,460030
2013-04-12,74.21450805664062,74.70907362550692,74.15021211781706,74.18483532994412,142200
2013-04-15,74.05624389648438,75.03548151591484,74.0512934115286,75.03548151591484,279770
2013-04-16,75.29267120361328,76.38565697598612,73.69027591004732,73.69027591004732,243980
2013-04-17,74.45684814453125,76.65766342385733,74.18483557147484,75.72787773649057,213470
2013-04-18,77.01375579833984,77.63690573730742,74.18483996399506,74.18483996399506,464490
2013-04-22,76.81593322753906,78.14136542381354,76.16310300802078,77.44897659687497,345060
2013-04-23,77.10771942138672,77.83473140915322,76.17299080089717,77.05331690711604,183950
2013-04-25,75.85150909423828,78.17597300513731,75.46080566569802,77.15221878738339,661280
2013-04-26,75.32727813720703,77.05331463315547,75.06021605915072,76.57852838203469,227810
2013-04-29,74.32330322265625,75.96031383093359,73.92270637247003,75.00085554721957,507910
2013-04-30,73.38363647460938,75.46081021164822,73.20559258020769,74.18977316480014,476010
2013-05-02,74.25407409667969,76.34608433684343,73.41331414015868,73.65070349984741,696680
2013-05-03,72.1670150756836,74.66951593009816,71.79114791751131,74.19473715624608,788020
2013-05-06,72.61708068847656,73.43311105299541,72.21648368965919,72.21648368965919,354600
2013-05-07,74.37277221679688,75.96527394275294,72.22635192541806,72.22635192541806,755280
2013-05-08,75.5844497680664,76.38070056176984,74.74863282695567,74.74863282695567,831310
2013-05-09,74.87722778320312,76.30157910632492,74.6794045645349,76.30157910632492,522620
2013-05-10,74.87722778320312,75.66853575082014,74.5804929552008,74.6794045645349,294590
2013-05-13,75.26793670654297,76.10869668189596,75.17396803905865,75.47071040516998,355050
2013-05-14,75.45586395263672,77.26102505678357,74.699171774874,74.699171774874,822010
2013-05-15,74.6546859741211,76.85550168444354,73.7941465427103,75.66854710144158,1502220
2013-05-16,71.47954559326172,74.67444179707176,71.08389171451095,74.38264243928018,1606870
2013-05-17,70.02058410644531,72.70112819980025,69.92167251614786,71.94444359164243,1399810
2013-05-20,69.09080505371094,70.7921117341366,69.02651666452982,70.2283073152952,1345910
2013-05-21,66.41519927978516,69.83264877853668,66.2074826703412,68.94242934772625,1692770
2013-05-22,67.8840560913086,69.1897086763303,66.66742921819338,66.66742921819338,729370
2013-05-23,66.23221588134766,67.81482409217108,66.13330428313455,67.81482409217108,623110
2013-05-24,66.21739196777344,68.1511453942399,65.6783172416657,65.6783172416657,506550
2013-05-27,67.21145629882812,67.58733095256723,66.27178475742342,66.27178475742342,273460
2013-05-28,68.27474975585938,68.74458534062026,67.3598008172709,67.3598008172709,555710
2013-05-29,66.0541763305664,68.51216781751168,65.9898803915869,67.78515582579706,514200
2013-05-30,66.02449798583984,66.76634627781557,65.39639765228848,65.39639765228848,336120
2013-05-31,65.5744400024414,66.66743311403457,65.41123247646753,65.67830208132328,576060
2013-06-03,65.72281646728516,66.83064602999941,65.36178572423972,65.36178572423972,405210
2013-06-04,66.19263458251953,67.7455697130885,65.87611301280067,66.39046528013724,671310
2013-06-05,65.48543548583984,66.58337176479218,65.36673702043575,65.78217032964137,955710
2013-06-06,65.40629577636719,66.02944566968068,65.1491195703214,65.777219949012,602200
2013-06-07,65.08483123779297,66.46960877974767,65.03537166280675,65.08977417670295,485310
2013-06-10,64.34297943115234,65.59422963699488,64.2935198588263,64.44189102933322,671870
2013-06-11,61.776180267333984,63.9176498520816,61.39041599625653,63.853353920284306,1140030
2013-06-12,61.687164306640625,63.78906417524938,60.6337372430335,60.6337372430335,477240
2013-06-13,61.123355865478516,62.285587952277226,61.07884677614705,61.32612955661728,480650
2013-06-14,61.2519416809082,61.91960440860261,61.034335408019345,61.32612726692661,508840
2013-06-17,61.019493103027344,61.622863647115416,60.99476709072396,61.42503668251081,240270
2013-06-18,62.83949279785156,64.78808212413493,60.90574360645789,60.90574360645789,1657840
2013-06-19,62.75541687011719,66.94933025571328,61.95421939055613,63.38351717690636,2994060
2013-06-20,61.46460723876953,62.33009696941286,60.9601520274183,61.62286806715774,1288950
2013-06-21,61.63276290893555,61.96906764864999,60.95026000505971,61.08379482244232,799700
2013-06-24,61.434932708740234,61.72178542176134,60.871132026942284,61.05411887527333,532890
2013-06-25,61.36074447631836,61.78112441751361,60.93047111162082,60.93047111162082,1093370
2013-06-26,62.30042266845703,63.205482354680015,61.43493668050809,62.206457774471666,785440
2013-06-27,62.81476974487305,63.210423706488314,62.33999102811204,62.61199982514119,934930
2013-06-28,63.551666259765625,65.44585301573044,62.809818015488204,65.28264549641294,1296740
2013-07-01,63.418128967285156,64.0808524414125,63.007642489263084,63.007642489263084,526040
2013-07-02,65.98988342285156,66.3509217390437,63.165918114079744,63.89787307838776,2150010
2013-07-03,63.14118576049805,66.56852910344536,62.51308914339815,65.9453716521067,1442650
2013-07-04,62.97760009765625,63.894700721434916,61.96630947319884,63.17093468064276,1305130
2013-07-05,62.982547760009766,64.60358825838587,62.660322249073964,63.45349011913865,507130
2013-07-08,61.96133804321289,62.848695861600376,61.47056603467233,62.848695861600376,2478380
2013-07-09,62.87844467163086,63.75093505214597,61.50031470885821,61.50031470885821,1289850
2013-07-10,64.98530578613281,66.80959785726108,62.07537033483952,63.43367076969083,1354790
2013-07-11,66.2741928100586,67.22103960981113,65.04478363948819,65.63469641188742,554910
2013-07-12,65.78340911865234,66.92359031840735,64.5589546758353,66.2047828982066,398830
2013-07-15,65.5256576538086,65.98173639675798,64.99522992149957,65.13898844655601,186270
2013-07-16,63.770755767822266,65.32734885813983,63.56750449664422,65.13896889321916,473660
2013-07-17,62.44715881347656,64.80683278378059,60.57825309585749,64.57383889168437,1278280
2013-07-18,63.15109634399414,63.8252900011391,62.0357029264985,62.67519560638408,1846400
2013-07-19,62.496734619140625,64.94068576922143,62.362889068330546,64.33093946357563,549660
2013-07-22,62.79912567138672,63.61708156759787,61.470568080933255,62.46202885643218,313880
2013-07-23,64.063232421875,64.53417475188657,63.05690039437572,63.4534861959494,665550
2013-07-24,62.764427185058594,63.93930583006744,62.462031333967175,63.45349214879205,505890
2013-07-25,61.812618255615234,63.25519160049974,61.66389763847883,62.46202380072455,219080
2013-07-26,60.91039276123047,62.357924553830514,60.85586211721064,61.5944993196756,445540
2013-07-29,60.79637908935547,61.297067878175774,60.761678110850475,60.97484234513057,422610
2013-07-30,60.553466796875,61.46065430183392,60.459276814203726,61.46065430183392,434900
2013-07-31,58.45652770996094,60.96988068021257,58.12438925052456,59.98337824574389,781030
2013-08-01,57.35600662231445,59.98833765740535,57.00899684998975,58.05002994908673,173580
2013-08-02,58.540802001953125,59.28935214573335,56.43890248697576,56.538050831336555,336570
2013-08-05,60.20645523071289,61.07398342586508,57.39566478612926,58.01036941969986,415940
2013-08-06,57.752593994140625,60.97484172771929,57.51464172814225,60.46919836289182,520200
2013-08-07,56.41411590576172,57.70301407219815,56.26539528642878,56.53804849449834,363460
2013-08-08,56.34471893310547,57.40558168378084,56.022493417517644,56.022493417517644,226170
2013-08-12,58.15413284301758,58.47635836403718,55.82420144264112,55.82420144264112,222150
2013-08-13,58.079776763916016,59.457906701255204,56.82062106621369,57.60387224112281,165600
2013-08-14,59.824745178222656,60.47910915882006,57.52951477416936,57.52951477416936,332180
2013-08-16,57.92610168457031,59.775177906726846,57.212252416319636,59.1902158309201,319220
2013-08-19,57.415496826171875,58.198751793839776,57.008998034946735,57.30643552913926,211830
2013-08-20,56.17616653442383,57.405579541485416,56.14642392189032,57.00899372446616,335990
2013-08-21,55.95804977416992,58.09960508803712,55.91839421404358,58.09960508803712,360680
2013-08-22,56.08197784423828,56.810702125083125,55.620948428731715,55.620948428731715,278510
2013-08-23,56.627296447753906,57.97072564340979,55.967973977738254,56.01754627111099,416070
2013-08-26,57.6683235168457,58.000462006953754,56.44882707722094,57.08831980448572,195210
2013-08-27,57.17258834838867,57.80216429675495,56.52317894790308,57.108140975369395,210230
2013-08-28,58.372249603271484,59.279437065324714,55.853938479132204,56.02248876740797,440080
2013-08-29,59.081146240234375,59.373625346047945,58.21361808403651,58.69943551564126,241290
2013-08-30,58.506099700927734,59.45790493613513,58.00045636088989,58.00045636088989,188570
2013-09-02,58.520973205566406,59.210038135126005,58.401995190559624,58.446612891717834,130230
2013-09-03,57.68320083618164,58.77876477884866,57.504737554992815,58.104571001496105,213880
2013-09-04,57.89140319824219,58.19875744864111,57.60387862033255,57.6088369839857,108480
2013-09-05,56.41411590576172,60.26098073701846,56.08693205607824,58.99191223863458,700270
2013-09-06,57.435333251953125,58.28303191205866,56.51327426402288,58.28303191205866,287320
2013-09-10,58.426788330078125,58.79362778644391,57.747636284671266,58.79362778644391,616750
2013-09-11,58.550716400146484,59.78508400665857,57.54933889889551,57.901310802468544,426470
2013-09-12,56.91977310180664,59.190219589547254,56.761139500775,58.12439830974558,342700
2013-09-13,57.38574981689453,58.000454428769196,57.01890661276375,57.405579485938574,234630
2013-09-16,57.514644622802734,58.26815701795205,57.42541299132777,58.26815701795205,200950
2013-09-17,57.39071273803711,57.99550449434421,56.71652280317434,56.71652280317434,170840
2013-09-18,57.99053955078125,58.2334463697529,56.810698865816775,56.909847207729456,267660
2013-09-19,59.502525329589844,59.7850877348222,58.0599479958497,58.991919821379504,771870
2013-09-20,59.52235412597656,60.87569989918814,57.65345202043242,59.586797721987345,385580
2013-09-23,58.49618911743164,59.75534482855992,58.01037164537312,59.46782027942575,313390
2013-09-24,58.684566497802734,59.71072448059625,58.29789361326555,58.49618652741014,1078490
2013-09-25,60.553466796875,60.94509425172813,58.04011391643593,58.877895688500516,508970
2013-09-26,61.698612213134766,62.72973247121666,60.553476067952644,60.97484619990129,867980
2013-09-27,60.86082458496094,62.25878427746886,60.3799692341149,61.961346769256714,209640
2013-09-30,60.027992248535156,60.92526300464552,58.72421895968688,60.92526300464552,123550
2013-10-01,59.621490478515625,60.761671852744016,59.438072660504375,60.761671852744016,156630
2013-10-03,59.21995544433594,60.37004986599429,58.99191990527953,59.685943248825055,546900
2013-10-04,59.388511657714844,60.18167965113813,59.02662675146245,59.19021871382819,431800
2013-10-07,62.22407913208008,62.70989659592964,60.528682044864034,61.07398473709972,1389780
2013-10-08,62.744598388671875,63.453493032428455,62.50169154465153,62.89827360683046,854440
2013-10-09,63.55263900756836,64.03845270635023,61.7878399038642,62.85861943787998,500430
2013-10-10,63.974029541015625,64.44497205471976,63.28496437315431,63.850096902448854,480110
2013-10-11,63.468360900878906,64.59367099839322,63.15605211834567,63.97400801407296,232320
2013-10-14,63.62205123901367,64.38548045320488,62.57110498826689,63.651793859054095,357150
2013-10-15,65.0299072265625,65.90239753123355,63.45844283912054,63.56254954656252,1692640
2013-10-17,62.789222717285156,64.94069112698912,61.103738374358485,61.103738374358485,615460
2013-10-18,64.73247528076172,64.87127918492254,62.12493236848006,63.45348996592656,838610
2013-10-21,63.76580810546875,65.19350661079437,63.55264008557619,64.84154223885581,462800
2013-10-22,63.998817443847656,64.44497191602868,63.81043741307223,63.94924136282845,179950
2013-10-23,63.80050277709961,64.61350035359361,63.55263757006795,63.94922341416777,288920
2013-10-24,64.16734313964844,64.4449509488411,63.651779296080235,63.750931425859456,685190
2013-10-25,63.161014556884766,63.94922793770471,62.571097894264426,63.55760421116081,237930
2013-10-28,62.551265716552734,63.45349494653891,62.2637411598667,63.45349494653891,116200
2013-10-29,62.0406608581543,63.35434718604977,61.02441201643144,63.35434718604977,238160
2013-10-30,62.2439079284668,63.25519840018584,61.96630011423432,62.91810157627949,326650
2013-10-31,63.265113830566406,63.55263458279489,61.79279396486466,61.86715427990345,231420
2013-11-01,64.3458023071289,64.94067722689266,63.15604868547889,63.195708022029145,900040
2013-11-05,66.02635192871094,66.33370244339775,63.66171513148951,63.66171513148951,435210
2013-11-06,66.2642822265625,67.90514865430549,65.14888881703072,65.14888881703072,460170
2013-11-07,66.26924896240234,66.92360920791617,65.5355624670509,66.42787876933902,319910
2013-11-08,66.53197479248047,67.39951058338454,65.93214522602587,66.11556305910351,267100
2013-11-11,66.4427490234375,66.97318421513944,66.03129185823548,66.82941815425461,180330
2013-11-12,66.9384765625,67.90514934778383,66.0560770390875,66.27915421042287,269100
2013-11-13,66.67079162597656,67.81592776691714,66.0312951029536,66.5270255580272,327020
2013-11-14,68.30670166015625,68.80739430182818,66.6757516579081,66.6757516579081,486670
2013-11-18,68.83712768554688,70.59201007624549,68.37113987192603,69.28328204602647,760350
2013-11-19,70.1805648803711,70.83987973589093,68.08361958749691,68.4108035066435,737060
2013-11-20,69.51627349853516,70.88944885661363,69.20892306391129,70.19542930609335,245670
2013-11-21,68.08858489990234,69.40226765481255,67.429262449472,69.01064390131472,309140
2013-11-22,69.50140380859375,70.39372008305918,68.34139643391167,69.39730465571625,252670
2013-11-25,70.82006072998047,71.67271780953678,69.47662772399725,69.50141576226578,302680
2013-11-26,71.09764862060547,72.37663388044885,70.01696004692684,70.01696004692684,587220
2013-11-27,70.1656723022461,72.14859375570134,69.64019932735967,72.14859375570134,109040
2013-11-28,71.26123046875,72.26756237040395,70.39370244565218,70.39370244565218,357530
2013-11-29,72.6146011352539,73.20452163739144,70.65151260168801,71.83134604171599,499950
2013-12-02,72.75340270996094,73.8588871294797,72.17339895456948,73.8588871294797,280820
2013-12-03,73.27391052246094,73.85391419311087,71.98005385278162,71.98005385278162,196410
2013-12-04,71.65782928466797,73.19458895291862,71.43475212233672,72.08415772202689,176440
2013-12-05,72.46587371826172,73.76469264396214,71.4843295429738,72.17835671313156,316030
2013-12-06,73.19459533691406,73.36810401399696,71.7916848693992,72.46587099595968,158590
2013-12-09,72.22791290283203,74.35460041158397,71.88090315905114,73.96296918598154,307540
2013-12-10,70.47799682617188,72.27750077148269,70.00209983246334,72.27750077148269,176670
2013-12-11,69.69969940185547,70.48790894659358,69.0354148966698,69.79884397204493,139100
2013-12-12,68.84703826904297,69.54105778214003,68.31164854569151,69.00566805878856,163280
2013-12-13,68.91643524169922,69.7938725132459,68.21249905377006,68.21249905377006,163560
2013-12-16,67.02275848388672,70.09628590579894,66.52702801053807,68.12328073986043,150350
2013-12-17,67.44906616210938,68.21249509126189,66.7253041305301,67.02273778412983,261530
2013-12-18,68.66361236572266,68.87678036301158,66.9236014511218,66.9236014511218,260640
2013-12-19,69.32789611816406,69.89798302493887,67.22104201989463,67.22104201989463,216470
2013-12-20,71.6429672241211,72.3766461769671,69.27337626264503,69.40226345736572,660810
2013-12-23,71.08775329589844,73.07067536902528,70.68621278636984,71.5785292321264,526460
2013-12-24,69.6451644897461,71.07286285440759,69.30310931392503,70.59200377597007,300500
2013-12-26,70.61183166503906,71.38021521386722,69.29814171014065,69.6451590035916,249440
2013-12-27,71.98998260498047,72.37665178334075,70.45321505511484,70.45321505511484,226190
2013-12-30,72.33698272705078,72.67408334954612,71.44466644897017,71.88091164364202,129970
2013-12-31,73.63580322265625,73.86384257498189,71.68758603926875,72.33699176706459,345180
2014-01-01,75.36093139648438,76.04503414915565,73.7646790331764,73.7646790331764,1220850
2014-01-02,72.21305847167969,75.69804315820676,71.68263078885995,75.62864119323278,555710
2014-01-03,72.30723571777344,73.48707647844023,70.88944648549374,71.88090727550065,246520
2014-01-06,72.54519653320312,72.86246373741963,71.21664247937365,72.3766499856421,185410
2014-01-07,72.48075103759766,73.46724977312712,71.84125453334103,73.34827930851843,200850
2014-01-08,73.1995620727539,73.76469449870471,71.91065984165726,71.91065984165726,301600
2014-01-09,72.59476470947266,73.30861773236359,72.47578668424217,72.97647925503856,142520
2014-01-10,72.53030395507812,73.06073904327957,72.25269617832562,72.42124267646184,183420
2014-01-13,71.340576171875,73.09050418516544,70.98860419797309,71.91562535199087,174410
2014-01-14,71.53884887695312,72.72364416518427,70.49285748794398,70.59696419448308,188540
2014-01-15,71.76194763183594,72.85256083148566,70.36399149339465,72.1734048727497,750690
2014-01-16,70.7903060913086,72.16843606549746,70.49286481107886,71.76193348679989,233090
2014-01-17,68.6091079711914,71.08776082512532,68.01423279909692,70.10621641295698,245280
2014-01-20,67.84071350097656,69.69970264443505,67.22105045315708,69.69970264443505,181060
2014-01-21,67.5482177734375,68.70823259287857,67.13676065692029,67.22599605729815,209120
2014-01-22,69.7096176147461,70.2945835140317,65.54053003049933,67.61763438587582,394950
2014-01-23,68.08858489990234,69.69970897046049,67.81096947531572,69.50637438456339,121340
2014-01-24,68.06874084472656,68.80738187287255,67.51847979143896,67.51847979143896,144490
2014-01-27,67.14173889160156,68.16789707426177,66.08583052552262,67.41934675620051,211810
2014-01-28,67.32018280029297,68.2124989399269,66.53692794240567,66.53692794240567,109290
2014-01-29,67.54327392578125,68.27199829364315,66.7005336722171,67.61763046770741,146220
2014-01-30,67.21112823486328,67.8853218783752,66.82445912975673,66.82445912975673,135370
2014-01-31,67.43421936035156,68.01422313807619,66.53199378308453,66.53199378308453,69330
2014-02-03,65.88255310058594,67.51846458496775,65.63468795338397,66.54187529985246,213390
2014-02-04,68.16293334960938,68.90157440503552,65.27282406787641,65.55539404060015,193910
2014-02-05,67.8506088256836,68.70822775521583,67.30530999336119,67.61761496208173,409280
2014-02-06,67.60274505615234,69.20395952455259,67.18137879939817,68.87677567984126,182330
2014-02-07,68.08360290527344,68.41078674425162,67.22103695700599,67.22103695700599,134460
2014-02-10,67.48873901367188,68.70823917400968,67.03266793540413,68.21250875446918,63690
2014-02-11,67.57300567626953,68.38600318232668,67.41933047150341,67.81591628124364,111200
2014-02-12,69.51131439208984,70.27473584796043,67.41933158625895,67.72668200087311,397570
2014-02-13,67.6870346069336,70.0268830153116,67.41934348313671,70.0268830153116,291360
2014-02-14,67.64737701416016,68.50994311114512,67.22104854678109,67.91506811495819,171120
2014-02-17,68.53472900390625,69.20396808136059,67.22600102748648,67.22600102748648,201690
2014-02-18,69.73439025878906,70.09627131099694,67.36975427526976,68.90652144837769,349420
2014-02-19,70.04174041748047,70.88944267564591,69.5113128567415,70.77046466411099,295130
2014-02-20,69.64019775390625,70.04670027351766,68.91147353108667,70.04670027351766,166020
2014-02-21,69.54105377197266,70.28464930637291,68.70823040428193,69.89302565318988,401680
2014-02-24,70.5027847290039,71.38022973757957,69.44192187572318,69.5955971039081,246400
2014-02-25,71.15715026855469,72.4757951699956,70.20534864800807,71.28108288942138,478040
2014-02-26,71.4942398071289,72.04450086073332,70.41850573308609,72.04450086073332,186200
2014-02-28,71.5933837890625,71.8660370231637,70.5920062584752,70.5920062584752,169930
2014-03-03,70.919189453125,71.88090763451434,70.49286100872288,70.49286100872288,172890
2014-03-04,72.2328872680664,72.66912492080343,70.79030984174334,70.79030984174334,297030
2014-03-05,71.13235473632812,72.8128804169261,70.59200287491974,72.23287678177232,660730
2014-03-06,71.86604309082031,72.37664484313561,70.93902958085403,71.48432853085043,421730
2014-03-07,71.43473815917969,72.57491178028285,70.98857635748179,72.07918148789227,208840
2014-03-10,71.94536590576172,72.37664899634538,71.23151281497034,71.23151281497034,180350
2014-03-11,70.48294067382812,72.87236469817044,69.5013966550659,71.88090395397765,284190
2014-03-12,70.49781799316406,71.23149680973735,69.60550183017222,69.89798092785578,126050
2014-03-13,70.7903060913086,71.82142628139343,69.94260373762604,69.94260373762604,116030
2014-03-14,69.28326416015625,70.77045506348948,68.83215533497068,70.77045506348948,491520
2014-03-18,70.35405731201172,70.53747513906654,69.28327783484956,69.28327783484956,152160
2014-03-19,70.17559814453125,70.29457617032409,69.67986771676344,70.29457617032409,143580
2014-03-20,70.3590087890625,70.79525394145719,69.10481154017305,70.19542442115976,723110
2014-03-21,70.8944091796875,71.2860404725372,69.71953042963118,69.71953042963118,252820
2014-03-24,70.90926361083984,71.8759438130413,70.40362411667446,70.79029317185721,243670
2014-03-25,70.91423797607422,71.5487723074807,70.42346213796078,70.42346213796078,193640
2014-03-26,72.13373565673828,72.46091957188055,70.54739971638453,70.54739971638453,283270
2014-03-27,73.62093353271484,73.86384419985676,71.04809860213706,71.04809860213706,522790
2014-03-28,75.97563171386719,76.23836819767192,73.6159579400614,73.75971641517827,744650
2014-03-31,78.13206481933594,78.82112973901285,75.85666421021348,76.4416224227219,561810
2014-04-01,77.482666015625,79.30695032701483,76.99189017760366,78.76660598563267,501280
2014-04-02,78.1667709350586,80.27858741779659,76.5011239441891,79.31686916884497,575590
2014-04-03,77.40335083007812,78.00814257382312,74.35461164067617,76.14419883698791,760820
2014-04-04,77.5966796875,78.42454855611908,76.24333779987386,77.67599836771691,198690
2014-04-07,76.3920669555664,78.62285402684743,75.21222603953001,77.63139310627808,110150
2014-04-09,77.86437225341797,78.7219836689944,76.34247639827701,76.34247639827701,261870
2014-04-10,77.67105102539062,78.32541891552349,76.83822741712747,78.3204643336578,351340
2014-04-11,77.33393859863281,79.31686010116186,76.5110243596644,77.13564947407801,190020
2014-04-15,76.40692901611328,78.72198907772348,75.74760667602797,77.03650117821532,174330
2014-04-16,77.32403564453125,77.56199171347124,75.84676098003337,75.84676098003337,369760
2014-04-17,77.69583129882812,78.03293193818556,77.33395018837153,77.82968063829699,195260
2014-04-21,78.6278076171875,78.99960545771435,77.03650953146416,77.33395082958421,296230
2014-04-22,79.09380340576172,79.29209258161198,77.43310319208881,79.06901536771863,182180
2014-04-23,79.28712463378906,79.81259766903254,77.39343079738765,78.42455097933062,164400
2014-04-24,79.28712463378906,79.28712463378906,79.28712463378906,79.28712463378906,0
2014-04-25,80.92303466796875,81.20064248665973,78.49395112593125,78.52369374018446,502850
2014-04-28,82.39535522460938,82.95552544728325,80.60576813216052,80.60576813216052,709770
2014-04-29,82.25159454345703,83.07946347906623,81.60714345197641,81.80047802299596,312190
2014-04-30,82.50440216064453,83.01996598337387,81.2948264072307,82.01858851419377,270650
2014-05-02,80.82388305664062,82.48458296279432,80.30832675634949,82.15244449441273,169870
2014-05-05,80.42729949951172,80.80405186483294,79.34164875804238,80.20917692223537,165300
2014-05-06,81.67654418945312,82.09296350593358,79.81260046689525,79.81260046689525,276780
2014-05-07,81.38407135009766,81.89467313531877,80.01089581337112,81.11638022128385,1686600
2014-05-08,82.58869934082031,82.88613308431957,81.30475167448886,81.30475167448886,4591370
2014-05-09,83.08937072753906,83.7784356650546,80.32814883247431,82.29124449940275,306810
2014-05-12,83.22817993164062,84.15023881563658,78.37498244691865,82.29620432125338,3263360
2014-05-13,84.08081817626953,85.02766488372734,81.30472541475014,82.53909660969879,458270
2014-05-14,83.26783752441406,84.43280701293486,82.7820238408854,84.07588051280277,2030050
2014-05-15,81.19071960449219,82.27637032789325,80.40746471014693,82.27637032789325,1611560
2014-05-16,81.46339416503906,81.79553269311357,78.21140328764088,80.30834118960242,1659010
2014-05-19,86.63384246826172,87.2485508908484,79.81259484901473,82.19210229525063,533100
2014-05-20,86.74288940429688,88.09623862616056,85.26561516649373,87.71452416120584,261530
2014-05-21,87.2981185913086,90.21300793669525,85.44408433941618,85.44408433941618,590930
2014-05-22,88.0367660522461,88.73574778034836,86.86684192419233,87.76907494586978,3821890
2014-05-23,88.23506927490234,89.42977396143513,87.07009964210964,89.42977396143513,769930
2014-05-26,88.34907531738281,89.02822356653445,85.7762332488578,85.7762332488578,471370
2014-05-27,89.93541717529297,92.99903528438708,86.77761663482917,86.77761663482917,732160
2014-05-28,89.603271484375,91.71012572397994,87.74428244942946,90.22293449602351,480030
2014-05-29,87.83351135253906,89.6776291026057,86.75282267801663,88.7060017245896,199510
2014-05-30,84.47245788574219,87.54599244447986,84.04612943537988,87.24855117613568,238310
2014-06-02,87.14940643310547,88.73574221118251,82.99022865102825,83.62971754316477,950080
2014-06-03,87.10478973388672,88.13094770281609,85.36477123228521,87.64513404095445,1236700
2014-06-04,90.9020767211914,94.0896269755972,86.48016267037758,87.34769082928068,2523550
2014-06-05,93.54432678222656,94.18877782758021,91.13507668890915,91.97781687241203,1517510
2014-06-06,93.67322540283203,95.18024258211389,92.42398260095288,92.80073500471184,736910
2014-06-09,91.41268920898438,94.67955852520059,90.34191721796917,93.69305223619878,337920
2014-06-10,92.37936401367188,93.69304656145431,89.8511359220296,91.41268367235556,280950
2014-06-11,91.74484252929688,93.192374606855,90.61953223440445,92.30501282168872,222940
2014-06-12,91.76466369628906,93.0981798140781,87.36753703520839,89.03319164604304,549090
2014-06-13,90.74842071533203,91.60107774848474,90.33696350805802,90.5253435115501,908370
2014-06-16,90.99626922607422,91.908411328736,89.72720063728471,90.52037228740087,543710
2014-06-17,90.84259796142578,94.47134820660284,90.28242017553883,91.11525120076217,363730
2014-06-18,92.08687591552734,92.97919214386731,90.123787777425,90.123787777425,301250
2014-06-19,93.41047668457031,94.28792162036027,90.61951964508194,91.21439461887766,730080
2014-06-20,92.20089721679688,93.59389839120071,91.90841054022553,92.70158218353684,370250
2014-06-23,92.19097137451172,92.60738304216163,91.32344328478541,91.71506692273707,179180
2014-06-24,92.20089721679688,93.19731256954506,91.73490944366989,91.73490944366989,202680
2014-06-25,92.31987762451172,93.17253458553984,91.72500260999693,92.10671716637779,217950
2014-06-26,89.67267608642578,93.00893972164572,89.24139303814472,91.61098385950402,324390
2014-06-27,91.78447723388672,92.10670652084725,89.7271991735612,89.7271991735612,217920
2014-06-30,92.67679595947266,93.64843086327292,91.36806801744804,91.36806801744804,422130
2014-07-01,94.44654846191406,96.5385311454253,92.41405099988349,92.67678748041617,882460
2014-07-02,95.05136108398438,96.66743965978328,94.21357539665348,94.41682670058809,592840
2014-07-03,94.42061614990234,95.63738276101067,92.47380018143905,94.65900734626172,696770
2014-07-04,94.10276794433594,95.34436032962988,92.67245866957072,92.67245866957072,177220
2014-07-07,95.15564727783203,96.24824710534007,92.61286081710485,93.9587503513984,239610
2014-07-08,93.8941879272461,96.84421285437985,93.06480506499089,96.84421285437985,287040
2014-07-09,93.20882415771484,94.82289433213074,91.1527473771205,92.87111465100722,246450
2014-07-10,94.70865631103516,95.85092270867115,92.27513850665751,92.27513850665751,472610
2014-07-11,93.04991149902344,95.10598843944759,92.51354261307634,94.01835216333926,180870
2014-07-14,92.17581939697266,94.4504099209097,91.77850832805638,93.28828129624424,189150
2014-07-15,91.91757202148438,93.5664028339211,91.39113804174205,92.37944076964662,173270
2014-07-16,94.12265014648438,98.13547817720759,91.9026820609743,91.9026820609743,1576820
2014-07-17,93.6607666015625,96.84421147440894,93.3727162426794,94.36102656480871,987880
2014-07-18,95.78636932373047,96.77467961537872,93.86438668796214,94.00840807392237,982770
2014-07-21,94.42558288574219,96.83923869320066,94.02330818084548,95.85092846434613,347680
2014-07-22,93.25353240966797,95.35430481577839,92.87111979453415,94.07794407738079,235820
2014-07-23,92.35956573486328,94.26168598844191,91.67917560069236,92.87110114024514,1866030
2014-07-24,92.39434051513672,95.46356099513712,90.58658220929325,92.37447837027203,1205900
2014-07-25,92.91083526611328,93.66572550120074,90.88951937809092,92.08145252476763,403630
2014-07-28,92.8711166381836,93.56640538926993,91.52026342629097,92.67246487446722,410110
2014-07-30,93.41741943359375,93.81472295710554,91.6791899949533,92.08146473826032,514160
2014-07-31,93.78990936279297,94.66398783745647,92.57314253510621,92.57314253510621,318960
2014-08-01,94.39579010009766,95.74167201049424,92.87111100389292,92.87111100389292,392780
2014-08-04,94.43054962158203,95.24503391862991,93.36774684887227,93.86438380019605,137560
2014-08-05,95.14571380615234,95.85093741037214,93.86935312647417,94.16237470484069,281000
2014-08-06,94.3212890625,95.74663469048069,93.86934761721103,94.38088307178523,257470
2014-08-07,93.53164672851562,94.65901483566671,93.06977037984454,93.46708149380008,375570
2014-08-08,92.24038696289062,92.82145133769257,90.65115009444783,92.5731328401834,1238250
2014-08-11,92.27017211914062,94.25671984406651,91.579847087852,92.4737950796843,746620
2014-08-12,92.3993148803711,93.14427037645888,91.5004031275845,92.4787786186928,219480
2014-08-13,91.63944244384766,92.86116496791132,91.00871146219336,91.97715189665301,320880
2014-08-14,93.3975601196289,94.16238540159388,91.37625131630966,91.70402600192914,1575560
2014-08-18,92.67245483398438,93.61606197652175,92.38936814437623,92.5035925172337,331450
2014-08-19,92.36454010009766,92.9903075223858,91.48549813329637,92.3993083249264,267120
2014-08-20,92.34964752197266,92.87111788130704,91.53019951307512,91.53019951307512,232360
2014-08-21,93.60614013671875,95.65228974071117,92.37448249202066,92.37448249202066,715890
2014-08-22,95.89562225341797,96.24823780534564,93.11446001377108,93.11446001377108,666350
2014-08-25,96.62071228027344,96.84419737398244,95.18046069555724,95.18046069555724,503180
2014-08-26,101.184814453125,102.49593569193789,95.9552280000583,95.9552280000583,1223240
2014-08-27,102.74921417236328,106.85640370643587,99.6253712161729,106.21077418164563,1629480
2014-08-28,104.62153625488281,105.38635378368076,102.60519155542836,102.60519155542836,465250
2014-09-01,106.03199768066406,106.77198952607553,104.29376821048925,104.29873185229555,335240
2014-09-02,109.45382690429688,110.80468013545442,106.24554858577793,106.57830204077084,6081340
2014-09-03,109.09623718261719,113.2034268540796,108.32644839954314,110.35272805164168,398200
2014-09-04,109.13101959228516,110.65072763438597,108.26686846450575,108.26686846450575,311320
2014-09-05,109.11113739013672,111.64398888936694,108.76349303759572,108.76349303759572,292930
2014-09-08,109.45879364013672,110.75005289344449,108.86780196561934,109.26014186797214,283280
2014-09-09,109.0714111328125,110.22857620569016,107.42258029965939,109.38429485522701,133070
2014-09-10,106.86138153076172,109.16081324745969,106.28528079660444,109.07638586750065,179730
2014-09-11,108.49034881591797,110.44213612480897,106.28031572876277,106.28031572876277,435120
2014-09-12,107.22888946533203,109.26013284354819,106.28031103872415,107.86954781901456,142480
2014-09-15,106.76205444335938,109.26013789907834,105.94260644034792,106.30514932151453,196020
2014-09-16,102.12843322753906,108.06324391135627,101.42320959103454,106.10649290256515,210050
2014-09-17,106.15615844726562,106.55843320362574,101.83541807520328,101.83541807520328,341590
2014-09-18,106.17601776123047,107.67089993707086,105.28704089182875,105.91777198507116,226010
2014-09-19,107.83478546142578,108.5102120295955,104.6910725978323,106.17601225704523,402350
2014-09-22,105.20758819580078,108.86283709459529,104.51726301686104,107.00044820413775,520930
2014-09-23,105.5005874633789,107.67089616639828,104.88972611466686,104.88972611466686,412380
2014-09-24,103.67296600341797,108.55987189952283,103.3600822918117,105.1926738973707,150700
2014-09-25,104.55699157714844,105.45590337397478,103.59848576270076,103.69781165142949,371300
2014-09-26,105.08837890625,105.81346459058632,102.55552749617846,104.2937567757747,297580
2014-09-29,108.16255950927734,108.85785579578693,104.11000770029878,104.11000770029878,160120
2014-09-30,112.20518493652344,115.70151338491692,107.29841691601831,107.29841691601831,1807210
2014-10-01,111.83769989013672,113.00479242527483,111.24670058080835,111.64401174135583,540810
2014-10-07,110.74507141113281,112.23994583776663,109.4836093690554,111.25163562197197,115870
2014-10-08,110.77487182617188,112.42867375833505,109.74682971506569,110.45205326586661,316470
2014-10-09,110.51166534423828,112.14063406825167,109.86603574040976,110.84937486059465,174710
2014-10-10,108.64926147460938,111.2417068119492,107.48216167746439,109.81635369367633,182780
2014-10-13,110.2981185913086,111.04804537301536,106.80676080013666,107.61131038138406,114580
2014-10-14,109.76670837402344,112.63726953656497,104.98905543273956,110.58119272502002,1196230
2014-10-15,109.76670837402344,109.76670837402344,109.76670837402344,109.76670837402344,0
2014-10-16,101.37352752685547,107.67088772744698,99.43664653490342,105.13803635820678,436720
2014-10-17,100.37033081054688,103.27565242653499,99.55087529469499,101.41326386061499,666160
2014-10-20,100.87689971923828,104.19443864567727,100.32066873342433,101.2146168021102,650950
2014-10-21,100.92656707763672,102.30721726752498,99.82403238239087,101.31394331347133,259030
2014-10-22,100.44482421875,101.9099017214053,100.02267977547439,101.9099017214053,148260
2014-10-27,106.04192352294922,106.77694408595804,96.84420510121775,104.19443346554125,322730
2014-10-28,104.77549743652344,106.61305262694191,104.06530266088784,105.6843439599584,170670
2014-10-29,106.22567749023438,106.47895960795627,104.05040521282555,104.39308592261773,159110
2014-10-30,106.62299346923828,107.17426081509741,104.6016773417285,105.88300164772754,431440
2014-10-31,106.11641693115234,107.77021889546133,105.14301274614311,106.97559673873344,643490
2014-11-03,104.41792297363281,106.47896336851582,103.80706162221274,106.11642050216979,135360
2014-11-05,103.46437072753906,106.28030116204252,102.50585752879483,104.79039039808865,960890
2014-11-07,103.26573944091797,106.80676407601742,101.41328534346418,106.80676407601742,2528730
2014-11-10,103.30049133300781,106.67762429604885,101.72118938183681,104.30370014954622,2870140
2014-11-11,105.32676696777344,106.57829422386392,102.80881395309792,103.69779835169058,914690
2014-11-12,104.60665130615234,105.78367854383792,103.89645647204097,105.78367854383792,1932940
2014-11-13,102.57539367675781,105.08838304261604,101.81057609798604,104.7903978374393,1184100
2014-11-14,102.65982818603516,104.11000718362189,102.3072126140303,102.50586436457371,186870
2014-11-17,104.21927642822266,106.28031692616666,101.81058397132787,103.20116907289355,1110960
2014-11-18,103.50411224365234,105.78367410636037,102.81875080333018,105.28703713872487,7381250
2014-11-19,104.16960144042969,104.79039763494953,102.30721285687017,103.3004867681019,2761480
2014-11-20,103.44947814941406,107.27358114690566,102.92304419516718,107.07492939823537,2507930
2014-11-21,106.63790130615234,107.2735960841081,103.15647853171653,103.4991517091762,4897270
2014-11-24,105.798583984375,108.27183422725616,105.11322247036426,107.27359654308884,1794450
2014-11-25,106.90109252929688,108.09301805588375,105.29198624813468,105.29198624813468,590690
2014-11-26,110.96358489990234,111.24170794445197,106.39452668968036,107.26364131144295,764330
2014-11-27,113.24317932128906,114.06759104353358,110.25342223608776,110.7748926406582,494540
2014-11-28,114.28609466552734,116.60538835642166,112.5578001687774,113.92851544853376,1175430
2014-12-01,114.20166015625,116.41169297174898,113.82918245999473,114.63373943699925,429130
2014-12-02,114.22648620605469,115.21975999915082,113.85897217450118,114.30097870930584,243690
2014-12-03,123.63777160644531,124.5565530280195,115.7412468504072,115.7412468504072,1419340
2014-12-04,125.25680541992188,126.90067247158711,122.49549768010134,125.05318245668016,706090
2014-12-05,126.15074157714844,126.54308898846848,124.61117166887027,125.42565591620036,316280
2014-12-08,135.0355987548828,138.66105798847732,126.14083574633301,126.14579938827912,2866310
2014-12-09,133.8486328125,140.73698506763907,130.21821782371586,135.95933990626554,1645460
2014-12-10,130.96316528320312,134.92631830825928,129.62223950175687,133.39668322346077,1612640
2014-12-11,129.4931182861328,133.74432952299605,129.01635104020954,130.53108773131376,714510
2014-12-12,128.1422576904297,131.4598039654051,127.14898381129903,130.4168633610866,193760
2014-12-15,131.44984436035156,132.99934898445716,125.41074572323575,128.6686748307534,334700
2014-12-16,130.7644805908203,132.90002820562614,128.7282815677056,130.6154955936695,485440
2014-12-17,128.44520568847656,131.4548241325466,120.18613149969062,129.92021790858263,420930
2014-12-18,126.10607147216797,131.50947710794884,125.15252930114782,129.22495893610912,457400
2014-12-19,129.02626037597656,129.27955004458988,125.40578071442536,125.40578071442536,406480
2014-12-22,130.08412170410156,133.893334043677,127.80455976413457,132.60207485282984,478450
2014-12-23,130.5360565185547,132.92985029903102,128.6438709167683,128.6438709167683,1096030
2014-12-24,130.02455139160156,131.89191164354924,128.92698769959054,129.82092837211488,349890
2014-12-26,130.07418823242188,131.30585335152244,129.224943273109,131.10223037883904,167590
2014-12-29,131.6733856201172,132.3041092275959,129.67689494689955,129.67689494689955,391770
2014-12-30,130.73968505859375,132.11040797413582,129.21500589165763,130.84397458072826,281580
2014-12-31,129.885498046875,131.21152575104588,129.63220828001778,130.01958460547874,140980
2015-01-01,127.79462432861328,131.34060429031038,127.13905991345683,130.10895434733925,293920
2015-01-02,126.70698547363281,128.9269532112531,125.84779810751103,128.30118581418424,435600
2015-01-05,125.02339172363281,127.53636596443265,124.41749402286622,125.95210041893695,315660
2015-01-06,122.13294982910156,124.47211304462941,120.74236494463545,124.15922936165309,377240
2015-01-07,122.02867889404297,123.25040165319535,120.00736269489501,122.19753365293735,731140
2015-01-08,128.1124725341797,128.91702202569388,122.16773478965514,122.17269843140164,872680
2015-01-09,127.05960083007812,129.06601843645555,126.69209432154274,128.52468595685482,327840
2015-01-12,125.9173583984375,127.74995796282931,124.65590358496092,124.65590358496092,196780
2015-01-13,127.77972412109375,129.9202281465485,126.14578432450519,126.64242127066466,580420
2015-01-14,124.57640075683594,128.00319240656265,122.98716415954352,127.13904903263875,2587050
2015-01-15,128.03799438476562,128.92697893227643,126.34446025546188,128.61409517132148,1368270
2015-01-16,125.91236114501953,129.42358790237026,124.6558703095007,128.92695096886627,810480
2015-01-19,124.94889831542969,127.75489427365731,124.25857320344696,126.43384564149977,325300
2015-01-20,131.3058319091797,133.59532064982272,125.15249369425773,125.15249369425773,1360140
2015-01-21,128.3955535888672,132.74112702021847,128.03300314923496,131.5492013388507,1004960
2015-01-22,128.94683837890625,130.91351666164792,127.19866643321721,127.98336138324586,378310
2015-01-23,130.33738708496094,132.00607976630693,128.70841868624717,129.36398302084243,255020
2015-01-27,136.6149139404297,138.76038964796587,129.92025616250675,130.81419679590013,1055220
2015-01-28,144.06443786621094,148.89174956208566,137.07676759156985,137.141332819194,2744860
2015-01-29,145.04283142089844,146.01625086429442,141.54154659393302,144.352513864327,1059650
2015-01-30,143.7813720703125,146.99956989200427,138.8596979461141,144.81934150469274,726130
2015-02-02,149.9148712158203,151.23592775126772,141.92895313089835,143.32947342293227,2714020
2015-02-03,145.8573455810547,152.13980162661198,144.57105735956594,149.8850650343791,667360
2015-02-04,146.14537048339844,149.98438010590255,144.27305437339302,146.30926918751953,501620
2015-02-05,146.62704467773438,149.8750536088679,145.0477432837176,146.21981401847796,216290
2015-02-06,145.91192626953125,149.85522476832747,145.26630431282575,146.70654840127716,308180
2015-02-09,143.98004150390625,146.40858867103043,142.3907969640098,144.42204057423947,181200
2015-02-10,142.68380737304688,146.10564365799496,139.31165297665032,143.04138662765232,330010
2015-02-11,140.08140563964844,144.02470391803467,139.85295690474342,143.13571960529976,182820
2015-02-12,148.89675903320312,150.083728907764,140.54331986211128,140.5482910827923,653460
2015-02-13,150.0688018798828,152.96418878459613,148.89673073396764,148.89673073396764,728530
2015-02-16,147.3522186279297,153.5651378100927,144.52138138372268,149.99928743267375,974540
2015-02-18,147.41177368164062,149.48771236201443,144.52134318055215,145.91192048889923,485050
2015-02-19,145.73814392089844,148.69312518418923,141.00519358561854,147.89850289729708,236600
2015-02-20,146.14537048339844,147.59555725114564,145.2166616805758,146.20993572101227,138300
2015-02-23,142.59939575195312,148.99111203319148,140.74693413612297,146.6072603031243,4213950
2015-02-24,142.02328491210938,145.81262768487156,140.34962063040956,143.81613722502667,310620
2015-02-25,142.16233825683594,144.81934918212545,141.65577398371846,142.52984477912753,220350
2015-02-26,139.0235595703125,143.7863054783724,138.16438745926507,142.64901792423788,392490
2015-02-27,141.25843811035156,142.02823444417166,139.38115112454776,139.45068756957872,518850
2015-03-02,144.16380310058594,146.60726406941217,140.20063396247318,140.25030069899208,705830
2015-03-03,147.5061492919922,149.96449316617097,144.02471932994288,144.62068974825385,2472640
2015-03-04,146.03114318847656,150.31215157053714,144.83921745672555,148.4944583882497,933390
2015-03-05,151.88150024414062,156.33633383894798,146.28936390574296,146.4979580722435,3075300
2015-03-09,146.08078002929688,151.86659668456923,145.24146248459928,151.67290102525985,1599670
2015-03-10,144.72996520996094,146.6072525156147,143.14569192366895,146.50791905040512,922780
2015-03-11,144.8541259765625,148.9911056754406,144.02473548625926,144.81935774776008,398460
2015-03-12,146.96482849121094,148.17165277015854,146.30926401024243,146.30926401024243,2048440
2015-03-13,149.08543395996094,155.34801806694963,145.60400440044137,151.47425626429225,2585500
2015-03-16,144.23828125,149.45794100534343,142.15737099340535,149.45794100534343,1027980
2015-03-17,145.9814910888672,148.49447327017742,144.22339174354912,144.75976822809474,1134190
2015-03-18,142.50999450683594,146.44832231512848,140.64760573992046,146.44832231512848,1227020
2015-03-19,140.0268096923828,144.8193537618027,139.07325997359519,143.03145751167503,1059700
2015-03-20,137.05194091796875,145.67356703372315,133.09871468087312,140.7965881045803,7859730
2015-03-23,132.63186645507812,139.47552321593707,130.48143506866649,137.56843909202834,553620
2015-03-24,133.23281860351562,136.3268729429187,130.25299624410758,133.09873205355996,600420
2015-03-25,136.56027221679688,137.88132841413736,133.29736359157005,134.78727454488006,1528320
2015-03-26,136.9923553466797,140.05661246387666,136.58015328406978,137.07181908952865,646920
2015-03-27,134.72271728515625,138.5815965825487,134.08702251370158,137.9558290951534,697550
2015-03-30,139.0037384033203,140.05163520739828,135.18459862790246,135.6712931921569,529100
2015-03-31,140.5035400390625,143.92536022451944,138.56665925897795,139.79335294572394,985290
2015-04-01,141.7948455810547,143.77642251286719,138.6610670835088,140.2502965115442,448110
2015-04-06,141.70045471191406,143.6174660166145,140.06154372369596,143.6174660166145,295280
2015-04-07,142.1573486328125,145.5146190974541,141.0597852717397,142.43546409845848,420600
2015-04-08,144.58094787597656,145.0179908212449,140.9455617288704,142.97184899217686,445590
2015-04-09,145.47987365722656,146.0063076679353,143.5628621005247,144.81935311191947,443770
2015-04-10,144.50643920898438,145.6834662354498,142.038153212988,145.6834662354498,243060
2015-04-13,142.87249755859375,145.47488518078111,142.03815121689482,145.47488518078111,168320
2015-04-15,141.21376037597656,145.23155181937182,140.15592115885948,142.93212012322687,233200
2015-04-16,142.49505615234375,143.52805416412505,138.06504864230715,141.1442032716117,242640
2015-04-17,141.25843811035156,143.06123258801955,140.15094745836788,142.78311712020835,210050
2015-04-20,132.98944091796875,141.64086319408617,125.00848912888794,141.64086319408617,535080
2015-04-21,133.64996337890625,138.8596953311077,132.3040814776636,134.091977542799,420840
2015-04-22,131.56907653808594,135.54712847579745,130.16855660500315,134.09198574940223,284090
2015-04-23,135.24417114257812,135.58188061432313,131.6087852117056,132.5027256148321,186120
2015-04-24,135.11007690429688,136.92281390637254,130.61551854533283,134.24096223717015,208550
2015-04-27,131.71307373046875,136.41622598414762,130.41685864008056,134.48927230340354,144050
2015-04-28,131.6535186767578,132.3835757737371,128.44027623714965,131.99619946653343,348190
2015-04-29,137.985595703125,140.0516070442181,131.24127320991684,132.1153438554964,310230
2015-04-30,142.52487182617188,145.01798376202882,136.57515594026688,137.7670815426961,1146680
2015-05-04,144.1339874267578,145.69839090949702,141.04490475165483,142.0530772321897,530200
2015-05-05,143.39895629882812,147.10387907026995,142.55963859280683,145.81261989514815,386410
2015-05-06,142.91720581054688,144.74484125618724,139.55497920547822,143.42874124907516,298140
2015-05-07,137.04701232910156,143.62248261219852,134.76247866251313,143.62248261219852,253110
2015-05-08,141.54652404785156,143.46850691915674,137.17115304837515,137.17115304837515,192070
2015-05-11,143.24496459960938,145.31594695582766,141.65076453711941,141.65076453711941,410950
2015-05-12,141.7451629638672,143.98995666807213,139.74868775085938,141.53161269891558,243300
2015-05-13,142.34112548828125,143.46850119559363,141.14424363725874,142.93212473988024,110850
2015-05-14,143.24496459960938,144.91862837772075,140.05159325610495,142.44538653717916,829440
2015-05-15,143.45359802246094,144.4220310621671,141.38758631913302,142.0381795654893,254670
2015-05-18,144.9733123779297,145.3954568704862,143.09105385371006,144.0247338637432,263620
2015-05-19,145.63880920410156,146.31422829067134,143.52810182433197,145.2117086327988,173240
2015-05-20,144.0595245361328,147.49624471630995,141.3230493164174,146.8307528335145,577790
2015-05-21,145.07260131835938,145.61394889071096,143.0314308817722,144.42200817510488,472550
2015-05-22,146.1354217529297,147.10386986269307,145.52952407093636,145.75301675969925,159890
2015-05-25,147.15353393554688,148.29580810516288,144.5213639534963,144.5213639534963,197680
2015-05-26,147.20318603515625,148.19645991549623,146.11059386047623,146.20991215481624,229300
2015-05-27,152.2540283203125,153.95748981204468,145.71331151990958,145.91196331424143,517940
2015-05-28,151.95599365234375,156.44062427532347,151.47425525071003,153.18765862666385,577130
2015-05-29,151.68287658691406,151.9758905931104,150.3419506476282,151.77226760789094,351950
2015-06-01,149.46786499023438,152.9840633839045,147.1634772266813,152.96419366048403,170290
2015-06-02,149.51751708984375,151.47426786093325,143.91545296995452,149.14006816258077,2491530
2015-06-03,150.6399383544922,152.40796486055606,143.42875942043815,147.40185541719444,5312670
2015-06-04,151.9907989501953,153.8581438527913,149.50264261192407,151.47429220191339,954550
2015-06-05,150.49591064453125,152.9641971594875,148.8868116023048,150.615098675464,719690
2015-06-08,149.16494750976562,150.58036619528048,147.00457321673352,150.58036619528048,553770
2015-06-09,155.25865173339844,159.58435562645215,145.36565148552927,150.81375981398617,371370
2015-06-10,154.07662963867188,156.68894462727712,152.96416781363345,155.94398926454838,555620
2015-06-11,152.94924926757812,155.4423607652216,151.98080136049026,155.4423607652216,659300
2015-06-12,149.11029052734375,151.9758957652786,148.09716194280986,149.10036324339453,320530
2015-06-15,148.91661071777344,151.46931707205135,146.8952944463643,149.1947262313253,101610
2015-06-16,148.49444580078125,150.4611238492684,146.50292681147621,148.9960539626537,143960
2015-06-17,149.0209197998047,150.65486002343525,147.56080558399196,149.98439693965827,3990730
2015-06-18,150.72433471679688,153.46080900896553,148.99107670773353,149.98435055245173,157500
2015-06-19,150.74424743652344,151.76234735530554,149.78574154043838,151.40973928357442,164050
2015-06-22,150.67967224121094,151.67294630365288,149.98438342873345,151.67294630365288,2239910
2015-06-23,151.53390502929688,153.83333715903268,150.58037031304943,150.7790221159209,1053780
2015-06-24,149.1798095703125,153.95745460766858,148.89175165166318,153.45089037453081,210990
2015-06-25,150.10357666015625,150.679677455046,147.40186990433665,148.6583610305566,563050
2015-06-26,149.05067443847656,151.29548308358144,147.76935781547633,149.10531238250272,1398710
2015-06-29,150.43630981445312,153.94753690949167,142.54971212694124,142.54971212694124,663200
2015-06-30,152.1795196533203,152.96419946237197,149.09539290107648,149.09539290107648,157910
2015-07-01,154.71234130859375,154.95073250712903,151.73749074921247,151.73749074921247,275780
2015-07-02,159.1522979736328,161.3077008594538,154.95075295455132,154.95075295455132,741550
2015-07-03,167.0686798095703,169.84984997489377,159.42047322204942,159.42047322204942,696800
2015-07-06,170.7686004638672,177.5178940911356,164.4861467333625,166.3733608839119,875650
2015-07-07,175.4121856689453,177.29940011187475,170.84311943553195,171.35962613336352,844810
2015-07-08,174.7317657470703,177.19012463179962,172.33301602556736,174.61754895223845,396000
2015-07-09,169.89468383789062,176.9688702827536,169.04955425066566,174.69199960111166,255640
2015-07-10,171.53028869628906,172.88248723294288,168.1249342579373,169.32302321482103,406910
2015-07-13,171.87332153320312,172.88249812134694,170.52608391116513,170.52608391116513,144870
2015-07-14,172.84767150878906,174.99030729635976,171.17234059644852,171.51038641262534,163820
2015-07-15,175.77577209472656,177.1279705585103,173.523766711904,174.49317933225038,313510
2015-07-16,173.081298828125,177.27708975558852,172.00749300500058,176.8694382986966,167590
2015-07-17,170.9983367919922,173.57845070389524,169.5417450177292,173.00675246590387,202900
2015-07-20,169.35284423828125,173.7226350325003,165.43046882751852,171.3115438583862,492960
2015-07-21,167.65260314941406,171.5103480057336,166.26064117612748,170.57573846456359,129830
2015-07-22,166.73794555664062,171.410979841276,165.56968319266844,168.12992322246507,390460
2015-07-23,171.96774291992188,174.99029590104442,170.5161121990291,172.00750676636753,1788230
2015-07-24,171.69927978515625,177.973076883655,170.91380351977006,173.49889338657988,774280
2015-07-27,170.6702117919922,172.90232734264396,169.60635828512503,171.01323373615128,311800
2015-07-28,172.03236389160156,173.3994756309175,170.6155511351292,171.02816363928156,449530
2015-07-29,180.3245391845703,182.44728551901292,172.04728643751037,172.04728643751037,1676300
2015-07-30,182.2633056640625,184.70422290040477,180.45871607590382,181.93519708701112,917450
2015-07-31,183.51112365722656,185.92717539215508,182.24840543736224,183.4415179671263,790090
2015-08-03,189.41204833984375,191.16692165625628,183.5458884454535,184.83345701052698,945030
2015-08-04,201.5023193359375,214.76082411091284,189.8048148702649,191.09735990147882,2569640
2015-08-05,197.96273803710938,203.8239228971506,195.85988142023388,203.5256409513438,820370
2015-08-06,191.48512268066406,199.64305306173168,189.45683267552002,198.06715457793425,658970
2015-08-07,199.8518829345703,202.43199719827925,192.8870642395725,193.37425867791106,1441930
2015-08-10,199.18568420410156,201.3432330873098,198.0820516704444,199.94629479005113,495890
2015-08-11,199.4342498779297,202.73021896829792,195.7604408227483,199.15088128275684,467820
2015-08-12,197.5451202392578,200.24454034952348,195.23346204996267,199.3497098153601,613260
2015-08-13,192.42471313476562,204.10730458618562,190.89851563171393,197.46065817505448,1917260
2015-08-14,196.10348510742188,197.85835888971934,192.68819375197688,195.86485649937183,250470
2015-08-17,193.16542053222656,197.85834325426902,191.8927650656981,194.5623588776836,316820
2015-08-18,190.95816040039062,193.98072859115948,190.40137551557802,193.8614067078066,197940
2015-08-19,187.31419372558594,192.19105282870856,186.42432403756322,191.29620697057808,309280
2015-08-20,186.85682678222656,191.59448968235435,185.03236255298424,186.92643247900986,2315400
2015-08-21,186.7226104736328,188.41285468457409,181.45301308672703,185.12184629927796,342140
2015-08-24,170.4862823486328,183.933683712045,167.10081795747803,183.933683712045,1031710
2015-08-25,169.84495544433594,173.98109271500317,165.24648957011695,170.814367832265,849030
2015-08-26,170.41665649414062,177.37649685550863,169.22354403787,169.22354403787,386910
2015-08-27,173.46409606933594,178.47021407172352,171.50539668448667,171.52031002310227,331030
2015-08-28,180.46368408203125,183.6353850121435,174.49313079187485,174.49313079187485,998140
2015-08-31,179.9417266845703,186.72260812391383,175.98456390239872,179.4644846575309,293190
2015-09-01,176.24307250976562,183.5409752297516,175.39298180304164,178.96735887879316,529790
2015-09-02,177.5008087158203,180.93598944733426,175.19412627970814,177.2771086275527,620820
2015-09-03,183.9585418701172,186.0266107010125,177.96809827826618,178.49009544853075,432430
2015-09-04,181.8258819580078,189.90427042504166,181.07024739074228,184.51038955280242,517290
2015-09-07,174.0457763671875,183.4216710703025,172.30581576545862,181.95016578079105,661500
2015-09-08,173.99603271484375,175.48245111095054,166.742885628795,174.4534003904728,916880
2015-09-09,180.0759735107422,182.93448002947966,176.97883837748566,176.97883837748566,285980
2015-09-10,179.48931884765625,180.45873132409525,171.4109321148283,174.49812959879608,556230
2015-09-11,177.9979248046875,182.36273870158445,177.27709324337857,180.2698193663025,145740
2015-09-14,187.0755615234375,188.2139969549012,178.47021610542467,178.47021610542467,767210
2015-09-15,185.16159057617188,188.7558567116614,184.93291433864908,188.7558567116614,305970
2015-09-16,183.18797302246094,190.41129277316912,182.0495528639425,188.90498500538718,279180
2015-09-18,182.3975372314453,187.02086910462512,177.57537097148747,186.41932908968934,1849440
2015-09-21,177.5704345703125,184.38610444907079,174.8809508368888,183.9386890504957,1032150
2015-09-22,177.45108032226562,181.95011395679646,176.51149458274864,178.96234903401796,553330
2015-09-23,175.3532257080078,178.5497780904497,173.40446326091745,175.59183915412996,331160
2015-09-24,173.4889678955078,177.77423928374148,173.00177353138423,175.0897320390563,316100
2015-09-28,172.08705139160156,174.99029769184813,171.7092265758759,173.9960346367808,249640
2015-09-29,171.40599060058594,174.49317326423366,168.40331180415714,171.20216484545367,978370
2015-09-30,171.95779418945312,174.7914499953777,171.51037884410988,172.60407428494926,5383950
2015-10-01,175.24879455566406,178.6690617740521,173.35472471505233,173.89163524209562,610890
2015-10-05,178.90771484375,180.6476753679726,175.59184054080933,177.57540585487428,672080
2015-10-06,177.1727294921875,180.73715439297447,173.89661905861666,180.55819430797757,802070
2015-10-07,176.3076934814453,179.46448172047377,175.68627907105585,178.18188905278006,405640
2015-10-08,176.04420471191406,178.46523269445558,175.01513886371384,175.9845513591922,226510
2015-10-09,178.41554260253906,178.96735132024298,175.98456213157226,176.48666983313194,718380
2015-10-12,178.1172637939453,180.45874910043884,177.6748094409478,179.96161756021726,478720
2015-10-13,174.81134033203125,178.85300696963668,173.7971877522029,177.97308961392193,232490
2015-10-14,174.59754943847656,176.68053163206355,173.9960245729029,174.98531140067476,134410
2015-10-15,173.6679229736328,176.1834072453011,170.6354176744131,176.17844624656263,179370
2015-10-16,176.0143585205078,176.92907856040813,174.09543842154523,174.09543842154523,1513530
2015-10-19,177.82398986816406,178.76853692957837,176.4817284005599,177.77427367098366,522420
2015-10-20,181.36846923828125,185.23119050627443,177.97306794145155,177.97306794145155,1031550
2015-10-21,183.86904907226562,187.91570675928162,183.0438241340222,183.8392223960038,1069670
2015-10-23,181.88552856445312,186.8220415077928,180.95091876759184,184.95779808466585,305990
2015-10-26,189.46176147460938,190.78910913440046,182.10919818071815,183.739788745767,924070
2015-10-27,197.34629821777344,198.35547458689183,189.90423882755059,189.90423882755059,2569500
2015-10-28,196.74972534179688,199.73749046677554,195.07937080905452,196.66522148396422,1416700
2015-10-29,195.28323364257812,198.71841472923043,192.34020797224542,197.65952202154102,886410
2015-10-30,195.67095947265625,196.3570033631786,193.09582196957174,193.8812830563478,902360
2015-11-02,196.40670776367188,197.87822793760304,192.245719506009,195.8698124151426,358650
2015-11-03,196.80442810058594,197.9726902040791,194.39831337001382,196.36694993661828,702750
2015-11-04,194.30386352539062,197.75395759263682,193.11075087541727,196.86408789687005,580290
2015-11-05,194.7711639404297,198.35547797876256,189.4071105511492,193.8812942649559,932720
2015-11-06,196.670166015625,197.2567926578571,193.01128581906465,194.67667921389082,738310
2015-11-09,194.98492431640625,196.66523127222982,192.19600861538694,193.88129174118336,331170
2015-11-10,190.0483856201172,195.86979063180863,187.37879217012392,194.3684591195795,336180
2015-11-13,191.62928771972656,192.7875974865718,188.13942990918315,191.89276681861196,574150
2015-11-16,190.2124481201172,192.88701796151955,187.81627069918616,191.1967739311581,396010
2015-11-17,191.16696166992188,193.78186318589377,190.10309291977822,190.20252529369358,175060
2015-11-18,192.01702880859375,193.52831271370349,189.55622198254738,192.3898774082221,195690
2015-11-19,192.1313934326172,193.85146422704858,190.50080266981087,193.85146422704858,122070
2015-11-20,192.3600616455078,193.48358367758541,191.19677576923024,193.0858693793393,176710
2015-11-23,194.8556365966797,196.66520233554365,192.38986888170078,193.08584986924552,488530
2015-11-24,196.14822387695312,198.38033968987642,194.8855054873507,195.96926380049422,426610
2015-11-26,196.38682556152344,197.6594809460484,195.24341404630647,197.6594809460484,529200
2015-11-27,195.72073364257812,197.42091536334695,195.37273542446562,196.3669987090685,184920
2015-11-30,191.11227416992188,196.76465734903357,190.3019473327932,195.72069325264135,376190
2015-12-01,197.9727020263672,201.2388447699533,191.99221010459422,192.48436548282277,599840
2015-12-02,202.81472778320312,205.41969184867736,196.49619100506882,198.355457860541,443630
2015-12-03,201.4923553466797,204.61931654798545,200.43346288579048,202.82964021769723,369800
2015-12-04,199.81204223632812,201.63652135307294,198.36042688239723,200.44340889431174,138210
2015-12-07,192.10154724121094,200.7367183545933,190.89848242143495,198.95201821708855,417330
2015-12-08,189.92410278320312,193.4288734257121,189.02429607535336,191.11721522504143,251570
2015-12-09,186.32986450195312,193.88129353300263,184.43579461729226,190.10309093246846,280360
2015-12-10,191.16696166992188,192.93674869261397,186.55358170550258,188.41284876196838,685010
2015-12-11,188.974609375,191.39563747882565,187.91571679739246,189.53637042668853,162910
2015-12-14,189.4568328857422,191.68397247484208,184.53523367509655,188.8105527811368,182660
2015-12-15,188.06980895996094,190.20250725682553,187.31913557046167,189.20326812735948,119090
2015-12-16,191.54969787597656,193.6823958227517,188.91490753333784,188.91490753333784,337910
2015-12-17,194.48779296875,195.765424610387,191.38569715298544,191.38569715298544,282230
2015-12-18,191.00289916992188,195.8698210526575,187.92565381328797,194.41322932400047,196780
2015-12-21,192.83236694335938,196.85415941928187,190.89851790426405,191.08245415296955,306760
2015-12-22,191.99717712402344,196.8690755549774,190.50082143252624,193.38417843581942,409240
2015-12-23,192.4893035888672,194.87552848136434,191.2265854573906,193.34437029007412,739120
2015-12-24,191.57460021972656,193.98073018945672,190.40137708438328,193.08588432756318,176950
2015-12-28,191.09735107421875,192.88702756005688,190.6002195598887,191.77841882145094,122070
2015-12-29,191.400634765625,192.7876209526616,190.89852701425048,192.7876209526616,263930
2015-12-30,193.51341247558594,193.88128493065457,190.79906356325722,191.6441931814547,832030
2015-12-31,197.64955139160156,199.05146597829457,194.08015056839085,194.34860584847584,478330
2016-01-01,197.2418975830078,200.04571133673238,195.36770212992266,197.8583357844208,444880
2016-01-04,194.8258514404297,197.8533807598408,194.1795864938316,197.26179300155061,166330
2016-01-05,193.48358154296875,196.85909342920604,192.3998233670478,195.45719416069653,289710
2016-01-06,192.7428436279297,194.37841046005735,191.99218540270456,193.67745324628837,183520
2016-01-07,191.5994110107422,193.4835432284657,189.4070597583441,193.4835432284657,313990
2016-01-08,198.89239501953125,203.3268153699429,191.54479090469977,193.67748962193403,775570
2016-01-11,193.22506713867188,198.65374977603432,191.9026955325035,196.79944382552856,684410
2016-01-12,194.62698364257812,196.37192007486314,192.8870233801285,194.7711560265595,226260
2016-01-13,197.6048126220703,198.45491848583586,191.88779986455688,194.87556529958803,524490
2016-01-14,193.7719268798828,196.67019702029455,193.3841648938865,196.66523602145185,258440
2016-01-15,189.4568328857422,195.36771900596565,188.90998515761476,193.88627672669844,314070
2016-01-18,182.13905334472656,193.67747196863394,179.3650508968675,193.67747196863394,522450
2016-01-19,183.8193817138672,184.7341020196169,181.45303048885566,183.9386884407578,467500
2016-01-20,184.16238403320312,185.72834534120923,181.353578710886,181.353578710886,237260
2016-01-21,183.6155242919922,187.92068494316905,182.64611178934427,184.44572540892696,610470
2016-01-22,188.0946502685547,190.0086094069654,184.1872043095313,186.4242958598495,267590
2016-01-25,191.34095764160156,193.7818600493382,188.5321524220829,189.10882680470755,212080
2016-01-27,188.1692657470703,192.88703924916325,186.43426634046625,192.88703924916325,288050
2016-01-28,186.33978271484375,191.59446600766375,185.13175688066616,186.92143321162288,344870
2016-01-29,185.09695434570312,188.7409365323721,183.94858185876478,187.8560431188168,644440
2016-02-01,185.28587341308594,188.31340236701408,184.03808368947952,188.31340236701408,430930
2016-02-02,180.76693725585938,187.51799091126173,179.06675617550627,187.51799091126173,463500
2016-02-03,186.77728271484375,192.78760108641043,172.50961691984784,180.7570271743364,2513520
2016-02-04,187.0009765625,190.47095970305955,183.93864487059116,187.12028326113006,930610
2016-02-05,189.76504516601562,190.82393773517143,186.92145225360545,188.40787064943916,739640
2016-02-08,182.50694274902344,189.11880184863233,181.85570159461204,187.92071292338832,672720
2016-02-09,177.39642333984375,180.9558871157476,176.02433538493497,180.9558871157476,307200
2016-02-10,177.93331909179688,180.75702246490516,174.21476988608393,177.09812661378254,279760
2016-02-11,168.6817169189453,179.8323747311331,167.59797370457684,177.97310745774388,1841180
2016-02-12,169.1291046142578,171.89813073077727,159.94708513469692,171.89813073077727,340450
2016-02-15,171.3562774658203,174.9903079310288,169.72071039658283,169.72071039658283,221640
2016-02-16,169.40255737304688,172.4798029818871,168.32875136937835,170.62549677809238,234700
2016-02-17,169.13905334472656,170.0040572878475,164.26219461152886,169.3229895697581,158420
2016-02-18,171.10769653320312,172.78302730324273,169.1241466527556,169.62127816534894,216830
2016-02-19,166.35012817382812,171.36122183038816,165.14707852599705,170.02393697758333,263280
2016-02-22,162.09471130371094,169.52185784345565,161.35399015209845,168.42816236951367,522330
2016-02-23,160.65802001953125,164.05342204901302,154.23507330517057,161.53793745796165,337470
2016-02-24,160.66795349121094,162.86030553777005,157.70007740833518,160.474064896506,233880
2016-02-25,159.11685180664062,160.47401082729544,158.58491756430698,160.47401082729544,458350
2016-02-26,159.2461395263672,160.7723369952052,157.9883973370684,159.2809423752659,472880
2016-02-29,160.26527404785156,162.34328031857424,157.77464008821076,159.18153089283365,324840
2016-03-01,168.06028747558594,168.90541716347857,160.3746381024737,160.87176964329274,380310
2016-03-02,170.81439208984375,172.50463621155717,168.1298849352107,168.93025939451107,551440
2016-03-03,166.55892944335938,172.5940975090389,164.61514360444147,171.3512688527933,475900
2016-03-04,166.09164428710938,169.52184874955117,165.27138031128092,168.8904971792014,255700
2016-03-08,166.01710510253906,167.8316324215577,165.14712479617714,167.8316324215577,1716350
2016-03-09,166.85719299316406,167.73213395442852,166.0369140333117,166.93672066771364,168760
2016-03-10,167.81668090820312,173.99602169471862,166.53904933637355,167.19526654500768,257950
2016-03-11,163.6556854248047,167.72221719419892,162.1642910199781,167.53330480885447,488430
2016-03-14,163.5513153076172,165.0576234034393,162.12455008595177,164.55055464834888,256510
2016-03-15,165.20176696777344,166.53905191174982,162.7708018304098,164.5505259187737,850720
2016-03-16,163.7237548828125,165.22170350037067,160.89707396184198,165.22170350037067,501450
2016-03-17,164.4005584716797,166.41605791973754,162.34523806398948,163.72872025991165,757530
2016-03-18,164.16664123535156,166.09754750478237,162.34521981173108,164.4453271724607,498310
2016-03-21,164.18157958984375,165.42571873208993,162.73339980579976,164.52992943732545,2294360
2016-03-22,165.67453002929688,166.71462842596273,163.8331982076051,165.20175112751974,1929890
2016-03-23,171.6713104248047,172.98512879639682,164.52498167930216,165.05249551985887,949700
2016-03-28,167.6950225830078,173.68181935915894,164.51002950613412,172.0395618126093,477760
2016-03-29,165.908447265625,168.9093103043019,164.47519652704875,166.71464700926273,229120
2016-03-30,168.85955810546875,172.0893388103421,166.49569347792422,169.3024789781925,239980
2016-03-31,170.3076934814453,171.7110858643433,167.7696469817292,170.20319006189766,971740
2016-04-01,173.85601806640625,175.6674768777984,170.3973049514297,170.3973049514297,1405480
2016-04-04,174.30886840820312,175.5679365632816,173.93064526387693,175.37384357482637,363600
2016-04-05,174.06004333496094,174.6771314751256,172.88556811485478,174.31383738670073,273710
2016-04-06,175.7172393798828,177.46401564828165,173.30360633356506,173.30360633356506,245660
2016-04-07,175.5579833984375,176.84690974775856,174.49798958973395,176.66277958174777,113080
2016-04-08,174.1695098876953,176.26961709742977,173.18912776209606,175.47336511126272,1271430
2016-04-11,176.9663543701172,179.78805343572162,174.71694108440934,175.17479097047013,1187080
2016-04-12,177.02108764648438,177.96166411824888,175.67244508255686,177.36447126120044,977830
2016-04-13,181.26611328125,183.73449656940699,175.8715271379546,177.1654350380414,1099220
2016-04-18,186.282470703125,192.19462238680103,180.35040854057675,180.35040854057675,1175370
2016-04-20,187.2926788330078,191.19927813721642,186.6307884128918,187.6111705038869,1794190
2016-04-21,183.7742919921875,189.1091615789574,181.63934483666978,187.29272135387197,717430
2016-04-22,183.88375854492188,185.41156500104577,181.4452489521405,184.13756778063973,592940
2016-04-25,183.2517547607422,185.12791118898545,182.54507701951428,185.1179635428892,339650
2016-04-26,186.023681640625,186.91947095063944,183.23682206434626,183.63494052174445,679730
2016-04-27,187.0787353515625,189.5023161537239,184.0330697440537,186.0236925219764,465030
2016-04-28,183.37615966796875,189.70634015341972,181.64431253583527,187.05880844631474,1238450
2016-04-29,186.6557159423828,187.50172146971767,183.33634593841748,183.33634593841748,249650
2016-05-02,193.1799774169922,194.5833700737161,182.76902913938926,187.1185349046477,718070
2016-05-03,193.86672973632812,198.0669445492876,192.19461407724685,194.67791085878815,708150
2016-05-04,188.45721435546875,193.57809511167514,188.41242717061644,191.30878662235665,450690
2016-05-05,187.91973876953125,192.29413609381226,187.1135390633811,188.641345521811,382100
2016-05-06,186.43673706054688,189.00960824509022,185.60564544947454,189.00960824509022,355100
2016-05-09,187.13348388671875,190.10947062497164,186.1232433604607,186.72043631245214,491620
2016-05-10,185.0084686279297,188.7010650325803,184.13258982721155,188.11383501266477,312930
2016-05-11,186.4317626953125,187.08867181770955,183.1372846246864,183.1372846246864,328390
2016-05-12,188.4174041748047,192.79180172581133,187.4171266147436,187.4171266147436,1033500
2016-05-13,185.8494873046875,190.22885044875426,185.3369026513212,188.41737680012406,560170
2016-05-16,184.9188690185547,188.01428758949743,184.00318449813759,188.01428758949743,427820
2016-05-17,184.83428955078125,185.5260230172497,182.93822271092967,184.92884534067372,538750
2016-05-18,185.03335571289062,186.50144603226124,183.63992589473062,185.82462641540783,448040
2016-05-19,184.47598266601562,187.01899586553517,183.34630975555083,185.12791038276018,322400
2016-05-20,179.63380432128906,186.222776377108,178.1607476434817,184.53073478041676,484720
2016-05-23,179.7681427001953,184.7247883573497,178.55882801729888,181.44523968743445,389960
2016-05-24,175.39874267578125,182.54008921579245,171.74593678256016,181.31087913347164,957030
2016-05-25,178.09603881835938,180.64901493039295,175.47339880730203,177.6580993825081,1022650
2016-05-26,178.37472534179688,181.14667118034737,177.6630813499561,178.9569891815507,619450
2016-05-27,182.7093048095703,184.5207634998033,178.16570624093154,179.1460884906118,2068410
2016-05-30,183.0526580810547,185.6106152306064,181.96777248589785,182.9382070095047,517680
2016-05-31,181.21136474609375,184.6302568293902,179.02664902634766,184.6302568293902,425220
2016-06-01,179.01173400878906,183.03776694357734,176.5732240288635,182.73420424557872,1716460
2016-06-02,184.27194213867188,185.91419978599004,178.29509264123183,179.64375045096003,1857070
2016-06-03,184.70989990234375,191.19435336312833,183.63496171859447,186.12324033266756,1699900
2016-06-06,185.72509765625,188.31289796572221,184.62526771716,184.63024913365896,480810
2016-06-07,186.79505920410156,187.51665081492348,184.92885043728407,187.41712879304072,626870
2016-06-08,185.1478271484375,189.39779580595402,184.18734012449036,186.81994297685455,574780
2016-06-09,183.172119140625,186.8199283807067,182.29125891836364,185.35681955153055,500870
2016-06-10,180.36534118652344,184.13259826074304,179.17097061363265,184.13259826074304,789840
2016-06-13,176.35423278808594,180.1513478819662,175.77198417409832,180.1513478819662,798660
2016-06-14,186.51136779785156,188.81053427240366,175.38379571438045,176.6677404981487,2500860
2016-06-15,193.7771759033203,194.28477924207223,187.1135588933529,187.90981103850513,3065700
2016-06-16,203.43666076660156,213.9521272542542,189.91534985101296,193.9812032608669,6193990
2016-06-17,204.6509246826172,209.00541132788402,201.25192831636932,205.5317696565947,1832920
2016-06-20,199.8435821533203,205.02914549909266,198.46506628893027,202.80960556209632,1266670
2016-06-21,200.36114501953125,202.38660727180567,199.69428823418028,200.25664157968976,411640
2016-06-22,201.61026000976562,204.03882207811813,199.55992110567163,200.8538288684942,575400
2016-06-23,199.3509063720703,201.54556975170738,197.2906197463831,201.54556975170738,514630
2016-06-24,206.7908477783203,208.91583189676012,191.0002288310629,196.87257450383282,1704710
2016-06-27,217.16697692871094,223.34785165240322,208.02006356954536,208.119600775338,5237010
2016-06-28,218.58030700683594,223.6414714600021,217.97814794533699,218.96847779179524,2202390
2016-06-29,228.7324981689453,237.87941187562862,217.0276421984568,219.5059577320517,3250930
2016-06-30,231.07147216796875,234.86360574366404,226.8861863812534,230.91221871701822,2998350
2016-07-01,234.3759002685547,237.87940029095898,230.53897946608106,231.01175840766618,2038290
2016-07-04,234.07232666015625,238.84484228967324,231.7880891599335,235.88876665709216,1653710
2016-07-05,230.37974548339844,237.77988318161906,229.51881085745597,237.77988318161906,816040
2016-07-07,231.29042053222656,232.89287216490098,228.9215750263834,231.50939021027474,709600
2016-07-08,229.5237579345703,231.2307283552648,228.13032819037602,230.30009953308505,412340
2016-07-11,234.80886840820312,238.77518471090525,230.91223118927232,231.40988685993884,2822870
2016-07-12,241.77108764648438,247.86736976541513,235.39611955995366,236.38644950955913,2797700
2016-07-13,235.0775909423828,243.65220303977475,233.8981495120366,243.65220303977475,1101000
2016-07-14,238.60598754882812,242.35831562009795,236.6800625014779,236.68504391818553,933110
2016-07-15,241.8805694580078,243.25408879895352,237.87941356321852,240.76581041440102,744560
2016-07-18,244.90130615234375,246.8371938536947,240.3129357979634,242.3582931587688,1363000
2016-07-19,248.66358947753906,249.92265758434422,245.95136028291523,246.83718667599658,1124050
2016-07-20,254.22242736816406,255.89455836098372,244.55796250585783,248.82784158506928,2789000
2016-07-21,259.6468505859375,271.7199813574526,254.71011510715746,254.71011510715746,2734000
2016-07-22,258.7659606933594,263.5583864205856,256.4020966578433,261.7668384592522,2104030
2016-07-25,258.7759704589844,266.53941723994967,258.28329619898597,260.45306765945,1846360
2016-07-26,270.23199462890625,276.19888090788066,255.90446927691227,260.57248162203524,7122620
2016-07-27,260.1893005371094,270.22700605074897,258.88046380528385,270.22700605074897,2122380
2016-07-28,265.2554931640625,271.7200364234482,260.72185662277377,262.2446819855517,3378160
2016-07-29,271.1128845214844,277.18425971028717,264.021290856758,264.7428673160304,3522140
2016-08-01,281.5487060546875,286.05248396528594,272.5859222357852,272.6954222821025,3404200
2016-08-02,271.33184814453125,293.6168867747527,266.320481569305,285.38567176507223,4341300
2016-08-03,263.30963134765625,273.6061294894218,258.88051362994656,273.51157368690747,2475730
2016-08-04,265.6087646484375,272.217646402274,260.88103587179836,266.3453156809257,2057380
2016-08-05,265.7182922363281,269.5950193002672,262.1650231606825,266.64392457131316,1464360
2016-08-08,262.9662170410156,268.53498515715313,261.2294036270253,267.7387482415473,908970
2016-08-09,259.253662109375,264.9518241715926,256.4070565987067,264.12569895760623,1362620
2016-08-10,268.2861328125,273.6110540257701,260.174352274737,260.174352274737,2727470
2016-08-11,274.7607116699219,276.49752539537434,266.74348474480337,268.734107765287,1978250
2016-08-12,275.7858581542969,276.6965766145593,266.14128799989464,269.7293966278618,1748930
2016-08-16,273.7304992675781,278.9310068180325,272.7202741058173,276.7761493764136,1002410
2016-08-17,270.40618896484375,276.6915827719696,268.73407313300555,275.3976901252004,917410
2016-08-18,269.8985595703125,273.6060696020109,264.45420592791,272.5112515487376,781290
2016-08-19,268.62457275390625,274.4073287921816,267.6391939437367,271.8195134199671,715420
2016-08-22,270.52557373046875,273.6110445449866,269.2814347225573,269.9831461327324,736750
2016-08-23,266.9823303222656,272.21767820427755,264.3149029591737,271.51599700549383,890900
2016-08-24,269.8687744140625,271.4214579225166,268.0075163963869,268.0075163963869,585180
2016-08-25,267.5646057128906,271.43635135760474,266.29555934766546,270.8889422241895,616380
2016-08-26,279.4834289550781,281.070951852972,267.8781247612604,269.61493829424745,2274830
2016-08-29,280.26971435546875,283.1660739767605,278.886247398613,281.3446676038303,1220560
2016-08-30,283.1163024902344,284.55948560494534,280.08058489644833,281.1754333667566,983840
2016-08-31,295.3387145996094,298.2947901915796,283.2655844222176,283.66370284253753,3560750
2016-09-01,301.6340026855469,306.2572422546848,291.6261567134645,294.8111644314601,2972970
2016-09-02,303.81878662109375,309.84040808000344,301.57933610545916,301.57933610545916,1574500
2016-09-06,305.90887451171875,307.3520573907645,304.0675428906754,306.5259625375368,1064280
2016-09-07,304.30145263671875,308.4469322553063,302.5746022987478,304.8140524802352,1071090
2016-09-08,311.47271728515625,314.020711755655,303.5699432186205,306.2274377256706,3508550
2016-09-09,302.0172424316406,314.9164674834073,300.28541060915245,314.9164674834073,1281660
2016-09-12,292.91021728515625,298.28987449709376,287.1423740250988,295.6075028296863,1580320
2016-09-14,288.97869873046875,298.38440330104,286.649673775978,295.60747608147733,1379150
2016-09-15,295.2242736816406,297.25471739085106,289.64557286622,291.327651519393,1097800
2016-09-16,288.1475830078125,300.57901057253855,284.86801913442014,298.04596049744725,1825230
2016-09-19,295.0102233886719,296.4783134327282,289.7102096569078,289.73508636114883,1012840
2016-09-20,308.1683044433594,309.52194371413873,296.10015396760764,296.60279107414544,2736230
2016-09-21,316.00634765625,318.4000700520403,309.536824383899,310.03946143651535,2287650
2016-09-22,323.89422607421875,328.45273859663223,313.1448454954524,318.4000880980189,2824250
2016-09-23,327.9202880859375,340.87428137929874,324.4715375055496,326.3626232136583,3278490
2016-09-26,327.15887451171875,333.94687528262,322.97855441570863,330.7419713088773,1741300
2016-09-27,325.7305603027344,330.22437493269916,324.3022606728343,328.5522592738513,1359710
2016-09-28,321.9483642578125,324.9691376818151,318.7981955055955,324.6705564432358,2008710
2016-09-29,309.1138916015625,329.4182395851956,296.0952005190214,324.9691960838609,3013950
2016-09-30,305.5157165527344,318.30048931660656,302.5795669246242,308.8450335194496,2693680
2016-10-03,317.9671325683594,318.6887393624433,308.7455888275708,309.4422885386414,1674800
2016-10-04,318.4847106933594,322.530654052535,315.9317648412299,322.1723565204797,1825880
2016-10-05,313.98590087890625,321.2865013470957,309.5816601717525,321.2865013470957,1166510
2016-10-06,314.463623046875,317.3052172519383,313.7221210187622,317.2952847939999,1592320
2016-10-07,313.50811767578125,315.31461012921403,309.6413539000247,315.31461012921403,906120
2016-10-10,310.5271301269531,315.2001234791419,309.5417817633622,313.83655200138844,1076710
2016-10-13,310.2981872558594,311.53236325627324,307.45158181603887,310.02943382871666,1473430
2016-10-14,316.00634765625,323.46620078498876,309.7010592487465,312.52773961818883,2332470
2016-10-17,318.2010498046875,320.01747478837586,312.05000259524667,316.50900836488984,1494860
2016-10-18,331.0405578613281,334.4246103434769,318.98234031884283,318.99728456870344,3627530
2016-10-19,334.5440673828125,342.88478188629364,329.6471522390296,336.41525769975976,3081740
2016-10-20,332.165283203125,342.38712030772706,329.44807215656294,335.917596232145,1922970
2016-10-21,326.0042419433594,332.931599454049,324.67052856806345,332.931599454049,1690330
2016-10-24,320.58477783203125,329.44304186965235,318.00194392694084,327.5569379883758,1286980
2016-10-25,323.3368225097656,325.86492178051424,317.13605239373067,321.8836764798983,1244340
2016-10-26,331.234619140625,334.6236527148303,319.50487247350037,322.73465260356886,2273920
2016-10-27,325.272705078125,334.389760314352,317.00665194598884,330.9907636889434,2435730
2016-10-28,336.7337341308594,339.40116118696704,328.0048343873443,328.45273663254875,3612970
2016-11-01,344.26824951171875,346.36834183215217,339.40116254242497,342.38709652373666,1923550
2016-11-02,335.6737365722656,343.18334375127864,334.13596716089063,343.18334375127864,1331160
2016-11-03,333.2053527832031,338.20678626699925,330.74693252146216,335.61900104368624,853410
2016-11-04,318.171142578125,334.4245610025521,316.6084967145159,333.21028013155143,2333350
2016-11-07,312.6720275878906,327.1588052625725,310.0494032171324,323.27706726313517,3383490
2016-11-08,305.7645568847656,317.3051912015612,300.5839755712342,314.51833205466886,3408930
2016-11-09,301.8231506347656,317.1011841687917,246.8371863103483,293.6168143610998,2220340
2016-11-10,307.4964904785156,312.5277823600708,304.0278144241457,307.32229275728116,2405410
2016-11-11,300.7680969238281,310.28326907176756,288.14257743740205,303.5649188206365,3546800
2016-11-15,281.4591064453125,302.37555738449163,277.18921251154785,301.5843019196183,5291000
2016-11-16,291.0738220214844,302.27605562459985,284.7237310325924,287.1473116314812,4135410
2016-11-17,290.44677734375,308.38725793958866,287.0129411155046,293.9104716968284,2933950
2016-11-18,292.9400329589844,300.19087951979526,289.6405735261266,291.5963566114126,3706610
2016-11-21,283.23577880859375,299.09108248014167,276.99515674944837,298.464031424008,2640020
2016-11-22,288.7945556640625,291.49682226063794,286.2515425240806,286.2515425240806,3233450
2016-11-23,291.7406921386719,294.5126380406636,286.2316398787288,292.422478019693,2289990
2016-11-24,293.5621032714844,296.1548698089656,286.9582029725971,292.12387113055496,3690760
2016-11-25,295.6224060058594,301.4598971722203,292.6215277991835,296.50323586856024,5163720
2016-11-28,292.8106384277344,298.33460408067657,291.12855987405834,297.10042776891083,3687870
2016-11-29,292.4324035644531,296.55300682674743,291.5216852420783,293.71636361531887,2775110
2016-11-30,297.59808349609375,299.0910504701544,289.5061976367664,294.10951247345344,40606220
2016-12-01,292.55181884765625,300.4844504655077,291.65106341086675,299.48913924808335,1663560
2016-12-02,296.36883544921875,298.49380407321564,290.9344147686233,292.12381886785954,1596900
2016-12-05,301.74359130859375,308.0488805691823,296.60279938486696,297.5981107921987,1474770
2016-12-06,298.4938659667969,302.9727670144382,297.598091832167,301.4797999985578,2130310
2016-12-07,294.3334655761719,300.58401946801047,293.2286542131932,300.58401946801047,715780
2016-12-08,298.1355285644531,298.6182399218991,294.7215880270669,295.6173924163066,930490
2016-12-09,298.3097229003906,299.5837201505463,296.90134890477833,299.5787387341234,753280
2016-12-12,296.1300048828125,303.3708889170388,294.6121611410215,297.2945325331802,1054990
2016-12-13,286.132080078125,298.59336560106027,282.27026768976657,297.5831101343558,2131870
2016-12-14,276.2735595703125,287.88384457507385,274.7059320474191,287.64497957139173,1475170
2016-12-15,269.80401611328125,279.04050353348066,268.73404434249215,274.70591199454753,1979860
2016-12-16,281.6531677246094,283.76820397515115,270.6251028767779,271.81948843864313,1857870
2016-12-19,271.9986572265625,282.6484997529846,271.22231566642347,282.15084412790856,1310810
2016-12-20,268.2015380859375,276.0943488834774,266.2955085675368,273.40702677575854,1285870
2016-12-21,264.74285888671875,270.5107015818272,263.75751036030454,269.71941568596975,1001910
2016-12-22,253.81434631347656,263.95658676369743,253.0230755989248,263.95658676369743,1524380
2016-12-23,260.8114318847656,262.7622339043481,252.93851433761625,254.3020862218217,2205350
2016-12-26,260.5575866699219,262.5581722129739,254.3020511598568,261.76688632110506,744030
2016-12-27,273.06866455078125,276.1989079055602,259.3781516611652,261.26923720796236,1013620
2016-12-28,278.7618408203125,280.6778030352063,271.5707101818347,274.1087419956541,1059110
2016-12-29,285.873291015625,287.84401817425965,279.8815283810518,281.1754208226528,1389910
2016-12-30,288.127685546875,292.82060519349403,286.36599542904963,286.64966280280385,756730
2017-01-02,293.5820007324219,296.5032370353548,284.53960586817345,288.44120924446787,779620
2017-01-03,300.25054931640625,303.07224794761413,292.63144360843336,293.61679193611224,893630
2017-01-04,294.6967468261719,302.2760632636106,293.3779775377754,300.58900326830656,855920
2017-01-05,300.42974853515625,300.98213903143585,295.607463943721,297.0108565588978,769120
2017-01-06,296.45843505859375,300.68352633741915,295.4083586344365,300.3849147460307,571250
2017-01-09,297.86187744140625,301.0767137885522,295.6074825653181,296.7023311682364,772390
2017-01-10,299.6036376953125,300.58400472035737,297.59807089863193,298.19526373787494,349700
2017-01-11,300.43475341796875,301.2956880627217,291.8700878504292,300.0863883516171,901490
2017-01-12,300.4447021484375,300.6039556266656,297.6080887925796,300.48452311161833,524130
2017-01-13,300.5442199707031,300.75820827543356,298.2948368753427,300.75820827543356,400330
2017-01-16,299.84747314453125,301.4001562451522,297.9464250358697,300.3849193431773,220130
2017-01-17,300.55419921875,301.56940596106483,299.38967145961385,301.4798315756689,537170
2017-01-18,303.2365417480469,304.56029248224286,299.6882543460298,299.6882543460298,905970
2017-01-19,313.9958801269531,316.0113797021229,299.7479945460144,301.8779452160412,2799570
2017-01-20,304.96337890625,315.30965939970673,301.34046153737097,312.5277509271557,919010
2017-01-23,304.9086608886719,306.7599254451609,301.0219712289,304.23185645132054,645690
2017-01-24,311.4129943847656,314.3192862775463,306.5558705371164,307.54121897257767,639220
2017-01-25,315.48382568359375,316.0113394604694,311.8061431203099,314.00082155840363,1248180
2017-01-27,315.4539794921875,318.0019741004035,314.51838439977314,314.51838439977314,747410
2017-01-30,319.0420837402344,323.13279872806856,311.97536722010767,315.453975459636,1759710
2017-01-31,323.0631103515625,332.2349003516224,319.74873708173754,324.67055875843226,1846060
2017-02-01,331.2793884277344,333.1306831230067,315.1155436611501,325.46677444947744,1248820
2017-02-02,344.586669921875,349.3542189069716,326.4620621124977,331.93627351987186,1705940
2017-02-03,340.3914794921875,348.3589512222023,338.4058383301393,347.36363993299597,688140
2017-02-06,370.4499206542969,373.04268731952465,341.30222369569964,343.5814952255968,3866130
2017-02-07,367.394287109375,376.00870527788777,363.78628361253385,372.04735533136693,1547120
2017-02-08,364.58251953125,372.54500998565453,358.80972610160296,368.2651835162083,1169340
2017-02-09,356.02294921875,368.73804803917017,353.4351331455858,364.78167860153906,1233120
2017-02-10,361.392578125,364.3834936105528,354.82849851532586,357.3167769060364,1704820
2017-02-13,362.0196228027344,366.77222837090545,357.58054273626436,363.8061896462777,1054820
2017-02-14,357.6054382324219,363.75645533987256,355.58495732335984,362.2833835461477,716440
2017-02-15,361.1337890625,367.26989210620536,357.81443417935185,358.21255264874196,1307070
2017-02-16,365.3987121582031,366.1750538264064,361.1337992127011,361.1337992127011,507840
2017-02-17,366.822021484375,368.16071659499437,363.4529128923847,365.7769566152721,451220
2017-02-20,362.46746826171875,369.7929749765569,360.5863457631114,365.2792347388641,426170
2017-02-21,360.71075439453125,363.26373018524947,356.43587920345584,363.26373018524947,605730
2017-02-22,373.2615966796875,375.7299793996983,361.33778789893984,362.09420375910634,1195050
2017-02-23,382.91619873046875,388.96272756748425,372.4853244405818,376.12816776868453,2003360
2017-02-27,381.86114501953125,385.782674053817,373.44081974961665,382.9161725897207,1074820
2017-02-28,389.5798034667969,396.13392025050587,377.72564155506507,383.1898911874268,1667410
2017-03-01,390.54522705078125,400.11513530598694,387.76830006954674,395.039041693625,1211130
2017-03-02,385.73291015625,394.13832198457374,382.8713899611013,392.1526806569024,884980
2017-03-03,374.4112243652344,384.9416351606316,372.24643438990233,382.8664195593315,1003410
2017-03-06,379.97998046875,383.0953096681743,375.7300121928028,376.62578627942406,817520
2017-03-07,378.7259521484375,383.991127607249,376.3272480192721,382.1000420140855,724610
2017-03-08,381.4082336425781,384.38921634660875,374.44105490260483,378.7258929122999,722920
2017-03-09,378.70098876953125,382.8962524443416,375.8295364497888,379.3131258468018,836780
2017-03-10,380.81109619140625,382.59766299015075,377.45687154897445,378.4671271123435,600870
2017-03-14,391.2817687988281,393.14797755303556,382.26923194505355,388.171420875149,1443650
2017-03-15,392.0182800292969,395.93482761054156,389.17170425783434,392.1526567762019,936410
2017-03-16,402.1107482910156,406.21640742061373,393.1479651372715,393.1579279701499,1105990
2017-03-17,395.0489807128906,404.096356074648,393.1479326342019,403.10104485278924,1143950
2017-03-20,394.7205505371094,397.9254542074929,392.3915256896119,395.1385946569381,464360
2017-03-21,403.8425598144531,406.9827656052226,394.14325650605934,397.1291902674689,1096270
2017-03-22,408.8590087890625,419.7228415356729,394.74051860617254,400.61284995924774,1409960
2017-03-23,412.90496826171875,418.0407790776453,409.16756884229244,418.0308162431343,795100
2017-03-24,410.9988708496094,417.5281105732917,408.724580875239,410.06825721041395,518850
2017-03-27,402.5835266113281,417.03543579029457,399.1198323434561,412.55653492858494,658880
2017-03-28,407.156982421875,410.5161580612278,404.1660671038068,404.5940436731652,743780
2017-03-29,404.36016845703125,410.06826430393346,401.110462413799,408.97341577579664,1079920
2017-03-30,404.1561279296875,409.30685206174843,402.1057889604919,405.8879599741848,797770
2017-03-31,407.91839599609375,410.0682721357249,403.1010927547781,403.1010927547781,656650
2017-04-03,407.9034729003906,411.4567112197417,404.59405061945114,407.9183867754199,455440
2017-04-05,410.94415283203125,414.7910214592008,406.6842214919813,407.1818771642978,925210
2017-04-06,415.87591552734375,417.5480617045043,408.6997290933569,410.9441610804733,552020
2017-04-07,420.6384582519531,426.993530645041,412.1036820485931,413.55184663050176,1470250
2017-04-10,435.2496337890625,436.94167520502884,421.35011466808294,422.1115424176152,1617290
2017-04-11,435.4337463378906,443.41118092920044,432.6120473277439,436.44400187980784,785050
2017-04-12,448.1837158203125,450.67694511570096,435.9463500050524,436.911803182372,1454180
2017-04-13,459.0276184082031,463.7852051816361,445.0036859115659,447.8950640075358,1332430
2017-04-17,447.2381591796875,467.69677574667827,445.10322736709554,462.61074956221097,1370180
2017-04-18,434.891357421875,454.35964561223386,432.97041374563804,450.3784000866064,1293930
2017-04-19,431.9701232910156,440.4252886620207,430.4721747939525,435.3790526410318,861160
2017-04-20,433.49786376953125,442.918480963276,431.97503879505643,442.91349954718316,1042090
2017-04-21,428.3869934082031,437.7379328909803,426.71985899605545,437.3398144137726,731370
2017-04-24,435.12518310546875,436.74256388499595,424.99790329730166,428.9791482930609,873760
2017-04-25,450.3136901855469,453.8569961771535,435.45868037133465,436.9416845695122,1529420
2017-04-26,451.2940979003906,455.35495495356037,440.9229399878191,453.364332199665,908970
2017-04-27,450.353515625,453.54347518272317,445.89949119497317,451.274166487157,724450
2017-04-28,455.41961669921875,472.7728667575061,450.8760181918953,452.3689851395506,2109480
2017-05-02,454.4740905761719,464.9845761922159,449.8807383327229,455.9272670430758,1215570
2017-05-03,454.150634765625,462.8197883172033,452.8666745899516,456.74838286868123,854700
2017-05-04,454.8174133300781,459.8138951682349,453.86192304956734,457.7436307902252,792200
2017-05-05,440.7636413574219,456.74833800328673,433.5177764907079,454.26005981589196,1201400
2017-05-08,440.02215576171875,445.69544239079306,437.10091949050593,442.7841385780481,533860
2017-05-09,435.7920837402344,443.4111906382418,434.9510444644482,440.0271382436225,494350
2017-05-10,437.08599853515625,441.1020835386702,433.5576367552443,437.937000687218,1043460
2017-05-11,447.4720458984375,450.77150532483245,436.070768194082,437.9369769024732,1353840
2017-05-12,437.4940490722656,450.3783610785222,434.45338035530375,448.88539413572045,874150
2017-05-15,452.9612121582031,456.84292028073304,436.0657962111656,440.6243391245272,1881130
2017-05-16,454.60845947265625,459.33120697222904,450.37838623180505,456.2507171265589,1050340
2017-05-17,446.5712585449219,458.8384817301269,438.57395945950094,455.3548923894426,1702950
2017-05-18,429.8749084472656,440.42521341990556,427.9888046263056,438.43459098636924,1637650
2017-05-19,415.03485107421875,436.4788464908614,406.5846678202637,434.851502788439,2533640
2017-05-22,394.56134033203125,422.80330000282447,393.14798484452257,418.0805221133467,1926740
2017-05-23,396.43743896484375,400.6127769360797,378.3178110771434,394.99920692298474,3926270
2017-05-24,393.5411071777344,401.20999788351827,391.26681717387044,399.8066052818685,2266040
2017-05-25,397.8358459472656,399.6174615659532,392.67515961453614,395.60635849672155,1085310
2017-05-26,398.8560791015625,406.08703063615104,394.64095011576933,400.2146997484188,1615140
2017-05-29,397.9304504394531,404.69360448598906,392.710047223459,400.1699009963271,786510
2017-05-30,413.5021057128906,415.418067880362,392.3517398729201,398.12453345826844,1812700
2017-05-31,417.2344970703125,420.0213564801003,409.6352857942541,415.8410369909291,2835160
2017-06-01,418.5881042480469,422.01695885461095,412.15840196457424,412.15840196457424,945180
2017-06-02,428.56109619140625,430.15858165090424,418.5383351865781,420.02133919993594,1279320
2017-06-05,428.4566650390625,432.3085151537446,427.78481164437864,431.86559430735554,574130
2017-06-06,422.4200744628906,431.97008764624576,415.6420069079997,431.9651062298039,921330
2017-06-07,423.42041015625,425.99328163509915,416.15960008696806,425.490644515307,942670
2017-06-08,425.99322509765625,428.9791589184342,421.6138615687465,425.8538669395983,586810
2017-06-09,422.2309265136719,427.88428694737354,417.12497510059205,427.88428694737354,1043040
2017-06-12,413.31793212890625,421.51430552072975,412.05884884434977,421.51430552072975,635750
2017-06-13,415.72662353515625,421.0067430172353,413.317987050407,415.4429561522327,613270
2017-06-14,410.904296875,417.5231106781605,408.3761977701027,416.53776225073716,846520
2017-06-15,407.91839599609375,413.0492247395113,405.0917154350486,411.0635834758601,1480210
2017-06-16,418.0008850097656,423.50495524604486,408.2767046102604,408.2767046102604,2550110
2017-06-19,422.255859375,426.7894952903219,414.313294231251,421.0365968947515,1320570
2017-06-20,424.4405822753906,426.78455148226493,419.9019648664626,421.2157831623345,1053080
2017-06-21,424.8386535644531,430.8702373557688,422.81817292643143,424.5002513817955,2037090
2017-06-22,420.0213928222656,429.4768507175536,417.8366771028973,425.1970240305359,743430
2017-06-23,408.20703125,421.61387577191744,407.0375222394369,420.29009472372996,930200
2017-06-27,401.712646484375,409.81446504098136,396.3528851697002,408.6748444853455,1226180
2017-06-28,408.8888244628906,413.5518555911614,393.14797342601383,400.6128083644825,1116920
2017-06-29,407.9532165527344,414.9154141930572,405.58935222992193,413.0541869335401,1429180
2017-06-30,409.9388427734375,412.2380093483417,403.32501040205585,408.0776155817997,867100
2017-07-03,411.1332702636719,414.905478443837,407.3759759591526,410.5659354992857,1080620
2017-07-04,411.3322448730469,416.9358517369773,408.6150647619274,412.95460697391337,879380
2017-07-05,412.97955322265625,415.4429549095251,409.9090261869368,411.576190936905,1794310
2017-07-06,413.3778076171875,418.1025473679637,410.26116405387154,414.42334362478283,983930
2017-07-07,409.8330078125,413.5570328388152,406.25833639122055,412.2824980970016,936210
2017-07-10,408.54852294921875,412.76047710944,407.32379294991455,408.37428213401404,174300
2017-07-11,410.5599365234375,412.45181991419946,407.36860069304186,408.75766530311444,1033300
2017-07-12,421.1246032714844,423.0861950168798,407.5527816975459,407.5527816975459,2130390
2017-07-13,434.59185791015625,435.4880403214143,422.2000059244046,425.5058104930452,4095450
2017-07-14,438.11181640625,440.5115325484059,430.9674562970672,438.1217834434488,2299050
2017-07-17,442.7319641113281,446.42113480186123,438.1217238371638,440.0036703731887,1694230
2017-07-18,440.068359375,445.07193285397966,437.5242735083224,443.11532473580877,1034250
2017-07-19,454.5015563964844,457.63312034288947,440.98947558976573,441.1089584817871,3556760
2017-07-20,465.9324951171875,472.6736148179138,450.83720641410474,457.5384883582152,3474840
2017-07-21,488.9438781738281,495.37629349651303,465.8927059709993,466.28102535445174,5162030
2017-07-24,492.88201904296875,502.3165793613809,488.40621162915204,492.8870025615296,3210070
2017-07-25,493.7333679199219,497.9652259169582,489.8997963627922,492.7874110362496,1476440
2017-07-26,493.4296875,497.5420323025934,490.3976722776344,492.7874213544191,1229250
2017-07-27,491.338623046875,507.62378849428666,486.9225573023412,492.886977876341,3214780
2017-07-28,490.527099609375,499.2596518937327,486.912590243147,487.6046307676323,1660770
2017-07-31,497.0541076660156,498.8364751337123,490.59680501687154,491.8912435027456,1474390
2017-08-01,504.5619201660156,506.2695956012141,496.8698902366938,500.35494958705135,1464870
2017-08-02,498.09967041015625,507.8230018851004,496.31234960668957,504.8358077563645,1423690
2017-08-03,509.321533203125,515.5598042578008,498.8613712454797,500.6238046715272,3115780
2017-08-04,528.5491333007812,531.8997595335823,509.6750287474829,509.9139945449757,2681860
2017-08-07,540.9857788085938,547.1543414155959,528.8129881524602,528.8129881524602,2430570
2017-08-08,531.3321533203125,545.6507739775093,527.9615932162042,545.5611921961632,2571080
2017-08-09,510.003662109375,531.3222443880743,505.4332586844065,531.3222443880743,2250190
2017-08-10,500.3301086425781,515.2859823551755,494.22627069692464,507.71346500021184,2379010
2017-08-11,497.069091796875,514.7333558566867,489.2027899846815,496.86993337606935,2887370
2017-08-14,519.9759521484375,522.2611387797784,502.7896178194663,502.8443757555541,1956240
2017-08-16,533.3933715820312,540.0348827855233,514.7681993384042,524.6508817792884,2243580
2017-08-17,528.1806640625,543.320774559735,525.8456427055811,536.1017230811101,1822990
2017-08-18,528.6835327148438,534.2098291372023,517.8847954326541,527.4338851025163,1513270
2017-08-21,519.4580688476562,533.7119645099082,515.8933338588511,529.2311737630899,1645390
2017-08-22,521.2255249023438,526.7568049461405,515.3954768507316,522.7589292158488,1307270
2017-08-23,532.8455810546875,535.2054588671662,519.8164179120597,522.7438697366614,1946470
2017-08-24,548.2745361328125,549.7432154611886,528.1408788199863,537.6749572077349,1856890
2017-08-28,555.4188842773438,560.5966989805772,550.6443699059372,553.3278729426788,2147500
2017-08-29,541.9714965820312,555.9764583434685,540.2339504996957,555.1201440972247,1507160
2017-08-30,546.62158203125,556.3100267531786,542.6734812479493,547.5525882332323,1395150
2017-08-31,547.9359130859375,551.6350812106964,543.2261239884575,546.6564252430908,1433420
2017-09-01,547.1841430664062,554.9209324221881,545.670612339586,550.6393008274559,912000
2017-09-04,535.429443359375,547.1542005378835,532.2232186172025,547.1542005378835,1218800
2017-09-05,537.2865600585938,542.1158314854997,535.125779857841,537.7943318585963,1057810
2017-09-06,543.2859497070312,549.643704087856,532.9452699342655,536.689229526629,2588950
2017-09-07,559.9793701171875,562.5881812461295,543.6692866555517,547.6522118325155,3566240
2017-09-08,557.0867919921875,565.5754263542719,552.6309183567271,564.0818292776322,1788180
2017-09-11,570.882568359375,576.5283470728878,559.600917193373,562.4885618944273,2038300
2017-09-12,565.4658203125,576.1300628433137,563.5838737101408,576.1300628433137,1485370
2017-09-13,569.891845703125,576.3591150699533,565.465813168139,568.6620714662974,1612750
2017-09-14,565.6351318359375,575.0348379381536,563.5938947825955,575.0348379381536,1411180
2017-09-15,565.03271484375,569.5582965291744,559.6308847632345,565.0675386979868,1839790
2017-09-18,560.2431640625,570.0560749528985,558.3363000426742,566.5710159793873,1399010
2017-09-19,562.7125854492188,564.9579641314714,557.6094631303915,561.5923878670371,1041300
2017-09-20,557.8982543945312,565.0774987687628,556.409640999832,564.5796331310811,1267780
2017-09-21,546.2880249023438,559.6009464715577,541.9067832179891,558.2068984516419,2441830
2017-09-22,520.931640625,543.569633440528,517.7801735628449,541.6876870699429,2489320
2017-09-25,508.8784484863281,521.2454145250316,498.0399032905564,520.767482936944,2613730
2017-09-26,514.8428344726562,523.2617592706836,498.36349431796384,507.8229412630601,2347720
2017-09-27,504.97021484375,521.5740225205733,502.34645308043184,519.7717512546787,1866290
2017-09-28,502.221923828125,510.9495223790444,500.0711407903845,504.8357182272305,2766350
2017-09-29,513.2446899414062,522.3605777279645,504.0989010462045,507.72334691353916,2368210
2017-10-03,530.271728515625,532.2034497428299,511.9054566885051,518.7760272323313,2977400
2017-10-04,525.1985473632812,532.5171489587909,522.7589932399038,532.5171489587909,1164120
2017-10-05,523.625244140625,530.326496729158,518.7063288032701,527.6380706834282,1288490
2017-10-06,527.5333862304688,533.1145008500827,522.3157645441132,526.2439313625634,2575320
2017-10-09,528.3151245117188,534.4737201052649,526.7418520576789,529.6145465513458,1312150
2017-10-10,531.0881958007812,533.7119574048721,528.4146597884223,533.2140917729646,943630
2017-10-11,527.8570556640625,542.5540589241137,522.7638999450998,534.2098260247037,3241560
2017-10-12,536.9131469726562,537.9934762703998,526.741727516184,528.7282061067581,1443020
2017-10-13,535.2305297851562,542.4744390481791,533.7120151337431,539.188537677093,1317880
2017-10-16,533.1444091796875,541.3392584309303,529.2511264899525,540.5825536843623,1364980
2017-10-17,533.3883666992188,539.1536899811509,528.5093196592794,535.7034541905605,1386370
2017-10-18,529.2362060546875,535.6835423580471,480.64948054196077,535.6835423580471,1011220
2017-10-19,528.3449096679688,532.019160172862,522.7588723041109,532.019160172862,211220
2017-10-23,526.4730834960938,530.4261690559049,521.26542732807,525.2483532293351,887070
2017-10-24,523.0376586914062,531.2225391195266,522.0667844091346,530.8242223717326,830740
2017-10-25,497.5669250488281,535.3051035103739,488.5256681498538,525.5469492727406,2423900
2017-10-26,496.07330322265625,504.53701854597165,486.4346019718698,496.86987603934034,2331690
2017-10-27,501.2461853027344,506.7525785989459,496.75047393951667,496.75047393951667,1588400
2017-10-30,497.3528747558594,505.33367636855445,495.0726717699267,504.2383657708847,1106100
2017-10-31,498.8961486816406,513.6727949544751,486.01636898955985,499.3591600090511,3186070
2017-11-01,500.11602783203125,507.723399396429,497.8656653009322,502.8443219539416,996290
2017-11-02,496.0882568359375,504.63660138037335,494.87844697522144,504.63660138037335,795400
2017-11-03,501.1117248535156,506.0505434067133,494.3805717955634,496.7703207479296,1237010
2017-11-06,498.8215026855469,502.84426531652457,497.069036404445,500.85280287962746,794960
2017-11-07,495.9737854003906,501.64943579306185,493.38487784483283,501.64943579306185,1014530
2017-11-08,500.1259460449219,502.2916798415268,492.88699047774014,498.3635125941595,1409280
2017-11-09,498.5377502441406,507.2255118055624,497.00932945856664,498.3734764605545,1395970
2017-11-10,500.59893798828125,505.3585324859719,496.8699290540434,499.9567022258288,849730
2017-11-13,497.70135498046875,502.84431574800107,494.1416337498852,500.65369469278943,849850
2017-11-14,499.29949951171875,503.7404525479841,494.33081010827823,495.7098772788611,658220
2017-11-15,488.1722412109375,502.74474874488374,482.92970110682825,500.34004904432794,1162970
2017-11-16,496.3471984863281,498.79668913696827,488.4112182879406,492.7874466998045,843340
2017-11-17,510.7852478027344,517.3471439196987,499.36423877360227,500.85285222989074,2272230
2017-11-20,515.146484375,519.2738095575168,512.2140487615353,513.4786468060312,859750
2017-11-21,518.3976440429688,522.1615376703587,509.316579107364,517.7802954757171,1054690
2017-11-22,515.4253540039062,519.871259990041,512.8015924429061,518.3776631188481,1042440
2017-11-23,511.16864013671875,516.6850308073766,507.9225765426565,516.5854212058738,819410
2017-11-24,513.8570556640625,516.8840567217001,510.17782147954387,511.9153676123737,673520
2017-11-27,512.9857788085938,513.7923186542752,509.913926159964,513.6977533615405,953400
2017-11-28,521.7830810546875,525.2282720989391,510.07825597748257,512.3086841337772,1536010
2017-11-29,528.2951049804688,532.6166048179583,520.2545639648205,523.7545734665716,1618510
2017-11-30,519.1842651367188,526.7418929503167,512.9012026442318,522.9083514986169,2822180
2017-12-01,507.70843505859375,525.9701120393291,503.8400094518094,519.149377327939,988230
2017-12-04,503.5213623046875,511.50714623637316,498.36348181383335,507.82292852158844,1317940
2017-12-05,498.2290954589844,506.2596710381714,496.1530041516835,502.94888260995236,1548860
2017-12-06,494.3457336425781,501.1465954031769,488.40620011537874,494.88343705023385,2087150
2017-12-07,504.85565185546875,507.12591790985215,491.89124180639845,491.89124180639845,1206190
2017-12-08,510.3222351074219,512.5725974671459,504.8556498553522,506.82720867923217,1410240
2017-12-11,508.4503173828125,513.6978411821486,503.80522200538087,513.6978411821486,815430
2017-12-12,508.7887878417969,510.7105722101745,505.1842456509305,509.8143897932716,1182850
2017-12-13,503.4566650390625,510.3122846751737,497.9801429596216,509.3016028327875,1170020
2017-12-14,509.4410400390625,511.0093290335882,497.86566336580745,497.86566336580745,1615850
2017-12-15,514.827880859375,516.5355866964637,508.96802310788314,513.7973257549403,1457000
2017-12-18,518.8357543945312,521.1458583286305,498.2689253846541,502.8443119734494,998800
2017-12-19,525.6964111328125,526.5427585231837,517.899817159773,523.2568570184301,917370
2017-12-20,529.0022583007812,531.7205856672681,524.8500144639652,526.5427700564074,1007080
2017-12-21,533.0497436523438,534.7076140965228,529.2410599445006,531.7204207216818,877110
2017-12-22,540.4978637695312,542.1657014672143,529.3307110006593,529.3307110006593,1164520
2017-12-26,538.0482788085938,541.1798726807193,533.2140235888229,540.8711984593925,597370
2017-12-27,530.3563232421875,539.5668370041179,525.8257583574573,538.7901374826503,789240
2017-12-28,528.3101196289062,533.4132422803772,524.3869360765958,526.8413795717643,1372760
2017-12-29,520.8073120117188,530.7248183000919,516.3116310810583,525.7511449868101,788920
2018-01-01,514.9773559570312,528.6089216319849,512.9609755062735,518.5769153438985,448990
2018-01-02,507.9324645996094,520.667906464884,502.6202467716676,517.7702944294342,791230
2018-01-03,507.7682189941406,515.7688934681834,506.70776269957895,511.7411772661382,1194130
2018-01-04,504.0939636230469,511.30803216523947,502.94389516541196,509.8144351871521,792050
2018-01-05,510.5312805175781,512.2987277379751,505.44310858352674,507.7034378944753,1518180
2018-01-08,519.8961181640625,523.0575523585231,512.4181676263127,514.792996104037,1810680
2018-01-09,513.4388427734375,522.0021066538291,508.32076989708867,520.7674097084767,2335100
2018-01-10,517.7354736328125,525.009283325135,510.81014557791974,513.7973394117088,2600210
2018-01-11,512.4431762695312,517.5811230913604,511.3080279895472,517.5811230913604,711600
2018-01-12,503.5711975097656,514.7930782371288,501.05199855516133,512.4431669726697,2247580
2018-01-15,498.8961486816406,508.34064383189866,497.97507915711884,503.0433773325334,1731850
2018-01-16,493.5640563964844,503.8400101413322,491.39336957459966,501.7489684486599,1241860
2018-01-17,494.3705749511719,499.06049079329296,486.9523957257418,492.8869451835468,1406370
2018-01-18,490.15869140625,502.3464325940077,486.36495764658406,498.56266587111645,2110860
2018-01-19,495.18212890625,499.9566736871176,482.16791399398113,489.89978184415634,1104060
2018-01-22,502.9886779785156,504.33292131466374,492.98657405947716,497.8656513653965,1048910
2018-01-23,499.3193664550781,506.72760912402487,496.63091040755546,502.0476906469425,1783010
2018-01-24,499.30450439453125,505.11458820047164,492.78742946496175,499.35926232476334,880030
2018-01-25,491.19921875,504.83576611584635,487.9083341159067,500.3549752923329,1490770
2018-01-29,489.1430358886719,498.8613831363851,487.80875958823714,492.8372209041323,1004040
2018-01-30,485.4836730957031,491.7916215851168,483.9253513747979,490.39760401664194,1043320
2018-01-31,479.1806945800781,484.268896867992,471.62309833758195,484.02494758334706,2201610
2018-02-01,501.6892395019531,505.8314852322213,474.96381585781415,479.05130366117817,3508580
2018-02-02,491.46807861328125,512.6124177552637,487.00719154006464,497.9652191369256,3751600
2018-02-05,489.70062255859375,497.3577983953264,474.27177151392203,478.9467370825567,2959400
2018-02-06,488.3663330078125,492.7873821221803,448.07905574831005,448.07905574831005,2630800
2018-02-07,499.0654602050781,503.4417184302292,490.6515495027684,498.76176947139464,2014350
2018-02-08,503.5661926269531,515.1913732063937,495.3762970159122,497.8656251416203,1545860
2018-02-09,503.77532958984375,506.62809013528675,494.00222412431026,496.8599681883883,1446000
2018-02-12,521.31005859375,522.161450071181,502.1273133972605,507.4544812363978,1411760
2018-02-14,516.6849975585938,532.7162472308343,513.0306199179972,523.7546655017175,1545470
2018-02-15,510.8449401855469,526.8413646806638,509.0227654216716,517.7802348801061,1041970
2018-02-16,503.66583251953125,517.7603784628388,500.8528792436069,514.6786190436842,884680
2018-02-19,497.9403076171875,509.79943984042507,494.87842192620275,507.3250623167008,1469280
2018-02-20,499.28948974609375,502.74467823543375,495.49575629426545,500.85279502750257,1078990
2018-02-21,495.22198486328125,502.86919395817694,493.39482643530766,501.8485754526247,1008450
2018-02-22,493.07122802734375,500.8528709886997,490.4126423294461,496.7703663604353,1234530
2018-02-23,499.82220458984375,503.5412763966661,491.89120928499443,492.20486704173743,1363960
2018-02-26,517.0782470703125,523.7546421780864,500.85780674179483,502.9438649446694,1692300
2018-02-27,509.9488830566406,520.518561579798,507.93250276936794,518.5768732984646,829610
2018-02-28,503.0135803222656,510.98936715198704,500.87273377644715,506.82721772570017,1304850
2018-03-01,497.805908203125,506.6181362793933,496.4716319085397,503.0434645613825,849160
2018-03-05,501.5946350097656,504.5967793224457,493.10603215829155,497.8058848863439,1141330
2018-03-06,495.9388427734375,507.61878022289454,493.3847899163474,505.38333824274184,868420
2018-03-07,481.55059814453125,495.8742030716543,478.5484839815522,495.8742030716543,1237700
2018-03-08,484.3834228515625,486.8130095700905,477.95100738561035,484.3186978883278,1023510
2018-03-09,494.5049743652344,496.8698358082093,482.4317343668886,487.25106940841175,1400740
2018-03-12,501.8535461425781,505.6174091467676,494.59964015737603,498.11457034280346,1077040
2018-03-13,507.66363525390625,509.809434959939,499.51856062663967,501.74898898354405,925700
2018-03-14,508.97802734375,511.24829354751927,503.1878472623239,506.8272440369198,789750
2018-03-15,501.3009338378906,511.81087038913927,499.8620948201739,508.96804659559217,822930
2018-03-16,498.99578857421875,506.32933949009305,495.0377507868792,495.0377507868792,1782450
2018-03-19,494.2262268066406,502.83929601222536,491.1195501792335,499.8570857906426,842920
2018-03-20,505.9161071777344,506.82720978628714,492.145157264565,492.3891065605481,1077770
2018-03-21,510.95953369140625,512.786661705358,506.8272245448977,506.8272245448977,999530
2018-03-22,509.79949951171875,511.3528379832845,506.8272560244777,507.8229873722665,739660
2018-03-23,510.4814758300781,512.9708037254444,501.84850370583786,503.7304501806404,1737720
2018-03-26,512.9061279296875,516.5704116499244,504.1536720895417,510.61097468312914,1264820
2018-03-27,523.6500854492188,525.5917126939191,508.91822878976416,515.7887680786012,1297190
2018-03-28,514.9473876953125,527.6379767256624,500.01138960422037,520.7674072720766,12294620
2018-04-02,524.4915161132812,527.2397443346016,504.95028857302333,505.3336548627201,2394740
2018-04-03,535.8626708984375,539.5319379055397,521.0263126203288,524.6507887407357,1897500
2018-04-04,520.6231689453125,542.2355379605141,518.0592089773322,539.6864677761725,1887800
2018-04-05,542.0612182617188,547.6522400429456,529.2312101505919,531.023514417627,2053870
2018-04-06,546.0838012695312,549.0411541575875,539.193359264863,543.9977738444959,1216930
2018-04-09,553.756103515625,555.5185675261365,543.12668306823,546.4573754003706,1376360
2018-04-10,538.9793090820312,556.2104298762001,537.1919886290352,555.7225313214499,1579070
2018-04-11,539.7062377929688,545.0533094088296,531.7204542199185,541.5832008056788,1462510
2018-04-12,539.7611694335938,543.0719888531074,534.2348717183047,540.1843431696306,796540
2018-04-13,529.410400390625,541.8769754813665,527.095313006496,541.4786586589692,1798690
2018-04-16,536.3157348632812,537.3961250625119,528.728268203375,529.7289828920476,801130
2018-04-17,540.293701171875,542.6535792946391,536.6991260637368,538.6905884981106,1297340
2018-04-18,534.8919067382812,543.3606061607549,533.194167884157,541.1799522203635,833550
2018-04-19,536.2211303710938,538.889682420922,533.716852073587,535.2154322381242,652880
2018-04-20,526.37841796875,536.6891959848608,524.2525219497259,534.7077004501477,1573930
2018-04-23,527.1401977539062,532.6017695891173,523.421094995847,527.6231128697742,878050
2018-04-24,540.4480590820312,543.0718205166488,527.737535734519,527.737535734519,1420750
2018-04-25,541.1102294921875,547.4082418452332,535.8278824687707,541.9765108234781,1392980
2018-04-26,531.6458740234375,545.611031177134,529.2511716162974,541.189981343177,1617000
2018-04-27,541.204833984375,544.4658172550103,533.5127738689289,533.5127738689289,871730
2018-04-30,545.9196166992188,551.1272716111007,537.8043828230215,543.5697055702062,931480
2018-05-02,541.3692016601562,550.7390072957628,537.0975358774973,545.6608015184866,1043240
2018-05-03,537.8990478515625,544.665025067455,534.7077119949238,543.6692937602019,910650
2018-05-04,532.5220947265625,539.995063333554,529.5498512473289,537.8940847812883,566890
2018-05-07,537.8243408203125,540.6671341752076,529.743991211679,537.6948908920175,579780
2018-05-08,531.7902221679688,541.5782778543639,529.7290510860148,538.6906327773196,744720
2018-05-09,532.6664428710938,537.0974590762769,528.9424177303182,531.8200348461643,450010
2018-05-10,521.5590209960938,535.9025584919212,520.2695660741026,533.2140720242717,871630
2018-05-11,532.2631225585938,534.1848765006735,522.7688522133915,525.2482132020093,629420
2018-05-14,536.345703125,538.1927652303187,529.783807146671,532.0889275267921,708700
2018-05-15,537.446044921875,541.6081950495286,529.6444672079703,529.7291262592636,1296930
2018-05-16,529.6492919921875,534.697656174665,527.8370540209439,532.7161609261849,824530
2018-05-17,554.5476684570312,558.5007535087343,525.9453098148143,534.7077335163976,3930300
2018-05-18,570.5341186523438,579.9139515491378,544.1671724523909,555.5135504182831,5890240
2018-05-21,569.7623901367188,575.0347698407052,559.6806117044466,571.0518450279557,1630750
2018-05-22,594.6307983398438,599.4302304011254,565.7894758560719,569.0604263691747,4291380
2018-05-23,576.533447265625,593.4558970519747,574.5370010050158,592.3606168538408,1623480
2018-05-24,580.1528930664062,584.9921325471869,567.935250697076,579.5156104552558,1544930
2018-05-25,604.578125,607.127194564607,582.5027802425705,583.8968283000044,3166080
2018-05-28,598.369873046875,609.4871927435722,595.4623542464262,605.4047181318094,1513430
2018-05-29,586.271484375,602.9151557540216,584.0062326823031,598.3696410422497,1176730
2018-05-30,593.3413696289062,596.9708297521718,579.0177648115637,582.3683909923385,1979760
2018-05-31,601.6456909179688,613.0617764532653,590.548307450607,596.9408850661167,2647680
2018-06-01,585.7090454101562,604.3093598710293,582.5028197450847,604.3093598710293,1538040
2018-06-04,572.4010620117188,588.9152864912476,570.5540000110421,577.74813390378,1031830
2018-06-05,574.6315307617188,579.3164635888111,565.8342835399139,575.5277132499243,1376320
2018-06-06,588.9501953125,590.4587429433016,575.2688558372151,578.2212261279535,1231560
2018-06-07,598.8577270507812,601.42174748347,588.1835159361372,591.3648849562599,1471870
2018-06-08,599.9778442382812,602.1584980766196,590.0703062828239,597.2197100406471,1836740
2018-06-11,604.3043212890625,612.1755450204735,596.7516780680176,598.9323318819137,1481930
2018-06-12,605.26025390625,609.3875797562349,601.9494958222033,609.3875797562349,1069110
2018-06-13,604.8869018554688,608.1927374534329,598.9424144667737,605.2055432019183,937900
2018-06-14,600.2269287109375,604.4090131147624,596.5726111674852,604.4090131147624,659100
2018-06-15,595.3577270507812,600.7496514088683,590.5035365376035,599.9281608594064,2511270
2018-06-18,597.0155639648438,604.7324809919495,593.7147125087167,594.0433208312782,976770
2018-06-19,588.7958374023438,596.6172872866546,587.5810136180964,594.9494495203281,1246850
2018-06-20,592.2162475585938,594.4416927038794,588.3328706976658,591.1607746808239,1493340
2018-06-21,596.5973510742188,600.8242251191701,592.5198002431918,593.3562411846823,2296230
2018-06-22,615.0134887695312,616.3577017737301,596.5426237234996,597.3940153491358,2425970
2018-06-25,613.93310546875,626.6734711420324,611.9764666148895,617.3534402429824,2624200
2018-06-26,605.8377075195312,618.1001396234316,603.5126532991162,614.8540462020758,1649960
2018-06-27,594.9594116210938,609.2879994414243,591.4643850762503,606.3008055774028,1204210
2018-06-28,582.3036499023438,595.4473151679986,573.5462101685629,595.4473151679986,2121760
2018-06-29,579.6251831054688,590.7375794182685,578.3207774194727,584.4943241738481,1535690
2018-07-02,575.3634643554688,585.4900351921541,572.5903185053385,583.4985724874189,1136580
2018-07-03,586.0078125,587.3819265756101,573.5213029237697,575.3136679090813,1622730
2018-07-04,600.7097778320312,602.3179350587073,585.2809249868533,587.1828059532415,1922020
2018-07-05,604.4848022460938,610.9041001968426,602.094328980384,602.094328980384,1991870
2018-07-06,603.4437866210938,613.5334759065478,597.6121079214792,605.5802693604321,1680490
2018-07-09,610.0324096679688,614.046399905209,602.8561285214058,606.5762490547806,1003370
2018-07-10,617.5126953125,619.0266657425777,610.1869848761813,613.5485536563602,1299720
2018-07-11,608.99169921875,617.3333692237123,607.7466738448751,617.3333692237123,1012770
2018-07-12,623.6381225585938,626.4966956227773,609.5693374621363,610.0623625897474,2243230
2018-07-13,629.9280395507812,632.2736478055391,622.3134452226154,627.283576584734,1826840
2018-07-16,622.2984619140625,632.5325939176204,619.1261399679416,630.4807947109147,1314750
2018-07-17,632.0794067382812,634.1661007589499,618.7725908844092,620.0226011525225,1054540
2018-07-18,634.03662109375,640.4410240390705,631.9748518705912,636.4569430186096,1680660
2018-07-19,627.1839599609375,635.1620914616007,609.6091641403111,635.1620914616007,2940300
2018-07-20,663.7428588867188,675.5008693131342,617.5324851605793,629.3851491120109,9689730
2018-07-23,689.5547485351562,696.2181261657719,660.460976341932,660.460976341932,6016000
2018-07-24,680.052734375,692.0348258213158,674.4152259747409,692.0348258213158,2792820
2018-07-25,692.1842651367188,705.1823168697234,680.8196403649747,682.2738517736731,4316270
2018-07-26,700.7301025390625,705.9790875198956,692.3734786849541,693.1304637443259,2626790
2018-07-27,689.963134765625,707.1743942741564,686.6115362716355,707.0399218104565,1958000
2018-07-30,686.8406982421875,695.0877149277204,683.3745061697189,693.6285791941077,1219520
2018-07-31,694.9531860351562,698.7082018120286,682.7718778932938,689.4452256927142,1318140
2018-08-01,696.2330322265625,714.4651735804273,691.337554335122,701.16826824612,3037200
2018-08-02,687.587646484375,701.0986633187647,686.2579375938126,700.994039856018,1236080
2018-08-03,691.5517578125,695.6155371928463,685.1772043057704,693.2300493940702,1414300
2018-08-06,689.1513671875,696.7161112234359,688.0507235572754,695.7200910501358,984370
2018-08-07,696.6365356445312,699.206285167406,687.811809940395,690.540895970555,1399860
2018-08-08,702.353515625,707.1643097891283,695.2270233336211,700.998942862441,1987510
2018-08-09,704.6942749023438,709.1663959590899,697.2141533305659,702.3535909122413,1109270
2018-08-10,705.5657958984375,710.6255956567062,696.850618940989,704.4552430757626,1390360
2018-08-13,691.78076171875,704.8186915459191,690.1224101413262,700.1274150006567,918320
2018-08-14,708.4393310546875,710.2072304940981,692.7320725162201,692.7320725162201,2462530
2018-08-16,704.783935546875,717.1346115063867,701.8058445952967,706.1783882750391,2075670
2018-08-17,706.9104614257812,714.0469858670791,704.6843706189848,709.6644721781296,1209810
2018-08-20,703.5488891601562,713.1405695758264,702.1943161333594,710.0629008721812,918980
2018-08-21,708.8277587890625,710.1624526998105,698.4293047357932,707.5728243140195,1446110
2018-08-23,706.3875122070312,715.6405180358834,704.6942656983226,714.1464877268314,1374090
2018-08-24,702.259033203125,710.0628738938279,699.7291636057643,706.37758674108,1281110
2018-08-27,700.2172241210938,708.4144517169806,698.6136460320675,706.0986923665644,1367240
2018-08-28,694.3704833984375,704.5846748481874,690.8345632501007,704.5846748481874,1453210
2018-08-29,694.0816650390625,701.3974653153865,687.3037545994935,694.7241175475193,1774320
2018-08-30,690.2319946289062,696.5866080548757,687.2539041045458,694.1264674624895,1675020
2018-08-31,672.0946044921875,694.0668097895062,669.823649037103,691.238085400371,2238870
2018-09-03,662.6422729492188,681.2778332257351,659.863398409429,674.3056916576354,1962210
2018-09-04,648.2298583984375,664.7239500853545,645.4260591706196,663.3494373787576,3914490
2018-09-05,647.7169189453125,653.3045777641247,637.5525156243106,647.4131400746551,1829310
2018-09-06,652.124267578125,654.8732929788376,643.3194833037594,649.4051519628425,1556790
2018-09-07,657.3833618164062,661.287744334266,647.9111991247321,657.3733918867382,1155760
2018-09-10,632.2188110351562,655.4808423978083,628.9867304822022,655.381264698795,2387990
2018-09-11,633.6829833984375,645.3413554270613,622.7118069094153,632.5823397993144,3581400
2018-09-12,638.7427978515625,644.823542898887,629.4848065242743,632.5724450241855,1937420
2018-09-14,668.294677734375,677.1941152236319,637.6521036402714,645.3214708509073,2650420
2018-09-17,652.3883666992188,667.3286724625284,650.4013108960794,666.4571546263353,1650640
2018-09-18,650.1621704101562,660.9191766587481,646.9151347568262,654.3852864283831,2224700
2018-09-19,628.6929321289062,655.3812757193887,625.6052331083755,652.8912252797253,2077890
2018-09-21,623.478759765625,641.935043972772,534.4644358782733,633.66808814833,6819760
2018-09-24,604.3502197265625,628.1899611165173,598.3939775082242,628.05050369642,5103260
2018-09-25,616.1032104492188,622.512597723692,590.8441538741213,603.5882147528919,3454210
2018-09-26,618.7825927734375,626.3971873765712,616.3373459291997,618.2298088051941,1645880
2018-09-27,595.6002197265625,621.516688264445,593.1400786824656,619.4250698804577,2767350
2018-09-28,598.2296752929688,603.5384802260131,586.1579147747516,596.3173334424669,2547700
2018-10-01,585.8441162109375,601.5961774954256,574.8032108364296,597.6120968497605,2762520
2018-10-03,572.9606323242188,592.5324539903945,567.8311038674323,588.4487346075621,3129200
2018-10-04,560.9684448242188,570.7194587170947,550.2761239461541,563.7473187327671,2098250
2018-10-05,535.425537109375,569.8230638475186,520.2113060598942,559.1656976178974,2528810
2018-10-08,537.4075927734375,547.8110295292944,520.9583069966159,532.87072872395,2713150
2018-10-09,540.7493286132812,555.77930097424,525.4305930565188,539.0461728883046,2161600
2018-10-10,593.77734375,599.0064487185881,540.8388567511136,543.3289067361555,5146980
2018-10-11,556.9745483398438,575.2017071615783,552.8908287487128,566.2375247123068,3194630
2018-10-12,579.0413208007812,588.6678952215055,565.7494600245053,567.5821032022811,2972240
2018-10-15,561.1826171875,579.1856927979218,558.8668582779677,579.1856927979218,1749470
2018-10-16,563.4585571289062,572.7065770822298,554.339963860747,563.4485872010683,2195860
2018-10-17,535.8837890625,571.7155912159748,532.8708036594886,567.7315104409505,3018250
2018-10-19,539.7633666992188,549.2106665450382,521.9196828356829,534.8629632754003,2966400
2018-10-22,522.9305419921875,548.9067048954355,518.577938605417,544.8230464147108,2112100
2018-10-23,514.7184448242188,526.3967592049079,503.4882909708248,522.9106879518952,4562510
2018-10-24,536.9993896484375,542.6816417482564,493.52806375201624,517.9305613542855,11055500
2018-10-25,534.6288452148438,544.0312791782045,523.6327423131355,527.7911756550664,3454210
2018-10-26,537.771240234375,541.23743206809,523.7074390663845,535.8588983624214,2905360
2018-10-29,538.8319091796875,546.9195873777812,533.189477303411,539.3448741117784,2917080
2018-10-30,536.969482421875,543.3290818602355,530.1367976507676,539.8430107575575,2910370
2018-10-31,538.3140869140625,541.4365591916554,522.0141651916244,539.1457248783066,3551310
2018-11-01,536.5064086914062,544.5243606918974,534.9276944842143,539.8430526890934,1936180
2018-11-02,550.3309936523438,560.141766939288,537.3528230732828,537.3528230732828,4141850
2018-11-05,554.7434692382812,563.0801540013467,547.9754677603685,553.7872678977074,2031870
2018-11-06,556.8748779296875,566.7155625179759,554.2802647229456,557.6518028777232,2083500
2018-11-07,560.5801391601562,562.2534459291443,557.7713546861307,562.2534459291443,176240
2018-11-09,567.8709716796875,570.2215647626305,557.3380459013865,565.7394738605661,2360680
2018-11-12,552.7015380859375,575.9984649708268,549.4545633249666,568.229519630386,1656170
2018-11-13,554.9525756835938,558.7026064474976,551.4017611245552,551.8947862760524,1485880
2018-11-14,555.5452270507812,562.5522024799199,553.7872367898965,558.3689054392443,1375230
2018-11-15,557.4824829101562,566.2374785025859,555.6697188677256,555.6697188677256,1944500
2018-11-16,567.2982177734375,570.7195445485966,559.0362476713035,561.7553632206082,1411400
2018-11-19,570.316162109375,574.2056502038716,562.7514178060494,569.7235592655933,983620
2018-11-20,566.591064453125,574.1757487238672,562.5522097442723,569.2255573962567,1222960
2018-11-21,582.8660888671875,584.9228731552612,566.7355333086144,566.7355333086144,2140250
2018-11-22,570.0274047851562,590.266545083556,567.7315852311781,584.6639307556168,1986440
2018-11-26,571.5064086914062,580.1618266613781,566.1876948668921,570.7395144761102,2036760
2018-11-27,585.69482421875,588.6480514284024,570.7196843798216,571.7157047714094,1825400
2018-11-28,579.5293579101562,589.3551484829844,576.9496995742921,588.6479522389087,1289490
2018-11-29,598.6829223632812,602.5922899370665,581.9746572799422,582.6718836581553,2639560
2018-11-30,597.0493774414062,607.5723334850129,593.6280504214225,599.5742619475451,3583070
2018-12-03,597.5423583984375,606.4119469714789,595.1270217048425,603.5882079747057,1597690
2018-12-04,604.604248046875,606.5763487419732,598.0454326370893,599.6042068024103,1662850
2018-12-05,587.9009399414062,604.5842787707473,581.5513109839706,604.5842787707473,1595610
2018-12-06,564.4944458007812,588.6479355417057,560.9137823782306,587.8511315437537,1928950
2018-12-07,582.6619262695312,585.2167208614816,564.5941027955237,568.5682749992015,2200390
2018-12-10,567.1290283203125,576.4965681278137,558.9666342328331,558.9666342328331,2458450
2018-12-11,580.39599609375,584.6639163323541,560.0721726838908,562.0542433549177,2315800
2018-12-12,596.5164794921875,599.9626702310128,582.7713530801003,582.7713530801003,1567020
2018-12-13,613.4887084960938,620.3213927461032,599.6141538606557,602.5922446487714,2725480
2018-12-14,615.3064575195312,618.3492920545249,607.7018332682094,615.5305377563999,1687090
2018-12-17,606.3572998046875,617.4330412689513,602.5923136892872,615.0475530695018,1539500
2018-12-18,612.8163452148438,614.0464154959743,605.2515406496049,606.5762644558773,1514110
2018-12-19,637.9957275390625,639.9429640077948,616.3472435724557,616.5364898378599,3555770
2018-12-20,637.9459228515625,639.5445157431558,627.7068672935919,630.485741634466,1876010
2018-12-21,633.4788208007812,647.4131337527931,627.1042671669311,642.1342388206432,3098510
2018-12-24,624.9478759765625,636.8503290353995,623.508619551697,633.5435348123561,1322470
2018-12-26,641.342529296875,643.927172991941,612.5525311524265,624.7039918963411,2726100
2018-12-27,637.9559326171875,652.3932407689931,632.4728364707032,647.4131396944207,2977170
2018-12-28,647.7019653320312,650.4012020065793,638.7079343802653,639.8434120183186,1998070
2018-12-31,645.1173706054688,656.4968902881179,641.0585757553346,652.1940753297168,2048880
2019-01-01,649.5994262695312,650.4012152658685,639.2457764443591,648.9071849092088,1418210
2019-01-02,635.8591918945312,650.0026272513476,633.4687195792246,644.9229495716162,2212740
2019-01-03,635.7896728515625,645.4112024692931,630.6451889515516,641.3375133723498,2158450
2019-01-04,638.4937744140625,643.4290716994699,633.1700754391824,639.4400057956001,1563230
2019-01-07,638.1652221679688,647.4132446135857,635.9590102858068,642.4829315923073,1032170
2019-01-08,641.7408447265625,643.4291064107447,632.9708933808487,640.4410455450602,1112490
2019-01-09,637.3631591796875,645.0225557445964,633.9667575805122,643.4289479921616,1597690
2019-01-10,634.6591186523438,640.441008800645,631.2477615181932,639.9429986849369,1647150
2019-01-11,634.629150390625,636.446899303923,626.5962455327119,632.970798743327,1224320
2019-01-14,634.3453979492188,636.3474084298144,624.0067026257345,636.3474084298144,1524090
2019-01-15,648.3792724609375,649.8036349145177,635.4609190087059,635.9589291333208,1333360
2019-01-16,643.9121704101562,650.8992674194983,641.4768934764618,647.4131963621635,1196800
2019-01-17,633.3692626953125,645.9190927636438,631.0833525904413,644.026630087067,1390430
2019-01-18,622.502685546875,635.4559337454023,620.5206149785993,634.076435974107,1916260
2019-01-21,635.9141235351562,637.452957794251,618.6381207467148,622.8961316176317,1771760
2019-01-22,640.9937744140625,642.1392219643539,632.4728288728998,635.162095579313,1737750
2019-01-23,646.7308349609375,650.2019506409515,637.9509147870958,640.4260103035077,1874450
2019-01-24,638.1799926757812,649.1561545507025,635.6650781879682,648.9071495048448,1089930
2019-01-25,629.6392211914062,645.4111632154593,626.1929691816871,645.4111632154593,925250
2019-01-28,602.6817626953125,632.7516086349623,592.5123767088729,630.9786638719078,2992860
2019-01-29,620.8243408203125,626.9946930293083,592.731575082214,599.1061284465909,5789580
2019-01-30,622.233642578125,634.3452809382458,617.5672908796633,626.9946477972748,3387880
2019-01-31,606.7654418945312,624.3950085080623,602.592115555113,621.9348074325926,3776320
2019-02-01,607.2684936523438,622.5125742761488,603.090181958733,609.9527751676917,3119840
2019-02-04,598.5284423828125,609.7635794344963,597.1788544634816,608.6530266367333,1281080
2019-02-05,599.3153076171875,603.9866445623189,594.5244531171813,599.5991466119535,1753040
2019-02-06,618.3941040039062,620.6201946768875,602.4727348665299,603.4886949770456,2289700
2019-02-07,622.8212890625,626.3920427927214,617.5324250793966,619.5194801967166,1348790
2019-02-08,615.8094482421875,626.9399621754342,612.6470353720438,622.9708361413764,1384560
2019-02-11,607.1988525390625,619.873186062735,605.2914956215466,615.9389546595809,1135180
2019-02-12,607.2138061523438,614.9429330999601,604.0962578738502,609.0663892465836,1488690
2019-02-14,601.157958984375,611.601216356339,600.1021799873735,609.4647943322921,1983370
2019-02-15,600.14697265625,605.580279853409,583.1698254180444,602.5922192620271,2778710
2019-02-18,586.1728515625,605.884069736903,583.7026800899736,604.4846929464595,2452220
2019-02-19,594.5991821289062,600.6002286307165,583.9019340521943,586.3073619345984,2130670
2019-02-20,597.4577026367188,602.0942058087926,590.8590688675157,598.3093412392465,1617130
2019-02-21,614.454833984375,619.5246038739928,595.8193337620236,601.5962391316585,2301210
2019-02-22,617.0992431640625,624.7735956468085,612.2486297672651,614.5444489793224,2110120
2019-02-25,630.8343505859375,636.5863915238122,615.5404799589242,619.5245607353573,2321700
2019-02-26,642.697021484375,647.2388713946494,621.6311688708628,624.0066868949006,5645230
2019-02-27,639.4299926757812,648.3792192910975,635.465851862443,644.9230584899701,2985390
2019-02-28,643.673095703125,645.4211160892468,638.7577382460798,645.221899882621,1589310
2019-03-01,641.4967651367188,651.3972083186959,640.2467549271005,645.4210871414601,2220760
2019-03-05,651.770751953125,662.3534671233285,636.0585081717574,641.4370418457497,2297930
2019-03-06,658.2847900390625,659.8635042325153,649.240968725065,658.3694736568946,2369210
2019-03-07,657.2239379882812,664.2060496711821,653.8872944659422,655.3912947709866,1990320
2019-03-08,659.0616455078125,661.3574649547916,652.3932824478742,654.385323004967,1448670
2019-03-11,675.6603393554688,678.4990337834512,658.5935212012384,659.0168784771024,2684600
2019-03-12,683.3595581054688,686.3575279838541,676.4770241541049,683.0706733267587,2623730
2019-03-13,687.07470703125,690.3416218910172,676.5617204210763,682.2738820551492,2212330
2019-03-14,690.4511108398438,692.7319749685518,683.035733949317,687.2538644547818,1812360
2019-03-15,690.0377197265625,697.6124938332363,687.2538606029045,689.2459007785651,2194560
2019-03-18,693.6284790039062,696.2181071599915,685.2668701231937,694.2260667961575,1360100
2019-03-19,694.788818359375,700.7997733890055,692.2340241694195,697.2141250627247,1608370
2019-03-20,692.5826416015625,697.084672488104,687.9710630800212,696.2181397526502,1195250
2019-03-22,693.2350463867188,705.1823038606389,691.1284733837253,694.2260816255159,1556240
2019-03-25,688.9720458984375,694.146378112758,685.3614726872183,691.5069610681812,1382800
2019-03-26,696.00390625,703.1902183032018,689.2459363538466,693.927243166722,2215970
2019-03-27,695.2569580078125,705.082748691835,692.3685358015874,697.214164518229,4448930
2019-03-28,692.4880981445312,699.4751951351833,683.0209203350557,696.6166217391957,3282400
2019-04-01,713.0310668945312,715.1426252142344,701.1983400429261,706.178441889822,3114820
2019-04-02,725.0629272460938,728.190384646973,713.14053317304,716.8756091320258,2646660
2019-04-03,737.2094116210938,742.0351006456826,725.6157210960326,726.9952188958055,4267380
2019-04-04,728.9423828125,739.2462439418507,725.3019603997225,738.2054197992866,2021730
2019-04-05,736.8359375,739.0918773104086,729.126689199659,732.0749312160267,1701430
2019-04-08,731.801025390625,741.0391384292093,728.0908739136452,740.9196208509078,1659750
2019-04-09,734.9832153320312,737.0549543878159,724.3059078757738,731.0788331360228,1598660
2019-04-10,739.3756713867188,741.5370181383755,731.5768164172422,734.455329304789,1654870
2019-04-11,753.2651977539062,755.9793284700515,736.6764522156973,738.9971962933045,2766070
2019-04-12,750.6854858398438,756.4723607997134,747.6127416219385,754.1865114508668,1807070
2019-04-15,747.926513671875,754.9833389295335,745.0530463563475,754.9833389295335,1012400
2019-04-16,754.878662109375,758.967305106596,746.616631730222,751.7959483329672,1281210
2019-04-18,754.1018676757812,756.4773857171372,743.5291223671402,756.2781695071484,1626900
2019-04-22,744.301025390625,754.9833178065422,742.5678991628887,754.9833178065422,1270230
2019-04-23,746.5220947265625,750.3019742111355,745.5210896025941,745.8198834920819,1100140
2019-04-24,760.7551879882812,764.1964546036656,744.579830595114,746.0190869966054,1338870
2019-04-25,763.897705078125,770.5162179729851,759.465403026602,763.3000564823615,2885100
2019-04-26,769.0521240234375,771.6367673532311,759.4654292606392,765.4515206003258,1093060
2019-04-30,749.052001953125,769.9236224795591,741.9503729910655,769.0521047956398,2533990
2019-05-02,754.8687744140625,759.4653978823546,747.0998290597483,749.2064020431803,1035510
2019-05-03,759.3857421875,763.9375620262949,755.9793699534139,756.4773800785479,804220
2019-05-06,763.7433471679688,766.9106843367036,752.752290219047,754.9833659007531,1188240
2019-05-07,753.185546875,766.8110967198916,749.5052447237778,765.341991155108,1035530
2019-05-08,731.651611328125,752.094891155339,728.3198918704974,751.9953134439697,2303830
2019-05-09,743.7581176757812,746.4374143488674,724.9034632646683,727.5927298661547,2381930
2019-05-10,735.431396484375,749.8986135428204,732.1743911262189,746.5171056653738,1819240
2019-05-13,731.81103515625,738.6686453478105,727.418611933928,738.6686453478105,1118690
2019-05-14,733.638671875,738.8478385351584,719.7292217846231,729.1018067517509,2696370
2019-05-15,742.5031127929688,750.501183785855,730.5957356580639,736.9553340490205,2440310
2019-05-16,758.7134399414062,763.265259775788,739.2462411906231,745.3966540716145,3557880
2019-05-17,796.1138916015625,799.7792383794376,755.814956108781,764.4454486371772,10124150
2019-05-20,820.22265625,826.099199901296,802.3938698846786,802.3938698846786,3430890
2019-05-21,815.2824096679688,830.1828947877627,806.7814034147441,820.6211245156267,3791150
2019-05-22,818.8831176757812,824.0076008978774,806.9756776948194,816.1390768230739,2152330
2019-05-23,798.140869140625,826.9955446211994,794.824104914079,824.2067002711785,3114710
2019-05-24,811.92578125,815.2425455861878,796.6468652028935,798.110985737961,2245940
2019-05-27,818.036376953125,821.7166789496725,807.9716121147825,811.7564767805857,1698590
2019-05-28,809.6199951171875,820.9696649585788,803.7385273399182,816.7365790306759,2634090
2019-05-29,809.9387817382812,812.7525511971387,802.3092931165663,809.605153850408,1060400
2019-05-30,819.4159545898438,822.7127793976283,808.7684950010583,811.7565559431805,2114110
2019-05-31,815.5363159179688,824.6051208805789,812.0203963391291,818.628999876373,2521990
2019-06-03,831.4876098632812,833.1708864109718,816.1389655304679,816.1389655304679,1709660
2019-06-04,827.9767456054688,835.4618530870265,825.9349160570137,831.1739927975937,1323330
2019-06-06,809.2864379882812,832.9518901710873,806.9856335145226,829.5853366754917,1766360
2019-06-07,816.9705810546875,821.2186216257043,807.1150029137468,812.7524502687382,1590280
2019-06-10,827.1399536132812,832.672838203644,819.3958726970611,822.7126367897248,1863620
2019-06-11,823.7734375,830.5911664923467,820.8799696796221,827.692774499907,1655780
2019-06-12,821.2783813476562,825.5612558805954,815.3321701680301,824.2066830520628,1253710
2019-06-13,825.9348754882812,828.6888861966117,818.0314568719305,820.4667337904993,1151530
2019-06-14,820.2376098632812,828.1908167666854,816.7365841836224,825.4019722962157,1013310
2019-06-17,808.8978881835938,821.1190754653416,806.2435162414007,821.1190754653416,1040580
2019-06-18,821.3432006835938,824.206758909412,809.7644652487637,811.1589179191062,1347110
2019-06-19,822.4140014648438,827.692897073528,815.8701405791917,825.2028462399735,1303340
2019-06-20,838.434814453125,844.0275187891597,814.4457074970943,814.4457074970943,1435960
2019-06-21,835.9049682617188,842.5335118759804,833.0214703279019,834.86414417408,2309150
2019-06-24,832.1400146484375,839.8442160414997,830.4816021651839,835.9049392635542,1079270
2019-06-25,831.2933349609375,836.6220791567052,829.3859782882753,831.6768124395401,1088730
2019-06-26,837.7028198242188,840.4368905494391,827.1051497649676,830.6509794263259,1178840
2019-06-27,841.029541015625,844.5255817680409,836.6769374510519,837.1749475686667,1570720
2019-06-28,849.0723266601562,852.3790599937678,839.0274417663695,841.029451953936,2242780
2019-07-01,848.7138671875,854.0874162159312,846.9210427871304,851.3981492192493,1027350
2019-07-02,844.1121215820312,851.4976498956262,838.8481818419264,851.4976498956262,1523060
2019-07-03,839.6898803710938,847.6132385357586,837.2147846230893,847.5136608269795,1616610
2019-07-04,850.3572998046875,852.2048979722827,838.6490765390313,838.6490765390313,1449460
2019-07-05,840.1778564453125,854.5853151088779,837.7924294510736,851.0992444761494,1594490
2019-07-08,756.2830810546875,846.60716692348,743.3348189616593,846.60716692348,8262060
2019-07-09,782.4136962890625,790.2772953247626,738.9424354283927,755.9793417194193,12678160
2019-07-10,762.7722778320312,787.5731469694467,757.2393923287513,778.8779091539134,5062770
2019-07-11,761.7758178710938,777.0498100428026,757.3221222634724,766.488512203306,3731190
2019-07-12,769.7467041015625,775.1468800620936,760.7098424866844,766.1897431201837,3505710
2019-07-15,768.625732421875,775.1567696294629,764.3962507995975,772.2374847225263,1786630
2019-07-16,785.2896118164062,787.1129410997603,767.3902990523773,768.2819869182287,1911880
2019-07-17,782.58447265625,788.0095805143945,779.191887468435,785.3194358425409,1682840
2019-07-18,781.8970336914062,787.899978402412,778.1457785634789,782.9979759284779,1344660
2019-07-19,753.8699340820312,787.1129940303507,747.8569545601966,787.1129940303507,4068510
2019-07-22,713.62744140625,751.6430312107616,705.492302705786,751.3440789263177,6934770
2019-07-23,714.41455078125,722.8436553905958,708.8998053354381,713.8615863401762,3249220
2019-07-24,703.947998046875,719.6603248444426,694.0592205521249,717.8669151508303,4417630
2019-07-25,675.7512817382812,714.3796101014028,673.5294510858414,704.4061834996197,10957450
2019-07-26,720.6566772460938,727.1329228995644,660.7464183590961,675.0240661886746,12828980
2019-07-29,709.482666015625,725.7081247825678,706.4089184344534,720.855927344608,4190890
2019-07-30,705.2183227539062,723.1226830981262,703.0213638883511,712.387035958663,3425040
2019-07-31,707.1910400390625,709.7168098509048,686.9801990125303,706.2096543496632,3561180
2019-08-01,705.6118774414062,715.3561045630112,694.5075876644844,704.9144234466005,3657970
2019-08-02,703.78857421875,709.8961770703021,687.6776843223121,692.9583033717826,4698110
2019-08-05,696.1416015625,700.9290342216004,691.6630335648865,694.9509614350624,2960690
2019-08-06,707.041748046875,710.1951601054516,692.4602198739793,692.4602198739793,3499450
2019-08-07,712.6310424804688,716.3723242264801,705.0588419595194,708.8997339181371,3958530
2019-08-08,726.3807373046875,734.9343858949055,710.1951084239688,717.373795265928,2437180
2019-08-09,747.65771484375,756.2262621319976,729.823105417244,732.8121420264614,4164120
2019-08-13,706.3241577148438,751.7425834036958,704.0226023373043,748.2553746006303,4065280
2019-08-14,738.81005859375,742.2673479331734,710.3992549899157,717.1694049383548,5465780
2019-08-16,741.2212524414062,754.7316946013906,725.6733008197543,736.398913602404,4591640
2019-08-19,734.9691162109375,750.3328062436776,731.372323869694,743.8017693675993,3001280
2019-08-20,720.9705200195312,742.2773776985736,718.0661948568659,739.2883412783108,4278810
2019-08-21,711.9735717773438,730.7198148125358,709.1339506120208,721.4537530028647,3692630
2019-08-22,674.26171875,715.9986377606892,671.536728962539,713.7817938037131,7101960
2019-08-23,685.9440307617188,693.7553452668228,655.6949357845732,674.8247811548658,6139540
2019-08-26,716.4520263671875,719.7249940620569,688.4298135915827,712.2873101303444,5470430
2019-08-27,710.0457153320312,721.5534948361119,706.9072023708686,719.4412470315581,6833270
2019-08-28,701.0237426757812,711.3907476773337,695.7780293880521,708.102819409314,3926260
2019-08-29,695.4342041015625,702.9217551814978,690.5869929399923,699.9327186605276,3127640
2019-08-30,709.3530883789062,712.0432330534211,693.9545535832086,697.1428709451486,4724090
2019-09-03,700.0621948242188,706.8024862576782,697.4418014765604,702.4235286299644,2374460
2019-09-04,699.743408203125,705.1137250624514,692.4601250042692,700.4308890330954,3033580
2019-09-05,697.54638671875,706.9020847525909,692.8187325935413,702.4235169809215,2810480
2019-09-06,714.9675903320312,716.1681428684859,699.7832339099374,699.7832339099374,3021260
2019-09-09,729.7184448242188,733.05119116243,711.101732535913,713.3833417225298,3978400
2019-09-11,732.7323608398438,739.18872077,726.834012746656,732.3089261819523,3480660
2019-09-12,726.5301513671875,733.1010206340874,710.0605313526022,732.8121023365359,2508030
2019-09-13,736.1747436523438,737.2706993214372,722.948233491625,727.7257537044379,2137560
2019-09-16,725.3644409179688,735.8011354747777,722.6393898185459,728.8117573519713,2519900
2019-09-17,712.436767578125,729.8230070064315,708.2322191712531,726.4354083146003,2501050
2019-09-18,722.8536376953125,732.1146519732326,716.9701884024535,719.4610521209335,3073940
2019-09-19,716.2379150390625,722.2508943283162,710.9473227416274,721.9519420215748,2223700
2019-09-20,766.5532836914062,777.1494269542372,707.6045288584444,720.3577380614277,9650270
2019-09-23,826.7425537109375,836.2227342625756,780.2380821043168,782.3304439951022,8063210
2019-09-24,821.0584716796875,834.4144519435721,812.7240510158988,826.7675121308774,3767340
2019-09-25,822.5430297851562,834.4344114913386,813.0976934314937,819.0956522899671,4748530
2019-09-26,843.3666381835938,846.7741227838256,826.4685965238531,826.9667692764292,5815770
2019-09-27,851.91015625,854.5654556417863,837.3286925072568,844.900893168361,3842780
2019-09-30,848.1889038085938,863.7119835762954,837.9614027548115,852.8717397758584,4627170
2019-10-01,842.7440185546875,858.2471539541275,825.5620432196861,853.9678057357245,3528090
2019-10-03,841.5582275390625,845.399119813878,829.0042383002938,840.2181112778195,2077590
2019-10-04,827.0414428710938,851.0135114235819,822.0547291416294,848.2885212743502,2714160
2019-10-07,818.9959106445312,832.4465734105911,816.0068744742957,826.46850107012,2769900
2019-10-09,828.7850341796875,831.9384455150961,814.6119842121948,824.8743906015152,3298370
2019-10-10,817.1876220703125,831.4503101709782,814.5124368661171,824.9740644955901,2000050
2019-10-11,813.95947265625,829.8412221804223,807.5380186833943,819.3945543251167,2702600
2019-10-14,805.2713012695312,822.3934959113016,802.2573926797124,816.5051208816702,1903720
2019-10-15,800.6483154296875,810.0288863603099,798.3716319218554,810.0288863603099,2171140
2019-10-16,810.457275390625,822.9813450454884,803.5575952837472,805.6000913021302,4531540
2019-10-17,828.6256103515625,832.685730191225,807.2390894880531,812.4200979502673,6224660
2019-10-18,823.5741577148438,840.6764666921362,819.9923249263896,828.5608716761138,3529090
2019-10-22,797.9581298828125,836.2327181850197,794.6104237890861,826.9667177271238,5033680
2019-10-23,804.1454467773438,824.6352945356749,799.168705841067,814.3131696909603,5709890
2019-10-24,806.1431884765625,817.0033796776082,800.5636775255588,810.0239739899058,3365150
2019-10-25,794.3016967773438,813.0180224109336,782.3305896098057,811.1249414162601,3548440
2019-10-27,797.2258911132812,805.5901703905433,792.5280952352811,795.0837239232327,417550
2019-10-29,812.111328125,814.4477292701299,798.3716839520156,808.3351395381186,3899230
2019-10-30,805.2862548828125,816.908663738106,803.1789939386223,816.6894361118851,2264060
2019-10-31,810.4622192382812,821.1829054883781,807.0397752166058,809.0324660196097,4232870
2019-11-01,835.4107666015625,839.8196440772081,808.0860034979864,813.8149901079948,6564390
2019-11-04,867.4780883789062,871.8022543176454,841.9368242731463,844.9009276129866,5528120
2019-11-05,881.34228515625,885.526948192337,862.3768155347469,876.7839925778711,5984200
2019-11-06,874.078857421875,884.2565525559405,868.917795488634,876.7839619709608,3203030
2019-11-07,880.06201171875,882.7322104126229,873.0029426353103,876.5847755868489,2133830
2019-11-08,878.6621704101562,891.7292320527014,871.8023218392332,876.2858766372635,2949040
2019-11-11,887.0763549804688,889.2384078073557,874.2932244828622,876.6844781396238,1749780
2019-11-13,894.5538330078125,899.4010438596946,882.3186817738675,885.5518178725172,3606730
2019-11-14,902.873291015625,905.7776160837698,886.747442485604,894.7132194213915,3486340
2019-11-15,902.4747924804688,910.6597976157082,900.0586667772243,903.7053254045118,2959190
2019-11-18,907.097900390625,909.2649398357527,898.250346893456,903.2370613197043,2117600
2019-11-19,911.9351806640625,915.5419466761335,903.3167673650785,903.6854103521831,2376530
2019-11-20,904.60693359375,915.1432989256185,902.6889807584217,910.1615716587398,2439930
2019-11-21,902.2008056640625,908.3681866200662,899.899250036881,905.1798689204467,1733280
2019-11-22,900.6265869140625,904.6817204253157,894.8178755804184,902.6690830411483,1557720
2019-11-25,914.14697265625,918.6305272905314,898.2253914370524,901.7922644502786,1484370
2019-11-26,908.796630859375,918.1323833815858,905.6382326341112,913.6488286065264,2950940
2019-11-27,919.4724731445312,922.6458920775881,908.7966647094964,910.7594362387649,1473510
2019-11-28,920.6331787109375,925.0818271374114,915.6464648160348,922.0679186065796,1646350
2019-11-29,907.6956787109375,920.2047891005052,906.2061470612028,919.6268916861413,1488770
2019-12-02,891.559814453125,907.6707033233646,886.7474489108612,907.6707033233646,3207500
2019-12-03,905.6531372070312,909.394419468575,889.3878453775948,894.2200967846816,1808800
2019-12-04,899.7249145507812,905.4787732946093,892.2323769718097,903.575780157323,2164590
2019-12-05,893.2735595703125,899.7249332690741,890.2397045036454,898.2054820334159,1192460
2019-12-06,882.0745849609375,900.2479161783036,879.200118617352,897.9065287034638,1670270
2019-12-09,889.6369018554688,896.1878247252897,878.8813086330321,886.4186646084876,1498330
2019-12-10,889.45751953125,896.0134899041275,884.6551877685062,887.7438344726946,1439350
2019-12-11,904.592041015625,906.6744299251969,890.2397153158619,891.729247014342,2258810
2019-12-12,913.5741577148438,915.0438039308966,904.8013421906163,906.6744767438029,1919850
2019-12-13,917.6640014648438,924.1003536082569,910.8739053643422,916.6377365482505,2153570
2019-12-16,925.4156494140625,926.6013029761613,911.6561206700941,921.6195755408055,1970750
2019-12-17,932.7537841796875,935.5485261531933,922.7554833312856,924.7880063632608,2209980
2019-12-18,932.8384399414062,938.6570635591074,929.256546275866,933.0775531295169,2284240
2019-12-19,923.68701171875,932.4598265026756,922.2771439239161,931.583037602317,1358430
2019-12-20,924.6135864257812,929.8892186830028,922.6159088855264,925.6049453074017,1676700
2019-12-23,927.0048828125,933.5757523277072,922.6906896831055,924.7829909504602,1697040
2019-12-24,926.0880737304688,929.3809879238593,921.8486192608011,925.6098474064955,1001600
2019-12-26,931.593017578125,935.7677076640929,925.6049713810195,929.0921806381062,1650070
2019-12-27,940.8639526367188,943.0409650045887,931.3886977116495,932.579337817533,1334070
2019-12-30,940.470458984375,944.7348470577036,936.8188744963372,940.9487461927022,1249650
2019-12-31,935.9022216796875,941.0433376998617,934.4724683203669,938.7965737334862,1167320
2020-01-01,934.4175415039062,939.7978310983221,931.7772626273916,938.5573859150265,636680
2020-01-02,947.0861206054688,949.6118295427893,934.4175615572558,934.4225481494321,1578910
2020-01-03,931.1695556640625,946.9865400460351,928.9925432383035,943.0409900810731,1824790
2020-01-06,900.9654541015625,930.4871790594606,898.9030114145595,930.4871790594606,2442890
2020-01-07,906.240966796875,923.1140748419389,903.1921521014407,909.1652383089793,2426760
2020-01-08,911.207763671875,913.3349710415318,892.8849553559132,893.8215225571735,2697180
2020-01-09,936.0914916992188,946.5182128729598,917.534557525197,946.5182128729598,2141970
2020-01-10,933.7998657226562,940.0369981410583,930.4173141791441,934.0888448308448,1393930
2020-01-13,942.0695190429688,943.3398229547113,933.077477384023,936.5447399543668,1507130
2020-01-14,951.9931030273438,954.4789800218163,937.0928008369319,941.1478732412917,1628990
2020-01-15,955.4105834960938,958.3847209070714,946.6875741414932,950.4986076828791,1372300
2020-01-16,958.698486328125,960.476936055096,953.0093323767721,955.4952092083372,1357820
2020-01-17,967.94970703125,970.4704904761194,956.591343375315,957.886641246967,2841290
2020-01-20,953.7766723632812,972.8666255766186,951.509962003301,968.9460084274452,1841980
2020-01-21,949.9456176757812,958.9824780390138,947.3451706938728,954.8924995016386,1745070
2020-01-22,951.2609252929688,956.4917394933229,946.0301110926147,955.4953939313507,1395250
2020-01-23,949.9356689453125,956.0930765744523,944.9489550661709,951.2608254310126,1812800
2020-01-24,959.8543090820312,961.4733704571534,944.545470794274,948.4411547918588,1239780
2020-01-27,952.2671508789062,961.3637898347446,950.0154003992037,955.4953004539449,1131280
2020-01-28,959.6102294921875,967.4514635750418,949.5172448887897,952.2671681506181,1904690
2020-01-29,985.80908203125,989.2714189478736,961.3737464235056,961.3737464235056,5019130
2020-01-30,960.442138671875,991.3636919960569,956.8253999356049,988.7732182312583,4128250
2020-01-31,940.6895751953125,967.2521172155085,937.561035995705,967.2521172155085,3295410
2020-02-03,905.29443359375,920.1250457117968,885.2529541038781,892.2273724254619,5025510
2020-02-04,950.00537109375,958.97247974451,912.7819213339429,914.6450823775219,4636970
2020-02-05,955.6348266601562,964.8609956157784,942.313692340738,950.513596253154,3245400
2020-02-06,958.4544067382812,967.3518251529139,952.5062535705412,956.4916353846439,2713430
2020-02-07,958.8131713867188,963.8297441661421,952.6108842308852,957.4880148590568,1426260
2020-02-10,959.1818237304688,962.2654838590379,949.6168704559904,956.9898514709777,1435280
2020-02-11,969.603515625,977.4148907446464,960.8257146044155,960.8257146044155,1955790
2020-02-12,973.61376953125,980.4984894332289,964.985445193124,970.2411306491098,1885280
2020-02-13,968.1688232421875,975.9204204473936,965.3591824376332,972.2339299228948,1366300
2020-02-14,965.508544921875,975.9203670234425,961.7772360813782,969.942294331109,1392370
2020-02-17,949.4027099609375,974.949023672654,947.9779431656818,966.4352074248674,1754010
2020-02-18,949.4674072265625,952.9994348137948,938.1588498998271,949.2183208644595,2663840
2020-02-19,972.2987060546875,974.4259134586879,954.4990031630092,954.4990031630092,2211320
2020-02-20,967.4215698242188,979.1635357042647,965.8324279269432,972.2339356607757,1670200
2020-02-24,943.2302856445312,964.4624049575485,941.377097684455,964.4624049575485,1993290
2020-02-25,949.01904296875,951.5099065985893,931.6925809646842,946.5281793389108,2220180
2020-02-26,935.26953125,946.0200772823845,932.5793862426486,942.0446684748123,1755170
2020-02-27,937.36181640625,946.0001146995357,923.2934230788397,935.0702339622632,2075830
2020-02-28,901.767333984375,925.2611757760767,879.2798107865598,923.6620000410375,5378520
2020-03-02,888.1921997070312,926.6013062050457,877.5810959079066,926.6013062050457,3090310
2020-03-03,893.5904541015625,908.8430835422689,865.3132625777234,897.2142123501741,5507290
2020-03-04,877.24609375,903.8534794147555,856.665040078523,897.2141216866144,4402510
2020-03-05,885.2413330078125,894.2234534630556,873.3931117401879,884.2544071591196,3198530
2020-03-06,857.656982421875,859.8302271727758,837.3998734204425,854.3472518110943,4086990
2020-03-09,818.1696166992188,842.3844081361465,813.4741740107639,841.2878373871238,3705070
2020-03-11,822.8451538085938,837.110857459936,810.2891076232703,815.4680347789462,3723450
2020-03-12,741.5025634765625,795.724215235391,737.7093490576171,787.5545753452939,6191940
2020-03-13,771.8035278320312,785.9496060696196,650.4054498641999,677.8951054646016,5956730
2020-03-16,747.2398071289062,754.3078874924199,717.7713096819252,742.6939246014365,5622460
2020-03-17,699.577880859375,749.866746301217,693.526661962791,747.7781992918833,4476050
2020-03-18,629.0667724609375,717.7713260323029,623.803086863844,712.7868029348564,6444600
2020-03-19,576.7590942382812,618.6640095460099,542.5802497580361,584.6844972915286,8166380
2020-03-20,621.3756103515625,637.2164389454127,568.2356182964562,570.7478373428754,6574680
2020-03-23,460.67462158203125,587.21667699566,443.5228605131372,562.2542071502286,6879880
2020-03-24,448.3827209472656,506.42749226212896,414.7371936562285,488.4832110402425,15587800
2020-03-25,481.53485107421875,490.47708698681765,438.643034663704,443.62256851449973,7972700
2020-03-26,513.1317138671875,553.760567130772,481.0264134859796,495.9600558693003,10191230
2020-03-27,487.5461730957031,564.2480173183793,466.05291183099354,546.0046748640805,12917940
2020-03-30,464.67218017578125,476.48051643770094,454.09004753020497,468.5451643011994,7509110
2020-03-31,457.6988220214844,486.4445568236033,441.62872519582646,479.5110989146558,11561100
2020-04-01,448.7965087890625,465.3251745725076,444.61947585336213,454.5885223971595,7577660
2020-04-03,449.67877197265625,463.1619011235065,441.62875484766545,454.58851514793554,7223110
2020-04-07,471.0274353027344,480.38838391270315,431.56497601906347,460.56991599317735,11307140
2020-04-08,459.4234619140625,493.4677457645065,452.3753395366468,456.08382563083177,11130550
2020-04-09,480.532958984375,483.2993633101382,464.75696111414936,469.0436389501864,8642210
2020-04-13,447.7497253417969,482.90055917749544,445.55153376644967,482.90055917749544,8916950
2020-04-15,458.4864501953125,464.98126858032646,446.6133114130008,453.69134095975,9830710
2020-04-16,468.50531005859375,474.52662278211665,449.48438234669175,455.5854340576204,7473540
2020-04-17,498.4223937988281,512.0101779337765,484.00217241870547,486.09068877145637,13522230
2020-04-20,486.71380615234375,507.42449533405625,470.5838953114458,507.0057819713811,9031520
2020-04-21,458.0826721191406,473.4300081213375,456.08387344541364,473.4300081213375,6709420
2020-04-22,476.0967102050781,480.07434968742365,447.111697783743,457.08074344224343,7921490
2020-04-23,471.49603271484375,484.29628525790383,469.0486450919915,478.51425023678934,6918170
2020-04-24,437.6211853027344,466.0528930903875,435.1488509817201,466.0528930903875,10218670
2020-04-27,460.3207092285156,465.5544584942432,427.47268976294146,441.64867470532243,11338730
2020-04-28,484.6750793457031,489.4801669007365,456.6969488383933,467.64796187512286,15204120
2020-04-29,498.31768798828125,505.43061175698324,480.7472451239483,485.00404706456754,15234930
2020-04-30,508.85498046875,515.8981136718584,503.5215349480995,509.21884090048474,10643520
2020-05-04,474.7608337402344,492.4608792650362,470.53895748538247,490.6764419876886,8107070
2020-05-05,461.48712158203125,490.4770958964037,459.57305123626446,487.4863818970354,8158860
2020-05-06,467.83734130859375,477.4973487600998,452.79405541174646,463.2615531088981,12628290
2020-05-07,465.8934020996094,478.1154624929846,462.5637443150121,466.35196970696677,6454310
2020-05-08,458.6758117675781,476.3608896062213,456.3181117048548,475.3241003055058,4885760
2020-05-11,454.3890686035156,470.3096350243474,452.6046314151695,467.27906718447446,5852300
2020-05-12,465.3750305175781,470.1202759078092,444.1708493917462,451.3984080188749,10188930
2020-05-13,480.1491394042969,503.4368159301702,476.330977802972,493.26837698372134,6987500
2020-05-14,477.5422058105469,492.2565270068746,470.5389572872397,475.5234801398588,7928120
2020-05-15,470.8630065917969,481.8688121543105,468.6448876344903,477.716726142223,3951110
2020-05-18,445.1628112792969,472.43810857165596,443.7222767230365,470.9975740153956,6469410
2020-05-19,452.14111328125,458.0776668286259,441.9527469827399,450.6008822775602,5741510
2020-05-20,468.74951171875,472.5178098710295,450.74541716640186,453.39219764927543,5828770
2020-05-21,452.51495361328125,472.8019380728637,450.1024310727454,471.0374278668266,10925960
2020-05-22,430.2191467285156,456.42777653384616,407.4349121288951,449.5142457374036,27250160
2020-05-26,408.4567565917969,438.6380382528684,403.92581165140064,434.65041972329686,15756010
2020-05-27,424.4869689941406,426.37113334934963,397.2964012751096,408.73089860671473,24986770
2020-05-28,427.2683410644531,431.16125242724735,419.88127410619745,423.6844677030754,12472560
2020-05-29,439.1264953613281,441.5240496956252,418.8494595477158,422.68754832348344,13944250
2020-06-01,474.8455810546875,483.0351482562445,446.28923083952475,448.607046080184,21106170
2020-06-02,516.8651123046875,522.1786309989176,472.796987115789,477.9110822924319,26933530
2020-06-03,526.9688110351562,551.2683640919427,520.0951942228415,532.7459178173318,24123590
2020-06-04,512.0899658203125,531.9432997300323,505.2312570609337,527.2628860114243,19944190
2020-06-05,522.0191040039062,526.8640454287859,508.04747237775774,514.6021318482216,15138920
2020-06-08,542.4108276367188,547.799126687765,534.3409133842439,534.3409133842439,13966100
2020-06-09,529.4360961914062,550.6851195395759,523.3798887580514,548.2975136230975,11634230
2020-06-10,520.6832885742188,532.7458713944138,514.4028014237564,529.436140641845,11622530
2020-06-11,514.203369140625,526.8640694499156,511.41204849159266,518.3903805372869,10573320
2020-06-12,526.9588012695312,532.247434153169,488.48329426707465,488.48329426707465,16552510
2020-06-15,508.78021240234375,526.4652901092949,506.08858826081524,526.4652901092949,10234910
2020-06-16,511.24261474609375,525.3687362141876,496.5282927782086,523.374926968593,11691030
2020-06-17,502.1358337402344,511.412023075565,499.23982730212083,502.04112659311073,10498590
2020-06-18,541.074951171875,548.1978538797513,500.6006190654753,502.1358606399455,18061720
2020-06-19,588.1537475585938,595.18197355948,542.6949228233194,543.3129987982908,35955630
2020-06-22,616.4408569335938,633.0343516536361,594.1550765127042,595.0523148929066,25140100
2020-06-23,630.0088500976562,636.2245357523816,607.1946783092981,625.5576442313032,19812860
2020-06-24,602.7335205078125,643.5019559153341,596.1888390025703,643.5019559153341,18864900
2020-06-25,600.251220703125,610.6040850063437,590.1924870746235,594.7532770734014,19002920
2020-06-26,592.7894287109375,611.4564443157112,585.1830412121508,607.0152778207394,10672470
2020-06-29,587.19677734375,591.8921591511729,573.349757601856,581.3947851676302,10102710
2020-06-30,582.7056884765625,602.4942198233639,579.7797760017802,597.1458365486043,9766720
2020-07-01,615.025390625,617.5624960164057,578.4689127905764,579.9991347127401,17242340
2020-07-02,616.96435546875,624.7601571435207,609.3729362844421,618.0758944195607,15292260
2020-07-03,613.0364990234375,621.8989952583681,610.9031086394513,620.074642857391,8330750
2020-07-06,626.5545654296875,630.143397790554,614.1929235711824,619.7756260557007,12201780
2020-07-07,656.9203491210938,660.9178858944043,625.5626944542563,630.3428354982303,20073540
2020-07-08,638.5572509765625,665.9322732142329,635.0182518136068,657.957036409272,14003560
2020-07-09,654.8865966796875,661.745305654995,635.5267250873063,641.0595338188199,13227850
2020-07-10,646.373046875,662.4431450906133,642.1062657335375,649.4833845395553,12206400
2020-07-13,644.1449584960938,657.1993953564,638.0189601036798,655.3651249199904,8107250
2020-07-14,622.4124145507812,644.0004143013948,619.1774637769813,644.0004143013948,11287050
2020-07-15,614.9356079101562,641.9916141989061,608.4108841371298,630.0437267993274,9813900
2020-07-16,624.5507202148438,626.0560558169333,604.6226080461306,618.0808194370998,8304120
2020-07-17,634.1907958984375,636.3092181478329,626.056081233099,628.0449010183627,5700380
2020-07-20,659.9658813476562,661.4462702280395,636.0252003097049,638.0190097150645,12218330
2020-07-21,636.458740234375,668.9229386396082,631.8829216761113,666.8095059068352,18624970
2020-07-22,632.7752685546875,657.857424445036,625.1589021758467,657.857424445036,21580510
2020-07-23,636.1597290039062,643.4969322838867,629.3608323052702,635.0232431526177,9248500
2020-07-24,625.0891723632812,633.5329258190682,620.5731649447206,628.8424722502917,8746470
2020-07-27,615.4091186523438,629.5502071348932,611.6807054037897,625.9563857347921,6562030
2020-07-28,632.316650390625,636.757816374142,615.4888966334881,615.5885627505041,8378220
2020-07-29,630.9010620117188,640.5112374380086,627.3072402203119,630.4524427501035,7645410
2020-07-30,615.8478393554688,640.1124649762053,614.0932773989317,635.7510070401333,6100800
2020-07-31,618.6690063476562,628.5483034245443,610.1055696999542,620.0746149564894,7497100
2020-08-03,608.4258422851562,620.3737294878795,604.1241964393668,620.3737294878795,5095980
2020-08-04,614.2926635742188,620.872209990794,605.3105428534942,614.1032492549963,6165030
2020-08-05,622.27294921875,632.5360666277174,616.9245649471225,620.5732095756565,6954490
2020-08-06,627.621337890625,635.0283329657412,622.2679641899944,626.0512007222864,6261130
2020-08-07,644.713134765625,647.9879393483009,623.0653262964431,626.5544921237032,8257710
2020-08-10,638.298095703125,654.9663111271427,634.7291602585175,648.9798942376508,6052400
2020-08-11,642.0414428710938,647.5892195385882,637.1217209845405,643.0034826057829,4306670
2020-08-12,633.752197265625,638.0189783897978,629.5552676149927,638.0189783897978,3854220
2020-08-13,633.0344848632812,641.2091155772192,630.4524749164565,638.0190083661417,3905850
2020-08-14,622.7363891601562,638.0189539535182,617.0839570269184,637.0220493379659,4217200
2020-08-17,624.969482421875,629.9540057920096,618.1805640256009,628.0499446369605,4359390
2020-08-18,632.3416137695312,635.5267315137245,622.2679114804101,627.0530417602081,4571440
2020-08-19,627.9552001953125,640.5111840047502,626.3551269905752,635.5266611720284,4928450
2020-08-20,626.9982299804688,629.4456480408372,621.1762797959915,623.5638860085777,3149380
2020-08-21,626.2953491210938,634.6294571463577,624.0672818971095,632.6456266867264,3032040
2020-08-24,638.0639038085938,643.4870682535516,627.4717905056481,629.4307351735498,5861090
2020-08-25,648.2471313476562,650.181128515808,638.1185475312373,642.0015100381673,7483450
2020-08-26,654.4081420898438,667.9261677678329,650.0566626874705,651.47723975564,10013470
2020-08-27,651.053466796875,658.4504816985865,646.7418423453275,658.4504816985865,4618820
2020-08-28,652.5288696289062,662.9415452616687,649.4833334405672,655.9632132062827,4901660
2020-08-31,617.1188354492188,664.9353931551215,611.6009950534738,658.405679949306,11799190
2020-09-01,633.9915161132812,637.6949828900501,612.7524694112518,623.0654190206908,8073470
2020-09-02,634.5347900390625,639.5143238268828,623.563849655051,634.7291937445793,4439950
2020-09-03,633.5877075195312,643.5019312522226,628.0499096652211,637.0220512318672,3942650
2020-09-04,625.7770385742188,640.3069378952214,618.1806290270724,623.0654867819385,5443800
2020-09-07,624.4261474609375,632.9596485044548,619.2771570454166,630.4425008672913,4985730
2020-09-08,621.4953002929688,631.0406749626378,619.2822010656429,627.9502947318042,3917540
2020-09-09,600.814453125,620.0746571734792,596.3084248914674,618.9581288964278,9297500
2020-09-10,611.0277099609375,617.2833103590872,602.4144400342643,606.0183010981881,5316080
2020-09-11,610.9430541992188,615.5487486767202,606.1180090652401,610.9579615253872,4654850
2020-09-14,609.3230590820312,617.4827206280498,607.2145547864213,613.8938276355827,4161420
2020-09-15,609.6619262695312,613.9935079767992,600.8792000285084,611.1024605784775,4929870
2020-09-16,612.6925659179688,622.0634936874469,608.2264526897388,612.2589148419797,4032700
2020-09-17,598.8406372070312,610.4695080792579,597.1558659096663,609.9960027075907,5192360
2020-09-18,587.0222778320312,604.1242059712866,584.4303501317025,602.1353861015053,8563830
2020-09-21,569.4568481445312,589.1606836319143,561.3569976671807,587.7749715317702,4921220
2020-09-22,566.4710083007812,573.8181893871454,552.7835293795408,569.4567323248631,6452290
2020-09-23,562.9170532226562,573.917928368733,553.7804454556469,569.7309173319572,4600880
2020-09-24,540.8905639648438,558.2666047356945,538.3285117094197,556.272795433067,4987220
2020-09-25,578.5336303710938,588.7867668216484,541.3341349219538,548.2974985504507,9783460
2020-09-28,596.7421875,602.1304870413913,580.1985818842545,584.3506683877664,6722010
2020-09-29,585.8509521484375,603.0774941041713,581.4496399217601,601.3079639710927,6344350
2020-09-30,583.4234619140625,591.064774784078,580.1984900646504,586.6783701083278,3755980
2020-10-01,603.4862060546875,608.5903531788084,587.680301730502,588.8716101317033,6807520
2020-10-05,586.2945556640625,615.040322522147,583.9668222988596,607.1149185589054,7379100
2020-10-06,597.6842041015625,599.9372183917417,587.1768507816917,593.8561242416637,6060920
2020-10-07,588.6971435546875,591.9619697799966,580.1985070637577,590.1675535768807,5812230
2020-10-08,585.37744140625,601.4525291112515,583.4135075783736,593.1582750062548,5889720
2020-10-09,589.6890869140625,599.5385102060571,585.1830582046222,586.6784152528452,6593340
2020-10-12,589.4448852539062,598.1428549308641,587.2765687277918,594.9029144666554,4014350
2020-10-13,584.9488525390625,589.619349037034,580.6970390151076,588.1738249251734,3656370
2020-10-14,608.1167602539062,612.5978413042926,583.6925989651265,585.1829663883153,10295350
2020-10-15,588.0791015625,614.8908123353265,586.1899476681702,610.6041342559196,7819790
2020-10-16,593.387451171875,596.1488961314355,584.7841603951232,592.1313417556673,4762450
2020-10-19,596.258544921875,601.9259446563555,590.6759039758182,598.1427090585028,3796850
2020-10-20,593.3427124023438,600.6350726056711,589.2952818158129,595.3514899453575,3111220
2020-10-21,588.5874633789062,599.1397214762732,571.7348211561252,594.9028765240698,6055610
2020-10-22,585.5220336914062,606.1180580358744,582.785474309403,582.9898568099954,12299030
2020-10-23,581.3499755859375,594.3545800484629,580.582339514561,591.6479570805619,6468960
2020-10-26,568.3302001953125,585.4470930189177,562.7525491315395,585.4470930189177,7831170
2020-10-27,564.9706420898438,578.8525850365513,561.4565904610712,568.2355284558624,15507570
2020-10-28,562.4884643554688,572.5223118019774,558.7650401982773,566.0424317639956,6587900
2020-10-29,560.6542358398438,567.0393787761119,558.9843717974672,562.2542484057354,9808110
2020-10-30,555.624755859375,566.2418142143861,549.3990914845225,563.2511004069157,5263380
2020-11-02,568.3802490234375,570.727940118545,554.2790125867442,558.406212643274,4913990
2020-11-03,572.5821533203125,579.2016149514245,567.9066679705902,573.4195800178858,5755360
2020-11-04,579.3860473632812,582.0926703574796,569.825704654439,572.5821607136792,5909610
2020-11-05,603.6406860351562,606.1777911319249,582.7156688209988,583.6876264394314,8486730
2020-11-06,626.6990966796875,633.034405789672,600.6350070681533,600.6350070681533,15593390
2020-11-09,626.3900146484375,641.9068357173413,623.8129945959262,633.0343612759299,9681560
2020-11-10,666.6949462890625,671.2906620771694,629.1514834662205,643.003492912232,21704380
2020-11-11,692.3302612304688,695.6151055738353,656.5762888247655,666.9291524437616,25424690
2020-11-12,700.445068359375,703.8146105979242,682.9444163279949,692.2455527939444,12809160
2020-11-13,723.8624267578125,727.740400481281,691.4431286487962,691.8518327863137,16545740
2020-11-14,731.284423828125,742.0958869976382,722.7559113754429,732.7249584288973,3164850
2020-11-17,734.255126953125,738.4670855344781,722.8555249108113,733.8214758717025,11725440
2020-11-18,776.5836791992188,782.071643785257,729.7740075619735,734.9180692737597,14756370
2020-11-19,779.9183349609375,817.4517548830165,772.6010287677528,776.5836575902835,33870400
2020-11-20,851.6157836914062,856.2065101750843,781.8723118465076,781.8723118465076,41104120
2020-11-23,874.7189331054688,895.4844717221115,859.4313800714617,868.303854820865,36075870
2020-11-24,883.2274780273438,888.0425439484901,866.8184683904606,879.259817465189,17898620
2020-11-25,869.0765991210938,898.1114478384155,861.5998140436718,891.2327812286943,19861530
2020-11-26,877.9439086914062,881.4630109417776,864.4159067129273,871.294572412569,12622340
2020-11-27,873.1687622070312,890.6793930633415,865.3131494845655,881.7570851707246,14193500
2020-12-01,871.9476318359375,880.1521373145733,868.5681106011823,877.2760577761267,6942830
2020-12-02,877.495361328125,885.2014754681317,863.4838741010777,872.29154838282,8849690
2020-12-03,908.5838623046875,916.2749471870872,878.3825937668591,880.3664241770248,14370480
2020-12-04,902.4429321289062,920.5915980598222,894.2234582747814,913.0649802290966,10624430
2020-12-07,902.3931274414062,910.0742949383931,892.7879412384551,903.5944146022124,7074050
2020-12-08,894.1636352539062,905.1893979537225,887.3447808582135,902.7968025193178,5831470
2020-12-09,898.2758178710938,904.6908963385545,892.3292553448595,898.5898452441678,4518180
2020-12-10,900.0902709960938,904.5913101256706,891.133097255793,898.2758972187551,4667260
2020-12-11,896.7206420898438,911.0711027175087,892.3292482920594,903.8933777084244,5514560
2020-12-14,890.5847778320312,903.8735343472696,886.7616872988078,903.8735343472696,4448840
2020-12-15,926.8172607421875,930.9992829821649,884.2544101042251,889.7373855896515,11245270
2020-12-16,922.904296875,942.0747509067884,918.3484360161581,934.0596606449832,7611700
2020-12-17,926.5330810546875,937.080348799941,917.9497470189784,922.9043945399527,5507380
2020-12-18,918.7074584960938,928.6166932768805,909.675504686155,922.1268341875033,4803330
2020-12-21,881.9365844726562,921.6383232208874,854.3123963331714,916.0556816750774,7132850
2020-12-22,891.1181030273438,893.6053752062045,859.4514129196606,882.2605956732389,7832960
2020-12-23,898.5350952148438,911.1708494756898,885.2513285934492,887.2451378920831,5754540
2020-12-24,896.4714965820312,909.5708382960422,893.6352712105942,905.548293956358,4983970
2020-12-28,896.7206420898438,908.6785074324054,893.7249390160739,903.6591197396627,3449940
2020-12-29,894.8265991210938,902.806825892445,886.9909429980547,901.21180275488,4066010
2020-12-30,893.39599609375,899.3026437968491,889.3385869895959,897.2141578245476,4910740
2020-12-31,887.878173828125,900.2048899669713,881.263701805983,892.1299867210422,4760500
2021-01-01,884.2992553710938,893.0969509487361,881.2636977929031,890.2358395125142,2881010
2021-01-04,887.1205444335938,903.6940845950867,881.4381756375498,891.2327762029868,6133060
2021-01-05,879.3546142578125,889.2389014426365,870.9905700772472,887.2500816372651,4862140
2021-01-06,875.9153442382812,887.2451560745552,860.9268484547497,887.2451560745552,5991930
2021-01-07,896.017822265625,904.092785852714,878.4723260366327,879.2698375295456,6016480
2021-01-08,914.321044921875,923.6321611547514,892.0302714802643,900.8030202588452,8242610
2021-01-11,895.8284912109375,923.3331178379543,892.7281322892765,917.2519628411422,5424440
2021-01-12,893.1268920898438,904.1825304831524,889.4881658121926,897.6129629737383,5770450
2021-01-13,876.6429443359375,900.204792692925,868.3188158294814,897.6925738006647,5140780
2021-01-14,872.02734375,890.2308317542752,864.8147534639746,878.6717519501888,5684370
2021-01-15,860.936767578125,879.8879337721834,858.3348611734813,872.770020320333,5196510
2021-01-18,832.8739624023438,860.9367911724293,824.8089771895909,860.9367911724293,6344360
2021-01-19,889.6526489257812,895.0209902472922,837.3999131542574,837.3999131542574,13797180
2021-01-20,891.0582885742188,899.7064240265017,881.0642953705018,891.0333416201029,7864960
2021-01-21,902.4778442382812,935.9788045462894,892.2794685930302,896.7157063244146,16453770
2021-01-22,904.2921752929688,918.4980664237684,893.7449680030364,904.1925091673852,8398220
2021-01-25,917.0425415039062,931.5973236017857,905.1893317961251,911.5695452574072,7811220
2021-01-27,909.7850952148438,925.6209345701851,901.4061436659848,913.6630687239244,6166310
2021-01-28,892.758056640625,918.6725883302256,879.0306600436909,899.2080005648714,8447360
2021-01-29,869.5750122070312,908.1153185073997,864.8695907040018,901.3961910231881,7273520
2021-02-01,969.1707153320312,980.8444902063285,861.1261889569709,872.2915327453571,15653650
2021-02-02,944.6967163085938,995.9077010325282,928.6166401519519,979.7279587538138,13943900
2021-02-03,950.6531982421875,960.9462504782182,940.614361548628,953.2002822114039,6235450
2021-02-04,967.0523681640625,972.9789738256447,944.1185709881067,948.0563566682256,6047270
2021-02-05,969.2106323242188,990.9232453161094,952.6420815207365,974.9727705424094,9225610
2021-02-08,999.003173828125,1007.8706606844675,970.790782735878,971.9820911645457,9858550
2021-02-09,991.087646484375,1003.6835459263044,985.1411445788829,1003.5838798041189,5126070
2021-02-10,1019.6290893554688,1032.2548650275244,987.0352840460113,987.0352840460113,14306670
2021-02-11,1018.5025024414062,1038.5652680905428,1007.3720846379993,1007.3720846379993,7155380
2021-02-12,1024.6983642578125,1029.917145536928,1013.6526436153471,1021.8272739764046,3802850
2021-02-15,1050.50830078125,1054.6255221210558,1024.818046810165,1029.8225279492356,5364060
2021-02-16,1042.8221435546875,1049.9399357138489,1032.892890423512,1046.7498894895327,3586040
2021-02-17,1015.4121704101562,1046.6302414406862,1008.0898742373809,1038.774628061353,5822590
2021-02-18,1016.738037109375,1027.80864322835,1010.3628127176845,1027.80864322835,4347410
2021-02-19,1021.8720703125,1039.537189767724,1010.8612157263954,1011.8581202783938,6233430
2021-02-22,996.9644775390625,1021.7475737713261,992.9320152032794,1019.8334730039085,4269080
2021-02-23,997.7669067382812,1016.3442335828652,989.8415030467368,1001.988783090776,3426100
2021-02-24,1016.8028564453125,1021.8272338171955,998.404964676567,999.8953322133142,2699760
2021-02-25,1023.267822265625,1034.5827883075956,1010.0239696970007,1030.799491047122,3548020
2021-02-26,961.8733520507812,1008.339060578231,957.0284103265975,991.9200711197547,8465050
2021-03-01,974.3795166015625,981.8113961797532,958.3941181389281,976.8667885751447,3224370
2021-03-02,984.6427001953125,993.4154486362007,974.8829650749518,981.9510455661392,2970010
2021-03-03,1036.34228515625,1041.2619464605891,985.9785805221077,989.5674738695468,5041220
2021-03-04,1009.859375,1024.817933458698,1004.6555621705335,1011.8581735997845,4121170
2021-03-05,992.7276611328125,1012.9548354742068,986.9406366843234,1004.8799317893927,3551260
2021-03-08,980.8643188476562,1001.4554113205869,977.4948374821212,993.913826044186,2640070
2021-03-09,993.8291625976562,1008.8625015349579,982.9679279714752,996.9046353022064,3062110
2021-03-10,996.0523071289062,1006.3452988715505,989.9861204830098,999.3969027290912,2446320
2021-03-12,990.3349609375,1018.4476825151644,980.9541155278108,1005.0293856894691,4543480
2021-03-15,965.9059448242188,993.8142860871798,951.4458377730869,993.8142860871798,5459130
2021-03-16,958.3543701171875,975.5360072625425,955.5331129033866,969.4897780892472,3705870
2021-03-17,949.5616455078125,963.1943042493052,945.0705852505068,960.0191654143645,2934490
2021-03-18,940.0960693359375,970.4866935122151,934.2990662623619,957.0284805051119,4011350
2021-03-19,941.142822265625,946.0475762704748,918.3086912886367,932.1058788777364,4881260
2021-03-22,937.6735229492188,946.5559160478177,928.3225530546509,942.074834796563,2930290
2021-03-23,937.6087646484375,947.717331381211,935.3258140978926,939.4829502256731,2964830
2021-03-24,917.3566284179688,934.961937149118,915.0836566892445,934.0996243924127,3354390
2021-03-25,902.951416015625,922.1368419846777,893.2315952487595,919.644580249584,3820080
2021-03-26,943.814453125,947.7572279070191,911.1708164345481,911.1708164345481,6786360
2021-03-30,947.293701171875,961.5145609927642,941.0830045047898,951.7449073271439,3565110
2021-03-31,963.8671264648438,968.5525900572725,942.0748074273434,948.2904927441535,4241400
2021-04-01,975.9197998046875,979.5584651968111,963.7575511482335,969.9882050863524,3100650
2021-04-05,945.2301025390625,973.367773596088,912.1677807828713,972.9789661683961,6121660
2021-04-06,949.00341796875,959.520750125555,944.572169384804,952.143631188694,3441250
2021-04-07,951.0071411132812,962.8503727160613,943.7048026953424,949.0033531171512,3000030
2021-04-08,962.4913940429688,970.5015562475082,954.541104524339,956.0314719721763,3536340
2021-04-09,959.924560546875,968.4929273370403,953.1405704396268,958.1250939977176,3286990
2021-04-12,913.4786987304688,943.0518536543605,900.7881218409982,939.0792031753151,5668360
2021-04-13,977.6344604492188,981.7018484347429,916.1603574655871,917.1522727189271,8309150
2021-04-15,970.9552001953125,980.3560646615402,956.729412106229,972.1514979537267,5875040
2021-04-16,979.433837890625,984.9417602304051,973.4773571508001,973.4773571508001,4001320
2021-04-19,944.0586547851562,962.4117021050366,936.3526018826989,947.6076326422217,6974350
2021-04-20,978.9005126953125,991.4714651924448,957.0284231735186,957.0284231735186,7987320
2021-04-22,982.3348999023438,988.121924103629,958.0253702364414,966.9975121012989,5822100
2021-04-23,988.5953369140625,1011.1004694872063,970.985039796118,970.985039796118,6280250
2021-04-26,997.0791015625,1009.3659636097614,987.1548986808785,996.1071438619609,4195960
2021-04-27,1006.0113525390625,1010.1634383730053,993.3855165964716,996.9046191081133,3428470
2021-04-28,1045.683349609375,1058.3090654767602,1011.9729523161253,1016.8428417396588,11138810
2021-04-29,1114.195556640625,1126.502316010673,1048.7437490648035,1050.737558473672,16964980
2021-04-30,1100.747314453125,1119.0255231434598,1083.5058038974971,1096.5951674457067,8353550
2021-05-03,1100.7523193359375,1107.6458326665193,1078.0677477533227,1086.7258018944226,3969310
2021-05-04,1095.2442626953125,1118.4123156303308,1083.8346215155714,1116.5331407428807,5221010
2021-05-05,1108.004638671875,1115.999833460905,1088.1413864734059,1107.6607357727305,3077500
2021-05-06,1099.3814697265625,1115.9450301847335,1095.5981728998481,1106.564123675006,2288400
2021-05-07,1128.3414306640625,1135.763453380469,1097.581959441079,1101.5795565264038,3434430
2021-05-10,1129.692138671875,1151.325039489557,1124.5082839123775,1135.474233489537,4320370
2021-05-11,1115.84033203125,1127.5638179094587,1110.467001753659,1115.935008759955,1986640
2021-05-12,1105.3629150390625,1128.9944955268759,1101.8188655282893,1115.5362829974165,2269530
2021-05-14,1093.75390625,1112.9193728468856,1083.4359679782883,1107.660676743291,3136030
2021-05-17,1121.452880859375,1133.9789281455917,1090.877774433631,1093.6042937808475,3180210
2021-05-18,1136.15234375,1155.3128218947727,1125.5153273374472,1131.0530645140495,4039590
2021-05-19,1118.0435791015625,1139.8608479989407,1113.5475292098693,1135.4744430201586,2275670
2021-05-20,1119.3145751953125,1126.4972291600618,1109.6245698202704,1122.5146000781046,1778970
2021-05-21,1123.028076171875,1137.9666780120651,1117.8292524044748,1126.173339604197,2775210
2021-05-24,1113.2236328125,1132.9822311117496,1106.0658032718752,1123.0580882860045,2142290
2021-05-25,1134.0638427734375,1136.9698590399755,1116.662914299043,1121.019383156907,3941510
2021-05-26,1186.95458984375,1194.291793605375,1134.9909339658866,1136.4713227964337,10152650
2021-05-27,1185.2000732421875,1193.1104488142598,1169.5735432788042,1187.3135063538928,4079730
2021-05-28,1167.6943359375,1198.7728880056238,1164.3846659454223,1188.8088305992433,2633150
2021-05-31,1176.975341796875,1181.8352511397934,1158.2036742364814,1167.6941026701297,2411520
2021-06-01,1179.3282470703125,1191.061834519368,1159.1060017441685,1179.3382258524202,3024210
2021-06-02,1178.7001953125,1182.3289429276165,1166.5330175801082,1167.2757066942654,1834210
2021-06-03,1178.3262939453125,1188.6991157338502,1174.408526932241,1186.2168329627552,1838160
2021-06-04,1211.80224609375,1215.2266717065472,1174.8520365924248,1181.8303685874582,4107690
2021-06-07,1179.193603515625,1197.1628337621362,1164.848131324935,1184.3226972941443,5147270
2021-06-08,1169.6783447265625,1186.3166262231375,1163.3878174810097,1186.3166262231375,2896090
2021-06-09,1152.3072509765625,1180.1358858764434,1139.512017515337,1170.3661706978871,3082860
2021-06-10,1195.5977783203125,1217.0212495871763,1146.4752771839417,1151.5245408411945,6299980
2021-06-11,1187.06396484375,1204.2605664759606,1181.6209055295692,1196.2853309363845,3529940
2021-06-14,1188.92333984375,1197.7808467270193,1163.5521670898509,1181.431587360378,2887850
2021-06-15,1176.2178955078125,1204.749301989455,1172.8583316736494,1191.2014017433746,3148410
2021-06-16,1181.9451904296875,1194.790317597074,1173.8553182899911,1177.3444848411716,2475390
2021-06-17,1178.19677734375,1190.0250417995221,1170.3611210540867,1171.3630151389893,2201700
2021-06-18,1196.2208251953125,1206.2546119642705,1168.456933673406,1182.3289006525827,4895670
2021-06-21,1211.877197265625,1216.1987400314847,1174.0397246490322,1176.3475005279397,2948530
2021-06-22,1209.4097900390625,1222.8031398610742,1204.360405034976,1216.123927817253,2749230
2021-06-23,1224.4232177734375,1236.1617946376223,1204.260845098587,1218.7159628584625,3785550
2021-06-24,1229.5074462890625,1235.763047649762,1212.7345733089007,1224.4232566334128,2785730
2021-06-25,1244.7950439453125,1248.1246715351017,1228.2364716520842,1231.675744154647,2187170
2021-06-28,1233.958740234375,1248.0848023243057,1228.1866229269183,1246.1309080021492,1655170
2021-06-29,1226.1826171875,1245.1337824101797,1223.3065378266008,1235.065070798035,1571780
2021-06-30,1207.1568603515625,1233.1261535963092,1202.7654661405236,1230.7784626048065,2315460
2021-07-01,1177.9873046875,1216.0242272647458,1176.4470433377044,1216.0242272647458,3215210
2021-07-02,1171.407958984375,1193.1952923265794,1161.493673324567,1193.1952923265794,3554370
2021-07-05,1188.619384765625,1190.5034273745864,1176.247764577351,1176.247764577351,1558690
2021-07-06,1205.337158203125,1224.432891667545,1183.4551547543733,1185.3193611611682,3205220
2021-07-07,1233.584716796875,1236.062010069045,1196.2854930854628,1196.2854930854628,4048000
2021-07-08,1229.870361328125,1241.4472159400138,1220.507142418134,1228.484313283612,2066300
2021-07-09,1281.806640625,1287.5152789593446,1230.9771313364438,1231.5753947837093,7919220
2021-07-12,1287.2061767578125,1290.8457850263585,1270.2596805880592,1285.216874796913,4091580
2021-07-13,1287.2559814453125,1296.1705326305284,1276.8458325374595,1286.5580277266179,2741810
2021-07-14,1295.41259765625,1299.5807224302357,1281.4824941202141,1282.5793306222258,2401510
2021-07-15,1292.197021484375,1307.2588980076437,1288.5124974633686,1293.8971122343387,1779910
2021-07-16,1270.9327392578125,1298.7830897025335,1268.943437206187,1292.1969576943739,2527820
2021-07-19,1268.4798583984375,1278.3416506375272,1260.7120491989936,1264.3816014105962,1881970
2021-07-20,1256.1201171875,1273.4555153502758,1250.0774739050871,1268.8686667147952,1451370
2021-07-22,1302.7318115234375,1306.2617486349009,1226.4950293953455,1227.497166369093,5248770
2021-07-23,1316.3529052734375,1320.6157304926453,1290.8110098864374,1300.67779302424,2898700
2021-07-26,1348.6455078125,1353.6711646613107,1311.7361189030264,1316.133568645736,4211700
2021-07-27,1376.8447265625,1380.5441004882787,1346.4615854402462,1349.2536438473767,4134150
2021-07-28,1393.0682373046875,1396.104469798081,1371.5746958738453,1380.8332330829933,3194930
2021-07-29,1455.73876953125,1488.2407210911588,1390.0318004300752,1392.016111653774,7105140
2021-07-30,1418.1614990234375,1457.2147760483178,1412.0589680309104,1456.3322917619746,3545430
2021-08-02,1408.484130859375,1435.8856919084046,1404.2362778525296,1433.397816740575,2647090
2021-08-03,1425.420654296875,1427.748951986479,1411.9591790726652,1420.933495888805,2024300
2021-08-04,1414.6715087890625,1444.366557739641,1411.570398097411,1424.9172123745857,2831940
2021-08-05,1395.496337890625,1420.823879566161,1392.175884359639,1416.7256226676398,2915270
2021-08-06,1396.568115234375,1406.8437611633835,1393.5119203258173,1402.9848099452056,1374730
2021-08-09,1420.2255859375,1441.873593820386,1396.762703568908,1396.762703568908,3188650
2021-08-10,1399.6444091796875,1429.284558197052,1396.4036837490498,1422.9277506215703,2063630
2021-08-11,1416.566162109375,1419.2833617974554,1381.322050615179,1405.8767815508547,2118500
2021-08-12,1429.9776611328125,1433.8964999790176,1408.9678403827204,1416.9450114535355,1609340
2021-08-13,1427.6641845703125,1438.9717892889516,1422.429166606985,1429.9077636974528,1538430
2021-08-16,1450.7781982421875,1456.531630457757,1426.8167421446192,1427.5546207087502,2432620
2021-08-17,1469.51953125,1475.7766491575453,1431.907198837447,1448.3551235819828,2420690
2021-08-18,1496.3526611328125,1519.4515943316528,1469.4646449929771,1469.5194198756733,3917340
2021-08-20,1493.5806884765625,1510.5770925363106,1475.7816497361157,1481.3955887880566,2750520
2021-08-23,1522.8319091796875,1537.5997053731435,1502.2010091729187,1510.477372747956,3266880
2021-08-24,1641.4722900390625,1653.747097109986,1521.6451810751237,1532.369493887949,12743930
2021-08-25,1585.9014892578125,1675.1062905065621,1580.4770711750907,1649.7787471666798,9745980
2021-08-26,1591.3260498046875,1607.818890710277,1563.3560437504,1595.4841942382932,6068820
2021-08-27,1614.9383544921875,1620.557162028302,1573.5018855544158,1603.4112845918382,4414750
2021-08-30,1651.3143310546875,1654.7644185804804,1621.3600148308894,1642.7986620134627,3360380
2021-08-31,1709.9813232421875,1715.0916982150666,1638.1368810322413,1645.2914546830582,6521270
2021-09-01,1673.83984375,1721.4236401036517,1669.238022913756,1711.7463782419393,4618430
2021-09-02,1665.558349609375,1685.177251806618,1656.2600090241376,1681.6872397466634,2768790
2021-09-03,1668.65966796875,1681.173781683041,1651.2743628535873,1672.8925493742152,2485550
2021-09-06,1669.9208984375,1692.0526292407603,1662.741493600693,1678.6958347686757,1769580
2021-09-07,1673.3311767578125,1689.634494736732,1658.3490289634037,1670.1203948223945,1881930
2021-09-08,1651.3489990234375,1684.075408534543,1648.1831325753178,1671.21718760665,1909320
2021-09-09,1670.27001953125,1677.8931010268316,1643.7010359214726,1654.6646550216772,1808160
2021-09-13,1688.9864501953125,1694.5506049715061,1653.2687199480706,1669.2230622394875,2166140
2021-09-14,1678.3218994140625,1699.1373288386558,1674.786971890674,1695.1487435596919,1592270
2021-09-15,1678.0875244140625,1693.353770726017,1675.4051376148013,1680.31613175207,1231990
2021-09-16,1668.5250244140625,1690.2029761729093,1657.7557952209836,1684.1801733102204,1542090
2021-09-17,1679.21435546875,1744.906359515331,1670.225066839847,1679.1943930669524,6549510
2021-09-20,1697.038330078125,1728.4534292833375,1665.2443104081665,1672.7179170946229,3252040
2021-09-21,1753.7060546875,1760.461745031659,1676.6067584146044,1705.1201268785821,3846940
2021-09-22,1756.4483642578125,1772.9262322398686,1745.5047072755285,1753.8857516642656,2569820
2021-09-23,1845.1046142578125,1869.6493613356702,1763.1590756257137,1773.6740274537724,7125510
2021-09-24,1847.3133544921875,1875.9315285577616,1826.5128956655242,1854.6872714288365,3731750
2021-09-27,1797.9644775390625,1869.410035357419,1787.888333500907,1851.7007070642173,4071680
2021-09-28,1750.0267333984375,1813.4102810777788,1738.0360245040054,1813.3105907897386,3220580
2021-09-29,1738.4000244140625,1759.7539525299746,1725.8409953022497,1744.8864663138804,3097120
2021-09-30,1773.599365234375,1780.8984230922927,1736.2511701095425,1745.0061444360426,3430000
2021-10-01,1712.8779296875,1768.5435708972927,1700.134371286523,1768.5435708972927,4326770
2021-10-04,1775.53857421875,1788.4815132389058,1725.1627255289707,1731.0409222257447,4013250
2021-10-05,1779.656982421875,1789.87773270613,1747.4990120153163,1770.3336882142896,2681630
2021-10-06,1756.6329345703125,1809.3770120770719,1750.7846807604144,1792.270936630204,3004210
2021-10-07,1742.0396728515625,1782.8977212866544,1737.5275611532413,1774.920550274186,2241000
2021-10-08,1749.93701171875,1768.9875956795076,1741.017590849072,1756.9719330332557,1522380
2021-10-11,1766.340087890625,1799.3505985142028,1755.6755394541651,1761.5237930914623,2340900
2021-10-12,1817.06494140625,1842.2279154032408,1758.0687375757436,1766.3401105205617,4545920
2021-10-13,1813.634765625,1852.1894704154843,1809.6811142020852,1830.2622306560336,3183880
2021-10-14,1843.614013671875,1848.7094171459373,1816.3121404958463,1829.7636356325754,1968050
2021-10-18,1862.4649658203125,1904.5494826898962,1849.985664943591,1879.6208245395048,2939480
2021-10-19,1902.2113037109375,1926.9853762691562,1854.742169842446,1894.5781189709685,3878460
2021-10-20,1855.0113525390625,1900.8602466344107,1835.1732269944443,1900.8602466344107,2247980
2021-10-21,1852.657958984375,1873.5682100630615,1829.4345036964098,1873.4385761710976,1925330
2021-10-22,1860.490478515625,1919.5615377311756,1849.7063996311097,1854.6921311665035,5053300
2021-10-25,1803.553466796875,1889.293078263492,1794.8633707257607,1864.6636129206513,3018040
2021-10-26,1830.0975341796875,1839.734992481575,1792.3755320561922,1814.8063340468652,2967490
2021-10-27,1796.0599365234375,1854.5924996365397,1771.929043816412,1854.5924996365397,3253010
2021-10-28,1793.6370849609375,1831.9623443092794,1775.1200077815465,1796.060082596667,3425500
2021-10-29,1777.029541015625,1812.2138857053042,1709.0640085344635,1793.6370434659216,3205360
2021-11-01,1751.5572509765625,1792.8690764117218,1712.1999150919632,1784.8919058826373,3849290
2021-11-02,1749.2540283203125,1784.3834760130978,1734.291841933967,1759.963370765,2719290
2021-11-03,1745.9483642578125,1770.4083934648102,1739.9306736684343,1752.9533417190394,1838020
2021-11-04,1754.37939453125,1769.9348539738937,1745.0061940587684,1759.9633900078436,315060
2021-11-08,1826.7471923828125,1834.0463719577199,1746.5018627970915,1760.0530478502028,3161990
2021-11-09,1812.064208984375,1842.2278861458976,1802.8406052242399,1826.7721176829687,1980870
2021-11-10,1827.3853759765625,1832.256445707398,1795.1127436107445,1809.0727927208961,1784330
2021-11-11,1782.03515625,1829.7635566702936,1775.9176536402142,1819.792093146205,2155580
2021-11-12,1822.1654052734375,1829.6639657262226,1787.3899243449448,1808.3250082816203,2078020
2021-11-15,1807.876220703125,1829.26496101062,1794.8634122753426,1822.2849366295493,1704610
2021-11-16,1815.778564453125,1845.8175984802397,1806.704556942025,1817.7978101719552,2189550
2021-11-17,1820.33056640625,1836.7435561929717,1806.0214190659367,1813.3106172295977,1461000
2021-11-18,1787.0107421875,1841.9285237984884,1776.037142721273,1820.3901889150077,2745560
2021-11-22,1702.5028076171875,1808.823540825875,1678.2023551046295,1808.823540825875,3707000
2021-11-23,1731.8536376953125,1738.8087084479096,1670.942876214776,1683.1828707836153,2513150
2021-11-24,1735.9019775390625,1759.6639287221067,1709.1485876229574,1738.2252844685033,2740240
2021-11-25,1731.9285888671875,1747.1998271524953,1717.609581548769,1729.9492679222058,1616200
2021-11-26,1663.4942626953125,1718.8009467170173,1656.2599616064133,1715.0915917899042,3424860
2021-11-29,1684.2200927734375,1704.9208605260158,1622.7210435757843,1662.2429484926083,3042180
2021-11-30,1718.816162109375,1745.0062273220774,1683.1831495540953,1683.1831495540953,4586420
2021-12-01,1733.3345947265625,1749.6628665510207,1715.1914483426558,1739.4221538457539,2383490
2021-12-02,1770.747314453125,1783.8947469650407,1722.4156620647213,1735.0345778195476,2138810
2021-12-03,1743.8792724609375,1783.8698059809647,1740.020321087633,1769.934710561919,2034590
2021-12-06,1684.5240478515625,1754.872766372099,1680.2911667752132,1743.7096456384693,2036900
2021-12-07,1706.017822265625,1720.077562343867,1688.3384358394849,1709.1089518013844,2300780
2021-12-08,1757.136474609375,1762.381474260996,1711.7014368985174,1711.7014368985174,2842990
2021-12-09,1754.6385498046875,1772.1184325074648,1743.7097432278351,1757.5053455110751,2103820
2021-12-10,1766.0557861328125,1771.2858136588043,1725.127872027407,1752.9832126180472,2333140
2021-12-13,1727.456298828125,1778.5051508189463,1720.077391759662,1769.9347074628408,2199130
2021-12-14,1707.46337890625,1721.0744497390174,1681.6871723550712,1715.091572161709,2420260
2021-12-15,1661.315673828125,1716.5825625598648,1657.2573414773624,1712.000703996912,2532210
2021-12-16,1665.568359375,1690.163012307482,1652.7700253095288,1682.1858417479186,3253500
2021-12-17,1615.7957763671875,1680.1914376162804,1608.6960999091648,1660.2485125407163,3054350
2021-12-20,1578.1036376953125,1589.451167208376,1540.5909995840284,1589.451167208376,3371600
2021-12-21,1578.677001953125,1610.3912939656348,1563.2262247167419,1610.3912939656348,3368050
2021-12-22,1590.03955078125,1613.8763632906414,1578.482658764173,1588.5538124700126,2612920
2021-12-23,1612.3756103515625,1617.3264077239944,1598.0765662748606,1605.4055673466157,1811180
2021-12-24,1587.5118408203125,1620.3627728324739,1575.491188354036,1620.3627728324739,2087360
2021-12-27,1596.7406005859375,1609.3893396943492,1551.6645185320754,1556.5805039660495,2351140
2021-12-28,1605.4903564453125,1620.2631430490062,1597.5930351842599,1612.6199772564044,1457220
2021-12-29,1620.26806640625,1628.339936633917,1592.0437863290379,1605.4355149320127,1724280
2021-12-30,1612.141357421875,1623.5338031979866,1592.891393512279,1615.3770924697026,2831460
2021-12-31,1635.938232421875,1645.291470011181,1612.3856406109574,1615.132783661582,2300860
2022-01-03,1693.2841796875,1699.1374240434657,1635.9682254928166,1635.9682254928166,2710610
2022-01-04,1708.6551513671875,1714.0945407758625,1680.4009273438471,1705.0205335198712,2300430
2022-01-05,1793.7066650390625,1799.8491204964246,1705.1202194176653,1705.1202194176653,6082100
2022-01-06,1793.517333984375,1802.8406281539412,1765.0487565711435,1765.0487565711435,3511360
2022-01-07,1770.622802734375,1809.1177411037556,1752.9833416423469,1802.3420876100922,3229140
2022-01-10,1774.80078125,1794.8633601624933,1768.0051658437424,1774.9204339384657,1697970
2022-01-11,1774.87060546875,1788.386977865206,1757.0815485819576,1764.949047927661,1648180
2022-01-12,1788.411865234375,1813.809152744804,1769.9347147454794,1784.8919095179765,2233940
2022-01-13,1817.29931640625,1822.2750672110803,1784.89205836334,1794.6341981797552,2480130
2022-01-14,1815.7735595703125,1828.113245650367,1794.8634298261102,1799.2508981100784,1553280
2022-01-17,1831.8177490234375,1838.2393131500182,1816.900356719153,1823.780690941895,1352730
2022-01-18,1810.174560546875,1850.5789494060675,1804.8398520136104,1832.4409160485752,2056670
2022-01-19,1802.5712890625,1856.7861293559033,1782.433972782895,1818.7948790877717,3481740
2022-01-20,1720.969970703125,1820.988670168304,1703.1260167604387,1802.3420815541529,5444730
2022-01-21,1628.858642578125,1704.6218082385951,1617.3714963223172,1695.148917230542,5582910
2022-01-24,1566.2327880859375,1638.7054426661828,1539.9929387536915,1634.1733684163382,4736430
2022-01-25,1548.4635009765625,1563.7696721193358,1520.6780294602572,1550.6123804357505,4090640
2022-01-27,1531.6016845703125,1552.5966526461295,1496.9159178111727,1534.209212304177,3497270
2022-01-28,1515.537841796875,1574.2598062371608,1510.6767532344868,1555.6480302570073,3509310
2022-01-31,1564.4776611328125,1569.6079984262255,1528.5953654037637,1554.5511133342188,3129920
2022-02-01,1585.8466796875,1596.9249615330693,1545.576912774014,1578.3780629241755,3571870
2022-02-02,1665.83251953125,1670.2199874246971,1587.9554208798986,1598.4354378223318,5257450
2022-02-03,1630.1448974609375,1666.9295195263542,1621.7289188961863,1665.83268287593,2891370
2022-02-04,1615.9503173828125,1642.2352009815756,1609.892702295539,1630.1348208862119,2945050
2022-02-07,1566.651611328125,1631.7353760170074,1560.534108455941,1611.3885746100962,3566640
2022-02-08,1594.3524169921875,1607.3800766238896,1567.5141819800901,1576.488499815854,4103730
2022-02-09,1621.140625,1636.8057552353362,1607.3999190592858,1613.3827971699282,2510230
2022-02-10,1634.6817626953125,1650.2771456145836,1598.7247299962542,1629.8256650269443,2997700
2022-02-11,1606.7119140625,1615.3770572579147,1586.4598136403347,1595.434130625101,2446960
2022-02-14,1562.9422607421875,1584.2612556053532,1540.6908755701245,1575.989882412075,2961150
2022-02-15,1632.8521728515625,1638.0622384147725,1560.4344160018454,1584.4656197480283,3592130
2022-02-16,1622.6014404296875,1654.255847085197,1614.3899546771072,1638.1121057769856,2738740
2022-02-17,1613.5023193359375,1637.1446184728752,1603.510894223925,1631.929562950495,2144330
2022-02-18,1605.061767578125,1624.2518457735248,1598.0118741467645,1601.516858458309,1743270
2022-02-21,1596.655517578125,1619.1810178162816,1573.4968197184849,1599.223242265783,2275920
2022-02-22,1614.3251953125,1622.3572634720556,1523.1411923500707,1525.6340584586633,3223740
2022-02-23,1608.7559814453125,1634.3228278432234,1598.9291238809274,1634.3228278432234,2418300
2022-02-24,1520.1695556640625,1585.05381436192,1515.6624347378802,1555.5482882836138,3615630
2022-02-25,1572.7142333984375,1601.915699956929,1552.5569528994326,1574.2947932216243,3203370
2022-02-28,1596.685546875,1603.8948953444442,1532.1153315945342,1565.5197335525015,3732570
2022-03-02,1600.7191162109375,1611.104312881999,1558.7391566626263,1566.0183738513276,2817150
2022-03-03,1565.9287109375,1630.1299915913444,1560.2150815452796,1625.3486307870025,3400140
2022-03-04,1528.9444580078125,1562.7577263706012,1516.859048559932,1554.5512310089111,3380590
2022-03-07,1433.2183837890625,1495.1213090671324,1376.0520255460435,1495.1213090671324,3715210
2022-03-08,1440.9461669921875,1448.3550176452754,1391.123785613651,1435.8906887498772,4625690
2022-03-09,1497.2352294921875,1515.617559436053,1435.890765640157,1445.9719007839526,3913410
2022-03-10,1542.3310546875,1580.4768914054093,1526.1374084527497,1560.4342750449127,4764050
2022-03-11,1552.4571533203125,1570.5054776395873,1523.639599894152,1535.605355914263,3296320
2022-03-14,1563.3758544921875,1569.009755620346,1536.7520960789313,1543.1438381582382,2852010
2022-03-15,1566.4071044921875,1590.448286237392,1548.9720167258688,1570.405670736409,2965110
2022-03-16,1607.8836669921875,1619.365822886099,1580.581792523172,1585.5227310486373,2983170
2022-03-17,1632.4083251953125,1654.1661270146053,1620.8614141240757,1635.2203461051267,4020680
2022-03-21,1613.4625244140625,1639.7024939459363,1610.3913574717333,1635.31502565549,2016350
2022-03-22,1644.7529296875,1654.2657445293116,1590.5480703504265,1620.3627696564986,2652790
2022-03-23,1636.052734375,1668.1010293878364,1629.7558142463058,1655.2627714466464,2290790
2022-03-24,1633.196044921875,1646.487961601709,1622.357069248204,1630.3342398406967,1839240
2022-03-25,1628.6690673828125,1645.2915415038551,1619.3807071977778,1645.2915415038551,1477480
2022-03-28,1647.1812744140625,1651.274541165287,1605.5104848136948,1635.3201977723857,1751870
2022-03-29,1645.4610595703125,1657.2572572384488,1637.6283726333609,1648.8812034350883,1981380
2022-03-30,1708.002197265625,1720.0626543645244,1648.382772071937,1655.2631069210045,4547640
2022-03-31,1701.176513671875,1725.0631096154593,1693.3538083915469,1705.1201834927372,2986920
2022-04-01,1709.0291748046875,1715.091781001341,1696.2656523968194,1698.1402924681881,2101410
2022-04-04,1714.727783203125,1743.0118298461375,1690.6865991726957,1714.9920415940342,3243940
2022-04-05,1677.08544921875,1725.0631346983403,1671.0726276920507,1717.085964133261,3855370
2022-04-06,1667.2286376953125,1685.0875622685642,1660.3483037814835,1677.0854387510228,2465520
2022-04-07,1650.6661376953125,1665.2344314983716,1643.2972114427046,1660.2486996675382,2167900
2022-04-08,1670.1204833984375,1679.194491042456,1647.0165581311096,1665.234441829514,2133830
2022-04-11,1653.05419921875,1679.7378437216032,1650.2821033146363,1662.741441360178,1696860
2022-04-12,1627.1484375,1645.4908421845973,1617.5807258554864,1645.4908421845973,2476470
2022-04-13,1604.4134521484375,1645.291461500289,1600.4198761866446,1635.718880977771,2483900
2022-04-18,1578.2083740234375,1599.422686178584,1560.9677970412372,1599.422686178584,2818890
2022-04-19,1567.5689697265625,1603.4113419693242,1554.700766776901,1595.3344808224545,2596960
2022-04-20,1546.5042724609375,1575.4862732649337,1527.9572526100071,1567.613783201938,2517070
2022-04-21,1579.0560302734375,1597.5281913102997,1554.815465067167,1555.6480433435702,2364890
2022-04-22,1541.010009765625,1570.355959704997,1538.5968716945808,1565.5248146840768,2148760
2022-04-25,1522.1588134765625,1535.6053168555093,1515.6623906625805,1530.619585307277,1642190
2022-04-26,1539.0306396484375,1558.8637734927215,1525.6389105710318,1550.562578793434,2206380
2022-04-27,1478.4090576171875,1529.7321502971288,1470.9254694996484,1529.7321502971288,3411920
2022-04-28,1496.9012451171875,1520.6482277022678,1461.8813474398971,1495.7195682317388,3475000
2022-04-29,1486.8597412109375,1523.639490884073,1480.7622015463667,1523.639490884073,2211070
2022-05-02,1491.4766845703125,1497.9880795458223,1455.8386832296062,1457.1150597898409,1907980
2022-05-04,1428.1578369140625,1501.5777258743346,1422.9278092953768,1491.4666475071838,3164040
2022-05-05,1409.89013671875,1466.9019036227082,1400.9905572658392,1445.762450664492,2969280
2022-05-06,1360.157470703125,1385.564739166415,1347.144662689325,1376.0619056338035,3516160
2022-05-09,1374.45166015625,1397.1666845243847,1332.471820759659,1350.1362352801564,4034090
2022-05-10,1359.1204833984375,1393.9308972543943,1352.3298581927572,1378.0562832254054,2563120
2022-05-11,1329.176025390625,1379.1180577438345,1311.4517259652152,1368.5832657495046,2918480
2022-05-12,1281.40283203125,1323.1135425869277,1271.3616216438547,1323.1135425869277,3256960
2022-05-13,1257.23193359375,1319.6981834294857,1253.9114802135675,1309.1534099288,3487640
2022-05-16,1261.91357421875,1274.223315869903,1241.4471224144731,1266.375779491069,4340040
2022-05-17,1293.5081787109375,1298.3542953689673,1259.3958410026628,1266.8544762307902,4286060
2022-05-18,1272.5731201171875,1311.2125419428394,1257.4065627851683,1304.2674515600704,3740540
2022-05-19,1237.8424072265625,1251.612933642896,1213.9059066277384,1244.6279192931484,2864010
2022-05-20,1252.5853271484375,1266.276126543061,1239.6174344859583,1260.2932486682741,3233300
2022-05-23,1253.7021484375,1275.7490391913984,1246.4329127393755,1261.390107692248,2788860
2022-05-24,1232.20361328125,1258.578206708379,1225.2685043850918,1255.4072278254685,2554750
2022-05-25,1237.064697265625,1255.2178240174544,1229.7806115245364,1240.9486016776875,2175990
2022-05-26,1244.21435546875,1254.9087261084744,1202.7828744638653,1241.4472499046888,3792040
2022-05-27,1272.1990966796875,1285.3215760220774,1256.8579911722645,1261.3900649091759,3295340
2022-05-30,1288.7169189453125,1295.293069712607,1280.0366823274378,1288.711928344834,2803920
2022-05-31,1289.708984375,1307.45312399556,1273.7147195704947,1288.7168287249124,4199190
2022-06-01,1256.0654296875,1298.7781554672347,1249.6237813706118,1292.2020043746968,2812330
2022-06-02,1289.908447265625,1299.2816469603067,1241.4521513568423,1250.820360451076,3661460
2022-06-03,1265.538330078125,1318.2275105634253,1261.5945382545224,1306.2617540378874,3171800
2022-06-06,1248.068359375,1265.2791163169877,1224.7001746025005,1265.2791163169877,3097470
2022-06-07,1230.348876953125,1241.4421293300122,1219.744216516205,1240.4499736492273,1765480
2022-06-08,1242.94287109375,1260.8915046113493,1221.504225503284,1237.558256694078,2368430
2022-06-09,1243.541259765625,1248.2229303105705,1222.0029217198535,1229.0328525776554,1742390
2022-06-10,1221.853271484375,1234.561897011169,1214.0904529667346,1226.4900264164405,2906700
2022-06-13,1135.3558349609375,1196.5756564600922,1131.7611417351707,1196.5756564600922,4877320
2022-06-14,1130.4149169921875,1154.461090058825,1123.2902872683887,1135.251052158528,3669480
2022-06-15,1177.599853515625,1183.6126750037677,1136.7467982344526,1136.7467982344526,4962890
2022-06-16,1143.9163818359375,1203.535807255903,1137.8487846159817,1199.0686106186781,3940410
2022-06-17,1172.130615234375,1183.054310169029,1131.761158049272,1132.7632950448815,4193620
2022-06-20,1167.6234130859375,1181.6183958480258,1149.9140846053442,1181.6183958480258,2428580
2022-06-21,1171.636962890625,1189.3363103439258,1164.6569385428445,1181.0001815866408,3079180
2022-06-22,1140.2918701171875,1166.6613546131443,1131.7612286204435,1166.6613546131443,2848330
2022-06-23,1151.9881591796875,1155.5928331972189,1128.25602933576,1150.4575055776595,2535530
2022-06-24,1154.9896240234375,1165.2601579393508,1139.7382274572853,1162.6725924892344,3662910
2022-06-27,1156.2061767578125,1174.6384126243177,1151.7040463336903,1174.6384126243177,2463700
2022-06-28,1133.201904296875,1151.7040079563837,1125.7782034482748,1151.4597119750897,3490570
2022-06-29,1107.8048095703125,1121.685132683724,1100.899643084289,1116.8040810859602,3902730
2022-06-30,1090.4481201171875,1116.8071298093503,1088.1787707589174,1112.1189026809432,3481840
2022-07-01,1129.4306640625,1131.4706067708391,1070.0441363822736,1089.2760728259263,4089830
2022-07-04,1135.9891357421875,1141.4455833260342,1118.7223789920097,1128.1787115746688,3004250
2022-07-05,1149.59521484375,1171.8695921482845,1138.1288931891313,1145.111432177975,4223480
2022-07-06,1199.8494873046875,1203.9891595552433,1150.1238616132523,1150.6226143719746,4782940
2022-07-07,1193.749755859375,1216.9567364328377,1182.0440431745187,1213.76476746983,2729250
2022-07-08,1197.31591796875,1209.7048586881901,1185.0365664796084,1201.9941604443839,1690110
2022-07-11,1190.8369140625,1201.6499608456406,1181.0015249066857,1186.5327364798952,1613680
2022-07-12,1183.5152587890625,1196.0090389494303,1171.1711287999055,1185.0364789590687,2272440
2022-07-13,1174.083984375,1208.9767085093488,1169.0764871064,1186.1338074029982,2672490
2022-07-14,1169.7000732421875,1192.6976197845913,1160.3684272859132,1183.3558672646345,2405440
2022-07-15,1181.0714111328125,1184.118722084279,1165.0863619928919,1176.7571270154383,1711040
2022-07-18,1221.9443359375,1225.5952404560362,1189.0316441842488,1191.0216629464285,2834830
2022-07-19,1241.3756103515625,1243.8893436641106,1206.2884278670329,1216.9566954853367,4230630
2022-07-20,1238.9766845703125,1260.6475905335244,1234.1138449070686,1260.6475905335244,2721470
2022-07-21,1268.472900390625,1272.5526637891423,1235.016526972431,1236.9068193765074,2713300
2022-07-22,1272.2435302734375,1283.290855233425,1262.612585225874,1279.3656125531552,3024220
2022-07-25,1258.8070068359375,1276.3032922351242,1253.864410929262,1266.831982402675,1747020
2022-07-26,1327.9791259765625,1351.5052543197128,1275.809539419091,1296.757154999858,13270240
2022-07-27,1327.3856201171875,1335.5552541424997,1297.7098290871709,1331.6649580240567,5339660
2022-07-28,1460.5523681640625,1518.5273778476942,1347.3305114871387,1347.3305114871387,16276260
2022-07-29,1501.00634765625,1516.308047541739,1477.5200374217934,1496.258211856029,10442350
2022-08-01,1503.550048828125,1521.1958623841947,1489.3754131064068,1516.2033425684917,4320160
2022-08-02,1518.6173095703125,1525.1858440408403,1482.42778235973,1496.258185782381,4248930
2022-08-03,1520.58740234375,1529.9739630609934,1507.7644888043535,1517.2058441344727,3096500
2022-08-04,1514.7420654296875,1536.8516921720507,1501.7445394611714,1531.0712256942127,3113610
2022-08-05,1504.82177734375,1521.2955950866206,1498.5923604430877,1513.8143039281401,2078470
2022-08-08,1549.1907958984375,1555.0113231977155,1500.323011983666,1502.7420114884346,4870730
2022-08-10,1560.417724609375,1563.4901194291388,1538.7519347282494,1549.1260161113903,4425480
2022-08-11,1569.7694091796875,1589.0263069853654,1566.2033756214341,1589.0263069853654,2536510
2022-08-12,1572.6123046875,1584.8765565083108,1564.0885766125539,1573.0661258405596,2052510
2022-08-16,1587.6048583984375,1593.0163747522467,1577.0562858380101,1577.55503861658,1522190
2022-08-17,1679.8292236328125,1709.8740845517443,1589.026268352444,1593.714495516338,9435810
2022-08-18,1676.3978271484375,1694.6622123142388,1657.919012382667,1683.7893774079087,3616590
2022-08-19,1624.697021484375,1690.4724738268012,1608.4775727766926,1683.789235874144,5126830
2022-08-22,1583.2108154296875,1625.809243087865,1577.639664527002,1624.7369734039307,3722010
2022-08-23,1626.3231201171875,1647.9291248476263,1563.260847235325,1576.0488150597346,7064070
2022-08-24,1629.310546875,1638.5424652388829,1613.988876856284,1625.4352282281409,2649190
2022-08-25,1620.577392578125,1655.3604050772078,1615.958937164855,1637.4602221557548,3693150
2022-08-26,1624.5374755859375,1646.5375135428262,1621.5799057952368,1638.20337435411,2071780
2022-08-29,1604.62744140625,1614.9615849289182,1567.1810417875542,1568.6773002047212,3079400
2022-08-30,1691.9837646484375,1695.7593570761187,1632.9165103138862,1634.911521322211,7661440
2022-09-01,1736.298095703125,1764.283046050562,1676.25817262017,1676.8068493854862,10171920
2022-09-02,1728.602294921875,1780.0485932003119,1720.6970150017025,1765.0860104611668,6944080
2022-09-05,1733.275634765625,1748.5175490628772,1716.213321513766,1737.6546988194386,3700530
2022-09-06,1692.662109375,1744.2380872483072,1688.906486567873,1738.1533280713481,5077980
2022-09-07,1701.3055419921875,1710.123456533127,1676.8367028107557,1690.7718254462443,3207730
2022-09-08,1733.9488525390625,1744.637089694538,1699.9487953516716,1723.689474552408,4301170
2022-09-09,1716.2730712890625,1754.1135026237919,1711.1260303431388,1750.6222332128261,3957300
2022-09-12,1709.530029296875,1737.6546443172335,1700.9663614665799,1733.6646221718438,4250820
2022-09-13,1780.2979736328125,1839.4001755870045,1745.6346568748686,1750.6221844659397,10413183
2022-09-14,1800.8466796875,1808.9264505556116,1747.6297811943627,1764.5873761032121,3784309
2022-09-15,1767.779296875,1819.4002093757524,1765.5848333590718,1810.472583359726,3051984
2022-09-16,1730.5723876953125,1781.0461437243696,1707.7294864498015,1767.7792713207414,3277213
2022-09-19,1761.544921875,1774.861718717004,1732.6671841783543,1734.213366526291,2309647
2022-09-20,1795.11083984375,1808.4275136663105,1775.5597567628927,1780.54728416953,2832208
2022-09-21,1797.5048828125,1815.459981530938,1773.6146751684566,1795.5098718437848,2080898
2022-09-22,1767.9288330078125,1783.539818298542,1728.6770162815287,1782.3428604154028,4480817
2022-09-23,1717.604736328125,1773.764222641537,1710.1234451150392,1767.5797372783757,2759913
2022-09-26,1672.6173095703125,1740.7468637275545,1657.3554263630226,1695.7593889961713,4915173
2022-09-27,1675.3603515625,1711.470000670113,1660.8465983480914,1684.2879767632146,2624336
2022-09-28,1648.0784912109375,1674.7119603579342,1641.1458768907341,1665.8341373089354,2114266
2022-09-29,1631.8192138671875,1680.796707825133,1623.938896343808,1667.7792128059818,2418856
2022-09-30,1674.163330078125,1694.7618429879083,1616.9564140573275,1621.6945651781,2788387
2022-10-03,1642.4925537109375,1681.794295284873,1633.9140306504282,1681.794295284873,1464138
2022-10-04,1696.9066162109375,1700.7469882829291,1665.884217493368,1677.8043602884968,1806381
2022-10-06,1706.2830810546875,1719.8491314961461,1690.6720956327165,1713.7144483204172,1661891
2022-10-07,1694.761962890625,1705.584873968517,1680.2981321302282,1703.7395130177676,1150275
2022-10-10,1680.1983642578125,1689.724469152545,1652.8666879731684,1671.1210881519796,1229639
2022-10-11,1668.477783203125,1702.792000546119,1660.8468409321642,1680.1984741226163,1402150
2022-10-12,1690.4227294921875,1697.3553440500875,1663.2407044633978,1676.8566789685956,1538819
2022-10-13,1677.554931640625,1690.3230511809024,1662.2930482655909,1688.7269449140088,1065166
2022-10-14,1684.0885009765625,1704.7368150979346,1680.896410475119,1704.7368150979346,1239168
2022-10-17,1714.96142578125,1720.6970827236623,1669.824299408354,1679.7993549603752,1551410
2022-10-18,1721.94384765625,1731.9189025304354,1707.7293944605358,1725.6844932340696,1661431
2022-10-19,1694.5623779296875,1726.682006054653,1688.1783184299347,1720.6969731047234,1804532
2022-10-20,1721.3951416015625,1725.6844638307005,1672.3179211631036,1682.7917286025386,1438398
2022-10-21,1680.2481689453125,1736.058677326484,1670.9215164395346,1727.1808536102653,2734130
2022-10-24,1697.554931640625,1719.898957731167,1688.7768344151907,1708.5772945057038,499690
2022-10-25,1654.4129638671875,1696.6573017322635,1650.8717702759773,1695.7595223378619,1870289
2022-10-27,1626.8817138671875,1672.368066758769,1616.9565818275662,1667.4802649528256,2177395
2022-10-28,1649.275634765625,1656.3578995342295,1630.9215090264772,1635.061181246587,2115388
2022-10-31,1683.29052734375,1685.6346409101486,1658.003787330592,1660.8466536458334,2217631
2022-11-01,1704.786865234375,1710.4226740347588,1686.781841812079,1687.7793473365095,2002317
2022-11-02,1706.1334228515625,1718.2032149868428,1695.0112122301264,1700.7468688258734,2036615
2022-11-03,1719.2008056640625,1728.1783555630916,1689.774392106134,1693.6646880822093,2205874
2022-11-04,1796.2081298828125,1800.4974522982125,1716.7569131261791,1718.6022739734335,6981242
2022-11-07,1773.6146240234375,1813.3651920756577,1761.1458058285252,1808.676843374889,2464569
2022-11-09,1748.327880859375,1793.514929742185,1741.1958137850065,1793.2156293790626,1762741
2022-11-10,1696.1083984375,1752.5173813684296,1689.774263067827,1740.647041944131,2030748
2022-11-11,1714.96142578125,1743.639710493311,1703.0910853211817,1735.659666051694,1671510
2022-11-14,1714.0635986328125,1730.6720900169735,1703.8890909597867,1719.699529215713,1459293
2022-11-15,1704.2381591796875,1725.4850751909728,1692.0686406972536,1719.1010155912497,1401141
2022-11-16,1681.4453125,1710.2233242534041,1670.821853674221,1709.4252710796504,2040699
2022-11-17,1660.4476318359375,1695.709426926657,1656.0585832804256,1681.395247347154,1875515
2022-11-18,1650.2730712890625,1670.4725570243454,1637.1059260465806,1663.8391213062644,1581747
2022-11-21,1631.7694091796875,1653.56488082108,1620.9464984508857,1650.2731856067903,1943750
2022-11-22,1639.2506103515625,1655.7593747936462,1627.928947478084,1630.9713879061023,1508906
2022-11-23,1632.1185302734375,1651.869188846405,1625.983968560844,1647.480140078433,1837952
2022-11-24,1629.924072265625,1643.3404732361491,1615.9589945350751,1634.9116000265358,1660403
2022-11-25,1629.6248779296875,1642.8418273560983,1620.4478749588104,1629.9241783211428,1140578
2022-11-28,1648.7269287109375,1657.7544021232106,1624.7867968940525,1625.9339525634396,2005182
2022-11-29,1627.9290771484375,1648.72704376252,1625.9839900089064,1644.8866717020671,1346735
2022-11-30,1622.4427490234375,1640.5474987960745,1619.2507800249514,1630.123492919314,2900845
2022-12-01,1634.7120361328125,1638.4027577178483,1620.1483586515644,1630.7220141962089,2111362
2022-12-02,1638.5523681640625,1648.8765253215358,1621.1957488075172,1628.1283630479502,1682841
2022-12-05,1630.12353515625,1650.8716994814363,1627.3305926516616,1645.884171688441,1383542
2022-12-06,1631.1710205078125,1642.791985016253,1623.9391049605374,1625.9341161459927,1177485
2022-12-07,1602.6920166015625,1637.9040089845942,1589.0262401415703,1631.320497126246,2376490
2022-12-08,1614.5623779296875,1617.7544685891385,1596.2082523767208,1605.98385498294,1161239
2022-12-09,1594.6124267578125,1622.8916861460448,1578.0538581618696,1617.954082135621,1766412
2022-12-12,1588.12841796875,1599.9488333125396,1566.1832978562684,1582.1933091901046,1365732
2022-12-13,1607.43017578125,1612.8666537701192,1587.2806135566418,1596.108512804408,1279634
2022-12-14,1619.00146484375,1623.8393425073245,1609.2757855317511,1615.7096477549007,1137059
2022-12-15,1600.8966064453125,1627.6296808716954,1596.008805126451,1615.9589151905316,1041690
2022-12-16,1583.1409912109375,1605.9838920409554,1577.2058820553714,1595.0113312878807,1533418
2022-12-19,1615.0113525390625,1622.941472675869,1586.1834188064706,1591.0712201824424,1508476
2022-12-20,1611.6199951171875,1614.4628618089132,1589.0763922371848,1610.9216681168427,866377
2022-12-21,1577.8541259765625,1625.1857095666603,1571.5697931086534,1614.462526275059,1397725
2022-12-22,1540.4478759765625,1590.2233057158792,1526.183497845925,1582.1435350804459,2100618
2022-12-23,1493.315673828125,1539.4503037081445,1488.2782222916585,1520.497699000677,1673592
2022-12-26,1531.1708984375,1541.0960291705612,1479.4502641040262,1493.1659643343296,1329547
2022-12-27,1533.8642578125,1547.5301571055254,1514.2134468983406,1541.1460971396154,1102198
2022-12-28,1518.901611328125,1530.8716776054046,1509.2258564603153,1530.8716776054046,1411078
2022-12-29,1507.92919921875,1518.203555825872,1499.3008730059855,1511.2210164758187,3417120
2022-12-30,1543.9888916015625,1569.076179731099,1522.043770206722,1524.1884314234708,2638505
2023-01-02,1548.6273193359375,1556.1086107336955,1524.7371108454206,1546.1335555366848,1061404
2023-01-03,1559.1009521484375,1566.0834900019495,1540.198273379892,1545.1358764414138,1306648
2023-01-04,1543.9888916015625,1563.4402492015347,1536.5575241991792,1558.1036190336788,1036103
2023-01-05,1465.185791015625,1544.138368241058,1451.071065169823,1544.138368241058,5979381
2023-01-06,1426.781982421875,1469.8742935298674,1419.4503412737286,1469.8742935298674,5207616
2023-01-09,1410.4727783203125,1447.2807556579291,1405.1361482434786,1443.390459851126,4513767
2023-01-10,1409.774658203125,1425.435446806004,1387.530235484361,1425.435446806004,2903001
2023-01-11,1396.20849609375,1419.300774367126,1393.565203748798,1414.462896711087,2327598
2023-01-12,1384.338134765625,1411.4203107616215,1375.5600379563189,1401.495180078773,3168742
2023-01-13,1387.6798095703125,1396.358058769599,1370.9216683566044,1391.2708050401618,3754686
2023-01-16,1380.4478759765625,1414.9116176967505,1375.7595271004514,1394.6623292503782,3480545
2023-01-17,1369.475341796875,1388.1286461652087,1350.5725392847282,1385.5351561871348,3681802
2023-01-18,1363.8892822265625,1376.5575530300096,1361.5949709318572,1376.3581006416894,2589016
2023-01-19,1351.7696533203125,1362.5426400644224,1344.7371905755278,1361.5950585102457,1910318
2023-01-20,1329.874267578125,1358.253371764441,1323.240953497152,1356.6074633564722,2091612
2023-01-23,1329.425537109375,1341.6449802379361,1316.2585124037007,1326.6823968152082,1832743
2023-01-24,1329.37548828125,1345.6348761133295,1326.2334434702038,1332.9166813983961,1311451
2023-01-25,1311.0712890625,1331.5700751604538,1306.7321646247315,1331.5700751604538,1549899
2023-01-27,1310.9217529296875,1332.817072942388,1298.8021578374867,1311.81953228321,1829556
2023-01-30,1340.4976806640625,1356.6074181072465,1314.5625388473063,1317.505252997535,4411750
2023-01-31,1339.1011962890625,1353.764600050943,1320.4978163139735,1351.021459953556,2213909
2023-02-01,1265.13623046875,1356.607432939291,1243.739665176512,1344.6373673545324,4761664
2023-02-02,1268.7274169921875,1285.43563605556,1248.9767570945285,1265.8346263534243,2419664
2023-02-03,1334.11376953125,1337.4555105874751,1278.1039294553686,1301.7447626453604,3271913
2023-02-06,1339.699951171875,1345.635060813836,1318.8021356927754,1334.113822372593,1546926
2023-02-07,1347.0313720703125,1358.95151338563,1333.7645009968135,1341.794468504321,1604424
2023-02-08,1365.4853515625,1373.5651220448958,1341.8443973174903,1353.565087356726,1516979
2023-02-09,1396.757080078125,1406.3830325318072,1353.2658645159813,1366.5825386231254,2593600
2023-02-10,1398.25341796875,1415.1112862767352,1390.5227498829588,1402.492816596442,2069492
2023-02-13,1385.0863037109375,1411.4702753458857,1378.3032176389947,1400.4977149015008,1467695
2023-02-14,1395.1112060546875,1401.4952657822314,1370.2234918561958,1386.5326828735244,1390992
2023-02-15,1417.2559814453125,1420.3980266200226,1384.5876735925522,1394.5128054399643,1518171
2023-02-16,1424.6373291015625,1431.4204153160042,1409.525217948331,1425.4353822206062,2153424
2023-02-17,1410.5228271484375,1423.6399282340772,1406.482880805753,1416.5078606837812,994199
2023-02-20,1401.09619140625,1422.2433809217357,1397.3057435915455,1414.4627893683935,993735
2023-02-21,1390.822021484375,1405.8843307674088,1386.5326989611199,1405.8843307674088,1117177
2023-02-22,1357.55517578125,1388.5277728694718,1352.6175718469854,1386.4330354963238,1402505
2023-02-23,1343.5899658203125,1362.5425700565545,1337.654856884233,1358.602472092711,1095460
2023-02-24,1355.6099853515625,1382.5426340671565,1346.9815383543307,1350.3231574529186,1342454
2023-02-27,1354.013916015625,1363.83932030021,1341.644824138806,1354.562470951145,972575
2023-02-28,1331.5701904296875,1368.4778959842845,1326.6823888544293,1360.7970301472171,1597380
2023-03-01,1340.5477294921875,1356.607544452023,1331.5701795656669,1332.3681109440913,1134472
2023-03-02,1340.1986083984375,1382.4927456111798,1333.864350847315,1371.5701087243904,3267851
2023-03-03,1351.96923828125,1361.0465152081774,1342.7423111558815,1353.6151469324536,1199487
2023-03-06,1377.3555908203125,1395.9589702764601,1353.8642884807462,1353.8642884807462,2466703
2023-03-08,1377.3555908203125,1380.3481072067132,1354.5126913842937,1371.5700104336165,1557533
2023-03-09,1349.1761474609375,1375.510195926165,1346.6324596641364,1374.5626143830962,1545024
2023-03-10,1325.53515625,1338.6523778977635,1317.7546864275157,1336.6573669023867,1389890
2023-03-13,1292.4677734375,1337.8542717839875,1288.6773257559564,1322.6922375262075,1668502
2023-03-14,1277.355712890625,1299.0514574503911,1265.8344756939432,1296.7571461009663,2060607
2023-03-15,1279.4005126953125,1306.4328870276445,1274.812011810346,1286.7820776489407,1376141
2023-03-16,1290.3731689453125,1300.7472511295705,1267.3807388310775,1282.29339825695,1539281
2023-03-17,1298.5028076171875,1313.0165616055012,1289.7746343376405,1301.6947765673835,1332869
2023-03-20,1242.29345703125,1304.6873571643205,1227.9293525186486,1301.7447644490953,3970911
2023-03-21,1264.9366455078125,1268.328188414342,1245.485289098784,1255.8593702034266,2333183
2023-03-22,1291.32080078125,1311.6698156796983,1267.3806686505495,1267.8294974216767,2884348
2023-03-23,1286.7821044921875,1307.2309673930324,1275.111338762419,1288.7271915252127,1947186
2023-03-24,1237.5552978515625,1286.7821729036677,1233.1163250483357,1278.103923234597,2676573
2023-03-27,1236.0091552734375,1248.4779751792823,1223.5902593535436,1241.89446262216,1553877
2023-03-28,1220.098876953125,1244.7372141023543,1211.9691827731313,1242.193648136266,1510246
2023-03-29,1242.9417724609375,1248.8768814580292,1222.3930618230233,1226.2335553967025,1657420
2023-03-31,1263.3408203125,1266.8320898514608,1246.8819782002565,1249.1762897464723,1830686
2023-04-03,1279.7496337890625,1283.3407510052737,1262.3432115031067,1269.8245027605333,1381342
2023-04-05,1276.1090087890625,1320.6974620101132,1272.3184386660873,1292.767304203253,3366621
2023-04-06,1300.697265625,1308.1785569762674,1268.178610237987,1276.1088521298161,1819711
2023-04-10,1301.794677734375,1313.9641968408853,1292.4181011319772,1307.7297871007027,1297282
2023-04-11,1319.899169921875,1321.6947284479745,1303.939082634956,1309.6747390036926,1281834
2023-04-12,1318.25341796875,1325.6847851006519,1312.268385078905,1317.7047412475251,1105734
2023-04-13,1337.9542236328125,1342.6424509438993,1314.7122959465523,1317.6050863530115,1330391
2023-04-17,1337.8045654296875,1349.575057619951,1327.2310311686672,1341.6449373656387,1073923
2023-04-18,1331.869384765625,1345.3357099243065,1325.6848989546313,1336.6574601950383,1236391
2023-04-19,1328.02880859375,1335.6098253870932,1318.7520813029028,1331.6697277080589,590360
2023-04-20,1328.7769775390625,1338.0039028956446,1321.7446372186619,1330.6223382572186,467602
2023-04-21,1314.612548828125,1334.6623854218835,1303.2908855321552,1333.1661271422627,825513
2023-04-24,1316.457763671875,1319.5999300637284,1304.587424950316,1311.8193391663578,1051329
2023-04-25,1342.4429931640625,1348.627478753798,1318.802039005119,1321.694829399987,2725305
2023-04-26,1331.37060546875,1346.1337362772642,1325.3357699661951,1342.4430144580426,889092
2023-04-27,1356.6075439453125,1370.572621603573,1336.807083190156,1349.1262523426728,3982526
2023-04-28,1351.2708740234375,1365.5351298683065,1315.5103255639324,1365.5351298683065,3376186
2023-05-02,1345.6849365234375,1367.4804088522385,1342.542769628023,1356.6075737973172,1387425
2023-05-03,1343.6400146484375,1347.5801129783847,1326.6824198087766,1341.6450034908303,903123
2023-05-04,1371.0213623046875,1374.8618558266069,1336.6573471241247,1338.9516584411826,2213569
2023-05-05,1355.859375,1390.5226917417694,1352.0190031098293,1368.0788175924222,2572062
2023-05-08,1401.2958984375,1407.2809319642563,1359.6998423670536,1364.3881916891705,2912772
2023-05-09,1405.18603515625,1443.0912464764585,1399.0015493840158,1407.4304226686309,3772745
2023-05-10,1410.921630859375,1417.3056905260655,1391.5201972456787,1415.4603296714108,1297980
2023-05-11,1416.856689453125,1424.1883297637821,1409.5250491424677,1417.4551683378284,915163
2023-05-12,1419.899169921875,1424.4378687000371,1403.49025298386,1416.4578246176839,1300969
2023-05-15,1417.804443359375,1426.432890441431,1412.4678131923542,1420.447857334684,1003664
2023-05-16,1424.7869873046875,1434.4129399404821,1417.4553460747045,1426.333169569362,1678746
2023-05-17,1411.8692626953125,1426.8318447040256,1401.4951814827775,1426.8318447040256,804968
2023-05-18,1411.919189453125,1426.4329439881415,1408.5277679779729,1418.8020021374195,739262
2023-05-19,1411.570068359375,1419.1510861266388,1393.5651663828505,1418.5526071545046,754504
2023-05-22,1409.4752197265625,1415.1609521613884,1401.4951760196889,1407.480208799844,591903
2023-05-23,1433.664794921875,1444.188526763649,1411.9690500691695,1412.0687762670545,1991556
2023-05-24,1422.8916015625,1443.390387282403,1417.6048957328335,1433.6647091372727,1047736
2023-05-25,1423.7894287109375,1426.0837400312282,1412.4677658169082,1417.5550194338502,688673
2023-05-26,1435.56005859375,1442.692247241683,1427.4303644500449,1427.4303644500449,1023550
2023-05-29,1445.9342041015625,1464.8368853767763,1440.8967524186266,1445.3356033649584,1659680
2023-05-30,1462.193359375,1463.5399673976165,1435.9091147639167,1449.8242672739598,1506999
2023-05-31,1447.4302978515625,1461.3454498451333,1443.639728524484,1461.3454498451333,1704213
2023-06-01,1446.53271484375,1455.3606147127996,1440.3980312853205,1451.8693452463879,939379
2023-06-02,1453.6148681640625,1463.2408204484525,1444.786968974076,1456.3580082480914,1129346
2023-06-05,1455.2607421875,1465.834275726617,1452.5674043818717,1465.3355229958493,829929
2023-06-06,1471.4202880859375,1475.2108575618804,1459.4502224976593,1462.8417654341656,1472972
2023-06-07,1477.205810546875,1479.499999968485,1468.327987897325,1479.3005475894927,837622
2023-06-08,1463.7396240234375,1481.295696817745,1459.3505753834079,1479.3006857782598,722068
2023-06-09,1462.8419189453125,1472.3182218638126,1457.9043150783154,1467.3306940119705,499104
2023-06-12,1462.3431396484375,1469.325678514426,1458.3031934553612,1469.325678514426,465964
2023-06-13,1482.49267578125,1488.2782565842158,1466.333134838336,1466.333134838336,1205104
2023-06-14,1476.7071533203125,1488.1784664675174,1465.3355663690522,1486.2831816813396,763762
2023-06-15,1471.021240234375,1478.3030787347334,1465.9339867862216,1476.2581438533746,853566
2023-06-16,1504.8367919921875,1511.2208516261464,1471.0213307610543,1475.3106531716637,2090874
2023-06-19,1538.103515625,1549.4253001579527,1512.8667002136617,1519.1509116350553,3446484
2023-06-20,1517.2557373046875,1539.350385957232,1498.402859649854,1539.350385957232,1943763
2023-06-21,1515.4603271484375,1531.1710397715,1509.4752937682233,1522.093763498005,799052
2023-06-22,1503.88916015625,1523.3903192162575,1501.096096108006,1519.2008449096968,966522
2023-06-23,1498.2034912109375,1515.909215658177,1480.2483903630325,1503.7396960120363,1237464
2023-06-26,1503.78955078125,1507.0812460590282,1483.4902152887832,1500.6971861426803,647496
2023-06-27,1519.1510009765625,1523.5400496697262,1499.2508143231096,1508.2283641094755,763062
2023-06-28,1515.061279296875,1531.1710182722509,1512.0189604308061,1526.1834905254357,1158136
2023-06-30,1524.99169921875,1533.5747433169429,1516.0094182678542,1518.0054807013867,934639
2023-07-03,1537.0677490234375,1541.4591104473593,1523.5943285047974,1524.9915964801328,1068533
2023-07-04,1626.2918701171875,1631.7310915245862,1562.0186352967285,1562.0186352967285,7337423
2023-07-05,1610.5228271484375,1638.767157585463,1604.3850330051393,1627.7888148732584,2006206
2023-07-06,1616.710693359375,1620.8025967314334,1603.8360670858458,1611.8702666205993,937466
2023-07-07,1611.7205810546875,1623.4474474495678,1602.239284820529,1608.67653721594,1456642
2023-07-10,1594.6541748046875,1618.8064792151197,1576.6396643280427,1608.7762177111756,1731894
2023-07-11,1589.264892578125,1628.7869033673667,1584.7737522195753,1594.8538428805466,1500679
2023-07-12,1590.063232421875,1601.9398278685453,1578.136808514029,1592.5084819188244,1281286
2023-07-13,1611.920166015625,1621.800699257095,1591.8597632708102,1591.8597632708102,1136620
2023-07-14,1611.02197265625,1631.7810711000984,1601.0916105885829,1619.9544253177553,1088010
2023-07-17,1607.0797119140625,1618.7566280194533,1599.8439858396164,1616.8105159452143,823296
2023-07-18,1615.114013671875,1621.8007742861682,1598.8460556347331,1615.163842136169,2077115
2023-07-19,1640.8631591796875,1646.552010421473,1610.8224428214435,1615.1140259426156,1920501
2023-07-20,1632.5794677734375,1654.9852192355286,1621.800682199749,1647.6497143620363,1159938
2023-07-21,1629.6353759765625,1641.7614805790568,1617.1101563199882,1629.7851050368386,1149031
2023-07-24,1654.236572265625,1656.7316500518477,1618.8064677012633,1626.7907166171758,1455663
2023-07-25,1645.603759765625,1661.6222096470938,1631.831001968739,1661.6222096470938,1378736
2023-07-26,1623.247802734375,1661.6221756195578,1614.8644380862029,1646.1526919602206,2225230
2023-07-27,1611.371337890625,1659.4264431599017,1598.8459974804925,1638.2682302523274,3402069
2023-07-28,1581.729736328125,1626.79086975513,1565.3121716813005,1621.8007137129364,3285744
2023-07-31,1595.1533203125,1599.644460725509,1562.7173062185461,1562.7173062185461,1323373
2023-08-01,1569.25439453125,1596.8000323661395,1566.5597589175052,1595.1533782855095,1641917
2023-08-02,1523.9937744140625,1569.2544688887176,1520.9996805547028,1568.9051823044572,2170178
2023-08-03,1490.70947265625,1519.9018881233874,1474.8907009486031,1519.9018881233874,2785017
2023-08-04,1483.373779296875,1504.3822623641252,1467.8543458442464,1498.9928696707057,2703607
2023-08-07,1505.4302978515625,1509.2726936346776,1482.0763432286303,1495.050748926928,1228780
2023-08-08,1512.7657470703125,1517.3068376292338,1489.96075918458,1506.5280522531002,1409271
2023-08-09,1513.614013671875,1526.738147625235,1502.0368767288633,1521.9974996754263,1065831
2023-08-10,1516.40869140625,1526.7382903809576,1502.1367959329923,1509.5722017738096,900666
2023-08-11,1501.0389404296875,1518.8039447066592,1494.701466609694,1515.9594582930563,792201
2023-08-14,1479.1322021484375,1495.000800908818,1464.1617340122432,1493.0546887831056,1549409
2023-08-16,1466.9560546875,1479.0821574699999,1460.119565707564,1479.0821574699999,834135
2023-08-17,1473.9422607421875,1477.0860831906487,1462.5148529521948,1470.0998652296119,1048714
2023-08-18,1457.2752685546875,1475.3895590454135,1453.1334147441942,1467.1058514244266,1053734
2023-08-21,1475.3896484375,1481.5773934673764,1448.143346528234,1452.1354715358927,1498685
2023-08-22,1464.9102783203125,1491.0586476392893,1461.4669975018703,1482.0763666294142,1557523
2023-08-23,1467.20556640625,1471.0979122497033,1455.1793641700358,1471.0979122497033,961649
2023-08-24,1465.7086181640625,1489.062572963944,1462.115730155615,1477.0861983824643,847606
2023-08-25,1500.939208984375,1506.5281595727383,1462.7645139836084,1465.708657415072,3624097
2023-08-28,1496.947021484375,1511.0192370406198,1484.0723946363287,1510.5202214405404,1066459
2023-08-29,1500.4898681640625,1511.0191454192839,1494.302123830266,1506.8772918237714,1377001
2023-08-30,1498.5438232421875,1515.8596399239786,1496.0487452814114,1507.0270883088267,700372
2023-08-31,1485.9686279296875,1504.8314413395096,1477.2856836845433,1498.0947309667145,1542837
2023-09-01,1511.5181884765625,1515.7098706073002,1484.4216181765041,1491.0585497418185,904596
2023-09-04,1507.126953125,1522.9457239336484,1503.0849996957159,1518.005518021195,685689
2023-09-05,1507.4761962890625,1516.8078855905449,1503.0350061251345,1509.0231934005333,1298151
2023-09-06,1515.2109375,1519.452570151486,1501.2385005303993,1507.975211212171,712220
2023-09-07,1516.558349609375,1521.7980133779947,1507.1268817278715,1521.7980133779947,647590
2023-09-08,1537.966064453125,1555.7310683747764,1522.047515697753,1526.9877213583914,2168354
2023-09-11,1546.6488037109375,1548.9443240571866,1536.9679504175692,1546.4492462155995,841557
2023-09-12,1539.4132080078125,1555.830894690275,1524.6424190358816,1555.830894690275,1444688
2023-09-13,1549.742919921875,1561.9688023098684,1518.0054785418668,1538.964134064141,1193072
2023-09-14,1547.8465576171875,1560.5215046762153,1538.1655822221248,1553.8845730653168,920905
2023-09-15,1535.0716552734375,1564.513573581326,1528.28511669367,1545.002138105776,3116428
2023-09-18,1556.8787841796875,1562.2681772419396,1529.8821122344011,1535.0718259506525,1403635
2023-09-20,1550.2918701171875,1565.1126103136353,1542.0581120269399,1551.8388673388667,1076887
2023-09-21,1523.1951904296875,1549.1939522924376,1511.0192583480436,1527.4867733828803,1772341
2023-09-22,1540.66064453125,1547.9463206913813,1521.897731923885,1524.9916041369636,1321743
2023-09-25,1574.2945556640625,1587.867756621796,1543.6549224602932,1546.6490162817045,2962182
2023-09-26,1564.613525390625,1579.8834520865637,1547.9464524234115,1579.8834520865637,2472382
2023-09-27,1562.6673583984375,1566.908991017434,1551.14004925482,1564.613470515161,964400
2023-09-28,1536.6685791015625,1571.849178654159,1532.0278315181824,1561.9188170159853,831496
2023-09-29,1537.217529296875,1549.8924765863544,1529.033722329964,1544.9522709635205,1109857
2023-10-03,1557.9766845703125,1561.1203854490382,1523.9936728004316,1527.2372742651344,1083086
2023-10-04,1529.53271484375,1552.7867679539818,1518.1551351655796,1551.9384658274025,1614123
2023-10-05,1539.5130615234375,1552.9365323026739,1529.2832418215721,1536.9680332558598,1153064
2023-10-06,1631.4317626953125,1637.469778495186,1547.9963768362882,1556.279962887433,7384628
2023-10-09,1618.3575439453125,1624.7947964646698,1603.4369043810177,1613.9661822915741,1712235
2023-10-10,1629.884765625,1640.7133800266247,1613.8164873035587,1626.7908932002479,1453653
2023-10-11,1633.3280029296875,1647.6995546914814,1630.2839590491799,1638.168429865429,952433
2023-10-12,1631.58154296875,1639.715400225845,1619.6549963840137,1633.777162995821,1052767
2023-10-13,1643.308349609375,1645.7534773598145,1616.8105720575497,1627.788915448064,1212989
2023-10-16,1639.1165771484375,1646.1527460988239,1627.1901526024471,1640.7633530549094,859548
2023-10-17,1654.386474609375,1673.4488465270622,1642.310321224975,1646.651732661807,1689224
2023-10-18,1624.994384765625,1661.7219824183358,1618.8565902224807,1661.7219824183358,1230439
2023-10-19,1631.531494140625,1639.7153011981748,1594.2550534164527,1621.8006900006212,1429935
2023-10-20,1631.8309326171875,1636.521630439895,1611.8203586890872,1624.595206548769,1191783
2023-10-23,1609.9739990234375,1648.4480273562203,1602.3390362412197,1623.7967062998844,1093182
2023-10-25,1608.27734375,1626.790871417449,1595.7021748768186,1609.724562101704,1490405
2023-10-26,1556.9285888671875,1605.2333207339334,1548.9443396935096,1586.8695232684795,1780025
2023-10-27,1563.316162109375,1590.1132765957843,1548.2957431826426,1572.4980008053933,2003579
2023-10-30,1558.026611328125,1568.006924156862,1524.9918002310037,1565.811304066536,850025
2023-10-31,1566.4599609375,1578.3364350738095,1549.3437010298992,1549.3437010298992,1592788
2023-11-01,1569.75341796875,1576.8893657302988,1561.9188970683024,1571.7994307512172,770557
2023-11-02,1572.4979248046875,1589.4644551016547,1563.0166284622646,1584.5740778853565,1020303
2023-11-03,1533.1256103515625,1590.512402783402,1524.8918531765594,1581.1308853937667,2519096
2023-11-06,1561.3201904296875,1562.9170161440404,1536.9682023383284,1543.9544214398663,917415
2023-11-07,1566.70947265625,1604.6346593737437,1546.9484055819833,1598.8460295111854,2532282
2023-11-08,1572.3980712890625,1576.8392611589366,1556.1301148693472,1572.8970868623055,831310
2023-11-09,1579.1348876953125,1585.8715983870131,1565.9109741153075,1571.8991613968192,1108425
2023-11-10,1592.85791015625,1595.6524464499234,1569.5539043204005,1577.8874410758342,672720
2023-11-13,1582.0789794921875,1594.8038770507658,1565.6114650046156,1591.4604969601937,853825
2023-11-15,1583.9254150390625,1611.8203374726197,1576.8392962772139,1596.8498699419142,1684967
2023-11-16,1617.459228515625,1624.7947331969256,1536.0199099891945,1557.9765955729367,3213352
2023-11-17,1612.7186279296875,1617.4592760928954,1578.486109303374,1589.9136395526732,1783393
2023-11-20,1590.662109375,1613.3673182340967,1583.0271466453964,1608.7264489804181,1256179
2023-11-21,1607.2293701171875,1613.2673854082961,1590.462398255156,1590.6620775808783,1714833
2023-11-22,1620.702880859375,1622.798722001499,1599.3449889344417,1606.8302228920131,807316
2023-11-23,1620.752685546875,1633.6273121310408,1617.0100686229882,1620.7028570858765,695592
2023-11-24,1614.0660400390625,1625.7429569391327,1608.8263759733923,1621.2518163114155,625345
2023-11-28,1651.142822265625,1653.7376789891716,1614.315447051892,1614.315447051892,1564478
2023-11-29,1650.2445068359375,1661.7218650631,1645.7533666600914,1656.7317093121599,746796
2023-11-30,1670.205322265625,1676.5927467287245,1641.3123658708862,1649.7456813295955,1577522
2023-12-01,1682.6307373046875,1685.3753232423494,1666.6622373037462,1676.6925000988322,1101136
2023-12-04,1692.9105224609375,1711.3241504507725,1682.5809233000548,1696.6531396808216,1419178
2023-12-05,1689.367431640625,1710.026751411809,1669.9557727497402,1692.9604415695164,1778602
2023-12-06,1697.0023193359375,1706.6333447409688,1689.5670356595551,1697.651063979174,737176
2023-12-07,1700.695068359375,1720.6057415202665,1686.6726816526975,1697.002279922859,941890
2023-12-08,1706.783203125,1711.1745650850917,1689.1679268190576,1701.6433177113695,1376050
2023-12-11,1699.4476318359375,1713.6196266088039,1694.906540994992,1696.8028247031884,1003371
2023-12-12,1703.3896484375,1716.3640532593472,1697.151953811612,1701.4435364462122,1390539
2023-12-13,1681.2335205078125,1706.1343504204472,1664.915612789733,1704.6373036081447,1168629
2023-12-14,1727.5421142578125,1730.4863794935425,1694.6570338581075,1696.6530963243713,2130836
2023-12-15,1729.73779296875,1737.5723134970399,1715.3661193699238,1735.526300811763,1486079
2023-12-18,1721.20458984375,1735.1271982358508,1715.1665741582706,1729.2387897669685,696124
2023-12-19,1706.3837890625,1723.1507614127097,1693.4593341721134,1721.6037643707048,1214352
2023-12-20,1677.5906982421875,1737.5723500615436,1668.7081960384266,1712.3221115210742,1540009
2023-12-21,1663.5682373046875,1678.488876447595,1656.981255925099,1659.7258416524257,988034
2023-12-22,1668.758056640625,1686.6726673039636,1660.3246202061196,1665.7140128581748,1279614
2023-12-26,1642.060791015625,1680.6845499335302,1633.8270335708794,1671.7022690847168,1296291
2023-12-27,1666.1632080078125,1670.7542491844026,1650.544116536536,1653.7377677785257,1181177
2023-12-28,1677.8900146484375,1695.455461336486,1663.9175777656596,1670.7541889901465,1360425
2023-12-29,1682.4810791015625,1689.367397054322,1671.3030563416087,1679.1375770511852,738203
2024-01-01,1673.0994873046875,1688.3692911948672,1667.7100945899274,1682.481004722236,692280
2024-01-02,1682.880126953125,1686.5229651260536,1660.1749176085416,1672.6004788973005,1099965
2024-01-03,1674.3470458984375,1704.6372680698657,1672.7002700732407,1676.6923948228189,804258
2024-01-04,1698.59912109375,1720.555807092849,1686.6726972035035,1691.0141084782388,2268009
2024-01-05,1706.13427734375,1713.7192898352057,1694.3076323991143,1699.5971244780353,835592
2024-01-08,1693.01025390625,1720.2565552375493,1686.8723374711788,1712.5716416628316,684254
2024-01-09,1679.1375732421875,1711.623538105572,1671.0037162831063,1707.082447333707,1235008
2024-01-10,1668.558349609375,1681.682483565211,1655.3843871941476,1681.682483565211,607010
2024-01-11,1665.963623046875,1699.2978903421906,1656.8815632614703,1675.6944274948048,861924
2024-01-12,1648.6478271484375,1671.652374096536,1638.767293521864,1666.9616760078525,1314964
2024-01-15,1629.1861572265625,1660.8736478650842,1626.8408082697074,1651.7416380079865,1089891
2024-01-16,1620.3037109375,1643.058871840344,1616.8106016130275,1630.7830389109179,1063676
2024-01-17,1583.0272216796875,1618.8066160469107,1574.9431932775087,1611.770447312988,1488186
2024-01-18,1578.037109375,1602.1894164961623,1555.93069318473,1582.8775364919702,1133236
2024-01-19,1597.3489990234375,1603.1874574092599,1577.8873898507059,1587.817751953003,1139473
2024-01-23,1579.38427734375,1612.069797143439,1571.8990438018366,1594.3047941386417,3028946
2024-01-24,1617.6588134765625,1619.654875836241,1575.2424883333915,1591.5602737577688,1393463
2024-01-25,1626.9404296875,1631.7808561792858,1610.5227449172562,1618.5569440420531,1744604
2024-01-29,1633.72705078125,1638.3679200189495,1615.313424699703,1626.7907829845635,940220
2024-01-30,1587.4185791015625,1625.7928301355064,1581.879457191392,1625.7928301355064,4851835
2024-01-31,1624.09619140625,1628.7868892302527,1581.8794236703127,1590.8617043094503,1486444
2024-02-01,1619.05615234375,1628.7869567730004,1609.8243635262559,1628.7869567730004,1352416
2024-02-02,1648.2484130859375,1660.7238022252498,1623.4971923015532,1631.7808994220454,1514648
2024-02-05,1611.7205810546875,1656.6319842691225,1605.383107411535,1646.7514511959512,2578535
2024-02-06,1593.90576171875,1623.5971896398269,1575.4920131537415,1623.5971896398269,2376798
2024-02-07,1593.0574951171875,1620.55330586713,1586.2709554485025,1605.83234435117,1477982
2024-02-08,1567.4580078125,1604.7842786077913,1561.918885715827,1604.7842786077913,1486674
2024-02-09,1567.8570556640625,1584.1749631518378,1559.6232983126079,1583.1269816660244,1049368
2024-02-12,1554.1842041015625,1576.1908424629946,1548.445524266222,1575.6418765293574,803753
2024-02-13,1564.912841796875,1583.3264677658753,1549.143900909024,1556.9285926040338,1833289
2024-02-14,1576.5899658203125,1579.8835177795181,1551.938641912287,1556.9287983171498,763689
2024-02-15,1566.310302734375,1586.8697225727792,1561.46987543089,1586.8197722771806,803588
2024-02-16,1572.79736328125,1581.879422666843,1563.96481169103,1579.9831390560103,850341
2024-02-19,1616.960205078125,1621.8006318286646,1568.904980452099,1572.8971050842927,1162373
2024-02-20,1599.6942138671875,1615.8124414009562,1594.3547715491213,1614.7644599552718,1232581
2024-02-21,1583.8255615234375,1615.4132733178872,1577.4880877797755,1600.8420421876613,674394
2024-02-22,1589.41455078125,1595.8518029429326,1562.7670460769016,1595.8518029429326,1149519
2024-02-23,1613.367431640625,1617.7088431198868,1592.8578411568933,1592.8578411568933,1199419
2024-02-26,1611.121826171875,1626.1920730313896,1606.8302432498363,1612.818430491761,742382
2024-02-27,1597.44873046875,1620.253719252806,1591.8597800583657,1611.1218311446696,931236
2024-02-28,1581.38037109375,1606.5307075631247,1576.8892308792206,1599.8439475312598,790763
2024-02-29,1590.662109375,1600.4427416317026,1565.2621432895855,1581.8294361570413,1352363
2024-03-01,1610.2235107421875,1617.109950167062,1592.0592703874477,1594.8038560993198,740120
2024-03-04,1616.1119384765625,1621.8006674704677,1600.143439596853,1612.8183868506312,589948
2024-03-05,1547.4473876953125,1633.3778503209746,1538.1158202683703,1626.790868715485,2343463
2024-03-06,1551.539306640625,1554.9326371467364,1527.7862367578107,1554.9326371467364,1239370
2024-03-07,1579.683837890625,1586.520327269724,1554.0843131506595,1554.0843131506595,1380840
2024-03-11,1595.6522216796875,1612.9680374441925,1579.8832810709325,1594.3547324768253,1285565
2024-03-12,1590.41259765625,1608.8262237557071,1562.0684884548566,1586.9693170694577,1587096
2024-03-13,1570.0528564453125,1595.8019891240415,1558.9247838463534,1589.1651788975178,1279653
2024-03-14,1560.621337890625,1576.8892951740968,1547.0481379437301,1562.517621535628,1289823
2024-03-15,1568.35595703125,1586.470246251107,1544.4531604051108,1544.4531604051108,1929597
2024-03-18,1573.945068359375,1576.040909401083,1557.9266197256577,1567.8569809015928,645594
2024-03-19,1578.38623046875,1586.8694950650095,1548.0460597820158,1570.9509472898997,1385006
2024-03-20,1581.580078125,1590.3628018846605,1563.0167211825226,1579.3844581000785,723724
2024-03-21,1599.44482421875,1606.281313775632,1588.865717550803,1592.8578424692723,1166497
2024-03-22,1584.4244384765625,1606.8301895932477,1580.2825847398765,1589.8636596410208,1570412
2024-03-26,1590.761962890625,1615.81252178391,1585.8715856174385,1585.8715856174385,1616192
2024-03-27,1579.5340576171875,1606.7304070349962,1575.0927458069352,1586.8695623602157,1205575
2024-03-28,1640.6136474609375,1665.7141577876048,1584.8736264629817,1584.8736264629817,5210310
2024-04-01,1642.7593994140625,1670.704273766185,1637.1204986162982,1655.783755656599,767676
2024-04-02,1653.28857421875,1659.6260477470778,1622.499215331168,1647.6496737735538,1605925
2024-04-03,1637.1204833984375,1651.59193605341,1631.781040750358,1650.74363388446,1055536
2024-04-04,1652.5400390625,1659.2267990847158,1626.7907864710298,1646.7514096179136,1328509
2024-04-05,1674.646484375,1678.1895440385063,1648.697671918859,1655.2348253273044,2364243
2024-04-08,1685.8243408203125,1698.6490167274953,1681.5327581447693,1686.6726429315318,1345380
2024-04-09,1707.03271484375,1711.6236343366143,1683.928266492392,1691.613058567622,1284145
2024-04-10,1700.7449951171875,1718.609778504808,1692.660966518092,1713.6196223535164,1031729
2024-04-12,1695.3056640625,1702.8407262659057,1686.2236048201958,1696.6529817702635,1312132
2024-04-15,1653.5880126953125,1688.6688346607932,1650.9432055799948,1668.7082101376159,828843
2024-04-16,1615.3135986328125,1645.4540940334778,1608.177650738718,1636.7712707802364,1528544
2024-04-18,1590.761962890625,1626.890643799508,1586.1710437110958,1621.8007090172043,1325537
2024-04-19,1615.8125,1625.5433041229155,1565.6114823056857,1583.8755018529957,1242066
2024-04-22,1626.2418212890625,1644.7553479976032,1614.3153976857545,1623.796693684527,703167
2024-04-23,1617.908447265625,1648.7476374902476,1612.818512218063,1625.39368169733,1297705
2024-04-24,1627.14013671875,1645.603713852536,1614.8644261007614,1621.8006941838944,578310
2024-04-25,1652.29052734375,1668.7080911110281,1612.4690598944235,1626.7907826022583,1569437
2024-04-26,1594.2052001953125,1645.8034891569664,1575.3423851170676,1645.8034891569664,5325417
2024-04-29,1592.5084228515625,1599.8439274103753,1584.224715605845,1599.8439274103753,1132800
2024-04-30,1611.8204345703125,1630.7330776247632,1588.1671431788905,1592.8578412224265,1748360
2024-05-02,1612.2694091796875,1631.7809673376423,1607.8282191932365,1611.8203438839707,1304846
2024-05-03,1624.09619140625,1721.603789168006,1614.8144526804833,1646.9510080129614,5227529
2024-05-06,1608.177490234375,1634.6752663456684,1603.886029331193,1634.6752663456684,725360
2024-05-07,1611.9700927734375,1621.8006755794154,1589.8636776603132,1617.8085508395277,1348125
2024-05-08,1599.8939208984375,1616.8105005518503,1595.602338121772,1597.8479082614272,802342
2024-05-09,1561.5196533203125,1609.9241684473648,1556.5294971216472,1603.5367441470762,1364729
2024-05-10,1569.6036376953125,1581.0311681657138,1552.93656519418,1556.9286900404375,768117
2024-05-13,1577.438232421875,1583.8754848096203,1553.235976274028,1570.9010794520116,466042
2024-05-14,1573.3460693359375,1586.7696606476347,1565.9607367046324,1572.2482594985788,652248
2024-05-15,1565.9609375,1586.5203563057448,1563.5156879082836,1576.8893306481314,581805
2024-05-16,1592.85791015625,1597.8480665163886,1557.3778497036687,1571.949203739265,1212568
2024-05-17,1581.6300048828125,1594.8539187901779,1576.9393067948354,1591.8598250753028,699522
2024-05-21,1579.434326171875,1592.1592239870204,1568.9050482673506,1584.3745318857627,903561
2024-05-22,1580.83154296875,1586.869680737513,1571.89921205131,1579.4343966886934,578669
2024-05-23,1605.283203125,1610.0738015221432,1578.136803754464,1583.975261792872,1547483
2024-05-24,1598.5465087890625,1616.8105283037446,1593.9057612181,1605.832185210324,566278
2024-05-27,1592.658203125,1609.6745616176895,1587.1690316441368,1601.8400412337257,1365230
2024-05-28,1596.5006103515625,1601.8400528283278,1586.3206191608344,1599.7940401659325,1306333
2024-05-29,1566.8092041015625,1599.195267785915,1562.0186056130694,1591.0114606838847,1665575
2024-05-30,1521.099365234375,1572.0987364517252,1514.013367904838,1563.665421334809,2285079
2024-05-31,1525.5904541015625,1548.9943586270422,1515.9096002814574,1526.9877221348713,2794001
2024-06-03,1572.6976318359375,1579.8834078268462,1553.3856304291537,1576.889314192304,1826290
2024-06-04,1474.3916015625,1566.1105751775906,1416.2562817544874,1552.9366115239063,4388491
2024-06-05,1514.7120361328125,1524.9918071248785,1470.0003075559416,1487.0666182042337,1456768
2024-06-06,1523.4447021484375,1538.4651206932317,1507.8256110695438,1518.5044963572832,2891789
2024-06-07,1564.613525390625,1576.8893583681431,1527.5367623081722,1535.9201272557616,2787254
2024-06-10,1562.71728515625,1585.8715600192531,1556.2799108863783,1582.9274167423985,1154334
2024-06-11,1565.1624755859375,1574.2944857014074,1554.9326554840686,1569.903123925828,1184425
2024-06-12,1575.9910888671875,1590.6122707335744,1558.9247792224899,1564.9129665946634,1799090
2024-06-13,1586.9693603515625,1592.4087033990563,1577.887300948657,1583.8255377578703,1095701
2024-06-14,1588.6163330078125,1592.8579660628043,1572.2485952060806,1586.96955698517,681385
2024-06-18,1594.803955078125,1601.7403452238832,1581.8794993829833,1595.851936601508,1282756
2024-06-19,1591.760009765625,1596.8499445980347,1579.3843983289937,1596.8499445980347,1269273
2024-06-20,1582.87744140625,1591.859721969085,1570.0028149001912,1589.3646440349642,1649421
2024-06-21,1576.78564453125,1608.6928100086732,1568.3968689881494,1583.8761122032506,3345305
2024-06-24,1585.52392578125,1587.720930892528,1558.9095896987467,1567.9475191704994,822750
2024-06-25,1601.202880859375,1608.5929956756343,1568.896226109838,1585.5239539697102,3093861
2024-06-26,1598.1070556640625,1614.335294785788,1591.6157600153724,1604.84801653001,1310438
2024-06-27,1600.953125,1612.5375660498744,1592.9139785991458,1598.106966064209,2620064
2024-06-28,1586.0233154296875,1619.827962144868,1580.980029176917,1600.9532469592211,2058302
2024-07-01,1578.0838623046875,1588.8194666863956,1575.8868571474482,1586.0731492864236,2444681
2024-07-02,1577.6343994140625,1582.8773686161032,1559.0093511054458,1578.083748011503,2572175
2024-07-03,1592.0152587890625,1595.36074834005,1571.4927290382882,1580.8801656477615,892102
2024-07-04,1583.5765380859375,1607.8440466837167,1578.6831972084653,1607.8440466837167,1450706
2024-07-05,1577.484619140625,1588.569729947339,1567.9973412769514,1584.8747336473807,1070592
2024-07-08,1567.9974365234375,1577.4847149634068,1559.9083077086227,1577.4847149634068,1000005
2024-07-09,1579.4820556640625,1581.779024497682,1564.9016308998432,1575.5872537711998,1233946
2024-07-10,1580.4307861328125,1586.8720998900824,1568.646539271458,1581.7789539067944,1355610
2024-07-11,1585.7236328125,1593.8627432574958,1573.889525923442,1581.8788128570634,1848978
2024-07-12,1595.111083984375,1602.7008822596229,1583.0273117677093,1602.7008822596229,1003699
2024-07-15,1600.054443359375,1602.8507426388674,1585.8735073585801,1594.861455448144,1753186
2024-07-16,1607.3946533203125,1612.837306303304,1596.2595602297908,1602.8506975955438,980434
2024-07-18,1649.0386962890625,1651.7850135728143,1590.9166847193087,1603.849293710967,2999670
2024-07-19,1638.053466796875,1657.7770186756973,1632.8104973100994,1649.7877318387061,1865129
2024-07-22,1628.965576171875,1649.5879459196854,1620.876448133475,1622.8237879162405,784867
2024-07-23,1616.6820068359375,1645.7430116471598,1597.3079629928438,1632.8104030887932,2718846
2024-07-24,1577.1351318359375,1609.7414326488038,1559.9082323430328,1598.4565163921645,3675430
2024-07-25,1569.8448486328125,1580.530592696559,1555.9135787666685,1563.5033767207476,1694503
2024-07-26,1584.3255615234375,1590.6171740573666,1566.948959109443,1575.8869255454556,2768936
2024-07-29,1614.984375,1622.8238380826006,1580.380753086594,1586.023211120372,2217892
2024-07-30,1640.4503173828125,1667.6638263374218,1593.0637855269172,1611.8386588161381,3703774
2024-07-31,1649.438232421875,1654.0320479926672,1635.4569803935597,1648.689236777501,1324150
2024-08-01,1632.61083984375,1656.7783841469288,1627.8172189026486,1652.7837406649592,747329
2024-08-02,1621.27587890625,1626.8184952864444,1600.8533136551075,1617.830547798674,1105569
2024-08-05,1565.6005859375,1602.8506848847874,1559.908267781955,1587.8707719419388,2058076
2024-08-06,1562.0054931640625,1595.8601221389943,1555.014866846808,1573.0407448990397,1897942
2024-08-07,1569.2957763671875,1582.6778569256032,1561.556154324493,1581.9787211453795,1443063
2024-08-08,1537.98779296875,1574.3389527979655,1530.4978360962166,1560.3576999692364,1683534
2024-08-09,1558.110595703125,1560.4575462054563,1543.43033009998,1557.8110705948645,1014828
2024-08-12,1556.9122314453125,1568.7463378802543,1546.0268040345964,1554.9149097885513,1125254
2024-08-13,1541.283203125,1566.8988783862974,1534.9917128950879,1551.9189655910175,1817066
2024-08-14,1527.102294921875,1544.3790548421182,1524.7554662569305,1542.9310453422372,1173504
2024-08-16,1547.824462890625,1550.370974892787,1521.2101270786666,1536.939035335019,1841887
2024-08-19,1549.02294921875,1561.8058579273884,1542.9811237165584,1561.8058579273884,940893
2024-08-20,1599.9544677734375,1622.7239831244815,1549.4222549018039,1552.8675859517734,3149863
2024-08-21,1618.779296875,1626.6188822707104,1597.8074184960294,1597.857400302527,1966030
2024-08-22,1623.52294921875,1627.8172397796802,1611.8886474537771,1622.6242519492566,1325535
2024-08-23,1637.7039794921875,1642.7471437243294,1621.0262698761312,1625.7200490931816,1114056
2024-08-26,1683.94189453125,1685.7395328432278,1636.5554854542888,1646.7917592763522,2446507
2024-08-27,1716.697998046875,1726.6846065288232,1649.787721217823,1683.9418734633487,4205533
2024-08-28,1711.205322265625,1732.6765299859114,1697.773382942879,1725.6859042165158,1444329
2024-08-29,1753.2989501953125,1769.627030753458,1709.2580309783584,1713.7020230095566,5508206
2024-08-30,1780.662353515625,1791.0983110817426,1747.706544056078,1767.5797982955999,3865499
2024-09-02,1838.0853271484375,1859.5065542116063,1785.4059658516264,1793.9944250181734,5442576
2024-09-03,1863.1016845703125,1868.4444958144218,1809.523504804479,1847.5225994643067,4429269
2024-09-04,1869.393310546875,1877.1827922038212,1830.595360053769,1837.7356877625916,2634954
2024-09-05,1862.4525146484375,1872.1894579945106,1847.5225836138627,1865.4984790219976,1441842
2024-09-06,1854.6630859375,1895.4583586859092,1833.5413838500153,1861.5038886146126,2970645
2024-09-09,1857.9586181640625,1871.240856864788,1836.5873724810517,1857.5092695228848,1576721
2024-09-10,1822.0567626953125,1872.2894533673814,1812.819149620535,1872.2894533673814,2155688
2024-09-11,1830.6951904296875,1851.3175616887793,1811.8204756856571,1826.550723455459,1492450
2024-09-12,1852.3660888671875,1857.5092167249725,1814.3671159379687,1848.2216218786098,2040386
2024-09-13,1891.9129638671875,1904.3463643660605,1844.027225749507,1872.2893760495897,3078216
2024-09-16,1855.1124267578125,1918.4275509465804,1835.5886796931716,1899.4529942219656,3180768
2024-09-17,1846.2242431640625,1874.3365701460361,1836.0879331799028,1856.510498562189,1920113
2024-09-18,1885.67138671875,1894.4596510477604,1840.7316480275801,1846.2242827565008,2960854
2024-09-19,1887.8685302734375,1899.4529719671575,1873.4877893850617,1887.4690415446516,1821882
2024-09-20,1914.233154296875,1921.922794031954,1881.826536769119,1889.566158309128,4225587
2024-09-23,1917.3787841796875,1931.4100174018308,1912.035973197508,1927.265550635656,1118846
2024-09-24,1902.099365234375,1921.0239391105308,1895.80775327243,1917.428784520922,1461016
2024-09-25,1925.91748046875,1936.2037361533585,1893.5109841232631,1902.448950113025,901659
2024-09-26,1980.144775390625,1985.5874282418292,1927.565257436048,1937.402042393637,2541200
2024-09-27,2008.0074462890625,2027.181808936825,1963.6669993373453,1974.202798811128,3718693
2024-09-30,1970.75732421875,2016.2462522946682,1965.664178320818,2008.0073003722712,1859917
2024-10-01,1972.6048583984375,2004.4121823223418,1966.4132098458626,1970.3578714694936,1326900
2024-10-03,1910.837646484375,1967.4118065886107,1893.9602541644995,1958.3738773617629,1702709
2024-10-04,1882.0263671875,1932.408758670195,1862.7521638809208,1910.7378668318247,2423416
2024-10-07,1876.7833251953125,1899.0533883064359,1866.2973865998024,1882.0262944930676,1423722
2024-10-08,1835.6884765625,1891.4136791748383,1830.6451904777193,1870.6914664159456,1423384
2024-10-09,1864.449951171875,1878.680869246311,1833.092095887721,1846.5240364654132,1411255
2024-10-10,1873.1881103515625,1885.3218640783693,1857.5091837461198,1872.2894131107075,1209065
2024-10-11,1873.8873291015625,1881.2774441112251,1852.6158032600874,1873.437858554382,516757
2024-10-14,1864.6995849609375,1882.5756394642299,1860.055909298319,1882.5756394642299,809881
2024-10-15,1851.4671630859375,1893.211233777675,1839.5332151488738,1871.090872417183,2072690
2024-10-16,1859.5565185546875,1868.4944845631096,1844.776288941317,1852.5159106705335,850008
2024-10-17,1813.368408203125,1866.9464649259046,1806.67730740826,1865.4984554657153,1115879
2024-10-18,1817.462890625,1830.8449702883422,1790.5988895954897,1812.5694281181338,990257
2024-10-21,1756.0452880859375,1821.457574694587,1751.6011740959002,1819.5600946711354,1663903
2024-10-22,1720.293212890625,1768.5784422083739,1713.851898957204,1756.1951447830945,3142294
2024-10-23,1737.3702392578125,1777.1169900169962,1725.2366074049744,1725.2366074049744,2585058
2024-10-24,1739.76708984375,1761.6377874364905,1716.3485410354078,1737.7199081895326,1502718
2024-10-25,1705.1136474609375,1749.5540575739988,1695.826052315019,1739.7671319773717,875973
2024-10-28,1728.1326904296875,1735.5228054060028,1699.6708550302342,1708.4591196356112,653158
2024-10-29,1764.3341064453125,1773.122370845018,1700.7194579268182,1722.8398205307817,1561586
2024-10-30,1750.1031494140625,1775.069670544149,1737.86955406032,1764.3340664582117,826677
2024-10-31,1748.405517578125,1752.6498262742307,1722.7399819902944,1742.8629009887081,869480
2024-11-01,1752.3502197265625,1769.7769254489683,1743.961565753032,1759.640493006297,134827
2024-11-04,1710.2066650390625,1755.6457326357208,1691.7814215565597,1752.3501031461947,1294236
2024-11-05,1733.3258056640625,1741.96424678158,1683.7422678780977,1711.8046146280299,1646381
2024-11-06,1746.358154296875,1757.3434234875056,1729.780408808746,1729.780408808746,926170
2024-11-07,1727.3836669921875,1754.6471576466463,1702.7667739451024,1742.6632271447909,855044
2024-11-08,1737.4202880859375,1741.1652664335863,1714.7007527768671,1736.6712924164076,869560
2024-11-11,1715.1500244140625,1749.603823665627,1710.7560142089017,1725.2365965030374,696798
2024-11-12,1689.4844970703125,1730.6292754270062,1686.4885145130725,1722.689970413057,903492
2024-11-13,1662.2210693359375,1693.6788873659823,1655.2304431070386,1687.7369038341571,668302
2024-11-14,1637.6041259765625,1671.308929980689,1631.362495605428,1662.7703308702398,744472
2024-11-18,1613.8359375,1639.75113785739,1607.8439723855197,1631.8118328434405,1618700
2024-11-19,1594.212158203125,1623.7724937707042,1578.433390563668,1620.7765113434461,2569730
2024-11-21,1567.1485595703125,1593.8627376608054,1563.1539161175285,1593.8627376608054,984265
2024-11-22,1598.7061767578125,1603.8493044504633,1559.9582094207972,1567.8475325087488,2082813
2024-11-25,1602.7508544921875,1636.605482363342,1597.8573918482832,1615.8332875065764,2191916
2024-11-26,1592.264892578125,1612.7374401182865,1579.8814735870978,1612.7374401182865,2483861
2024-11-27,1597.9073486328125,1606.4458257926906,1586.872097430424,1593.8127416048433,1335825
2024-11-28,1572.9407958984375,1607.893925100526,1565.5506813429135,1602.8506391243457,3458405
2024-11-29,1577.834228515625,1585.8235156565008,1572.8409240525775,1579.7816904003218,1998058
2024-12-02,1594.5118408203125,1601.6522901461194,1564.9015227882292,1585.8734002474205,1423549
2024-12-03,1604.94775390625,1607.7440529204969,1592.913964360808,1594.9611458651348,1045367
2024-12-04,1625.9197998046875,1630.064266953929,1603.949259830427,1616.8320099239768,2271608
2024-12-05,1641.8983154296875,1651.8849241506355,1603.3000483418548,1634.5581824011597,1706032
2024-12-06,1633.0101318359375,1647.7403790007065,1622.873821990398,1637.8037525573777,1049225
2024-12-09,1634.8577880859375,1645.3437269777817,1617.031594444329,1639.8011105150701,859106
2024-12-10,1661.1724853515625,1670.7596051479707,1634.9076561851246,1642.5474360831588,1673974
2024-12-11,1684.2415771484375,1688.0863971619817,1646.7917940810992,1664.8675316602319,2131913
2024-12-12,1677.05126953125,1688.2362226577554,1672.3574902371918,1682.7435878014303,1137744
2024-12-13,1677.4505615234375,1681.3453631746252,1632.81047080901,1664.867459340773,1389802
2024-12-16,1671.4088134765625,1681.6949474412772,1658.1765567589027,1672.756981289068,797240
2024-12-17,1640.94970703125,1671.4088649418616,1630.8632561700897,1670.7597109656754,1045630
2024-12-18,1628.566162109375,1645.1938894489654,1620.4270518956037,1639.8010965406063,952592
2024-12-19,1587.42138671875,1621.975027395592,1580.9300912598376,1614.63489460419,1681562
2024-12-20,1567.548095703125,1601.4525842712392,1562.904298167456,1587.4214718631092,1806341
2024-12-23,1561.3065185546875,1592.6145142528449,1558.4603592924643,1580.8802483538193,1017438
2024-12-24,1562.4549560546875,1570.7437683604035,1549.5722060946748,1561.0068246091034,810638
2024-12-26,1557.2119140625,1572.7909989600878,1552.368311408633,1552.368311408633,760870
2024-12-27,1577.1851806640625,1583.8761598147914,1559.0094794565064,1565.8502821209956,1174865
2024-12-30,1574.5885009765625,1585.7235937473472,1558.360262292435,1577.8841305182293,1307371
2024-12-31,1566.0001220703125,1573.8395856996858,1557.910993217667,1567.8476203411562,1041557
2025-01-01,1574.2890625,1581.9288427438457,1562.9043038921952,1562.9043038921952,464064
2025-01-02,1698.37255859375,1715.599457847073,1574.2889509285112,1579.182413358649,8022190
2025-01-03,1698.822021484375,1717.6967367521488,1689.7342317352534,1697.7235188829377,1563600
2025-01-06,1682.343994140625,1730.6292204392635,1672.7568746434392,1712.7033074707451,1837772
2025-01-07,1680.49658203125,1701.3686186333605,1671.9579828145722,1689.7341950954537,1242573
2025-01-08,1694.7275390625,1706.7114698042503,1666.3156853583398,1678.7489647401665,1437122
2025-01-09,1688.0364990234375,1698.2227910242682,1672.7569391153481,1694.7274780171615,1036731
2025-01-10,1698.9718017578125,1715.8990547084002,1677.750258311903,1679.7475800479885,1467079
2025-01-13,1671.9080810546875,1697.723439563147,1664.368142898597,1687.3373423750395,1177882
2025-01-14,1711.205322265625,1727.6832258649147,1681.7448279517434,1686.7381320727404,2084348
2025-01-15,1669.4114990234375,1728.1326861365326,1647.7904664011082,1718.7952312082957,2098490
2025-01-16,1695.0770263671875,1703.6654855846268,1676.951306948798,1677.7502844184023,1105433
2025-01-17,1678.3994140625,1696.1256444893231,1668.7123304879606,1683.8420670364487,905680
2025-01-20,1732.8763427734375,1735.6726420527173,1672.157833272664,1684.0419223493313,1674215
2025-01-21,1714.70068359375,1748.6551525758045,1708.7087184792697,1742.6631874613242,2008953
2025-01-22,1740.9654541015625,1744.5106268640463,1708.2093304836023,1717.6966082617926,1369310
2025-01-23,1743.8116455078125,1763.6350387477025,1728.1325972174234,1740.216490874746,1888122
2025-01-24,1726.385009765625,1752.5499978940807,1722.690013282482,1748.6551960913773,747930
2025-01-27,1709.3079833984375,1730.329844245639,1699.7208630762048,1712.5536313449697,1017680
2025-01-28,1766.5810546875,1785.6555743706938,1712.7033508110212,1730.629264233158,2439528
2025-01-29,1788.00244140625,1802.532883883073,1764.8834179441585,1774.5703795953739,1880079
2025-01-30,1742.8629150390625,1853.514589053485,1738.668588115365,1822.5561018440787,5190089
2025-01-31,1733.7750244140625,1751.351430456518,1695.9257549723027,1711.3051559745156,1917476
2025-02-01,1751.651123046875,1777.616305030466,1614.8345872102605,1744.6604971282159,2887325
2025-02-03,1792.4464111328125,1802.582843191964,1731.0287685531416,1732.6765833451843,2918355
2025-02-04,1810.8218994140625,1816.464357950507,1770.426114270116,1797.5896423247275,2285643
2025-02-05,1794.3438720703125,1824.1040139944212,1777.616302927595,1808.5747891021767,1286850
2025-02-06,1785.6055908203125,1810.5221301397721,1777.0669918330157,1805.5788077198686,1119866
2025-02-07,1795.9417724609375,1819.5601266976298,1781.9605201152915,1798.588248179161,1748940
2025-02-10,1789.999755859375,1804.5301982770882,1772.4233490456909,1802.4830166513161,908769
2025-02-11,1742.5133056640625,1792.8958171270995,1739.6671467112585,1789.9996763706097,1944713
2025-02-12,1786.3045654296875,1798.4383188111324,1724.9369066159013,1746.657779517274,1888823
2025-02-13,1846.7735595703125,1851.017868143071,1794.244023733539,1801.5341747261728,4070038
2025-02-14,1838.8343505859375,1865.0990589211917,1822.5561292713505,1851.017964714766,1823774
2025-02-17,1892.3125,1896.207301722629,1827.9987164449976,1838.8342842660297,3022597
2025-02-18,1891.1640625,1911.2372437432678,1878.2814346543569,1889.4663877642186,2116513
2025-02-19,1872.838623046875,1896.6566602226362,1865.5484718988616,1888.5176717233476,768994
2025-02-20,1878.7308349609375,1884.972465641871,1858.5579333629007,1865.3487543996466,1012144
2025-02-21,1876.833251953125,1890.764644013274,1863.9006426540152,1869.6928024642505,852037
2025-02-24,1855.3121337890625,1887.3691219652062,1850.5185130551101,1865.4984254651622,1076484
2025-02-25,1872.5889892578125,1893.461026003887,1855.312229200513,1855.312229200513,1761019
2025-02-27,1922.971435546875,1936.2036917203786,1878.481046215868,1879.6295305670121,2878330
2025-02-28,1869.792724609375,1917.4287975354093,1860.0557814968904,1908.4908318513005,1797567
2025-03-03,1836.0880126953125,1882.176114857355,1816.2644966693535,1882.176114857355,1046987
2025-03-04,1787.902587890625,1831.044688315356,1782.8593017807414,1827.2997100872772,1443339
2025-03-05,1799.38720703125,1806.3778331317492,1730.6792903093192,1784.6069773703136,2143253
2025-03-06,1842.9786376953125,1850.51857596075,1781.7108182368581,1816.364423267547,2176883
2025-03-07,1842.8289794921875,1863.0518624094755,1834.0407149431708,1842.6791559780977,1332323
2025-03-10,1837.885498046875,1886.2207082817645,1832.542686801873,1842.2796302331092,1703046
2025-03-11,1802.9822998046875,1834.3901343708885,1785.8552420658862,1827.549332017655,2298735
2025-03-12,1817.013427734375,1821.9068902617962,1797.5895230398203,1811.5707748856855,1196955
2025-03-13,1805.029541015625,1837.536001102209,1800.7353724180255,1825.552070660238,1333932
2025-03-17,1869.0936279296875,1878.3812226245107,1794.743376193088,1817.5627523007704,6994837
2025-03-18,1869.0936279296875,1869.0936279296875,1869.0936279296875,1869.0936279296875,0
2025-03-19,1839.782958984375,1861.9033212902943,1837.5359720620165,1852.5158848777396,2411880
2025-03-20,1849.3701171875,1852.5159233254594,1811.6706691521706,1839.7829971678316,2306910
2025-03-21,1844.7762451171875,1877.4823877765937,1822.5560413256826,1875.4850660874695,3537391
2025-03-24,1891.613525390625,1896.157359238885,1843.0286493216386,1852.8654345830862,1864839
2025-03-25,1942.4453125,1951.7827669577073,1892.3624470726825,1902.4488971591925,3512725
2025-03-26,1940.797607421875,1975.35125000212,1932.408831523813,1948.3874058413226,2779682
2025-03-27,2003.06396484375,2008.806264630788,1930.0119005629329,1937.4020151050106,4506778
2025-03-28,2004.661865234375,2019.2922713044732,1991.5294504634642,1993.0774235686954,1907116
2025-04-01,1934.5059814453125,1999.3190974472238,1929.9121657426374,1995.3244538958807,2125921
2025-04-02,1928.3642578125,1960.8707195735178,1918.3776485964393,1943.6938004846338,1057344
2025-04-03,1917.878173828125,1947.3886506038587,1902.3989307079405,1912.4355209776356,1598430
2025-04-04,1909.7392578125,1927.3655248949444,1894.4596975199486,1909.439610784471,2120708
2025-04-07,1850.1690673828125,1891.4636695785684,1821.0580789210767,1832.5426788155612,2594074
2025-04-08,1900.6512451171875,1931.4100474799138,1871.1907505977163,1887.468970908499,3182018
2025-04-09,1893.161376953125,1915.731210312952,1875.4851281818806,1896.4570066120295,1394829
2025-04-11,1943.693603515625,1963.3671729148543,1903.996835904554,1906.8928547582557,1880510
2025-04-15,1965.3646240234375,1981.34319820249,1958.1743144056024,1981.34319820249,1250872
2025-04-16,1966.5628662109375,1973.0541616341188,1946.9891382393275,1958.3738961321214,1033717
2025-04-17,2032.5745849609375,2036.9685954093554,1952.3820656745822,1958.8733615451115,2104540
2025-04-21,2100.68310546875,2115.8627016801634,2032.9738508344747,2034.3720004108307,2642028
2025-04-22,2074.21875,2107.17456066442,2067.228123495426,2101.1825950890707,1447675
2025-04-23,2097.98681640625,2114.9640512929313,2054.644788113215,2091.1958736888396,1483177
2025-04-24,2102.18115234375,2132.1409787429484,2082.607301570797,2118.9587038900395,1465968
2025-04-25,2042.7607421875,2122.154278733042,2020.390715056193,2102.181061992025,1960343
2025-04-28,2046.955078125,2091.994779603557,2037.268116724878,2037.268116724878,6311008
2025-04-29,2064.132080078125,2079.211956926169,2026.0832467511207,2058.240078398095,2119823
2025-04-30,1948.9864501953125,2017.294875304824,1923.9200877597739,2015.4972370492421,4684518
2025-05-02,1964.0662841796875,1983.9396598731803,1914.6325711168665,1952.3820007639404,1949238
2025-05-05,2023.486572265625,2033.8726695216826,1956.4764533881823,1962.2687351002653,2072898
2025-05-06,2033.0738525390625,2042.2614838012496,2005.4108732329535,2026.183068139,1698230
2025-05-07,2027.581298828125,2042.7608959310178,2007.0087865110643,2008.6067414960842,1078158
2025-05-08,2003.3135986328125,2047.2546745749082,1990.2311663132382,2029.2787798713236,1697652
2025-05-09,1967.3619384765625,1996.3231040683495,1960.3713122992347,1967.3619384765625,1207361
2025-05-12,2047.6541748046875,2054.8447282056104,2009.1060110500111,2022.1884442220585,1057561
2025-05-13,2015.497314453125,2058.639415175535,2007.9075162398844,2044.1589545005588,2217985
2025-05-14,2017.6944580078125,2039.2655085454353,2007.3083605172992,2026.1830754527862,1670853
2025-05-15,2039.1656494140625,2047.6541448796547,1994.0261050659412,2012.4014894064665,2640223
2025-05-16,2030.876708984375,2068.226649685511,2019.292267341431,2051.249414994708,1568556
2025-05-19,2035.570556640625,2050.250823074768,2032.2749269153205,2036.1697287979036,1379603
2025-05-20,2002.4149169921875,2044.258832473029,1992.3284664307246,2044.258832473029,2170575
2025-05-21,2034.5718994140625,2044.2588613769492,1995.5241607162154,2008.8063994429572,1291354
2025-05-22,1998.3203125,2039.0657229568885,1989.3323650674663,2034.5717492406218,1178160
2025-05-23,2033.7728271484375,2045.956440792384,2000.5173719805725,2003.2138294277966,1085026
2025-05-26,2049.851318359375,2067.2279192858714,2037.4677777720638,2041.2627376909766,714431
2025-05-27,2027.181640625,2055.243985531009,2011.8022394811553,2047.2546989011507,1175928
2025-05-28,2019.6917724609375,2042.1616420870205,2015.2976402415788,2042.1616420870205,415312
2025-05-29,2008.2071533203125,2030.177692301195,1997.4215672396872,2028.679701007044,874950
2025-05-30,2014.698486328125,2028.9792637866935,2008.2071905996359,2008.2071905996359,2144136
2025-06-02,2026.282958984375,2032.9739382281393,1992.4283302118915,2014.6985169664254,1339043
2025-06-03,1989.232666015625,2042.0618518721951,1977.348576954579,2036.3694116126112,1522876
2025-06-04,1953.48046875,2005.1113079566235,1941.496538522723,1997.3217045461568,1169875
2025-06-05,1941.3966064453125,1963.267302473363,1926.5165360577544,1958.3738401436513,1808602
2025-06-06,1987.3350830078125,2015.9966005176007,1918.427484652265,1965.3645444016959,6970191
2025-06-09,2014.698486328125,2054.94444670065,1988.333814680277,1998.3204234933373,4221378
2025-06-10,1995.42431640625,2025.5839486774225,1985.4377074237784,2019.3921779641814,3306765
2025-06-11,2010.2044677734375,2026.282883224456,1980.2446419988028,2001.316361745594,2245988
2025-06-12,2026.0831298828125,2056.941651840095,2009.5052626675774,2013.3002225641144,3783347
2025-06-13,2008.306884765625,2014.1990079138334,1977.3483997195115,1997.3216158782946,1418715
2025-06-16,2025.48388671875,2037.2681335086445,1995.3243778187607,2002.3150037670746,1645983
2025-06-17,2000.6173095703125,2031.1763068934877,1993.5267200807139,2027.2815052360504,1220096
2025-06-18,1978.74658203125,2015.2975438263159,1973.1541057954585,1999.3189706344324,1401356
2025-06-19,1964.965087890625,1993.526764165375,1954.7787958599215,1979.3458286862633,745887
2025-06-20,1983.5401611328125,1996.223227261348,1962.3685995593373,1972.1555247982487,1931248
2025-06-23,1994.9249267578125,2005.710512901559,1948.0877076385445,1973.6535234004853,1125629
2025-06-24,2006.5093994140625,2029.6784050674783,1996.5227905738436,2016.2963248402157,1717823
2025-06-25,2009.10595703125,2025.2842141209583,2001.316353598817,2025.2842141209583,998245
2025-06-26,2050.849853515625,2055.2438633754127,2009.1057845929834,2015.2974326003805,1828277
2025-06-27,2042.25732421875,2063.239420015518,2003.290574881895,2058.243682921049,6315182
2025-06-30,2054.2470703125,2062.2402495744163,2026.2709428957928,2038.2607117886673,1363779
2025-07-01,2052.049072265625,2066.7364909273433,2040.8585476967646,2053.348012731215,1002015
2025-07-02,2006.1881103515625,2055.7457975293755,1994.89769582408,2052.2487815919017,1204931
2025-07-03,1979.01123046875,2012.6825714381127,1975.913897884317,2006.288003607074,1133593
2025-07-04,1992.6995849609375,2031.1667595908293,1983.307575073639,1991.3007542175128,1509178
2025-07-07,2004.689453125,2015.180501271772,1991.3008530015857,1995.0976620697709,861699
2025-07-08,2016.5792236328125,2018.8771894473477,1996.9958372390417,1998.2947776309954,986803
2025-07-09,2024.67236328125,2035.8627656374442,2010.284615990259,2011.2837634137134,1161769
2025-07-10,2037.6612548828125,2047.2530456375007,2020.076284838178,2032.2658344688514,1230564
2025-07-11,2015.4801025390625,2038.9600666259903,1998.4945966038383,2035.2632700030535,1145529
2025-07-14,2001.8917236328125,2013.2820284849822,1987.3041958593697,2008.2862914415953,605261
2025-07-15,2034.763671875,2044.2555721366314,2002.3912718526099,2008.286265882028,888117
2025-07-16,2034.26416015625,2041.9575465530565,2016.3793968303908,2038.360640211254,633132
2025-07-17,2024.772216796875,2045.7543123077235,2018.5775516706428,2035.8627286022192,458912
2025-07-18,2027.86962890625,2037.161748926332,2005.5887140742786,2028.1694219260878,995783
2025-07-21,2052.148681640625,2054.2469886864906,2015.879705360578,2025.1718246698258,999643
2025-07-22,2037.861083984375,2047.2530942664,2013.4818621777058,2046.154056481174,1214275
2025-07-23,2058.7431640625,2061.4408131857226,2031.965965653646,2045.9540288892078,878101
2025-07-24,2030.5673828125,2058.8433040356126,2023.2735577437672,2058.7432917190285,658995
2025-07-25,1984.10693359375,1998.2947777291333,1931.2520123295676,1997.2956303402689,4102292
2025-07-28,1976.11376953125,2021.2751830653463,1969.4194087951385,1988.3033189817295,1469727
2025-07-29,1970.918212890625,1982.808091802619,1942.142839840127,1976.1138527508294,847965
2025-07-30,1958.129150390625,1987.4040964358041,1943.441610227731,1971.0180544559114,932988
2025-07-31,1946.339111328125,1966.621852085851,1939.4449699594347,1951.43473861238,985553
2025-08-01,1914.666259765625,1976.213716766895,1909.5705103239322,1943.3417420833935,836974
2025-08-04,1931.951416015625,1942.742256877221,1921.3604778166434,1921.3604778166434,982532
2025-08-05,1937.74658203125,1941.0436954247784,1914.366507391158,1928.4544619928029,1101680
2025-08-06,1922.359619140625,1945.0402165882738,1910.5696309020204,1937.7465136662868,875588
2025-08-07,1912.3681640625,1931.252074715299,1888.9880900145697,1918.0632555765044,905353
2025-08-08,1917.563720703125,1928.0547688375773,1904.774706633251,1913.3673502358401,507893
2025-08-11,1921.16064453125,1938.146150110437,1901.477367827393,1916.3646882871035,1489228
2025-08-12,1906.373291015625,1932.6509171363505,1902.376701306997,1923.3587972772946,899579
2025-08-13,1912.767822265625,1918.3630233571694,1891.2861529936567,1912.3681389091782,710014
2025-08-14,1923.4586181640625,1937.446681639104,1910.8693854297721,1912.7677898660604,765742
2025-08-18,1991.8004150390625,2015.2803798012485,1948.3375015431009,1948.3375015431009,1473915
2025-08-19,1970.5184326171875,1995.8968007015678,1963.1248395085058,1992.2998944929216,1389770
2025-08-20,1956.8302001953125,1974.8148535542687,1947.5380805066907,1971.118056928089,1461680
2025-08-21,1978.3118896484375,1996.296543190696,1972.8165788438585,1982.3084793244948,2346236
2025-08-22,1964.223876953125,1975.6141815840151,1961.8258988256375,1973.3160938022074,709444
2025-08-25,1962.125732421875,1966.1223220616253,1951.3348916080547,1957.4296664154265,869509
2025-08-26,1922.5594482421875,1961.7261009269332,1915.9650995555119,1958.3289752500882,1179819
2025-08-28,1915.965087890625,1938.0462217063225,1908.9710558787417,1918.3630661165184,985012
2025-08-29,1911.8685302734375,1929.4534999396692,1908.3715144093364,1921.4603208217245,735268
2025-09-01,1941.843017578125,1944.3408861368825,1911.3690211612827,1917.2640153531981,590079
2025-09-02,1954.232421875,1957.0299614121407,1936.9471230877728,1943.3416908338922,907972
2025-09-03,1964.4237060546875,1970.3187001898823,1948.3374570843157,1948.3374570843157,934230
2025-09-04,2000.492919921875,2032.0660760360624,1969.3195691360493,1983.307633046706,2459026
2025-09-05,2012.6826171875,2022.074627468489,2000.3930549521513,2012.1830434700669,1077230
2025-09-08,2006.687744140625,2024.6723980718402,2004.3896562406958,2012.6826287843635,338055
2025-09-09,2023.5733642578125,2037.2616354347572,2010.28465448491,2010.28465448491,1240640
2025-09-10,2036.462158203125,2045.2547040073346,2024.8720728912008,2033.3648256924037,927634
2025-09-11,2036.0626220703125,2047.0532434787538,2026.6706121098516,2036.2624027639717,720797
2025-09-12,2079.725341796875,2087.218947400275,2032.5656326526407,2034.3640248177144,1546838
2025-09-15,2078.2265625,2095.212068058894,2066.2367938701923,2076.228267728365,1014957
2025-09-16,2078.5263671875,2103.1052466573055,2075.828718017121,2083.222311140748,928203
2025-09-17,2055.246337890625,2088.218204273897,2053.1480306386948,2086.2199093415775,1199866
2025-09-18,2067.435791015625,2073.2308948334617,2043.2564722575562,2064.23856806069,904666
2025-09-19,2065.53759765625,2075.4290599602987,2051.949094595601,2067.2360995557096,1973991
2025-09-22,2067.735595703125,2080.224938513605,2060.541783030784,2065.537520154976,633360
2025-09-23,2082.622802734375,2090.216420765213,2066.2368824772757,2066.2368824772757,1177350
2025-09-24,2067.435791015625,2087.019178004873,2061.1411134881896,2082.323233921143,602541
2025-09-25,2033.864501953125,2072.23178799488,2030.667278935579,2067.4358315023205,952122
2025-09-26,2001.4920654296875,2045.7543449768539,1994.3981431321727,2038.260739317598,754739
2025-09-29,2022.9737548828125,2029.2684324849927,1993.1992346169366,2006.1881512207303,2005041
2025-09-30,2004.689453125,2034.6638764014915,1999.2940325419834,2023.2735711631767,924425
2025-10-01,2005.288818359375,2012.2828501124968,1977.812265043539,2007.1872227998979,683568
2025-10-03,1999.194091796875,2015.2803408231878,1966.3221173723518,2014.7807671145058,789048
2025-10-06,2031.4664306640625,2040.4587572010757,1993.398939383954,1994.3980867769556,821515
2025-10-07,2030.8670654296875,2054.6467013603365,2027.270159033128,2036.9618404302796,641471
2025-10-08,2011.8831787109375,2036.4621803389275,2003.290535470744,2029.767941550532,369526
2025-10-09,2012.88232421875,2024.172738606016,2003.2905335883322,2011.8831768204516,437357
2025-10-10,2002.5911865234375,2024.272636359351,1999.493732004391,2012.8823315838251,772401
2025-10-13,2018.677490234375,2023.2735440151864,1994.8977326342688,2002.3913383528436,1013809
2025-10-14,2017.6783447265625,2035.0635344034588,2004.8892088348543,2023.1736555920836,668246
2025-10-15,2082.3232421875,2087.019186289872,2018.3776851388145,2022.7739581939802,1497249
2025-10-16,2088.41796875,2098.2096626287644,2076.228418544082,2076.7279922732796,1424932
2025-10-17,2081.92333984375,2102.206080375309,2075.2291012069945,2088.2180171028494,609393
2025-10-20,2137.9755859375,2147.6672666165487,2086.219703510283,2086.219703510283,1844869
2025-10-21,2167.250732421875,2182.137931174205,2132.180560955015,2148.166919425156,367784
2025-10-23,2174.744384765625,2193.128599829014,2157.2593048125464,2168.149914181759,1291839
2025-10-24,2157.658935546875,2182.1380482678283,2142.7717359956973,2174.7444546516363,517200
2025-10-27,2168.349609375,2176.642581469364,2148.066868642751,2157.658781126046,433573
2025-10-28,2138.375244140625,2186.833893662616,2121.2899697408093,2170.1481806549405,1200996
2025-10-29,2135.177978515625,2148.1668946226455,2122.38884310068,2148.1668946226455,343434
2025-10-30,2112.797119140625,2144.1702488811857,2099.5084103773756,2138.1753646811453,488305
2025-10-31,2086.51953125,2127.0847686897914,2083.621857476286,2113.1967176221406,586237
2025-11-03,2079.825439453125,2098.2096550481724,2068.235231404627,2084.221590681185,546962
2025-11-04,2071.432373046875,2097.0106444568964,2059.742397071914,2085.2206561673947,610128
2025-11-06,2061.44091796875,2078.6262048880467,2055.4460334202176,2077.22749606638,1175380
2025-11-07,2100.307861328125,2110.199323082083,2041.058371320623,2058.2436579304413,839091
2025-11-10,2116.493896484375,2124.9866490243517,2094.512654616201,2112.8968684238716,985115
2025-11-11,1987.703857421875,2097.210387818986,1950.735403706152,2083.2223242508744,4943745
2025-11-12,2033.7645263671875,2037.2615422562983,1993.2990567931904,2007.7866940480783,2396251
2025-11-13,2054.44677734375,2070.6329159822694,2030.5672527279833,2043.2563755648023,1839900
2025-11-14,2064.038818359375,2070.2334836649266,2042.457136207637,2048.2522401124997,1433249
2025-11-17,2077.8271484375,2079.325869622486,2053.248023430737,2064.0388647491327,817576
2025-11-18,2048.451904296875,2073.7303817308216,2045.2546814757848,2071.232513287397,734236
2025-11-19,2048.451904296875,2057.644011382183,2033.2649129473484,2057.644011382183,704802
2025-11-20,2093.8134765625,2103.2053649422187,2041.158333201067,2062.939674252078,1576354
2025-11-21,2050.650146484375,2098.209663087349,2043.3564432162455,2098.209663087349,1019782
2025-11-24,2029.068603515625,2062.2402486512337,2024.0728664791636,2062.2402486512337,1422874
2025-11-25,2028.468994140625,2049.7508824573856,2024.6723072163747,2037.261540010046,688300
2025-11-26,2083.322265625,2086.7192690885972,2029.1684053326917,2033.2648851306178,928388
2025-11-27,2101.40673828125,2116.19416841455,2073.830416723714,2083.322316912542,1125896
2025-11-28,2092.214599609375,2111.1983997013417,2084.720994309914,2108.2009575815573,590610
2025-12-01,2080.025146484375,2104.104452932325,2073.2308952459894,2100.70744927937,533604
2025-12-02,2064.138427734375,2079.7252240801918,2057.743982221069,2068.3350417807214,682583
2025-12-03,2044.255615234375,2070.633009470861,2033.2649936470934,2064.1385512601946,785536
2025-12-04,2047.452880859375,2060.1420045335967,2032.265888590524,2044.2556578447452,758590
2025-12-05,2094.712646484375,2108.201137172445,2044.0559191312307,2048.252289669911,1742156
2025-12-08,2057.4443359375,2103.1053246324955,2036.76203295448,2098.2095998059394,904146
2025-12-09,2067.735595703125,2080.025157815133,2037.2615992455528,2048.2522209187755,1176704
2025-12-10,2064.038818359375,2096.411097654503,2058.243714454512,2068.235188796524,937777
2025-12-11,2064.038818359375,2080.924312424384,2048.2522401124997,2078.2266631385364,624077
2025-12-12,2081.323974609375,2091.2154359546657,2067.435679869692,2074.0301500548608,554885
2025-12-15,2068.734619140625,2079.0258857861604,2059.2427191735464,2078.126506798223,483403
2025-12-16,2033.4647216796875,2066.037024204128,2027.2700566410583,2064.338522425669,506106
2025-12-17,2019.4766845703125,2042.2572941724288,2009.8848938832978,2033.4647482290277,398342
2025-12-18,2024.572509765625,2036.2624860462242,2010.884116635521,2018.2778320968464,438810
2025-12-19,2042.0574951171875,2053.2478971570486,2016.1795531879955,2017.2785909294796,1104767
2025-12-22,2048.052490234375,2052.1488484167608,2035.463134800984,2042.357276593974,1038998
2025-12-23,2045.854248046875,2055.7458319718467,2040.2590468464207,2047.2530788385484,677615
2025-12-24,2033.96435546875,2062.739849970503,2022.5741724461172,2046.7534912398044,1344198
2025-12-26,2015.8797607421875,2033.9643042072628,2003.6902113037347,2033.9643042072628,1755050
2025-12-29,2010.384521484375,2024.6723785339045,1995.4972003695048,2018.2778105823759,1415166
2025-12-30,2024.67236328125,2046.054142536422,1978.7115818023476,2010.284615990259,5450560
2025-12-31,2038.160888671875,2044.5554566855865,2008.6860391713017,2028.469085317366,1377422
2026-01-01,2035.2633056640625,2047.0532940709977,2026.0711981363165,2043.2564850677504,270917
2026-01-02,2036.662109375,2048.252194963007,2024.8721211248157,2028.3691370674355,893818
2026-01-05,2037.4613037109375,2044.1556643866238,2028.2691965328488,2038.2606704073949,656058
2026-01-06,2042.8568115234375,2080.224949808539,2039.0601244681798,2043.156604539012,1236924
2026-01-07,2030.1676025390625,2040.2589667669452,2019.2768716141018,2038.2606719904838,653557
2026-01-08,2007.187255859375,2027.369984750025,1987.5039787073683,2019.2769151242192,756940
2026-01-09,1990.7012939453125,2012.4826339738806,1979.510769942954,2007.1872259607758,1143760
2026-01-12,1997.19580078125,2004.6894064258095,1970.918174867833,1990.3016591950077,996702
2026-01-13,2009.4852294921875,2014.281185864073,1989.3025005234965,1997.195789484366,1216677
2026-01-14,1999.194091796875,2014.081412708846,1991.9002668636228,2001.7918506887738,1062849
2026-01-15,1999.194091796875,1999.194091796875,1999.194091796875,1999.194091796875,0
2026-01-16,2000.792724609375,2031.2667211639748,1998.8943201028899,2011.0839919044731,1177279
2026-01-19,2016.0797119140625,2024.1727816190078,1990.3016597036942,1993.299101962284,587791
2026-01-20,1957.030029296875,2016.5793139091113,1948.5372761117478,2015.280373459008,1572563
2026-01-21,1958.22900390625,1971.9172744316231,1934.948820815632,1963.224740881384,894555
2026-01-22,1991.400634765625,1995.197443626778,1963.3246175541533,1968.1205738033746,1067186
2026-01-23,1947.3382568359375,1993.1991462824267,1941.4432628606835,1991.4006321997276,1046873
2026-01-27,1916.06494140625,1969.8191209078564,1901.7772066078119,1948.5372322657506,4700126
2026-01-28,1938.645751953125,1942.4424388991545,1918.462901262707,1922.359600521877,1605973
2026-01-29,1946.4390869140625,1955.1317427478657,1919.4621062635326,1925.357100502637,884350
2026-01-30,1950.9351806640625,1954.9317702472997,1925.3570317245903,1926.8557528183044,1342205
2026-02-02,1928.454345703125,1935.4483774064952,1874.9999605416535,1906.3732128614463,1183196
2026-02-03,2010.9840087890625,2043.756093690468,1984.6066138793228,2017.9780408867566,1358926
2026-02-04,2017.8780517578125,2030.9668582209624,1983.407466677989,1991.3007554808187,1078917
2026-02-05,1998.394775390625,2020.0763480730493,1990.7013888697188,2006.3879549307835,857399
2026-02-06,2022.47412109375,2025.6714659579181,1981.309296943249,1998.3946931136577,1257237
2026-02-09,2022.873779296875,2030.2674943684322,2017.0787976206425,2025.1718670779785,431032
2026-02-10,2026.1710205078125,2032.1659048594508,2018.1778413722948,2025.27176346182,717899
2026-02-11,2025.2718505859375,2048.2522415891326,2020.2761134113298,2030.2675877605452,538669
2026-02-12,2035.3631591796875,2040.1591155216038,2010.384473995198,2023.2734999436418,637754
2026-02-13,2021.4749755859375,2033.2649637197997,2010.9839278615848,2033.2649637197997,756233
2026-02-16,2049.1513671875,2053.2479692246375,2020.4758847249702,2021.47503215525,812257
2026-02-17,2042.656982421875,2050.8500643356388,2033.2649724067,2043.2564464725806,252282
2026-02-18,2058.84326171875,2064.1385478743196,2038.260727388795,2038.260727388795,611189
2026-02-19,2031.4664306640625,2066.236808727007,2023.2734708279445,2066.236808727007,659450
2026-02-20,2056.744873046875,2062.140171303111,2019.3767367993885,2031.4663956531022,459679
2026-02-23,2049.850830078125,2067.2358966431734,2038.060842393426,2048.2520967223327,1070139
2026-02-24,2041.5579833984375,2048.25222236308,2030.3674590526132,2038.2607481076504,1054129
2026-02-25,2047.5528564453125,2073.130884035989,2041.25817891327,2048.2522108527673,508162
2026-02-26,2039.5596923828125,2062.040509499805,2026.2709828116058,2055.2462582068406,493126
2026-02-27,1991.700439453125,2037.8610002661928,1984.9061883879076,2020.9753849155304,1323479
2026-03-02,1940.244384765625,1988.3033509145844,1925.3570639258312,1948.337454413789,1595247
2026-03-04,1887.689208984375,1907.7720470904546,1858.613922419826,1907.7720470904546,2209959
2026-03-05,1910.1700439453125,1916.2648186787883,1877.2980701636748,1896.1819803757844,1515601
2026-03-06,1867.306640625,1907.2725374890751,1863.409941287505,1907.2725374890751,2267317
2026-03-09,1839.929931640625,1843.0272641781876,1800.463609457728,1837.531953494493,1009617
2026-03-10,1866.2076416015625,1872.2025262556424,1838.8309772880161,1843.5269214805492,885047
2026-03-11,1793.7694091796875,1873.2016289486726,1789.473026493738,1859.413345787184,1298364
2026-03-12,1769.290283203125,1792.870137696388,1761.5967749629538,1785.3765321180479,1095963
2026-03-13,1736.5181884765625,1777.6830127425621,1724.628309973493,1758.5993217158425,1390698
2026-03-16,1772.3875732421875,1782.4789374522297,1727.525831196696,1736.5181576748741,2085547
2026-03-17,1773.1868896484375,1781.0801787138191,1755.5020289796457,1774.0861467258524,1259526
2026-03-18,1790.2723388671875,1801.4627408279334,1768.4908770191028,1772.2876858805525,1467841
2026-03-19,1713.4378662109375,1776.484041490381,1700.6487309615216,1774.4857467305494,1354973
2026-03-20,1708.8419189453125,1732.5216645356882,1701.3483131298467,1722.5301901150672,2626283
2026-03-23,1674.071533203125,1698.550645446322,1661.2823972038568,1698.3508647451185,2207925
2026-03-24,1702.9468994140625,1712.5386903225044,1669.9750343145045,1708.542100613467,1775627
2026-03-25,1744.711181640625,1763.49520198366,1716.1355897297747,1719.3329346638222,1865278
2026-03-27,1693.255126953125,1737.1177241999574,1678.6675986433588,1737.1177241999574,2522237
2026-03-30,1630.4088134765625,1684.662445360351,1625.6128570601418,1673.571933359396,3272392
2026-04-01,1645.5958251953125,1681.6650232000918,1640.6000880210706,1677.5685431104614,1796540
2026-04-02,1639.3011474609375,1645.0962513691711,1595.6384533474438,1633.6060558691738,2284337
2026-04-06,1670.874267578125,1677.468616110803,1622.2157153843589,1633.6060202860226,1215027
2026-04-07,1682.9639892578125,1690.7572661884592,1623.614606331582,1658.684657435096,2860538
2026-04-08,1783.0784912109375,1807.457713060614,1750.006735448129,1750.006735448129,2059323
2026-04-09,1766.19287109375,1790.9717762546477,1755.5020423316128,1783.0784871292315,1510841
2026-04-10,1807.657470703125,1813.3526841996327,1774.585715362177,1776.2843391627096,983497
2026-04-13,1786.775390625,1790.5720776638927,1746.8094935867289,1772.987107360301,1243242
2026-04-15,1824.243408203125,1837.6318860579927,1812.6532005582578,1813.4525672807445,1066065
2026-04-16,1828.33984375,1853.3185286420262,1821.4457023265538,1834.2348377777653,1035217
2026-04-17,1837.3321533203125,1843.926501677579,1810.1552712293665,1827.2407891105013,487836
2026-04-20,1829.0391845703125,1849.0221323356743,1818.8479299964715,1838.3313040676992,903716
2026-04-21,1849.821533203125,1853.4184394740862,1823.4440172723491,1825.74210509431,952364
2026-04-22,1841.3287353515625,1858.4141311967376,1833.4354466376417,1845.4252152260076,739941
2026-04-23,1791.0716552734375,1828.4397934787648,1784.4773066410241,1819.9470403396558,910293
2026-04-24,1769.1903076171875,1798.3654857876056,1755.8018296122664,1791.1715511033121,920624
2026-04-27,1770.68896484375,1796.4670164243194,1763.4951523853856,1779.481510707293,1267827
2026-04-28,1777.4832763671875,1789.2732648170518,1756.2013873408825,1770.5891347131565,1414112
2026-04-29,1762.69580078125,1792.3705518502115,1759.2987971817354,1776.4840837384932,699788
2026-04-30,1745.7103271484375,1792.9700490013947,1717.2346256179055,1775.6847498121554,2574629
2026-05-01,1745.7103271484375,1745.7103271484375,1745.7103271484375,1745.7103271484375,0
2026-05-04,1768.890625,1785.476447856002,1745.6104412190755,1747.7086264176003,1720030
2026-05-05,1793.0699462890625,1797.4662193566678,1740.6147064245683,1758.4994697430436,1270233
2026-05-06,1834.5345458984375,1837.2323171010478,1796.566944095113,1808.4568227372963,1059177
2026-05-07,1822.9444580078125,1848.0230337219898,1815.0511690389217,1848.0230337219898,945912
2026-05-08,1816.749755859375,1825.6420700957415,1800.9631782427919,1822.9444209175997,719570
2026-05-11,1792.6702880859375,1812.4534561847033,1784.477327864322,1802.6617624860737,541986
2026-05-12,1743.3125,1789.4730628859386,1740.0152646654728,1782.2792501130941,1041932
2026-05-13,1727.426025390625,1756.5011913664114,1724.5284734348272,1747.408974097865,666278
2026-05-14,1738.71630859375,1741.5139701837536,1711.8393403044674,1733.6206810948938,2086133
2026-05-15,1726.6265869140625,1754.3030429033702,1720.4319218587038,1733.6206186709928,2347840
2026-05-18,1751.6053466796875,1757.5003409487726,1692.3559768700839,1713.5378537391387,1199186
2026-05-19,1748.3082275390625,1763.495219738416,1741.5139762062659,1743.712051772985,640335
2026-05-20,1770.4892578125,1778.48243730601,1724.5284757248164,1731.0229340632934,779574
2026-05-21,1750.7060546875,1782.8786746837375,1744.5113894906947,1779.4815490738413,479195
2026-05-22,1764.494384765625,1777.4833015277727,1755.5020577764456,1758.499500106172,392442
2026-05-25,1805.8590087890625,1810.2552816781272,1781.4797881917336,1783.4780829625602,456676
2026-05-26,1799.1646728515625,1811.2544539541893,1794.6685095554158,1805.8590336055663,811184
2026-05-27,1807.5576171875,1813.9521852246135,1792.9700888931804,1804.460284503251,339636
2026-05-28,1807.5576171875,1807.5576171875,1807.5576171875,1807.5576171875,0
2026-05-29,1782.079345703125,1816.050358589017,1775.3851066562247,1799.464535514447,1445842
2026-06-01,1757.400390625,1804.16041588158,1754.502838764545,1793.3696971144782,399937
2026-06-02,1739.915283203125,1753.5036632659562,1712.6385107658277,1746.609521906023,1004282
2026-06-03,1732.9212646484375,1740.4148701038769,1706.643639398203,1737.51731826786,561611
2026-06-04,1708.34228515625,1732.721384312365,1704.0459025199546,1731.522456210543,767631
2026-06-05,1701.747802734375,1739.0160495373843,1696.5522850413552,1718.5335278392995,1414054
2026-06-08,1673.1722412109375,1694.5540203419907,1660.5830081417387,1682.564251330137,757180
2026-06-09,1691.656494140625,1695.35341282186,1671.673545483914,1681.2653364458874,567616
2026-06-10,1662.7811279296875,1698.450764869057,1658.9844408212925,1687.7598140358675,525263
2026-06-11,1643.6973876953125,1657.1858777951215,1639.101333980477,1654.6880092581198,589370
2026-06-12,1687.659912109375,1690.5574640710663,1647.7939049640966,1667.5770730109987,1486234
2026-06-15,1748.707763671875,1759.5984949305073,1708.5420862208964,1712.538675896267,2002931
2026-06-16,1785.7762451171875,1800.2638828091224,1749.607035078959,1753.5037344376235,2043227
2026-06-17,1763.095458984375,1792.470416626688,1750.106542921863,1790.4721218478398,903580
2026-06-18,1770.189453125,1773.486688430832,1748.508002678285,1768.2911705807978,1011360
2026-06-19,1767.8914794921875,1772.4875332573297,1750.506289891117,1769.2903102814669,837089
2026-06-22,1780.680419921875,1785.1765831522573,1759.8982275034027,1766.5924661932565,1828102
2026-06-23,1763.4952392578125,1797.3663620141426,1758.3996116849332,1792.4705151436349,885946
2026-06-24,1778.98193359375,1790.6719093077038,1751.6052706268056,1755.6018601996082,891924
2026-06-25,1763.095458984375,1791.4712692372639,1759.2987720843041,1788.4738270689918,1108117
2026-06-26,1763.095458984375,1763.095458984375,1763.095458984375,1763.095458984375,0
2026-06-29,1757.800048828125,1785.4763826944782,1753.6035566179892,1763.0954568057887,1565424
2026-06-30,1780.199951171875,1799.0,1754.199951171875,1760.0,1234164
2026-07-01,1797.5999755859375,1809.4000244140625,1741.5,1760.0,1768906
2026-07-02,1855.699951171875,1862.0,1801.5,1804.0,1786876
2026-07-03,1895.5999755859375,1916.0,1870.5999755859375,1885.0,2036834
2026-07-06,1870.699951171875,1904.5999755859375,1863.0999755859375,1885.0999755859375,1228228
2026-07-07,1885.300048828125,1899.0,1871.800048828125,1871.800048828125,877577
2026-07-08,1854.9000244140625,1890.800048828125,1841.5,1867.0,1439841
2026-07-09,1895.0,1911.9000244140625,1850.0,1856.0,2049967
2026-07-10,1916.0,1920.5,1893.4000244140625,1905.300048828125,822344
2026-07-13,1908.0999755859375,1912.0,1884.4000244140625,1900.0,1002460
2026-07-14,1869.199951171875,1899.0,1861.0,1884.4000244140625,1811978
2026-07-15,1849.5999755859375,1892.5999755859375,1843.4000244140625,1875.0,595343
2026-07-16,1838.5999755859375,1856.5999755859375,1827.699951171875,1843.5999755859375,1669077
2026-07-17,1854.0,1871.699951171875,1822.0,1836.0,705632
2026-07-20,1861.5,1871.5999755859375,1838.800048828125,1852.0999755859375,1397352
2026-07-21,1900.5999755859375,1904.800048828125,1850.4000244140625,1855.0,1668696
2026-07-22,1876.4000244140625,1901.0,1868.0,1895.0999755859375,1023902
2026-07-23,1889.4000244140625,1899.800048828125,1862.300048828125,1870.0,1242914
2026-07-24,1876.699951171875,1892.9000244140625,1866.5,1878.9000244140625,1412443
2026-07-27,1913.0,1920.0,1885.0,1885.0,651274
2026-07-28,1927.9000244140625,1940.0,1910.699951171875,1918.0,1415016
2026-07-29,1924.4000244140625,1945.0,1908.9000244140625,1940.0,1066741
2026-07-30,1909.4000244140625,1933.4000244140625,1892.300048828125,1918.300048828125,752615
2026-07-31,2029.0999755859375,2036.5999755859375,1930.0,1932.0,3731886
2026-08-03,2096.0,2096.0,2040.4000244140625,2050.5,2850085
2026-08-04,2105.0,2105.0,2068.0,2075.0,1959197
2026-08-05,2086.0,2118.5,2076.10009765625,2105.0,2447845
2026-08-06,2086.0,2103.0,2068.60009765625,2070.0,1819169
2026-08-07,2008.9000244140625,2050.0,1988.0,2050.0,2416624
2026-08-10,2021.300048828125,2037.0999755859375,1992.5999755859375,2009.0,944721
2026-08-11,2032.0,2043.9000244140625,2012.0,2014.0,1058625
2026-08-12,2020.5,2028.4000244140625,2006.0999755859375,2023.0,571047
2026-08-13,2025.0,2038.0,2006.699951171875,2010.0999755859375,889438
2026-08-14,2008.300048828125,2033.5999755859375,2006.5999755859375,2033.5,956605
2026-08-17,2005.0,2028.199951171875,1997.199951171875,2001.4000244140625,1026623
2026-08-18,2011.199951171875,2018.800048828125,1998.0,1998.4000244140625,413236
2026-08-19,2012.0,2013.0,1985.0,2002.0999755859375,920207
2026-08-20,2016.0,2030.0999755859375,2013.0,2020.0,417675
2026-08-21,2032.5,2032.5,2005.0,2009.0,830062
2026-08-24,2001.699951171875,2028.5999755859375,1995.300048828125,2020.0,464012
2026-08-25,2004.0,2011.699951171875,1985.0,2004.9000244140625,410121
2026-08-26,2010.0,2024.9000244140625,2005.5,2017.0,564145
2026-08-27,2011.0,2026.5999755859375,1997.5,2001.0999755859375,526392
2026-08-28,2002.0,2014.699951171875,1982.300048828125,2011.0,466703
2026-08-31,2021.0,2021.0,1968.0,1985.5999755859375,724648
2026-09-01,1972.0,2004.0999755859375,1960.0999755859375,1998.699951171875,788344
2026-09-02,1990.0,1990.0,1939.199951171875,1951.5,730988
2026-09-03,1992.0999755859375,1998.0,1970.0,1998.0,440070
2026-09-04,1970.0,1994.199951171875,1970.0,1985.0,437793
2026-09-07,1938.5999755859375,1973.0,1938.5999755859375,1968.0,502611
2026-09-08,1938.0999755859375,1951.9000244140625,1933.0,1938.5999755859375,707710
2026-09-09,1927.0,1951.9000244140625,1921.5,1939.0999755859375,617280
2026-09-10,1940.5,1942.699951171875,1921.0999755859375,1932.9000244140625,658197
2026-09-11,1913.5,1926.0,1895.0,1912.0999755859375,762375
2026-09-15,1855.5,1930.5999755859375,1855.5,1921.4000244140625,486164
2026-09-16,1837.0,1874.800048828125,1832.9000244140625,1864.0,613752
