Price,Close,High,Low,Open,Volume
Ticker,BRITANNIA.NS,BRITANNIA.NS,BRITANNIA.NS,BRITANNIA.NS,BRITANNIA.NS
Date,,,,,
1996-01-02,7.256162643432617,7.256162643432617,7.256162643432617,7.256162643432617,1500
1996-01-03,7.164889812469482,7.301798410255838,7.164889812469482,7.301798410255838,3000
1996-01-04,7.164889812469482,7.164889812469482,7.164889812469482,7.164889812469482,0
1996-01-05,7.1694536209106445,7.301798269809359,7.164889674656373,7.301798269809359,6000
1996-01-08,7.210524559020996,7.210524559020996,7.073615988817728,7.073615988817728,3000
1996-01-09,7.210524559020996,7.210524559020996,7.210524559020996,7.210524559020996,0
1996-01-10,6.891069412231445,6.891069412231446,6.891069412231446,6.891069412231446,1500
1996-01-11,6.891069412231445,6.891069412231446,6.891069412231446,6.891069412231446,0
1996-01-12,6.891069412231445,6.891069412231446,6.891069412231446,6.891069412231446,0
1996-01-15,6.891069412231445,6.891069412231446,6.891069412231446,6.891069412231446,0
1996-01-16,6.617252826690674,6.89106994191304,6.617252826690674,6.89106994191304,3000
1996-01-17,6.617252826690674,6.617252826690674,6.617252826690674,6.617252826690674,0
1996-01-18,6.480345249176025,6.617253827493454,6.480345249176025,6.617253827493454,3000
1996-01-19,6.754162788391113,6.754162788391113,6.754162788391113,6.754162788391113,1500
1996-01-22,6.754162788391113,6.754162788391113,6.754162788391113,6.754162788391113,0
1996-01-23,6.754162788391113,6.765572326854207,6.571618659792844,6.731345017128192,15000
1996-01-24,6.754162788391113,6.754162788391113,6.754162788391113,6.754162788391113,6000
1996-01-25,6.84543514251709,6.84543514251709,6.84543514251709,6.84543514251709,1500
1996-01-26,6.84543514251709,6.84543514251709,6.84543514251709,6.84543514251709,0
1996-01-29,6.617252826690674,6.617252826690674,6.617252826690674,6.617252826690674,1500
1996-01-30,6.617252826690674,6.776979803652803,6.617252826690674,6.754161384301857,12000
1996-01-31,6.7313456535339355,6.7313456535339355,6.7313456535339355,6.7313456535339355,1500
1996-02-01,7.164889812469482,7.164889812469482,6.936708816158891,6.936708816158891,6000
1996-02-02,7.849431991577148,7.8494319915771475,7.8494319915771475,7.8494319915771475,1500
1996-02-05,8.020567893981934,8.077613622223156,7.8494320149214065,7.8494320149214065,10500
1996-02-06,8.07761287689209,8.442702370357129,7.98862214965211,8.020567153914547,19500
1996-02-07,7.8950676918029785,7.8950676918029785,7.8950676918029785,7.8950676918029785,1500
1996-02-08,7.936141490936279,7.986340976951245,7.895068590713488,7.895068590713488,24000
1996-02-09,8.670886039733887,8.716522240816799,8.214524028904766,8.214524028904766,19500
1996-02-12,8.899062156677246,9.127243020007251,8.899062156677246,9.127243020007251,6000
1996-02-13,8.670886039733887,8.899067697980163,8.670886039733887,8.899067697980163,10500
1996-02-14,8.96751880645752,9.35542603700097,8.96751880645752,9.35542603700097,21000
1996-02-15,8.944701194763184,8.944701194763184,8.944701194763184,8.944701194763184,1500
1996-02-16,8.693700790405273,8.89906393485278,8.670882373097133,8.89906393485278,12000
1996-02-19,8.670886039733887,8.670886039733887,8.670886039733887,8.670886039733887,19500
1996-02-20,8.762157440185547,8.762157440185547,8.762157440185547,8.670884402422965,7500
1996-02-21,8.762157440185547,8.762157440185547,8.762157440185547,8.762157440185547,0
1996-02-22,8.807793617248535,9.355428619298964,8.670885029943838,9.355428619298964,9000
1996-02-23,8.848864555358887,8.99033705724855,8.762156129064817,8.807791661870068,10500
1996-02-26,8.832893371582031,9.02456603977122,8.807793301601112,8.807793301601112,37500
1996-02-27,9.12724781036377,9.12724781036377,8.899066827274961,8.990339220510485,36000
1996-02-28,9.264156341552734,9.355428734210284,9.172883948895183,9.355428734210284,12000
1996-02-29,8.944701194763184,8.94698349391767,8.944701194763184,8.94698349391767,9000
1996-03-01,9.12724781036377,9.218520203599292,9.035975417128245,9.035975417128245,19500
1996-03-04,8.857993125915527,8.899066025587215,8.693702832891962,9.127246988119946,12000
1996-03-05,8.857993125915527,8.857993125915527,8.857993125915527,8.857993125915527,0
1996-03-06,9.355432510375977,9.355432510375977,8.990342792383347,8.857997443195062,37500
1996-03-07,9.49233341217041,9.49233341217041,9.355424879593068,9.355424879593068,15000
1996-03-08,9.334892272949219,9.526564290628547,9.332610626422847,9.492336981406476,12000
1996-03-11,9.332610130310059,9.355427900024052,9.271001107551731,9.334891776715141,12000
1996-03-12,9.307509422302246,9.312073367630637,9.127246312045951,9.332609489529531,16500
1996-03-13,9.309792518615723,9.309792518615723,9.309792518615723,9.307510219340314,1500
1996-03-14,9.218517303466797,9.355425850248846,9.218517303466797,9.30979032081961,15000
1996-03-15,9.220803260803223,9.264157161529104,9.220803260803223,9.264157161529104,4500
1996-03-18,9.006311416625977,9.127247827514024,9.006311416625977,9.127247827514024,18000
1996-03-19,9.08161449432373,9.08161449432373,8.899069649951679,9.006314256396365,16500
1996-03-20,9.08161449432373,9.08161449432373,9.08161449432373,9.08161449432373,0
1996-03-21,9.172883033752441,9.172883033752441,9.081610650200782,9.081610650200782,3000
1996-03-22,9.172883033752441,9.172883033752441,8.89906588309746,9.172883033752441,16500
1996-03-25,9.129528999328613,9.26415593581015,9.129528999328613,9.172883547150061,9000
1996-03-26,9.038257598876953,9.038257598876953,9.038257598876953,9.129529997516418,9000
1996-03-27,9.12724781036377,9.12724781036377,9.03369311767362,9.038257063751221,9000
1996-03-28,9.170600891113281,9.170600891113281,9.170600891113281,9.127246997809731,3000
1996-03-29,9.218517303466797,9.252744603370171,9.175162767111287,9.170598822469495,18000
1996-04-01,9.309792518615723,9.309792518615723,9.309792518615723,9.309792518615723,1500
1996-04-02,9.266434669494629,9.309789856519364,9.266434669494629,9.309789856519364,6000
1996-04-03,9.49233341217041,9.583606420053352,9.49233341217041,9.583606420053352,4500
1996-04-04,9.401065826416016,9.583611281958479,9.401065826416016,9.492338227771391,15000
1996-04-05,9.401065826416016,9.401065826416016,9.401065826416016,9.401065826416016,0
1996-04-08,9.583610534667969,9.948700111621292,9.309793351952976,9.583610534667969,24000
1996-04-09,9.58588981628418,9.834606866012217,9.58588981628418,9.583608170199064,30000
1996-04-10,9.766156196594238,9.766156196594238,9.766156196594238,9.766156196594238,1500
1996-04-11,9.766156196594238,9.766156196594238,9.766156196594238,9.766156196594238,0
1996-04-12,9.583610534667969,9.583610534667969,9.583610534667969,9.583610534667969,3000
1996-04-15,9.537970542907715,9.629242248002326,9.537970542907715,9.58360672187072,10500
1996-04-16,9.537970542907715,9.58360672187072,9.494616009685009,9.537970542907715,19500
1996-04-17,9.948698043823242,9.948698043823242,9.583608542752346,9.537972355118484,46500
1996-04-18,10.085611343383789,10.268156832482372,9.994339578082242,9.948702716183723,49500
1996-04-19,10.222517013549805,10.222517013549805,9.948699203010817,10.08560778186451,19500
1996-04-22,10.268152236938477,10.268152236938477,9.94869826361246,10.22251604829641,34500
1996-04-23,10.313787460327148,11.249330278397704,9.996616448496066,10.268151925898994,40500
1996-04-24,10.724516868591309,11.180878871830277,10.724516868591309,11.180878871830277,4500
1996-04-25,10.405064582824707,10.610427832734306,10.405064582824707,10.724518019370482,19500
1996-04-26,10.405064582824707,10.405064582824707,10.405064582824707,10.405064582824707,0
1996-04-29,10.496334075927734,10.496334075927734,10.359425498317467,10.405061690854222,15000
1996-04-30,10.541971206665039,10.587607403263267,10.496335010066813,10.496335010066813,16500
1996-05-01,10.541971206665039,10.541971206665039,10.359426420272134,10.541971206665039,6000
1996-05-02,10.507742881774902,10.541969534169738,10.359424776737763,10.359424776737763,39000
1996-05-03,10.541971206665039,10.541971206665039,10.541971206665039,10.507744548840108,3000
1996-05-06,10.405064582824707,10.633245608928831,10.405064582824707,10.541973198487181,30000
1996-05-07,10.450697898864746,10.450697898864746,10.405061706260419,10.405061706260419,9000
1996-05-08,10.439289093017578,10.439289093017578,10.268153206246799,10.450697978047204,3000
1996-05-09,10.439289093017578,10.439289093017578,10.439289093017578,10.439289093017578,0
1996-05-10,9.994335174560547,10.039970710688307,9.92588056470582,10.039970710688307,4500
1996-05-13,10.119834899902344,10.119834899902344,10.035408107734607,9.994335861264958,9000
1996-05-14,9.998900413513184,10.268154977615529,9.996619419511681,10.119836835317503,9000
1996-05-15,10.131243705749512,10.131243705749512,9.994335139353884,9.99889777898643,6000
1996-05-16,10.9526948928833,10.9526948928833,10.9526948928833,10.131242906483351,1500
1996-05-17,10.450697898864746,10.450697898864746,10.03997151259421,10.03997151259421,24000
1996-05-20,10.20426082611084,10.222515954231225,10.13352522399018,10.4506968953419,16500
1996-05-21,9.93044376373291,10.037688969985899,9.905344349665155,10.204260894911902,16500
1996-05-22,9.857428550720215,9.857428550720215,9.857428550720215,9.930446472283743,1500
1996-05-23,9.583610534667969,9.686291814978176,9.583610534667969,9.857427717382961,10500
1996-05-24,9.503747940063477,9.51515682723205,9.401065997051155,9.583611455906931,9000
1996-05-27,9.401065826416016,9.401065826416016,9.355429625738328,9.503747767564596,3000
1996-05-28,9.355432510375977,9.401068725125056,9.355432510375977,9.401068725125056,3000
1996-05-29,9.537970542907715,9.537970542907715,9.537970542907715,9.355425174224294,1500
1996-05-30,9.266434669494629,9.355425383672655,9.188853489936339,9.537970756442883,12000
1996-05-31,9.401065826416016,9.401065826416016,9.127248622349885,9.127248622349885,15000
1996-06-03,9.220803260803223,9.35542956226523,9.220803260803223,9.401065762633294,18000
1996-06-04,9.49233341217041,9.674878775104915,9.401061057118849,9.220798645515547,10500
1996-06-05,9.446700096130371,9.446700096130371,9.355427066907643,9.355427066907643,6000
1996-06-06,9.12724781036377,9.22080250305392,9.12724781036377,9.218520203599292,10500
1996-06-07,9.172883033752441,9.172883033752441,9.03597445842495,9.12724684197661,16500
1996-06-10,9.218517303466797,9.218517303466797,9.172881121206114,9.172881121206114,4500
1996-06-11,9.175165176391602,9.264155918375618,9.175165176391602,9.218519724131458,18000
1996-06-12,9.49233341217041,9.583606420053352,9.241334762194304,9.241334762194304,7500
1996-06-13,9.948698043823242,10.085606606724827,9.857425668555518,9.857425668555518,16500
1996-06-14,10.389087677001953,10.63095979631473,10.222515756422263,10.268151943761323,25500
1996-06-17,10.270435333251953,10.86142422281672,10.268153686705586,10.496334662132945,7500
1996-06-18,9.583610534667969,9.6748829289063,9.583610534667969,9.652065156762546,10500
1996-06-19,9.537970542907715,9.629242248002326,9.446698184981704,9.446698184981704,12000
1996-06-20,9.446700096130371,9.585890306919065,9.446700096130371,9.585890306919065,4500
1996-06-21,9.172883033752441,9.355427800855763,9.12724684197661,9.355427800855763,13500
1996-06-24,8.85342788696289,9.127244981813016,8.85342788696289,9.081608799337996,15000
1996-06-25,9.093019485473633,9.104429022979213,8.853429643161714,8.899065834689297,37500
1996-06-26,9.264156341552734,9.344019848336002,9.172883948895183,9.172883948895183,12000
1996-06-27,9.298382759094238,9.298382759094238,9.172883068033785,9.172883068033785,4500
1996-06-28,9.172883033752441,9.264155417304101,9.172883033752441,9.264155417304101,4500
1996-07-01,9.12724781036377,9.12724781036377,9.12724781036377,9.12724781036377,1500
1996-07-02,8.944701194763184,8.990338038210997,8.944701194763184,8.990338038210997,3000
1996-07-03,8.819201469421387,8.89906495995234,8.819201469421387,8.89906495995234,6000
1996-07-04,8.670886039733887,8.807794642982623,8.670886039733887,8.716522240816799,4500
1996-07-05,8.488338470458984,8.488338470458984,8.488338470458984,8.488338470458984,1500
1996-07-08,8.67316722869873,8.67316722869873,8.449549545613786,8.449549545613786,4500
1996-07-09,8.584177017211914,8.670885467127553,8.584177017211914,8.670885467127553,7500
1996-07-10,8.85342788696289,8.85342788696289,8.260156209124721,8.260156209124721,36000
1996-07-11,8.762157440185547,8.762157440185547,7.986340862608964,7.986340862608964,6000
1996-07-12,9.355432510375977,9.355432510375977,8.828333413984229,8.828333413984229,7500
1996-07-15,9.811790466308594,9.811790466308594,9.446700928572172,9.446700928572172,34500
1996-07-16,9.811790466308594,9.811790466308594,9.674881889657435,9.674881889657435,33000
1996-07-17,9.857428550720215,10.037691707788102,9.492338290070863,9.492338290070863,27000
1996-07-18,9.76843547821045,9.81178936633266,9.629243965097581,9.629243965097581,9000
1996-07-19,9.903063774108887,10.24305392745046,9.903063774108887,10.062790788177386,30000
1996-07-22,9.877963066101074,9.880244712418902,9.766153909717193,9.811790100231564,9000
1996-07-23,10.405064582824707,10.405064582824707,9.964674712819916,9.964674712819916,31500
1996-07-24,9.966958045959473,10.039975329050575,9.583613229532176,9.583613229532176,16500
1996-07-25,10.268152236938477,10.268152236938477,9.94869826361246,9.94869826361246,19500
1996-07-26,9.868834495544434,10.085606548767469,9.811789424537798,9.811789424537798,31500
1996-07-29,10.131243705749512,10.131243705749512,9.401063379309754,9.401063379309754,24000
1996-07-30,10.023998260498047,10.110707343569137,9.583608559440762,9.583608559440762,109500
1996-07-31,10.085611343383789,10.085611343383789,9.811794088983657,9.811794088983657,12000
1996-08-01,10.268152236938477,10.359424614222615,10.131243671012271,10.359424614222615,9000
1996-08-02,9.960108757019043,10.131244644071495,9.909908618275507,10.131244644071495,12000
1996-08-05,10.08104419708252,10.265870609975346,9.674881765161437,9.674881765161437,25500
1996-08-06,10.039973258972168,10.131246312888678,9.711391962235172,9.948700857887365,43500
1996-08-07,10.085611343383789,10.131248205282306,10.037693487071722,10.131248205282306,16500
1996-08-08,10.176878929138184,10.176878929138184,9.994334832382314,9.994334832382314,12000
1996-08-09,10.039973258972168,10.039973258972168,9.903064657344965,9.903064657344965,13500
1996-08-12,10.085611343383789,10.085611343383789,9.76615787991697,10.0399751343171,30000
1996-08-13,10.108428001403809,10.131246428350916,9.814074014926891,9.814074014926891,90000
1996-08-14,9.811790466308594,10.039971427393859,9.811790466308594,10.039971427393859,12000
1996-08-15,9.811790466308594,9.811790466308594,9.811790466308594,9.811790466308594,0
1996-08-16,9.677163124084473,9.811790048601342,9.677163124084473,9.811790048601342,3000
1996-08-19,9.446700096130371,9.446700096130371,9.264154690516445,9.264154690516445,9000
1996-08-20,9.670318603515625,9.674882549464376,9.15006532392944,9.43529203436158,21000
1996-08-21,9.674880027770996,9.674880027770996,9.537971477467263,9.537971477467263,6000
1996-08-22,9.583610534667969,9.583610534667969,9.583610534667969,9.583610534667969,4500
1996-08-23,9.537970542907715,9.537970542907715,9.391934770226097,9.391934770226097,7500
1996-08-26,9.503747940063477,9.583611455906931,9.423884424220022,9.537975254400918,15000
1996-08-27,10.357142448425293,10.382241861295647,9.674880646413074,9.674880646413074,73500
1996-08-28,9.811790466308594,10.062789849918179,9.811790466308594,9.994335888008393,19500
1996-08-29,10.039973258972168,10.108427886201623,9.903064657344965,9.903064657344965,16500
1996-08-30,9.994335174560547,9.994335174560547,9.766153576932487,9.766153576932487,10500
1996-09-02,9.925881385803223,9.925881385803223,9.88252618666599,9.88252618666599,7500
1996-09-03,10.039973258972168,10.131246312888678,9.92588308403202,9.92588308403202,69000
1996-09-04,10.085611343383789,10.085611343383789,9.994339578082242,9.994339578082242,15000
1996-09-05,10.108428001403809,10.108428001403809,10.085609574456699,10.085609574456699,4500
1996-09-06,10.039973258972168,10.176881860599371,9.903064657344965,9.903064657344965,78000
1996-09-09,10.039973258972168,10.085609459514568,9.92588308403202,10.039973258972168,24000
1996-09-10,10.149497985839844,10.176879700352968,9.957825984247977,10.039971127787348,79500
1996-09-11,10.039973258972168,10.039973258972168,9.903064657344965,9.903064657344965,16500
1996-09-12,9.973799705505371,10.085608219883847,9.973799705505371,9.99433648284904,27000
1996-09-13,10.039973258972168,10.039973258972168,10.039973258972168,10.039973258972168,6000
1996-09-16,10.039973258972168,10.039973258972168,9.948700857887365,9.948700857887365,64500
1996-09-17,10.023998260498047,10.085606624287399,9.857425685720747,9.857425685720747,108000
1996-09-18,10.154064178466797,10.154064178466797,9.903064746800432,9.903064746800432,18000
1996-09-19,10.023998260498047,10.154061232273158,9.788971730566512,9.788971730566512,19500
1996-09-20,9.971515655517578,10.131243288989207,9.971515655517578,10.02856137879277,10500
1996-09-23,10.085611343383789,10.131248205282306,9.971520494301153,9.971520494301153,12000
1996-09-24,10.039973258972168,10.074200572586896,9.996619358080668,10.039973258972168,73500
1996-09-25,9.950980186462402,10.13124395264912,9.932726363329678,10.085607109906862,109500
1996-09-26,10.039973258972168,10.085609459514568,9.948700857887365,9.948700857887365,30000
1996-09-27,10.039973258972168,10.085609459514568,9.839173976585602,10.039973258972168,25500
1996-09-30,9.998900413513184,10.131246375146997,9.994337772678467,10.062791747496876,10500
1996-10-01,10.039973258972168,10.131246312888678,9.948700857887365,10.131246312888678,180000
1996-10-02,10.039973258972168,10.039973258972168,10.039973258972168,10.039973258972168,0
1996-10-03,10.039973258972168,10.039973258972168,10.039973258972168,10.039973258972168,18000
1996-10-04,9.903063774108887,10.1312454093015,9.864273170315435,10.039972363525465,42000
1996-10-07,9.811790466308594,9.948699042959753,9.355427891306478,9.58360950522333,24000
1996-10-08,10.039973258972168,10.039973258972168,9.606429027403504,9.638374694199038,174000
1996-10-09,10.039973258972168,10.039973258972168,9.674883654632959,9.72051985517536,30000
1996-10-10,10.039973258972168,10.049101151912357,9.903064657344965,9.94413691141727,25500
1996-10-11,10.039973258972168,10.039973258972168,10.026282072393593,10.026282072393593,18000
1996-10-14,9.93272590637207,10.039970458104738,9.93272590637207,9.994334923125066,10500
1996-10-15,10.065073013305664,10.268154588903226,9.996619041078656,10.085609139690598,114000
1996-10-16,10.341171264648438,10.359426396076744,10.108426988956905,10.108426988956905,39000
1996-10-17,10.268152236938477,10.861422689285368,10.268152236938477,10.861422689285368,12000
1996-10-18,10.268152236938477,10.268152236938477,10.268152236938477,10.268152236938477,3000
1996-10-21,10.268152236938477,10.268152236938477,10.268152236938477,10.268152236938477,0
1996-10-22,10.174599647521973,10.268154343050973,10.06507277231583,10.268154343050973,13500
1996-10-23,10.131243705749512,10.131243705749512,9.994335139353884,9.994335139353884,6000
1996-10-24,10.039973258972168,10.2111091742141,10.039973258972168,10.2111091742141,22500
1996-10-25,10.222517013549805,10.222517013549805,10.037689942473618,10.037689942473618,12000
1996-10-28,10.199697494506836,10.222515914945978,10.085606697974185,10.131243538852468,15000
1996-10-29,10.131243705749512,10.176879241716515,9.948698297723803,9.948698297723803,63000
1996-10-30,10.131243705749512,10.131243705749512,10.131243705749512,10.131243705749512,0
1996-10-31,10.370834350585938,10.370834350585938,10.22251688851643,10.268153080909478,15000
1996-11-01,10.199697494506836,10.199697494506836,10.108425118413326,10.108425118413326,6000
1996-11-04,10.126681327819824,10.126681327819824,10.108426849475055,10.108426849475055,3000
1996-11-05,10.199697494506836,10.199697494506836,10.085606697974185,10.085606697974185,28500
1996-11-06,10.174599647521973,10.176881294214182,9.857427908196266,9.859709554888475,25500
1996-11-07,10.131243705749512,10.154061473733014,10.131243705749512,10.154061473733014,12000
1996-11-08,10.192854881286621,10.199699821431569,10.039972800412585,10.039972800412585,31500
1996-11-11,10.277278900146484,10.35942403511013,10.131243104655557,10.131243104655557,12000
1996-11-12,10.277278900146484,10.277278900146484,10.277278900146484,10.277278900146484,0
1996-11-13,10.154064178466797,10.176881952528259,10.131246404405335,10.131246404405335,9000
1996-11-14,10.567069053649902,10.72451439812246,9.987489769462513,9.987489769462513,36000
1996-11-15,10.5442533493042,10.815789547876673,10.158627633116701,10.158627633116701,27000
1996-11-18,10.587605476379395,10.587605476379395,10.405060723208596,10.427878490939179,9000
1996-11-19,10.450697898864746,10.530561399130216,10.17688009040719,10.450697898864746,96000
1996-11-20,10.450697898864746,10.450697898864746,10.450697898864746,10.450697898864746,0
1996-11-21,10.039973258972168,10.039973258972168,10.039973258972168,10.039973258972168,1500
1996-11-22,10.131243705749512,10.131243705749512,10.039970675320887,10.039970675320887,3000
1996-11-25,10.14721965789795,10.268156092837142,9.864275182065796,10.062792840414042,22500
1996-11-26,10.21567153930664,10.222517131536236,10.170034692997078,10.183725877456268,25500
1996-11-27,10.26358699798584,10.26358699798584,10.1335240399576,10.176877924079376,15000
1996-11-28,10.154064178466797,10.22251880631461,10.099300737321231,10.099300737321231,22500
1996-11-29,10.245333671569824,10.245333671569824,10.133525174183024,10.245333671569824,10500
1996-12-02,10.227083206176758,10.35942852967581,10.227083206176758,10.35942852967581,16500
1996-12-03,10.245333671569824,10.268152091984502,10.176879063157315,10.176879063157315,49500
1996-12-04,10.176878929138184,10.176878929138184,9.76615324256656,9.76615324256656,43500
1996-12-05,10.496334075927734,10.496334075927734,10.2225169207072,10.2225169207072,28500
1996-12-06,10.546533584594727,10.651497806908472,10.405061713834135,10.583043191536357,27000
1996-12-09,10.975515365600586,10.975515365600586,10.792970579792518,10.792970579792518,27000
1996-12-10,10.717669486999512,10.952696695490902,10.222516959313614,10.952696695490902,66000
1996-12-11,10.724516868591309,10.907062322718602,10.724516868591309,10.861425469563,9000
1996-12-12,10.279561996459961,10.496334074181384,10.279561996459961,10.496334074181384,3000
1996-12-13,10.05366325378418,10.176881315059312,10.05366325378418,10.13124576979495,4500
1996-12-16,10.405064582824707,10.405064582824707,10.405064582824707,10.405064582824707,3000
1996-12-17,10.325201034545898,10.35942835158349,10.268155941371095,10.268155941371095,12000
1996-12-18,10.405064582824707,10.541973198487181,10.405064582824707,10.541973198487181,3000
1996-12-19,10.359424591064453,10.405060779604504,10.140370233240676,10.140370233240676,16500
1996-12-20,10.421036720275879,10.503181884174568,10.421036720275879,10.496336290641745,9000
1996-12-23,10.405064582824707,10.434727953010299,10.359428377603882,10.405064582824707,31500
1996-12-24,10.405064582824707,10.544254845540278,10.359428377603882,10.359428377603882,18000
1996-12-25,10.405064582824707,10.405064582824707,10.405064582824707,10.405064582824707,0
1996-12-26,10.633245468139648,10.678882325587995,10.544254705929376,10.678882325587995,9000
1996-12-27,10.633245468139648,10.633245468139648,10.633245468139648,10.633245468139648,0
1996-12-30,10.633245468139648,10.633245468139648,10.633245468139648,10.633245468139648,0
1996-12-31,10.405064582824707,10.503182587257424,10.405064582824707,10.503182587257424,6000
1997-01-01,10.770151138305664,10.770151138305664,10.656060331531483,10.656060331531483,9000
1997-01-02,10.724516868591309,10.792971495493006,10.644654007648269,10.792971495493006,16500
1997-01-03,10.724516868591309,10.724516868591309,10.724516868591309,10.724516868591309,1500
1997-01-06,10.61042594909668,10.756461779878009,10.61042594909668,10.756461779878009,4500
1997-01-07,10.672036170959473,10.70169953919374,10.35942769613709,10.38224547083061,100500
1997-01-08,10.881958961486816,10.881958961486816,10.644651430097136,10.770150460975087,18000
1997-01-09,10.80209732055664,10.81578850527621,10.724515463752859,10.765588365079948,21000
1997-01-10,11.078195571899414,11.180876840767686,10.861423496530717,10.861423496530717,42000
1997-01-13,11.425031661987305,11.511739445516946,11.021150882586563,11.078195305216177,69000
1997-01-14,11.500330924987793,11.591603309747178,11.36342300068031,11.429595316422965,64500
1997-01-15,11.69200611114502,11.774151928002551,11.500333408919753,11.500333408919753,99000
1997-01-16,11.450130462646484,11.911056971873702,11.409058217083867,11.865420127955016,46500
1997-01-17,11.468385696411133,11.498049059368723,11.363423429226808,11.363423429226808,136500
1997-01-20,11.47066879272461,11.545969007846452,11.40905976320007,11.40905976320007,54000
1997-01-21,11.456976890563965,11.500331438468317,11.377114692789007,11.404495756607773,115500
1997-01-22,11.486642837524414,11.500332718125469,11.409060319134845,11.488923831459564,9000
1997-01-23,11.486642837524414,11.486642837524414,11.486642837524414,11.486642837524414,0
1997-01-24,11.45469856262207,11.45469856262207,11.45469856262207,11.45469856262207,3000
1997-01-27,11.468385696411133,11.500331358697473,11.431878046793756,11.454695817428329,84000
1997-01-28,11.477513313293457,11.587040176513229,11.409058697365298,11.409058697365298,99000
1997-01-29,11.509458541870117,11.637239877486508,11.409058268197093,11.409058268197093,153000
1997-01-30,11.511738777160645,11.511738777160645,11.454694357842955,11.454694357842955,30000
1997-01-31,11.45469856262207,11.500334114828075,11.45469856262207,11.498051814952357,48000
1997-02-03,11.500330924987793,11.500330924987793,11.40905854022841,11.40905854022841,21000
1997-02-04,11.568782806396484,11.632674113462828,11.511737089777453,11.543682743310626,12000
1997-02-05,11.671467781066895,11.671467781066895,11.591604274547285,11.591604274547285,13500
1997-02-06,11.66005802154541,11.682875791508915,11.637240251581906,11.637240251581906,3000
1997-02-07,11.682873725891113,11.819782932791979,11.55737470761779,11.705692797483232,7500
1997-02-10,11.637239456176758,11.637239456176758,11.500330234427084,11.500330234427084,33000
1997-02-11,11.618986129760742,11.637240607422365,11.45469583080613,11.557377104444859,19500
1997-02-12,11.637239456176758,11.68287499298458,11.591602613705833,11.591602613705833,6000
1997-02-13,11.728511810302734,11.728511810302734,11.637239431219728,11.637239431219728,6000
1997-02-14,11.774147987365723,11.774147987365723,11.591601933851557,11.591601933851557,27000
1997-02-17,12.093603134155273,12.093603134155273,11.504895221833753,11.511740814496015,27000
1997-02-18,11.8654203414917,12.139238798605323,11.8654203414917,12.047966414788505,19500
1997-02-19,11.869986534118652,11.997767888623766,11.865421935067388,11.865421935067388,19500
1997-02-20,11.796965599060059,11.796965599060059,11.796965599060059,11.796965599060059,1500
1997-02-21,11.682873725891113,11.687438323607315,11.682873725891113,11.687438323607315,3000
1997-02-24,11.45469856262207,11.73992468090023,11.45469856262207,11.73992468090023,9000
1997-02-25,11.552814483642578,11.751332778238906,11.436443311082124,11.500333341004266,28500
1997-02-26,11.40906047821045,11.40906047821045,11.40906047821045,11.40906047821045,1500
1997-02-27,11.532275199890137,11.728511129951054,11.454694008585715,11.511738426164102,46500
1997-02-28,12.029709815979004,12.276144555981631,11.865418248426668,11.865418248426668,55500
1997-03-03,13.029145240783691,13.599598635241213,13.006327470591089,13.051963010976296,16500
1997-03-04,12.915054321289062,12.960689858978661,12.413055572724696,12.958408865492059,19500
1997-03-05,12.903645515441895,12.96068993790126,12.641235949476272,12.778145174705019,30000
1997-03-06,12.504329681396484,12.549965225391205,12.458694137401764,12.549965225391205,4500
1997-03-07,12.504329681396484,12.504329681396484,12.504329681396484,12.504329681396484,0
1997-03-10,12.321783065795898,12.321783065795898,12.321783065795898,12.321783065795898,1500
1997-03-11,12.139238357543945,12.276146275463239,12.0936015144621,12.139238357543945,13500
1997-03-12,12.34460163116455,12.67318222076752,12.321783861080144,12.321783861080144,19500
1997-03-13,12.413056373596191,12.413056373596191,12.344601756982076,12.344601756982076,6000
1997-03-14,12.321783065795898,12.321783065795898,12.321783065795898,12.321783065795898,3000
1997-03-17,12.18487548828125,12.321784729766192,12.18487548828125,12.321784729766192,4500
1997-03-18,12.098169326782227,12.321787721796746,12.093606032468195,12.321787721796746,27000
1997-03-19,12.098169326782227,12.098169326782228,12.098169326782228,12.098169326782228,0
1997-03-20,11.682873725891113,11.865418464650292,11.272147410851481,11.865418464650292,12000
1997-03-21,11.637239456176758,11.637239456176758,11.568784845301922,11.568784845301922,4500
1997-03-24,11.637239456176758,11.637239456176758,11.637239456176758,11.637239456176758,0
1997-03-25,11.365704536437988,11.682876251814786,11.365704536437988,11.682876251814786,12000
1997-03-26,11.274433135986328,11.534560447017526,11.22651529070778,11.317787687824861,100500
1997-03-27,11.294968605041504,11.294968605041504,11.089606061760579,11.18087714262925,16500
1997-03-28,11.294968605041504,11.294968605041504,11.294968605041504,11.294968605041504,0
1997-03-31,10.724516868591309,10.724516868591309,10.528281533614406,10.724516868591309,9000
1997-04-01,10.861421585083008,10.861421585083008,10.603577308676371,10.724513033075306,12000
1997-04-02,11.183156967163086,11.358856109148082,11.183156967163086,11.358856109148082,3000
1997-04-03,11.180874824523926,11.180874824523926,11.180874824523926,11.180874824523926,1500
1997-04-04,11.158058166503906,11.203695007669245,11.101012441463002,11.101012441463002,18000
1997-04-07,10.895652770996094,10.952698510961822,10.838607683862069,10.838607683862069,10500
1997-04-08,10.895652770996094,10.895652770996094,10.895652770996094,10.895652770996094,0
1997-04-09,11.194568634033203,11.272149838297144,10.895651396735664,10.907060934988756,97500
1997-04-10,11.069068908691406,11.089605684586296,11.069068908691406,11.089605684586296,4500
1997-04-11,10.998331069946289,11.08960475135601,10.952695534904482,10.952695534904482,9000
1997-04-14,10.998331069946289,10.998331069946289,10.998331069946289,10.998331069946289,0
1997-04-15,10.964104652404785,11.1580582917934,10.952695768401112,11.112422755778706,9000
1997-04-16,10.964104652404785,10.964104652404785,10.964104652404785,10.964104652404785,0
1997-04-17,10.964104652404785,10.964104652404785,10.964104652404785,10.964104652404785,0
1997-04-18,10.964104652404785,10.964104652404785,10.964104652404785,10.964104652404785,0
1997-04-21,10.964104652404785,10.964104652404785,10.964104652404785,10.964104652404785,0
1997-04-22,10.886524200439453,11.043969561764753,10.724515546060355,10.724515546060355,13500
1997-04-23,11.112421989440918,11.112421989440918,11.043967384476579,11.043967384476579,9000
1997-04-24,11.10101318359375,11.180876681724868,11.089605604618624,11.089605604618624,15000
1997-04-25,11.094168663024902,11.123832023590552,11.06678629594084,11.085040772109172,7500
1997-04-28,10.964104652404785,11.180876059800747,10.964104652404785,11.089604987771358,7500
1997-04-29,11.043971061706543,11.055379948722168,10.950416360249625,10.957261953591685,37500
1997-04-30,11.135242462158203,11.135242462158203,11.135242462158203,11.135242462158203,1500
1997-05-01,11.135242462158203,11.135242462158203,11.135242462158203,11.135242462158203,0
1997-05-02,11.043971061706543,11.180879011557463,11.021153287675293,11.089607915432467,19500
1997-05-05,11.135242462158203,11.155777934674305,10.872834167405628,10.872834167405628,15000
1997-05-06,11.363423347473145,11.409058888413966,10.952696950689639,10.952696950689639,24000
1997-05-07,11.272148132324219,11.272148132324219,11.09188568088546,11.101012265576083,6000
1997-05-08,11.146651268005371,11.269869324869298,11.101014418711463,11.101014418711463,4500
1997-05-09,11.226516723632812,11.226516723632812,11.226516723632812,11.226516723632812,1500
1997-05-12,11.317785263061523,11.317785263061523,11.05537701436129,11.05537701436129,18000
1997-05-13,11.183156967163086,11.409056237047485,11.180874668381144,11.180874668381144,12000
1997-05-14,11.317785263061523,11.317785263061523,11.180876043886151,11.226512885498968,4500
1997-05-15,11.545968055725098,11.637240442741602,11.545968055725098,11.637240442741602,16500
1997-05-16,11.637239456176758,11.637239456176758,11.637239456176758,11.637239456176758,7500
1997-05-19,11.742205619812012,11.863141385937286,11.682877580891578,11.682877580891578,18000
1997-05-20,11.500330924987793,11.774149384929126,11.18087692549836,11.774149384929126,118500
1997-05-21,11.500330924987793,11.500330924987793,11.500330924987793,11.500330924987793,3000
1997-05-22,11.500330924987793,11.500330924987793,11.500330924987793,11.500330924987793,0
1997-05-23,11.618986129760742,11.637240607422365,11.112424048234885,11.180877360218547,115500
1997-05-26,11.404496192932129,11.409059486132636,11.23792358731233,11.409059486132636,36000
1997-05-27,11.774147987365723,12.093600643273703,11.317784812074848,11.404493893719895,355500
1997-05-28,11.968104362487793,12.196284696781502,11.867704075320965,12.002331020932852,27000
1997-05-29,11.799245834350586,12.002327340237903,11.77414707591912,12.002327340237903,15000
1997-05-30,11.979511260986328,12.025146798007855,11.819784270084762,12.025146798007855,36000
1997-06-02,11.835759162902832,11.911058069093471,11.753613358547367,11.911058069093471,13500
1997-06-03,11.728511810302734,11.865419726095693,11.54596705213672,11.660057199574704,31500
1997-06-04,11.785553932189941,11.865417411516543,11.769581758589759,11.769581758589759,12000
1997-06-05,11.849451065063477,12.047969364508022,11.819787696268387,11.863142252403822,30000
1997-06-06,11.867706298828125,11.952133116674618,11.272152668393884,11.272152668393884,27000
1997-06-09,11.682873725891113,11.810655043022539,11.6372381940328,11.641801486086038,18000
1997-06-10,11.657776832580566,11.682875595721889,11.561939850146176,11.63724005655966,30000
1997-06-11,11.769585609436035,11.769585609436035,11.648649854381276,11.648649854381276,15000
1997-06-12,11.774147987365723,11.860855763347743,11.545966399720285,11.545966399720285,13500
1997-06-13,11.685155868530273,11.81978277477321,11.685155868530273,11.81750047594562,25500
1997-06-16,11.774147987365723,11.865419055628266,11.641802065926376,11.860855763347743,18000
1997-06-17,11.680594444274902,11.746766758563584,11.500330672296482,11.746766758563584,15000
1997-06-18,11.682873725891113,11.865418464650292,11.409056617752347,11.409056617752347,24000
1997-06-19,11.618986129760742,11.682876148744807,11.545968219114249,11.682876148744807,31500
1997-06-20,11.358858108520508,11.500330627655686,11.320068162040142,11.500330627655686,70500
1997-06-23,11.669184684753418,11.680594875474132,11.317786324594524,11.500331096841117,39000
1997-06-24,11.568782806396484,11.632674113462828,11.545965042014021,11.591600570778947,18000
1997-06-25,11.685155868530273,11.774147243524997,11.46610218494779,11.614418967167422,148500
1997-06-26,11.728511810302734,11.815220896847366,11.728511810302734,11.75132957865771,18000
1997-06-27,11.637239456176758,11.751329603859418,11.637239456176758,11.637239456176758,25500
1997-06-30,11.723950386047363,11.728514985484582,11.591605726964,11.637242581692012,28500
1997-07-01,11.621267318725586,11.728513192829423,11.420468061073276,11.728513192829423,72000
1997-07-02,11.819786071777344,11.911058465396179,11.77415052779958,11.819786071777344,40500
1997-07-03,11.637239456176758,11.774148677926432,11.637239456176758,11.774148677926432,31500
1997-07-04,11.91105842590332,11.91105842590332,11.705695867357678,11.815222739337129,61500
1997-07-07,12.746199607849121,12.746199607849121,12.002328136509895,12.047964975799099,168000
1997-07-08,13.636106491088867,13.638387484526413,12.77814482207969,13.006326422609666,132000
1997-07-09,14.592185020446777,14.592185020446777,14.14723200327196,14.14723200327196,160500
1997-07-10,14.478094100952148,15.059956310442775,14.147231250346438,15.059956310442775,261000
1997-07-11,14.694867134094238,15.059957982054632,13.919051203881091,13.919051203881091,355500
1997-07-14,14.573931694030762,14.603593748440005,13.690869955201945,14.23850423114478,190500
1997-07-15,14.615006446838379,14.831777895315522,14.24991556121565,14.808960122983892,801000
1997-07-16,14.567083358764648,15.03713504450395,14.512319941484673,14.968681752151127,48000
1997-07-17,14.62869644165039,14.676614281911382,14.421050291080718,14.512323984303741,51000
1997-07-18,14.62869644165039,14.62869644165039,14.62869644165039,14.62869644165039,0
1997-07-21,14.637826919555664,14.672053584367244,13.884828542728801,14.329781713597177,126000
1997-07-22,14.329779624938965,14.649233672605483,14.2407895260016,14.589906939980574,40500
1997-07-23,15.333773612976074,15.333773612976072,15.014319642421992,15.05539319109076,502500
1997-07-24,15.639538764953613,16.01831951107415,15.488938341727183,15.488938341727183,393000
1997-07-25,15.500346183776855,15.739936661600893,15.379409142515764,15.698863112947814,157500
1997-07-28,15.532293319702148,15.88141068249012,15.425047451121994,15.876846083985681,105000
1997-07-29,15.650949478149414,15.739940885113834,15.470686975899907,15.739940885113834,147000
1997-07-30,15.614439964294434,15.790139166684467,15.596185484751791,15.698866768971245,258000
1997-07-31,15.616722106933594,15.682894431402815,15.561958668855961,15.566521962279925,94500
1997-08-01,15.477531433105469,15.60759377887068,15.470685840328882,15.60759377887068,73500
1997-08-04,15.584772109985352,15.630407642867697,15.539136577103006,15.625844350712061,82500
1997-08-05,15.744499206542969,15.812953812051843,15.566517754485098,15.566517754485098,103500
1997-08-06,15.803829193115234,15.835774856386617,15.607593226015226,15.835774856386617,91500
1997-08-07,15.57792854309082,15.874564768022454,15.541419589775833,15.653228748926665,205500
1997-08-08,15.525449752807617,15.835775902767104,15.436458349647284,15.835775902767104,132000
1997-08-11,15.543704986572266,15.56195946686756,15.406795731525849,15.409078031186544,111000
1997-08-12,15.591617584228516,15.767316734702487,15.566517519066094,15.767316734702487,112500
1997-08-13,15.466124534606934,15.516324688548933,15.39082560935753,15.470689134538821,78000
1997-08-14,15.42276382446289,15.561954024831582,15.11928205322611,15.11928205322611,301500
1997-08-15,15.42276382446289,15.42276382446289,15.42276382446289,15.42276382446289,0
1997-08-18,15.55282974243164,15.824365920888457,15.33377600468325,15.824365920888457,115500
1997-08-19,14.756476402282715,15.584774783976885,14.516887202216383,15.584774783976885,883500
1997-08-20,14.923046112060547,14.945863878003522,14.557956634321112,14.790701502795743,330000
1997-08-21,14.738224983215332,14.763323750193976,14.557961181239957,14.729097090589429,42000
1997-08-22,14.494071960449219,14.512327748359397,14.443873113518693,14.512327748359397,13500
1997-08-25,14.503195762634277,14.557959193923784,14.329777577385913,14.352595347340744,21000
1997-08-26,14.567083358764648,14.923044918253051,14.26131931353955,14.55339217802894,63000
1997-08-27,14.717689514160156,14.786144145126157,14.603598027328992,14.786144145126157,21000
1997-08-28,14.421049118041992,14.535140572458719,14.421049118041992,14.535140572458719,12000
1997-08-29,14.140387535095215,14.375414749084076,13.877979257672022,14.375414749084076,49500
1997-09-01,14.261327743530273,14.421054798095252,14.238509965924885,14.329782382010068,27000
1997-09-02,14.336623191833496,14.375414445347676,14.238505214079087,14.238505214079087,18000
1997-09-03,14.649232864379883,14.731378671351248,14.375415683914179,14.375415683914179,21000
1997-09-04,14.94587230682373,14.968691391298636,14.60360040200084,14.60360040200084,27000
1997-09-05,15.420483589172363,15.466119127227037,14.923048129264942,15.055394062082406,33000
1997-09-08,15.324651718139648,15.516324436595088,15.324651718139648,15.516324436595088,9000
1997-09-09,15.158079147338867,15.502631985713975,14.838625077819403,15.21740588402215,22500
1997-09-10,14.9686861038208,15.196867728322012,14.9686861038208,15.196867728322012,3000
1997-09-11,14.763323783874512,14.831778408903146,14.763323783874513,14.831778408903146,4500
1997-09-12,14.831774711608887,14.831774711608887,14.603593120282795,14.603593120282795,9000
1997-09-15,15.13525676727295,15.425046074611478,15.105592102294073,15.288136856285998,9000
1997-09-16,15.153512001037598,15.242503396769413,15.059958617913441,15.059958617913441,6000
1997-09-17,15.19686508178711,15.19686508178711,15.19686508178711,15.19686508178711,1500
1997-09-18,14.813521385192871,14.831775861687916,14.603594252668266,14.603594252668266,15000
1997-09-19,14.834059715270996,14.84318630164328,14.797550758455287,14.797550758455287,39000
1997-09-22,14.875129699707031,14.875129699707033,14.719966004040929,14.774729430923713,21000
1997-09-23,14.751913070678711,14.968685805483906,14.751913070678711,14.968685805483906,10500
1997-09-24,14.831774711608887,14.966401628528562,14.831774711608887,14.870565960776606,12000
1997-09-25,14.877415657043457,14.968688057624721,14.788424250437096,14.968688057624721,34500
1997-09-26,14.877415657043457,14.877415657043459,14.877415657043459,14.877415657043459,1500
1997-09-29,15.19686508178711,15.19686508178711,14.968683497023735,15.105591403351351,9000
1997-09-30,14.77473258972168,14.877415179535367,14.61500687307861,14.877415179535367,25500
1997-10-01,14.751913070678711,14.80895880208286,14.69486733927456,14.69486733927456,3000
1997-10-02,14.751913070678711,14.751913070678711,14.751913070678711,14.751913070678711,0
1997-10-03,14.751913070678711,14.751913070678711,14.751913070678711,14.751913070678711,0
1997-10-06,14.751913070678711,14.751913070678711,14.751913070678711,14.751913070678711,0
1997-10-07,14.751913070678711,14.751913070678711,14.751913070678711,14.751913070678711,0
1997-10-08,14.751913070678711,14.751913070678711,14.751913070678711,14.751913070678711,0
1997-10-09,15.155794143676758,15.333775627636705,15.105594003594653,15.105594003594653,15000
1997-10-10,15.47524642944336,15.516318673262504,15.151229160063245,15.196866002044697,112500
1997-10-13,15.44786548614502,15.56195694877696,15.151230555761042,15.56195694877696,78000
1997-10-14,15.333773612976074,15.42504598946823,15.153509853364648,15.288136771898463,138000
1997-10-15,15.561960220336914,15.561960220336914,15.336060852537267,15.516323364557351,21000
1997-10-16,16.27387809753418,16.429041774707194,15.516316796446928,15.516316796446928,93000
1997-10-17,16.492937088012695,16.88084575298106,16.429047063196233,16.429047063196233,142500
1997-10-20,16.540855407714844,16.611591021933584,16.406227160562814,16.520318629878783,57000
1997-10-21,16.068525314331055,16.72568675598986,15.927052733113575,16.65266881802777,127500
1997-10-22,16.17804527282715,16.292135425475426,16.06395381451571,16.066236113720674,43500
1997-10-23,16.1004638671875,16.20086283464591,15.972681226609835,16.114155050915556,58500
1997-10-24,16.08677101135254,16.109588778085456,15.890535083858227,16.01831640549078,493500
1997-10-27,16.11415672302246,16.280728021566773,16.10959212419736,16.12100100993355,37500
1997-10-28,15.730810165405273,16.06395404258643,15.470684195861802,15.97040066446513,556500
1997-10-29,16.26019287109375,16.383410938436988,15.888257675086496,16.383410938436988,66000
1997-10-30,16.337770462036133,16.42447954294561,15.972679663767979,16.200861249477697,24000
1997-10-31,16.337770462036133,16.337770462036133,16.337770462036133,16.337770462036133,0
1997-11-03,16.15522575378418,16.42904287388296,16.15522575378418,16.42904287388296,16500
1997-11-04,16.1894588470459,16.42904941210514,16.063958467682873,16.066240767548944,64500
1997-11-05,16.200864791870117,16.200864791870117,15.990938940552434,15.99550223379203,27000
1997-11-06,16.28072738647461,16.28072738647461,16.018319107788635,16.269318501183466,27000
1997-11-07,17.387401580810547,17.569946307949913,16.42904111049744,16.431322103547384,229500
1997-11-10,17.04285430908203,17.346336180011967,16.839774036142497,17.346336180011967,108000
1997-11-11,17.127283096313477,17.204864312566087,16.88541024874654,17.198018719122704,175500
1997-11-12,17.10674476623535,17.23452611905441,16.49978236109732,16.49978236109732,216000
1997-11-13,17.138696670532227,17.154668855825847,16.65723314343157,16.885414866514125,226500
1997-11-14,17.138696670532227,17.138696670532227,17.138696670532227,17.138696670532227,0
1997-11-17,17.925914764404297,18.19744964101058,17.250499063529634,17.421634961756464,252000
1997-11-18,17.22539710998535,17.775312395707303,17.113587952368686,17.72967685752133,232500
1997-11-19,16.527162551879883,16.794134108446052,16.3172354185422,16.337772194302353,229500
1997-11-20,16.497501373291016,16.60702824717593,16.157510559817847,16.157510559817847,85500
1997-11-21,17.287006378173828,17.56995144072914,16.552263963210404,16.552263963210404,147000
1997-11-24,17.104461669921875,17.23908860929251,17.02231717119659,17.227679723673067,49500
1997-11-25,17.74336814880371,17.9350408050709,16.978961128586487,16.978961128586487,385500
1997-11-26,17.69316864013672,17.88940459608464,17.453578137712174,17.569950592851914,141000
1997-11-27,18.361738204956055,18.61501856112561,17.85061158886345,18.23167457830346,238500
1997-11-28,17.928199768066406,18.25449812909665,17.70914599420075,18.163225723319293,190500
1997-12-01,18.313819885253906,18.516901422496115,17.88940364024219,17.88940364024219,225000
1997-12-02,18.277311325073242,18.482673845536198,18.128993223814962,18.345764628118854,192000
1997-12-03,18.829505920410156,19.42962251702529,18.188317087281593,18.254489386570693,276000
1997-12-04,18.8317928314209,19.552845321166192,18.573947855812243,19.16265571456512,612000
1997-12-05,19.345199584960938,19.441035257734708,18.72226510060521,18.72226510060521,361500
1997-12-08,19.904247283935547,20.171218893563623,19.634993374659448,19.85176614300182,931500
1997-12-09,19.21514129638672,20.210011169811427,18.943605073809053,19.714857880030113,655500
1997-12-10,18.886558532714844,19.155812425539164,18.756494879656483,18.98467652096992,346500
1997-12-11,18.79756736755371,18.93903990860731,18.345768678262438,18.690322791242387,321000
1997-12-12,18.790719985961914,19.112454967578465,18.710855183269217,18.756492026856026,144000
1997-12-15,18.92991065979004,18.97098290604169,18.653811209457434,18.939037245328997,112500
1997-12-16,19.04399871826172,19.16721674912647,18.80212594879975,19.00748976879535,219000
1997-12-17,19.023462295532227,19.21285131892937,18.939034211673132,19.21285131892937,141000
1997-12-18,19.005212783813477,19.62358410434022,18.98467731003618,19.144403029364646,229500
1997-12-19,18.936756134033203,19.212854276985954,18.710855516895784,19.075946355110645,169500
1997-12-22,18.80213165283203,19.121585710407558,18.80213165283203,19.030313309052183,99000
1997-12-23,18.507780075073242,19.028032140904177,18.34577073699386,18.71086036412557,235500
1997-12-24,18.656095504760742,18.934477303577598,18.35261493843819,18.932195003957354,69000
1997-12-25,18.656095504760742,18.656095504760742,18.656095504760742,18.656095504760742,0
1997-12-26,18.224830627441406,18.802128299857003,18.11758475893431,18.70857492119071,442500
1997-12-29,18.243087768554688,18.391405905590837,18.076515151837018,18.25449665514772,130500
1997-12-30,18.441606521606445,18.528314323058208,18.09705239278793,18.254497120849823,234000
1997-12-31,18.573942184448242,18.92762272928878,18.484950820772394,18.61957901555482,126000
1998-01-01,18.386842727661133,18.66522321813835,18.348051468470295,18.65381433147361,103500
1998-01-02,18.281875610351562,18.665219612010958,18.167785460083003,18.167785460083003,478500
1998-01-05,18.630990982055664,18.93675508063792,18.596764329906556,18.619583403669047,265500
1998-01-06,18.361738204956055,18.729110011450935,18.30012918736604,18.53287407478097,142500
1998-01-07,18.5648250579834,18.888841109534084,18.41878790745313,18.619588499808458,180000
1998-01-08,18.2750301361084,18.50321174377658,18.208857822413677,18.414220355350835,129000
1998-01-09,17.84604835510254,18.20429227225732,17.341767328824744,17.341767328824744,117000
1998-01-12,17.499217987060547,17.638408236132616,17.2733186301523,17.56995360859545,57000
1998-01-13,17.86202049255371,18.062819721873506,17.524313350620137,17.935039699787616,157500
1998-01-14,18.049131393432617,18.334357432712004,17.89168538720435,18.334357432712004,54000
1998-01-15,17.95557403564453,18.02630963370451,17.569947777681293,17.980674100933683,64500
1998-01-16,17.989803314208984,18.071947801504187,17.798130667748367,17.889403045666974,70500
1998-01-19,18.475828170776367,18.596763905740556,18.019466290881766,18.019466290881766,157500
1998-01-20,18.259057998657227,18.5283118716203,18.174631202354547,18.482676330121873,123000
1998-01-21,18.19744873046875,18.277313538352598,18.09476745780315,18.20885892135446,25500
1998-01-22,18.101613998413086,18.140405254732393,18.049132862507516,18.074232933577267,18000
1998-01-23,18.02631187438965,18.02631187438965,17.98067633594629,18.003494105167967,22500
1998-01-26,18.02631187438965,18.02631187438965,18.02631187438965,18.02631187438965,0
1998-01-27,17.74564552307129,17.935037147186463,17.608737629942905,17.935037147186463,22500
1998-01-28,17.483245849609375,17.706862907408834,17.483245849609375,17.702299613738663,22500
1998-01-29,17.433042526245117,17.433042526245117,17.250499048052006,17.250499048052006,364500
1998-01-30,17.661226272583008,17.661226272583008,17.524318321137287,17.524318321137287,10500
1998-02-02,17.93503761291504,17.93503761291504,17.66121920822211,17.66121920822211,13500
1998-02-03,17.946449279785156,18.437039176724046,17.843768007455978,18.003495011373907,81000
1998-02-04,17.820951461791992,18.254495656936516,17.820951461791992,18.16322326351995,37500
1998-02-05,17.86659049987793,17.93504512974145,17.86659049987793,17.912226049344632,10500
1998-02-06,17.77531623840332,17.97839782195757,17.435326705031027,17.435326705031027,10500
1998-02-09,17.700008392333984,17.706853982220416,17.57450808718738,17.57450808718738,7500
1998-02-10,17.5996150970459,17.62699746740296,17.52431618989055,17.569951732934605,48000
1998-02-11,17.490089416503906,17.490089416503906,17.490089416503906,17.490089416503906,1500
1998-02-12,17.387401580810547,17.47867394438023,17.341764746194265,17.34404704490709,15000
1998-02-13,17.410226821899414,17.433044596174934,17.387409047623898,17.387409047623898,10500
1998-02-16,17.410226821899414,17.410226821899414,17.410226821899414,17.410226821899414,0
1998-02-17,17.893964767456055,18.026309377405358,17.706856735562596,17.8437646375915,37500
1998-02-18,17.989803314208984,18.20885702121364,17.9578576555217,18.026310959713342,25500
1998-02-19,17.86659049987793,17.98068067920815,17.843771419481115,17.891689268686537,7500
1998-02-20,18.395965576171875,18.653810540516872,18.021748163567775,18.07651159182717,136500
1998-02-23,18.749645233154297,19.07594479217743,18.414219089396713,18.61045502348101,357000
1998-02-24,19.016620635986328,19.349764525603838,18.713138803582847,18.85461133132787,255000
1998-02-25,19.68747329711914,19.783308979434217,19.258492414730217,19.438754893909834,370500
1998-02-26,19.539152145385742,19.838069337097565,19.374861870177465,19.669215769549268,325500
1998-02-27,20.24195098876953,20.66864952466083,19.258490287026618,19.258490287026618,1008000
1998-03-02,19.62814712524414,20.431345532590285,19.50949366078178,20.26249192285691,439500
1998-03-03,18.713144302368164,19.39540576601461,18.254499928503048,19.39540576601461,414000
1998-03-04,19.625869750976562,19.794723391851974,19.283597869240428,19.441042621479784,499500
1998-03-05,19.74908447265625,20.524900518704804,19.623584107713906,19.623584107713906,312000
1998-03-06,19.648681640625,19.897398733089652,19.498082527826227,19.847199899265544,510000
1998-03-09,19.6190185546875,19.984108109448815,19.53459175835685,19.719417529415242,555000
1998-03-10,19.671506881713867,19.965860932498444,19.354335051828887,19.48896203758321,951000
1998-03-11,19.710294723510742,20.353766166432973,19.53231320501466,20.079947642184543,103500
1998-03-12,19.532312393188477,19.70116731687865,19.48895783883988,19.628148089294093,54000
1998-03-13,19.532312393188477,19.532312393188477,19.532312393188477,19.532312393188477,0
1998-03-16,19.81525421142578,19.863172051541863,19.62358154529823,19.62358154529823,150000
1998-03-17,19.425065994262695,19.669221133146774,19.28131245387896,19.669221133146774,190500
1998-03-18,20.225980758666992,20.490671353692708,19.68290968878404,19.76049220281254,552000
1998-03-19,21.89854621887207,22.176927953559574,20.296714338276765,20.296714338276765,982500
1998-03-20,22.103912353515625,22.498663964226147,21.449030845454857,21.722849316145833,778500
1998-03-23,22.033172607421875,22.076528457758013,21.773046645047053,21.773046645047053,34500
1998-03-24,21.243667602539062,22.224847377175024,21.03830506190805,21.449030143170074,676500
1998-03-25,21.72969627380371,22.179213957090425,21.60875920919572,22.179213957090425,139500
1998-03-26,21.453596115112305,21.814122386757298,21.360041424511387,21.722849995560036,94500
1998-03-27,21.357759475708008,21.581376497725905,21.3121226293185,21.3121226293185,48000
1998-03-30,21.449033737182617,21.722852244789408,21.325816975555654,21.357762642198235,115500
1998-03-31,21.346351623535156,21.583661161698696,21.12958017000971,21.38057958849305,244500
1998-04-01,23.479839324951172,23.482121623851285,21.768480735503918,21.768480735503918,739500
1998-04-02,22.945894241333008,23.730835257020782,22.81811162754329,23.482119536858896,327000
1998-04-03,22.94133758544922,23.046299859926346,22.783892868070204,22.81811952640014,189000
1998-04-06,23.441051483154297,23.502660505778024,22.92079954536331,23.137570968499027,190500
1998-04-07,23.13528823852539,23.913387748482748,23.0006613109524,23.730840371915637,387000
1998-04-08,23.13528823852539,23.13528823852539,23.13528823852539,23.13528823852539,0
1998-04-09,24.00693702697754,24.483835634392847,23.730836321390544,23.781039061004947,289500
1998-04-10,23.546016693115234,24.141568846090024,23.50266084107375,24.141568846090024,156000
1998-04-13,23.47300148010254,23.730843877390548,22.635575124154684,22.81811991636066,345000
1998-04-14,23.47300148010254,23.47300148010254,23.47300148010254,23.47300148010254,0
1998-04-15,25.558574676513672,25.82098426330013,24.14156969731564,24.14156969731564,903000
1998-04-16,24.887723922729492,25.875748086281256,24.689205647956108,25.5562940515791,201000
1998-04-17,25.328109741210938,25.494681019568812,24.796446329560066,24.963020219244186,306000
1998-04-20,25.492399215698242,26.24083136794146,25.225425076802566,25.465016850992118,682500
1998-04-21,27.199201583862305,27.381746385678372,25.64756946276232,25.64756946276232,483000
1998-04-22,26.40969467163086,28.52264969573426,26.332112154463324,28.52264969573426,448500
1998-04-23,25.96245002746582,26.69034929710846,25.55628700328638,25.60192514660467,229500
1998-04-24,26.459888458251953,26.697197963946373,24.734838430299334,26.012654426409288,279000
1998-04-27,26.694917678833008,27.609923893383407,26.58310850960477,26.834109218347045,412500
1998-04-28,25.567703247070312,26.46901832003223,25.195769376133583,26.46901832003223,376500
1998-04-29,26.078826904296875,27.381743042724747,25.654410618306066,27.381743042724747,162000
1998-04-30,26.544321060180664,26.690359518872103,25.32811643205605,25.784477149406673,195000
1998-05-01,26.544321060180664,26.544321060180664,26.544321060180664,26.544321060180664,0
1998-05-04,27.650997161865234,27.96588658290456,26.701761688644943,27.0166537210108,373500
1998-05-05,27.708038330078125,27.883738803703228,27.016650542500837,27.69662944580745,370500
1998-05-06,27.854074478149414,28.979007715736433,27.15355748553507,28.06628390629888,780000
1998-05-07,27.854074478149414,27.854074478149414,27.854074478149414,27.854074478149414,0
1998-05-08,27.377178192138672,28.04346858978768,27.016653235131464,27.379460491485517,355500
1998-05-11,27.377178192138672,27.381742790832362,26.927661839889844,27.224298083144255,183000
1998-05-12,25.91682243347168,26.925382100572104,24.641288555262847,26.925382100572104,688500
1998-05-13,24.365184783935547,26.12674100109009,23.954457130366475,23.959021728447937,613500
1998-05-14,25.615615844726562,25.784469416183708,24.050292943177205,24.415382452091613,429000
1998-05-15,25.280189514160156,25.921377110443963,25.099924458032408,25.465016556802208,132000
1998-05-18,26.710886001586914,27.36804709349241,25.69319740079337,25.69319740079337,403500
1998-05-19,27.625896453857422,28.066286217804688,26.745116925962886,26.925379403549332,319500
1998-05-20,28.095947265625,28.294465519433587,27.74683120834643,28.294465519433587,310500
1998-05-21,27.347511291503906,27.883736644684724,26.69719449312414,27.746827432711193,238500
1998-05-22,26.998388290405273,27.244824309712648,26.939061584150835,27.244824309712648,123000
1998-05-25,27.281341552734375,27.38174182986016,26.831825216261485,26.831825216261485,141000
1998-05-26,27.4068546295166,27.51866384358467,27.06230039733253,27.153571519786393,348000
1998-05-27,27.390872955322266,27.609926717360672,27.09651897295938,27.381746368069038,162000
1998-05-28,27.20375633239746,27.655554879707218,27.01664699904263,27.153553592334287,108000
1998-05-29,27.18779182434082,27.379463207264127,25.967022685337888,26.92538221128115,96000
1998-06-01,26.872894287109375,27.838100514969955,26.69719642569614,27.564284682527774,117000
1998-06-02,26.30472755432129,26.6971994833878,25.95560886796491,26.1495651444554,238500
1998-06-03,27.34523582458496,27.381744782811023,25.944204226244114,26.377747125931062,148500
1998-06-04,27.7103214263916,28.659554203916432,27.427376387951668,27.427376387951668,240000
1998-06-05,26.434791564941406,27.609925127061643,26.240837887515998,27.609925127061643,85500
1998-06-08,24.618471145629883,26.377748104270168,24.02748089355473,26.377748104270168,156000
1998-06-09,27.075973510742188,27.07597351074219,24.24652621117838,24.552288967646575,196500
1998-06-10,24.92422866821289,26.69719643323185,24.55229225331056,26.60592274817455,388500
1998-06-11,24.805574417114258,25.095363722596,22.966433094687737,24.643565132945056,403500
1998-06-12,25.604209899902344,26.24083562018988,25.328111743131785,25.328111743131785,195000
1998-06-15,24.643566131591797,25.282474098023766,24.00922276341266,25.282474098023766,267000
1998-06-16,24.481555938720703,25.090799216711346,23.27447826662484,24.358337903697183,201000
1998-06-17,25.697763442993164,25.92137913947759,25.419380402116182,25.419380402116182,39000
1998-06-18,25.252809524536133,25.693199249802944,25.145564967137897,25.693199249802944,42000
1998-06-19,23.94533920288086,25.236844126303094,23.75366779537953,25.09993485894768,76500
1998-06-22,23.767353057861328,23.899697692490413,23.331525288579748,23.502661177276728,81000
1998-06-23,23.363468170166016,23.73083734159921,23.274476792435433,23.73083734159921,52500
1998-06-24,24.212312698364258,24.556866887429198,24.141577065049184,24.324121898439998,30000
1998-06-25,25.261938095092773,26.14956451278957,24.198613800103804,24.200896099417943,99000
1998-06-26,25.64528465270996,25.73883803844316,25.314421742182585,25.314421742182585,48000
1998-06-29,26.886581420898438,27.719442899648847,25.611050600962827,26.01264900969703,165000
1998-06-30,25.750247955322266,26.471300533616272,25.574550062609344,26.471300533616272,76500
1998-07-01,26.090238571166992,26.30929230803025,25.145567698865115,25.51065726030388,72000
1998-07-02,25.873456954956055,26.19519317932871,25.69319452634209,25.69319452634209,40500
1998-07-03,25.786752700805664,25.96473547528277,25.442198647559444,25.779908414707123,192000
1998-07-06,27.886024475097656,28.004677930392003,26.103927289654408,27.107924894845198,252000
1998-07-07,27.591663360595703,28.29445993494814,27.390862847165945,27.60991652836612,238500
1998-07-08,28.62532615661621,29.38973444416168,28.40855474846351,29.024644932117283,369000
1998-07-09,28.545469284057617,28.84210293575404,28.23742413486647,28.431377811050282,312000
1998-07-10,29.314441680908203,29.709195958426122,28.4838621774249,28.796469335394242,877500
1998-07-13,28.99042320251465,29.846102784776907,28.887743219439287,29.846102784776907,315000
1998-07-14,29.068002700805664,29.16155608681222,28.613921733371566,28.613921733371566,156000
1998-07-15,28.807880401611328,29.25283485984911,28.75083596260406,29.16156114611045,121500
1998-07-16,29.236854553222656,29.4353728105236,28.750829256790492,28.819282567633234,312000
1998-07-17,29.372539520263672,29.6669085648256,29.252952753877103,29.66230806155425,112500
1998-07-20,29.188562393188477,29.528925984110053,28.999981214286617,29.528925984110053,78000
1998-07-21,29.36334228515625,29.528923563214985,28.99997883675648,29.068970597303124,234000
1998-07-22,29.264450073242188,29.71290441529546,29.206956939081632,29.436932107590835,201000
1998-07-23,28.859695434570312,29.202359253713194,28.781502666119682,29.1379653639225,204000
1998-07-24,28.988479614257812,29.413934059285893,28.43423739394902,28.51702803127696,339000
1998-07-27,28.8389949798584,29.068970143288976,28.747003335366013,28.795300725234686,237000
1998-07-28,29.0689640045166,29.174754504935393,28.887283637454964,28.930980514717707,93000
1998-07-29,29.44843101501465,29.643910287419704,29.094265967635973,29.110365096662306,211500
1998-07-30,30.977781295776367,31.138762107147787,29.48293578909081,29.574924824160195,1113000
1998-07-31,32.40133285522461,32.63360833212847,31.0007792368988,31.0007792368988,1437000
1998-08-03,32.672706604003906,33.783491661101365,31.782698406866064,32.19665436132341,1783500
1998-08-04,32.274845123291016,33.02456682540898,32.012674263492514,32.380635673619885,648000
1998-08-05,32.43122100830078,32.564609293333724,31.7412928564584,32.05866180652484,886500
1998-08-06,32.019569396972656,32.51861619037444,31.927577737101586,32.514018318094664,391500
1998-08-07,33.583404541015625,34.1744429587589,31.95057570529913,31.971272708982315,2706000
1998-08-10,33.5718994140625,34.03185233299186,33.25453313697859,33.89846406523966,997500
1998-08-11,35.000057220458984,35.60029401668354,33.34882899395473,33.43852039675015,2877000
1998-08-12,32.20124053955078,33.66848774682418,32.20124053955078,33.66848774682418,1438500
1998-08-13,31.21694564819336,31.598705820789508,30.359136043603268,31.566510194422808,1417500
1998-08-14,31.8079833984375,32.32772970527406,30.954771680499622,31.13875232470724,1014000
1998-08-17,31.00766372680664,32.332326859777275,30.876578353843144,32.012660359081664,648000
1998-08-18,31.260644912719727,31.690699873545466,30.678804919178905,30.908780088128765,637500
1998-08-19,30.800695419311523,31.04446949437361,30.12686370301772,30.816791919603883,486000
1998-08-20,31.589515686035156,31.73670024244545,30.908785796703814,30.908785796703814,268500
1998-08-21,32.525516510009766,33.6225024981804,31.276745469429567,31.59871232685555,951000
1998-08-24,33.454612731933594,33.71448324787678,32.610599406454355,32.83827429730606,462000
1998-08-25,34.15144348144531,34.7723798702184,33.042958988796336,33.79268052702831,463500
1998-08-26,34.15144348144531,34.15144348144531,34.15144348144531,34.15144348144531,0
1998-08-27,33.355735778808594,34.0364657786676,33.300542877127,34.0364657786676,183000
1998-08-28,33.134952545166016,33.30053648214814,32.4266275464257,33.30053648214814,190500
1998-08-31,33.001556396484375,33.27522840851224,32.658892634540194,33.254531409910655,70500
1998-09-01,33.01765823364258,33.208537003194515,32.51860891994957,32.702592198557205,189000
1998-09-02,31.665403366088867,33.09355444769372,31.598709222739252,32.79458487632942,348000
1998-09-03,32.550819396972656,32.88658255839679,31.690709221607595,31.690709221607595,352500
1998-09-04,32.88197708129883,32.92567133975551,32.56461074891371,32.56461074891371,157500
1998-09-07,33.732887268066406,34.08245184853563,32.74859004943333,32.79458455785284,202500
1998-09-08,33.92837905883789,34.358434187459714,33.41553325819011,33.43853052087132,249000
1998-09-09,32.94637680053711,34.358429046450155,32.79459173131094,34.358429046450155,321000
1998-09-10,32.87508773803711,33.11656161372336,32.753198042073535,32.88658373682727,135000
1998-09-11,32.500205993652344,32.835971597082995,32.42661374894422,32.65658885569053,129000
1998-09-14,32.60831069946289,33.06596352653611,32.518619283135074,33.06596352653611,133500
1998-09-15,32.32083511352539,33.11655385433187,32.10465880231165,32.65660084017707,205500
1998-09-16,32.4381217956543,32.702595482325975,32.3829262801563,32.3829262801563,88500
1998-09-17,32.10466003417969,32.51401804825397,31.840188948996566,32.25414483531247,106500
1998-09-18,31.943675994873047,32.33463461691592,31.828687081150377,32.173651190451096,93000
1998-09-21,31.828683853149414,32.18744680626122,31.74819346401382,32.05866165727087,27000
1998-09-22,32.150638580322266,32.284024182695674,31.51820643653811,31.784977641284925,109500
1998-09-23,33.063655853271484,33.34652628878488,32.28863681236297,32.28863681236297,244500
1998-09-24,33.56731033325195,33.806486564129294,33.20854730286973,33.34653348868868,262500
1998-09-25,33.39712142944336,34.12844621690089,33.35112692121259,33.702989120165206,108000
1998-09-28,33.84096908569336,33.96745659205476,33.39481506824882,33.62249257969934,229500
1998-09-29,33.55350112915039,33.714484524436614,33.346523230030044,33.53050387723333,88500
1998-09-30,32.766990661621094,32.92797409192823,32.518616075897675,32.92797409192823,16500
1998-10-01,32.766990661621094,32.766990661621094,32.766990661621094,32.766990661621094,0
1998-10-02,32.766990661621094,32.766990661621094,32.766990661621094,32.766990661621094,0
1998-10-05,31.04677391052246,31.96667744539688,31.046773910522464,31.96667744539688,57000
1998-10-06,31.612504959106445,31.920672875234953,30.356836042445543,31.046764134319307,124500
1998-10-07,32.23115158081055,32.35533888849976,31.644710931863106,31.644710931863106,76500
1998-10-08,32.18974304199219,32.42661894002542,31.750489754546763,32.42661894002542,84000
1998-10-09,32.1368522644043,32.29783303184507,31.96666785860658,32.19664301538882,42000
1998-10-12,32.38063049316406,33.240740480714464,32.060963904766446,32.060963904766446,105000
1998-10-13,31.84018898010254,32.84058281165451,31.375635443736375,32.380632411269126,169500
1998-10-14,32.05405807495117,32.61060051758114,31.87467793155809,32.42661987107538,55500
1998-10-15,32.23115158081055,32.33463924930645,32.196653059444245,32.33463924930645,9000
1998-10-16,31.874675750732422,32.242637018568495,31.828678618352967,32.242637018568495,24000
1998-10-19,31.90228271484375,32.19664918223763,31.736698780575637,32.19664918223763,27000
1998-10-20,31.50901985168457,31.805689190314563,30.819091646845926,31.511320103649247,66000
1998-10-21,31.50901985168457,31.50901985168457,31.50901985168457,31.50901985168457,0
1998-10-22,31.624006271362305,31.828683938348597,31.6240062713623,31.828683938348597,3000
1998-10-23,32.24263381958008,32.56460055495901,31.828675460435885,31.828675460435885,49500
1998-10-26,32.74399948120117,33.576511916414695,32.61061378719176,32.656608309567176,112500
1998-10-27,33.13264846801758,33.16254384389988,32.65659638688447,32.886571546667156,102000
1998-10-28,32.91646957397461,33.06825460072948,32.84057706059717,33.047557599578134,36000
1998-10-29,32.746299743652344,32.746299743652344,32.290947129140854,32.290947129140854,15000
1998-10-30,32.61289978027344,32.88656917424436,32.426618887859604,32.65659403105198,76500
1998-11-02,32.019569396972656,32.51861619037444,32.019569396972656,32.51861619037444,12000
1998-11-03,32.3116340637207,32.46801960207534,31.968970241393265,31.968970241393265,33000
1998-11-04,32.3116340637207,32.3116340637207,32.3116340637207,32.3116340637207,0
1998-11-05,33.09815216064453,33.116551543222954,32.19664557911095,32.19664557911095,78000
1998-11-06,32.886573791503906,33.11655159885175,32.886573791503906,32.983165944435555,18000
1998-11-09,33.20854187011719,33.20854187011719,33.04756108350959,33.11655284919856,64500
1998-11-10,33.9605598449707,34.0318544863379,33.20853810403014,33.34652425162661,88500
1998-11-11,34.358421325683594,34.95635782716672,33.85247384049001,33.85247384049001,219000
1998-11-12,34.30783462524414,34.45042131964921,34.036462750461375,34.26643797876506,76500
1998-11-13,34.43661117553711,35.04834650397503,34.34002166387499,34.45041005318409,141000
1998-11-16,34.51480484008789,34.69878550777277,34.35842193052251,34.680388756937816,64500
1998-11-17,34.23193359375,34.58839629349563,34.12844595103696,34.27793073348948,109500
1998-11-18,34.49641036987305,34.6757905457748,34.404418714015335,34.54240488186828,34500
1998-11-19,34.128448486328125,34.44121432133565,34.128448486328125,34.44121432133565,13500
1998-11-20,33.85247802734375,34.08245586024518,33.80648351351041,34.08245586024518,58500
1998-11-23,33.35802459716797,33.668492787294454,33.35802459716797,33.668492787294454,25500
1998-11-24,33.62249755859375,33.714486571848305,33.162544596720146,33.162544596720146,72000
1998-11-25,33.62249755859375,33.62249755859375,33.62249755859375,33.62249755859375,0
1998-11-26,33.61789321899414,33.71448272463623,33.53050208725449,33.71448272463623,55500
1998-11-27,34.15144348144531,34.15144348144531,33.11655125473485,33.438518076182596,100500
1998-11-30,35.50830078125,35.60028979321028,33.60639795568852,33.63169546035098,214500
1998-12-01,35.094337463378906,35.600284854573786,34.86436233351452,35.600284854573786,123000
1998-12-02,36.47419738769531,36.72717242614633,34.95635505258968,35.00235218895056,553500
1998-12-03,36.612186431884766,37.5688885186844,36.359214005270985,36.63518368595265,613500
1998-12-04,36.796165466308594,37.07213776663234,36.20972761795427,36.520195797851756,549000
1998-12-07,37.25611877441406,37.25611877441406,36.68117691529268,36.84216295188957,253500
1998-12-08,37.302120208740234,37.90005943217774,36.789274522804845,37.34811472381468,559500
1998-12-09,36.93644332885742,37.53208204621995,36.93414307771092,37.25380955855138,127500
1998-12-10,38.314022064208984,38.773975191379726,36.89966942219711,36.95716257614299,663000
1998-12-11,39.64787673950195,39.64787673950195,38.31401476705696,38.54398997090812,855000
1998-12-14,39.509883880615234,40.245806513937914,39.23851208059413,39.77435755739072,363000
1998-12-15,39.46388626098633,40.06182269542751,39.141919476338494,39.25690836567464,487500
1998-12-16,39.003936767578125,39.003936767578125,38.26801412755094,38.63597544756453,220500
1998-12-17,38.40599822998047,38.95104209494234,38.40599822998047,38.6520751628229,126000
1998-12-18,39.44548797607422,39.78585151862238,38.22201731867667,38.27260969424813,445500
1998-12-21,41.09672927856445,41.62107627202592,39.55818945130604,40.19982299506925,316500
1998-12-22,40.107818603515625,41.62106307074742,40.107818603515625,41.34969128262583,303000
1998-12-23,40.337799072265625,41.151914490760134,40.337799072265625,40.705760397257436,108000
1998-12-24,40.47578811645508,40.93574115136958,40.158421759341735,40.705765949846004,88500
1998-12-25,40.47578811645508,40.47578811645508,40.47578811645508,40.47578811645508,0
1998-12-28,40.47578811645508,40.84375212350709,40.199818401000265,40.84375212350709,64500
1998-12-29,39.83645248413086,41.11971663059435,39.83645248413086,40.47578298965042,133500
1998-12-30,40.29180908203125,40.659770448278024,40.29180908203125,40.47578713328734,45000
1998-12-31,40.15611267089844,40.59076544077683,40.153812419485334,40.18370779225584,48000
1999-01-01,40.17681121826172,40.30329610032426,40.107816832542724,40.27340072640162,42000
1999-01-04,40.22050857543945,40.705759036981846,40.11932118834836,40.24580608017896,81000
1999-01-05,40.15611267089844,40.70345407321935,39.87784015097847,40.10781528682312,120000
1999-01-06,40.19981002807617,40.935732625165556,40.19981002807617,40.567771326620864,130500
1999-01-07,40.56777572631836,41.29910053140706,40.24580889720678,40.25040940088758,156000
1999-01-08,43.81503677368164,43.81503677368164,41.39569030095163,41.39569030095163,310500
1999-01-11,47.32217788696289,47.32217788696289,45.075315751064295,45.42947563385798,487500
1999-01-12,45.247779846191406,46.91510409498962,44.6613368340177,46.03889784925804,199500
1999-01-13,44.38538360595703,45.48926769770037,44.38538360595703,45.12590683778508,127500
1999-01-14,43.6954460144043,44.56935477678037,43.373479212707814,44.245087723439354,100500
1999-01-15,43.371177673339844,44.08640322187502,42.08561083437919,42.08561083437919,90000
1999-01-18,45.14430236816406,45.305283157635635,42.45358134854966,43.46547638785991,1099500
1999-01-19,44.615352630615234,45.35127530008617,44.068011132146374,45.305280791211004,135000
1999-01-20,44.615352630615234,44.615352630615234,44.615352630615234,44.615352630615234,0
1999-01-21,48.1845817565918,48.1845817565918,44.84533187867951,44.84533187867951,673500
1999-01-22,50.73271179199219,51.74460667341,48.9848943174948,49.07688332569635,318000
1999-01-25,52.20456314086914,53.81439729310417,48.98490010013329,48.98490010013329,351000
1999-01-26,52.20456314086914,52.20456314086914,52.20456314086914,52.20456314086914,0
1999-01-27,51.744625091552734,53.30845984254964,51.33526964836172,53.30845984254964,193500
1999-01-28,50.81781768798828,52.2045696947487,49.91170783978802,49.91170783978802,115500
1999-01-29,50.41074752807617,50.73271433666453,50.04278621308003,50.18076973230338,207000
1999-02-01,51.05467987060547,52.54952234647322,50.13477397421485,50.13477397421485,175500
1999-02-02,51.72162628173828,51.740023036628905,50.41076143261199,51.51464568207901,97500
1999-02-03,51.53763198852539,52.434540711451795,51.42724621890621,51.744612544195846,138000
1999-02-04,51.2846565246582,52.273548893299896,51.054678739721226,52.273548893299896,87000
1999-02-05,50.96270751953125,51.46865250650997,50.59474609343707,51.46865250650997,40500
1999-02-08,51.76761245727539,52.434543404120625,51.19267053379241,51.6986206897537,54000
1999-02-09,51.560638427734375,52.38855553415974,51.560638427734375,52.193076202865235,127500
1999-02-10,54.3663330078125,54.550311015724326,52.38853784036032,52.61621536251122,447000
1999-02-11,55.28624725341797,56.65920821669615,54.09267436695693,55.51622508394078,388500
1999-02-12,55.539215087890625,55.88417915675951,55.47022332686364,55.79219014205686,70500
1999-02-15,54.504337310791016,55.42424349255582,53.45564857984214,55.42424349255582,145500
1999-02-16,54.182350158691406,54.780289216534364,54.09726190848866,54.49511593282052,132000
1999-02-17,53.40043258666992,54.27433865027101,53.40043258666993,54.27433865027101,49500
1999-02-18,52.89448165893555,53.94777573716315,52.89448165893555,53.12445942835466,78000
1999-02-19,52.89448165893555,53.35443719777378,51.988377353573455,52.89448165893555,39000
1999-02-22,52.02058792114258,52.66452161692393,52.020587921142585,52.43454379307788,51000
1999-02-23,52.386234283447266,52.386234283447266,50.1347672339282,51.74460102024688,97500
1999-02-24,51.974578857421875,52.20455135314637,51.28465084278235,51.53762058807929,42000
1999-02-25,51.18117141723633,51.744612046578965,51.18117141723633,51.744612046578965,3000
1999-02-26,50.594730377197266,51.33065300078601,50.594730377197266,50.594730377197266,19500
1999-03-01,55.700191497802734,57.034053161378004,54.50431860919975,54.784891398532096,112500
1999-03-02,55.700191497802734,55.700191497802734,55.700191497802734,55.700191497802734,0
1999-03-03,57.126041412353516,59.101530932361335,56.804074656326854,58.64388093095564,244500
1999-03-04,55.369022369384766,56.85006837400871,55.10225112119611,56.57869662324676,48000
1999-03-05,54.73430252075195,55.55761370472359,54.274346904317085,54.96427506523524,54000
1999-03-08,54.09038162231445,57.402034417312045,53.72242020064805,56.574122534496496,79500
1999-03-09,54.45832824707031,54.45832824707031,52.894488682098526,53.17046098929754,147000
1999-03-10,54.17316436767578,54.96428266301753,53.998382051467615,54.96428266301753,79500
1999-03-11,54.228355407714844,56.850084670330176,54.04437736190854,54.50432774015874,322500
1999-03-12,53.21644973754883,54.45372185071075,53.1704552352821,53.86038329674983,51000
1999-03-15,52.986473083496094,54.221439584882766,52.986473083496094,53.40502933787881,63000
1999-03-16,54.04437255859375,54.04437255859375,49.72082043786331,49.72082043786331,216000
1999-03-17,58.294315338134766,58.36790758775056,53.910973351578036,54.159347851997936,262500
1999-03-18,61.72557830810547,62.27751772474273,58.41392075334363,58.41392075334363,291000
1999-03-19,58.50590896606445,61.909549929069044,57.494013999635825,61.85896018129494,160500
1999-03-22,57.907962799072266,58.873863140176425,54.520413482597945,58.82786337406665,96000
1999-03-23,59.103851318359375,59.6098015060755,57.494022253544834,58.6439009089459,232500
1999-03-24,58.85087585449219,60.94365764939871,58.18394492963325,59.95475988965151,117000
1999-03-25,59.333839416503906,59.79378990546412,57.58602124197221,57.95398268588753,82500
1999-03-26,57.96546173095703,59.17283601711446,57.86197671741658,59.17283601711446,72000
1999-03-29,57.96546173095703,57.96546173095703,57.96546173095703,57.96546173095703,0
1999-03-30,62.14183044433594,62.46149702470649,57.95396663717515,58.413916998765124,138000
1999-03-31,67.1139144897461,67.1139144897461,64.39330069746661,66.17331146066398,510000
1999-04-01,68.80882263183594,70.74062330264097,64.66925427759661,67.24728875681522,321000
1999-04-02,68.80882263183594,68.80882263183594,68.80882263183594,68.80882263183594,0
1999-04-05,66.60334777832031,68.99509846739655,64.89922482018356,67.8429200004823,144000
1999-04-06,66.2446060180664,66.92073799891317,65.49718727871556,66.46308785261036,135000
1999-04-07,65.12921905517578,68.07290971688727,65.08322454655331,67.09551324932433,112500
1999-04-08,60.253726959228516,65.12921852586521,60.037545401232045,65.12921852586521,256500
1999-04-09,62.09354782104492,62.59949279132513,59.10385672693471,59.33383458455404,367500
1999-04-12,64.63477325439453,65.99853313372508,60.37101683276342,63.01344306182715,181500
1999-04-13,66.46308898925781,66.46308898925781,62.1855307356362,62.1855307356362,243000
1999-04-14,66.46308898925781,66.46308898925781,66.46308898925781,66.46308898925781,0
1999-04-15,65.45118713378906,65.77315396405174,61.26562360410833,61.909552000899495,324000
1999-04-16,70.67166137695312,70.67166137695312,64.39560943133037,64.81876639851832,240000
1999-04-19,68.94683074951172,69.35848639622783,64.85325574865202,64.85325574865202,76500
1999-04-20,70.8326416015625,71.06261947093368,68.90084539554543,69.22281230717087,111000
1999-04-21,73.22437286376953,75.89209644551677,70.55664928202228,70.60264905389211,501000
1999-04-22,71.75252532958984,74.3213590602855,70.37726957666969,73.59233191679623,363000
1999-04-23,71.0166015625,73.040391408029,70.37266795131043,70.46465696327071,186000
1999-04-26,65.33618927001953,68.44086573453706,65.33618927001953,66.23309790970697,234000
1999-04-27,65.33618927001953,65.33618927001953,65.33618927001953,65.33618927001953,0
1999-04-28,65.77315521240234,65.77315521240234,61.63358611365816,63.24341503179136,435000
1999-04-29,66.83103942871094,67.42897327980641,65.3591888949976,65.86513899638672,208500
1999-04-30,68.85484313964844,69.31479356298699,67.61297015377893,68.74905259469864,97500
1999-05-03,68.68234252929688,69.63674163713229,68.0729021980283,68.57885226446005,237000
1999-05-04,71.6375503540039,72.58044841771235,68.99282369126067,68.99282369126067,304500
1999-05-05,70.37269592285156,71.29260219929753,70.37269592285156,71.29260219929753,184500
1999-05-06,66.23310089111328,70.3266751896869,64.8992391296694,69.92651560850695,475500
1999-05-07,65.77315521240234,68.07291231365957,65.31780008494802,67.38298413053555,195000
1999-05-10,66.04912567138672,66.41708703706048,65.08323037632722,66.23310898609088,91500
1999-05-11,62.700679779052734,65.54318616890127,62.69608453838747,65.54318616890127,109500
1999-05-12,63.71486282348633,66.00312379127621,63.24341122489903,64.39329497004552,172500
1999-05-13,64.8532485961914,66.23310494930186,64.30130394945353,64.393298233066,271500
1999-05-14,63.93333435058594,65.71335007954374,63.841345342586116,65.35918502951743,523500
1999-05-17,61.863563537597656,63.56538687424602,60.327326767828495,63.243420012516076,100500
1999-05-18,61.40360641479492,62.32351238532495,60.75967276179731,62.32351238532495,177000
1999-05-19,61.445011138916016,62.0935454086909,60.25373841041915,62.0935454086909,673500
1999-05-20,64.6232681274414,66.36189000861314,61.86355553461496,62.001544322496706,624000
1999-05-21,66.27910614013672,69.793143902028,64.53128826760006,66.18711711098605,670500
1999-05-24,65.0832290649414,67.1070139035018,62.32351624612742,67.1070139035018,390000
1999-05-25,62.553489685058594,65.08322998037674,62.553489685058594,65.08322998037674,385500
1999-05-26,61.17362976074219,66.6930551606207,59.79377341077256,66.6930551606207,755805
1999-05-27,60.48371124267578,61.863567812955345,58.6439042368814,60.71368909230074,430605
1999-05-28,61.072452545166016,61.633598315823235,58.873885036961525,60.0697583347251,380730
1999-05-31,61.863563537597656,62.783469608788174,61.17363530013844,61.17363530013844,207540
1999-06-01,59.42582321166992,62.093547392181954,59.20964686941787,61.86356953615101,270765
1999-06-02,60.023746490478516,60.62168559864372,58.873868044089434,60.069740996686015,125580
1999-06-03,60.63319396972656,61.12764290798448,59.79378090076474,61.12764290798448,148065
1999-06-04,60.253726959228516,61.378307950737465,60.253726959228516,60.89765533844406,110520
1999-06-07,59.79376983642578,60.7136757693269,59.47180302309709,60.29971994182827,48615
1999-06-08,64.57728576660156,64.57728576660156,57.953975350697434,59.79378233741107,92955
1999-06-09,59.49248504638672,59.78915425350389,59.41199205450873,59.609771525920166,58425
1999-06-10,60.94826126098633,61.12764408625584,59.529310951683605,60.62169914121402,73260
1999-06-11,60.46070861816406,60.943661533140606,58.873876861415845,60.943661533140606,60075
1999-06-14,59.36142349243164,59.563803555844736,58.68989203825842,59.333825732535814,31635
1999-06-15,58.678401947021484,60.16174352861765,58.64390342774645,60.16174352861765,92910
1999-06-16,58.866973876953125,59.234935231526244,57.96316962224142,58.18394643498529,45795
1999-06-17,59.48561477661133,60.575702678928494,58.87387930506896,58.87387930506896,46800
1999-06-18,59.01416015625,60.02375497504251,58.87387636611414,59.701788122345036,37365
1999-06-21,58.66688537597656,59.471799732900536,58.556499617826375,58.5748963668958,77430
1999-06-22,57.8389778137207,58.873870029490654,57.49401374179739,58.873870029490654,140310
1999-06-23,56.521202087402344,59.33380940606853,56.344119580642435,59.33380940606853,166530
1999-06-24,56.25214385986328,56.66609971463647,55.470226660432346,56.440722404083424,90120
1999-06-25,56.27973937988281,56.85008075734783,55.74619676728686,56.57410844389908,86670
1999-06-28,59.83058166503906,60.157149053132834,56.57411932049122,57.03406975551035,322950
1999-06-29,58.78187561035156,60.20772640241019,58.413914285424624,59.79377056983414,262710
1999-06-30,58.21614456176758,59.56380807633085,57.634307099031936,58.87847505833039,79575
1999-07-01,57.560707092285156,58.47371231256973,57.49401558027604,57.9999604455329,43170
1999-07-02,58.53578567504883,59.10382664114086,57.333012250960074,57.333012250960074,100200
1999-07-05,59.676483154296875,59.74777516645761,58.71288296866539,59.080844288075916,53850
1999-07-06,59.71097183227539,60.22841784595065,59.333809568096186,59.56378732875176,109995
1999-07-07,59.45571517944336,60.94366243978539,59.19584459746491,60.16173991431817,226380
1999-07-08,58.9428596496582,59.33381821513606,58.643890096355406,59.33381821513606,43395
1999-07-09,59.10843276977539,60.4836883142522,58.09193748152742,60.4836883142522,187065
1999-07-12,60.17781448364258,60.97464326540552,59.1269285649372,60.46651841880223,370320
1999-07-13,59.8521728515625,61.20562926070366,59.63506729565839,60.51504021784677,208455
1999-07-14,60.06464767456055,60.512719507238636,59.54266724947246,59.819825792599865,113880
1999-07-15,60.95383834838867,63.51523189028941,60.0969567925121,60.97462430631225,317355
1999-07-16,60.43879699707031,63.746207067382464,60.16625879492064,62.822347231822704,133110
1999-07-19,60.34640121459961,61.20559294224922,60.15701216128776,61.15939546173528,118320
1999-07-20,60.013832092285156,60.92845153699186,59.63504859333091,60.42494696437946,77745
1999-07-21,63.27272415161133,63.792394277280366,57.74112683645681,58.20305407493221,423570
1999-07-22,64.15271759033203,65.92883926765253,63.74622296747259,64.20815035729092,445800
1999-07-23,63.23809814453125,64.88718860187888,62.40662778475033,63.37668006206782,140700
1999-07-26,65.08811950683594,66.0050490307648,62.59139334378506,62.822354364127584,584970
1999-07-27,60.7829475402832,65.59393645691912,59.882183598083586,65.45535982874665,578460
1999-07-28,61.76915740966797,64.67007324290451,61.667532447748464,63.2842859968877,277770
1999-07-29,61.55437088012695,62.36044034356238,61.205619136357164,62.36044034356238,90510
1999-07-30,60.82219696044922,61.39036947855901,60.28174081960802,61.316460901295606,106605
1999-08-02,59.51495361328125,60.51272230004553,58.75739182770526,60.51272230004553,99660
1999-08-03,58.86131286621094,59.40407920087656,58.48022453432514,58.75738304883416,176655
1999-08-04,61.93083190917969,62.59139418072515,60.050780632114396,60.050780632114396,164580
1999-08-05,63.94947814941406,64.90104939031312,61.89851318152244,62.17566646625262,366420
1999-08-06,67.5294189453125,68.59647587100233,64.20814736966017,64.20814736966017,349020
1999-08-09,70.30099487304688,70.67515810916441,67.44165590550546,67.90358328135403,275055
1999-08-10,70.67515563964844,71.59901564542372,69.33556048150001,69.80672839721869,181890
1999-08-11,70.16008758544922,71.27564655025316,67.67259715616784,69.56650888726506,139125
1999-08-12,69.49031066894531,69.98226456768172,69.28937085909081,69.98226456768172,112875
1999-08-13,69.29398345947266,69.97070611946049,68.96601246786786,69.19697877392683,130605
1999-08-16,70.27788543701172,71.13707199046648,69.42793415177916,70.21321741402252,100755
1999-08-17,71.86000061035156,72.89241068021079,69.99611497938311,70.44418677526973,89445
1999-08-18,71.38652801513672,72.98480594218292,71.09089364723259,71.82997956699289,134730
1999-08-19,70.83451843261719,73.86246022577248,70.53657395895168,73.86246022577248,22395
1999-08-20,71.14400482177734,71.4142329024928,69.98225350266561,71.3449445998609,35940
1999-08-23,72.18566131591797,73.26195345014978,71.82997393215362,72.52286758836847,40890
1999-08-24,73.01943969726562,73.81626843702679,71.18327050208353,73.81626843702679,45210
1999-08-25,71.07470703125,73.90863893554943,70.44417140284621,73.90863893554943,125610
1999-08-26,71.57361602783203,72.98480976660997,71.18328179563918,72.98480976660997,71895
1999-08-27,71.6059341430664,72.06093632997789,71.13707640978166,71.64520121611515,54510
1999-08-30,71.03083801269531,72.43048082683227,70.44418433377685,70.81603739151493,17025
1999-08-31,69.52957153320312,71.46043544968806,67.90589267512419,67.90589267512419,210945
1999-09-01,67.72111511230469,70.35180301157685,66.97971910314696,70.35180301157685,78315
1999-09-02,67.44164276123047,68.13453633313915,67.1182920752492,67.48783496117659,37530
1999-09-03,67.08133697509766,69.75128638120907,66.73720031837999,69.75128638120907,42300
1999-09-06,68.00519561767578,68.78123304197585,66.97971079596124,68.78123304197585,35115
1999-09-07,68.72581481933594,69.05840082124921,67.44395729814927,67.90357979769388,58410
1999-09-08,71.02622985839844,72.29191655404999,69.75130260581257,69.75130260581257,322215
1999-09-09,70.62896728515625,71.36805321555025,69.85292441506277,71.31955086656689,43695
1999-09-10,70.50654602050781,70.95230765261044,70.02844773169738,70.21552668285518,35325
1999-09-13,70.50654602050781,70.50654602050781,70.50654602050781,70.50654602050781,0
1999-09-14,69.86907958984375,71.55281128886818,69.57114040974605,71.55281128886818,118320
1999-09-15,68.65652465820312,71.18327760355963,68.36551057037889,70.44419168859676,87645
1999-09-16,68.89208984375,69.61269970834007,68.36548931071152,69.28934906030148,43215
1999-09-17,68.8944091796875,69.52032460042511,68.36549843767605,69.2893583106036,43200
1999-09-20,68.56875610351562,70.20860584532853,68.36550616839801,69.28936614579499,161625
1999-09-21,70.54813385009766,72.52288005242555,68.67039235340272,69.28937752982058,208635
1999-09-22,50.798343658447266,50.798343658447266,49.657378178718986,50.7660069991961,134985
1999-09-23,54.863311767578125,54.863311767578125,51.7360502231114,53.53757240461117,314385
1999-09-24,79.56151580810547,87.58176343848552,77.60409324917666,83.147242766975,244460
1999-09-27,75.88223266601562,82.6621982293098,74.97107600463322,76.28757473682566,117520
1999-09-28,72.95478057861328,75.52541565127993,72.06094704342306,74.48607506892287,146490
1999-09-29,72.559814453125,75.04037466679142,72.40737702409903,74.07032262546484,98730
1999-09-30,71.45466613769531,73.43980520039457,66.76031004446813,72.7538418856534,79190
1999-10-01,70.2940444946289,71.63825959603963,69.73973285828855,70.25940299093399,50020
1999-10-04,70.59546661376953,74.7701516522934,69.80210047356904,74.7701516522934,62640
1999-10-05,70.87263488769531,71.02160449625934,69.80211009985024,70.32871079385681,63000
1999-10-06,70.67862701416016,72.68455743607201,70.5365878091278,70.67516444840422,79320
1999-10-07,71.58975219726562,72.75381342349586,70.39797459822543,72.40736669290779,117130
1999-10-08,70.7201919555664,72.05400905767515,70.54003812670003,71.70756223327926,53650
1999-10-11,68.5549087524414,70.952320473348,68.04909399310586,70.81373855267262,109890
1999-10-12,67.05824279785156,69.22007276632867,66.18866321951062,68.59646745942578,281280
1999-10-13,66.16094970703125,69.21314534858419,65.82835843348784,67.90357679053263,151960
1999-10-14,61.61558151245117,66.9335381031197,60.97465265128851,66.9335381031197,151050
1999-10-15,59.56807327270508,61.59825206053238,58.91328892625078,60.628199806358744,85430
1999-10-18,60.23670196533203,61.57745464358065,59.65813645770889,60.62818853148434,142590
1999-10-19,60.23670196533203,60.23670196533203,60.23670196533203,60.23670196533203,0
1999-10-20,58.4525146484375,64.78556282701443,56.81728504615169,62.360434806751854,135190
1999-10-21,59.02415084838867,60.21246634726506,57.51017973612692,59.45028429960037,73610
1999-10-22,58.59801483154297,58.89595930773055,58.20306566881607,58.89595930773055,67240
1999-10-25,58.87517547607422,61.321089264184096,58.54951460817578,61.321089264184096,181460
1999-10-26,58.653438568115234,59.5888437794749,58.393603493495434,59.5888437794749,209210
1999-10-27,59.87986755371094,62.09713039032382,58.8301341040671,59.588853491432424,162250
1999-10-28,58.67770004272461,60.62819745830387,58.203069559971716,60.62819745830387,76890
1999-10-29,57.69032287597656,60.28174347146605,55.77793505118411,59.9352966699059,120130
1999-11-01,57.0598030090332,58.54952572680986,56.2629740868401,58.20307882901809,299460
1999-11-02,55.42110824584961,57.1568052250063,54.1150020179506,56.82421917799132,342580
1999-11-03,52.34463119506836,59.578440060202034,50.99002331483007,56.540100988470805,122690
1999-11-04,55.41416549682617,56.470829311146986,53.00636125524839,53.35280806083826,75850
1999-11-05,56.08281326293945,56.46736944699171,55.085044723483,56.12438518996381,142300
1999-11-08,56.08281326293945,56.08281326293945,56.08281326293945,56.08281326293945,0
1999-11-09,56.3426399230957,57.43394513456302,55.362194929173995,55.36912534475753,327900
1999-11-10,58.60148239135742,58.89596432753888,56.67870660857529,57.371600306546334,33230
1999-11-11,58.802433013916016,59.79673924811586,57.163740596983395,58.54952824781935,49740
1999-11-12,59.13154602050781,59.311699863297655,57.78386798090485,57.85662414564903,23300
1999-11-15,58.93061828613281,59.9318495898806,58.20307770033462,59.51957694368562,36750
1999-11-16,58.726192474365234,59.24933050166715,58.20305973342172,59.069176693740495,33340
1999-11-17,58.48023223876953,59.31170260547919,58.48023223876954,58.895967422124365,27150
1999-11-18,58.48023223876953,58.636132271732635,58.203073687746425,58.203073687746425,11010
1999-11-19,58.11644744873047,58.82666440626978,58.06448254618105,58.203059143885056,31080
1999-11-22,58.47330093383789,58.895966528302715,57.85662594250914,57.85662594250914,52500
1999-11-23,58.47330093383789,58.4733009338379,58.4733009338379,58.4733009338379,0
1999-11-24,58.455970764160156,59.588853351665946,58.2030660644179,59.588853351665946,32580
1999-11-25,58.0056037902832,58.757398239396636,57.163740333730324,58.75046782099347,100580
1999-11-26,56.820743560791016,58.549515172219834,56.60941077978012,56.817280995526936,232310
1999-11-29,55.97193908691406,57.26765190451412,55.43148297373743,56.95584664097194,80810
1999-11-30,55.93037414550781,56.47083032612447,55.265196901182776,55.43148989067433,64040
1999-12-01,55.50769805908203,56.401531297997,55.39683256292615,55.91650268185175,176390
1999-12-02,56.204063415527344,56.36689383597646,55.639358720908945,56.12091956601031,126750
1999-12-03,55.677467346191406,58.20306218276726,55.36566205553998,57.99519198899964,144120
1999-12-06,56.82767868041992,57.510179425425605,56.193680284921044,56.193680284921044,113610
1999-12-07,57.47554397583008,58.20308464848035,57.163743851186055,57.163743851186055,90800
1999-12-08,56.723751068115234,58.89597467300032,56.20061813734477,57.925922268172954,105220
1999-12-09,57.2884521484375,57.64875455160274,56.13132092158126,57.163731069195784,43560
1999-12-10,55.76408386230469,57.37159693569416,55.50078088927598,55.82990431920279,146160
1999-12-13,54.75590896606445,55.60470243189661,54.045692083338764,54.88755513410826,46330
1999-12-14,52.65298843383789,54.1149944985229,52.17489539689121,54.1149944985229,43820
1999-12-15,51.08012008666992,53.62650104684224,49.905665576023836,52.659916743146894,171680
1999-12-16,51.58940124511719,51.96356447416504,51.06626312298245,51.27413334568437,190480
1999-12-17,51.52703094482422,52.590625155407295,50.927679462621406,51.897731557276394,303800
1999-12-20,51.26026916503906,51.62057149916977,50.581231133414676,51.62057149916977,133850
1999-12-21,49.80866622924805,50.9276880998324,48.779718638607974,48.779718638607974,243450
1999-12-22,50.245182037353516,51.82844654711085,49.8952726511587,51.27412951884997,89160
1999-12-23,51.14593505859375,51.55127711907157,50.65051346043784,51.55127711907157,34130
1999-12-24,49.483001708984375,50.90689840168703,49.195450203712255,50.58123753339429,116470
1999-12-27,49.30977249145508,49.54189120750484,48.50255083252222,48.84899762418309,30150
1999-12-28,49.361732482910156,49.74975644567584,48.502546005282525,48.57183429944705,55700
1999-12-29,48.84553146362305,50.151631965858655,48.50254726203828,48.50254726203828,49120
1999-12-30,48.72774887084961,50.165506515394696,47.94824343382767,50.165506515394696,63180
1999-12-31,48.72774887084961,48.72774887084961,48.72774887084961,48.72774887084961,0
2000-01-03,52.44511795043945,52.62526647914419,48.84899849710307,48.84899849710307,75120
2000-01-04,52.28229522705078,53.35281472123768,49.195452535167206,49.195452535167206,81350
2000-01-05,50.94847106933594,52.5906309819304,48.849004080216446,52.313472454699884,60950
2000-01-06,54.437191009521484,55.02614955156495,51.27412982274052,51.27412982274052,196970
2000-01-07,58.792022705078125,58.792022705078125,55.29291308962332,55.98580671086492,331070
2000-01-10,63.205772399902344,63.49678652311536,59.935312863717705,62.360441129879696,295750
2000-01-11,59.15578842163086,63.74620831379255,58.15109486166335,63.74620831379255,206350
2000-01-12,61.16172409057617,62.360432508119246,59.626967094634395,62.360432508119246,93120
2000-01-13,61.071659088134766,63.74622957812581,60.628207479195744,61.6675481788391,195260
2000-01-14,60.257511138916016,60.974658811251416,59.866029708318955,60.45498842365552,156750
2000-01-17,60.69404220581055,61.66755729253221,60.28176948820565,60.97466339036893,71250
2000-01-18,61.047393798828125,62.29113655931411,60.14316742686026,60.28867445051088,125260
2000-01-19,62.419307708740234,63.122594158987525,61.598230637133554,61.598230637133554,141080
2000-01-20,62.06247329711914,63.739274371708454,61.91350372555749,62.845441083264205,56710
2000-01-21,61.546287536621094,62.21493277934618,61.33842257564396,62.21493277934618,18880
2000-01-24,61.30376434326172,62.0139813885024,58.965248285315404,60.97464091830404,63510
2000-01-25,61.06126403808594,61.6675460923648,60.28175853972739,60.351046860087266,68590
2000-01-26,61.06126403808594,61.06126403808594,61.06126403808594,61.06126403808594,0
2000-01-27,57.53096389770508,61.32109333736902,56.17635542587647,59.99766381376534,146780
2000-01-28,54.908355712890625,56.470828891397844,54.18427787695728,55.431488482353714,64180
2000-01-31,51.74183654785156,54.60002291594524,50.529272634114854,53.952163744453124,54160
2000-02-01,50.6851692199707,52.59062666969623,49.957628806441086,52.03630966068711,73470
2000-02-02,50.653987884521484,52.1055955053319,48.50255097594776,51.274125317430496,49390
2000-02-03,49.483001708984375,51.967024863076325,48.15610970645073,51.967024863076325,116190
2000-02-04,49.437957763671875,49.88833966514282,48.91828755882664,49.88833966514282,131470
2000-02-07,48.62034606933594,49.680472506221,48.502555417761826,48.57184372537254,71950
2000-02-08,47.49786376953125,48.77971601731742,47.116770131862204,48.77971601731742,150830
2000-02-09,49.01530456542969,51.298393590418215,48.1561177575619,49.472616998134164,233570
2000-02-10,49.340946197509766,50.58122621438995,48.987569027338594,49.81904441089676,113410
2000-02-11,48.79011154174805,50.51195284521992,48.502560015862294,50.09621767378444,207950
2000-02-14,47.851234436035156,49.26473813585505,47.80966250809781,49.19544982717311,77650
2000-02-15,45.26674270629883,47.18605576040309,44.34519289766802,47.18605576040309,186220
2000-02-16,46.749534606933594,47.11676738929745,45.86955672621365,46.423873751219546,108760
2000-02-17,46.908912658691406,48.363994007776924,46.42388906657003,46.42388906657003,89260
2000-02-18,46.219459533691406,48.14916507153952,45.80025666425199,46.42386183573487,114600
2000-02-21,46.12592697143555,47.80965863931805,45.38453102717873,46.770318234115486,79930
2000-02-22,45.554290771484375,46.42387031991004,45.38452993961354,46.42387031991004,111420
2000-02-23,46.122467041015625,47.11676772715228,45.384533619536384,45.59240382699388,57930
2000-02-24,45.8764762878418,46.90888608411664,44.4837589246586,46.77030950383354,82050
2000-02-25,44.47336959838867,46.70102504959955,44.34518598678023,46.70102504959955,63460
2000-02-28,44.05764389038086,45.453824228930934,42.207619038464365,44.34519540117345,90710
2000-02-29,42.370445251464844,45.72058521692067,41.92006334830225,45.03808458908507,161830
2000-03-01,38.982200622558594,43.30585872018056,38.982200622558594,43.30585872018056,93030
2000-03-02,35.86417770385742,36.72336707773175,35.86417770385742,36.51549949083338,87030
2000-03-03,34.963409423828125,37.793879064687275,32.99559155025983,32.99559155025983,263060
2000-03-06,32.93323516845703,36.37691754154031,32.16758798309759,36.37691754154031,186090
2000-03-07,32.520957946777344,33.95178209793145,32.01168079239973,33.25196081360549,178340
2000-03-08,33.91021728515625,35.09160233184687,32.22648535496089,33.81321258846676,393170
2000-03-09,34.62043762207031,34.64468879850207,32.912454358576966,34.64468879850207,349100
2000-03-10,33.68502426147461,35.88496096080665,32.56599991007625,34.64468075540027,369350
2000-03-13,35.47615432739258,36.03046870186226,33.74392025518766,34.64468144409833,136050
2000-03-14,36.027008056640625,36.723366981954825,33.951792115392195,35.33757954867351,303860
2000-03-15,37.42319107055664,38.909448513103484,36.030475766430335,36.030475766430335,166050
2000-03-16,37.669158935546875,38.79164574427541,36.03046452998251,37.94284956126738,98790
2000-03-17,37.669158935546875,37.669158935546875,37.669158935546875,37.669158935546875,0
2000-03-20,37.669158935546875,37.669158935546875,37.669158935546875,37.669158935546875,0
2000-03-21,37.75230407714844,38.45212537337298,37.07673130535713,38.10914381909129,227650
2000-03-22,39.72013473510742,40.672863641062904,38.66347070941211,39.00991758430501,193180
2000-03-23,40.14971923828125,41.22716899230767,39.65083500297712,40.88072219405298,190810
2000-03-24,41.52511978149414,42.47438341335367,40.25712303782757,40.25712303782757,105170
2000-03-27,44.109615325927734,44.483775936229705,41.22717747696306,42.19722976898707,141600
2000-03-28,43.624576568603516,45.10736831873089,43.115299394675475,44.35211689888876,125430
2000-03-29,44.919151306152344,47.10701178896476,43.617603508300704,45.64146137596875,190000
2000-03-30,43.35240936279297,44.315486829868,42.22184178278762,43.617605147507874,131170
2000-03-31,43.254703521728516,43.95956546560754,42.22183901891254,43.54781519348027,96110
2000-04-03,41.96711349487305,43.12908712655738,39.88742641589429,42.710359185042265,67240
2000-04-04,39.62572479248047,41.1052360147666,38.7324370071059,40.12820050285746,146610
2000-04-05,40.39338302612305,41.17500958123021,39.081365026252406,39.081365026252406,46330
2000-04-06,41.20991134643555,41.87289945355834,39.50359090667963,40.55041339301859,85860
2000-04-07,41.68796157836914,42.57078145638862,40.477136466730165,42.22184062477888,90080
2000-04-10,40.57832717895508,42.42422438625812,39.93278721186896,41.94268436387908,80210
2000-04-11,40.330589294433594,41.03544873116149,39.77926204124784,39.932796886997735,96960
2000-04-12,39.86299514770508,40.75628538138111,39.500096406244026,40.75628538138111,47650
2000-04-13,39.908363342285156,40.12819510490001,38.73940944207228,38.73940944207228,73220
2000-04-14,39.908363342285156,39.908363342285156,39.908363342285156,39.908363342285156,0
2000-04-17,36.715553283691406,39.081371602990735,36.715553283691406,39.081371602990735,76240
2000-04-18,35.27791976928711,37.615825085915056,34.27297106923492,37.12730735839523,205520
2000-04-19,36.373592376708984,37.678633033682026,35.59196564137527,37.678633033682026,52840
2000-04-20,36.99818801879883,38.24390641412858,35.10692975580865,36.63877946523578,79040
2000-04-21,36.99818801879883,36.99818801879883,36.99818801879883,36.99818801879883,0
2000-04-24,35.309322357177734,36.84814998595627,35.24302274960387,36.84814998595627,67880
2000-04-25,35.5186882019043,36.289847134037714,35.24302462055586,35.24302462055586,162360
2000-04-26,36.33870315551758,36.569005414971315,35.73154676764227,36.28287399887305,97040
2000-04-27,35.60243606567383,36.28984999636589,35.38260427889825,35.66175537385347,48090
2000-04-28,35.2744255065918,36.28984455023174,35.24302211128275,36.28984455023174,94430
2000-05-01,35.2744255065918,35.2744255065918,35.2744255065918,35.2744255065918,0
2000-05-02,35.2744255065918,35.86762648598717,34.54514048531675,35.033658155934376,109620
2000-05-03,34.604461669921875,35.243024031400765,33.847260703424496,34.33926855439562,79940
2000-05-04,37.21803283691406,38.10434026503217,35.31281342767575,36.289848885633475,81140
2000-05-05,40.379432678222656,41.105230232851675,36.84815057229118,37.68560908438564,283720
2000-05-08,41.202938079833984,42.4312087562945,40.494588548088714,41.17502217163527,194170
2000-05-09,41.16107177734375,41.52397066395589,39.43032508426064,40.40736075300163,90580
2000-05-10,41.185482025146484,42.43120056942857,40.47713263007333,42.43120056942857,85610
2000-05-11,41.440216064453125,42.56729351838359,38.48817679483889,40.756292318363045,157550
2000-05-12,39.78972244262695,41.872899624919874,39.43031381346622,41.523958794712215,148420
2000-05-15,37.69607162475586,38.94179008922964,36.642271652063734,38.732426155963104,200100
2000-05-16,36.00370788574219,38.03454301161734,35.253484715915725,37.05750781432613,289340
2000-05-17,35.731536865234375,37.685604725992604,34.05662003475194,36.98772315699274,247270
2000-05-18,35.640811920166016,35.93741105791428,35.03365569366632,35.85366601410221,28750
2000-05-19,35.023193359375,35.7280526906438,33.84726176043733,34.26598970702371,54960
2000-05-22,34.82778549194336,35.08251348458514,33.575089114513666,33.575089114513666,45290
2000-05-23,34.869659423828125,35.22906807519766,34.40556745204472,34.8940851769637,226840
2000-05-24,35.01622009277344,35.44541858720435,34.19620947953236,34.54515039258881,57530
2000-05-25,35.58498764038086,37.33666946640549,34.963870715807076,34.963870715807076,101670
2000-05-26,38.35207748413086,38.432332362392124,35.1871824601123,35.59195499080808,304640
2000-05-29,40.7702522277832,41.175024937229225,38.3834978228408,39.01159248846128,236930
2000-05-30,41.76124572753906,42.221847594812346,39.918838258445945,41.520475662075405,177740
2000-05-31,43.286109924316406,44.315484281725574,41.34948730224001,41.87289853391393,243620
2000-06-01,42.371891021728516,42.870876584930926,41.872905458526105,41.872905458526105,98680
2000-06-02,43.26517105102539,43.757178879679124,41.17501630760803,41.87289793994037,117150
2000-06-05,42.76618576049805,45.15293967543272,42.57077975451477,43.89675592650547,77520
2000-06-06,42.780128479003906,43.20234639855913,41.89033130814505,42.710341405205405,62710
2000-06-07,42.02294158935547,42.57077855110684,41.73332007995512,42.291624839987236,54700
2000-06-08,41.28668212890625,42.152056626374375,40.75629319718592,42.152056626374375,48390
2000-06-09,41.1052360534668,42.0822689040882,40.82608228917063,40.89586939914087,35240
2000-06-12,40.90634536743164,41.454182507278,40.68651088324221,41.454182507278,20570
2000-06-13,40.819095611572266,41.87289564732554,40.12819166202031,41.87289564732554,45250
2000-06-14,43.24772644042969,43.96654368366908,41.24480420027335,41.52395792346524,169460
2000-06-15,42.794097900390625,43.40823443086667,41.942681528290215,42.22183522274485,85920
2000-06-16,42.539371490478516,43.19886934740477,42.43119803908268,43.19886934740477,36750
2000-06-19,42.148563385009766,43.338450236886075,41.52395897673518,42.91972230368426,51920
2000-06-20,41.848480224609375,42.50100063452491,41.52396509677651,42.50100063452491,40350
2000-06-21,41.1296501159668,42.57077455861394,40.82607068326091,41.17850161150014,132830
2000-06-22,41.35298156738281,41.64609060840308,39.95372799016928,41.4820879802195,54510
2000-06-23,40.50156784057617,41.175023845555344,40.33756520100083,41.105236734428985,24420
2000-06-26,39.946746826171875,40.61671257138974,39.430313233686924,40.61671257138974,294690
2000-06-27,40.236366271972656,40.85050287844374,39.77925463639063,39.77925463639063,80440
2000-06-28,41.269229888916016,41.38438099922391,40.484113038610396,40.826076215892456,19920
2000-06-29,42.5009880065918,42.81503257836602,41.25177937709303,41.31458882388925,74480
2000-06-30,41.653079986572266,42.50100655731853,41.48907732267608,42.50100655731853,49220
2000-07-03,42.75920486450195,43.268658100086526,42.15204863335418,42.91971730895679,80470
2000-07-04,43.20236587524414,43.61760633950258,41.31459725721833,41.31459725721833,96770
2000-07-05,43.122100830078125,43.91419520356801,42.74873431409893,43.26865531398619,40290
2000-07-06,42.5009880065918,42.98950296811031,41.872893538629604,42.64056218862173,37940
2000-07-07,42.91623306274414,43.1290871876077,41.8763908528865,41.8763908528865,146060
2000-07-10,43.07674026489258,43.9665403608886,42.518435522909996,42.518435522909996,93520
2000-07-11,43.87232971191406,44.650466236232845,42.57077930443201,42.919720118402765,106540
2000-07-12,44.92613220214844,45.990402806577386,44.31548574503186,44.6644265776699,181750
2000-07-13,45.35881805419922,45.57167216242788,44.524847064554706,45.50187974051875,344260
2000-07-14,46.79646301269531,48.08405574985242,45.3064839202275,45.70427632220636,1047630
2000-07-17,47.337310791015625,47.72812278803411,46.060186169369175,47.45594938662279,300770
2000-07-18,47.18377685546875,47.455950261900036,46.42308311933995,47.455950261900036,223860
2000-07-19,46.960453033447266,47.31637413672492,46.40912593602941,47.31637413672492,119000
2000-07-20,46.48241424560547,46.89764939598111,46.26956010829326,46.89764939598111,80070
2000-07-21,45.47746276855469,46.40913422266639,45.36231164621527,46.06019336384935,74990
2000-07-24,44.455055236816406,45.01335994399043,43.68738393502115,44.824934268362256,108550
2000-07-25,45.70078659057617,46.339349027484616,43.272158432483046,43.61760915154516,94260
2000-07-26,46.90811538696289,47.45595507107602,45.920617477954174,47.03722712062595,175110
2000-07-27,46.90113067626953,47.264026738217254,46.19975631342714,47.24657863464751,125010
2000-07-28,47.141902923583984,47.38616041203705,46.40912513381088,46.75806592429066,775290
2000-07-31,49.90203094482422,50.52663807181716,47.00233322264483,47.31638319427065,263940
2000-08-01,48.82030487060547,49.89853058225077,47.80488594243605,49.54958980894832,152290
2000-08-02,47.452457427978516,48.1538264618293,45.854308055750494,48.08403937241952,96470
2000-08-03,47.162841796875,47.59552499951605,46.82785627199114,47.59552499951605,26630
2000-08-04,47.37570571899414,47.455960632168114,46.409137971164405,46.827865970682815,59890
2000-08-07,46.85228729248047,47.037225508628076,46.54870514616595,46.831351694337656,23040
2000-08-08,47.90608215332031,48.15383247473697,46.47891549768935,46.68828211647566,61450
2000-08-09,48.68073654174805,49.54960118351595,47.176802315478696,48.08405066409775,147840
2000-08-10,47.989830017089844,49.17971947796954,47.804891810491455,48.85171425889638,42760
2000-08-11,48.05612564086914,48.43298232998839,47.462927367490536,48.43298232998839,34000
2000-08-14,49.06456756591797,49.479807982222226,47.59552441131394,48.15383183774919,103930
2000-08-15,49.06456756591797,49.06456756591797,49.06456756591797,49.06456756591797,0
2000-08-16,49.00175476074219,49.20065357559637,47.46292985503892,48.502771964595,84210
2000-08-17,48.12592315673828,48.63537915915081,47.80489820190348,48.29341328004013,48790
2000-08-18,48.15383529663086,48.46787991879957,47.455953625665195,47.88166187090742,39080
2000-08-21,48.104984283447266,48.22362289086237,47.80489494889368,47.89213015865444,20210
2000-08-22,47.58854675292969,48.18872533905645,47.10700675781512,48.153829130211015,49870
2000-08-23,47.389652252197266,48.01425930614933,47.17679813749399,48.01425930614933,32520
2000-08-24,47.02326202392578,47.44897024156541,46.40912811008521,47.211693044540965,27970
2000-08-25,47.19076156616211,47.45595469028913,46.41611246805862,46.41611246805862,76250
2000-08-28,47.03722381591797,48.15383338013978,46.75807009375892,48.01425918126745,38500
2000-08-29,47.43850326538086,47.52573847010735,46.129975194483556,46.129975194483556,38380
2000-08-30,47.11049270629883,47.66531259205563,46.897638617905024,47.66531259205563,39830
2000-08-31,46.65339660644531,46.792976159124024,46.47892615890856,46.792976159124024,45030
2000-09-01,46.65339660644531,46.65339660644531,46.65339660644531,46.65339660644531,0
2000-09-04,46.18580627441406,47.00232649990734,45.43209283961368,46.765049302515145,111430
2000-09-05,46.04624557495117,46.618508463678246,45.50189327399201,46.618508463678246,24570
2000-09-06,46.3812141418457,47.3861654286303,45.36579505619164,46.75807087438992,143740
2000-09-07,46.14393997192383,46.827861057009414,46.060192251041684,46.827861057009414,142450
2000-09-08,45.3553352355957,46.33585828122173,44.667921258703316,44.76911709812841,171860
2000-09-11,45.086647033691406,45.36230794693423,44.392252864483716,45.36230794693423,78860
2000-09-12,43.69437789916992,45.08316112597779,43.61761047877405,44.245705134551464,69110
2000-09-13,44.11309814453125,44.62953173323767,43.96654363800097,44.52484842159764,206390
2000-09-14,44.84935760498047,45.34834568437531,44.252669196265906,44.577184225097355,65960
2000-09-15,44.420166015625,45.34834984469395,44.207311909325945,45.34834984469395,32440
2000-09-18,44.96452713012695,45.71126048538485,43.75719186730617,44.66443772617756,136650
2000-09-19,45.9101448059082,46.47891470410117,44.04330934758348,45.00638406384539,122670
2000-09-20,48.084049224853516,49.54959970040509,46.44402832782165,47.1070137996809,146970
2000-09-21,48.41903305053711,49.444920056983314,47.59553238697755,48.92150875364669,154300
2000-09-22,47.35126495361328,47.73510195898939,46.26955168063208,46.75806666527984,70350
2000-09-25,47.34428787231445,48.432986850636325,45.71473488286184,46.758069850799444,84110
2000-09-26,46.78249740600586,47.1070098067334,46.40912817996698,46.897643188937764,76990
2000-09-27,46.60453414916992,46.75806895885154,45.60656321065368,45.60656321065368,49800
2000-09-28,46.10904312133789,48.50277753496075,46.060191615933945,48.50277753496075,26170
2000-09-29,46.04971694946289,47.17679422176206,45.71822426048242,47.17679422176206,32940
2000-10-02,46.04971694946289,46.04971694946289,46.04971694946289,46.04971694946289,0
2000-10-03,45.57864761352539,46.7510889664978,45.43209310995563,45.43209310995563,37270
2000-10-04,46.2800178527832,46.751084716199536,45.36230188770415,45.36230188770415,36760
2000-10-05,47.53620910644531,48.50277672335108,46.06717115282754,46.548705891061715,61640
2000-10-06,47.86421585083008,48.50277824653073,47.21867847169422,47.804896545141794,82010
2000-10-09,48.98432159423828,49.34023745212703,47.532726280588854,48.01426639050506,108920
2000-10-10,48.72260665893555,48.85171305390834,48.29340563209801,48.29340563209801,186490
2000-10-11,48.77145767211914,49.982282688106274,47.176795641917536,49.54959417430216,240490
2000-10-12,49.30184555053711,49.54959587264262,48.25851591830874,48.2934068052606,161540
2000-10-13,52.13875198364258,53.248386885519025,48.65981056152381,48.85172913371803,402110
2000-10-16,53.67407989501953,54.434768332667375,52.42835860245688,54.050931297991774,351980
2000-10-17,53.227439880371094,53.736895911626654,51.643250616368476,53.736895911626654,278220
2000-10-18,52.529544830322266,53.17857492068622,50.3870485663318,51.99217834985119,200290
2000-10-19,52.12826919555664,52.690064132060485,51.40596446257422,52.34112330999386,54530
2000-10-20,52.04801940917969,56.24228466877919,51.01515213167775,51.01515213167775,173640
2000-10-23,51.97473907470703,52.69006888941316,51.36409258095555,51.36409258095555,81530
2000-10-24,52.99016189575195,54.085836038655195,51.43388323860665,51.43388323860665,121360
2000-10-25,52.35159683227539,53.042498244667165,52.068955587406705,52.93432742990655,137480
2000-10-26,52.54351806640625,52.89943925292605,52.48070593964852,52.759859707028454,18150
2000-10-27,52.456275939941406,56.73080113409688,51.99218399421763,51.99218399421763,63880
2000-10-30,53.00062561035156,53.73689101845109,52.4109147206453,52.4109147206453,99600
2000-10-31,52.78428268432617,53.213478429346424,52.55049295900897,52.55049295900897,104480
2000-11-01,54.18004608154297,55.27222729747676,53.394929186269636,54.01604345968825,358140
2000-11-02,56.11666488647461,56.38883829846444,54.434767588595285,54.71392130777864,774340
2000-11-03,56.067813873291016,56.947146316337204,55.6909624364004,56.458631250430926,274450
2000-11-06,55.86543655395508,56.877362967787654,55.76075322594113,55.830540336478684,115620
2000-11-07,56.1131706237793,56.528411038250496,55.830529420494315,56.528411038250496,137970
2000-11-08,56.493526458740234,57.22630443801755,55.90032802639994,55.970115137660805,159740
2000-11-09,55.88287353515625,56.49352000667429,55.83053453879201,55.86543075264463,51500
2000-11-10,56.04685974121094,56.249246008568555,55.767711409806196,56.249246008568555,154970
2000-11-13,55.68049240112305,56.17947524666319,55.394358356570066,55.8305344066218,572710
2000-11-14,56.13060760498047,56.52839983528931,55.13263687639328,55.42574581990229,152640
2000-11-15,55.38388442993164,56.31904322206232,55.23732993225806,56.31904322206232,53000
2000-11-16,55.771217346191406,55.907304066305166,54.776733782303594,55.27222915616434,74930
2000-11-17,56.85990905761719,57.086723799241305,55.83053464007377,55.83053464007377,225350
2000-11-20,56.93319320678711,57.15651514896198,56.56331673922391,56.877361390139626,73420
2000-11-21,56.94715118408203,57.15651784417525,56.528423188310946,56.66799741209619,103580
2000-11-22,55.931724548339844,56.528415723721565,55.830534048120064,55.970108253474514,150940
2000-11-23,56.326019287109375,56.42372227820058,55.69094984501654,55.830524025314354,69090
2000-11-24,56.54585266113281,56.69589463603069,55.98056499495351,56.59819164669868,93450
2000-11-27,57.20185852050781,58.039319572674124,56.336486891908265,56.336486891908265,216350
2000-11-28,57.6450309753418,57.7148180848416,57.2960901034276,57.43566964684238,123920
2000-11-29,57.33797073364258,57.924188884708116,56.0748010662771,56.0748010662771,126710
2000-11-30,57.969539642333984,58.266136142188145,57.12161068817771,58.266136142188145,183760
2000-12-01,57.2332763671875,58.2696310571497,56.94714233116974,57.22629605975878,120510
2000-12-04,55.05586624145508,57.20882983967795,54.83254439417591,56.1794557830695,220130
2000-12-05,55.40133285522461,55.830528552637055,54.78370614227511,55.13264694572909,164200
2000-12-06,55.05936813354492,56.17947047773772,54.78719472736989,55.41180175969496,107730
2000-12-07,54.97911834716797,55.39087131042384,54.574345691605174,55.0628660662407,46690
2000-12-08,55.32806396484375,55.41181169114394,54.64414283551202,54.64414283551202,78870
2000-12-11,55.10124588012695,55.481590094107624,54.790688764903805,55.47460978690757,45950
2000-12-12,55.1047248840332,55.40830164529798,54.99306660810216,55.01050938679417,61600
2000-12-13,55.261749267578125,55.48158366136953,52.42137154971475,52.42137154971475,22670
2000-12-14,54.97563552856445,55.34899949345244,54.856996909771276,54.8604844017069,111800
2000-12-15,54.14862823486328,55.13264380018006,54.08582144954374,55.13264380018006,65640
2000-12-18,53.771785736083984,54.43477120431944,50.63480565822527,52.34112615799946,234030
2000-12-19,53.147178649902344,54.36498410199012,52.344613650582005,54.36498410199012,182990
2000-12-20,53.83110046386719,53.93578377216683,52.48069590318882,52.48069590318882,24670
2000-12-21,52.9936408996582,54.15561447510968,52.341123266745385,54.15561447510968,156850
2000-12-22,52.7668342590332,53.31118111761227,52.34112600821322,53.17858189457877,38760
2000-12-25,52.7668342590332,52.7668342590332,52.7668342590332,52.7668342590332,0
2000-12-26,52.9168815612793,55.13265824718213,52.3411312473248,55.13265824718213,49580
2000-12-27,54.089317321777344,54.43477066780461,53.43331216766473,53.52752236024201,53380
2000-12-28,55.09077072143555,55.680481477318054,53.63219552752089,53.6670917344447,83600
2000-12-29,55.99802780151367,56.294629662701006,54.448729529006364,55.83053767931193,68090
2001-01-01,55.7432975769043,57.505449832794184,55.28269312571419,57.226296103989384,61410
2001-01-02,55.827056884765625,56.91226330407017,55.20244968787519,55.481603474643315,58780
2001-01-03,56.326019287109375,56.598192665779685,55.13264247499792,56.16550951220826,75760
2001-01-04,55.35248947143555,56.8075721962515,55.132655029215144,56.8075721962515,81330
2001-01-05,56.04337692260742,56.31903778639436,55.272215483120014,55.272215483120014,88850
2001-01-08,56.79709243774414,56.94713441791771,55.97009916583004,56.319039946974655,232240
2001-01-09,56.13060760498047,57.21930100910716,55.83051835584129,57.21930100910716,48250
2001-01-10,55.495548248291016,56.8773563024299,55.202439223733094,56.8773563024299,67070
2001-01-11,55.621158599853516,55.900312290731854,54.08582128664335,54.08582128664335,119580
2001-01-12,54.87442398071289,55.74328842125088,54.67901799996868,54.67901799996868,138030
2001-01-15,54.982601165771484,55.13264314519487,53.946246625000484,54.434761586394934,21540
2001-01-16,54.235870361328125,55.132650845354426,54.08582836094896,55.12567053795566,58370
2001-01-17,54.584808349609375,54.78370716701737,53.03900311711236,54.78370716701737,17230
2001-01-18,53.9008903503418,54.60575231665702,53.597313532537186,53.60778133146738,19480
2001-01-19,55.809608459472656,56.52842586235912,53.4054058687971,53.73689865927966,449070
2001-01-22,54.5150260925293,55.830534553789064,54.43477118994434,54.43477118994434,34720
2001-01-23,53.625221252441406,54.71042738709534,53.10879034325086,54.43476648928291,42610
2001-01-24,53.583351135253906,54.78370840052195,53.073900522882866,53.073900522882866,101230
2001-01-25,53.29023742675781,53.93926750367817,53.038999634116784,53.45772751371388,87200
2001-01-26,53.29023742675781,53.29023742675781,53.29023742675781,53.29023742675781,0
2001-01-29,53.13671875,54.08583840473307,52.34113394006426,54.08583840473307,50300
2001-01-30,54.05790710449219,54.43476380050226,50.80578167690103,50.80578167690103,128580
2001-01-31,55.6595458984375,55.83052880970632,53.73688397934233,55.48158800464565,168030
2001-02-01,55.48508834838867,55.83402923427747,54.92329330913109,55.823561433654035,221970
2001-02-02,55.58627700805664,55.83053453175011,55.272227056666736,55.48159369092667,38450
2001-02-05,54.09978485107422,56.03990037103876,53.806675826800046,56.03990037103876,495390
2001-02-06,54.00556945800781,54.783705956231714,53.40539085215202,53.46122265837444,68280
2001-02-07,53.649654388427734,55.34201959971475,49.97530775285152,49.97530775285152,54100
2001-02-08,54.47315979003906,54.78371695342262,53.10879970142858,54.427795772825284,74960
2001-02-09,53.98115158081055,54.993083299522404,53.38795316607057,53.38795316607057,34710
2001-02-12,55.68745422363281,56.353932348461456,53.806663753276794,54.713911852738754,288410
2001-02-13,55.568817138671875,56.38184976462257,55.13264117996958,56.38184976462257,389830
2001-02-14,56.367881774902344,57.43564485456521,55.63859694525941,56.17945612814587,533510
2001-02-15,56.70986557006836,57.00995489889616,56.17947401400688,56.807568577183034,477380
2001-02-16,56.326019287109375,56.80755926064009,55.90031111546326,55.90031111546326,115590
2001-02-19,56.55284118652344,56.73777939495251,55.48159031466603,55.69095693618523,82360
2001-02-20,55.90031433105469,56.59819592151583,55.83052723689137,56.24925512628526,80490
2001-02-21,55.474609375,56.21436752469703,54.50455433355457,54.50455433355457,27590
2001-02-22,55.150089263916016,56.16550817327914,54.825571582059936,55.062854072206065,46230
2001-02-23,54.54643249511719,55.27222472796631,54.15561514925866,55.000051309544276,52700
2001-02-26,54.016048431396484,54.43477641586626,50.80579345124126,53.75084995918064,56610
2001-02-27,54.38242721557617,55.48158863422437,53.25185707756136,53.25185707756136,58750
2001-02-28,51.203582763671875,55.8305365646804,50.24748290821236,50.24748290821236,166120
2001-03-01,49.40304183959961,50.58943849555415,47.52573852779433,50.35216129412898,604000
2001-03-02,50.100921630859375,51.15472435721302,48.17127939707319,51.15472435721302,153390
2001-03-05,50.07301712036133,50.59642844914559,49.41003156700074,49.479818679288904,150990
2001-03-06,50.07301712036133,50.07301712036133,50.07301712036133,50.07301712036133,0
2001-03-07,49.392581939697266,50.24748601888554,48.85870282669982,50.0765030732818,69320
2001-03-08,48.82030487060547,50.237003558307244,47.52922507426912,50.237003558307244,55820
2001-03-09,48.509761810302734,52.27134400730915,46.845312349937956,47.80489975375419,53980
2001-03-12,47.80488967895508,49.11341768111626,47.10700807780245,47.10700807780245,15080
2001-03-13,46.189308166503906,51.29431556195966,45.013378962536024,47.17681161523209,57240
2001-03-14,46.862754821777344,48.78192939856751,45.99040274141818,45.99040274141818,23670
2001-03-15,47.749061584472656,48.49579474277195,46.19976345758274,48.49579474277195,9800
2001-03-16,46.649898529052734,47.80489177776246,46.44402472553348,47.455950961866385,12740
2001-03-19,46.62896728515625,47.665322031071945,45.78103825467305,46.06019199833379,6800
2001-03-20,46.506839752197266,47.525746476114065,45.52282924581528,47.525746476114065,22100
2001-03-21,46.712711334228516,46.75807534994798,46.12998073558806,46.68828824266687,3170
2001-03-22,47.9793701171875,48.712148081470616,46.61850283999335,46.82786416949196,47380
2001-03-23,46.85228729248047,47.7351071769329,46.75807177642323,47.45595344472805,28350
2001-03-26,46.45449447631836,48.153834617334844,45.536778388131864,48.153834617334844,6370
2001-03-27,47.173309326171875,47.45595053258466,45.43209275381217,45.43209275381217,19660
2001-03-28,48.47136688232422,50.93837552262447,47.072110893359536,50.93837552262447,72220
2001-03-29,48.495784759521484,48.781918735050624,46.96742786942634,46.96742786942634,182910
2001-03-30,48.78541946411133,50.87557707572183,47.47689127453214,49.8985416292864,84640
2001-04-02,47.633914947509766,48.50277960689754,46.96744195054591,47.455957025453706,43630
2001-04-03,47.94097137451172,48.363192041883266,45.85081428042425,45.85081428042425,81420
2001-04-04,47.87120056152344,48.153841824674856,47.17680628798679,47.17680628798679,81410
2001-04-05,47.87120056152344,47.87120056152344,47.87120056152344,47.87120056152344,0
2001-04-06,46.834835052490234,48.00029605784224,46.30793635621069,46.30793635621069,5800
2001-04-09,47.92353439331055,49.53564471844735,46.08461997301509,47.05467509654387,32130
2001-04-10,47.414085388183594,47.94447165763872,46.199767371343064,47.455956587241914,14730
2001-04-11,46.300960540771484,47.31637965490047,45.749633379056235,47.31637965490047,15680
2001-04-12,46.99534606933594,47.73510421239914,44.10262907660372,44.10262907660372,37450
2001-04-13,46.99534606933594,46.99534606933594,46.99534606933594,46.99534606933594,0
2001-04-16,46.82088851928711,47.735117319622375,45.94853624854992,47.735117319622375,41800
2001-04-17,47.59901809692383,47.80489190097369,46.426576739514616,47.45595108417827,64300
2001-04-18,47.808380126953125,48.01425925858075,47.107010991206565,47.107010991206565,69780
2001-04-19,48.46440124511719,48.85172585595171,47.246595590918496,47.246595590918496,90820
2001-04-20,48.38063430786133,48.54463689123009,44.66441733873941,47.107002661951725,80200
2001-04-23,48.43648147583008,48.572568202611535,47.4629387879958,48.15384022208513,50020
2001-04-24,48.43996810913086,48.48532679599152,47.94446744982503,48.08404697512754,15320
2001-04-25,47.93749237060547,49.89155780118637,44.671406026888015,44.671406026888015,12070
2001-04-26,48.851722717285156,48.92150982771251,48.15732845615712,48.502781840733114,270530
2001-04-27,48.5341796875,48.767969409105085,47.10701294358713,48.15383545344462,25200
2001-04-30,48.48533630371094,48.53768063261925,47.68277118018972,47.68277118018972,96710
2001-05-01,48.48533630371094,48.48533630371094,48.48533630371094,48.48533630371094,0
2001-05-02,47.913063049316406,48.50277388587835,46.40912896994115,46.40912896994115,211750
2001-05-03,48.080562591552734,48.29341674610654,47.46294105367016,47.46294105367016,13580
2001-05-04,47.54319381713867,48.153840343230364,47.17680483660063,48.153840343230364,9270
2001-05-07,47.4734001159668,47.72812542636039,47.246585385976694,47.246585385976694,12300
2001-05-08,47.079097747802734,47.78046692319646,46.97092693872564,47.476890094571736,5420
2001-05-09,47.04420471191406,47.728125749127464,46.915092985706295,47.271014119023576,113460
2001-05-10,47.03023910522461,47.072110296083046,46.758065715817,46.827852808719015,2630
2001-05-11,46.681304931640625,47.24658738599285,46.37772810606845,46.37772810606845,5890
2001-05-14,46.304439544677734,47.17679147778927,46.29745923837702,47.10700438802308,16300
2001-05-15,45.25763702392578,47.52575304225468,44.73771845196585,47.243111744184866,28770
2001-05-16,45.411155700683594,46.61849321678728,45.15293759074784,46.61849321678728,27250
2001-05-17,45.20178985595703,45.9206123918378,45.08315125927916,45.70077797932385,27280
2001-05-18,44.500423431396484,45.91363485166452,44.31548521824986,45.501881905350594,287570
2001-05-21,45.3448600769043,47.03722524274298,43.82696798936288,45.71124901557617,82190
2001-05-22,45.372779846191406,45.67635669222684,44.07123192216105,45.432099153783675,71160
2001-05-23,45.65194320678711,45.92062921781969,45.432108713722634,45.50189583590332,13450
2001-05-24,45.69728469848633,45.88571036790155,45.64145289850645,45.78102707404265,10350
2001-05-25,44.842384338378906,45.4251148880425,44.713277934539136,44.713277934539136,48570
2001-05-28,44.52486038208008,45.292531995172446,44.45507326371165,45.15295243401974,107510
2001-05-29,44.605106353759766,45.00987898911906,43.966544004291514,45.00987898911906,54790
2001-05-30,44.758644104003906,46.19976618693644,44.413190747384256,45.34486217345142,188830
2001-05-31,44.817970275878906,45.4984039694569,44.315494525416504,45.4984039694569,32220
2001-06-01,44.75514602661133,45.362304948090255,44.52484647814563,45.15293833394879,26650
2001-06-04,44.52486038208008,44.66443728102487,44.3852834831353,44.66443728102487,39880
2001-06-05,43.244239807128906,44.175911241149265,41.35298103205504,44.1061241357738,92900
2001-06-06,42.986026763916016,44.38527774027664,42.29163251361817,42.29163251361817,26620
2001-06-07,42.35792922973633,43.2477294550025,41.87290166509227,43.2477294550025,43550
2001-06-08,43.84092712402344,44.07122935733044,42.34397059415001,42.60916637917424,97320
2001-06-11,43.150020599365234,44.20731079725299,42.93367634500326,43.61759999343548,40570
2001-06-12,43.58271026611328,43.966544647259006,42.570781325123804,43.966544647259006,169780
2001-06-13,44.90868377685547,47.06862836745923,44.664426260625575,47.06862836745923,663210
2001-06-14,45.50886535644531,45.990405436838486,45.013369984690904,45.013369984690904,393580
2001-06-15,45.08315658569336,46.50683588727291,44.664428632149914,45.99040492204983,278980
2001-06-18,43.76066970825195,44.66442515820302,43.52687733453702,44.52484829714219,199730
2001-06-19,43.621097564697266,43.9665482699718,43.40824342755651,43.40824342755651,217490
2001-06-20,43.84441375732422,44.24569622536943,43.61760169606326,44.24569622536943,34750
2001-06-21,43.652496337890625,43.9665436104064,43.617602788101586,43.62458043317651,17980
2001-06-22,43.55131149291992,43.68739822661811,43.27216037911675,43.61761111371924,25440
2001-06-25,43.547821044921875,43.9456134183014,43.286115396003375,43.6176081530838,227840
2001-06-26,43.530364990234375,44.524845742139,42.919718587565754,44.315481793665455,150620
2001-06-27,42.89878845214844,45.29252286829455,42.58474115835819,45.29252286829455,23680
2001-06-28,42.79061508178711,43.24772940136513,42.015968638197855,42.91972415348901,32520
2001-06-29,42.818538665771484,43.12211821529301,42.46610760191886,43.12211821529301,23280
2001-07-02,43.73750305175781,44.223396092247704,42.959368767812926,42.959368767812926,321230
2001-07-03,43.797359466552734,44.927590871647936,42.955847585317166,42.955847585317166,300880
2001-07-04,43.32907485961914,47.878169439129636,43.25513477972247,47.878169439129636,109560
2001-07-05,43.244564056396484,43.80087809777445,42.955844552918535,43.80087809777445,426440
2001-07-06,43.0297966003418,43.66005088302392,42.674177691795144,43.66005088302392,9950
2001-07-09,42.89246368408203,47.53310303609445,42.46290484165357,47.53310303609445,96490
2001-07-10,43.05091094970703,43.66004011063652,42.25165171997082,42.25165171997082,17940
2001-07-11,42.81852340698242,43.16709874198715,42.674162323890016,42.744583347210956,8210
2001-07-12,42.325592041015625,43.37836161716783,42.251651972418415,42.74458844935417,164350
2001-07-13,42.174198150634766,42.81501488586484,41.547465624411615,42.51925455558397,39300
2001-07-16,41.51225280761719,42.6671309821095,41.05452545700813,41.05452545700813,18880
2001-07-17,42.88191223144531,43.09669170790141,41.195366560174214,41.758721463055736,18040
2001-07-18,42.00870132446289,42.74106388806281,41.89955209039403,42.74106388806281,12160
2001-07-19,42.005184173583984,42.110811689470424,41.70589949618667,41.899553971409915,6700
2001-07-20,41.09324645996094,42.040388385843364,40.84325787634811,42.040388385843364,66500
2001-07-23,40.97354507446289,42.60375386263904,40.843268165835774,41.107341020356266,25400
2001-07-24,41.39605712890625,41.89955610382388,41.195361883591545,41.89955610382388,3680
2001-07-25,40.37497329711914,41.89955436537502,39.903164478557365,41.89955436537502,311120
2001-07-26,40.0756950378418,43.589625560434264,39.08278124343312,43.589625560434264,55310
2001-07-27,40.829185485839844,41.54746399936997,40.4207541857667,40.77285133830373,33040
2001-07-30,40.97002029418945,41.899556457847076,40.7024257360796,41.86434728379552,61150
2001-07-31,40.906646728515625,41.54746342989812,40.3362483821601,41.19536628218712,32330
2001-08-01,40.60736846923828,41.19537011592737,40.283439707907704,40.283439707907704,10590
2001-08-02,40.892555236816406,41.512246858574194,39.89611984156179,41.512246858574194,11760
2001-08-03,41.272830963134766,41.37141774156387,40.99115215080457,41.19184743154616,16720
2001-08-06,41.10029220581055,41.406614937805145,40.49116309211057,40.49116309211057,10540
2001-08-07,41.160152435302734,41.265779955860395,40.66721594717039,40.84326450105425,8600
2001-08-08,41.25874710083008,41.459442383259294,40.948902553692,41.05453009448785,62500
2001-08-09,40.170753479003906,41.184794761143614,40.13906603208078,41.124938903874934,12610
2001-08-10,39.94894027709961,40.624966125876774,39.43487878669898,39.43487878669898,16960
2001-08-13,39.547550201416016,40.209491849921,38.87152434511884,38.87152434511884,10030
2001-08-14,39.40671157836914,40.13907428011903,39.08630457528358,40.13907428011903,8930
2001-08-15,39.40671157836914,39.40671157836914,39.40671157836914,39.40671157836914,0
2001-08-16,38.431400299072266,39.36093645953517,38.37858519503256,39.22361880080459,49430
2001-08-17,38.71659851074219,38.871522101225175,38.3785856021057,38.44900395071371,33980
2001-08-20,38.70956802368164,39.287007231637155,38.61098123495098,39.287007231637155,15270
2001-08-21,38.62153625488281,38.871524902631656,38.399713336834346,38.80110386266071,10800
2001-08-22,38.62153625488281,38.62153625488281,38.62153625488281,38.62153625488281,0
2001-08-23,38.82222366333008,39.15319308222416,38.5898383078739,38.5898383078739,18070
2001-08-24,38.83279800415039,39.01236831672198,38.59337181615102,38.73068950038569,9590
2001-08-27,38.67787170410156,39.00180044002101,38.39619559358869,38.58984741588727,12010
2001-08-28,38.57575988769531,38.77645514010109,38.378586358675705,38.77645514010109,20790
2001-08-29,38.80109786987305,39.36445535747862,38.37858244045645,38.730679527066144,26020
2001-08-30,39.23418045043945,39.364457346130024,38.695472310517665,39.364457346130024,105020
2001-08-31,39.68838882446289,39.99119257041103,38.94194194366013,39.42079425416939,58170
2001-09-03,39.660213470458984,39.92780799393406,39.01235615564164,39.44191232153361,64040
2001-09-04,39.43840408325195,40.48765212742313,39.29404295662492,39.786979523375706,123370
2001-09-05,39.43136215209961,39.99823882272067,32.991504453917514,32.991504453917514,93960
2001-09-06,39.35037612915039,40.77284886133886,39.08278155731804,40.77284886133886,22870
2001-09-07,39.29756546020508,40.139077483777704,39.1708102637743,40.139077483777704,29950
2001-09-10,39.434871673583984,40.413701094247315,39.223613969732995,40.41017937140168,162200
2001-09-11,39.65669631958008,39.78697321664507,39.434876108533174,39.434876108533174,12540
2001-09-12,39.713035583496094,40.05104850567294,37.322295750341375,38.37858713950198,377350
2001-09-13,39.16376876831055,39.50530076121042,38.730688074240874,39.50530076121042,10920
2001-09-14,38.21662521362305,39.36446268169983,38.02649242912286,38.73068673336588,2588070
2001-09-17,36.970191955566406,38.378580220540364,36.00192502339681,37.3293297811683,69300
2001-09-18,35.76953887939453,37.794096965531665,34.85760878740461,37.794096965531665,91160
2001-09-19,35.77659606933594,36.19559258948139,35.77307434523793,35.91391375998575,234010
2001-09-20,35.20619201660156,36.61106152896034,35.06887434791807,36.61106152896034,186740
2001-09-21,34.94211196899414,36.54767641163558,34.57593069913863,35.20970649048228,537980
2001-09-24,35.913909912109375,36.26600706811045,32.39293835209865,34.153424132104014,32980
2001-09-25,35.695613861083984,37.31526316152019,34.71678405591036,34.71678405591036,29200
2001-09-26,35.65687561035156,36.618101969004634,34.9984556884024,34.9984556884024,36920
2001-09-27,35.86812973022461,36.40683782115717,34.85761016543586,35.28012557777463,59260
2001-09-28,35.554779052734375,35.91391704117916,35.216763351942205,35.56181981528525,20420
2001-10-01,35.332950592041016,36.931472071615495,35.14633952111441,35.20971711938083,26040
2001-10-02,35.332950592041016,35.332950592041016,35.332950592041016,35.332950592041016,0
2001-10-03,35.25548553466797,35.55124852807676,34.93507853528708,35.410409135324386,6890
2001-10-04,35.24140167236328,35.7554658638939,35.20971421898444,35.7554658638939,10880
2001-10-05,35.56180191040039,35.68151361751255,35.287166642284454,35.287166642284454,5830
2001-10-08,35.6146240234375,35.83996596405751,35.20971180047448,35.56180891847922,17440
2001-10-09,35.6392707824707,35.82940354891178,35.31886111505487,35.31886111505487,9140
2001-10-10,35.77659606933594,35.91391375998575,35.39280873130534,35.91391375998575,8480
2001-10-11,35.80474853515625,36.01952794252733,35.24491284972248,35.24491284972248,17030
2001-10-12,35.64279556274414,36.37163655346716,35.287176690218125,35.354076008116856,34800
2001-10-15,35.8188362121582,36.05474060500183,35.7730618737076,35.7730618737076,22050
2001-10-16,35.942073822021484,36.04066058353252,35.56180829651797,35.70264767851421,5760
2001-10-17,35.78010177612305,36.040652830680834,35.287165388317646,36.040652830680834,25600
2001-10-18,35.649845123291016,35.77307861855822,35.318872862040166,35.318872862040166,8890
2001-10-19,35.41392517089844,35.91390238289244,35.28012656044402,35.635745365611605,19630
2001-10-22,35.716732025146484,35.906864788642466,35.561808435715434,35.70264781826295,2540
2001-10-23,35.913909912109375,36.19558871142548,35.84349155542441,35.913909912109375,12760
2001-10-24,35.81180191040039,36.23432011522515,35.56181324853261,36.23432011522515,12150
2001-10-25,36.336421966552734,36.61810073906065,33.4562673971251,33.4562673971251,16760
2001-10-26,36.336421966552734,36.336421966552734,36.336421966552734,36.336421966552734,0
2001-10-29,36.42797088623047,38.87152597151035,35.35055446478456,38.87152597151035,138010
2001-10-30,36.61810302734375,36.89273837024274,36.47726363228867,36.61810302734375,266130
2001-10-31,37.25538635253906,38.87151313740361,36.28360047166219,36.28360047166219,44130
2001-11-01,37.677913665771484,38.02648906335834,36.86456748968503,36.86456748968503,70620
2001-11-02,39.45599365234375,39.786965731313494,37.74480181395242,37.74480181395242,105750
2001-11-05,38.63208770751953,39.399659363142874,38.519416762028364,39.29402917649424,96830
2001-11-06,38.843360900878906,39.08278709141297,38.52295386303544,38.52295386303544,124680
2001-11-07,39.0827751159668,39.779928502704585,38.10394568250804,38.871517409354205,16520
2001-11-08,39.7376823425293,40.06865450463983,39.082781465235826,39.294039206168705,62310
2001-11-09,39.80105972290039,39.99823325522302,39.24826733867766,39.71655716423182,24040
2001-11-12,40.938331604003906,41.547460813146365,39.963023748238236,40.139072311005805,63180
2001-11-13,40.1425895690918,41.89251251815181,40.13906784606758,41.89251251815181,103380
2001-11-14,40.83974838256836,41.18832650122362,40.28343691752717,40.49117295020121,6130
2001-11-15,40.624961853027344,41.18479763093301,40.353848271850644,41.18479763093301,4140
2001-11-16,40.624961853027344,40.624961853027344,40.624961853027344,40.624961853027344,0
2001-11-19,40.491172790527344,40.9841093443653,40.139075635827105,40.491172790527344,32940
2001-11-20,38.403228759765625,40.49116457073411,36.62513741497053,40.49116457073411,56970
2001-11-21,39.7869758605957,40.0616111933672,39.089822358239815,39.71655750880894,38060
2001-11-22,39.82217788696289,40.49116285398182,39.786968717390835,40.13906578568633,31580
2001-11-23,40.029911041259766,40.63199662277213,39.931324305520256,40.561575607038854,16450
2001-11-26,40.08626174926758,40.27991626478056,39.667267949057596,39.667267949057596,14330
2001-11-27,39.892608642578125,40.41723265013867,39.646139022882544,39.646139022882544,24190
2001-11-28,39.889076232910156,40.420743545446115,37.67790712684987,40.420743545446115,41480
2001-11-29,40.50525665283203,40.632011842343665,39.786978141028804,40.13907529271932,20540
2001-11-30,40.50525665283203,40.50525665283203,40.50525665283203,40.50525665283203,0
2001-12-03,42.93825149536133,43.30091385964983,40.52638626711138,40.52638626711138,78330
2001-12-04,44.21635437011719,45.27968911421161,42.25165191152235,42.61078977080371,73600
2001-12-05,44.332557678222656,44.71634231894322,43.23049177428717,44.64592395673581,36930
2001-12-06,43.75510787963867,44.36423707863741,42.533333130859575,42.95584859995051,13840
2001-12-07,43.37836837768555,43.94172597414721,42.25165855733843,43.94172597414721,25480
2001-12-10,43.195274353027344,43.51920305544844,42.67416943872086,43.51920305544844,14540
2001-12-11,43.14950942993164,43.5544190280143,42.709387965678104,42.709387965678104,23890
2001-12-12,42.50164031982422,43.30794299550978,42.46290942419351,42.46290942419351,8630
2001-12-13,41.987579345703125,42.80092279039776,41.195360867482314,41.969973416116474,80690
2001-12-14,41.87139892578125,43.237537798836215,41.61788850866637,43.237537798836215,9530
2001-12-17,41.87139892578125,41.87139892578125,41.87139892578125,41.87139892578125,0
2001-12-18,41.63196563720703,42.533336154315755,40.84326878523893,42.5298144307081,19510
2001-12-19,41.19888687133789,42.103776408585844,41.195365147797105,41.195365147797105,13580
2001-12-20,40.892555236816406,42.04039248607186,40.49820553455462,40.843261859819634,69860
2001-12-21,41.41718673706055,41.5474636494658,40.50877813274438,41.5474636494658,50560
2001-12-24,40.85031509399414,42.25166310218345,40.57216067583855,41.54746871714706,20000
2001-12-25,40.85031509399414,40.85031509399414,40.85031509399414,40.85031509399414,0
2001-12-26,41.28691482543945,41.54746597856808,40.49821523205777,41.265787168604874,10680
2001-12-27,40.51933670043945,42.25165386416098,40.49116828648761,40.80453450441044,11230
2001-12-28,40.48060607910156,42.24813242918209,39.955982125535,42.24813242918209,54880
2001-12-31,42.94880676269531,44.364235966320834,39.79401428560148,41.19536196872649,37360
2002-01-01,42.19884490966797,43.237533163647235,41.54746568825383,41.89956285510344,22380
2002-01-02,41.77983856201172,42.25164733449564,41.30098634398444,42.11080797278984,14200
2002-01-03,42.241092681884766,42.60375229225242,41.97349811367365,42.52629049464227,16980
2002-01-04,41.79392623901367,42.03335238330764,41.61787768251187,41.89955644742987,5660
2002-01-07,42.16714859008789,42.88542698182594,41.54745695453764,41.75871467298115,11870
2002-01-08,41.818572998046875,42.25165362971811,40.84326517539418,40.84326517539418,12720
2002-01-09,41.469993591308594,42.251649537559445,41.195358299120464,41.758713089030415,21240
2002-01-10,41.301002502441406,42.533342698500576,40.84327506938976,41.19889399241332,10640
2002-01-11,42.09673309326172,42.25165669408552,40.843268137616,40.843268137616,23580
2002-01-14,42.005184173583984,42.60374815580336,41.899553971409915,42.60374815580336,5110
2002-01-15,41.08972930908203,42.5262860803127,40.84326242071346,42.519245320482575,25560
2002-01-16,41.107337951660156,42.00166494122854,40.4911680037766,40.84326511685292,27570
2002-01-17,41.69182205200195,42.603752320518836,40.9207284851011,41.899558067287124,61110
2002-01-18,41.99109649658203,42.45234278962135,41.33619574432684,42.45234278962135,13770
2002-01-21,41.8397102355957,42.18124494380932,41.68830833462333,42.04040552885783,17480
2002-01-22,41.762237548828125,41.89955520392115,41.54745810136719,41.89955520392115,5670
2002-01-23,41.19888687133789,41.89603770028703,40.913686362869626,41.28338943230094,75740
2002-01-24,41.07212448120117,41.617873337607946,40.91367918511855,41.336197288384696,9250
2002-01-25,41.209449768066406,41.540421940725125,40.561589630765084,40.632010670845666,15040
2002-01-28,41.04396438598633,42.955852004798984,40.984108515606806,42.955852004798984,9410
2002-01-29,40.85382080078125,41.8291311459944,40.52989215537438,41.8291311459944,12690
2002-01-30,40.65313720703125,41.610841898745626,40.4946945617455,40.70243059384407,10880
2002-01-31,40.17779541015625,40.98409799346184,39.99822515883201,40.84325863333081,163980
2002-02-01,40.81509017944336,42.11080745591556,40.63200089187426,42.04038911907068,154840
2002-02-04,40.5932731628418,40.98410114123635,37.748328077581675,40.2975102152219,22840
2002-02-05,40.60383224487305,41.54041169989263,40.160189203743386,41.54041169989263,4170
2002-02-06,40.27991485595703,41.195366916851675,39.92781770282155,40.56159096669256,51490
2002-02-07,39.55459976196289,40.74821178973241,39.012372415917056,39.653189238441605,43050
2002-02-08,40.28695297241211,40.49116995253399,39.505296913957125,39.57571795173428,20250
2002-02-11,40.89959716796875,41.18127321376204,39.99822683708278,40.139066203123164,30670
2002-02-12,40.58271789550781,41.4242298615227,40.512296854369474,41.08973596026366,39820
2002-02-13,40.32215881347656,40.984103082398846,40.20948784863902,40.50525081026738,34720
2002-02-14,40.765804290771484,40.84326608729482,40.2834329536199,40.2834329536199,8250
2002-02-15,40.220054626464844,41.08973224399089,40.03344089904215,40.8784745122587,57950
2002-02-18,40.22709274291992,41.547456837326486,39.57571366027021,39.99822909596526,54710
2002-02-19,39.79753494262695,40.01583611256506,39.50881542692182,40.01583611256506,102690
2002-02-20,39.7869758605957,40.19188809908945,39.610927294840856,39.92781525045717,117420
2002-02-21,39.593318939208984,40.13907053414447,39.434876314247205,39.50529466172183,93890
2002-02-22,39.49825668334961,39.78697622639048,39.09686616464127,39.783454502882385,21360
2002-02-25,39.875003814697266,40.132035926330545,39.57572176261721,39.716561165445526,33110
2002-02-26,40.494693756103516,40.77285082546369,39.78697773624505,39.78697773624505,79570
2002-02-27,41.26578140258789,41.51225099843885,40.19892755845519,40.19892755845519,129600
2002-02-28,39.889076232910156,42.07559865223235,39.082773643496154,41.53336885770683,145210
2002-03-01,38.90672302246094,40.139062665706305,38.74828042855857,39.78696562477906,59000
2002-03-04,38.79405975341797,41.117900146123915,38.37858505545783,39.089820036904285,46110
2002-03-05,38.44548034667969,39.3644539241731,38.30816270280481,38.730678116837126,162050
2002-03-06,38.66377639770508,39.00531096774962,37.74480287762408,37.74480287762408,122970
2002-03-07,38.83279800415039,39.27644119967916,38.02649514583322,38.02649514583322,14210
2002-03-08,38.91026306152344,39.08278994063211,38.167337740541676,38.167337740541676,9620
2002-03-11,37.89973449707031,39.434878184141716,37.75185434858887,38.2095790014535,151140
2002-03-12,37.43849182128906,38.371549836379266,37.11104135369253,37.39271747107663,115560
2002-03-13,37.70256805419922,38.449012383799065,37.39272080527394,37.67439963406267,121840
2002-03-14,37.906776428222656,38.0264881570768,37.64270359379851,37.67791276779751,19390
2002-03-15,38.544071197509766,38.58984285490768,37.54059496772653,37.54059496772653,34870
2002-03-18,38.33986282348633,39.29404588651179,37.18146274544892,39.29404588651179,164950
2002-03-19,37.72016906738281,38.37507002217265,37.463139636157265,37.463139636157265,14370
2002-03-20,37.72016906738281,38.30112993841099,37.463139636157265,37.74481576197003,127780
2002-03-21,37.56523513793945,38.026481413997296,37.32932807277426,38.026481413997296,73960
2002-03-22,38.079307556152344,38.37858959833125,37.32229814149645,37.674395293774715,96080
2002-03-25,38.079307556152344,38.079307556152344,38.079307556152344,38.079307556152344,0
2002-03-26,37.677913665771484,38.50534136276292,37.65326697475601,37.67439194240132,179940
2002-03-27,38.17084503173828,38.66025974905394,38.026483942169456,38.026483942169456,50900
2002-03-28,38.30112075805664,38.72363887493524,36.688515452192895,36.688515452192895,34140
2002-03-29,38.30112075805664,38.30112075805664,38.30112075805664,38.30112075805664,0
2002-04-01,38.50886917114258,39.075745840361876,38.02649507214511,38.73068942533298,27170
2002-04-02,38.34337615966797,39.08277956003265,38.167327603091245,39.012361211917074,26530
2002-04-03,38.23421859741211,38.864472659497935,38.030004343435124,38.73067674326648,32040
2002-04-04,38.16733169555664,38.73068659974994,38.142685002444686,38.73068659974994,22510
2002-04-05,38.15676498413086,38.86799996821089,38.14268077730015,38.30816684970121,41500
2002-04-08,38.10042953491211,38.37506486232505,37.90325600472597,38.026489461092304,10080
2002-04-09,37.906776428222656,38.23774588735856,37.67439104451127,38.16732753936056,11050
2002-04-10,37.100467681884766,38.37857902548661,36.899772467826836,38.026481970206916,49770
2002-04-11,37.36454391479492,38.09690381565209,36.81175159454252,37.46313066954756,161250
2002-04-12,37.519466400146484,37.9384628119274,37.3997546746592,37.88564770927043,35000
2002-04-15,37.93846130371094,38.378582664542854,37.67438848721179,37.67791021025897,15090
2002-04-16,38.026485443115234,38.16732481534726,36.97019418080648,38.16732481534726,28410
2002-04-17,37.95607376098633,38.30817091021148,36.97724142965844,36.97724142965844,105980
2002-04-18,37.67439651489258,38.02297195478557,37.39623943322243,37.39623943322243,16020
2002-04-19,38.04057312011719,38.33633341113331,37.040615903683964,37.39623474660483,27110
2002-04-22,38.10747528076172,38.66026769234473,37.34342243261914,38.02649175524215,25780
2002-04-23,37.96310806274414,38.118031641655804,37.78705951808547,37.797622000958974,8700
2002-04-24,37.80818557739258,38.30816550026316,37.68143040666908,37.68143040666908,17960
2002-04-25,38.195499420166016,38.30817039896287,37.61101687083432,37.61101687083432,23700
2002-04-26,38.07577896118164,38.449001015631474,37.885646210908824,37.885646210908824,40190
2002-04-29,38.132118225097656,38.37506340519853,37.73776849341123,37.751852700216574,11370
2002-04-30,37.931427001953125,38.73068634733595,37.88565265340919,38.73068634733595,6530
2002-05-01,37.931427001953125,37.931427001953125,37.931427001953125,37.931427001953125,0
2002-05-02,38.082820892333984,38.92433268603832,37.00892373988913,37.00892373988913,51900
2002-05-03,38.1602897644043,38.34338179447179,37.89973861454168,38.3257758617117,20330
2002-05-06,38.02296447753906,38.350414882829455,37.14976518762313,38.096904545019136,264550
2002-05-07,37.93846130371094,38.167324948601056,37.87860544334682,37.959586269418836,14400
2002-05-08,37.941986083984375,38.14972209361759,37.82227166732239,38.02648863991248,18220
2002-05-09,37.94902801513672,38.73068406887833,37.748332759685866,38.73068406887833,12180
2002-05-10,37.81169891357422,38.02647831153307,37.51945774110076,38.02647831153307,13450
2002-05-13,38.082820892333984,38.237741778540176,37.53706935198578,37.67438699622791,20080
2002-05-14,38.089874267578125,38.16733607948103,37.90326318596934,38.16733607948103,10370
2002-05-15,37.69198989868164,38.02648101830926,37.33989285221581,37.392705260155864,14400
2002-05-16,37.65679931640625,38.001855798823094,37.399769831617434,38.001855798823094,9300
2002-05-17,37.38566970825195,37.77649769916635,37.125118609738244,37.24483033279213,14310
2002-05-20,36.98076629638672,37.74129749277051,36.61810663166768,37.74129749277051,22910
2002-05-21,38.35746383666992,40.4911716757999,37.11103962099073,37.11103962099073,62520
2002-05-22,37.25188446044922,38.237754998776495,37.14625422699453,37.674400021691135,29910
2002-05-23,37.5511589050293,37.67439236147749,36.75894037406365,36.75894037406365,14520
2002-05-24,37.69552230834961,38.13212473498856,35.977289079078105,35.977289079078105,28560
2002-05-27,37.765933990478516,38.012400874818816,36.34346144844468,36.34346144844468,13960
2002-05-28,37.301177978515625,40.56159609461492,36.27657384393946,36.27657384393946,63870
2002-05-29,37.29059600830078,37.322283450114234,36.977227194741225,37.322283450114234,28420
2002-05-30,37.31877517700195,38.3785883222825,36.477263225939346,36.477263225939346,12760
2002-05-31,36.90681838989258,37.322293080695225,36.65682976802736,36.89977762976848,56360
2002-06-03,37.304691314697266,37.639185213112384,37.18145785161297,37.322297246404176,33920
2002-06-04,37.25891876220703,37.67439348944873,36.9737209421327,37.32581807754811,105740
2002-06-05,38.01593017578125,39.079262399694315,37.67439550633826,39.079262399694315,89780
2002-06-06,38.209571838378906,39.082773730725535,38.09690088642651,38.71659246530839,74190
2002-06-07,37.53003692626953,38.3433832344001,37.111043110984134,38.09691359794394,53930
2002-06-10,37.64622497558594,39.03701026861727,37.39271460894286,39.03701026861727,31210
2002-06-11,37.3082160949707,37.885655243265205,37.26948519107268,37.67791920080151,56910
2002-06-12,37.220191955566406,37.780027859312604,37.18850449931252,37.780027859312604,56710
2002-06-13,37.20610427856445,37.56524486703203,37.18497930969742,37.32229697990914,32310
2002-06-14,37.25538635253906,37.32228564869107,35.5723629578097,35.5723629578097,65110
2002-06-17,37.11103820800781,37.80114826359131,36.92794619525402,37.60397472950686,173090
2002-06-18,37.188499450683594,37.31173290764365,36.970198265291565,37.04061661604363,126050
2002-06-19,36.910343170166016,37.56524405374548,36.75894129522479,36.82935964744901,78640
2002-06-20,36.970191955566406,37.10398787367546,36.62865737150423,36.64274157650846,45400
2002-06-21,36.072357177734375,37.32230331613933,35.56181731066106,36.69204900382349,104250
2002-06-24,36.339942932128906,36.7589393587678,35.91390574515368,36.266002860302244,91080
2002-06-25,36.470218658447266,36.593452107526936,36.202624107383045,36.47725941855708,45340
2002-06-26,36.086429595947266,36.61809694802625,35.91390277594882,36.61809694802625,42690
2002-06-27,35.96319580078125,36.33641784871403,35.389278523224,35.389278523224,24940
2002-06-28,36.3152961730957,36.607537422827455,35.984324025867565,36.33642114035272,41300
2002-07-01,36.27303695678711,36.53006898559191,35.920939906323575,35.920939906323575,27760
2002-07-02,36.49134063720703,36.54767745862366,35.9843199896074,35.9843199896074,34610
2002-07-03,36.5159912109375,36.61457797262043,36.10051651078244,36.61457797262043,13310
2002-07-04,36.29064178466797,36.47021202712607,36.05473741271134,36.13571822754434,39490
2002-07-05,36.17445373535156,36.62161853730878,35.98432098723049,36.135722841125734,163660
2002-07-08,36.262481689453125,36.53007625320345,35.84348794271862,36.054745677768736,76200
2002-07-09,36.69908142089844,36.97019500228193,36.26600081176228,36.336419156299186,22970
2002-07-10,36.87865447998047,37.251879283036615,36.304737096572616,36.97020049049855,14080
2002-07-11,37.0335693359375,37.16736525332758,36.780059019798465,36.780059019798465,25690
2002-07-12,37.023006439208984,37.18144904187785,36.618094282481756,36.75893364390262,30820
2002-07-15,36.96316146850586,37.181459991019416,36.34699143134218,36.970202229820934,70640
2002-07-16,36.61810302734375,37.18145792127605,36.2730466437732,36.75894242239883,14640
2002-07-17,36.94203567504883,37.17794014217949,36.31882484514024,36.31882484514024,15380
2002-07-18,37.12063217163086,37.574282694004616,36.47409392309395,36.47409392309395,42800
2002-07-19,37.05632781982422,39.86395038854347,36.2919117744222,36.43479386403689,35150
2002-07-22,37.24209213256836,38.97453109588262,36.58126523628359,38.97453109588262,58360
2002-07-23,37.60641860961914,38.220809630371484,37.10990550627255,38.220809630371484,37800
2002-07-24,37.45283508300781,37.706449570435815,37.00633012797613,37.14921225863626,58520
2002-07-25,37.54928207397461,39.00310211382344,37.15635552921817,39.00310211382344,47230
2002-07-26,36.95988845825195,38.22081780590207,36.09545566286994,38.22081780590207,105230
2002-07-29,36.37764358520508,39.57819290255451,36.3026310938179,39.57819290255451,88930
2002-07-30,36.44194412231445,38.50658514861336,34.64878157398707,38.21724810910406,61500
2002-07-31,36.688419342041016,37.506416758372666,34.43446316892739,37.506416758372666,36080
2002-08-01,37.02061080932617,37.434968628365624,35.863270972930536,37.14563162532966,44550
2002-08-02,36.538387298583984,37.284942142292834,34.33086708512387,34.33086708512387,12620
2002-08-05,36.259765625,36.7919986284978,35.86326911108071,36.64911653537611,87320
2002-08-06,36.56697463989258,36.72057246965364,36.1561894928339,36.29192603240753,31300
2002-08-07,36.58125305175781,37.134917466824284,35.791830027100985,36.5776802496543,39730
2002-08-08,36.670562744140625,37.14564197735248,36.43480680376092,37.14564197735248,13580
2002-08-09,37.02419662475586,37.13135619388844,36.234776080235974,36.234776080235974,54860
2002-08-12,36.831295013427734,37.14920627215991,36.227619539425284,36.227619539425284,20810
2002-08-13,36.6669807434082,37.36352725571269,36.50623735385753,36.79200156289241,23430
2002-08-14,36.37406921386719,37.502831978697685,36.29905673133645,36.50623289607648,64130
2002-08-15,36.37406921386719,36.37406921386719,36.37406921386719,36.37406921386719,0
2002-08-16,37.01704788208008,37.43497861456429,36.577688507885306,37.43497861456429,44570
2002-08-19,36.87058639526367,37.499266012123805,36.792001102499974,36.792001102499974,22020
2002-08-20,36.49552536010742,36.8491592176971,36.4383741476761,36.78843247759853,30090
2002-08-21,36.44551467895508,37.07419432669017,36.149034778149655,36.149034778149655,23610
2002-08-22,36.58125305175781,36.588395930715336,36.31335012423386,36.31335012423386,31550
2002-08-23,37.052757263183594,37.220640786662194,36.299056907352075,36.299056907352075,76360
2002-08-26,37.31708526611328,37.39924062243691,36.57767343295561,37.14919902677934,67730
2002-08-27,37.0098991394043,37.2135052690314,36.8277243733433,37.09205451657418,14360
2002-08-28,37.07776641845703,37.14920610933672,36.720562513559564,37.00632400232783,26030
2002-08-29,37.770748138427734,37.86362193643619,37.22422648425315,37.50641795590377,70300
2002-08-30,37.656436920166016,37.86361584962957,36.83843960921482,37.345671251220345,137980
2002-09-02,37.863616943359375,38.363702995208406,37.5421328582243,38.363702995208406,74920
2002-09-03,38.10650634765625,38.22081146920841,37.01703352876143,37.86360762370178,20820
2002-09-04,38.549434661865234,41.078438299957085,37.99934046542725,37.99934046542725,439270
2002-09-05,38.82448196411133,40.64979360342373,38.578010469587156,40.64979360342373,252620
2002-09-06,38.517303466796875,39.292435402031515,38.29226322897074,39.292435402031515,45860
2002-09-09,38.19938659667969,38.570878986114565,37.88504541510043,38.3637000664827,73010
2002-09-10,38.19938659667969,38.19938659667969,38.19938659667969,38.19938659667969,0
2002-09-11,37.720726013183594,38.32797419330462,37.64928633328658,38.006490183269854,26050
2002-09-12,37.867191314697266,38.124378593461245,37.452833426633106,38.124378593461245,184190
2002-09-13,37.817176818847656,38.06364564980059,37.649290554492396,37.863612343462115,47820
2002-09-16,37.82790756225586,38.07080641320828,37.75646512065192,37.93506713678604,10730
2002-09-17,37.88147735595703,38.07079500026507,37.810034935770254,38.067222197943316,12310
2002-09-18,37.83502960205078,38.220810398450034,37.64928480670058,37.795736962125915,23800
2002-09-19,37.41353988647461,37.760028144073274,37.327811704004255,37.760028144073274,91540
2002-09-20,37.72431182861328,39.149554918646835,36.445520950465365,39.149554918646835,22660
2002-09-23,37.30995178222656,37.685017022790305,37.084914273038244,37.14921109355632,329530
2002-09-24,37.63142776489258,37.79217114412828,37.149203077684035,37.149203077684035,217350
2002-09-25,37.15278244018555,37.57785327421662,36.94203069914933,37.57785327421662,153940
2002-09-26,37.67787551879883,38.22082434780722,36.945606298670754,36.945606298670754,16240
2002-09-27,37.25636672973633,37.57784804978296,37.14920447288785,37.57784804978296,19000
2002-09-30,37.1599235534668,39.220991708650665,36.79557675229502,39.220991708650665,17670
2002-10-01,37.2527961730957,37.28494321693819,37.07776701992651,37.14920671196508,13230
2002-10-02,37.2527961730957,37.2527961730957,37.2527961730957,37.2527961730957,0
2002-10-03,37.810035705566406,38.22082077294237,37.00632685753724,37.72073472245205,59610
2002-10-04,37.62786102294922,38.22082086030371,37.15992474244037,37.863616927029845,21460
2002-10-07,37.599281311035156,37.863611420143705,36.79199977617737,36.79199977617737,18960
2002-10-08,37.577850341796875,38.00649667008612,36.29191680742827,36.29191680742827,13420
2002-10-09,37.50283432006836,37.72072890327274,36.88130033654648,36.88130033654648,41190
2002-10-10,37.509986877441406,37.69215892648266,37.04204785819377,37.04204785819377,239850
2002-10-11,37.62786102294922,37.86004412462718,37.202790195523136,37.202790195523136,19880
2002-10-14,37.76716613769531,40.449765222416254,37.64928820727369,40.449765222416254,3170
2002-10-15,37.76716613769531,37.76716613769531,37.76716613769531,37.76716613769531,0
2002-10-16,37.509986877441406,39.292433792789836,37.506414074935755,37.85290233623942,361900
2002-10-17,37.667144775390625,37.86003518082132,37.13848460517236,37.14920028459921,26070
2002-10-18,37.53855514526367,37.831464948597706,37.399245847470326,37.399245847470326,271280
2002-10-21,37.54928207397461,37.86362058452976,37.14921264897259,37.184932500700455,24210
2002-10-22,37.87789535522461,38.86377871238918,37.00631711735093,38.86377871238918,65090
2002-10-23,37.67787551879883,38.006502513336805,37.42068822733434,37.42068822733434,20490
2002-10-24,37.506412506103516,37.863616434733075,37.149208577473956,37.149208577473956,31990
2002-10-25,37.32781219482422,37.863618111496336,37.149210222600175,37.863618111496336,53880
2002-10-28,37.220645904541016,37.72073191784905,36.69555845207958,37.363528011950386,54530
2002-10-29,37.220645904541016,37.86361402525842,36.82772215310239,37.86361402525842,56130
2002-10-30,37.131343841552734,37.47068917737648,36.434797335532046,36.434797335532046,59350
2002-10-31,37.30280685424805,37.6492951055028,36.149036950866225,36.149036950866225,104960
2002-11-01,37.2956657409668,37.50641476342228,36.79200686316662,36.79200686316662,36170
2002-11-04,37.03847885131836,37.6421516802288,36.684844974783665,37.149211204945445,6020
2002-11-05,36.8741569519043,37.48854532330526,36.86343854652147,37.47068676483243,12460
2002-11-06,36.8741569519043,36.8741569519043,36.8741569519043,36.8741569519043,0
2002-11-07,37.15278244018555,37.256371909474574,36.8670181990262,36.8670181990262,24750
2002-11-08,37.2813720703125,37.417108571390976,37.149205646058824,37.349238958227,13260
2002-11-11,37.474266052246094,37.63857953497971,36.82058219847449,36.82058219847449,49240
2002-11-12,37.12777328491211,37.72073032655961,36.79200075545244,36.79200075545244,64700
2002-11-13,37.03847885131836,37.149211204945445,36.792007251051736,37.149211204945445,172370
2002-11-14,36.95274353027344,37.006324662013114,36.72770604726628,36.8670153546397,20340
2002-11-15,37.142059326171875,37.477829108311475,36.66340472679315,36.66340472679315,117090
2002-11-18,37.26708221435547,37.43496847741865,36.95631385132898,37.14920427749204,14950
2002-11-19,37.26708221435547,37.26708221435547,37.26708221435547,37.26708221435547,0
2002-11-20,37.17063903808594,37.288516985729885,37.00632556193815,37.031329727324774,150400
2002-11-21,37.14563751220703,37.21350713390042,36.86344606836323,36.86344606836323,18190
2002-11-22,37.224220275878906,37.35638670772279,36.79914673786042,36.95274453288183,60080
2002-11-25,37.1170654296875,37.220652181648,36.80629699805604,37.07777277539214,132720
2002-11-26,37.1599235534668,42.75373827767502,36.89916621665995,42.75373827767502,17320
2002-11-27,37.05990219116211,37.14920316029744,36.82057624793926,36.82057624793926,16420
2002-11-28,37.16707229614258,37.29209313429409,37.02776297288091,37.149211008442414,257310
2002-11-29,37.220645904541016,37.392104978482166,36.88844616304527,36.88844616304527,21230
2002-12-02,37.24565887451172,37.32067411070502,37.02419414465585,37.02419414465585,27500
2002-12-03,37.23493957519531,37.35281753462394,36.98489789633148,37.31352488148106,11590
2002-12-04,37.420677185058594,38.220813069423485,36.89915987581412,38.220813069423485,45350
2002-12-05,37.15634536743164,37.49926348093535,37.07776280522168,37.07776280522168,13220
2002-12-06,37.25636672973633,37.86361225121262,36.54910183008507,37.86361225121262,75390
2002-12-09,37.0098991394043,37.30994913032858,36.727707709701875,36.97417929171089,44900
2002-12-10,37.12777328491211,37.28494114370755,36.95274141622601,37.14563184430394,14860
2002-12-11,37.15278244018555,37.22064933539232,36.64912357832339,36.79200569890307,65750
2002-12-12,36.877723693847656,37.15634225312354,36.86343521321184,37.14919937543014,68960
2002-12-13,37.0920524597168,37.14920639305666,36.86701497900253,36.86701497900253,39140
2002-12-16,37.05990219116211,37.14920316029744,36.57767750288119,37.03132522697897,46790
2002-12-17,36.552669525146484,36.86700792260229,36.43479160413218,36.77413416132596,29090
2002-12-18,36.656272888183594,36.78843661474686,36.54553780278593,36.54553780278593,18780
2002-12-19,36.64912033081055,37.43497056173895,36.4526598170156,36.4526598170156,14870
2002-12-20,37.277801513671875,37.40639514359712,36.581254955951486,36.581254955951486,62060
2002-12-23,37.10276794433594,37.49926446859641,36.80271526842967,37.49926446859641,13330
2002-12-24,37.07776641845703,37.4349703233545,36.80629068766509,37.4349703233545,9530
2002-12-25,37.07776641845703,37.07776641845703,37.07776641845703,37.07776641845703,0
2002-12-26,36.963462829589844,37.217077285683594,36.906308894287214,37.149207668824126,204040
2002-12-27,36.8455924987793,37.145642545396306,36.738430210558825,36.738430210558825,23720
2002-12-30,36.599117279052734,36.93131706963268,36.54553614020114,36.795580546425256,33240
2002-12-31,36.59554672241211,37.00275904227657,36.45623738799796,36.45623738799796,6140
2003-01-01,36.82771682739258,37.14563076489795,36.438365934387406,36.791996987018116,119450
2003-01-02,36.88486862182617,37.09919037694347,36.506230705028344,37.09561757553764,40600
2003-01-03,36.774139404296875,36.86344037684276,36.541959055877086,36.541959055877086,7810
2003-01-06,36.899166107177734,37.00632564826341,36.50623961411466,36.50623961411466,35000
2003-01-07,36.88130187988281,36.89916316459754,36.5383864703056,36.863440595168086,6310
2003-01-08,37.017051696777344,37.14921543059143,36.52410844017283,36.52410844017283,12800
2003-01-09,37.045616149902344,37.149205607954464,36.595538472736116,36.595538472736116,77990
2003-01-10,37.03132629394531,37.145634153971365,36.57767855677678,36.57767855677678,18260
2003-01-13,37.02061080932617,37.14563435057906,36.86344022620785,37.056330653148684,11680
2003-01-14,36.98847198486328,37.14921268039963,36.81344007832371,36.81344007832371,60150
2003-01-15,36.8455924987793,37.145645270646504,36.813442722213075,37.070630033742056,9460
2003-01-16,37.081336975097656,40.00683786613892,36.79200268046704,38.506582536258534,110180
2003-01-17,36.82771682739258,37.05989987770028,36.791996987018116,36.791996987018116,29900
2003-01-20,36.72055435180664,36.85629082440817,36.434790201304686,36.79199402680767,62640
2003-01-21,36.51338195800781,36.89559001010628,36.47408931221035,36.50623635409042,14280
2003-01-22,36.79914093017578,36.863437734810596,36.43479418741132,36.50623387022813,30430
2003-01-23,36.781280517578125,36.95988245409744,36.53481169835098,36.53481169835098,26390
2003-01-24,36.749141693115234,36.84558828653778,36.50981569873316,36.792007148553026,50700
2003-01-27,36.681270599365234,37.149206852056466,36.29548972030321,37.149206852056466,51490
2003-01-28,36.79914093017578,37.14920191657625,36.53124075698815,37.14205903839425,29100
2003-01-29,36.774139404296875,36.934882790029114,36.61697154578571,36.63126002842298,19350
2003-01-30,36.413360595703125,36.92773227600462,36.238328750606655,36.48837307563774,61500
2003-01-31,36.43122482299805,36.96703063034414,35.93470893429468,36.96703063034414,27460
2003-02-03,36.37764358520508,36.427654638045986,36.199041636592916,36.27048405118745,17350
2003-02-04,36.29191970825195,37.07777001030403,36.19904592091175,37.07777001030403,16010
2003-02-05,36.21691131591797,36.72057023586218,36.10260615132248,36.72057023586218,6900
2003-02-06,36.14546585083008,36.28834796512104,36.113316080621026,36.22047834765166,11770
2003-02-07,36.1633186340332,36.216899758987886,35.884700054567936,36.08830614919634,6670
2003-02-10,36.138328552246094,36.149041510303945,35.895429738015984,36.077601804751005,15740
2003-02-11,35.813270568847656,36.07760074190648,35.798982083107994,36.07760074190648,5580
2003-02-12,35.82041549682617,35.83470398338267,35.588232359470965,35.75611866994704,30160
2003-02-13,35.82041549682617,35.82041549682617,35.82041549682617,35.82041549682617,0
2003-02-14,35.80255126953125,36.063308613504226,35.58822673033464,35.7489701347321,11900
2003-02-17,35.82041549682617,36.6419857596984,35.72039881618089,36.6419857596984,9640
2003-02-18,35.86684799194336,35.984723217891926,35.72753595173194,35.72753595173194,20080
2003-02-19,36.166900634765625,36.506243303707905,35.8811363791564,36.506243303707905,31590
2003-02-20,36.19905090332031,36.29192470344359,35.83470403399078,36.034737395563845,20000
2003-02-21,36.35620880126953,36.434794087301626,35.72038636009963,35.72038636009963,18300
2003-02-24,36.1097412109375,36.3597828338229,35.934709349668424,36.02401031859168,16640
2003-02-25,36.22404479980469,36.470513610369224,35.9418534229924,36.470513610369224,11370
2003-02-26,36.03830337524414,36.356214646945695,35.80255020449057,35.80255020449057,64990
2003-02-27,36.08831024169922,36.43479846708297,35.73110633515919,36.43479846708297,124210
2003-02-28,37.0920524597168,38.2208181159333,35.94185816637216,36.43479857780557,123770
2003-03-03,36.42408752441406,38.706620566124485,36.22048138020867,37.86719182160225,244250
2003-03-04,36.488380432128906,37.0063250183508,36.2276203752847,37.0063250183508,32360
2003-03-05,36.413360595703125,37.43496380381097,36.291909872059676,37.07775996112289,29340
2003-03-06,36.295494079589844,37.00632918685275,36.259774229145705,37.00632918685275,25280
2003-03-07,35.81683349609375,36.363354980010286,35.64894724150517,36.29191257101023,55910
2003-03-10,36.313358306884766,36.434806353275626,36.11332222275552,36.149042076091064,54520
2003-03-11,36.07759475708008,36.22047686552436,35.73467933196352,36.2133312612149,47240
2003-03-12,35.870418548583984,36.26334233258112,35.79540604915951,36.26334233258112,34990
2003-03-13,35.99187088012695,36.07402898799953,35.72753799410204,35.72753799410204,29880
2003-03-14,35.99187088012695,35.99187088012695,35.99187088012695,35.99187088012695,0
2003-03-17,35.834693908691406,36.20975908091423,35.72038877362578,36.20975908091423,45590
2003-03-18,35.834693908691406,35.834693908691406,35.834693908691406,35.834693908691406,0
2003-03-19,35.734676361083984,42.79302576902493,35.005980121324455,38.86735317895403,27980
2003-03-20,35.66324234008789,36.434804207904676,35.14887048679333,36.434804207904676,30450
2003-03-21,35.61322784423828,35.7168200278212,35.1488644080275,35.1488644080275,77690
2003-03-24,35.70968246459961,35.85613467987638,35.438206675604754,35.64895844180803,19410
2003-03-25,35.71682357788086,36.006157894406975,35.377478203007875,36.006157894406975,45090
2003-03-26,35.777549743652344,35.98472596811545,35.227455321267726,35.36319184422629,31090
2003-03-27,35.438201904296875,35.8275556088186,34.441602603117104,35.8275556088186,93040
2003-03-28,35.727535247802734,35.784689183712075,34.79880559127326,35.620375705847216,43910
2003-03-31,35.52035903930664,35.93471417360464,35.36318844082309,35.709676682798374,27170
2003-04-01,35.416778564453125,36.22048759666348,35.370340298431856,36.22048759666348,21060
2003-04-02,35.68824768066406,35.71682465050627,35.40248343274173,35.438203282419565,4610
2003-04-03,35.6596565246582,35.931132179660686,35.4096122258866,35.72038051747821,46740
2003-04-04,35.70253372192383,35.72039500952854,35.291751359514144,35.68467515956898,26800
2003-04-07,37.10276412963867,37.502836169265926,35.93470867709415,36.29191254610155,1280040
2003-04-08,36.73842239379883,37.434971668528135,36.31335158486619,36.43479960877562,122110
2003-04-09,36.70627212524414,36.93488239449347,36.43479640854204,36.89201694704071,70250
2003-04-10,37.19921875,37.359962160986356,36.2597733523124,36.79200646923429,120600
2003-04-11,37.720726013183594,37.86360809822673,36.86700902974351,37.506404248243456,47810
2003-04-14,37.720726013183594,37.720726013183594,37.720726013183594,37.720726013183594,0
2003-04-15,37.4599723815918,37.93505423701767,37.206360657202254,37.86004446802886,29250
2003-04-16,36.531246185302734,37.43497166094444,36.438372403641054,37.04919077581095,20020
2003-04-17,37.049190521240234,37.75288267023664,36.58125426439982,37.43497140372297,35950
2003-04-18,37.049190521240234,37.049190521240234,37.049190521240234,37.049190521240234,0
2003-04-21,36.44551467895508,37.049190161878236,36.30977817358312,36.72056321713587,25370
2003-04-22,36.63840103149414,36.84200712946562,35.93470896781661,35.93470896781661,32670
2003-04-23,36.45622253417969,36.791995011216095,36.277620616649514,36.341917415970336,12830
2003-04-24,36.263336181640625,36.64197414221356,35.720387490888804,35.720387490888804,110190
2003-04-25,36.69913101196289,36.7920047968501,35.87399080558917,36.34192708189639,40950
2003-04-28,36.906307220458984,38.863785811801534,36.22404918153679,38.863785811801534,41900
2003-04-29,36.877723693847656,37.43496353764844,36.48480001473426,36.48480001473426,14680
2003-04-30,36.774139404296875,36.91702150542017,36.62054162250797,36.62054162250797,27190
2003-05-01,36.774139404296875,36.774139404296875,36.774139404296875,36.774139404296875,0
2003-05-02,36.742000579833984,37.07777318378357,36.36336524363553,36.47767040504921,18870
2003-05-05,37.474266052246094,37.8600469553162,36.87059053125213,37.0992008311641,113020
2003-05-06,37.30995178222656,37.863618999201634,36.14903893555293,37.827899148969344,108700
2003-05-07,39.113834381103516,39.292436364578876,36.43480462897314,36.43480462897314,1541960
2003-05-08,37.7028694152832,38.578017803124766,37.5171246027482,37.942195353150176,88460
2003-05-09,39.26028060913086,39.29242765090735,37.14920432449422,37.14920432449422,1117780
2003-05-12,38.42085266113281,42.07862275440308,37.50641150044006,38.024356092965334,94200
2003-05-13,38.40656661987305,38.928086773075336,37.65286880997066,37.65286880997066,39980
2003-05-14,39.203125,39.43530806213413,38.57801822323462,38.96022625773263,372150
2003-05-15,38.920936584472656,39.64963286689416,38.72090327271951,39.1209698962258,85940
2003-05-16,38.235111236572266,39.070967173672145,38.220822751504336,38.73876739027992,34870
2003-05-19,38.05649948120117,38.2208129293817,37.506405211075496,37.506405211075496,81530
2003-05-20,38.09579849243164,38.35655582706624,37.86361540011685,38.35655582706624,29460
2003-05-21,38.07794189453125,38.324413500976256,37.935059764342114,37.938632567040585,52500
2003-05-22,38.16366195678711,38.50300728438958,37.577847800467424,37.577847800467424,47590
2003-05-23,38.44586181640625,38.50658583216217,37.75645537776632,38.22082158998758,51540
2003-05-26,38.42442321777344,38.578021002999066,38.14937741528775,38.578021002999066,38150
2003-05-27,38.12437438964844,38.48157829848886,38.07793613733947,38.1065131041066,18300
2003-05-28,37.7028694152832,38.220813934577315,37.5778458810922,38.08507744561901,23540
2003-05-29,38.22795486450195,38.39941391177577,37.57784396588929,37.57784396588929,61690
2003-05-30,37.870758056640625,38.499437713222314,37.72430586789552,38.470860745820964,57650
2003-06-02,37.87432861328125,38.1315131103902,37.54212618002753,37.80645628067379,113580
2003-06-03,37.51713180541992,38.213678392713234,37.227794763179055,37.899337183883624,77480
2003-06-04,38.04935073852539,38.43513152864077,37.76358930992985,37.76358930992985,56990
2003-06-05,38.17081069946289,38.22081902970609,37.542131043941765,37.542131043941765,54520
2003-06-06,38.19580841064453,38.47085418050768,37.86360871573239,38.47085418050768,61560
2003-06-09,38.96023178100586,41.792859000016996,38.04936068705947,38.57445361527236,113110
2003-06-10,38.93523025512695,39.14955207845383,38.456578273871926,38.767346689108294,71800
2003-06-11,38.59589385986328,38.79235442761334,38.220828564226366,38.6923377421769,60670
2003-06-12,38.28154754638672,38.57445740835182,38.08508700452589,38.08508700452589,25510
2003-06-13,39.031673431396484,41.06416472763292,37.65286872645685,38.36370380593023,708680
2003-06-16,38.39942169189453,39.792517535534124,38.017213603599146,39.649635421398074,126370
2003-06-17,37.985069274902344,38.71733851146838,37.72073909729682,38.51373235536344,85050
2003-06-18,37.95649337768555,38.7316253132521,37.76003011049129,38.7316253132521,61020
2003-06-19,38.238677978515625,38.29225638246612,37.87075567814245,38.00649490214887,51950
2003-06-20,38.12437438964844,38.50658246309771,37.863614337085124,38.50300966093943,25190
2003-06-23,37.68857955932617,38.22081254098603,37.38138402555626,38.22081254098603,76010
2003-06-24,37.53855895996094,37.78502779576793,37.302803079776595,37.302803079776595,46890
2003-06-25,37.34566879272461,37.76716950325632,36.86344134807219,37.22064524766689,174530
2003-06-26,37.09919357299805,37.43496607759926,36.79914090978544,37.36352366957283,158820
2003-06-27,36.774139404296875,37.399246212118086,36.64911858778251,37.149204579089364,72530
2003-06-30,37.14563751220703,37.22064728294414,36.60268330374442,36.79200367009147,57460
2003-07-01,36.93489074707031,37.34924593181985,36.79915149539806,37.163501068018334,40750
2003-07-02,37.017051696777344,37.14564535282633,36.79201143606652,37.14564535282633,57280
2003-07-03,38.088653564453125,38.36369936807829,36.86701415644083,37.18492540911449,245360
2003-07-04,38.34584426879883,38.72090951404124,37.22065125832152,37.581428018242796,192000
2003-07-07,38.306541442871094,38.86378132141604,37.974341741810356,38.578017141380215,50590
2003-07-08,38.60302734375,38.64946287204163,38.2208192601584,38.292258953722396,51670
2003-07-09,38.48871612548828,38.57801709097665,38.04221129804642,38.04221129804642,26670
2003-07-10,37.92790603637695,38.57087407570681,37.87789771390121,38.57087407570681,89020
2003-07-11,39.303157806396484,39.57820368306785,37.66359005441329,37.863623419265195,555760
2003-07-14,39.2960090637207,39.688932881280614,38.828070015078914,39.29243626099062,85430
2003-07-15,38.720909118652344,39.649638853043015,38.220823038518944,38.29226273914519,24190
2003-07-16,38.742340087890625,39.1424094929591,38.699474632802975,38.720908722971735,17140
2003-07-17,38.606597900390625,38.92808195322825,38.00649524351022,38.72090303859406,51090
2003-07-18,38.59589385986328,39.00667628572717,38.138670443903415,38.57803256949951,32120
2003-07-21,38.26011276245117,38.935227965110634,38.2208201125398,38.935227965110634,22770
2003-07-22,38.238677978515625,38.492292416462575,38.00649490214887,38.00649490214887,33350
2003-07-23,39.294288635253906,39.45809234308839,38.384277293287546,38.384277293287546,83980
2003-07-24,38.95213317871094,39.290657569144386,38.80288995909197,39.290657569144386,17640
2003-07-25,40.14970397949219,40.55010843907439,38.83928534502766,38.95576669285402,229490
2003-07-28,40.00409698486328,40.62290355308192,39.37800877110754,39.37800877110754,65470
2003-07-29,40.015018463134766,40.328062583993415,38.94848506931034,39.09044661514924,42820
2003-07-30,40.302581787109375,41.35091382804892,39.894895715954696,40.422703947869344,137960
2003-07-31,39.527259826660156,40.76851403301977,39.35253640172226,39.35253640172226,61790
2003-08-01,39.85486602783203,40.25890858266265,39.603701962790126,39.680142596251855,43950
2003-08-04,39.82938766479492,40.331715853212394,39.75658784651112,40.331715853212394,28820
2003-08-05,39.6546630859375,40.62291390403319,39.603702662729035,40.62291390403319,35740
2003-08-06,39.39257049560547,40.40450263990302,39.20692740858133,40.40450263990302,38440
2003-08-07,39.581851959228516,39.6728558691952,39.35253010425891,39.35253010425891,15460
2003-08-08,40.02958297729492,40.331710234776345,39.5308984595368,39.95678316915254,66570
2003-08-11,40.05870056152344,40.222501492948716,39.60369488852628,39.60369488852628,58630
2003-08-12,40.57558059692383,40.914107681111965,40.040496297378716,40.040496297378716,85400
2003-08-13,40.41543197631836,40.677512948427896,39.96770510850381,40.11330472285312,178390
2003-08-14,40.74303436279297,40.91047614296293,40.040505384506694,40.040505384506694,54930
2003-08-15,40.74303436279297,40.74303436279297,40.74303436279297,40.74303436279297,0
2003-08-18,40.9250373840332,41.241722386536416,40.40451069374017,40.40451069374017,527710
2003-08-19,40.761234283447266,41.49652231659152,40.69571334765148,40.76851315314255,52170
2003-08-20,40.812191009521484,41.052432567609614,39.902179637559456,40.76850946389895,127250
2003-08-21,40.848594665527344,41.496522377608116,39.78570195184126,39.78570195184126,90760
2003-08-22,40.56467056274414,41.05971700491421,40.40450766170839,40.62290985039883,66350
2003-08-25,40.02593994140625,41.12523523641122,39.894898081377384,40.08782282546133,161270
2003-08-26,40.67387008666992,40.91411443714943,39.89490052497159,40.76851205296195,79740
2003-08-27,40.52462387084961,40.84130602582704,39.458090516355384,39.458090516355384,218470
2003-08-28,40.528263092041016,40.76850741519065,40.08053907473004,40.331703089452986,136300
2003-08-29,40.790340423583984,41.05970573358858,40.04049209663882,40.04049209663882,216430
2003-09-01,41.43464279174805,41.605725391926015,39.894902167280954,39.894902167280954,159530
2003-09-02,40.68842697143555,41.49651749327769,40.47730367206279,40.47730367206279,53530
2003-09-03,40.6993522644043,41.132518614604,40.051427316553074,40.08054557309154,479970
2003-09-04,40.666587829589844,41.56931753751152,39.905819670713385,41.42371794258718,75370
2003-09-05,40.75395584106445,40.76851635873446,40.04050713804278,40.295309254430954,67890
2003-09-08,41.165287017822266,41.481969283688024,40.47731567928461,40.47731567928461,150660
2003-09-09,41.11430740356445,41.776795486336916,40.914106593679,41.496513241643704,95180
2003-09-10,41.05607604980469,41.42372144548652,40.77943457434749,41.132516676744274,19990
2003-09-11,41.23444366455078,41.80228999346888,40.11330874790256,41.35092503399898,39630
2003-09-12,40.812191009521484,41.332717625369135,40.48822718327375,40.48822718327375,54750
2003-09-15,40.49186325073242,41.350914166060825,40.193379646398604,41.350914166060825,36610
2003-09-16,40.94687271118164,42.2245266472648,40.08418095146488,40.84130828417312,89160
2003-09-17,39.7747802734375,42.80693917053907,39.530897864980446,42.80693917053907,94650
2003-09-18,40.0368537902832,40.25889396277137,38.65727373392625,39.60368758083499,121170
2003-09-19,41.0051155090332,41.42372132142101,38.98852985093926,38.98852985093926,130790
2003-09-22,39.720184326171875,40.986918822808164,39.69470411437559,40.33535023300633,70770
2003-09-23,40.89228439331055,41.13252881498941,39.49450775598542,40.52827971353188,65480
2003-09-24,41.11067581176758,41.41279748533315,40.28802473023714,40.477305879114404,63050
2003-09-25,40.073265075683594,41.714923708160526,39.749298449213796,41.569321322843265,65080
2003-09-26,40.3171501159668,40.826757109401285,40.07690574788144,40.11330565231218,37290
2003-09-29,40.7830696105957,40.98327322147206,39.46901297918544,39.46901297918544,53950
2003-09-30,40.167903900146484,41.31451885552858,40.04050285557836,41.31451885552858,49350
2003-10-01,40.0550651550293,40.768513813509564,39.90946276455413,40.040504638268324,32800
2003-10-02,40.0550651550293,40.0550651550293,40.0550651550293,40.0550651550293,0
2003-10-03,40.49186325073242,40.84130726723537,40.40450294089023,40.40450294089023,47260
2003-10-06,40.197017669677734,40.692064019528296,40.120577056747955,40.26617941443353,26990
2003-10-07,41.4237174987793,41.569317092143706,40.040499144743556,40.1861015152422,130430
2003-10-08,41.238067626953125,41.93331473550454,40.45181939894347,41.496510472958484,51760
2003-10-09,40.67387008666992,41.1325166248634,40.513709963484736,40.62655049209115,33180
2003-10-10,40.59379196166992,41.27812239026628,40.426350178135735,41.27084074303648,39260
2003-10-13,41.161643981933594,41.42372775831536,40.26619293071918,40.550116096087784,80430
2003-10-14,40.55375289916992,41.40916313434026,40.40450968353045,40.55011207565479,75750
2003-10-15,40.41543197631836,40.7321141923762,40.11330472285312,40.11330472285312,63160
2003-10-16,40.82675552368164,41.241720527771115,40.33170906667409,40.68843200422875,181240
2003-10-17,40.655670166015625,41.787724568977,40.40450613111219,40.848592138336194,59120
2003-10-20,41.67850875854492,41.86051098019796,40.11328854147542,40.11328854147542,366240
2003-10-21,40.6993522644043,41.67852549886866,40.113304653122796,40.630193280848985,60920
2003-10-22,40.91775131225586,41.49651719270869,40.779430588048484,40.779430588048484,55370
2003-10-23,41.190765380859375,41.27812571470981,40.33171422944777,40.33171422944777,77510
2003-10-24,40.85586929321289,41.117953009569554,40.3462623755343,40.3462623755343,24800
2003-10-27,40.52462387084961,41.12887270696569,40.135139145604775,41.12887270696569,47100
2003-10-28,40.331703186035156,40.65930504255582,40.26618225930419,40.40450298145437,127810
2003-10-29,40.40814971923828,40.6957136743654,39.971342551381376,39.971342551381376,19710
2003-10-30,41.36184310913086,41.64212541993351,40.40815008886408,40.40815008886408,82740
2003-10-31,41.41644287109375,41.96973141731978,40.69571531955195,41.64212672246683,82560
2003-11-03,41.27811813354492,41.75496322393893,40.86679119865443,41.02695409557706,59810
2003-11-04,40.81583786010742,41.474685302020596,40.63019473521461,41.13252008695046,70240
2003-11-05,40.54647445678711,41.34364546439402,40.404512876957774,40.404512876957774,41240
2003-11-06,40.28438186645508,40.75394805737386,40.113299287926424,40.55738527207291,91090
2003-11-07,40.76850128173828,40.841301066030745,39.894889984559995,40.047771197854416,57440
2003-11-10,40.76850128173828,41.71491236320903,40.2661761049993,40.76850128173828,14330
2003-11-11,40.51370620727539,41.49651734943462,40.44454445634337,41.49651734943462,69960
2003-11-12,40.26982498168945,40.63018870714057,40.18610271358752,40.18610271358752,59620
2003-11-13,40.73938751220703,41.05607246225669,39.90217873521512,41.05607246225669,112160
2003-11-14,39.98954391479492,40.90683424670072,39.89490194513387,40.90683424670072,51830
2003-11-17,39.80026626586914,40.735760862860396,39.763866357057175,40.735760862860396,79830
2003-11-18,39.49449157714844,40.96507021429099,39.31976818049022,40.96507021429099,69090
2003-11-19,38.8465690612793,39.68013987928795,38.730087707246426,39.34889437983333,97030
2003-11-20,39.56002426147461,39.7420265809004,38.58449171826699,38.657291535183305,76370
2003-11-21,39.23969268798828,40.38630483054768,38.95576679832929,39.74929685039939,100950
2003-11-24,38.882965087890625,39.676495100995915,38.584481474362995,39.02128581416246,76720
2003-11-25,39.272457122802734,39.596421003301586,38.6682109147425,38.88297230146509,185140
2003-11-26,39.272457122802734,39.272457122802734,39.272457122802734,39.272457122802734,0
2003-11-27,38.941200256347656,40.03685451210524,38.879317384501,38.89751871924421,120070
2003-11-28,38.70096969604492,39.61098121333072,38.657288143446685,38.94849293983204,75720
2003-12-01,39.47265625,39.67649791943517,38.664565664547055,38.664565664547055,101500
2003-12-02,39.99681854248047,40.18610246172709,39.461734192281774,39.749295339943245,79310
2003-12-03,39.54545974731445,39.822104022489576,39.35253775255598,39.385296833718115,66600
2003-12-04,40.93595886230469,41.31816482070743,39.13777516705858,39.469020701292266,114300
2003-12-05,42.442928314208984,43.60774449492206,40.30986151248365,41.132512540899214,690350
2003-12-08,43.66962432861328,44.69976066758189,42.66133292862946,42.734135506240264,241070
2003-12-09,43.746063232421875,44.40127247789363,43.38933758163523,43.84798405346546,175210
2003-12-10,44.08095932006836,44.26296163169303,41.86053167367435,41.86053167367435,128930
2003-12-11,45.06376266479492,46.51978080870255,40.444544214565006,40.444544214565006,225310
2003-12-12,45.33676528930664,45.57336601192684,44.40855262762957,45.136561687098904,255690
2003-12-15,45.40592956542969,46.501584105513416,44.881764869834655,46.39602244630347,202540
2003-12-16,46.224937438964844,46.665379811539424,45.13656189061423,46.519780220696404,205000
2003-12-17,48.01219940185547,49.067815961924964,46.082976893724556,46.57802331914054,539110
2003-12-18,47.553550720214844,48.4126016177073,47.320588047383076,47.46983123501843,186030
2003-12-19,47.97580337524414,48.14324236683851,45.540611916388336,45.540611916388336,221210
2003-12-22,48.09592056274414,48.70016941853952,47.320589132666115,48.012195521359274,142280
2003-12-23,48.092281341552734,48.7766117009924,47.393393243394065,48.05588421762078,137600
2003-12-24,48.35800552368164,48.485403780549895,47.83019449548804,47.83019449548804,211150
2003-12-25,48.35800552368164,48.35800552368164,48.35800552368164,48.35800552368164,0
2003-12-26,48.40168762207031,48.75477249569961,45.864575350784605,45.864575350784605,253810
2003-12-29,49.162452697753906,50.232626943049674,46.99662677736743,48.631009175268545,210540
2003-12-30,49.85770034790039,50.214423228023136,48.1941969987877,49.50461551349941,176700
2003-12-31,49.87955093383789,50.66215861845049,48.92586063931601,50.378235468871154,131460
2004-01-01,49.83950424194336,50.2326298376196,48.052240499478884,50.01422487748762,161870
2004-01-02,50.50199508666992,52.70786185048818,49.293497271065725,49.293497271065725,657510
2004-01-05,50.993404388427734,51.61585471426567,50.59664069727951,50.96064530661246,196320
2004-01-06,50.19622039794922,51.24819877842084,49.504614041140535,51.03343189332213,101290
2004-01-07,49.38813781738281,50.45103605870396,48.197846862293595,48.933137655228684,68890
2004-01-08,49.38449478149414,50.52746880349485,49.14061240864493,49.224337451081084,77220
2004-01-09,49.20612335205078,50.88782784062327,48.77296268281137,50.88782784062327,82120
2004-01-12,49.162452697753906,49.49369816496803,48.04859968465621,48.04859968465621,63730
2004-01-13,49.28986358642578,50.01422917639666,48.93314063819949,49.213420177528334,174350
2004-01-14,48.769325256347656,50.23262501860654,48.19419743382532,49.890459872550494,121920
2004-01-15,49.50098419189453,50.22899334245498,48.20512879257998,48.20512879257998,120880
2004-01-16,49.4609375,49.50461626639859,48.201479377579716,48.20512297762517,151380
2004-01-19,49.49733352661133,50.0870246313011,47.96851563949772,48.267002014673416,160360
2004-01-20,49.49733352661133,49.85406195854348,48.412601602296334,48.412601602296334,91240
2004-01-21,49.14789581298828,50.232627814956615,48.51088229729809,50.232627814956615,248880
2004-01-22,47.054866790771484,52.416658108901515,46.607142724619926,49.86862611749658,151910
2004-01-23,48.962249755859375,49.14061398393034,47.10582989347206,48.77660943590123,159050
2004-01-26,48.962249755859375,48.962249755859375,48.962249755859375,48.962249755859375,0
2004-01-27,48.90765380859375,49.57742087836036,48.121402611423086,48.78024998852918,66660
2004-01-28,47.60087203979492,50.815038506987264,45.20936498249686,49.275295227922825,59630
2004-01-29,47.33879089355469,49.86862130126903,44.40855327558264,48.179640480827445,322830
2004-01-30,47.81563949584961,48.05588383984115,46.082977002792845,47.39703647117521,58840
2004-02-02,47.81563949584961,47.81563949584961,47.81563949584961,47.81563949584961,0
2004-02-03,47.68458938598633,48.99500780456028,46.23221221205646,48.99500780456028,387860
2004-02-04,48.055870056152344,48.41259286946939,46.44696824265068,46.44696824265068,118590
2004-02-05,47.97943878173828,48.48540488338125,47.32422948177327,47.830195583416234,77040
2004-02-06,47.73554992675781,48.412598519197,46.6653758076506,47.32422306422899,111910
2004-02-09,48.59461212158203,57.22151967950343,47.360636799991276,47.360636799991276,82180
2004-02-10,47.888431549072266,48.67832620871866,47.39702880234624,48.05223246464761,34560
2004-02-11,48.580047607421875,55.183089639609626,47.83747524681705,48.40896503190353,63740
2004-02-12,48.481773376464844,49.86863000845483,47.83020203457666,49.86863000845483,72390
2004-02-13,49.541011810302734,49.606529950469934,48.048591224795246,49.13696661646898,128540
2004-02-16,48.809383392333984,49.213428785995205,48.77662430604883,49.213428785995205,27900
2004-02-17,49.42817687988281,49.60653553994646,48.4271588956411,48.776605678709856,184110
2004-02-18,49.17336654663086,49.610176389820026,46.74181915393271,47.32058497561011,77730
2004-02-19,49.431819915771484,49.650219317252585,48.87853143433563,48.87853143433563,132180
2004-02-20,49.209774017333984,49.6101812278831,48.49268463843047,49.50461680225269,75880
2004-02-23,48.25972366333008,49.570136704192834,47.469834460306224,49.14061400339727,72760
2004-02-24,48.78389358520508,49.14061650538219,46.93838776595388,48.55820697694418,96710
2004-02-25,48.023128509521484,48.416248579477,47.32423480805348,48.05588758963957,62810
2004-02-26,48.736572265625,49.359022532000424,47.53535605872425,49.359022532000424,102850
2004-02-27,48.23059844970703,49.14060974121094,47.83383485963569,48.12139598387294,79220
2004-03-01,47.331512451171875,50.014224278665765,46.59258363935793,48.776610997452835,148720
2004-03-02,47.331512451171875,47.331512451171875,47.331512451171875,47.331512451171875,0
2004-03-03,46.89834213256836,49.35901630067642,46.323217087992894,49.06781156693798,99650
2004-03-04,46.807342529296875,47.68459480491556,45.98105344431107,46.88378592667908,53130
2004-03-05,47.01118850708008,47.32059461666588,46.66538527265824,46.66538527265824,49920
2004-03-08,46.36324691772461,47.105819136522776,46.228567043074904,46.960214017999924,92320
2004-03-09,46.67631149291992,46.73818605100424,45.951937598937754,46.58530757039456,52940
2004-03-10,46.46154022216797,47.46619077376238,45.57336823755749,45.57336823755749,117270
2004-03-11,46.63626480102539,47.284192506149495,46.243141967028045,46.3377839349971,94130
2004-03-12,46.98933792114258,47.29874395697965,46.08296752558275,46.883779063728944,72480
2004-03-15,46.115745544433594,47.218679083097186,45.31857454922197,46.2649859924133,93810
2004-03-16,44.39763641357422,46.11574125743986,43.680549721768216,45.66073553117144,73910
2004-03-17,42.810577392578125,44.626959406242555,40.40086893384098,43.826150468844524,91160
2004-03-18,43.75334930419922,45.86457697418206,40.97235454158625,42.15173137760209,99630
2004-03-19,46.541622161865234,47.320591679651834,43.42574409071884,45.42776912331949,113890
2004-03-22,44.739803314208984,46.59622330036894,43.68418949911701,46.59622330036894,69720
2004-03-23,44.92544174194336,45.718971786997564,43.97175158031929,44.008151480579066,35330
2004-03-24,45.500572204589844,45.59885221861256,44.40855847167968,44.99096524047153,40190
2004-03-25,44.077308654785156,45.13656036108476,43.80794331115827,44.77255584204375,52450
2004-03-26,44.539608001708984,45.31857770964779,43.753356645769806,44.04456146881432,93920
2004-03-29,43.77518844604492,48.04860113283755,43.60774668444419,48.04860113283755,27710
2004-03-30,44.39398956298828,44.696113971824836,43.68054105894821,43.75334084985952,91520
2004-03-31,45.933738708496094,46.59258610774284,43.69147194617093,43.869830635132416,121200
2004-04-01,44.73616027832031,46.297740149503305,44.481355424032984,44.84535997832829,75050
2004-04-02,45.136566162109375,45.50057072793284,44.128274736717536,44.128274736717536,25510
2004-04-05,44.241119384765625,45.35497257126451,43.7533517770138,44.408561167386495,54710
2004-04-06,45.47145080566406,45.78449496208132,44.4085581140371,45.282169648756536,57820
2004-04-07,44.241119384765625,45.711698300941805,44.04455656765382,45.558817035566406,40250
2004-04-08,43.87710952758789,44.76528153319614,43.75334653439827,44.34303491507603,60830
2004-04-09,43.87710952758789,43.87710952758789,43.87710952758789,43.87710952758789,0
2004-04-12,43.78974914550781,44.26295340146369,43.6805466679841,43.97903029246329,50810
2004-04-13,44.77983856201172,45.13656424329298,43.32382036061517,43.684186864997535,42260
2004-04-14,44.77983856201172,44.77983856201172,44.77983856201172,44.77983856201172,0
2004-04-15,44.7106819152832,45.74081551295254,43.41846458336667,44.772562025554215,54550
2004-04-16,44.31754684448242,45.682563687741634,44.04454347583058,44.44494786109317,64420
2004-04-19,44.11370086669922,44.58690776987398,43.75697527824128,44.266582071552506,24190
2004-04-20,44.73251724243164,44.8453577599984,42.30460765189366,43.32381868722341,67070
2004-04-21,44.976402282714844,45.20936497758598,44.26659450570662,44.27023532888303,34810
2004-04-22,45.351322174072266,45.864567075810974,44.412189896007796,44.412189896007796,130090
2004-04-23,45.51148986816406,45.715331521429505,44.881760793420135,44.881760793420135,71240
2004-04-26,45.51148986816406,45.51148986816406,45.51148986816406,45.51148986816406,0
2004-04-27,44.29571533203125,46.810988148361986,43.03261907769371,46.22857863674277,103090
2004-04-28,44.4085578918457,45.136567037613666,43.89895093438123,44.481357695568704,45270
2004-04-29,45.307640075683594,45.8645693216679,43.75334200394384,43.75334200394384,58610
2004-04-30,43.556785583496094,45.016441822672334,42.95253670028123,43.97175054639586,70190
2004-05-03,43.80794906616211,44.26295477473698,43.032620338518925,43.753347825706236,51480
2004-05-04,44.9072380065918,45.19480470155963,44.04454903022519,44.12463047280344,78480
2004-05-05,44.248390197753906,44.77983648333787,44.12462998940461,44.77983648333787,19760
2004-05-06,44.099159240722656,44.98369055779458,43.82615578208484,44.98369055779458,23020
2004-05-07,43.917152404785156,45.13656717215436,43.75334868021841,43.75334868021841,27630
2004-05-10,43.40026092529297,44.76163429994602,42.952534135668586,44.76163429994602,30210
2004-05-11,43.68418884277344,43.89531215804666,42.45021358339311,43.89531215804666,48930
2004-05-12,43.68054962158203,44.03727533209749,42.23909181732597,42.967100977685675,99720
2004-05-13,42.46477127075195,45.50056782286935,41.93696301772611,45.50056782286935,155060
2004-05-14,42.72685241699219,43.46214315179086,42.00612497435823,43.46214315179086,94320
2004-05-17,41.99156951904297,43.534948195491204,38.879329178921985,38.95576980919169,115110
2004-05-18,42.21724319458008,43.17093320862942,40.40449955995143,40.84130384974598,479720
2004-05-19,42.559410095214844,42.95253566441835,42.22452658536041,42.228167408353286,110920
2004-05-20,42.32645034790039,42.73049563697335,42.08620877925763,42.29732931620598,130470
2004-05-21,42.02068328857422,42.66132925355435,41.78772061455705,42.58852945934928,187770
2004-05-24,42.453857421875,42.588537343801185,41.496523565755005,41.496523565755005,15910
2004-05-25,43.600467681884766,43.96447225799285,42.009769461658536,42.01340750788276,50740
2004-05-26,43.40754318237305,44.00815125353087,43.10541873522039,43.32018286677344,19210
2004-05-27,42.442928314208984,43.68054429122041,41.86416243537474,43.032616661908776,77590
2004-05-28,42.08256530761719,42.584893352761995,40.4445448692078,40.4445448692078,56310
2004-05-31,42.1335334777832,43.45851003193321,40.550113984585046,43.45851003193321,76890
2004-06-01,42.76689529418945,42.95253560957554,41.71491962133042,41.71491962133042,62380
2004-06-02,42.5120964050293,43.09450319368009,42.006130247032544,42.006130247032544,27530
2004-06-03,42.042518615722656,42.73412770249032,41.634832586953515,42.30096147049398,81980
2004-06-04,42.097129821777344,42.406533156332266,41.86052629165846,41.86052629165846,29230
2004-06-07,41.8277587890625,42.876090758343004,41.50743582606584,42.85061055420843,44410
2004-06-08,42.15900421142578,42.87973439691663,41.49651608328675,41.86416143320115,54310
2004-06-09,42.428367614746094,42.58489245266088,41.86052143011616,42.297325760272386,30590
2004-06-10,43.782466888427734,44.33575536036563,42.15172805743401,42.5885324071666,209200
2004-06-11,45.151126861572266,45.788134854353245,44.35759679376543,44.35759679376543,207650
2004-06-14,44.07366943359375,45.172961899105864,43.75334366783151,45.172961899105864,65440
2004-06-15,44.099159240722656,44.55416500511902,43.89895559353434,44.55416500511902,31730
2004-06-16,43.82979202270508,44.40855796147349,42.47933261130978,44.0991546294639,78810
2004-06-17,44.40127182006836,45.737167719346765,43.898943813604205,45.052837455962916,339110
2004-06-18,43.80794906616211,44.76892367763594,43.69874936238481,44.044552590047935,74650
2004-06-21,43.946266174316406,44.3539494524187,43.462139504435875,44.26294832396601,99470
2004-06-22,44.0409049987793,44.226545288106585,43.10177275330985,43.10177275330985,109240
2004-06-23,43.93535232543945,44.33575959089131,43.33110615808095,44.1901572013756,68490
2004-06-24,43.746063232421875,44.29934887971596,42.97073460622537,43.93534436048367,144340
2004-06-25,45.83909606933594,46.228580852043365,43.42574674588351,44.18287414842861,2790410
2004-06-28,45.56972885131836,46.58894266522644,45.02736009194206,46.58894266522644,643990
2004-06-29,45.165687561035156,45.624331318164195,44.849002586426046,44.99824579265138,50010
2004-06-30,45.431419372558594,45.675304598116206,45.136576495424926,45.56610209251518,88560
2004-07-01,45.4132080078125,45.78449142337597,45.20936357328134,45.52240770550326,78850
2004-07-02,45.22756576538086,45.573368980298646,44.99096225021558,45.573368980298646,31840
2004-07-05,46.439701080322266,46.956586873973144,44.929081644841226,45.57336847535897,1166280
2004-07-06,46.62898635864258,46.95658824094163,45.84273517600229,46.23950159052014,2596020
2004-07-07,46.108455657958984,47.244153630269814,45.96649410570371,47.244153630269814,22120
2004-07-08,45.60612869262695,46.883785392815255,43.76062580441461,43.76062580441461,55950
2004-07-09,45.38408279418945,46.22857315330622,44.66335263647452,45.267601461109,45420
2004-07-12,44.8890380859375,45.209361069411024,43.75334296376643,43.76062460948977,72340
2004-07-13,44.8926887512207,44.99096877295993,44.408561958440124,44.77256656465684,49750
2004-07-14,44.36487579345703,45.172966379585226,44.12099339915981,45.13656647817488,44790
2004-07-15,44.64516067504883,44.84172347438401,44.08459330890058,44.08459330890058,23260
2004-07-16,44.6888427734375,44.98732920649996,44.1209964956077,44.76528618203889,38280
2004-07-19,45.07831573486328,45.35495993115906,44.41947125878023,45.35495993115906,47510
2004-07-20,45.18388748168945,45.78449277961567,44.845360355130694,45.63161153203934,58090
2004-07-21,45.97377395629883,47.611794366469084,45.646169318837934,45.646169318837934,222890
2004-07-22,46.188541412353516,47.28419320996311,45.973780040954054,46.883791500378045,126990
2004-07-23,45.748085021972656,45.86456634923456,43.680539380223394,43.680539380223394,55480
2004-07-26,45.95921325683594,46.59258036862435,45.36588686597255,45.36588686597255,170770
2004-07-27,45.58064651489258,46.228574117233606,44.2702307961301,44.2702307961301,72360
2004-07-28,45.72989273071289,46.37417955293065,44.302992804783024,44.302992804783024,52960
2004-07-29,45.95193862915039,46.15578308784733,44.55416233763514,44.55416233763514,78880
2004-07-30,45.71533203125,45.82817255097545,44.6633563462854,44.6633563462854,61710
2004-08-02,45.740814208984375,46.0829766059333,45.24576778665999,45.24576778665999,28610
2004-08-03,45.4532356262207,45.89732429361852,45.32219657419007,45.32219657419007,54950
2004-08-04,45.908260345458984,46.082980995194845,44.99096721437443,44.99096721437443,45640
2004-08-05,46.17870330810547,46.530645760407594,46.06385663803052,46.06385663803052,34170
2004-08-06,45.93789291381836,46.30095169822157,45.41923871885862,45.56742603548111,17710
2004-08-09,46.163875579833984,46.38244967020822,45.863798328154836,46.38244967020822,28380
2004-08-10,46.47877883911133,46.60473906001988,46.034219671472535,46.382456649762226,18670
2004-08-11,46.37504959106445,46.54546403668082,46.23427317766962,46.249089367342066,49870
2004-08-12,46.21204376220703,46.519531990492084,45.789711690814364,46.23427369984341,23170
2004-08-13,46.50470733642578,46.60473214504995,45.7156111152573,45.7156111152573,46670
2004-08-16,46.8714599609375,46.9714875833033,46.19721047399249,46.9714875833033,56130
2004-08-17,47.038185119628906,47.13821277649395,45.97494680799102,46.31577571533005,116790
2004-08-18,47.2419319152832,47.34566500847225,46.308356688084054,46.308356688084054,48130
2004-08-19,47.37530517578125,47.41235412616639,46.46395695978088,46.46395695978088,30900
2004-08-20,47.27528381347656,47.40864930414503,46.82331371955236,46.82331371955236,31980
2004-08-23,47.67536926269531,48.01249537815422,46.75290497564405,48.01249537815422,77790
2004-08-24,48.2088508605957,48.257007705003836,46.830713787507825,46.830713787507825,666270
2004-08-25,48.88310241699219,49.39064587337797,47.493851653040856,48.52745738703111,511300
2004-08-26,49.249874114990234,49.62775196283813,48.17922492348508,49.30915017992258,806820
2004-08-27,49.01277542114258,49.40917209231116,48.53486992117917,49.272101138665484,152920
2004-08-30,49.82408905029297,49.93893287015982,48.82753231215719,48.901624552115585,241850
2004-08-31,49.8018684387207,50.33904431457166,49.06093463675351,49.06093463675351,244250
2004-09-01,49.42768478393555,49.79074070190271,49.272089390521046,49.79074070190271,29090
2004-09-02,49.664791107177734,49.93893864488818,48.19774536658159,48.19774536658159,154220
2004-09-03,49.568477630615234,49.790754402566414,48.90163600900793,49.42028746310423,46920
2004-09-06,49.62033462524414,49.790746223793384,49.05722338695439,49.71665397864693,99930
2004-09-07,49.56476593017578,50.01302767932069,49.16095274383858,49.16095274383858,123850
2004-09-08,49.687015533447266,50.01302819280957,48.42743041788983,48.42743041788983,95920
2004-09-09,49.731475830078125,50.01302862284547,49.10538590063568,49.123910375145265,144120
2004-09-10,49.6129264831543,49.8166844083743,48.9016307147396,48.9016307147396,31460
2004-09-13,49.65367126464844,49.99450008700865,49.30543152251123,49.79074218970757,93900
2004-09-14,50.694679260253906,51.07625963991115,48.93496183164763,49.27579063421161,86580
2004-09-15,50.12045669555664,51.03180186081874,49.20169495859148,49.20169495859148,54040
2004-09-16,49.92782211303711,50.23531598400786,49.10539076158363,49.10539076158363,39270
2004-09-17,49.90559768676758,50.08712284665495,49.279507732592016,49.279507732592016,37940
2004-09-20,49.93893051147461,50.383489583103405,49.12390460467594,49.12390460467594,56800
2004-09-21,50.476112365722656,50.49093420652314,49.16466209867867,49.16466209867867,81970
2004-09-22,50.40571594238281,50.490927383280344,49.798150567815604,49.798150567815604,51250
2004-09-23,50.46129608154297,50.753962428720534,49.53512888393858,49.53512888393858,49020
2004-09-24,49.86113739013672,51.717180127686206,49.642563281631745,51.109614653936504,75840
2004-09-27,49.27579879760742,49.86484544642767,48.753444781079736,48.753444781079736,14860
2004-09-28,48.909027099609375,49.509181489274745,47.79021581326904,48.33850507855438,33870
2004-09-29,49.34617233276367,49.420264555737376,48.5311465743044,48.54967104326639,28880
2004-09-30,49.2609748840332,49.62403079497235,48.92384871172353,48.92384871172353,79980
2004-10-01,48.553382873535156,48.90532523898553,48.01250445577991,48.90532523898553,48110
2004-10-04,48.4014892578125,50.29087235896802,48.12734742043617,49.92410816087306,89890
2004-10-05,48.72380065917969,49.32025250111712,48.05695921277832,49.32025250111712,54100
2004-10-06,48.03843307495117,48.779366733519794,47.79392361093348,47.90136215703605,81930
2004-10-07,47.02707290649414,48.668238689796866,46.38616387521734,47.46792945679041,80060
2004-10-08,48.249610900878906,48.531163708733814,47.123388363706745,48.00880402510218,59390
2004-10-11,47.77540969848633,48.753442002129546,47.27157170636097,47.27157170636097,27940
2004-10-12,47.28639221191406,48.08660202728608,47.20859450649256,47.43828498900223,27000
2004-10-13,47.28639221191406,47.28639221191406,47.28639221191406,47.28639221191406,0
2004-10-14,46.03791427612305,47.41975687236441,45.93788947010302,46.68623126461241,79630
2004-10-15,45.99716567993164,46.78996451673331,45.93788962694867,45.93788962694867,65060
2004-10-18,46.61585235595703,46.97520571391141,45.99717328939549,45.99717328939549,29540
2004-10-19,46.51581573486328,47.41975573298334,46.4194963910658,47.41975573298334,16830
2004-10-20,46.91592788696289,47.301213801290245,46.323181413550856,46.45654972337333,50600
2004-10-21,47.68280029296875,48.08660788358793,46.98261520602612,47.049299365428354,44590
2004-10-22,47.68280029296875,47.68280029296875,47.68280029296875,47.68280029296875,0
2004-10-25,47.17153549194336,48.01249666028867,47.049280776933955,47.41974755470509,31990
2004-10-26,48.1681022644043,48.82753281673698,47.64204000652517,47.64204000652517,102620
2004-10-27,48.486698150634766,48.53115235914301,47.64943953789662,48.53115235914301,60850
2004-10-28,49.14242172241211,49.627738008094184,48.17921137605001,49.12019461753165,92850
2004-10-29,48.98684310913086,49.27209855702157,47.56794852622967,47.56794852622967,64670
2004-11-01,49.58698654174805,50.67986253950895,47.82726913171562,47.82726913171562,61140
2004-11-02,49.71294403076172,50.23530360943614,49.090556826774616,49.99820506812561,62420
2004-11-03,50.61688995361328,50.75396088577139,49.34618565763469,49.4202779006154,121090
2004-11-04,50.409423828125,50.75396095512601,49.72406351352213,50.75396095512601,64620
2004-11-05,50.58725357055664,50.90214702668154,49.049812627561025,49.049812627561025,45160
2004-11-08,50.24642562866211,50.75396345428461,50.01302968122936,50.23531207429637,57800
2004-11-09,51.05774688720703,51.38746217636341,49.82779416180294,50.01302759734868,303440
2004-11-10,51.79867935180664,51.86536067357805,50.08711860562309,50.08711860562309,281910
2004-11-11,51.42080307006836,52.08023365135629,51.12442844128285,51.12442844128285,86310
2004-11-12,51.268917083740234,52.087651468215135,50.75396828853368,51.12443521034779,11850
2004-11-15,51.268917083740234,51.268917083740234,51.268917083740234,51.268917083740234,0
2004-11-16,51.25409698486328,52.01354959435569,50.2353130275795,50.2353130275795,98470
2004-11-17,51.53194046020508,51.86535835994023,51.12442466908394,51.12442466908394,159600
2004-11-18,51.861656188964844,52.013543300759395,51.49489197368543,51.49489197368543,64400
2004-11-19,51.68012237548828,51.93944802385835,51.494888961956065,51.494888961956065,63270
2004-11-22,52.40252685546875,52.97304888356359,51.49488434118114,52.272866869356044,104400
2004-11-23,52.71002197265625,53.969606977774106,51.939450260829595,53.969606977774106,123580
2004-11-24,53.28795623779297,53.64360694037204,52.2358316241806,52.2358316241806,75920
2004-11-25,53.7769775390625,54.088168384033736,52.82858316226844,53.495419072099246,98510
2004-11-26,53.7769775390625,53.7769775390625,53.7769775390625,53.7769775390625,0
2004-11-29,54.61793899536133,55.19956909939616,53.19905006432698,53.35093719989095,431340
2004-11-30,55.51447677612305,55.570044559531674,54.23636122895201,54.23636122895201,449340
2004-12-01,56.07017135620117,56.6073472668404,53.59174672365443,55.05879258094671,339730
2004-12-02,57.40382766723633,57.79281892519235,54.53271006037581,54.82908462133633,742610
2004-12-03,57.8484001159668,58.16329922002814,56.69995619825229,57.05189859798938,711880
2004-12-06,58.67455291748047,58.90424060020856,57.422372912153,58.88942441059371,99720
2004-12-07,58.53746795654297,59.53402473896871,58.16329845375475,58.23739069700603,106470
2004-12-08,59.39694595336914,59.71925027798165,57.79282394376451,57.79282394376451,119630
2004-12-09,59.752601623535156,60.38609677377241,58.54487607021937,58.570811463195724,160720
2004-12-10,59.496986389160156,60.01563778790512,59.20061173864463,59.64517088797978,106130
2004-12-13,61.967987060546875,62.53480655203865,59.64516393871818,59.64516393871818,210470
2004-12-14,62.794132232666016,63.57211489315903,61.27521585851323,61.57159047455226,128640
2004-12-15,61.4271125793457,62.97936971381096,60.8306606753528,62.83118522269357,66950
2004-12-16,61.73830795288086,62.90528210472791,60.38610599992273,60.75657290789771,202320
2004-12-17,62.16063690185547,63.27574010280629,61.571590304933196,62.23843177596508,101210
2004-12-20,63.498023986816406,63.72030638652454,57.52609940648811,60.252735998910254,72270
2004-12-21,64.88356018066406,67.05449602390665,62.34956842794239,64.1574427088307,179930
2004-12-22,67.26937866210938,67.42497407778991,64.15745338987031,64.15745338987031,127460
2004-12-23,67.06561279296875,68.09180754093546,66.6840323931712,67.3434629279403,73720
2004-12-24,66.43952178955078,68.23999085970912,65.59485784580987,67.05449810120217,64810
2004-12-27,67.33235931396484,67.57316053866894,65.49854928303185,65.94310843403434,68940
2004-12-28,68.62158966064453,68.89202892155299,67.0545105646699,67.16565176800431,164010
2004-12-29,68.48080444335938,69.79595733380866,66.98041246161867,69.79595733380866,58190
2004-12-30,68.65121459960938,68.90313501006032,68.16590390561109,68.64751196595415,199960
2004-12-31,67.9102783203125,68.53636821004271,67.20639355660283,68.16590135485329,21560
2005-01-03,68.99205017089844,69.98860131579325,66.83222195937981,66.83222195937981,779790
2005-01-04,68.95500946044922,69.94415545609309,68.75866244555793,69.94415545609309,42580
2005-01-05,67.0619125366211,69.94414425332644,66.68403475686036,69.35139501655964,74470
2005-01-06,66.76924133300781,67.9399122282496,64.83169572775945,67.72133815362892,71230
2005-01-07,66.77665710449219,67.38792521350769,66.3135734907301,66.60994813411307,51050
2005-01-10,66.84335327148438,67.3508911730045,64.90951538239239,66.76555272641374,49150
2005-01-11,66.38394927978516,66.68402649455064,65.59485315734632,65.94309286683341,39280
2005-01-12,66.01350402832031,66.79518948700368,65.49855521497096,66.67663735446554,64170
2005-01-13,66.23577880859375,67.20269197027821,64.02038272361693,66.68404058245403,52940
2005-01-14,64.92060852050781,67.42496222526844,64.83169444737351,67.42496222526844,30480
2005-01-17,64.8687515258789,68.16590442438638,64.45753307198633,68.16590442438638,66960
2005-01-18,66.44694519042969,67.05451069659316,64.64647578207462,66.53585928384743,50320
2005-01-19,65.07249450683594,66.68032479774378,64.8316933355966,65.09101897836398,63990
2005-01-20,63.11273193359375,65.79120563985337,62.979363643292935,64.49827996878135,34000
2005-01-24,65.51337432861328,65.56523947569399,63.72031564053523,65.05399892672051,103700
2005-01-25,64.24635314941406,66.31355861589707,62.97935734470671,66.31355861589707,33300
2005-01-27,64.0759506225586,65.19475647020657,63.060869390652954,65.19475647020657,45530
2005-01-28,64.46121978759766,64.83168656798615,63.720286226820676,64.81687038403537,29670
2005-01-31,64.93914031982422,65.20216862993682,63.94628617619114,64.45753226186885,316300
2005-02-01,66.70625305175781,67.49905180079725,65.0502659551632,66.38024044931639,327090
2005-02-02,66.68033599853516,67.41015620690777,66.05794869847139,66.6840386323127,262870
2005-02-03,66.68775939941406,67.49167207206457,66.68405676462972,66.68405676462972,225410
2005-02-04,66.8285140991211,67.42126331365216,66.609940016752,67.42126331365216,73150
2005-02-07,66.68404388427734,67.49165903571735,66.68404388427734,67.49165903571735,27980
2005-02-08,66.72850799560547,67.05452073406197,66.04685013599395,66.68405376868041,26780
2005-02-09,66.01350402832031,67.039699020706,65.27627279290034,66.83223278876424,60140
2005-02-10,66.69145965576172,66.83223324802212,65.65044846609355,65.65044846609355,12520
2005-02-11,66.72481536865234,66.83224831746023,66.4803057781374,66.83224831746023,83910
2005-02-14,69.20692443847656,70.30721164338868,67.05451253718518,67.05451253718518,254080
2005-02-15,68.58452606201172,69.94413865006786,68.16589673509893,69.94413865006786,52320
2005-02-16,69.2476577758789,69.36991250563572,68.17330625189493,68.90682897756072,162710
2005-02-17,68.85497283935547,69.57367947323391,68.53637110432304,68.53637110432304,148470
2005-02-18,68.6141586303711,68.79568374483577,68.53635811497568,68.53635811497568,41360
2005-02-21,68.90684509277344,68.91054772682894,68.3918963152382,68.6104704349174,58460
2005-02-22,68.27705383300781,68.90314382627496,67.72135345832713,68.90314382627496,95970
2005-02-23,68.35114288330078,68.75865873345741,67.79544253465606,67.79544253465606,25360
2005-02-24,68.57713317871094,68.90684851808564,68.16591466305246,68.90684851808564,98250
2005-02-25,68.58821868896484,68.83272811783765,68.18811389250234,68.18811389250234,98510
2005-02-28,68.9105224609375,69.20319437743052,68.31407072985766,68.31407072985766,28930
2005-03-01,68.50303649902344,68.96982276250799,65.05399053108562,66.83222714600372,22070
2005-03-02,68.8253402709961,68.90684344127502,68.31409413976945,68.89943252046523,97020
2005-03-03,68.9105224609375,69.01796099079547,68.3511196683344,68.8253166858902,82740
2005-03-04,68.92536926269531,69.01428335552016,68.28446309560246,68.28446309560246,24240
2005-03-07,68.90684509277344,69.40697768121026,68.01772677208176,68.01772677208176,82230
2005-03-08,68.90684509277344,69.35140425311927,68.2548253677913,68.2548253677913,47960
2005-03-09,68.90684509277344,69.27731200187436,68.35484736317753,69.27731200187436,176300
2005-03-10,68.65862274169922,69.42548619011275,68.56600602818366,69.20320946940075,98050
2005-03-11,68.90684509277344,69.27731200187436,68.90684509277344,68.90684509277344,275830
2005-03-14,68.90684509277344,69.12912749938457,68.90684509277344,68.90684509277344,11310
2005-03-15,68.54376220703125,68.90681805267606,68.31406896956787,68.54376220703125,6820
2005-03-16,68.9105224609375,69.27728660150967,68.34741703563647,68.54376397323968,87700
2005-03-17,68.90684509277344,69.05502959526324,68.5363781836725,68.54378910465992,81920
2005-03-18,68.9512939453125,68.98093197407852,68.53637284834016,68.90683972860145,43970
2005-03-21,66.89521026611328,68.68456620714383,65.94311320041221,68.68456620714383,26880
2005-03-22,64.86505126953125,67.42497902777049,64.53533593886216,67.3508867747988,19460
2005-03-23,63.005287170410156,66.09868728196116,62.97935743331491,66.09868728196116,32250
2005-03-24,63.76106262207031,65.14661095517617,63.34984410962958,63.34984410962958,40110
2005-03-28,62.29771423339844,64.97248565952145,61.86797127979461,64.8317064309225,557560
2005-03-29,63.08679962158203,64.08335064547624,62.37179570046718,63.05345331070994,51360
2005-03-30,63.053462982177734,63.64250962818305,62.28659946624793,62.28659946624793,28930
2005-03-31,62.91640090942383,64.0907804273485,62.238445732916475,63.26834337079054,62580
2005-04-01,63.66474533081055,65.20218085691083,63.06459070229821,64.46124698353685,62330
2005-04-04,63.28316116333008,63.72030940985417,62.84600726392948,63.57212490493534,50850
2005-04-05,62.84600067138672,64.22784053722377,62.31252746503785,64.22784053722377,11050
2005-04-06,62.15321731567383,62.97936243414491,61.93094060469028,62.75708007028603,19910
2005-04-07,63.175716400146484,63.53506972487292,62.57185357868073,62.97936940657957,43020
2005-04-08,62.58667755126953,63.8536736417896,61.8679708773361,63.8536736417896,111500
2005-04-11,62.620018005371094,62.97566870726889,61.53825536420966,62.01615516535631,25620
2005-04-12,62.95343017578125,63.71288264067817,62.608893090874865,62.608893090874865,1130
2005-04-13,62.9793815612793,63.64622320250355,62.9793815612793,63.21277754892704,23370
2005-04-15,62.33106231689453,63.71290241279342,61.64940450768253,63.71290241279342,14660
2005-04-18,61.649410247802734,62.238451377362196,61.49751743239359,61.57531798388135,43020
2005-04-19,61.51973342895508,63.27574859623427,60.16382319800063,60.16382319800063,22850
2005-04-20,61.51973342895508,61.867973224619746,61.4975063190831,61.867973224619746,3300
2005-04-21,61.83832931518555,62.523689633548905,61.53454942101997,62.238434213474406,24220
2005-04-22,61.58641052246094,62.59778342937352,61.49749644437367,62.31252237510955,51300
2005-04-25,62.2791862487793,62.57926351146185,61.608642113081075,61.660507249188235,36360
2005-04-26,63.39799880981445,64.09077006459819,62.60890254865372,63.72030318561207,34560
2005-04-27,63.34243392944336,63.712900858395564,61.645694716497026,61.645694716497026,261250
2005-04-28,63.053462982177734,63.42022723502526,62.23843696205932,62.23843696205932,20550
2005-04-29,63.20534133911133,63.72028996797005,62.97935636369132,63.349823165830685,14970
2005-05-02,63.294281005859375,63.572131219839655,62.97938183553089,63.05347409535021,7800
2005-05-03,62.42738723754883,63.672156486012064,62.23845111740684,62.97938505928073,6480
2005-05-04,63.038665771484375,63.57213915336197,62.979389695080684,62.979389695080684,9630
2005-05-05,63.29054641723633,63.86106845179868,63.053447892617804,63.053447892617804,1960
2005-05-06,63.83885192871094,64.09076667973652,62.97936610147519,62.98306873503416,46690
2005-05-09,63.772159576416016,64.09076127476395,63.13125354647343,63.13125354647343,26460
2005-05-10,63.89073181152344,64.75762310599129,63.57583264717412,63.72031452958542,86630
2005-05-11,64.09077453613281,64.75391346139489,63.720307631299676,63.720307631299676,69500
2005-05-12,64.13521575927734,65.20216203790864,64.0907615486261,64.0907615486261,44660
2005-05-13,63.67212677001953,64.33526550411894,62.983058299552255,64.20189723070996,49910
2005-05-16,64.26487731933594,64.53531650503844,63.646198431369356,63.646198431369356,11670
2005-05-17,64.46492767333984,64.82428093182881,61.64938330468522,63.96109258484113,39650
2005-05-18,63.94630432128906,64.38716092283106,63.516561276687,63.7203192420481,19460
2005-05-19,62.92749786376953,64.23524536079725,62.8311785201058,63.22016418101247,14360
2005-05-20,62.61631774902344,63.49432250331409,62.23843992382342,63.49432250331409,15440
2005-05-23,62.59409713745117,63.71661152180992,62.46072881193939,63.498031729389965,8820
2005-05-24,62.086517333984375,63.349810227968625,61.53452552936927,63.275718013247484,12590
2005-05-25,63.05718231201172,64.14635040117652,62.9423328086119,62.97938176491856,38150
2005-05-26,63.39430236816406,64.75762367705978,63.09052241013084,64.75762367705978,57930
2005-05-27,63.36464309692383,64.09076055931172,62.2384264391004,62.98306272039031,42470
2005-05-30,63.73513412475586,64.31306733815042,62.727469181339366,62.97938400397417,61310
2005-05-31,64.17227172851562,64.45753280146484,63.764755910016746,64.45753280146484,36000
2005-06-01,64.21673583984375,64.81689610619742,64.09077844121616,64.31306085881037,22910
2005-06-02,64.23894500732422,65.19475009139394,64.09076053890455,64.46122736282885,91480
2005-06-03,64.53533172607422,64.82800373759046,63.86478755320642,64.82800373759046,47920
2005-06-06,64.839111328125,64.97247962365104,64.16485893050013,64.97247962365104,23500
2005-06-07,64.70201873779297,65.01691775158568,64.29080039940301,64.83168436767802,27350
2005-06-08,64.98358154296875,65.05026285235576,64.75389394013621,64.75389394013621,26670
2005-06-09,64.9798812866211,65.09102246887423,64.83169681220049,64.9798812866211,7930
2005-06-10,65.96532440185547,66.5358464991276,64.61682533495134,64.61682533495134,33630
2005-06-13,65.61338806152344,66.68403709769925,65.3503540945949,66.68403709769925,18840
2005-06-14,65.57263946533203,66.135750720382,65.57263946533203,65.58375301979098,19180
2005-06-15,67.11747741699219,67.35087333752055,65.86530332882715,65.86900596223022,136800
2005-06-16,66.83222961425781,67.41756802188873,66.55437942630573,67.41756802188873,40580
2005-06-17,66.7544174194336,67.77320117777855,66.42470217466605,67.77320117777855,48500
2005-06-20,67.0619125366211,67.20268609937456,65.57263417757936,66.31356789710003,41360
2005-06-21,66.95448303222656,67.05450501936708,66.68403814080705,66.7062652490605,42410
2005-06-22,66.79518127441406,67.27678936110127,66.68404007704376,66.68404007704376,226500
2005-06-23,66.76554107666016,67.05450478871293,66.68403791142723,66.98041254383098,131070
2005-06-24,67.02116394042969,67.42126884513287,66.68403772634517,66.68774036007241,19030
2005-06-27,67.23604583740234,67.79544887229657,66.69145899259145,67.33977047373935,69860
2005-06-28,66.93222045898438,68.01769086918412,66.83219286352094,68.01769086918412,22940
2005-06-29,67.23231506347656,67.35086715599917,66.90630811478918,67.12858480895672,12930
2005-06-30,67.1471176147461,67.79543461240571,66.928543526511,67.79543461240571,18150
2005-07-01,67.154541015625,67.4990782240553,67.1286112682121,67.42498596346208,4360
2005-07-04,68.06216430664062,68.23998679661004,67.12858634176989,67.98066115438901,12840
2005-07-05,68.54006958007812,69.27730064335002,65.94309900810858,65.94309900810858,79290
2005-07-06,68.9290771484375,70.75918471516435,68.6178862791555,70.75918471516435,38440
2005-07-07,69.36993408203125,70.75918509836032,68.75866589599721,69.27731734760931,45640
2005-07-08,70.33271789550781,70.72761426788327,69.20068698414076,70.32895905453435,28720
2005-07-11,70.32894897460938,70.8554735698533,70.32894897460938,70.68247509085359,59060
2005-07-12,70.76143646240234,70.96828741782943,70.32893461452558,70.66741382254335,311430
2005-07-13,71.04729461669922,71.44970867649717,68.0761746810221,68.0761746810221,31210
2005-07-14,72.06649780273438,72.43507081908206,70.70505131068558,71.22781715199895,52450
2005-07-15,72.75851440429688,72.92398950330019,68.53125257654189,68.53125257654189,43270
2005-07-18,73.41667175292969,73.70625747459287,71.84085072273224,72.88638246205718,71380
2005-07-19,73.6423110961914,74.0898598990509,72.25830022422103,72.25830022422103,24370
2005-07-20,75.157958984375,75.36856884381963,72.81115684920535,74.30799612627679,185450
2005-07-21,78.587890625,79.73120347049813,75.21435764170519,75.44377312652156,123120
2005-07-22,77.10609436035156,78.97902389151805,76.35014860177307,77.09857094172001,38800
2005-07-25,74.51483917236328,78.82483462558542,73.71376428533142,77.47467062641975,63350
2005-07-26,75.28582000732422,75.97030771257191,74.91725279456111,75.97030771257191,45270
2005-07-27,75.60550689697266,75.9703153058035,75.21813396614208,75.59422463597278,38350
2005-07-28,75.60550689697266,75.60550689697266,75.60550689697266,75.60550689697266,0
2005-07-29,75.61302947998047,75.89509747923032,75.21813313329305,75.59422379895952,118180
2005-08-01,75.86502075195312,76.34641641607264,75.21814425228833,75.97032569481121,49410
2005-08-02,75.80106353759766,76.00039110165636,75.36855589320275,75.97030316423597,31030
2005-08-03,75.22566986083984,76.7225093681502,72.811168048779,76.7225093681502,61830
2005-08-04,76.82779693603516,77.47467330818884,75.36856338880177,75.89509373799247,71350
2005-08-05,77.79058074951172,79.35511907152436,75.82738729727286,76.94814145203361,213750
2005-08-08,79.03923034667969,79.72371250114284,77.85454108669042,77.85454108669042,124000
2005-08-09,79.28742980957031,79.8816479582108,77.85076084045656,78.97903273669506,124110
2005-08-10,80.29910278320312,80.7090459029097,78.3020625944244,78.3020625944244,99980
2005-08-11,80.86700439453125,81.08513763650302,80.11482317615436,80.25773370533862,21290
2005-08-12,79.03168487548828,81.9125404828322,77.65895636943397,80.8594855695379,27560
2005-08-16,83.52222442626953,85.74868071045988,78.60295731792155,79.05426501602834,280080
2005-08-17,83.2476577758789,85.59822405892623,82.81515013658587,85.59822405892623,17360
2005-08-18,82.4578628540039,85.2973479905565,81.23556842173247,85.21836644067973,14430
2005-08-19,82.52932739257812,84.24429971866086,82.36384659994076,82.73993722368478,17600
2005-08-22,82.71361541748047,84.62039780253448,80.93470821717538,83.49212583183402,26180
2005-08-23,78.7608871459961,86.95213937068698,77.47089923457007,86.95213937068698,41310
2005-08-24,79.12195587158203,80.09978815653498,78.22685825326543,78.75338288834101,47720
2005-08-25,81.56279754638672,82.36387266485009,79.35514672275511,80.25776220990788,64280
2005-08-26,84.53013610839844,87.63664868541198,81.61543344399628,81.61543344399628,24920
2005-08-29,86.40682983398438,86.87694316278734,81.38978176628432,84.99648984757549,35630
2005-08-30,86.34667205810547,86.5008706395745,85.45157999466556,85.45157999466556,14860
2005-08-31,86.6587905883789,86.87692381300202,84.99647091661669,84.99647091661669,45660
2005-09-01,89.5359115600586,90.1113298453345,86.50085699694324,87.85478574976206,42210
2005-09-02,91.35242462158203,91.76612666843147,88.45652750970117,88.8326181927685,75200
2005-09-05,89.12973022460938,90.86350844821371,88.38883114332519,90.86350844821371,13150
2005-09-06,91.56305694580078,93.27050643371724,89.13726700606908,90.26178041972636,35620
2005-09-08,90.408447265625,91.76613498407632,89.88568139833704,89.88568139833704,34440
2005-09-09,90.49118041992188,91.0139462452541,90.03610816367268,90.56263856863517,19980
2005-09-12,90.32569122314453,92.50701815298798,89.88566584884505,90.26175650093226,58920
2005-09-13,90.40091705322266,90.92744746088823,88.53926929093191,88.53926929093191,22200
2005-09-14,90.26176452636719,90.91616438511119,90.25800568543977,90.29937589039523,103530
2005-09-15,90.2880859375,93.64657271858007,90.2617568371856,93.64657271858007,31450
2005-09-16,91.04402923583984,92.14221329338785,90.26175996086974,90.26175996086974,22370
2005-09-19,86.96719360351562,96.27919492139156,84.6203861613793,95.00048915931671,195310
2005-09-20,90.2918472290039,90.91615910802597,87.25303397769005,89.1297284554655,125020
2005-09-21,90.47235870361328,91.01393011504986,90.24294319567662,90.33696585075414,106300
2005-09-22,90.33697509765625,90.70930691580269,90.2617581136325,90.41219208168,83050
2005-09-23,90.23919677734375,90.76948600226336,89.88567062739735,90.26552014027155,115530
2005-09-26,91.33362579345703,91.46525409092459,90.26176503815357,91.08916340326562,21000
2005-09-27,91.70217895507812,91.76611367350321,91.01393241388433,91.39002304369377,22820
2005-09-28,91.31105041503906,91.76612264662916,91.01394131346007,91.09668171920372,10520
2005-09-29,99.19764709472656,109.5739839871267,92.22116624772673,92.22116624772673,1742860
2005-09-30,94.58303833007812,100.4162021652081,93.36826141547525,100.4162021652081,205980
2005-10-03,93.56383514404297,101.31882281701523,91.39003156026425,93.94744922902984,340310
2005-10-04,95.85047149658203,99.28794010239783,94.92528589333226,94.92528589333226,108180
2005-10-05,93.85717010498047,98.53573813139384,92.18356806689843,92.18356806689843,94710
2005-10-06,93.82711029052734,95.5232830937079,92.89440692098758,94.24833579506863,45060
2005-10-07,92.24376678466797,95.30138024647191,91.76612999303534,95.30138024647191,34040
2005-10-10,94.55670928955078,96.27168171278369,91.76611739193052,94.01513784249032,71050
2005-10-11,93.83086395263672,96.31682352753334,92.69130967399988,96.31682352753334,40500
2005-10-13,91.86013793945312,94.77484037151356,91.23959068487663,93.79700242141176,22750
2005-10-14,90.27679443359375,92.66497228600608,88.75739077750983,89.58478903532534,42720
2005-10-17,90.306884765625,94.39875286149962,90.26175572414306,94.02266221264901,29540
2005-10-18,92.46187591552734,93.64655900505623,90.72433344854798,91.69088904104147,48040
2005-10-19,88.47156524658203,92.8793480576464,87.55390315613897,87.55390315613897,27770
2005-10-20,85.74115753173828,92.43557324508076,82.74371414635836,87.40347776331882,38900
2005-10-21,88.37753295898438,89.43434663634952,84.62038576508712,84.62038576508712,17070
2005-10-24,89.38546752929688,89.60360080331583,87.2718398315128,89.60360080331583,12960
2005-10-25,88.22711944580078,91.00642959982714,86.87695515637023,86.87695515637023,21480
2005-10-26,85.88780975341797,89.71641510204967,85.14691080138651,89.69760942403465,14720
2005-10-27,87.28688049316406,87.92999805114158,86.27519569272351,86.27519569272351,31500
2005-10-28,87.17782592773438,89.43060556141097,86.67762460510815,87.2530429204453,315470
2005-10-31,90.75443267822266,92.14220807724966,86.88069788478847,87.25302968947723,54850
2005-11-02,91.89775848388672,92.13845628569005,87.94880640703663,90.26176175657352,33170
2005-11-04,91.89775848388672,91.89775848388672,91.89775848388672,91.89775848388672,0
2005-11-07,93.06363677978516,93.64657847627068,92.06699878223992,92.44308945885145,152730
2005-11-08,94.51533508300781,94.77483853528253,93.04481934590949,94.01889843670244,37800
2005-11-09,93.5450210571289,95.00049570164502,92.8943858722248,94.74475108840555,102470
2005-11-10,93.11253356933594,95.89936695504647,90.33698244521219,94.7748537278242,45860
2005-11-11,94.451416015625,97.2570550986992,87.01234259827861,87.01234259827861,28290
2005-11-14,92.52957916259766,95.00049740761413,91.16436831094813,94.96288604835752,34940
2005-11-16,92.69129943847656,94.01889890677135,91.48404598798056,93.86470037078101,37080
2005-11-17,94.36491394042969,95.15094208471386,92.14597548417395,93.2704886838302,179230
2005-11-18,93.2328872680664,94.39877079648664,93.12006464292617,93.16895253425727,112520
2005-11-21,91.67962646484375,94.62065259173063,91.39003503506041,94.62065259173063,53120
2005-11-22,92.34154510498047,93.2704895527664,91.02146887118971,92.95833359666896,61260
2005-11-23,91.9804916381836,93.27047979366289,91.39002657201647,93.27047979366289,5450
2005-11-24,90.54759216308594,92.44309244816796,89.35914994796616,92.44309244816796,33730
2005-11-25,91.28096008300781,92.42803192299115,88.16316552100234,88.16316552100234,21150
2005-11-28,94.34609985351562,94.77484296117342,91.84133476939952,92.06699145287746,79670
2005-11-29,94.8500747680664,97.78358341835481,93.27425379401888,97.78358341835481,1201780
2005-11-30,93.92486572265625,97.47892063945032,93.27046603214853,97.47892063945032,44740
2005-12-01,94.79367065429688,95.15095570386605,94.02268350184393,94.06029487072033,51170
2005-12-02,95.18102264404297,96.84334263282602,94.02266275031653,95.15093470332032,69090
2005-12-05,95.06066131591797,96.12499843979792,94.8500514907394,95.00049117921505,59000
2005-12-06,95.31266021728516,95.45181767402487,94.69963629871921,94.69963629871921,22770
2005-12-07,95.88055419921875,96.05355268991238,94.77484673577791,94.77484673577791,40610
2005-12-08,97.1178970336914,97.7835733821684,95.39163651142628,95.39163651142628,43630
2005-12-09,100.51022338867188,103.04883520484975,94.88766947687473,94.88766947687473,80430
2005-12-12,98.05435180664062,104.37643452665341,97.78356608761068,100.79229119799871,32450
2005-12-13,99.29545593261719,101.16839162693421,98.59593278589884,101.16839162693421,23020
2005-12-14,98.02802276611328,99.66401934134248,96.58007151039605,96.58007151039605,49870
2005-12-15,96.59136962890625,98.74260889641005,95.90312869654181,98.74260889641005,24090
2005-12-16,97.6256103515625,98.38532084490386,96.09116547927754,98.15214646759658,44870
2005-12-19,98.37405395507812,100.16800258625453,94.1731154955824,94.1731154955824,72740
2005-12-20,97.5503921508789,99.17885957389167,96.27920394984848,99.17885957389167,23380
2005-12-21,97.67826843261719,100.7922986943783,92.14221335866674,100.7922986943783,43790
2005-12-22,98.3514633178711,98.53574405192573,95.9933734850631,95.9933734850631,21480
2005-12-23,98.52069854736328,98.73883754081571,98.15965475503282,98.23487747223197,61540
2005-12-26,98.2236099243164,98.83662810406894,95.19231416195409,95.19231416195409,31410
2005-12-27,99.34432220458984,99.63391929027557,96.354409046435,96.354409046435,363520
2005-12-28,99.5361557006836,99.84455279722162,98.91184382624421,98.91936150760753,58810
2005-12-29,100.89009857177734,101.6949267311928,99.55121654864011,99.55121654864011,234690
2005-12-30,102.31546020507812,102.89840761873722,100.79229761196716,100.79606219135484,50230
2006-01-02,103.522705078125,104.54942509886497,101.17589186491666,101.17589186491666,19090
2006-01-03,105.39189147949219,106.05005014508248,101.88295913790014,104.47046475671529,51410
2006-01-04,105.32417297363281,106.73075968948332,103.65057661005808,103.65057661005808,17570
2006-01-05,105.31291198730469,106.35469055506044,105.30539430528151,105.30539430528151,109950
2006-01-06,109.79589080810547,116.43765218900724,105.3805908318017,105.3805908318017,209960
2006-01-09,113.8388900756836,114.33156795360934,108.41942194112367,108.41942194112367,46480
2006-01-10,114.43309020996094,114.92576800997443,112.82718737484728,114.33154987317857,30350
2006-01-12,113.01145935058594,115.68546945238894,112.82717863158074,112.82717863158074,43370
2006-01-13,113.53800201416016,113.85766985710137,112.30441377061132,112.30441377061132,17890
2006-01-16,113.20706939697266,114.3240592756914,111.98100999762153,112.82721410339701,21750
2006-01-17,112.26680755615234,114.33154125674636,112.07499767931058,113.57936006426777,10790
2006-01-18,114.16983795166016,114.70764481046369,111.47326302197224,111.47326302197224,32480
2006-01-19,112.26307678222656,118.00974236411109,112.07503142748246,118.00974236411109,7660
2006-01-20,114.72270202636719,115.38461380577411,113.69597035793063,115.38461380577411,146270
2006-01-23,113.65460205078125,114.25633792492184,112.91370299143516,112.91745609341967,5390
2006-01-24,111.85688781738281,113.95546862518738,111.69892469201535,112.82719665860137,6910
2006-01-25,111.39427947998047,114.98970481875635,110.21334944710918,113.95545563395969,12090
2006-01-27,112.01103973388672,112.82716125030778,110.14186930341172,111.69512505967054,66370
2006-01-30,110.1344223022461,111.92461808235144,108.31414430987951,111.92085350180139,40710
2006-01-31,110.80760192871094,112.81968941745914,110.19833684675444,112.81968941745914,188500
2006-02-01,111.82305145263672,112.67302017331106,110.1945836453979,110.1945836453979,64540
2006-02-02,112.54889678955078,112.81968252915138,109.29195023285172,111.77038635352702,68800
2006-02-03,113.8163070678711,113.95545876199255,111.47702293385994,112.82342231407216,62530
2006-02-06,114.65121459960938,114.85805982583979,112.49621146331766,113.57935416056641,34850
2006-02-07,114.37290954589844,115.82838984311283,112.10133053220049,115.82838984311283,38740
2006-02-08,114.40678405761719,114.7076519964936,111.79671394317901,111.79671394317901,62850
2006-02-10,115.90360260009766,116.58809027174686,112.82718413394858,112.82718413394858,47360
2006-02-13,114.35034942626953,116.50911740868041,112.89488055044221,112.89488055044221,21070
2006-02-14,114.70013427734375,115.4560687036691,112.82719864793265,112.82719864793265,74950
2006-02-15,114.39173889160156,115.38085918426351,112.82720033631945,112.82720033631945,13700
2006-02-16,114.33158111572266,114.69638958035151,112.82721820630525,113.57939966101395,16070
2006-02-17,115.01978302001953,115.83590467115643,111.89447105568573,115.0724412131006,22880
2006-02-20,111.92835998535156,113.57940384844922,110.57067791868897,112.90619820799935,17990
2006-02-21,114.24503326416016,114.63240610893949,111.32281354057466,112.81965820584642,55330
2006-02-22,114.06451416015625,116.88894658505245,109.99144678933897,116.54671426052676,62210
2006-02-23,114.40300750732422,115.00475479948751,113.3386646171018,114.70763999370767,42330
2006-02-24,113.0528335571289,114.24503429912565,111.3980372579554,111.3980372579554,16330
2006-02-27,116.11420440673828,117.34026339574838,109.56271279447171,109.56271279447171,40190
2006-02-28,114.3089599609375,115.30936217738028,113.65456609229253,115.08370555728366,25580
2006-03-01,120.95452117919922,121.8533834365294,114.40679237302562,114.4820036245232,84330
2006-03-02,125.90009307861328,127.72037020749498,122.49271315674757,122.49271315674757,64790
2006-03-03,126.29500579833984,127.34430197153327,121.1011946121993,121.1011946121993,21600
2006-03-06,130.6840057373047,133.02329044293452,126.4417029325876,127.87084305816897,398190
2006-03-07,129.4391632080078,131.63176731059164,123.55333357350224,123.55333357350224,54380
2006-03-08,124.62892150878906,131.6317275796461,124.11367915435744,124.48600522532247,87520
2006-03-09,127.870849609375,129.37144796585335,124.10617768782026,124.86212373621323,878000
2006-03-10,127.93098449707031,130.5749010515339,125.11030489512302,125.11030489512302,33470
2006-03-13,131.5489959716797,133.512189756204,126.36646692418182,126.36646692418182,49280
2006-03-14,132.2296905517578,132.38388907256473,129.45790471068085,132.00779847860858,35410
2006-03-16,131.72573852539062,132.3838971047466,129.75126278732267,131.1804025401172,23420
2006-03-17,128.57411193847656,132.0078214964013,127.61508534761553,131.7257535017509,61760
2006-03-20,131.4474334716797,132.38389542279126,129.7512611388153,131.48128024947442,31720
2006-03-21,133.1624298095703,135.76873546715328,130.2138802559345,131.63173798754474,61340
2006-03-22,128.2205810546875,135.39263242112094,127.12615589866502,135.39263242112094,34500
2006-03-23,130.4056854248047,133.28654155922024,128.62301918257882,128.62301918257882,59330
2006-03-24,131.57907104492188,132.3839105557364,128.6982267278055,131.4060725572927,102740
2006-03-27,131.66180419921875,132.38013868798143,128.69821964207588,128.69821964207588,37800
2006-03-28,130.28907775878906,131.89499213831925,129.2999575384638,129.82649361676087,32440
2006-03-29,128.90509033203125,130.8795665515591,128.62302230067013,130.8795665515591,12650
2006-03-30,131.9777374267578,132.38391028326333,129.08183479836106,130.50345701219425,51630
2006-03-31,134.1327362060547,135.01655158292238,125.72710737052837,128.62301014306254,53850
2006-04-03,142.85427856445312,146.6753611448977,129.3751903431918,129.3751903431918,75450
2006-04-04,141.28970336914062,144.26834575015752,138.40133053003984,141.41005510677985,35390
2006-04-05,138.89781188964844,147.42754570819503,137.6491880846923,137.6491880846923,53910
2006-04-07,141.6319580078125,144.41879073761228,139.30395627018032,142.81664110510712,123360
2006-04-10,139.6913299560547,142.53833857611582,135.76870772025808,135.76870772025808,25740
2006-04-12,135.88905334472656,140.2742709565991,132.83519962151357,139.90569805031092,41950
2006-04-13,132.70362854003906,139.52215593632886,131.631767565813,139.52215593632886,17130
2006-04-17,135.87026977539062,136.1974782934019,134.03871008181181,135.3926387649364,17020
2006-04-18,135.7837677001953,138.29228583835683,135.392630221446,136.74655881913554,9110
2006-04-19,134.49754333496094,137.47618648622299,133.51218761765594,135.4039232253688,44820
2006-04-20,135.85147094726562,136.9985428885916,134.49002457156683,134.49002457156683,17160
2006-04-21,135.20458984375,136.8969977833797,130.1800242254565,136.14481647687762,143320
2006-04-24,131.41734313964844,137.56642709774675,130.87953630537737,130.87953630537737,42500
2006-04-25,125.56161499023438,135.3775829450687,124.86209191215588,135.3775829450687,44560
2006-04-26,129.7512969970703,130.79682872827044,125.99415441765518,130.79682872827044,65450
2006-04-27,130.36428833007812,139.1460062578637,129.3751682019219,131.55648912135337,22160
2006-04-28,129.78890991210938,130.87580612588408,126.07689633795327,126.07689633795327,44920
2006-05-02,135.33248901367188,138.38259084971284,130.13115918680936,138.38259084971284,52760
2006-05-03,132.14700317382812,135.3926681380742,131.04882462626247,131.04882462626247,14380
2006-05-04,132.68478393554688,133.51218800143593,130.1273719675967,132.3839159901562,76440
2006-05-05,133.252685546875,134.4787448146684,132.38768158918276,133.51218902965797,26100
2006-05-08,134.3358154296875,139.90571684055283,132.87658192303502,139.90571684055283,7250
2006-05-09,132.96311950683594,134.6404809440371,132.8352500362974,134.49004694795516,27330
2006-05-10,131.51513671875,134.6630135367515,130.96980070021877,134.6630135367515,12200
2006-05-11,128.05137634277344,132.38393743609868,127.19388993438476,132.38393743609868,15010
2006-05-12,125.74967193603516,129.739999945464,124.2641206638642,127.87082884124835,17620
2006-05-15,124.17008972167969,128.61923703749997,122.98164189670776,124.33932362685522,14040
2006-05-16,118.18648529052734,124.85832966567152,113.65459760542079,124.10991295425306,30280
2006-05-17,121.1575698852539,131.63169412775096,118.93487332998342,131.63169412775096,39460
2006-05-18,114.72644805908203,120.34900786104032,112.0750135705938,120.34900786104032,42820
2006-05-19,112.95130920410156,120.04814999741635,112.0750229671891,120.04814999741635,56320
2006-05-22,110.64586639404297,112.82718742667535,90.63784056609587,112.45109680191977,55380
2006-05-23,112.01862335205078,112.82721610533005,101.92058521514815,101.92058521514815,19870
2006-05-24,111.46573638916016,114.69258876020604,109.21671041836333,112.82718255561802,7060
2006-05-25,108.73908996582031,112.81591117810785,108.3141057008224,112.81591117810785,21580
2006-05-26,110.43901062011719,116.31730897231778,109.22424523715996,109.22424523715996,7980
2006-05-29,111.27391815185547,115.50870175859797,109.54766376564282,115.50870175859797,8690
2006-05-30,109.32958221435547,114.22627949514703,109.06631410659504,109.81849558319226,3180
2006-05-31,109.50633239746094,126.06560519147119,107.18584776595554,107.18584776595554,18450
2006-06-01,108.73908996582031,112.82719343835666,107.18959834564697,112.82719343835666,29000
2006-06-02,109.25810241699219,110.94298124535237,105.30538586756016,105.30538586756016,94510
2006-06-05,103.84991455078125,110.47663006502488,103.42869485295603,108.08845210686745,13470
2006-06-06,100.32218170166016,105.29786517339538,99.16006296101413,103.84991386366943,195020
2006-06-07,95.75643920898438,111.69892139701012,85.03785584260461,111.69892139701012,37040
2006-06-08,94.06404876708984,97.03140427286358,85.75244168700078,97.03140427286358,31880
2006-06-09,93.98883056640625,97.03140302826297,87.2530445835543,87.2530445835543,18610
2006-06-12,92.75525665283203,96.64779792308877,87.17783055394737,87.17783055394737,7030
2006-06-13,91.88646697998047,95.5270215833916,88.38129949644498,91.01393394953058,40150
2006-06-14,90.2128677368164,96.20023055176031,88.68218168452745,88.68218168452745,15380
2006-06-15,92.5408706665039,94.57176375678405,88.53174268963798,90.26176209187422,23140
2006-06-16,96.71170806884766,101.54071062342298,92.14220898020255,93.93616298228238,23720
2006-06-19,99.62265014648438,100.0777165844151,96.27919901529,97.78356149990391,7130
2006-06-20,97.1103744506836,104.77510459657725,94.10165465079969,104.77510459657725,7170
2006-06-21,98.47180938720703,108.61497463021796,97.33225518203565,108.61497463021796,10080
2006-06-22,96.13628387451172,108.69019079276937,94.02265639512922,105.21511708516542,73020
2006-06-23,96.17390441894531,99.6640252986091,91.77364482708396,96.27920934507144,11290
2006-06-26,93.66537475585938,97.78356610364054,92.60103755924261,97.78356610364054,9550
2006-06-27,93.35699462890625,96.20400403659914,91.2772134774642,94.02267678739386,353490
2006-06-28,91.02897644042969,93.63528757291365,87.71185996299019,87.71185996299019,8070
2006-06-29,90.32947540283203,93.26674904009083,89.88569106344958,93.26674904009083,60070
2006-06-30,90.16022491455078,93.94369656468793,89.50958958865937,92.9696229964496,44840
2006-07-03,90.28430938720703,93.87221695942175,89.8856542655581,93.87221695942175,19210
2006-07-04,90.76948547363281,91.74731777213611,89.96088709015456,91.74731777213611,17560
2006-07-05,90.4272232055664,92.96959355131212,85.50795755469271,91.39001420658994,109890
2006-07-06,89.65623474121094,92.28511000838661,88.8401188566475,90.26174081539502,10310
2006-07-07,88.58439636230469,91.01018584254494,87.25303787832213,90.26176332240222,83240
2006-07-10,86.47828674316406,90.10755929421838,86.12476060676282,88.38130455279153,21470
2006-07-11,85.09051513671875,88.00521786515884,84.62792521374743,88.00521786515884,28350
2006-07-12,84.03746795654297,88.9830642335951,79.22350572339552,81.31081031051013,70450
2006-07-13,86.69642639160156,87.02362345146778,84.24431351634657,86.27144208078612,27640
2006-07-14,85.966796875,87.92999042226013,85.37257299108911,87.92999042226013,26140
2006-07-17,83.97351837158203,87.5576617429078,82.74746494042971,85.89910062877533,32330
2006-07-18,84.04212951660156,85.69277490002385,83.48555657999094,85.69277490002385,157400
2006-07-19,84.50341033935547,85.7690391730522,83.94302725919792,85.7690391730522,34790
2006-07-20,83.69904327392578,84.70544437437376,82.18944453167535,84.70544437437376,32620
2006-07-21,81.97216033935547,83.29496877564804,81.19829908106652,83.25684518173634,44140
2006-07-24,80.043212890625,81.5794992570815,79.29222357697641,79.90216608507491,49060
2006-07-25,80.08514404296875,82.11319205874332,78.41543098655401,82.11319205874332,76890
2006-07-26,79.0444564819336,80.05466782055046,78.14860430101355,80.05466782055046,50890
2006-07-27,79.83354949951172,82.3419293413576,79.29222825464065,82.3419293413576,48750
2006-07-28,80.607421875,81.11062541624875,79.59721057652277,79.97842326528308,160710
2006-07-31,83.53511810302734,84.62919639320755,80.5120991890884,81.19828302591536,90160
2006-08-01,83.44744110107422,91.41478843604645,78.88051549239793,85.39162781100849,76400
2006-08-02,83.50078582763672,85.92529762962018,82.72311486481544,85.92529762962018,121240
2006-08-03,83.59994506835938,84.6292181801546,81.12587258695675,84.6292181801546,81420
2006-08-04,83.56944274902344,84.62921351599333,83.22253782010006,84.62921351599333,32180
2006-08-07,84.137451171875,84.62921295803069,83.12342407102007,83.85154166863842,33500
2006-08-08,87.03084564208984,88.28884849963184,84.78168760785579,85.7690327522654,57450
2006-08-09,89.92804718017578,91.25848120632523,83.86676935786693,83.86676935786693,73390
2006-08-10,89.98905944824219,96.98049822567134,89.54685136729096,92.25346357579765,59710
2006-08-11,90.18728637695312,92.86340071792766,85.6966019775706,85.6966019775706,16660
2006-08-14,90.5532455444336,91.48722114113625,90.42363464631366,91.48340529205777,31710
2006-08-16,90.93445587158203,93.0082534563584,90.34739099583015,93.0082534563584,58030
2006-08-17,90.00050354003906,92.2534719578625,89.50874172413789,91.48723653690446,350420
2006-08-18,88.60906982421875,91.26230662658217,88.10205629867909,91.26230662658217,24210
2006-08-21,87.59883880615234,91.41478056831224,87.14520070859746,91.41478056831224,29980
2006-08-22,86.5047607421875,89.58495918583212,86.00156314513585,89.58495918583212,35140
2006-08-23,85.68897247314453,87.67890281988234,85.23914437250106,87.1452074772811,31880
2006-08-24,84.4271469116211,86.1540393590909,84.0421243165131,84.93416031914477,40640
2006-08-25,85.13239288330078,86.90883901697448,84.74355443794053,85.84144267066047,35710
2006-08-28,85.76904296875,86.83643381929339,84.62921496146645,86.83643381929339,18490
2006-08-29,83.97351837158203,86.8288030881651,83.63804939299366,86.82498723905368,90950
2006-08-30,84.21749877929688,86.53527241241719,84.01926657060511,86.53527241241719,35570
2006-08-31,81.9912109375,85.31156959742827,80.4396727833423,85.31156959742827,108580
2006-09-01,82.25807189941406,83.78673265724892,81.96072647336982,83.48557719845576,100210
2006-09-04,81.7777328491211,83.71429365622139,79.44470765989537,79.44470765989537,121190
2006-09-05,81.40412902832031,83.02809828712876,80.81706423433053,82.95185693706858,49560
2006-09-06,80.6112289428711,82.33430592022783,80.43586856573377,82.26569043581108,61280
2006-09-07,80.06988525390625,81.57948958317367,79.86403302651814,80.81706444688233,82810
2006-09-08,79.48664855957031,81.57188224670752,78.92245545917336,81.12205410612111,86810
2006-09-11,78.74708557128906,80.05464193074016,78.52979160824987,79.90215922522808,64750
2006-09-12,79.62769317626953,92.24582728920151,78.14858636322462,92.24582728920151,76430
2006-09-13,83.30638122558594,83.86676416055154,80.66458094661277,83.79052281104673,92360
2006-09-14,83.87439727783203,86.1540469807301,83.1119720833123,84.24798399443077,101930
2006-09-15,83.72953033447266,85.77282998364565,82.11318691093985,85.77282998364565,77160
2006-09-18,84.96468353271484,86.19218882120335,83.56181785293776,85.7728525486723,289580
2006-09-19,83.9544448852539,85.7690204892776,83.48555504045487,85.39161794092188,64140
2006-09-20,84.69402313232422,87.22146514312779,83.10436690379133,83.10436690379133,124410
2006-09-21,84.90748596191406,85.42593536229423,84.78168509819943,84.78168509819943,41250
2006-09-22,84.11457061767578,85.08666405844423,83.87059474935508,85.08666405844423,24190
2006-09-25,83.2416000366211,84.70545531417795,83.19204052742693,84.62921394246341,33190
2006-09-26,81.95689392089844,83.63041689916389,81.58711725632304,83.25682438604419,52450
2006-09-27,82.48677825927734,83.44361972172906,81.92257946412222,82.72312819272419,91800
2006-09-28,83.4512710571289,84.2480041802571,82.41818211161575,83.44745520746275,31220
2006-09-29,84.93035888671875,86.68774933559006,83.00523976756898,83.1043529568485,183750
2006-10-03,83.83247375488281,85.37638612307755,83.10435621039157,85.01041942622624,119460
2006-10-04,85.80715942382812,87.83139779276222,83.25684570320493,85.23915626215478,112630
2006-10-05,89.38291931152344,90.04241548467505,86.53526070747625,87.373927269026,166940
2006-10-06,90.57230377197266,91.3385448506497,88.60143525109302,90.19490700602641,102330
2006-10-09,92.6499252319336,93.01589195641928,89.50873653782469,89.50873653782469,86590
2006-10-10,98.50153350830078,100.56388352480624,92.63847579147091,93.39328095985934,251790
2006-10-11,97.97547149658203,100.64014432233667,96.06559230768501,99.80147179950892,182570
2006-10-12,96.1913833618164,99.11528352786732,95.379398600756,98.20037554511656,62340
2006-10-13,98.20036315917969,99.11527102653383,96.67551283569456,97.89538611427183,83970
2006-10-16,96.68697357177734,99.03524506889617,95.6881923980086,98.81033098447847,65230
2006-10-17,95.230712890625,97.31975618301253,94.70082764148597,96.90423587029507,47270
2006-10-18,96.35530090332031,97.0567365534104,95.3031561534497,95.3031561534497,91990
2006-10-19,96.67552185058594,98.42910221285032,95.3107799857849,96.44679195399739,111690
2006-10-20,96.5916519165039,97.97163968807465,96.08082260394458,97.20921447649431,85680
2006-10-23,96.50016021728516,99.03141172431171,96.06557807296214,99.03141172431171,26370
2006-10-26,95.35271453857422,96.98048823847182,94.99818377707986,96.06558027685799,25570
2006-10-27,95.5090103149414,96.82800858180532,94.96768907522178,96.06558331738167,32160
2006-10-30,90.7133560180664,94.5407280960942,90.19490663131734,94.5407280960942,235870
2006-10-31,87.202392578125,93.65631986843431,86.3217922985228,91.94848884687723,122100
2006-11-01,88.07156372070312,89.4324957606962,87.4501851999041,87.4501851999041,86400
2006-11-02,88.52899932861328,90.34738503589985,87.29768427519437,87.29768427519437,76180
2006-11-03,88.02200317382812,91.31568040986329,87.45018416884395,91.31568040986329,50550
2006-11-06,86.43617248535156,87.983895166673,86.15407298417128,87.75516521254364,95070
2006-11-07,86.48953247070312,89.73746023246699,86.1540634595591,89.20376482095942,43560
2006-11-08,84.64443969726562,86.95459284532758,84.247981168823,86.76398655309043,59320
2006-11-09,84.4195327758789,86.15405134463731,84.24798826179135,84.62920087836055,44480
2006-11-10,85.43355560302734,86.00156446832725,82.26567984313432,82.26567984313432,57850
2006-11-13,86.3751449584961,88.44131639346018,85.68896116793702,85.68896116793702,40990
2006-11-14,87.30913543701172,87.67891218417944,86.23030290646341,87.52642944624874,61270
2006-11-15,86.8821792602539,88.42609170592729,86.07782031013255,87.29769966611566,95140
2006-11-16,86.74493408203125,87.60266248926918,84.78168557091416,86.91647860011024,77640
2006-11-17,85.68515014648438,87.22143632315598,85.39542487334947,85.69658605812474,29960
2006-11-20,84.38522338867188,85.39162444408922,83.10434878933683,85.39162444408922,29760
2006-11-21,84.41572570800781,85.3916291099986,84.09550849488765,84.09550849488765,16930
2006-11-22,84.8541259765625,85.76522401614055,83.94302793698446,85.76522401614055,74060
2006-11-23,84.66352081298828,86.15406375451823,84.02308631698659,86.15406375451823,23750
2006-11-24,85.00659942626953,85.61272606179018,84.62919685972363,85.61272606179018,75830
2006-11-27,84.98753356933594,86.15404313417467,84.62919281321582,86.15404313417467,13180
2006-11-28,84.84650421142578,85.46787688945163,84.62921020395235,84.62921020395235,24950
2006-11-29,85.06758880615234,85.3839959601013,84.78549520677909,84.81980294451216,21580
2006-11-30,85.83763885498047,86.76398848059037,85.01040822631501,85.08664958153513,40150
2006-12-01,86.53526306152344,87.60265954018833,85.09046981915819,86.45902170237083,44320
2006-12-04,86.97368621826172,87.60269074321089,85.4678970254933,86.9165066327413,34190
2006-12-05,88.58619689941406,88.82254687950613,86.25698739020049,87.45017902158328,54970
2006-12-06,87.9724349975586,88.44132487572686,87.37774426098562,87.67889966128095,25510
2006-12-07,85.59748840332031,87.67510206074496,84.72070393586223,87.67510206074496,28600
2006-12-08,86.37897491455078,87.67891147639544,85.711852762013,85.84908955178022,28980
2006-12-11,83.3521499633789,86.9126808071836,83.10436404868688,84.01927215184313,26700
2006-12-12,83.90107727050781,86.0625519509198,80.51209758884815,83.33307423599153,84470
2006-12-13,82.8375015258789,83.86677441211356,80.45492270735296,83.86677441211356,57070
2006-12-14,87.91905975341797,89.27998564803096,83.86676814051185,84.6291933054256,100260
2006-12-15,86.5543212890625,90.80483941773831,85.87194748318319,88.82253507723716,35240
2006-12-18,86.4552230834961,91.49104525904048,85.39164224177111,90.72861988188181,19290
2006-12-19,86.1388168334961,88.13636748669511,84.78169485221667,85.31539607636306,32850
2006-12-20,84.78932189941406,86.53527663707318,84.6292132750231,86.45903526595993,16180
2006-12-21,84.28231811523438,85.7728612331509,81.73200411054025,81.73200411054025,16440
2006-12-22,84.57202911376953,85.69660527301407,83.86678338132556,84.24799603305885,9600
2006-12-26,84.65971374511719,86.03207592039962,84.55297465871224,86.03207592039962,12010
2006-12-27,84.32042694091797,85.35732581373325,84.01926569014023,84.72832145145004,24490
2006-12-28,83.92777252197266,85.01041497584694,83.55799581211144,85.01041497584694,22060
2006-12-29,83.43599700927734,85.99393602604707,82.34191874658042,82.34191874658042,35210
2007-01-02,83.90107727050781,86.91647024387024,83.26064291342685,86.91647024387024,14800
2007-01-03,83.55036926269531,85.00660426379548,83.40932245462544,84.93417293526998,35440
2007-01-04,84.45004272460938,85.46787986036769,83.10436245840563,83.86678780206073,531070
2007-01-05,84.08788299560547,85.77284212964216,83.86677897120566,84.39666429657728,49430
2007-01-08,83.62281036376953,86.84024618462885,83.19585404068272,86.84024618462885,31140
2007-01-09,83.51986694335938,84.47289844113885,80.43585841258725,80.43585841258725,28850
2007-01-10,84.63301086425781,85.39162606487979,79.40658915137955,79.40658915137955,38790
2007-01-11,85.41450500488281,86.03969351510986,79.063500891324,79.063500891324,55160
2007-01-12,84.40047454833984,86.1540549853994,83.86677918932685,86.1540549853994,58030
2007-01-15,85.45262145996094,85.69278145276022,84.25561407753516,85.39162604531485,33560
2007-01-16,85.23533630371094,89.96618675764478,84.47672684154284,89.96618675764478,12480
2007-01-17,85.6698989868164,86.68392581621106,85.01040287128413,86.68392581621106,47190
2007-01-18,85.44498443603516,86.84022382568607,85.04852592622353,86.84022382568607,35120
2007-01-19,85.06378936767578,86.4437772811056,84.24799454009698,86.4437772811056,31160
2007-01-22,85.78809356689453,88.26597583147411,83.1462926522815,86.9164855883296,36540
2007-01-23,86.11215209960938,86.91651127433958,85.08287878736125,86.15408573684537,26600
2007-01-24,86.6496353149414,87.22145428206574,85.80334277824994,86.91648300289744,20930
2007-01-25,86.64199829101562,87.60265566095839,84.28991727341389,86.15404663383512,53730
2007-01-29,86.89742279052734,87.60266852290064,85.69660526442519,86.5352719347857,36620
2007-01-31,88.052490234375,90.27115049742332,84.6292025006763,84.94179964434002,124220
2007-02-01,87.43872833251953,88.89877322395158,86.53525637187673,88.89877322395158,328550
2007-02-02,87.5721664428711,90.57612384972009,86.96222390385785,88.44133078001691,111570
2007-02-05,84.82743835449219,88.36509119138813,83.11960153769581,86.30653944351123,60950
2007-02-06,88.56712341308594,89.58496034967604,85.13240000608297,87.22144341020204,105830
2007-02-07,89.42486572265625,89.96618699724557,88.06012371340562,89.20376168370959,64730
2007-02-08,90.49988555908203,91.10982815800702,88.08299862658158,88.08299862658158,44560
2007-02-09,90.5189437866211,90.95734183007521,89.69933890492523,90.34739925520144,43760
2007-02-12,89.77176666259766,91.33855084523391,88.52138966909425,91.33855084523391,30590
2007-02-13,90.8353500366211,91.3385535281461,85.46787521123831,85.46787521123831,61520
2007-02-14,96.30574035644531,97.20921235102402,88.36508125343663,88.36508125343663,111190
2007-02-15,97.01478576660156,97.6857177731462,93.03110989076941,93.03110989076941,71120
2007-02-19,96.91187286376953,98.35285610413382,95.30696517180668,97.57518491760507,62120
2007-02-20,95.47469329833984,96.06557398423041,92.40974659253942,94.08326965268624,43150
2007-02-21,97.48751068115234,97.59043972676784,92.65754703800891,93.54958325509396,1292660
2007-02-22,96.45822143554688,99.80145167049596,96.0655729321636,99.80145167049596,19670
2007-02-23,91.7159423828125,95.90928118146333,91.10981571614073,94.61697063891647,61880
2007-02-26,91.4833984375,94.46448377195388,91.10600168496656,94.46448377195388,82560
2007-02-27,97.07198333740234,99.10766319122305,91.20893125881271,94.84570298647152,89580
2007-02-28,94.27770233154297,98.73407927265224,85.92533152675992,91.49103870824918,91690
2007-03-01,94.74278259277344,96.44680366034119,93.47334372799752,93.77831502151751,44660
2007-03-02,98.93992614746094,100.18267137141429,94.54072927767268,94.54072927767268,641450
2007-03-05,99.60324096679688,100.16743987828443,95.31078861151136,95.31078861151136,620170
2007-03-06,97.2625732421875,102.9273921698382,96.82799115236631,100.22078064159821,42800
2007-03-07,93.3094253540039,99.87771792305175,92.63467731031135,97.59044194008109,40830
2007-03-08,94.42636108398438,95.30315123874941,93.16835832426433,95.14685267467561,34380
2007-03-09,93.67537689208984,95.24216101651676,92.40593815038544,94.5407311812146,47460
2007-03-12,97.9068374633789,98.45198038157822,94.16714820292975,95.07443033300231,739350
2007-03-13,97.78485870361328,101.40256296012525,96.86994487100993,98.32617414139307,42940
2007-03-14,96.04651641845703,97.20921604828548,94.54072776460706,97.20921604828548,52480
2007-03-15,96.39724731445312,101.70753708779499,95.30316879804163,96.06559414842596,25700
2007-03-16,95.89405059814453,98.50535396006849,95.30316978212657,98.50535396006849,19210
2007-03-19,98.39859771728516,98.96279657214237,94.69321065692488,97.5904288398449,36300
2007-03-20,97.53706359863281,100.56388699015879,96.06558261635931,96.46204119155553,32560
2007-03-21,96.49635314941406,97.20540886107378,95.6843684007984,96.82800627013066,13590
2007-03-22,94.47592163085938,97.41506759019772,93.16835935661707,96.82800273147284,64390
2007-03-23,94.46830749511719,96.82801477001043,93.25986407179614,93.25986407179614,32920
2007-03-26,96.48873138427734,99.03903905553183,94.54073456440953,96.0655851219,31100
2007-03-28,94.17477416992188,97.63237001552851,89.98143485635863,91.76170312012107,15160
2007-03-29,91.18606567382812,95.04394168777847,90.34739899839317,93.7783128844081,49690
2007-03-30,95.6424331665039,95.76060814698026,92.25726326898402,93.24079251804298,38680
2007-04-02,92.53173828125,94.91813302218297,91.96373519619426,94.91813302218297,9160
2007-04-03,93.7668685913086,94.1595171244965,91.57870605880541,92.3296953854292,19110
2007-04-04,93.06925201416016,94.15952037752098,91.87224457887673,94.15952037752098,19790
2007-04-05,94.0985336303711,95.68437972625914,92.63467838040228,93.01589104863439,17500
2007-04-09,94.3920669555664,95.83686037725359,94.24339425087119,95.29935494756693,18470
2007-04-10,94.70083618164062,95.29171689240262,93.78211239255437,95.15067008764034,5860
2007-04-11,93.5838851928711,95.07442206872763,93.47333027916534,94.70083534175974,10550
2007-04-12,94.45304870605469,95.28790524113816,93.09211691503528,93.39708816219876,10540
2007-04-13,94.64747619628906,95.64625147705114,92.71091523791216,94.54073711972717,23880
2007-04-16,97.19778442382812,99.11528348121338,88.1516103717396,88.1516103717396,40950
2007-04-17,97.04908752441406,99.1152587589842,96.8279835568538,98.6577990650848,24180
2007-04-18,95.39846801757812,97.2092281497799,94.9219521933145,97.20541811724948,8070
2007-04-19,95.3107681274414,95.68435481633519,90.99925490286623,90.99925490286623,9180
2007-04-20,95.26122283935547,96.59546702980768,94.94481566188422,96.06558171255895,8870
2007-04-23,95.24977111816406,96.59926103027614,94.80756314953264,95.30314064425116,27790
2007-04-24,96.8623046875,97.97163471002536,92.63846853194163,94.77326134263247,331110
2007-04-25,97.54850006103516,97.96402625025262,95.4022710838785,96.44298575620512,60040
2007-04-26,97.308349609375,99.11529986247005,94.7122921090569,97.21304643643032,93210
2007-04-27,96.38578796386719,97.20920853811457,95.30314562560253,96.75175460248016,5790
2007-04-30,96.58023071289062,97.89540742295745,93.77831530686277,96.44680395380601,7900
2007-05-03,99.92727661132812,100.56389523983644,95.30316517561724,99.11529178264193,85960
2007-05-04,99.90819549560547,106.73953057096915,98.88654849508217,102.92740447914883,108920
2007-05-07,100.70114135742188,101.78378395551292,99.87772058555949,99.87772058555949,44210
2007-05-08,105.19180297851562,105.90085281149891,99.87769854507884,100.64012372481227,552390
2007-05-09,113.15916442871094,114.13506790615291,102.65294446555669,105.13844681690308,161610
2007-05-10,119.94857025146484,122.75048584198694,111.01675974144514,112.83895592927992,207610
2007-05-11,116.0411376953125,119.62453456767899,113.60137886521326,119.62453456767899,80120
2007-05-14,114.40951538085938,121.91177601449635,112.88466509107865,117.63838633481748,55400
2007-05-15,111.39412689208984,116.2545873808014,110.57070630737182,116.2545873808014,57050
2007-05-16,109.22503662109375,114.12743700540938,108.26438499866914,114.11980530738563,36800
2007-05-17,109.35850524902344,113.59758938152498,108.64563923194466,113.59758938152498,42840
2007-05-18,108.2986831665039,109.78922578764927,103.88424649844691,109.40801319810882,18380
2007-05-21,108.03945922851562,110.44109384092714,104.75721284895617,104.75721284895617,22710
2007-05-22,109.67867279052734,110.55165289321944,107.1207395275678,109.32796371690222,33040
2007-05-23,110.24286651611328,112.83892324521553,108.03564242898632,111.92401538347774,82020
2007-05-24,113.06768035888672,115.12622645215464,110.32294447873785,112.8351345804427,34100
2007-05-25,114.68781280517578,115.12620496755358,110.55165377678986,110.62790095011003,41610
2007-05-28,119.3767318725586,119.70076493239306,115.12621340631433,116.34609846674311,356830
2007-05-29,123.00206756591797,125.80016685073748,114.7869284777263,119.3195521947904,670350
2007-05-30,118.9612045288086,123.89409656584829,116.82641161509075,123.3604012458402,557080
2007-05-31,116.77305603027344,122.74665144882,114.74881788844685,122.59798457210647,746810
2007-06-01,117.123779296875,120.61568881835704,115.21771590962635,118.1759300094163,40210
2007-06-04,113.780517578125,119.12892953309547,112.5606326862323,117.18474307637845,45540
2007-06-05,118.05773162841797,118.54568329356584,115.12620578873192,115.12620578873192,83240
2007-06-06,116.4070816040039,119.12894533109815,115.88863801809228,117.56597124161694,31160
2007-06-07,113.7957763671875,118.78584787964182,112.49964422686358,117.41348019991871,38140
2007-06-08,115.24058532714844,116.26604833871633,110.70415688719912,110.70415688719912,45940
2007-06-11,113.79196166992188,118.17590659187867,112.13750037367782,118.17590659187867,58720
2007-06-12,114.1655502319336,117.79468988759305,110.25430534977997,117.41347729896007,45470
2007-06-13,112.77413940429688,116.99416646664157,111.47421443312652,116.99416646664157,10180
2007-06-14,112.614013671875,115.50360001255328,112.45771511245616,115.50360001255328,11810
2007-06-15,111.51994323730469,114.66875157112975,110.93287254441422,114.35997027927831,18130
2007-06-18,111.3674545288086,114.16935783137326,110.9328665807152,112.53396415391097,69480
2007-06-19,111.31791687011719,114.34855065399262,110.5516756711338,114.34855065399262,27520
2007-06-20,112.099365234375,113.9063090584315,111.401751363595,112.45770597393583,133030
2007-06-21,116.05635833740234,122.75045028563866,114.36377355804845,114.36377355804845,209810
2007-06-22,115.97632598876953,117.21526707233159,115.12621761099824,116.34610271598012,55030
2007-06-25,116.93696594238281,117.41348169601926,115.5074186814735,116.95602191905411,48640
2007-06-26,115.98009490966797,120.76812329406512,115.88098756404982,118.93830782712108,61690
2007-06-27,117.63837432861328,118.1758853969446,115.50739766217488,117.032247796329,73440
2007-06-28,116.93317413330078,117.79090266618263,115.73617236359662,116.65108047193306,40920
2007-06-29,120.11627197265625,120.47079688450692,116.65105097217214,117.26099343471131,66830
2007-07-02,119.77317810058594,120.09721111128603,119.0145688103216,119.70074678171116,113500
2007-07-03,122.60179901123047,123.51290286032682,120.12391670076094,121.98805220773019,643530
2007-07-04,124.22193908691406,127.8587107484526,121.98803871216676,122.3616312688497,207850
2007-07-05,130.19935607910156,135.10174458431203,126.48633740376651,126.48633740376651,317400
2007-07-06,130.35565185546875,131.51834561979285,128.50676843813463,128.50676843813463,65670
2007-07-09,131.01898193359375,131.97582944675827,130.06976611929895,131.06090974262793,51670
2007-07-10,128.2933349609375,131.13717865931406,126.22334100270557,126.22334100270557,260540
2007-07-11,129.2006072998047,129.6123118775342,125.83067695334353,125.83067695334353,41000
2007-07-12,127.11914825439453,135.1779880704353,126.5397093000214,135.1779880704353,39730
2007-07-13,128.96044921875,131.8995959165679,125.9031158794007,129.99353239176202,132020
2007-07-16,132.91357421875,134.94924791842652,130.75590970627204,134.94924791842652,373290
2007-07-17,131.92626953125,134.94928316717554,131.32014279103313,133.34438110784578,129770
2007-07-18,132.90977478027344,133.95810946274665,130.3747132384845,130.3747132384845,50600
2007-07-19,131.49549865722656,133.42443382700196,130.38235254761884,133.42443382700196,50430
2007-07-20,130.7330780029297,131.89958787832623,129.7190508734873,131.89958787832623,29680
2007-07-23,130.14598083496094,132.2769578978346,129.3911873236943,131.28961864833263,31880
2007-07-24,130.32135009765625,133.4244266326539,129.64279205041478,133.34055938485162,40670
2007-07-25,130.34036254882812,131.51068767351114,127.10005641622398,129.61224530416584,37740
2007-07-26,129.77621459960938,131.12571058555136,128.16369259838996,131.12571058555136,28790
2007-07-27,129.22341918945312,130.37467676693018,123.89406417910031,123.89406417910031,27630
2007-07-30,126.75703430175781,129.23110091808798,125.80018673442191,127.32885333236882,18210
2007-07-31,130.20697021484375,131.13712985731718,125.21308300109847,128.84603848790292,44260
2007-08-01,125.04154968261719,128.84985986532485,125.03773383380636,127.32500945271744,424710
2007-08-02,123.44808959960938,129.15103932468207,122.1405329781618,129.15103932468207,13210
2007-08-03,124.24864196777344,127.7062436552406,123.51290431133718,127.22210775548102,29970
2007-08-06,122.31970977783203,125.4952178913343,120.16586048004372,123.5167231674908,27910
2007-08-07,123.04019927978516,125.72392797355575,122.36926128949906,125.72392797355575,6220
2007-08-08,123.01732635498047,124.80901882316343,122.9067714294557,123.89411079327353,10260
2007-08-09,122.08714294433594,124.43541380145594,121.4543286740423,122.91056350205473,10870
2007-08-10,121.96135711669922,126.55497640866949,116.27747525855585,116.27747525855585,25860
2007-08-13,123.6539535522461,137.23656302650986,119.33862327832749,137.23656302650986,17030
2007-08-14,125.21690368652344,125.95264121537197,116.54050115315574,116.54050115315574,28460
2007-08-16,120.27259826660156,123.13169331255881,120.08199193020441,121.98805529417591,14940
2007-08-17,121.7364273071289,121.98802901301045,118.9383282876852,120.08196605968216,31340
2007-08-20,121.04644775390625,122.7504687009092,118.17591707230387,122.37687612977932,1106040
2007-08-21,120.37551879882812,123.89411587788754,116.65107525733413,123.36042047468949,30190
2007-08-22,117.38681030273438,121.98423400076517,114.05883126332094,117.53929303830961,35550
2007-08-23,116.09065246582031,121.98801082971677,114.74497268670234,121.59917823332303,22660
2007-08-24,116.14024353027344,117.41349234340959,115.50742915601658,116.65106706845239,10080
2007-08-27,121.44671630859375,121.98804336986954,115.50742856584523,115.50742856584523,26840
2007-08-28,120.84058380126953,125.80016367373156,119.70076179864154,119.70076179864154,52390
2007-08-29,121.16463470458984,121.9880554750892,119.70077943493128,119.70077943493128,28310
2007-08-30,122.63859558105469,123.53527951397884,121.76498967047787,123.53527951397884,37550
2007-08-31,120.8182601928711,123.92011046558311,120.07551203889415,123.92011046558311,15890
2007-09-03,124.57435607910156,127.99947491429447,122.76557952001895,124.68980490434527,105850
2007-09-04,123.71613311767578,128.53824090707275,123.22738415423659,126.56783621900065,36380
2007-09-05,122.4076919555664,125.99829181090996,120.53349807245013,121.68803344960179,15880
2007-09-06,122.00743103027344,123.15042134819294,120.15247499002683,121.6880147924989,7700
2007-09-07,121.06072235107422,122.68860955950097,120.24485264229124,122.68860955950097,16550
2007-09-10,120.36412048339844,122.29989027556698,118.53994728008693,120.17169799215091,12230
2007-09-11,119.34046936035156,120.84136292032649,118.99411111490205,120.84136292032649,33530
2007-09-12,117.9973373413086,121.22619300833802,117.37774243664475,121.22619300833802,38750
2007-09-13,118.4861068725586,123.15042743243569,118.147441317993,122.14982786063916,16840
2007-09-14,117.21996307373047,120.37953793426631,116.45796557711705,120.37569746970206,20740
2007-09-17,115.88455200195312,118.53228810896819,115.45352737886512,116.83897205631953,12130
2007-09-18,117.42007446289062,118.52843015109819,113.61396280206043,115.83836685189327,348850
2007-09-19,116.37714385986328,121.6110390276841,115.60745373943489,121.6110390276841,40760
2007-09-20,118.2205581665039,118.99410051659271,117.22381084308464,117.22381084308464,55700
2007-09-21,113.36766815185547,119.22501123797929,112.37477292850974,118.37835903661225,78100
2007-09-24,114.29901123046875,119.29045336913656,113.53317312896252,119.29045336913656,286040
2007-09-25,113.94876861572266,115.06866911241556,107.75661321563999,107.75661321563999,25090
2007-09-26,113.46383666992188,114.59528181462777,112.08224464509506,114.59528181462777,9260
2007-09-27,111.9013671875,114.5298648975287,110.8353508535046,113.21368993854732,20760
2007-09-28,112.54026794433594,118.38221468684927,110.91238042501357,118.38221468684927,158870
2007-10-01,111.44342041015625,112.51714134957643,110.83537042058468,112.37475056531503,14090
2007-10-03,109.7962875366211,114.10655677360833,108.98812233115746,111.60506396069619,38260
2007-10-04,110.73915100097656,111.45111661435605,108.5301444143264,111.45111661435605,51270
2007-10-05,108.51860809326172,111.37031123549994,107.83358439508771,110.73915973551073,135690
2007-10-08,110.37742614746094,112.29779950703588,105.83240629312665,109.68085743105853,105600
2007-10-09,111.99760437011719,112.52869242842512,104.02746652028935,106.41351057384871,101690
2007-10-10,110.1426773071289,115.45353522988735,110.06570358582594,110.83539382069186,28140
2007-10-11,110.5236587524414,114.27589825825832,109.38066840242635,114.27589825825832,90690
2007-10-12,109.88096618652344,111.29720504766945,107.75662551161463,111.29720504766945,53480
2007-10-15,107.85283660888672,110.06569587918501,107.71813847830836,108.91116060772502,1312510
2007-10-16,107.81433868408203,111.40879005092201,105.53990302342568,106.21723407140885,37650
2007-10-17,106.44430541992188,108.52631883239891,104.21604898946617,104.21604898946617,17940
2007-10-18,104.3622817993164,110.83537860456406,103.90816744177882,110.83537860456406,32760
2007-10-19,106.74832916259766,107.59883349290392,103.13848046712204,107.59883349290392,32640
2007-10-22,107.77201843261719,108.14146641731554,102.64202698968629,102.64202698968629,35550
2007-10-23,107.18318939208984,110.06567480980068,106.39040959700884,109.68082979298319,26980
2007-10-24,113.9526138305664,120.04470538622077,111.98990186140732,115.37653337108482,111730
2007-10-25,115.61901092529297,118.83632207822072,113.60627856268881,115.37655663243049,58590
2007-10-26,117.4931869506836,117.76258317864628,115.45351292024145,116.91591938608238,76840
2007-10-29,117.77803039550781,120.07170453991341,116.60809767818515,120.07170453991341,41330
2007-10-30,115.36499786376953,120.07165711259539,111.98991096078608,120.07165711259539,36210
2007-10-31,118.58234405517578,119.91775726422625,114.6838606057917,115.83839611524597,77120
2007-11-01,116.84662628173828,119.30193903520146,115.45348938890463,119.30193903520146,32380
2007-11-02,115.50741577148438,119.30198287989778,114.14506080754579,118.91713777383359,48390
2007-11-05,114.72611999511719,117.37770728224733,108.86493904634578,113.99107649126229,19070
2007-11-06,115.48046875,118.14744239981434,114.68768880570778,117.68562359489805,29420
2007-11-07,115.46507263183594,116.30019165015024,114.29899247135423,114.68383756385037,24050
2007-11-08,115.53819274902344,116.60806162351035,115.45352635991124,116.45412593727181,7610
2007-11-12,116.21936798095703,118.9132836807301,115.45738219952709,118.45531707220545,42080
2007-11-13,116.68116760253906,119.30196136258634,115.47274855006859,119.30196136258634,25030
2007-11-14,116.59648895263672,118.68619446302957,115.4534988442967,118.45528511643352,17860
2007-11-15,118.76704406738281,119.68682952004504,115.84223061943874,115.85377550298702,40870
2007-11-16,116.1924057006836,120.07163807075787,115.91531683535419,118.07043940509705,23330
2007-11-19,117.37772369384766,118.90941100483683,116.06925305731548,116.22318870669505,12170
2007-11-20,116.992919921875,118.14745531584087,116.2232296592311,116.60807479055305,41620
2007-11-21,117.01213836669922,118.45146690901724,116.22321067417704,116.99290081109211,28000
2007-11-22,115.28419494628906,117.76259828104818,114.68383754167438,117.76259828104818,2013270
2007-11-23,115.53819274902344,118.5322870628422,115.45352635991124,118.30137766121437,508700
2007-11-26,115.4535140991211,116.989042078387,115.45351409912111,115.6844234762271,16780
2007-11-27,116.71965789794922,117.37773964156713,115.45351440154144,117.28922105249198,10070
2007-11-28,114.1373519897461,117.37390061634515,113.14445682196731,117.37390061634515,28250
2007-11-29,115.44580841064453,116.60418388522199,114.37978023414378,114.37978023414378,3930
2007-11-30,114.86470794677734,116.98520803028292,112.54794486482557,112.54794486482557,10300
2007-12-03,112.99821472167969,115.45352830271044,111.99377466282543,111.99377466282543,18190
2007-12-04,113.4792709350586,114.91474736303512,113.15215025640505,114.91474736303512,9840
2007-12-05,116.57730102539062,117.37777379052744,113.2984127459482,114.68385767074484,22910
2007-12-06,115.09562683105469,119.84076174461671,114.29899465567394,116.57728281438817,18330
2007-12-07,114.73770904541016,117.60864983496944,113.8371612916381,113.8371612916381,9330
2007-12-10,112.24005889892578,114.68382736792188,111.52809319219696,114.68382736792188,51710
2007-12-11,112.35165405273438,114.06036685029041,110.93157501497446,113.9910975666284,300420
2007-12-12,114.18738555908203,114.29899392579736,110.99317594853413,111.45114255399533,45180
2007-12-13,116.18086242675781,117.37772473669504,111.61274242159377,111.61274242159377,855150
2007-12-14,115.54971313476562,117.53166256818632,109.49994916630465,109.49994916630465,25860
2007-12-17,115.42659759521484,116.22322983695943,115.06869444122805,116.22322983695943,22190
2007-12-18,115.42659759521484,115.42659759521484,115.42659759521484,115.42659759521484,0
2007-12-19,114.4183120727539,116.3771725020039,114.29901101428888,115.60748219214338,369230
2007-12-20,112.8558120727539,115.44582351391543,112.75960080926477,114.1450453524161,18940
2007-12-24,112.91740417480469,115.83837712553562,112.38246383907139,115.83837712553562,25150
2007-12-26,113.29456329345703,115.45353883224008,112.37477779671369,115.45353883224008,49700
2007-12-27,113.14830017089844,115.14564697754648,111.06628698102786,111.06628698102786,15200
2007-12-28,112.80577087402344,114.28357434790792,111.26253857885762,113.17521880636005,22230
2007-12-31,113.41000366210938,115.06868510652312,112.75961450237884,114.68384000583241,72870
2008-01-01,113.4792709350586,114.68383795783613,113.14830979175422,114.6068642412564,40210
2008-01-02,114.6183853149414,116.96210178463639,113.14443407939488,113.91412410714587,313820
2008-01-03,116.38485717773438,117.68562371531739,114.29899162426628,114.29899162426628,34420
2008-01-04,115.81143951416016,117.91654279709,115.53051009216585,117.76260709750474,30660
2008-01-07,117.22381591796875,117.98580167417076,113.30609574869696,117.76259669117724,35810
2008-01-08,117.98194122314453,126.99885727067321,116.99288669783229,119.60982814983701,118920
2008-01-09,119.31352996826172,120.36030914588284,117.8395783523945,120.36030914588284,57930
2008-01-10,119.54058837890625,121.61105698776113,117.76260581726237,120.07167651956162,71410
2008-01-11,123.8777847290039,125.07464725458422,117.53553377249109,123.9201120491573,92310
2008-01-14,123.12734985351562,124.6898201166486,120.22946654095664,120.22946654095664,25480
2008-01-15,121.84963989257812,123.22739177159411,121.08765419732148,121.08765419732148,6530
2008-01-16,119.52902221679688,121.6071831300069,119.01718346983532,120.84134524166406,29440
2008-01-17,119.3327407836914,121.52250992650147,117.76643044992439,117.76643044992439,15350
2008-01-18,119.3327407836914,119.3327407836914,119.3327407836914,119.3327407836914,0
2008-01-21,113.75636291503906,119.97931341612345,105.83240363072358,117.37775675407524,32070
2008-01-22,114.40289306640625,116.22321452861391,91.59312933049706,104.48543955138635,42060
2008-01-23,110.45823669433594,115.45353033485873,105.83625501621793,114.29899503151013,19410
2008-01-24,112.19003295898438,119.30197423153056,92.8746634185281,110.84307518540258,45370
2008-01-25,113.837158203125,114.68382198945316,108.9111463859572,108.98812009181924,12870
2008-01-28,111.4395980834961,118.8401618172656,110.0695504712663,114.68383944784443,12290
2008-01-29,110.73531341552734,118.45530435233185,109.68084171309955,115.44582491959761,30180
2008-01-30,110.90850067138672,112.91354017969144,109.68084396949831,112.59027173312606,10230
2008-01-31,111.33565521240234,111.98989641850415,109.29598138438205,110.83536140388038,7630
2008-02-01,109.5730972290039,113.52930438315038,108.7572274969701,113.52161170919284,8730
2008-02-04,114.16043853759766,115.29957656986798,110.53134087708992,113.45231332734839,17010
2008-02-05,113.21372985839844,115.44583850797513,111.83598955389083,111.83598955389083,6140
2008-02-06,110.99700164794922,112.99049595764322,98.17396324668843,98.17396324668843,9620
2008-02-07,109.52304077148438,112.60565308192886,109.29598362330162,112.22080806917076,7170
2008-02-08,108.1183853149414,110.41205886450396,107.37563707701949,108.42625670276729,6250
2008-02-11,109.08818817138672,115.4535293796564,105.83240193135171,115.4535293796564,12540
2008-02-12,104.87796783447266,109.98870958173973,103.90816254541608,106.2172328242031,9450
2008-02-13,104.49313354492188,107.75662410293074,103.90817324211179,107.75662410293074,11040
2008-02-14,106.26338958740234,107.75658992694437,104.67783021474597,104.67783021474597,9340
2008-02-15,107.03311157226562,107.74892952690075,105.92475586479176,107.74122510880954,6490
2008-02-18,106.95614624023438,109.68084414832165,106.37117422160478,109.29599908113457,7100
2008-02-19,110.0926284790039,110.44667935515912,106.07099292807439,107.75661615998905,23050
2008-02-20,108.97274017333984,111.37416984455199,106.41352260142378,108.14147334610324,13510
2008-02-21,107.77586364746094,110.37356802643119,106.90996218780418,108.97273799441406,5320
2008-02-22,107.27554321289062,110.36584807763653,105.8323744701163,110.36584807763653,6180
2008-02-25,107.2870864868164,109.68082280877537,105.83237288566045,106.60206287028343,4250
2008-02-26,107.43718719482422,110.0387314903169,106.24031310004172,106.24031310004172,5060
2008-02-27,106.86377716064453,109.06509145022513,106.29421396853054,107.75662054960216,10930
2008-02-28,108.21073150634766,108.87266548149613,105.84393672850759,106.29805108210478,4900
2008-02-29,106.10562896728516,109.12666505892155,105.83239226119089,107.7489249018095,17260
2008-03-03,104.72019958496094,106.87533459803107,103.99284841796758,106.52512413075983,15500
2008-03-04,104.59705352783203,104.68556038475802,102.75364220136616,104.67786771075504,34380
2008-03-05,105.77080535888672,106.21337478913594,103.52331182016526,103.55025379062917,10390
2008-03-07,105.32437896728516,106.59437454036592,101.82999146235669,101.82999146235669,21680
2008-03-10,105.8054428100586,106.98691988794201,103.13846953226064,106.60207485237387,26350
2008-03-11,109.38836669921875,110.06569782872535,103.31167106886969,105.83240175838975,33200
2008-03-12,106.49047088623047,116.22320552477255,105.08578879750442,114.5298896474916,6770
2008-03-13,106.95999908447266,109.2960117313645,103.13848994368199,109.2960117313645,19770
2008-03-14,105.28588104248047,105.67843042583905,104.02359001884481,104.02359001884481,9890
2008-03-17,99.33621215820312,104.67786385461659,96.21127192519907,103.9004810054954,60410
2008-03-18,100.04431915283203,102.09554991277196,99.29002611884974,99.36699982916068,13820
2008-03-19,98.41644287109375,103.82737029973636,97.75066244435028,100.44457833848593,11720
2008-03-24,95.6493911743164,101.21425347382421,91.5277037604884,101.21425347382421,43620
2008-03-25,96.68846893310547,99.29001926176105,96.21125897457465,97.36579408226955,20600
2008-03-26,101.02568817138672,101.98394868569,96.29593873443577,97.36580761313046,45690
2008-03-27,99.75184631347656,100.89867709949706,99.13609185583003,99.17457871153408,3870
2008-03-28,101.28736114501953,103.51176487747799,99.67871178977038,103.51176487747799,4950
2008-03-31,101.86849975585938,103.83120031412238,100.21365882643951,103.83120031412238,7380
2008-04-01,102.55735778808594,104.29301279244153,98.52033680762004,98.52033680762004,7260
2008-04-02,101.45286560058594,104.44696007425384,100.05972818725907,103.9851529908832,27020
2008-04-03,99.28233337402344,101.21425135822618,98.75124530906312,101.21425135822618,8320
2008-04-04,99.45934295654297,102.29179652534431,98.67425586635977,102.29179652534431,2180
2008-04-07,99.70565795898438,102.66511755781656,97.36580504487114,97.36580504487114,10780
2008-04-08,100.31756591796875,100.82171200177996,98.98984577691539,99.69410706181822,4010
2008-04-09,99.71719360351562,101.98393654755493,98.59730486190443,98.59730486190443,14090
2008-04-10,99.62870025634766,102.75364055438065,98.90518959728774,101.5914125933731,33420
2008-04-11,99.33621215820312,101.40668060915982,97.36580718830146,100.44456788990783,54790
2008-04-15,99.3785400390625,101.21039446403938,98.91286907929117,101.06031100389013,3710
2008-04-16,100.4907455444336,102.36109874288758,98.67812850368841,98.67812850368841,13040
2008-04-17,100.05972290039062,101.44516756638097,99.29003272423378,100.52154170390075,29680
2008-04-21,100.12901306152344,101.21042704479576,99.29005341338734,99.29005341338734,5560
2008-04-22,101.61064147949219,101.83000598401688,100.05971634591212,100.05971634591212,10610
2008-04-23,101.66069030761719,102.36111125848022,100.52155201848848,102.36111125848022,11590
2008-04-24,101.79537963867188,102.67666644843845,101.60295709154622,101.98394997660216,5460
2008-04-25,106.03636169433594,110.45053511814223,101.98394357598498,102.36109597271529,74750
2008-04-28,103.29627227783203,106.20570022603665,102.52272988672028,105.83240001800971,11790
2008-04-29,103.41556549072266,107.6796436084485,102.90756719038825,106.2172370712256,6390
2008-04-30,104.22374725341797,106.21724194662522,103.52332639000792,103.90817146952467,14630
2008-05-02,104.62783813476562,107.67965703715639,103.9081796584797,105.26283021710374,18980
2008-05-05,104.54316711425781,106.98308359335941,102.02627691877716,106.98308359335941,10220
2008-05-06,104.4585189819336,107.67967109267981,101.06034138602223,101.06034138602223,10900
2008-05-07,105.91322326660156,107.75663469866815,102.62280215486939,104.67787370727763,36790
2008-05-08,105.9555435180664,106.6020803927337,104.33533737805097,105.83239028159483,17390
2008-05-09,105.87472534179688,106.60208818738599,103.15002731673489,105.13968156710784,28790
2008-05-12,106.04020690917969,106.60207738599242,103.90816207298899,104.10058459534638,7230
2008-05-13,106.04405975341797,106.21724474157352,104.8010176303755,104.8010176303755,15390
2008-05-14,105.84009552001953,106.21339573802169,105.44755774477065,105.83240284602893,10330
2008-05-15,107.91826629638672,108.75722578160106,105.83240072183503,105.83625293102324,30970
2008-05-16,109.78477478027344,111.22025145792126,107.91058072652797,108.37239961724973,17180
2008-05-20,109.33451080322266,109.60389536479737,106.02098791397121,106.02098791397121,19770
2008-05-21,110.53133392333984,111.19712003005608,109.13819684244797,109.14204905086588,15760
2008-05-22,109.71163940429688,112.06690135607283,108.56864895142793,112.06690135607283,21260
2008-05-23,109.71932983398438,110.06568804185157,108.68409567472689,108.68409567472689,8140
2008-05-26,113.29456329345703,113.83718459077221,104.67787520789769,104.67787520789769,38890
2008-05-27,110.36973571777344,116.99291697237626,109.37298826212346,113.914155999419,47540
2008-05-28,107.46031188964844,111.4511540833325,106.60979568035658,111.4511540833325,27960
2008-05-29,111.76667785644531,112.75957268036942,107.91822827691051,111.60503780650897,25010
2008-05-30,111.38955688476562,115.29958416615035,110.14266262870626,113.5292945129724,13610
2008-06-02,110.9469985961914,113.91415106692959,109.22288829795463,110.29660942925278,16080
2008-06-03,111.37417602539062,112.29780196984218,105.87473594020616,110.75842148090923,17380
2008-06-04,110.72377014160156,113.75635112687284,109.68084330600495,113.75635112687284,5360
2008-06-05,111.98605346679688,112.37475071210132,106.22492279783671,110.8353705653602,10130
2008-06-06,113.91029357910156,118.52459415998615,110.45054000412414,118.52459415998615,4511640
2008-06-09,114.62994384765625,116.5310793821837,107.84513531039283,111.5280936059618,1065330
2008-06-10,114.14502716064453,114.60683410506886,112.3747378456751,112.3747378456751,25980
2008-06-11,113.73324584960938,116.13467496461213,109.68082834577336,115.36114447730127,4191650
2008-06-12,114.72611999511719,115.4534825727023,110.2965627000287,110.2965627000287,10610
2008-06-13,114.49909210205078,116.91591848408737,111.9899066686429,116.91591848408737,33090
2008-06-16,113.6408920288086,116.83895328380751,111.61275120720885,115.37653512525117,24750
2008-06-17,115.29570770263672,115.45349555590755,112.50172935193194,112.50172935193194,47770
2008-06-18,112.81732177734375,114.83775824898905,112.45172603395969,114.10655501768228,12270
2008-06-19,111.70896911621094,114.68382559887345,109.3729685743251,110.91234878370595,5590
2008-06-20,111.33181762695312,114.683814417601,108.29538482261232,112.37474432865602,9660
2008-06-23,108.68408966064453,109.60386320335735,107.37176665880341,107.91054736839864,11130
2008-06-24,107.9375,110.83538298107784,107.75662234271456,109.2960026618962,9190
2008-06-25,109.2959976196289,109.90404765005634,104.9857282269546,107.75661737146513,7750
2008-06-26,110.67373657226562,111.59737410676496,108.72642151904864,109.44993210695486,5680
2008-06-27,111.658935546875,113.65627032069102,104.13906085001003,104.13906085001003,21520
2008-06-30,110.7583999633789,113.0636297839966,107.9297982601226,113.0636297839966,11630
2008-07-01,109.09972381591797,111.58967185847065,106.20954536147657,110.45438596243154,7630
2008-07-02,106.39810943603516,107.29479321802172,104.31224413678879,105.71693793841975,6990
2008-07-03,102.603515625,107.67962190738866,101.59907585337277,107.67962190738866,100740
2008-07-04,104.28916931152344,104.83180230885449,100.13669916165541,100.13669916165541,4110
2008-07-07,105.05115509033203,106.98307303761088,103.90816480766614,103.90816480766614,111120
2008-07-08,105.03578186035156,105.2166595469989,104.08137342403509,104.29303355446548,116380
2008-07-09,105.66690063476562,107.6796325857125,105.52450985558254,107.6796325857125,69010
2008-07-10,105.29361724853516,105.98633370137463,102.30721564079003,105.98633370137463,100550
2008-07-11,105.30130767822266,107.75662113901659,104.08135536584099,107.75662113901659,5210
2008-07-14,105.62889099121094,109.19327725411637,104.82554140350261,109.19327725411637,5580
2008-07-15,103.06285858154297,105.4495098385273,102.7586777723415,102.97706338401828,2860
2008-07-16,102.9614486694336,105.29350919451599,102.17370151467848,105.29350919451599,5500
2008-07-17,102.86784362792969,105.27789186182146,102.56366289842025,104.51354242120391,63370
2008-07-18,103.76478576660156,106.85340023619928,103.00043630890451,104.90352066984528,6560
2008-07-21,103.96760559082031,104.5135696190534,102.33750874183748,103.34364160092967,2350
2008-07-22,102.85617065429688,104.43556870389465,101.62774862670715,101.62774862670715,83380
2008-07-23,104.40826416015625,105.91746916487446,102.95364959921814,102.95364959921814,8560
2008-07-24,103.9870834350586,105.2935052320509,103.37092667797185,105.2935052320509,8580
2008-07-25,106.2879409790039,107.0795916856818,103.88959125393512,104.51355515748773,5740
2008-07-28,107.67626190185547,108.80329819425587,103.74140569995417,106.10465918176112,8380
2008-07-29,105.36760711669922,107.23948699147054,104.20158278770239,104.20158278770239,2650
2008-07-30,106.23725891113281,107.24339167654999,103.7336079489538,104.90353585815254,3350
2008-07-31,107.73085021972656,108.80328402281887,105.22719952292336,107.90634414795365,7870
2008-08-01,107.06790924072266,107.63337921807859,105.85899312547629,107.63337921807859,1420
2008-08-04,106.47904205322266,108.02334356025361,106.15925890193743,106.20995768215609,12530
2008-08-05,107.11858367919922,108.72528257786732,106.85340290781376,107.16537888578245,3660
2008-08-06,106.81051635742188,108.41331176486057,106.46343205685947,108.1013357720289,12360
2008-08-07,107.22779846191406,107.94535287936185,106.46344882828191,106.77542487025985,1940
2008-08-08,105.34031677246094,107.97655837977672,103.97540075229122,107.4851848041562,5120
2008-08-11,107.24729919433594,107.97655238041405,106.07346767385064,107.9648535769361,6690
2008-08-12,106.25675964355469,108.17933843919485,105.30521726536757,106.5414464037995,6020
2008-08-13,107.86346435546875,108.02335594944932,106.40884953788219,107.24340392093345,9940
2008-08-14,108.44060516357422,108.8032799069953,107.63335216605986,108.41330399335015,5000
2008-08-18,108.413330078125,109.11528213113118,108.413330078125,109.11528213113118,7410
2008-08-19,108.9709701538086,109.19325928791369,107.63335558380064,109.19325928791369,12570
2008-08-20,110.74925231933594,111.14313178771397,108.41330048064731,108.49130042129723,9420
2008-08-21,111.15875244140625,111.53312603564531,109.97322217500691,110.59718609948666,7620
2008-08-22,111.11974334716797,111.52532164996997,109.20105651951945,111.52532164996997,8110
2008-08-25,111.14705657958984,114.28245485363185,110.98716500150883,114.28245485363185,7400
2008-08-26,111.25625610351562,112.1960996893797,110.44120769361957,111.14315973147441,6600
2008-08-27,111.29912567138672,111.529210037052,108.8071857203416,110.5191738279977,2740
2008-08-28,111.17825317382812,111.33814475730608,110.37100002106962,110.8311807325205,1230
2008-08-29,112.38327026367188,112.70305340989307,110.21500485950209,111.84510153006103,17890
2008-09-01,112.4456787109375,113.71700428267823,110.83507592247409,112.70306429975685,13250
2008-09-02,112.93704986572266,113.75600183061415,111.22115787807363,112.70306188987895,5520
2008-09-04,113.8963851928711,114.04848153951436,112.39108360376113,113.87298758586792,10200
2008-09-05,109.8601303100586,113.09303452588881,108.53031078629189,110.77267267775349,7130
2008-09-08,111.41613006591797,113.01502188822171,109.98100957155899,111.37713009195714,8660
2008-09-09,109.04508209228516,111.51752838798133,108.335322949364,110.75317879620911,4380
2008-09-10,108.66290283203125,110.59718018344067,108.02724013864436,110.59718018344067,2470
2008-09-11,106.97039794921875,108.80328966823619,106.85340992507784,108.80328966823619,5000
2008-09-12,104.91522979736328,111.92309812462602,104.36536227739691,108.02333860808854,11100
2008-09-15,102.33358001708984,106.34643546510168,100.61378482508478,102.19318250084439,8940
2008-09-16,104.5408706665039,114.41116241511547,99.83385742313571,101.3937614453722,184210
2008-09-17,104.9035415649414,107.24339751062783,103.03166156884137,107.24339751062783,10420
2008-09-18,107.13029479980469,108.25733105947234,99.91184772739162,105.25061967954947,9270
2008-09-19,107.53196716308594,110.20720843132442,103.34753273830246,104.66954505118136,16380
2008-09-22,105.71467590332031,106.75591693235957,104.12357925457536,106.073459015897,2430
2008-09-23,103.75701141357422,106.42444576902643,102.2517097979486,103.42163777320603,21110
2008-09-24,105.34031677246094,105.99547360587283,104.51356954442358,104.51356954442358,7130
2008-09-25,103.44892120361328,106.0734637642428,103.36702958228597,106.0734637642428,2270
2008-09-26,102.98484802246094,104.90353501461222,102.40769120861538,103.88959512123543,1880
2008-09-29,104.1625747680664,105.29350260096365,99.98982749713534,102.2516950640509,17570
2008-09-30,105.32081604003906,107.63337075099207,99.92354989138488,102.9536589792098,14830
2008-10-01,103.50352478027344,105.29351307440362,103.0316571836246,103.0316571836246,2810
2008-10-03,102.80546569824219,105.2935143488881,102.6494776868387,103.34363445353831,3960
2008-10-06,98.96029663085938,102.56367661300094,97.80597113133132,102.56367661300094,12430
2008-10-07,101.56533813476562,103.03165152616425,97.49788585135057,101.93971171727023,41320
2008-10-08,97.34188079833984,100.37979032129331,95.54409173221336,100.37979032129331,9900
2008-10-10,93.52794647216797,97.26001376483761,89.69448160931964,91.25438563730782,10280
2008-10-13,93.95298767089844,98.1959271212689,92.0343070681217,98.1959271212689,7890
2008-10-14,94.49897003173828,99.44386195833881,93.59422301961301,96.7140304536001,4000
2008-10-15,92.96246337890625,95.14632499968701,91.34016209451342,94.37417433041327,2880
2008-10-16,90.57581329345703,97.10401293153825,88.53234309474264,88.53234309474264,7270
2008-10-17,89.57357025146484,93.98419696612575,88.52453407182799,93.20424512408322,7450
2008-10-20,89.33570098876953,90.86440616381005,87.43261624304742,90.86440616381005,7220
2008-10-21,89.72176361083984,91.15687215360951,85.79470320339719,86.1534803390896,6610
2008-10-22,87.91618347167969,89.986954916587,87.3546171237941,87.90838228613653,3320
2008-10-23,88.48943328857422,88.68051767206109,84.46878269387815,87.74457788814489,16000
2008-10-24,85.90391540527344,88.60254869292531,84.62479456258438,85.88051779665476,26980
2008-10-27,86.51616668701172,89.69446829191394,76.4547860102414,85.79470880096116,27080
2008-10-29,88.64153289794922,89.38248480828761,85.01865306072631,87.04262915387925,3780
2008-10-31,91.50395965576172,92.0343272030901,85.79860941691608,85.79860941691608,17400
2008-11-03,92.36579895019531,94.35857613764796,90.86438927930458,91.48835313097456,8460
2008-11-04,92.93126678466797,93.59422468608227,90.12733885135773,93.51623068895599,7240
2008-11-05,92.19029998779297,95.46610110420062,91.17636622244011,95.46610110420062,7990
2008-11-06,90.80201721191406,91.64436686313132,88.52455862949282,88.68054666094996,5810
2008-11-07,89.90115356445312,92.42429838892127,88.45044258205053,92.42429838892127,11840
2008-11-10,90.17805480957031,91.9953384960603,89.31230759022164,90.47443443534597,58950
2008-11-11,90.98917388916016,92.03430637648897,90.47440287858237,90.86437875305903,3160
2008-11-12,89.928466796875,90.77861160941859,88.5323520211788,88.5323520211788,1430
2008-11-14,88.03706359863281,90.46661190465527,87.82257565335244,88.32564792051554,1190
2008-11-17,86.97245025634766,88.52455308928896,86.65266707614322,87.8225950905391,102600
2008-11-18,86.23149108886719,87.24932868539115,85.01087025704607,86.57467187254163,4620
2008-11-19,85.98970031738281,86.88664622735887,83.61084454969341,83.61084454969341,18360
2008-11-20,85.98970031738281,85.98970031738281,85.98970031738281,85.98970031738281,0
2008-11-21,86.0286865234375,88.68051790158354,82.69439136494618,86.57465040704167,6620
2008-11-24,88.51284790039062,88.60254070886715,86.18469084363751,86.88664879175222,4630
2008-11-25,87.43260955810547,89.53848332487547,86.96463959345468,88.13846509778323,4650
2008-11-26,86.20028686523438,89.69447421824418,85.40863611230954,89.69447421824418,2810
2008-11-27,86.20028686523438,86.20028686523438,86.20028686523438,86.20028686523438,0
2008-11-28,86.46546936035156,87.22981890109018,84.2504028380297,84.2504028380297,3590
2008-12-01,85.93509674072266,87.35460889728105,85.79470516697246,85.98969313326104,5560
2008-12-02,86.6331558227539,89.69446944265134,85.7947099016665,89.69446944265134,11060
2008-12-03,87.64710235595703,89.61648226418978,86.22369239536177,89.61648226418978,4900
2008-12-04,97.82936096191406,104.82552407070084,86.42256513486379,86.42256513486379,45610
2008-12-05,91.54684448242188,99.44385662627296,91.25436255116813,95.58309751394759,363800
2008-12-08,92.72457885742188,101.39374214463088,92.04212097760225,99.44386248800336,17820
2008-12-10,93.70342254638672,94.37418166900467,92.82207902506818,94.37418166900467,160030
2008-12-11,98.4455337524414,100.45781116397731,92.05382791140441,92.81427985455431,26780
2008-12-12,95.785888671875,97.40038882870994,94.84214760923821,94.9981415558893,6970
2008-12-15,95.21263122558594,104.82553655940298,94.37418526564043,94.38198645124099,18030
2008-12-16,93.34463500976562,96.32405075459799,92.03431570074949,95.93407484061176,10660
2008-12-17,93.0794677734375,95.15414292629676,92.81428695269929,95.15414292629676,5220
2008-12-18,93.00536346435547,93.98420092515005,89.85435717570226,92.50229117273265,14150
2008-12-19,101.30795288085938,102.17369997501312,92.58028912385245,93.04826502922484,28690
2008-12-22,100.48899841308594,106.85340867666596,95.62600386498123,99.59985373663883,56030
2008-12-23,99.35807037353516,105.28960113974586,98.74190766895711,100.45780539008301,9320
2008-12-24,96.49954223632812,100.61378946866671,95.25162045628622,100.61378946866671,34330
2008-12-26,97.72017669677734,98.81990580885187,95.38812212390252,96.87392957828627,510030
2008-12-29,99.0031967163086,100.36420903110512,97.11181684902213,98.66391952961553,4140
2008-12-30,99.9157485961914,104.88405097711396,95.93409692991081,104.88405097711396,8230
2008-12-31,103.14473724365234,103.7570023535102,99.83384517114028,99.91184512312894,20160
2009-01-02,103.44113159179688,104.19768596627344,101.86562525616162,102.71967362836845,5730
2009-01-05,104.69684600830078,105.2935087484974,103.03554461746553,105.21550879638313,23660
2009-01-06,104.51747131347656,105.25451976309516,103.4489289833187,104.12359174607772,11320
2009-01-07,100.71907806396484,104.51354810610103,99.45555987283183,104.51354810610103,61840
2009-01-09,98.66390228271484,101.3937335711694,97.25998666842851,101.3937335711694,499570
2009-01-12,99.8299560546875,101.00378164511785,98.7419197077404,98.7419197077404,118380
2009-01-13,100.20433044433594,100.53190883163022,99.44387254092705,99.67786050360073,9980
2009-01-14,101.39765167236328,101.78372405870981,99.83384428747016,100.69179614726427,3620
2009-01-15,101.5146484375,102.01772079410296,98.27394893080032,100.61380485772413,8400
2009-01-16,101.47174835205078,102.17370031129805,100.61379648975151,101.31574844899878,6040
2009-01-19,102.31021118164062,103.30464527174809,99.44778267368898,99.44778267368898,8720
2009-01-20,102.18929290771484,102.40767846975368,100.2472085512404,100.2472085512404,4130
2009-01-21,103.53082275390625,104.12358193218748,100.22772587724104,100.22772587724104,205230
2009-01-22,103.09403228759766,104.66953839461478,102.32968278861988,104.66953839461478,11460
2009-01-23,102.30628967285156,102.95365118037793,101.9631089314042,102.5636752289371,3440
2009-01-27,105.42217254638672,105.83944958690302,101.39763058054919,101.39763058054919,12870
2009-01-28,103.51131439208984,104.12357949482673,102.19709733410613,102.9536516353343,11460
2009-01-29,104.54867553710938,105.99548331875278,102.78208454516763,103.34365099701495,22880
2009-01-30,108.46400451660156,109.19325758270678,102.17759459137646,103.73359470357144,61370
2009-02-02,109.1971664428711,111.45511855994587,105.33250346083486,111.13923900157539,23780
2009-02-03,107.9531478881836,109.88742531361206,107.63336474535208,107.71525636447467,11780
2009-02-04,107.29407501220703,109.19325580724666,106.08124373233677,108.41330398005204,11720
2009-02-05,106.08126068115234,107.53587535568036,105.45340507248473,106.50244139975776,93260
2009-02-06,108.97879791259766,109.19327995205427,106.07347195342415,107.24339995291044,21050
2009-02-09,107.58265686035156,109.1152593941018,107.16537976303407,107.64115086905943,5860
2009-02-10,108.9670639038086,109.18544944106733,106.17483521900697,108.41329292646871,17190
2009-02-11,108.9007797241211,109.20496047702814,106.8768036716977,109.20496047702814,1690
2009-02-12,107.66455078125,109.5793340481527,106.95090005746917,109.1932616812812,6740
2009-02-13,108.2534408569336,108.41333245163378,105.53530754927755,107.25119963951035,21050
2009-02-16,106.95870208740234,108.40941313224118,106.85341286278083,108.40941313224118,4100
2009-02-17,105.53138732910156,106.77541157598023,104.751435420143,106.46343557284546,3040
2009-02-18,107.88294219970703,108.49130367141721,105.45338797923131,106.07344825227744,17200
2009-02-19,106.06175231933594,108.95147533867087,105.83946318682078,107.64115004800531,3270
2009-02-20,105.86678314208984,107.66847032295505,105.33251793663497,107.62947034348709,11800
2009-02-24,104.55255126953125,107.55146718230267,101.5575389244953,107.24338285922951,147790
2009-02-25,103.51131439208984,104.81773621541404,102.25169968008748,104.81773621541404,9210
2009-02-26,102.5558853149414,104.04169281492536,102.25170453308144,102.5675841180467,7090
2009-02-27,102.57147216796875,103.33193004636334,102.17760454323137,102.56367693321417,1290
2009-03-02,102.56367492675781,104.12357872792522,102.56367492675781,102.95365087704967,3900
2009-03-03,102.79768371582031,103.27345494766735,101.39376762995006,102.56369571798794,10990
2009-03-04,100.53970336914062,102.94195676042169,99.8338478190721,102.333595202364,10670
2009-03-05,98.83941650390625,102.48568855179411,97.83327770481,102.48568855179411,32720
2009-03-06,99.0031967163086,100.18482341881997,98.27394356309532,98.27394356309532,4890
2009-03-09,95.53630065917969,99.81824060989142,95.15412591796118,99.81824060989142,8680
2009-03-12,96.99482727050781,97.08452008072057,95.46612212644435,96.01598969232509,6050
2009-03-13,96.55414581298828,97.49398929795518,95.54410951199607,97.49398929795518,5810
2009-03-16,100.69568634033203,102.95365041469562,96.32405928950689,97.33409556809224,30070
2009-03-17,100.97647857666016,101.02327379051226,99.99764695059349,100.06783977137165,54120
2009-03-18,104.63053131103516,105.29349511479865,100.23941068160197,101.70571200229074,14750
2009-03-19,101.53412628173828,104.90352399162818,100.69178875538658,102.95754793114584,41450
2009-03-20,105.69127655029297,106.36203565313909,101.4795410959429,103.33972207307527,437550
2009-03-23,105.58988189697266,106.76760486854367,104.12356865733481,105.68347230763197,63860
2009-03-24,104.32636260986328,106.44783274520962,101.86172363299109,106.44783274520962,46320
2009-03-25,100.04053497314453,103.70241503904488,98.4689322922088,102.68066800208018,70790
2009-03-26,103.56592559814453,118.5526999040932,102.42719048099283,105.21162473733179,45630
2009-03-27,104.36927795410156,106.45565191773265,103.05115718040526,106.45565191773265,31480
2009-03-30,108.21441650390625,108.41330803563966,100.62158470608478,101.78762082412237,50010
2009-03-31,109.1971664428711,112.93703426820956,106.46343130324583,109.19326287512392,701060
2009-04-01,109.18156433105469,111.0573476492175,107.9453353655176,108.02333531391837,129510
2009-04-02,111.32254791259766,111.92311429723883,108.42112546095568,111.35375265786705,49130
2009-04-06,115.35487365722656,131.65587443501465,109.66123468286267,113.32700599136787,919940
2009-04-08,114.84791564941406,115.80725314052134,110.10190316859683,110.10190316859683,68050
2009-04-09,112.85124969482422,118.4746965969284,111.61892418410459,115.43288874846506,55930
2009-04-13,115.06629943847656,115.90085365923615,113.09302214215487,113.46739571072531,38810
2009-04-15,118.52149963378906,118.94266843634874,113.0930290050529,113.0930290050529,362020
2009-04-16,118.60729217529297,119.72261768943795,117.85073787363481,118.94266578266637,78850
2009-04-17,119.82403564453125,120.89256613035612,118.70869803938946,119.95662606312003,138740
2009-04-20,124.43354034423828,124.87032347346981,118.16273132431354,119.72263536819887,131020
2009-04-21,121.41510772705078,132.51381964673328,118.31869781147367,127.9121083153491,317190
2009-04-22,118.5409927368164,122.37445117740735,116.99278770349528,122.37445117740735,66220
2009-04-23,118.85298156738281,118.9426803320375,116.99280032659426,118.9426803320375,17360
2009-04-24,121.16553497314453,121.67249895835563,117.3827634181572,118.86466729886796,658590
2009-04-27,120.2256851196289,126.11821582347251,117.0746728795964,120.81064902595404,114550
2009-04-28,121.89481353759766,123.23242849697539,118.94269206195409,121.67252433878582,45990
2009-04-29,124.85468292236328,125.96221302672394,120.50645410986904,122.8424058929351,79390
2009-04-30,124.85468292236328,124.85468292236328,124.85468292236328,124.85468292236328,0
2009-05-04,123.24800872802734,126.35221411280553,121.67250247899791,122.68644237988066,29770
2009-05-05,120.68972778320312,124.01231767034568,120.11255925303922,123.2713659512811,25620
2009-05-06,121.63347625732422,122.06245211142213,117.61672939876996,121.51648825217003,30240
2009-05-07,121.70759582519531,124.40233113464785,119.09865570291498,122.4446561015096,22510
2009-05-08,121.69979858398438,121.9610758080273,119.17665369047447,120.49087074871498,46130
2009-05-11,122.39786529541016,122.99843168562391,105.41051118120845,117.5075746784684,130470
2009-05-12,122.46415710449219,123.11542223067654,119.95661439746236,121.17333755665658,26950
2009-05-13,122.53043365478516,122.84240961717438,120.58444580332602,122.4524337136278,63000
2009-05-14,124.83909606933594,125.5722527410719,119.4106376465237,120.50256551860627,77580
2009-05-15,127.58454895019531,128.84806737551818,124.79231937602206,125.49427141206299,174720
2009-05-18,127.58454895019531,127.58454895019531,127.58454895019531,127.58454895019531,0
2009-05-19,131.18405151367188,139.45544034950106,127.91214668322866,131.03195513891717,539010
2009-05-20,135.30995178222656,139.61138590544732,129.861987448363,131.10991521131828,214970
2009-05-21,135.45034790039062,139.2214207522175,133.76175719330703,136.10161300426867,45340
2009-05-22,132.75950622558594,135.71162694382267,131.96785554445847,134.15951842023392,6410
2009-05-25,132.5723419189453,134.5417158984592,130.25588359747334,134.5417158984592,9700
2009-05-26,132.44752502441406,134.54169383293876,130.6419345914043,132.82580214688775,64790
2009-05-27,135.63754272460938,155.99038978373153,133.37178326509044,140.38744723725466,278600
2009-05-28,132.47093200683594,154.60206726944844,129.17953402185722,154.60206726944844,327130
2009-05-29,133.71495056152344,140.00136073257852,129.47201048249602,140.00136073257852,80790
2009-06-01,131.2502899169922,134.40909713450992,129.4720007384572,133.29375985522867,70630
2009-06-02,130.21298217773438,132.18625975772983,128.30210218499099,128.30210218499099,26730
2009-06-03,127.86139678955078,132.1238305323074,126.79677019626399,132.1238305323074,33620
2009-06-04,127.27254486083984,129.78399092168235,126.35220733476689,127.22574965119159,43680
2009-06-05,128.16949462890625,128.92604890908424,127.66251876322586,128.66866335902276,75490
2009-06-08,127.81852722167969,131.03192539320153,127.52214167731219,128.84805758975708,31360
2009-06-09,129.31350708007812,130.3128386649319,122.63796721370616,130.07299664479262,43070
2009-06-10,128.1582794189453,131.4320908074978,127.91444835722311,128.5540230387837,21850
2009-06-11,128.2262725830078,130.63265937504997,126.39550193372582,128.79389846226806,15080
2009-06-12,125.12432098388672,128.97374870200218,124.7165980357489,128.95376694725095,18470
2009-06-15,126.88314819335938,127.91445310400636,124.32484937218095,126.79520651889545,14060
2009-06-16,126.15962219238281,126.53937310864013,124.31686043813193,125.11632577857007,23540
2009-06-17,127.89844512939453,128.71390308637106,126.87114157155553,127.90644758903785,20160
2009-06-18,127.9504165649414,129.49737989717164,126.35548726874616,127.83449068611145,16800
2009-06-19,125.16028594970703,127.9144498024754,124.32484616329931,127.9144498024754,10720
2009-06-22,125.16028594970703,127.83449839179984,121.99841137865994,123.91712324614805,9250
2009-06-23,124.71257019042969,125.07632832093607,122.08633627493727,123.52137484760505,43050
2009-06-24,125.45208740234375,125.91577871799528,124.72457108646611,124.72457108646611,10490
2009-06-25,123.97706604003906,125.89977891029382,123.91710858856075,124.72456406583456,10460
2009-06-26,124.66061401367188,126.31551298225232,123.51738453011382,124.71658243817318,15310
2009-06-29,128.7179412841797,130.31287098554685,124.00108771445764,125.91581092161736,72240
2009-06-30,127.542724609375,129.90913553070936,125.75990785708704,128.7059483131672,57550
2009-07-01,125.5280532836914,128.30620029524385,124.82053083015694,127.91445787640298,43540
2009-07-02,126.4234390258789,127.91444618076747,125.91578295919298,126.31551560350788,18300
2009-07-03,126.54337310791016,127.75056136863341,125.9157898940421,127.10699763130062,32530
2009-07-06,126.45143127441406,127.83051386448693,124.35683598873628,126.4034653058677,45600
2009-07-07,129.98507690429688,132.63130543555724,124.76056756963992,127.03105858457498,53900
2009-07-08,128.27420043945312,129.51337405070026,126.79519700572817,127.11497823494655,13390
2009-07-09,127.41079711914062,127.93045694938176,126.32352368526749,127.93045694938176,4740
2009-07-10,126.21559143066406,127.6346375394881,125.53205197589267,127.6346375394881,3050
2009-07-13,128.68594360351562,129.9131259051804,125.51606625915892,127.0350456209623,43920
2009-07-14,127.7745590209961,129.03371462471077,126.7552454843876,128.68594911690022,4570
2009-07-15,127.3708267211914,129.0736796388876,126.63530785665448,128.5940077433017,4330
2009-07-16,126.61532592773438,128.31418981153192,126.12365034153507,128.31418981153192,5170
2009-07-17,126.73127746582031,127.90649275445872,126.31555198032645,126.31555198032645,3790
2009-07-20,132.56736755371094,134.70992911684542,127.35484937338606,127.82653106392875,252040
2009-07-21,132.8311767578125,133.9104599714606,128.31420194280255,133.9104599714606,15430
2009-07-22,137.02438354492188,138.30752217017996,132.83117898504787,132.83117898504787,46070
2009-07-23,142.4447479248047,143.5040371239673,136.38880005140922,137.50804671488788,182020
2009-07-24,145.51068115234375,146.7018888924379,143.10429488690127,143.50402755418312,83390
2009-07-27,147.36941528320312,147.90105424582714,143.90372845539937,145.4546928139046,36940
2009-07-28,144.1875762939453,147.90109642805322,141.4254219211133,147.90109642805322,17890
2009-07-29,145.83444213867188,146.6898757760098,139.50668031591462,142.3048085744,24900
2009-07-30,145.25485229492188,146.29814865586332,143.98370539577286,143.99169565717804,5170
2009-07-31,149.4001007080078,151.41874601862654,145.67059988258748,146.69790367851888,82160
2009-08-03,146.8178253173828,151.0989590755041,145.90243402793385,151.0989590755041,132370
2009-08-04,142.68057250976562,147.90107992247061,142.1449322247219,146.85778356550327,15420
2009-08-05,144.36744689941406,146.9817018743754,143.66391352416514,145.5026861738287,17420
2009-08-06,139.60264587402344,145.90243720320422,136.8924586243408,144.70323908920528,29570
2009-08-07,136.26885986328125,139.90642946925644,135.90910291299195,139.90642946925644,16270
2009-08-10,135.18560791015625,143.29618811609464,134.3101922880829,139.82250984559113,198460
2009-08-11,132.4754180908203,137.90778412329024,131.86782876685731,136.70858600047902,9930
2009-08-12,131.61996459960938,133.87046135939954,130.87246649975845,133.87046135939954,47020
2009-08-13,134.00238037109375,135.10963541768606,130.7125762768738,132.79119093207945,12300
2009-08-14,137.8278350830078,139.90244884721727,135.10965750389923,135.10965750389923,78580
2009-08-17,134.35813903808594,138.30749965044424,133.83048900186347,138.30749965044424,10100
2009-08-18,132.97903442382812,135.5053348999924,132.3114756895535,133.0309894089217,15360
2009-08-19,133.22291564941406,134.70992180236846,131.99174428353203,133.83050497039983,14690
2009-08-20,131.74388122558594,134.70990285172417,131.27620085714284,133.35081428349906,11050
2009-08-21,130.86451721191406,133.51074621806876,129.91315126009687,133.51074621806876,16460
2009-08-24,131.91175842285156,133.8944287095233,130.87245121974584,133.8944287095233,666200
2009-08-25,134.5859832763672,138.38744457903013,132.31150358327068,133.08698587927574,36670
2009-08-26,132.7751922607422,135.4294105888464,131.91176831337188,135.34947138191896,11120
2009-08-27,130.9644317626953,135.10965807794125,129.67329069775215,132.00772829653567,40860
2009-08-28,132.62733459472656,133.50275030671094,131.11234403304974,131.11234403304974,217550
2009-08-31,133.02703857421875,134.70990969808608,131.1163169008774,131.1163169008774,431010
2009-09-01,134.498046875,142.79249946373358,133.11097407461594,135.10963734900955,68010
2009-09-02,134.25816345214844,135.1095956963736,133.43071418391256,134.31013063308143,8590
2009-09-03,134.0943145751953,134.62995487520044,133.5107083078573,133.5107083078573,5300
2009-09-04,132.31951904296875,134.7099250723458,131.91179606490834,133.11099421095298,7300
2009-09-07,131.9317626953125,135.02969088408747,131.74388785268349,134.62995821456812,286270
2009-09-08,132.67929077148438,133.75057154127998,130.71260040702975,133.75057154127998,15480
2009-09-09,131.7279052734375,133.4307581237828,131.11231355629977,132.63129279721997,11140
2009-09-10,131.59596252441406,133.50668381645883,129.59331054395608,129.59331054395608,24840
2009-09-11,131.77587890625,133.0310331985486,131.3121875260072,133.0310331985486,85830
2009-09-14,131.44009399414062,132.71124090398555,130.87646948908733,132.71124090398555,6080
2009-09-15,131.65191650390625,132.23152137645656,130.80048422885474,132.23152137645656,14300
2009-09-16,127.83049774169922,132.71122960767082,127.19492434087645,132.71122960767082,63950
2009-09-17,125.46009826660156,130.74057597049554,125.24824042541393,130.71259175401116,1262870
2009-09-18,123.38146209716797,126.71122918827773,122.39812334620255,126.71122918827773,111150
2009-09-22,120.95509338378906,125.11231023882156,120.3195199746976,123.38147334223723,219680
2009-09-23,121.11499786376953,123.11766244549965,120.8791570521705,121.51873176438926,253250
2009-09-24,122.40213775634766,123.11766265303513,120.40347440159059,121.51873196922948,193450
2009-09-25,122.15031433105469,123.50941528386784,121.59869344654263,121.78256707471331,41880
2009-09-29,123.6772689819336,124.67660052218656,120.71925006255906,123.75722038470236,24770
2009-09-30,125.12828826904297,126.39544590744538,122.47805932792912,122.47805932792912,432440
2009-10-01,124.68461608886719,126.31551996650032,123.19761011269904,123.19761011269904,33740
2009-10-05,124.07303619384766,125.58002405192524,123.5174018962015,124.71659997286365,29280
2009-10-06,122.86183166503906,128.3141913198853,121.52672596688387,127.51472595340627,73120
2009-10-07,123.83319091796875,125.50807183072155,123.15764170977619,123.5173986836432,33040
2009-10-08,125.6999282836914,126.2275783202524,122.71792606916095,123.27754935087445,80980
2009-10-09,130.72056579589844,132.3115061221332,123.9171205373453,125.35616050594054,168340
2009-10-12,131.1722869873047,132.7152615988544,129.91313138443044,131.0323780983466,42240
2009-10-13,131.1722869873047,131.1722869873047,131.1722869873047,131.1722869873047,0
2009-10-14,130.4447479248047,132.19158982045653,128.91377727076724,131.11230680561752,35920
2009-10-15,131.1882781982422,131.75190277945828,129.12165473378317,130.39281401427277,21400
2009-10-16,131.22422790527344,132.37545983690435,130.16093764061077,130.16093764061077,27180
2009-10-20,140.94973754882812,142.7045699082006,138.7072430200157,138.7072430200157,156180
2009-10-21,140.5779571533203,142.8244524025232,137.50801372805094,137.50801372805094,87180
2009-10-22,135.92112731933594,139.9064633489746,135.50940307229254,139.14697355914097,19860
2009-10-23,138.3474578857422,141.49735278443885,136.70855175533384,136.70855175533384,45940
2009-10-26,137.1243133544922,139.90644962273373,136.80451986460136,138.3075187699025,20070
2009-10-27,133.53070068359375,138.22357077589803,132.87114418255368,135.90911507699053,17920
2009-10-28,133.73455810546875,134.31017411329267,131.11231282488095,131.9117781469839,30970
2009-10-29,134.3022003173828,135.02970457854667,132.0716849638813,132.0716849638813,15790
2009-10-30,133.01101684570312,138.66324141851098,132.3514605242588,136.7085432343515,16670
2009-11-03,132.387451171875,134.22622371612545,131.12029336280852,132.0716589773787,9810
2009-11-04,132.53933715820312,133.47070872093204,131.30016369537364,133.47070872093204,14490
2009-11-05,131.53199768066406,132.79116503910564,129.35346248683254,129.35346248683254,11500
2009-11-06,131.1203155517578,132.95109814478974,129.5133944931595,131.91179068747726,73970
2009-11-09,133.6505889892578,134.31014529871857,129.8331355758799,130.71255212107434,16520
2009-11-10,133.4827117919922,135.10163623351102,132.8791238268506,133.51069600331488,10620
2009-11-11,135.26153564453125,135.90910058372828,132.31150674474722,133.51070469107424,16470
2009-11-12,134.0423583984375,135.90911543977649,133.5107192849569,135.90911543977649,7080
2009-11-13,133.62261962890625,135.82913929811505,132.7152309737569,135.02967405869384,8760
2009-11-16,133.69461059570312,135.5014104119873,132.71127145781526,135.5014104119873,16300
2009-11-17,130.88046264648438,134.31016323296546,124.89646470734648,134.31016323296546,24540
2009-11-18,133.70260620117188,135.02970957654648,131.91179920222555,134.23024412683603,85190
2009-11-19,134.57398986816406,135.1895815394848,134.15027425253174,134.31016486616946,9870
2009-11-20,134.9817352294922,135.20558456561747,132.81118959588068,132.81118959588068,92200
2009-11-23,131.85581970214844,134.86980761035827,131.1203130139912,133.75056095422195,15520
2009-11-24,133.7385711669922,134.31018599513462,132.7991968906443,133.51072060230644,9220
2009-11-25,133.27488708496094,134.62598562476353,133.11099520657737,134.62598562476353,5340
2009-11-26,131.8957977294922,133.91045394482438,131.11232505642505,132.31152315145334,12130
2009-11-27,129.77720642089844,131.9117773542202,127.5946695203584,131.9117773542202,24330
2009-11-30,128.16224670410156,132.31147247554654,127.11494938738308,129.9930285926828,34850
2009-12-01,129.9570770263672,133.4307547585843,128.8658146904098,133.4307547585843,16550
2009-12-02,129.5853271484375,131.83182268266907,128.88180598184684,129.91311084815297,111950
2009-12-03,130.51670837402344,131.74387830941058,129.11364290200655,129.11364290200655,15380
2009-12-04,131.02842712402344,133.3508738791161,129.19365490711368,129.19365490711368,20280
2009-12-07,133.26287841796875,133.51071071958063,131.27220534558555,131.27220534558555,27920
2009-12-08,133.66661071777344,134.3101744482122,132.7112438000192,132.7112438000192,14920
2009-12-09,132.559326171875,133.50270147485594,132.07165189973674,132.79117791703496,7180
2009-12-10,132.05970764160156,133.51073948664475,131.51207572187462,133.42679902420954,15570
2009-12-11,132.73922729492188,134.21024055556015,131.91177776123558,132.71124308100065,19890
2009-12-14,131.0762939453125,133.49467084586558,130.7125358831191,132.71119851130135,12860
2009-12-15,129.70526123046875,132.55135589074467,129.51338515716014,130.3168517279782,19160
2009-12-16,131.02037048339844,131.81584677753736,129.2775419291952,129.91311539912928,6220
2009-12-17,129.5653533935547,132.70325731982427,128.71392084731025,132.70325731982427,12350
2009-12-18,130.57664489746094,131.91175023904626,129.67324537097326,129.67324537097326,12670
2009-12-21,130.35682678222656,131.71192650982056,130.11299568724306,131.51206015699836,6700
2009-12-22,129.36949157714844,131.00838582082727,128.81385729147925,130.87247817226663,12440
2009-12-23,131.02842712402344,131.1123676022293,129.9131691180626,129.9131691180626,14060
2009-12-24,130.00106811523438,131.2722151630743,129.51339373728104,131.11232452416104,6770
2009-12-29,131.48806762695312,133.11098131816567,130.31285258174776,131.91178328827226,14790
2009-12-30,133.2668914794922,133.51072257244343,131.19227777857932,131.83184034318046,13680
2009-12-31,134.34219360351562,134.66997742614086,131.23227291795683,134.66997742614086,24750
2010-01-04,133.39479064941406,135.509379964845,132.79519162302094,133.43076512713284,18690
2010-01-05,133.59469604492188,135.44546086590412,132.71128997014353,133.5107555723733,22810
2010-01-06,132.37950134277344,134.70993792814986,131.5120759001819,134.70993792814986,21500
2010-01-07,131.83583068847656,133.1109788794781,131.1123155329394,132.37947346214904,821990
2010-01-08,132.1276092529297,133.49868906260556,131.19223648777748,131.19223648777748,145140
2010-01-11,132.0956573486328,133.75055649091723,131.91178373244784,133.75055649091723,1115070
2010-01-12,133.22291564941406,135.5093872136585,131.532041912941,133.91045639107844,534950
2010-01-13,132.73922729492188,134.1502830963523,132.11963435278034,134.1502830963523,10840
2010-01-14,134.3301544189453,135.26952860206595,132.73922625238652,133.83048859801653,36870
2010-01-15,135.4054412841797,135.5893270963179,133.67060295317188,133.6905969060772,22940
2010-01-18,134.5699920654297,137.028345384476,133.91043564308148,135.82914745334392,31790
2010-01-19,135.11764526367188,136.20891994566026,134.33417257343294,135.42943628725797,28070
2010-01-20,132.88710021972656,136.62460229230558,132.61528499234234,135.8930848376192,11010
2010-01-21,131.7158966064453,133.50270186627824,131.30816153578618,132.71122690459097,22210
2010-01-22,131.24819946289062,131.91175703791552,128.5540056621791,129.1935802572886,18500
2010-01-25,130.52474975585938,132.6713129245771,129.9131590642198,132.6713129245771,13250
2010-01-27,125.79983520507812,132.29548954585974,123.91709819337213,131.11228454008406,29810
2010-01-28,127.5586929321289,129.11365895268403,125.91579743063612,127.91446088191606,101900
2010-01-29,125.2362289428711,127.03502578998534,123.525373762904,127.03502578998534,33120
2010-02-01,127.57868194580078,128.3141886035263,124.40080230177168,125.1962786198123,10330
2010-02-02,127.9024658203125,128.6979299480866,127.19494336989582,127.9184585431611,12330
2010-02-03,127.84651184082031,129.06570396921677,125.11634270145319,127.11500632288215,21660
2010-02-04,127.58667755126953,129.02971891106702,127.19494732086015,127.9144612860447,6310
2010-02-05,127.714599609375,129.03371266006306,123.5174061949824,127.2029422334802,23760
2010-02-08,128.5020751953125,130.55270595619308,127.51473491040238,129.35350782223946,37340
2010-02-09,128.6299591064453,130.71256257459518,127.91443432376286,130.71256257459518,10100
2010-02-10,130.0210418701172,130.58466640167651,127.99440649359299,128.49007110338715,22230
2010-02-11,130.3368377685547,132.29552547736577,129.11365673330693,129.11365673330693,52810
2010-02-15,131.90377807617188,133.2708568439347,129.62529719807145,129.62929842802367,24750
2010-02-16,130.31285095214844,131.33216438526173,129.99306969439175,130.7125836237808,16400
2010-02-17,130.42478942871094,131.51206289868543,130.0730226885906,130.07702391937016,18400
2010-02-18,130.79652404785156,142.70456374952585,129.60132726350471,131.91178161720876,12690
2010-02-19,130.48072814941406,131.9117655720559,129.9131024573278,131.5120329491103,25950
2010-02-22,130.3168487548828,131.50804427773744,129.5973226455459,131.50804427773744,5810
2010-02-23,130.23289489746094,130.93642827810305,129.51338099371156,129.5253724854783,18380
2010-02-24,131.11233520507812,131.7439075498416,128.0743640227465,129.5174055188758,125160
2010-02-25,131.58799743652344,133.51071058612033,128.33816890666438,131.91177992041827,31950
2010-02-26,133.7864990234375,134.0663167107578,131.83180083939985,132.719207660575,64360
2010-03-02,135.17758178710938,135.90908709426049,133.29084338419892,135.90908709426049,123080
2010-03-03,139.32286071777344,140.7059326629226,134.15031778544798,134.15031778544798,54550
2010-03-04,139.58668518066406,139.99040697450107,137.6719618375953,139.8824835205027,55360
2010-03-05,141.2975311279297,141.82516906537353,139.58667551530894,140.30618955656186,143710
2010-03-08,131.1203155517578,135.82517722689045,128.71793032568374,135.7252440521272,191150
2010-03-09,128.7099151611328,133.1109756469738,125.91578777416441,132.71124298737328,88590
2010-03-10,127.61466217041016,130.3128578466835,127.19494772253933,129.51339246112101,57860
2010-03-11,126.06366729736328,129.10563870716248,125.12030422290378,128.5540057708999,49360
2010-03-12,126.03569030761719,127.91443850267379,124.4847379878243,127.91443850267379,45280
2010-03-15,127.05901336669922,127.43476303092721,125.93177657288751,127.01504863097175,38060
2010-03-16,127.97041320800781,128.3141774229034,126.3954656307079,126.40345589191288,34540
2010-03-17,127.53868103027344,128.71389583774513,127.21089737401357,127.91443064620634,17930
2010-03-18,126.8111801147461,128.47406937812053,126.7152481837981,127.13097354935975,21730
2010-03-19,126.46344757080078,127.87450368370821,124.71661741333787,127.87450368370821,25160
2010-03-22,126.33548736572266,126.79518962942987,124.79652656590716,125.52403064988728,22870
2010-03-23,125.75985717773438,127.11495643671539,124.8244844338569,125.93574048330483,21960
2010-03-25,127.5586929321289,128.2342421545714,125.52006597092225,125.52405500259076,48310
2010-03-26,126.5313949584961,127.90647645158322,126.31553588023118,127.19495271844069,10030
2010-03-29,125.39613342285156,127.39479661289464,125.11631569669673,126.39546501787311,214220
2010-03-30,125.82782745361328,127.91443211545142,125.5160365132867,125.5160365132867,22000
2010-03-31,127.8385009765625,128.31418381771556,126.1276456802812,126.95509521393797,291500
2010-04-01,127.9144515991211,129.3374988972515,126.79520502717787,128.31418426036836,169390
2010-04-05,128.01840209960938,129.35350789226896,127.52272524207237,128.63398169218272,20550
2010-04-06,129.4494171142578,129.75321782533072,126.71524731121795,127.19493136039917,117620
2010-04-07,132.16358947753906,133.35079576941786,129.43340902974023,130.23287421756783,71600
2010-04-08,131.84783935546875,138.78720574200636,129.51340172648594,129.51340172648594,201200
2010-04-09,132.50340270996094,135.10965557984733,131.9917453306313,133.49074298869172,31000
2010-04-12,131.97976684570312,134.23025197109914,131.3841567556273,134.23025197109914,15510
2010-04-13,132.13963317871094,135.50937669807513,131.51204995181922,133.8304945850984,128680
2010-04-15,131.91580200195312,134.0703550711315,131.91180077101708,134.0703550711315,88960
2010-04-16,132.43540954589844,133.4307398374222,130.79251438042562,131.11229558767639,13410
2010-04-19,130.8045196533203,133.03102124611954,130.33282585444806,133.03102124611954,6950
2010-04-20,131.2522430419922,131.87182388783728,130.33285045272646,130.33285045272646,8000
2010-04-21,132.0956573486328,132.9430886741246,129.92111060452746,131.89579100964426,118800
2010-04-22,132.387451171875,133.42675845330976,132.0716589773787,133.42675845330976,6310
2010-04-23,133.1309814453125,135.90912881084893,131.11633726024746,131.11633726024746,27520
2010-04-26,133.04702758789062,134.30618312646294,132.47941399727486,133.8624856943143,9640
2010-04-27,131.1882781982422,133.18694173494853,130.8245199706967,133.00705713709533,13280
2010-04-28,131.2602081298828,132.71123959900476,130.00105272406432,131.51204165082098,13400
2010-04-29,130.5047149658203,132.70723348774004,130.3128389095743,131.1123041789582,13910
2010-04-30,132.29953002929688,132.63130279733136,130.71659197903682,132.63130279733136,219580
2010-05-03,131.91580200195312,133.9104644190628,130.9524446597301,131.03238388632704,10730
2010-05-04,131.91175842285156,132.671247925512,131.91175842285156,132.671247925512,11770
2010-05-05,131.91175842285156,132.23153962432832,128.71389761260062,128.71389761260062,28490
2010-05-06,132.3394775390625,132.70323567642905,130.5846455334133,132.6232842752318,12650
2010-05-07,130.62060546875,132.23152721275403,129.91308322248526,129.91308322248526,9600
2010-05-10,131.9197540283203,132.7112290025194,131.512031150087,131.512031150087,64260
2010-05-11,131.9197540283203,132.7112290025194,130.55267530791534,131.27218913982625,14020
2010-05-12,131.9636993408203,133.11092972628194,131.91173216118028,131.91173216118028,14670
2010-05-13,131.9636993408203,133.02698931240798,131.1922185016667,132.7111972045814,24110
2010-05-14,131.9757537841797,132.55136986592092,131.91179508633354,132.55136986592092,11650
2010-05-17,132.36346435546875,132.69523706242256,129.71723636402675,131.91176454324366,28100
2010-05-18,134.55401611328125,135.50938310627453,132.23157013978863,132.4674231639795,57910
2010-05-19,133.75453186035156,134.31016608144466,132.02369490900804,132.31150289570888,29410
2010-05-20,133.95440673828125,134.70191706456296,132.71124401277712,133.1109766754662,19800
2010-05-21,133.77853393554688,133.9104403450993,131.5120443986199,133.51070768735275,44350
2010-05-24,133.93040466308594,134.94572889726942,132.26352652864924,132.26352652864924,10220
2010-05-25,133.66259765625,134.03034484141418,133.11096467963208,133.11895494057157,70220
2010-05-26,133.39479064941406,135.5053787343629,132.71125117501046,132.9111175171415,77170
2010-05-27,133.6825714111328,135.10961973069192,133.11894697738583,135.10961973069192,67230
2010-05-28,135.97706604003906,137.4280853671438,133.53069188283533,133.9344257781825,70670
2010-05-31,136.62063598632812,137.90777571428302,133.03103209933005,133.59465664654888,25340
2010-06-01,134.3821258544922,136.6086397505035,132.71124622433697,133.1109788936874,13170
2010-06-02,135.14161682128906,136.3008513329535,134.31017822833212,134.70991090163074,10480
2010-06-03,137.0323486328125,137.90776411134212,135.14160880861945,135.14160880861945,23030
2010-06-04,137.22023010253906,137.82781936771931,135.5533395055944,137.508038112124,16090
2010-06-07,136.12095642089844,137.0243560976383,133.97839531006497,135.9090986080819,22900
2010-06-08,135.50936889648438,136.30883419970846,134.79784526456982,134.79784526456982,8820
2010-06-09,137.83580017089844,139.10694693063903,135.5093534755363,135.5093534755363,24280
2010-06-10,138.04769897460938,139.74656305531892,137.5080573562561,137.5080573562561,21720
2010-06-11,140.40211486816406,141.02569692745516,137.91977812449088,138.70725206074462,19660
2010-06-14,141.37744140625,141.90509143452465,138.30749756717051,138.30749756717051,10760
2010-06-15,142.26487731933594,143.10431849890898,139.90645663301157,139.90645663301157,16130
2010-06-16,144.9750518798828,145.8984334356967,141.90510768915422,142.38479180596286,38520
2010-06-17,145.2108917236328,147.7691907307772,144.06366084078226,144.70323559256835,26300
2010-06-18,148.0130157470703,148.70055644223126,145.90242769197422,145.90242769197422,57870
2010-06-21,148.77247619628906,149.49599122665182,147.3414388552534,147.90106205568995,35620
2010-06-22,148.08497619628906,149.34014276000758,145.982390438835,149.34014276000758,12140
2010-06-23,148.17689514160156,149.016336135823,147.52532897847314,148.30081128563396,5990
2010-06-24,149.44801330566406,152.37405863231433,147.90505144802913,148.9763318029656,24110
2010-06-25,148.6566162109375,150.99105397500543,147.9051166994404,147.9051166994404,18360
2010-06-28,147.9370574951172,149.42006223619967,147.52933457676465,148.30481690688674,23390
2010-06-29,148.55665588378906,151.89841516189162,147.10961336598297,148.30881138041894,33420
2010-06-30,148.4407501220703,149.40410745483072,147.1016430512581,147.1016430512581,16080
2010-07-01,149.0883026123047,150.69922487299206,146.4700583594454,150.61927345504844,226200
2010-07-02,148.7405242919922,150.29947921643063,148.1409253057564,148.78049999751576,6560
2010-07-05,148.72451782226562,149.72384937361605,148.50066853067284,149.10825772230018,3490
2010-07-06,149.15225219726562,159.41338294207827,147.98103840905387,159.41338294207827,13240
2010-07-07,153.7012481689453,156.61529121976187,148.7005874143546,149.0203687442975,68620
2010-07-08,152.1062774658203,156.6952130981462,151.57863959081735,156.6952130981462,70030
2010-07-09,151.9183807373047,155.09626001667968,151.18687539390484,151.18687539390484,46870
2010-07-12,153.4653778076172,156.02765358370755,152.46604609502006,156.02765358370755,21780
2010-07-13,154.55665588378906,155.81581152941234,152.77785257453542,152.77785257453542,21390
2010-07-14,155.89175415039062,159.09361702993428,154.776508683546,155.41607125421532,33020
2010-07-15,155.29217529296875,157.89443945187918,154.45673529239224,157.49470669377314,11540
2010-07-16,155.55995178222656,157.33476563565077,153.9050528382749,155.0962604674798,19270
2010-07-19,154.64456176757812,155.7358362471963,154.32478054074613,155.09626159466043,8290
2010-07-20,148.6445770263672,155.65589110667582,147.58129891485825,155.48000776517682,43080
2010-07-21,150.75518798828125,157.4946750817519,150.37943829517127,155.0962790145171,30010
2010-07-22,154.88839721679688,157.01496544599044,147.10160152698148,150.29946242974196,162310
2010-07-23,158.6544952392578,161.1733352952407,154.69400523312046,154.69400523312046,295990
2010-07-26,155.81573486328125,159.54944930740118,155.09896342387614,158.7435865852727,14170
2010-07-27,155.44725036621094,157.28576407401732,152.3614708268669,152.3614708268669,9400
2010-07-28,154.54421997070312,157.0387642905862,153.965132635287,155.50396905236295,16990
2010-07-29,152.709716796875,156.31384176486284,152.34525694318484,154.694009207714,11940
2010-07-30,159.419921875,160.3634691726114,152.66926231836993,152.66926231836993,119180
2010-08-02,169.244140625,173.90521244446083,161.19357138858112,164.09712648659487,710190
2010-08-03,171.6860809326172,173.72707379134127,168.46261700978548,170.0824498656488,431500
2010-08-04,175.9178924560547,176.9667327069459,170.81136314771473,172.431195941371,340040
2010-08-05,186.11471557617188,192.4847117555016,176.56175425444286,177.20968976924684,1220100
2010-08-06,184.90391540527344,189.11547818658218,181.82217709670812,187.90060359437715,441510
2010-08-09,174.1725311279297,190.08738406924928,172.5121999710931,185.47086287971982,957970
2010-08-10,166.0085906982422,173.32213591183566,147.45340019139744,166.4378454667394,360270
2010-08-11,168.5030975341797,172.8361425516876,165.22698741166357,165.22698741166357,265670
2010-08-12,170.06222534179688,172.91717611654218,165.62792747462706,166.44595106489405,182070
2010-08-13,170.35780334472656,172.91714199553394,168.63268991022412,172.8361454166017,609890
2010-08-16,166.14625549316406,170.4064114540961,162.22626294888343,169.92046901245578,112090
2010-08-17,163.55857849121094,169.6734376174948,162.6312207236113,169.6734376174948,59080
2010-08-18,162.3639678955078,168.05768011757038,161.26248091943955,166.03288879085267,112780
2010-08-19,162.3275146484375,165.9316405499087,161.76461675703143,163.6841272380862,56430
2010-08-20,165.5428924560547,166.35685016427436,160.68743445953587,160.68743445953587,103310
2010-08-23,164.94757080078125,169.3535178287947,163.92706826573306,163.92706826573306,156950
2010-08-24,164.3401336669922,168.05764684074416,163.92706840879106,165.2229395446352,112690
2010-08-25,162.9632568359375,166.75771255355284,161.98325271931543,165.21482306006868,64360
2010-08-26,163.78939819335938,165.8708893760692,162.38824621255992,165.8708893760692,39870
2010-08-27,162.4368438720703,165.05692412469503,161.98329263004132,165.05692412469503,39070
2010-08-30,163.76510620117188,166.03287476722235,162.1452732766136,163.441144559598,117360
2010-08-31,166.01260375976562,167.60408637334282,162.38822325988022,163.1981395853659,119020
2010-09-01,166.51072692871094,168.0576703786813,165.25131272848103,167.16675730321543,73280
2010-09-02,166.2960662841797,167.8146593873927,165.2229296295776,166.84276227300484,30330
2010-09-03,166.57553100585938,168.05767973665883,165.87901465505885,165.87901465505885,38810
2010-09-06,168.60841369628906,169.83949025603494,166.8428016304579,167.486683775108,68510
2010-09-07,171.9654998779297,174.545094033734,169.27253027700965,169.27253027700965,179840
2010-09-08,195.49354553222656,202.07411542326474,172.16795378524748,174.233242807334,1064572
2010-09-09,195.43284606933594,216.61216910837496,193.6307769859036,198.47003282230423,2624460
2010-09-13,191.2415008544922,200.31256163140088,182.87911689387857,192.35513585152734,557102
2010-09-14,181.44151306152344,192.27414470225554,180.2063955187212,191.54522489967442,490184
2010-09-15,180.5101318359375,184.25599548031758,178.22212029779584,182.2312043211932,468788
2010-09-16,175.52914428710938,183.3853312335261,174.63823126543218,182.02871873347655,279096
2010-09-17,173.42337036132812,177.35147032510952,172.1072560503548,176.15683854565728,399560
2010-09-20,176.5415496826172,180.61137505153934,173.7270849710995,174.84072013117066,456820
2010-09-21,176.01510620117188,180.6113849490097,174.98246757585537,178.08039581015026,399604
2010-09-22,175.77212524414062,179.80146481566763,174.5572504818726,175.79238057185216,264442
2010-09-23,173.36260986328125,177.33119532507763,172.91715336654647,177.33119532507763,138560
2010-09-24,173.60557556152344,175.75184895799595,172.53242650494437,174.13201624870564,721184
2010-09-27,173.60557556152344,176.11630884591767,172.91714171673794,176.11630884591767,139462
2010-09-28,175.93408203125,179.39646944399917,172.10722237855452,172.10722237855452,575712
2010-09-29,174.33450317382812,178.16136306488363,173.72706588053953,175.93409298949211,224070
2010-09-30,177.35145568847656,178.18161508816337,172.91715827874035,174.5369911431782,200504
2010-10-01,176.82498168945312,179.78118373259605,176.15680318352895,176.21754443709614,150832
2010-10-04,174.96218872070312,178.0803718638164,174.5369875458894,176.9667367924679,106300
2010-10-05,175.18492126464844,177.97913039647383,174.15227043095965,174.73946476923427,129972
2010-10-06,176.1770782470703,177.37171000436456,175.38741709013996,176.56179352032638,107528
2010-10-07,178.62704467773438,183.40554596434893,176.1972957472506,176.56175561515474,589042
2010-10-08,178.58656311035156,180.48987156076066,177.99936878717295,178.78904220684856,182360
2010-10-11,180.26715087890625,180.61136784085474,177.77666027384583,178.58657672156266,115846
2010-10-12,180.5911102294922,181.21879048223863,178.22210234034623,180.20639500468423,93946
2010-10-13,177.14898681640625,180.6113748208675,176.39981160164626,180.20641658135884,70706
2010-10-14,176.33908081054688,179.3560124590617,176.15684464860666,178.42461339621184,51818
2010-10-15,173.9497833251953,178.5663165182631,172.5324296784956,176.35928946792205,75724
2010-10-18,171.66175842285156,174.8609253568607,170.2444048886906,174.53696377810357,44560
2010-10-19,171.843994140625,174.0915069391586,170.1836632470343,172.1882110412285,40314
2010-10-20,172.55270385742188,173.8890610698527,171.72253207292266,171.72253207292266,111524
2010-10-21,174.31427001953125,175.67087016423073,172.1072427863452,173.60559313746984,60940
2010-10-22,172.43121337890625,174.90146111071067,172.10725173075096,174.1320429275833,38170
2010-10-25,172.1274871826172,173.72707710159895,171.13534695450267,172.5122024365528,60660
2010-10-26,169.85972595214844,173.28161540810282,169.4750107097088,172.30971817677684,61560
2010-10-27,168.42210388183594,171.98574326585063,168.0576439930377,171.66176930820777,52642
2010-10-28,170.5481719970703,172.04652253113474,168.05768112199183,168.05768112199183,48678
2010-10-29,167.51095581054688,172.00599427141557,166.4783173509599,169.3130247315365,43070
2010-11-01,167.3084716796875,170.0419394287415,165.70889426376544,167.6526886086444,39684
2010-11-02,167.49072265625,168.82707984204464,165.22295414726577,168.82707984204464,54082
2010-11-03,168.3613739013672,169.27252986355137,167.6526970418906,167.79443488545465,30640
2010-11-04,167.5514373779297,169.1915129696517,166.0328442899122,168.09813336128443,44012
2010-11-08,169.57623291015625,170.89234695662313,168.05763977961755,170.08243062033583,434200
2010-11-09,178.32333374023438,181.42126128833314,169.57623474216408,170.08243245781233,389802
2010-11-10,177.63491821289062,183.04111284491248,176.80475881699795,178.8497928556666,250576
2010-11-11,174.80018615722656,180.08489752591444,166.96424334044258,173.1196122758082,347066
2010-11-12,171.66175842285156,176.90597144258385,170.91258336884093,175.7518382359558,130578
2010-11-15,167.6324462890625,172.91714568093897,166.0733547989592,172.10722930772616,79656
2010-11-16,166.215087890625,171.19606850034344,165.2634337076003,169.27251716887892,66366
2010-11-18,166.07337951660156,182.23121109539053,164.49404482544384,168.05767245463792,88276
2010-11-19,164.4737548828125,167.61218063560636,161.31508616527304,166.23532535766205,147368
2010-11-22,164.1700439453125,166.43781222836515,163.21838974922383,166.03285404776085,26838
2010-11-23,161.3758544921875,166.032874132489,160.76841714780033,166.032874132489,73462
2010-11-24,161.2745819091797,164.21052847249808,159.9584679325197,164.21052847249808,34074
2010-11-25,159.14857482910156,162.7931986801497,157.97419850432144,161.27460540887964,38822
2010-11-26,158.98660278320312,161.57833297071363,158.35891011480152,159.14858360273297,61532
2010-11-29,163.1374053955078,165.99235562311037,159.95848120867942,161.53781564008386,86514
2010-11-30,162.97544860839844,166.35684002524673,158.35891478637245,162.7932124570862,69792
2010-12-01,166.1543426513672,167.5919516602343,161.1733617906225,163.1981527678916,73118
2010-12-02,167.02503967285156,168.01717999717593,166.0531299598913,167.6527200339885,30874
2010-12-03,161.53782653808594,168.0576561520386,157.93370096215676,167.24773973684805,59728
2010-12-06,163.8258514404297,164.81800407414016,160.76842166445616,164.00808759220337,55922
2010-12-07,162.16552734375,164.35229930325164,161.21387303629396,164.27130271431497,24788
2010-12-08,166.49856567382812,167.24774083446482,161.1733676806707,162.02378239387065,66818
2010-12-09,162.00352478027344,168.32087524266416,161.1733654043173,164.81798924511844,252040
2010-12-10,162.9349365234375,164.0080732967972,161.11262459791755,161.98328226844168,34630
2010-12-13,164.25108337402344,166.4378556480956,163.07670681557227,163.19818935810835,22248
2010-12-14,164.1295623779297,166.0328709640257,163.60312163284482,164.0080798547083,12400
2010-12-15,164.311767578125,165.6278815513324,164.00804896892328,165.6278815513324,12830
2010-12-16,163.8258514404297,165.2229623151086,163.19817111026657,165.2229623151086,67916
2010-12-20,161.7808074951172,165.202709367951,160.93039276878068,162.38824481987982,2108058
2010-12-21,163.6031036376953,165.48615669056954,161.57831275109018,162.38822910573222,269500
2010-12-22,162.42874145507812,165.16220938860596,162.00352791707857,164.00807601166989,175802
2010-12-23,161.1125946044922,163.31960899952605,160.76837772208393,162.5906893083544,12926
2010-12-24,160.6671600341797,162.3882323218804,159.9584832098323,161.37583685852704,14230
2010-12-27,160.10025024414062,164.41305323289097,159.55355412255923,162.14528450973378,18706
2010-12-28,161.53782653808594,162.38824124570476,160.40394850015667,162.38824124570476,13942
2010-12-29,161.90231323242188,163.6031429289823,160.64695246791078,160.64695246791078,107262
2010-12-30,162.5502166748047,165.22294322810444,160.68740650987797,161.90228109243756,46328
2010-12-31,167.45022583007812,170.89237073831433,161.5783315748517,162.71220966010944,63744
2011-01-03,165.76966857910156,171.58082216507788,164.41305591698443,166.84280551181672,42202
2011-01-04,165.87088012695312,168.86756831604887,165.26344283085223,165.62790273684408,459664
2011-01-05,166.03286743164062,167.3287386573715,163.98783339807628,165.22295100514484,459554
2011-01-06,162.65142822265625,166.0328310336687,159.9787021294704,166.0328310336687,35418
2011-01-07,160.28245544433594,163.48163520736935,159.9584938179157,162.65146345735866,20294
2011-01-10,156.29360961914062,160.76839242465095,155.90889441685295,160.76839242465095,35886
2011-01-11,151.77833557128906,157.93370544478233,151.04941572026618,157.93370544478233,41522
2011-01-12,151.3936767578125,153.8639250851607,149.02466801471343,153.07425138467846,83762
2011-01-13,150.6444549560547,153.07420422953942,149.83453853155976,150.23949674380722,29996
2011-01-14,149.14610290527344,152.44652218365675,147.89074234847655,152.44652218365675,71954
2011-01-17,143.7196502685547,151.4341107258291,142.5452740618725,149.24732674843324,50810
2011-01-18,144.1448516845703,147.80971782708335,143.3551783857192,147.80971782708335,40580
2011-01-19,143.4766845703125,149.2068529571796,142.1403274606015,147.04032412678094,47490
2011-01-20,157.18455505371094,161.4568723537959,142.14035731394674,144.97506529456678,147652
2011-01-21,150.9886474609375,157.93367720481416,149.83451427123393,157.93367720481416,113410
2011-01-24,151.13040161132812,155.0989869341921,149.4295722681903,149.91552704004204,91450
2011-01-25,151.3936767578125,154.26888342215722,151.00896139432675,152.26433471068546,21078
2011-01-27,150.56344604492188,153.8638650912366,149.08535116288647,151.04940080317542,33068
2011-01-28,149.16636657714844,151.85933633651373,147.85025232889865,151.43413513810927,94322
2011-01-31,153.19566345214844,154.69401355293513,147.80972499167885,150.60393375957918,81856
2011-02-01,152.32504272460938,154.65355265383602,149.0651337670301,150.6444684647496,18934
2011-02-02,148.27548217773438,159.8370492998037,147.6680447150166,153.4791989133525,91076
2011-02-03,149.57130432128906,151.41385907313477,147.40477561462532,148.33617447324878,48618
2011-02-04,146.9188232421875,150.64444345373533,146.18990345913565,150.64444345373533,39440
2011-02-07,144.4890594482422,148.17418099491996,143.76013973937918,146.39236765010023,19764
2011-02-08,145.40023803710938,150.96841333576177,142.16057240880252,144.16512045965484,179664
2011-02-09,143.98287963867188,147.80973948089817,139.83205818749596,145.58246943392572,195350
2011-02-10,140.0345458984375,145.78495749866696,139.79158085594824,142.95024999174842,72824
2011-02-11,141.51266479492188,142.54530338462592,138.09076265385636,140.11555389511526,38606
2011-02-14,146.81761169433594,151.4543886980833,141.7353904928587,141.7353904928587,115988
2011-02-15,146.95933532714844,149.42958293679683,145.86595554993443,147.80975005943318,139700
2011-02-16,146.75685119628906,148.57916312097396,145.7849539747925,148.21470320770572,21008
2011-02-17,146.49362182617188,148.23493705934484,146.18990319073407,146.97957658620956,26474
2011-02-18,149.06512451171875,150.6444591113789,145.78496043036665,147.4047933240374,87488
2011-02-21,145.80519104003906,149.99651076883293,145.05602827688926,148.21469720848697,17482
2011-02-22,145.54196166992188,148.0729501949217,144.81304191805887,146.59485536799028,18242
2011-02-23,145.01553344726562,148.31594029548276,144.36759785758252,145.78495155323904,32170
2011-02-24,144.0233917236328,147.80975363780433,143.355213117213,146.59487895037034,30814
2011-02-25,140.3585205078125,145.09652423251433,140.11554310590225,144.16512527659307,27498
2011-02-28,136.2076873779297,144.57007138853936,134.85107499267116,140.5204895569276,99186
2011-03-01,138.94114685058594,140.92543935838904,137.30105889132346,137.6857740857824,44902
2011-03-03,140.31800842285156,141.7353620432844,139.30561297968524,139.30561297968524,36438
2011-03-04,139.4878692626953,142.12009779535848,138.9006748774557,140.50026485218115,19556
2011-03-07,140.01431274414062,140.8039862626082,138.53621762646435,139.91307318322657,63802
2011-03-08,140.88499450683594,142.09986944485124,140.17631745966037,140.52053449710075,13308
2011-03-09,141.6746368408203,142.9502527720751,140.88496336233945,140.88496336233945,20076
2011-03-10,142.059326171875,142.9502391210659,140.31801092195278,141.41140296338313,12200
2011-03-11,143.98287963867188,147.24280048606474,139.71057567372566,139.71057567372566,113618
2011-03-14,144.06385803222656,144.91427259628472,142.95022314933513,144.20559585262652,18606
2011-03-15,145.40023803710938,147.60726518973087,142.14032944196305,143.35520405257813,56210
2011-03-16,145.9266815185547,147.728737990766,145.29898892934983,146.59486003877558,16874
2011-03-17,145.7444305419922,146.59484509848596,144.57005442033008,145.7849288272236,35100
2011-03-18,143.9221649169922,147.32381187150418,142.40357142316134,144.59034358260865,16504
2011-03-21,142.8489990234375,145.62296504807716,141.00644423450925,144.44858878929085,16150
2011-03-22,141.99859619140625,144.18536808956662,141.33041760562725,143.3552086888024,53280
2011-03-23,141.47210693359375,142.8084636468325,139.79153338259965,142.14028529021311,35864
2011-03-24,142.059326171875,143.15271821330535,139.5080945529949,141.75560753351579,47020
2011-03-25,143.51722717285156,145.38003792997472,140.15607803591527,142.54532966950168,250198
2011-03-28,145.825439453125,146.18989933436765,143.76015031495987,144.1853514500192,23446
2011-03-29,143.69943237304688,146.55438299066358,143.03125375598177,144.63083137158074,19828
2011-03-30,148.2147216796875,148.61967993564292,143.9626599921555,144.93455733477947,35336
2011-03-31,150.846923828125,151.94031587035064,145.78494651845637,148.2146956270973,87548
2011-04-01,150.68492126464844,151.85929735922485,148.21467422260346,149.63202766462288,22116
2011-04-04,150.543212890625,151.4543688529758,149.83453603101884,150.76593496030662,13878
2011-04-05,148.13369750976562,152.58823749605358,146.83783874694214,152.58823749605358,30670
2011-04-06,148.23497009277344,149.77381893692228,146.9998523100903,147.2225744157067,16370
2011-04-07,148.5994110107422,149.83452853233365,148.25519408163444,148.3361783036731,11696
2011-04-08,152.28453063964844,157.3870065811899,148.25520384630292,149.79404010816506,192522
2011-04-11,153.23617553710938,156.82005796485012,149.83452923691294,149.83452923691294,98448
2011-04-13,156.1923828125,162.7931965346211,152.30478161761647,154.28907432758868,458526
2011-04-15,157.62997436523438,159.95848394159944,155.05848740488435,157.12377663124198,119252
2011-04-18,152.709716796875,159.51300859356346,151.69732144865696,157.12375804343725,77044
2011-04-19,151.454345703125,154.24855442223623,150.84690848773815,154.22831145839336,38472
2011-04-20,154.12709045410156,158.66261479265117,152.60849723304503,152.60849723304503,214036
2011-04-21,154.4713134765625,157.83246166161868,153.8841191312767,155.9089101724777,92326
2011-04-25,153.84364318847656,156.19240855249376,152.46678755210542,154.73455631937026,73046
2011-04-26,154.04608154296875,155.46343510251455,153.72211995840945,155.46343510251455,40608
2011-04-27,153.15521240234375,155.86842521466457,151.8593410817747,155.86842521466457,45520
2011-04-28,153.78286743164062,155.01798492587164,152.68947541242352,153.90434994117908,31298
2011-04-29,149.5510711669922,154.28908745744852,149.02463040509463,153.51966928300416,177574
2011-05-02,147.72877502441406,150.56348297335668,147.1213376067835,150.56348297335668,20882
2011-05-03,146.93910217285156,148.80191257789642,145.8457099642712,146.71636772233228,35470
2011-05-04,146.85806274414062,148.1336783765115,144.97500991937014,147.91095634930153,32432
2011-05-05,147.16180419921875,148.8626335454667,145.0965149525872,146.65560646025725,28716
2011-05-06,150.09776306152344,150.72545572292535,146.83785430583995,148.984127946951,19868
2011-05-09,149.4093475341797,151.6366178533276,148.82215314306643,150.3205035738311,15008
2011-05-10,148.98410034179688,179.29522022468535,119.5436503647419,149.83451492520288,1758376
2011-05-11,152.75025939941406,163.76511656872628,151.04942977761488,157.44776529134467,687186
2011-05-12,150.90765380859375,154.24855858334797,150.0369962480535,152.66922425240531,75592
2011-05-13,150.3204803466797,151.85931647697592,149.83452559061624,149.85476855614272,34174
2011-05-16,151.89981079101562,155.0179812593985,148.61964716928927,149.8345216693107,102290
2011-05-17,151.83908081054688,155.50394754769556,150.48246837980324,155.50394754769556,107704
2011-05-18,152.8109893798828,153.88412620941114,151.04941862134305,153.4184267201831,214826
2011-05-19,154.7952880859375,155.50396500981034,152.26429907210596,153.07421555653207,70468
2011-05-20,154.71429443359375,155.88868324499978,153.27669758976225,155.88868324499978,29068
2011-05-23,155.92913818359375,160.76839325124405,150.7861768472371,150.7861768472371,123158
2011-05-24,159.59402465820312,161.861792986874,154.3903094610918,154.3903094610918,164724
2011-05-25,160.12046813964844,161.7807992140141,157.97419464535304,157.97419464535304,145786
2011-05-26,158.64236450195312,160.28244016163558,157.14401431635127,159.24980176233072,18064
2011-05-27,158.35888671875,161.31508876138173,154.97749590122143,158.64236237980458,266432
2011-05-30,165.93165588378906,166.84281201737912,156.11141755509624,160.30273824127968,430544
2011-05-31,170.28489685058594,172.10720846967664,165.34440262882563,166.8427526811924,265010
2011-06-01,170.5481719970703,173.72709687068553,168.908095955965,170.8923889963387,200310
2011-06-02,174.90145874023438,176.68327249762862,167.8146896473696,168.82708523206455,271638
2011-06-03,180.22665405273438,182.63616044765425,176.0555892563585,176.0758322243786,438520
2011-06-06,181.27955627441406,183.0411271154463,175.40766170986987,181.1175754477508,180306
2011-06-07,180.5911102294922,181.58325038248955,178.627060531368,181.58325038248955,85138
2011-06-08,180.20639038085938,181.3605236673267,178.22209776743534,178.22209776743534,42600
2011-06-09,179.3560028076172,182.23120879584278,177.77666813638885,181.01633407053717,154748
2011-06-10,179.5989532470703,181.01630688036175,176.56176689001728,180.12539393895568,43176
2011-06-13,181.03656005859375,182.23119170309593,177.79689442831648,179.194005174711,82146
2011-06-14,190.61383056640625,196.4047279098967,179.8014416329776,179.82168459973397,758392
2011-06-15,188.48782348632812,194.78491936658767,186.6857543201599,191.12005212641716,155360
2011-06-16,190.97828674316406,193.16505851887894,185.87581102760046,186.68572741552032,303098
2011-06-17,190.4720916748047,197.21464322722915,189.11547923432445,191.9501866318411,334360
2011-06-20,190.51258850097656,193.97497613797253,186.34151166170932,190.3303523692006,135630
2011-06-21,191.1605224609375,194.37994524743578,187.90061373918795,192.11217674788023,209324
2011-06-22,186.36178588867188,192.35516286187234,184.90393376162874,192.35516286187234,167690
2011-06-23,184.72169494628906,188.26507947420123,181.42128782910262,186.56426231581005,94190
2011-06-24,188.46754455566406,189.43944176784925,174.2332662408894,182.67664721603876,92530
2011-06-27,188.71051025390625,191.90967737667088,182.63613760624833,182.63613760624833,74898
2011-06-28,189.4799346923828,191.54522393373873,188.30555841266067,190.33034936333445,44464
2011-06-29,191.72747802734375,195.99978239023952,189.5002077729092,189.5002077729092,189860
2011-06-30,194.0559539794922,195.91875161695515,192.37536773952115,193.56999924725008,148600
2011-07-01,197.4576416015625,201.75020144562046,194.05599483473455,194.05599483473455,198742
2011-07-04,197.31588745117188,201.46670909586047,196.50597103269607,199.1989406524594,119572
2011-07-05,195.95928955078125,198.85473849047938,195.41259345598706,197.23490553307124,43086
2011-07-06,196.4249725341797,198.42952059371902,195.37209108709203,195.6150561235931,82642
2011-07-07,196.2224884033203,200.2923256772344,195.5948081445375,196.80968272928618,71610
2011-07-08,193.2865447998047,198.18654151386187,191.66671199240352,196.60720699831447,101554
2011-07-11,193.20558166503906,195.189874599045,192.19318604989877,193.24607996131365,26812
2011-07-12,190.8972625732422,193.77246780651183,189.76338473735575,193.448506241499,44634
2011-07-13,192.2134246826172,194.13697630798927,190.33037135260608,193.5700372479696,85802
2011-07-14,194.15724182128906,196.202276081692,177.2299792149202,177.2299792149202,52446
2011-07-15,193.9344940185547,197.94357802684658,192.395657686756,197.94357802684658,34188
2011-07-18,195.3113555908203,196.26300993322383,192.35516536123816,192.35516536123816,85894
2011-07-19,200.95559692382812,202.6796618430336,195.61922101707484,196.62492764114046,153162
2011-07-20,196.83016967773438,201.94078076261408,196.2144340061669,201.2224224791187,93448
2011-07-21,198.10267639160156,198.96470876682685,195.10608885173974,197.4458892234693,37874
2011-07-22,197.035400390625,199.86778176580557,195.61920343944803,199.08785247802734,55956
2011-07-25,197.630615234375,200.3193224406912,196.2554698392348,199.04679964926032,129446
2011-07-26,194.3056182861328,198.3694704257368,193.7719732911883,196.46069271910773,85032
2011-07-27,192.27369689941406,195.3934263806745,189.4413157031119,195.3934263806745,87260
2011-07-28,195.3934326171875,196.62490383116136,190.07757686599777,190.52911881655612,71726
2011-07-29,197.8358612060547,199.4572908346225,194.16196696819725,196.62490946673677,42658
2011-08-01,196.29652404785156,201.09925445026911,193.32046849992577,198.0616278447175,42058
2011-08-02,197.0764617919922,199.04681088355017,193.9772514687444,199.04681088355017,54702
2011-08-03,196.9532928466797,197.03539593919027,193.50517592317848,196.62490553098363,57352
2011-08-04,196.31703186035156,197.8563708451426,194.57244767758837,197.8563708451426,165220
2011-08-05,192.90997314453125,196.62490634327926,188.8255885551325,192.93049265415712,119408
2011-08-08,194.7982177734375,195.39343387489203,188.41509695078872,188.82558735808894,241248
2011-08-09,193.8130340576172,194.81874051840566,177.47552163714136,177.47552163714136,263328
2011-08-10,192.70474243164062,196.62492113015082,178.7070158958548,178.7070158958548,225078
2011-08-11,190.9191131591797,195.66027290438547,190.46757115316618,193.34100433866652,63980
2011-08-12,193.64883422851562,194.16194719679467,191.49375976174358,191.49375976174358,27010
2011-08-16,191.74009704589844,193.95674303226076,190.07760316074567,193.95674303226076,34430
2011-08-17,194.20301818847656,195.3934378886661,189.23608165267873,189.23608165267873,33728
2011-08-18,194.20301818847656,194.20301818847656,194.20301818847656,194.20301818847656,0
2011-08-19,189.1334991455078,194.469875681355,185.54170724637987,185.54170724637987,35910
2011-08-22,189.0924072265625,196.07074428385968,188.4151005470242,196.07074428385968,348636
2011-08-23,190.447021484375,192.1095025532941,188.41508904265382,189.44131501783167,77610
2011-08-24,195.04452514648438,196.6249158061018,189.2566075828742,194.94190253906993,59686
2011-08-25,194.20301818847656,197.03539955159607,192.10951456280617,197.03539955159607,74068
2011-08-26,194.4287872314453,196.830158722335,192.10951883639788,194.9624323000728,47872
2011-08-29,192.868896484375,196.21439038402394,192.1300063264586,196.21439038402394,26282
2011-08-30,200.7503662109375,201.961318149738,193.13577274278808,193.2794469176386,162920
2011-09-02,196.9328155517578,203.06965348081212,195.3934761910093,201.14034313780368,82988
2011-09-05,196.85069274902344,199.76517748591542,196.2554891053827,197.8974509259219,25914
2011-09-06,196.0707244873047,198.26685049197735,194.98292750246222,196.85065369188013,15318
2011-09-07,196.17337036132812,198.61579338549998,195.80393148659945,197.03540275381076,27254
2011-09-08,195.0855712890625,197.8563816124737,193.40255806866696,195.8655005783658,15428
2011-09-09,193.01260375976562,197.856385786831,159.68077608107316,159.68077608107316,121794
2011-09-12,195.5986785888672,196.52228200298043,191.35010037851177,194.4698299716177,124116
2011-09-13,192.3352508544922,196.93274784208052,191.2885054599469,196.02966405007055,29850
2011-09-14,190.9191131591797,194.96244664706867,189.68764179396527,192.99208494642085,83642
2011-09-15,192.70474243164062,194.57246892628706,190.63175818943375,192.930507163196,13550
2011-09-16,190.77542114257812,193.93620236172688,185.54166833016743,188.82559166344473,22656
2011-09-19,187.2246856689453,190.46755752657072,186.77314369523637,190.46755752657072,86578
2011-09-20,188.1893310546875,192.93049021833266,186.81418569344137,188.00460536169436,50570
2011-09-21,190.2417755126953,190.85751109528832,188.45613981774102,188.47665932629178,37820
2011-09-22,186.7731170654297,190.22123364428018,185.95213633107616,189.01029457741183,26924
2011-09-23,190.2212371826172,191.69900503737614,184.72066866556588,186.7731205396277,39114
2011-09-26,186.81419372558594,188.82559428975955,183.32502513544907,185.5416709108072,53508
2011-09-27,191.042236328125,192.88944319265235,184.0638992843551,184.0638992843551,31444
2011-09-28,187.12205505371094,194.44931134435282,186.7731357013617,194.44931134435282,18240
2011-09-29,189.35922241210938,193.52571012373141,186.05477959996765,186.05477959996765,32606
2011-09-30,192.848388671875,193.58727892259552,187.75831011799497,187.75831011799497,42172
2011-10-03,189.37973022460938,191.9658144835593,184.31017176961006,190.87801753422866,14646
2011-10-04,188.80506896972656,192.4994826573659,187.18362684039334,187.59411725013106,60356
2011-10-05,185.06959533691406,192.0273999499076,184.72067599903693,188.04565067245412,18008
2011-10-07,185.049072265625,190.46755070162675,182.03197776655114,187.18362741366766,70784
2011-10-10,183.22239685058594,187.59411720787307,178.56332819567785,178.60437974207701,91108
2011-10-11,183.1608123779297,185.9521419481814,180.65681855707822,185.9521419481814,38874
2011-10-12,184.74119567871094,188.82558008489454,183.26344029108895,188.82558008489454,45428
2011-10-13,184.0638885498047,188.76400853075063,183.53025605315406,185.99319839555247,49570
2011-10-14,183.7765350341797,185.54163853146446,180.61575432266451,184.6385547489826,39836
2011-10-17,183.94078063964844,185.87007831689584,182.66825768740233,185.13120048768192,14822
2011-10-18,182.75033569335938,183.89970383143657,181.0673225055388,183.89970383143657,9402
2011-10-19,185.76744079589844,186.5268506038247,182.66824303173516,183.77657221380852,118608
2011-10-20,181.8472900390625,187.18366649619074,181.04682855962295,185.54170450938204,46324
2011-10-21,182.38087463378906,186.36263641385273,180.24633212949337,182.25773252808506,129258
2011-10-24,185.15170288085938,186.77314508532677,182.3808924867364,182.3808924867364,32464
2011-10-25,186.99891662597656,187.53256171911764,183.07873789931602,183.07873789931602,19610
2011-10-28,192.95103454589844,194.36723163520855,189.646591373741,190.87806274629776,151084
2011-10-31,192.54049682617188,194.75715477439886,190.87801589217318,192.74574200455055,62008
2011-11-01,194.8598175048828,197.44590227432133,192.930507419815,192.930507419815,41176
2011-11-02,194.9008331298828,196.21440739528092,192.93048425895822,195.8039170032406,15962
2011-11-03,193.443603515625,196.09127164092558,190.87803848226127,194.57245213030504,14496
2011-11-04,192.4789581298828,194.3261650457688,189.64657669762573,189.64657669762573,14556
2011-11-08,193.7720184326172,194.6956219761991,192.10953706503966,192.10953706503966,29090
2011-11-09,195.53709411621094,198.67734300328715,194.61349076547253,195.02398114357848,95210
2011-11-11,198.9236602783203,202.3717773050611,193.40255911176519,194.98294973611362,186620
2011-11-14,194.38771057128906,202.37175331433602,193.32044562625734,199.0878303396612,42956
2011-11-15,196.05023193359375,196.97383540137716,192.52001172907572,194.98295430983148,54904
2011-11-16,199.53941345214844,200.15514913702825,194.16198596542995,196.2144382483626,461910
2011-11-17,198.8621063232422,199.9499035256776,197.0354187840618,199.49836151886257,244280
2011-11-18,193.3820343017578,199.0878484848583,190.13916257414013,197.85637725711692,33238
2011-11-21,196.21441650390625,197.83585863860486,191.2885315707538,194.16196444842606,45286
2011-11-22,195.1471405029297,197.03539891462955,193.03311737417613,194.4287822777201,60490
2011-11-23,190.9191131591797,196.5838764282963,188.82560933288025,196.5838764282963,33716
2011-11-24,192.3763427734375,194.14145918699822,188.41511252107625,190.89857467960206,15846
2011-11-25,194.7982177734375,196.33755680081325,189.29764882104953,190.4675489872897,37304
2011-11-28,192.15057373046875,197.03540736598228,191.2885413178078,195.39344563793244,26262
2011-11-29,192.99205017089844,193.85408247665256,190.87802721364415,190.87802721364415,24844
2011-11-30,192.54049682617188,194.57242910298945,191.6989966056879,192.93046767596,647412
2011-12-01,192.3147735595703,196.2144327886331,191.4937926692413,193.01261232721967,833608
2011-12-02,190.89857482910156,193.75148840870102,188.82560311017474,191.28854575943788,145838
2011-12-05,191.41168212890625,192.930501727846,190.8780495818051,191.28854001101328,112062
2011-12-07,192.1710968017578,192.93050662048603,189.6465831035416,192.8484035216928,18858
2011-12-08,189.56448364257812,194.98296256038918,188.33301230009147,193.34100077040696,108906
2011-12-09,187.67623901367188,192.82788915751595,185.19276427138965,190.8780595172856,93030
2011-12-12,188.59982299804688,192.80734968075134,186.7731356712718,190.46754934389037,378592
2011-12-13,188.82559204101562,191.28853454589844,186.36264953613284,186.77313995361328,44478
2011-12-14,183.26345825195312,189.85182467017844,182.42194535062424,188.2098629433012,34308
2011-12-15,186.218994140625,186.97840399488658,180.22583093634188,182.6682541772218,17532
2011-12-16,186.40367126464844,189.2155326800158,184.3306874716796,187.5940907794778,15420
2011-12-19,182.75033569335938,189.5644664832321,181.0262709590704,187.59411752447883,54164
2011-12-20,180.9031219482422,183.89969681856854,180.2052832664098,182.6682256345156,16074
2011-12-21,180.49264526367188,183.87919127705743,178.95330616667846,183.87919127705743,21886
2011-12-22,181.2520294189453,182.46298109852225,177.3729026914221,181.7651424141605,19842
2011-12-23,180.67735290527344,186.36264763480966,180.6157818487142,182.62718236841295,174220
2011-12-26,180.67735290527344,184.28967605855166,179.79480102212915,181.8883046353557,26284
2011-12-27,183.50973510742188,186.26002590017814,179.3843114454608,179.3843114454608,68082
2011-12-28,184.8643798828125,185.54168663167462,181.04681111501532,185.1311961745249,25108
2011-12-29,181.70358276367188,186.15740634709098,180.5336825557251,184.86436402343344,23290
2011-12-30,184.14601135253906,185.0901343406627,181.97040453420698,183.7560404290419,25106
2012-01-02,183.20187377929688,185.04908071309868,181.12890212001102,182.66824123151252,16654
2012-01-03,183.61233520507812,187.12203534120312,182.6682123766965,184.3101738362623,47238
2012-01-04,183.98184204101562,185.11069088490876,181.43679600027727,181.43679600027727,12650
2012-01-05,180.41053771972656,185.13117750078882,175.9156626564545,183.0787254220661,23998
2012-01-06,181.9088592529297,183.07875966203477,180.65686826162684,181.84728818448744,13846
2012-01-09,184.74119567871094,185.110647052789,180.6157722551165,183.0787146040499,36260
2012-01-10,183.4892120361328,185.746909275951,182.66823122165349,183.11977317505173,21868
2012-01-11,181.58042907714844,184.67962655439158,181.02626453741567,183.4892069120744,21988
2012-01-12,179.8358154296875,183.69442201233366,178.7685380701035,183.69442201233366,39016
2012-01-13,180.18478393554688,186.91682465682285,178.9738321247506,180.00005822638335,79902
2012-01-16,180.0000457763672,184.31019510510575,178.80962608624546,182.13460093099272,29978
2012-01-17,182.31930541992188,182.66822475916604,179.79479201014544,182.66822475916604,19792
2012-01-18,182.75033569335938,184.72068465211262,181.84725177974644,183.69445862626756,47576
2012-01-19,185.66481018066406,186.77313931494072,182.27826424803052,182.27826424803052,56888
2012-01-20,187.16314697265625,191.0012230948847,185.33645925155466,185.33645925155466,50974
2012-01-23,185.15170288085938,193.38204349378077,183.48922165525508,193.38204349378077,42338
2012-01-24,186.52682495117188,188.29194108997388,184.7206697963751,184.7206697963751,14278
2012-01-25,187.3888702392578,188.37404470769883,183.4892113843335,185.1516925168794,162864
2012-01-27,188.55874633789062,189.68759480972966,185.33639455829768,188.00458185537173,24878
2012-01-30,183.05819702148438,188.86663361673422,180.65682570057254,188.82558207171886,20292
2012-01-31,186.17791748046875,187.10152088826393,183.7765586419396,184.65911050395374,21504
2012-02-01,190.61123657226562,190.87805285038513,183.55079605811298,183.55079605811298,30952
2012-02-02,190.52914428710938,192.84841287803957,188.415120925946,192.84841287803957,30038
2012-02-03,195.04452514648438,195.72183184998505,188.825597642603,192.52001150952347,57472
2012-02-06,195.02401733398438,196.9943665036598,181.29310662744,194.98296578312144,52126
2012-02-07,195.1676483154297,200.3192973659181,194.5724322775516,200.3192973659181,94104
2012-02-08,197.8563995361328,198.6773804470711,193.79254653242307,197.13804123906178,27930
2012-02-09,199.41624450683594,200.27827690932128,197.0354050401371,197.0354050401371,49390
2012-02-10,202.6796417236328,205.65569722235958,200.524567052141,204.01373556788963,334890
2012-02-13,212.5724639892578,216.73895197027412,205.65571010815782,205.65571010815782,660724
2012-02-14,212.90087890625,216.71843502644356,210.33531362999784,216.71843502644356,264080
2012-02-15,216.3284149169922,217.51884695629906,213.45498246078924,215.09694386433378,241302
2012-02-16,217.3136444091797,219.61238080332592,215.30223127354103,217.5599286462855,95728
2012-02-17,215.65113830566406,222.6705397214431,213.86551494922819,218.9966453462826,174942
2012-02-21,216.59527587890625,225.56448135793354,215.5074662655416,218.46300224233832,348814
2012-02-22,210.17108154296875,218.7092767197828,209.35010075569153,218.7092767197828,121832
2012-02-23,211.0946807861328,214.68647165998536,206.0661735627393,214.68647165998536,216316
2012-02-24,212.61349487304688,217.45727629016085,209.8016332971309,211.7309305445157,104752
2012-02-27,208.38543701171875,216.32842829811824,206.88714964374117,216.30790879017323,53746
2012-02-28,209.53482055664062,212.18248853209028,207.35921401517788,209.35009487382422,44832
2012-02-29,213.61920166015625,219.57131211126514,208.5291109767806,210.99205323241188,161660
2012-03-01,214.9533233642578,217.51888854785514,176.4698330831241,211.44361014961865,161820
2012-03-02,221.00808715820312,224.20990793051348,212.2235807569674,215.50750463715258,613610
2012-03-05,222.62948608398438,227.00121940898924,217.53941952405938,217.55993903574014,251928
2012-03-06,220.5770263671875,226.36495656325374,218.9966482059968,219.20189342455913,883966
2012-03-07,218.5451202392578,220.57702787342154,216.75947179296335,220.57702787342154,143478
2012-03-09,227.5348358154297,227.82218412158758,220.90543053531061,221.2543373721364,361870
2012-03-12,232.76858520507812,235.1904886793767,227.82218070690564,229.87463278534625,257896
2012-03-13,235.6009521484375,237.63288448456274,233.1995684587099,233.97951018105093,816900
2012-03-14,232.9532928466797,236.0319707257107,230.05934065125948,236.0319707257107,212296
2012-03-15,232.48121643066406,234.80049709680208,227.32956717830768,230.28510292186357,231520
2012-03-16,234.86209106445312,237.46869506809503,232.74805549457196,233.89742359725628,87442
2012-03-19,232.15283203125,235.908829072589,226.83697653908774,234.00003876220137,133818
2012-03-20,229.34103393554688,235.9499205769306,227.86325318944316,233.95905179021418,186004
2012-03-21,232.41966247558594,233.15854016241474,229.15625888321836,229.25888148012083,77722
2012-03-22,234.22581481933594,235.00575660973547,231.22923987692818,231.22923987692818,48734
2012-03-23,232.13235473632812,236.81195599413178,230.4082897963821,233.97956180319548,98470
2012-03-26,235.2110137939453,236.03199464488404,231.53711947512505,232.33758081565978,78614
2012-03-27,235.2315216064453,236.4424733122296,234.73892810950898,236.0319829071736,57496
2012-03-28,231.33187866210938,235.92937652567585,230.69562350140032,232.74807566778287,70388
2012-03-29,232.9532928466797,236.0319707257107,228.62262430771167,232.7275281464197,124940
2012-03-30,243.42080688476562,244.07758150217683,233.58955680662814,235.6214892948659,1432356
2012-04-02,242.92822265625,245.8837586559724,239.31591201407664,242.18934491990606,56306
2012-04-03,244.57022094726562,246.25324693393486,242.62039118341676,244.96019191090545,66070
2012-04-04,243.56448364257812,244.65229329052488,240.1779376364593,244.22128335516103,87090
2012-04-09,244.09812927246094,245.8427134931211,237.0992478261004,242.5998292729791,22600
2012-04-10,242.20989990234375,244.26235227852553,241.77888991421563,241.77888991421563,26268
2012-04-11,240.05479431152344,243.4208207903197,236.11409627325034,243.4208207903197,17578
2012-04-12,239.68536376953125,243.09242920926422,238.90542195789567,242.1893452837774,18684
2012-04-13,239.29542541503906,245.0628115297863,236.05254066786298,238.4949639845994,29072
2012-04-16,242.00462341308594,244.24180122509273,235.60098284808282,239.3159161583682,274922
2012-04-17,236.75033569335938,242.96927520925342,217.600948714369,236.442467896619,49364
2012-04-18,234.22581481933594,239.70587675279938,233.1995888079397,238.08443464392414,40710
2012-04-19,234.06163024902344,238.08443114368555,232.46070767304315,234.00004666750664,54988
2012-04-20,232.23495483398438,236.83245254329057,229.87463492184048,236.83245254329057,48452
2012-04-23,230.94192504882812,234.3900549685288,229.87465986405627,230.81878292048515,20202
2012-04-24,233.3433074951172,235.60100502992827,226.18024394198306,230.34673214160145,428096
2012-04-25,233.7742919921875,234.7799985226018,228.66368130036517,229.81304945469006,32318
2012-04-26,230.30564880371094,233.87692052554527,228.6842066079781,232.4607235430863,25288
2012-04-27,230.05935668945312,233.3637994991077,227.00119810555242,233.15855429286395,32814
2012-04-30,230.61354064941406,231.55766371796497,228.76633353750364,231.55766371796497,27120
2012-05-02,230.51087951660156,231.0650565901886,228.04793711224787,230.12090862504309,20858
2012-05-03,228.47894287109375,232.37860160713743,227.41167787033572,231.06505239215684,28004
2012-05-04,225.9749755859375,229.99777667995858,222.48580702557337,229.99777667995858,17628
2012-05-07,225.93392944335938,227.80165577945303,219.32501887534457,219.32501887534457,15986
2012-05-08,222.34214782714844,228.95103362128162,221.66482860688853,228.95103362128162,21970
2012-05-09,218.89401245117188,224.94874603514708,217.60095763014365,221.87006794160035,19886
2012-05-10,227.26805114746094,229.46416506688016,218.54512895126916,221.2543559410526,32878
2012-05-11,221.09014892578125,231.10612604428934,219.9818447413394,229.464164225147,623050
2012-05-14,219.94078063964844,223.67625881040587,218.23726028508045,220.84386465094963,16164
2012-05-15,217.76516723632812,220.8438453782178,217.55992202686883,219.73551623626815,36240
2012-05-16,215.07647705078125,219.1813815653325,214.41967729584374,217.55993927121497,155966
2012-05-17,213.94761657714844,216.51318175805642,212.63404219365407,216.28741703300602,53880
2012-05-18,216.41055297851562,220.02286363933686,207.9133963308286,214.02971356940708,54784
2012-05-21,216.92364501953125,219.05819999358496,215.50744820616472,216.71839983076347,10386
2012-05-22,218.031982421875,221.192738406792,216.73892766124877,216.73892766124877,6752
2012-05-23,218.11407470703125,222.44476868273523,215.6100931660609,222.44476868273523,30644
2012-05-24,215.75376892089844,218.17567257993156,213.57817456267384,217.55993690943316,34860
2012-05-25,217.0467987060547,220.7822513192575,213.43448820181595,217.1494213059157,22218
2012-05-28,220.61807250976562,223.4094022444402,218.81190471149893,219.57132699105588,49302
2012-05-29,216.30795288085938,223.69678115993673,214.27602009324323,221.6648483723206,131142
2012-05-30,212.6750946044922,216.30795016198513,210.88947114789923,210.88947114789923,978174
2012-05-31,219.4687042236328,221.66481786032543,210.97154786145114,211.38203826489618,570584
2012-06-01,216.00006103515625,219.61237167045516,214.72752571810267,219.61237167045516,15614
2012-06-04,212.2030029296875,217.55989727628187,210.04792847553566,217.55989727628187,15750
2012-06-05,212.94189453125,215.91794992469877,205.71726100171904,212.6340267319277,13540
2012-06-06,215.30224609375,218.21671833562442,214.2760199445901,215.50749132358197,45662
2012-06-07,214.9533233642578,216.94419192499032,213.49606229649652,216.94419192499032,51654
2012-06-08,214.0912628173828,217.1494213040845,213.455007709119,216.39002408685764,45112
2012-06-11,213.3934326171875,216.65683643344198,213.04452578552022,216.65683643344198,27510
2012-06-12,212.83929443359375,214.2760109823258,209.9658613361296,213.45503009733605,48218
2012-06-13,221.37747192382812,221.66482022016797,211.4025600247898,211.4025600247898,192932
2012-06-14,216.59527587890625,224.90770672057715,215.5074662655416,220.02286079681963,99864
2012-06-15,215.6717071533203,218.54514049919214,213.5371516569454,214.95334881685235,60772
2012-06-18,212.44932556152344,219.16085939397533,210.58159904093844,215.50748439862122,32434
2012-06-19,213.72183227539062,215.09696506465752,210.58157075986512,215.09696506465752,37942
2012-06-20,214.58387756347656,217.5599332542182,213.45502885319522,215.917971493809,45414
2012-06-21,214.31704711914062,217.25206376519947,213.45502722324747,214.29652760816182,78610
2012-06-22,214.62490844726562,215.91796330629506,213.45502075907496,213.6602659713433,18000
2012-06-25,216.71841430664062,219.20187624574663,203.17223094313943,203.17223094313943,316814
2012-06-26,214.21441650390625,217.970413883525,213.45501924563655,217.5599234618988,32092
2012-06-27,214.62490844726562,216.73894415536842,213.57816287556653,213.6807854817007,14106
2012-06-28,215.42535400390625,216.10267317651022,213.82445649810336,214.0707407130437,23232
2012-06-29,215.65113830566406,217.55992883510737,214.6043927155345,215.91796710804994,39556
2012-07-02,221.09014892578125,226.65231463160526,212.22356512415203,212.22356512415203,319272
2012-07-03,220.51544189453125,223.5736003022418,218.62717107327038,220.06388743420266,57590
2012-07-04,220.88490295410156,222.46530623231024,219.81763779699486,220.51547657864876,31926
2012-07-05,219.5302734375,222.4858094970386,217.78568913793836,222.4858094970386,83304
2012-07-06,219.11976623535156,221.23380177585705,216.0205687866684,218.40140804936263,147954
2012-07-09,213.68077087402344,218.44247450573698,212.0182897791701,218.23722930749963,40284
2012-07-10,215.83584594726562,216.86207194079043,213.9681196499196,215.91794903761672,32058
2012-07-11,214.440185546875,216.73892166399773,213.63972429122427,215.938460408347,175460
2012-07-12,214.2760009765625,215.03539823797811,211.813058436602,214.2760009765625,36814
2012-07-13,215.44589233398438,217.55992807189367,214.27600462929905,216.3284567809207,37344
2012-07-16,211.38204956054688,216.6979055800935,210.78683343287574,216.6979055800935,148524
2012-07-17,214.49151611328125,215.59755743607423,212.02896479676684,214.3245539825586,69068
2012-07-18,213.36459350585938,214.97149580688742,210.77683323063303,214.53325204068392,34634
2012-07-19,208.64820861816406,214.9506476301443,206.99956566228997,214.9506476301443,478984
2012-07-20,207.72994995117188,209.90031746092347,206.6030192964046,209.44119709278044,85548
2012-07-23,207.04127502441406,208.68993057089313,205.37175557984693,208.66906667280506,51258
2012-07-24,205.20480346679688,207.83430419963975,200.98926437757694,206.24825310584032,122004
2012-07-25,200.57188415527344,214.40803653363196,199.13193129847946,204.99611316421368,136424
2012-07-26,198.44326782226562,202.42924055681726,197.06590658427058,202.09534174983708,360666
2012-07-27,196.6485137939453,202.11619237681705,195.35463371136922,199.0901884641027,68142
2012-07-30,195.39637756347656,198.86063802003014,194.31118738747878,198.6310714561604,69764
2012-07-31,193.93553161621094,201.1770740705931,192.8503415322463,201.1770740705931,106610
2012-08-01,193.33035278320312,195.7094103001257,192.4121120126856,195.7094103001257,108598
2012-08-02,194.7077178955078,199.82062152727624,193.28862882274655,194.8746673033462,420410
2012-08-03,197.48329162597656,198.04675702273562,158.60435757352906,158.60435757352906,337164
2012-08-06,192.2869110107422,201.1770971378394,191.20172080234812,198.27630194928528,604546
2012-08-07,189.1147918701172,194.31116279104316,188.2382917336294,192.2868809301858,173650
2012-08-08,189.1565704345703,193.53905926084084,188.53050060224595,189.1774343340118,127984
2012-08-09,189.82435607910156,191.8486509566086,189.05221352459802,189.073077422722,58866
2012-08-10,188.7600555419922,191.15998991317284,187.7166058153919,188.44702062401208,57528
2012-08-13,190.57565307617188,195.68855653428932,189.490462855944,189.90784273007606,61752
2012-08-14,194.1442413330078,195.10422266335806,190.67999355426284,190.70085745250893,151706
2012-08-16,195.2711639404297,197.0032877577646,193.6433850848309,194.4155276117404,122710
2012-08-17,196.1476593017578,198.42237176873556,194.08162401565474,196.1476593017578,180896
2012-08-21,197.73370361328125,198.2554284249258,196.18939307584455,198.1928239950129,287150
2012-08-22,197.90065002441406,199.23627061707361,195.33376653727402,197.42066575241583,153260
2012-08-23,199.67453002929688,200.19625487403135,197.90066555719963,197.90066555719963,63660
2012-08-24,202.3666229248047,207.85516540766318,200.34232810377173,203.0135565976709,388586
2012-08-27,204.3283233642578,206.06046012575382,201.19797413855215,202.4709904661266,92948
2012-08-28,203.86923217773438,205.81004630736044,202.47100686286842,204.53702987669305,51724
2012-08-29,203.66053771972656,205.2048357862823,202.84664177811624,204.0987815421787,21824
2012-08-30,204.30743408203125,204.8917633174168,201.594465090135,203.68136431467056,365728
2012-08-31,209.1073455810547,210.77686530625272,202.42926668026251,204.3074763711103,434660
2012-09-03,210.50555419921875,212.65505812740852,209.10732899280015,209.73339884008396,282556
2012-09-04,211.46551513671875,212.8637402920038,210.0464260822567,212.02898052615282,75008
2012-09-05,209.9003143310547,211.61157418456807,208.96120971189242,209.9629187581812,102990
2012-09-06,210.77682495117188,212.71763871264378,208.6899256942296,210.77682495117188,250906
2012-09-07,207.646484375,212.71764722481444,206.43608530502223,211.48638425640124,68616
2012-09-10,207.08303833007812,208.66908961928192,204.51615444927103,207.9177981441568,32114
2012-09-11,204.53700256347656,209.9420770374415,203.72311945001977,204.51613866470444,37114
2012-09-12,204.9126739501953,207.81345671112982,203.26401819430674,204.53702183751497,51736
2012-09-13,203.66053771972656,208.0638907950431,203.0970722784136,204.5996425427734,114614
2012-09-14,204.01528930664062,207.35432849488302,203.4727005335207,204.20311535594874,40570
2012-09-17,204.7873992919922,210.35942225027225,204.14046568757973,210.35942225027225,55798
2012-09-18,203.74395751953125,206.08128706973042,198.75627629011916,204.11959681176901,99482
2012-09-20,202.05360412597656,205.7682825412033,201.5110026350367,203.264003240499,36908
2012-09-21,200.40492248535156,204.59959741215314,199.3406090156347,203.11789137572632,236146
2012-09-24,197.83807373046875,205.89350075152888,197.10765890129508,201.1771129495484,102412
2012-09-25,196.25201416015625,199.50757195482672,195.3337733783659,198.25543238188848,205348
2012-09-26,199.6119384765625,203.68139252809723,196.16855427911003,198.1928493547941,145896
2012-09-27,200.53016662597656,202.42923996781886,196.16854182448427,202.42923996781886,116936
2012-09-28,198.5684814453125,204.03616051814365,197.5876361623649,201.51100455673193,199230
2012-10-01,199.09022521972656,201.59450478223886,198.2554653655558,200.1962794790179,224146
2012-10-03,197.3998260498047,200.34234920884012,196.41898075098504,200.34234920884012,209378
2012-10-04,199.38238525390625,200.94755989404862,197.52503958596776,198.65197042183982,124618
2012-10-05,202.9509735107422,207.85518726652876,200.36321307229392,201.59448885488632,616948
2012-10-08,205.4761199951172,207.02043072249236,202.8466317159905,204.09877141794107,468618
2012-10-09,212.78025817871094,219.08270966493797,206.24826559039116,206.26914222688913,761880
2012-10-10,210.50555419921875,214.70022981847464,209.1490695301038,213.28112797469237,232950
2012-10-11,208.9403839111328,211.92464769754753,206.6865349616865,210.77685295374002,154518
2012-10-12,205.99783325195312,210.943787343174,205.3508995374041,209.107318431381,75390
2012-10-15,204.74569702148438,208.68994202064383,202.8466236440658,208.68994202064383,45048
2012-10-16,206.85342407226562,209.52465214979892,203.74393957786327,204.93347451305036,161016
2012-10-17,203.89002990722656,208.439467126352,203.43090958513048,206.68647962937678,196196
2012-10-18,203.86923217773438,206.18568569738085,202.88838679342993,204.6831153998745,151886
2012-10-19,202.63792419433594,204.74568741487954,202.42923426210697,203.91092768596366,341398
2012-10-22,204.03611755371094,204.8917410478043,201.1770633793624,202.63789267776028,59014
2012-10-23,201.36492919921875,204.0152812604192,199.92496351111103,204.0152812604192,129694
2012-10-25,204.8917999267578,206.60306014412328,201.17712119084328,203.20141634782107,92708
2012-10-29,204.14047241210938,206.51952974252183,202.6170386173203,205.35087134204778,64842
2012-10-30,202.157958984375,206.18567250918505,200.75973375894333,206.18567250918505,42956
2012-10-31,201.86578369140625,203.15966391353288,198.44327619448498,201.15624551228257,26220
2012-11-01,199.09022521972656,202.4292646364096,198.79805417579698,202.0327486107087,112860
2012-11-02,198.21368408203125,201.9701026536582,197.4624054626746,199.94580787590817,82908
2012-11-05,197.2328643798828,199.46584936666594,196.33550015269623,198.29719075508666,92194
2012-11-06,200.3214569091797,201.49011535224577,198.25542163089952,200.2797163781941,270226
2012-11-07,195.70941162109375,202.42922983954028,195.12508237110325,201.59447012886176,319210
2012-11-08,196.02244567871094,198.25543044276125,194.41553069500623,195.3337714678153,166608
2012-11-09,194.41551208496094,197.3997879422153,193.12164485270418,197.3997879422153,397218
2012-11-12,192.2660369873047,195.39638605169395,191.36867280299768,192.51646745994043,213354
2012-11-15,195.91812133789062,197.3998276164613,194.4990322338835,196.1685518238739,126910
2012-11-16,199.1110382080078,200.3005732435195,192.93382196164094,194.4989962879928,516924
2012-11-19,198.52670288085938,199.67449735143214,196.60675321896252,199.2988580721834,46594
2012-11-20,201.114501953125,202.01186616650395,198.69369095578313,198.77717202850724,243842
2012-11-21,198.40151977539062,200.92666284330966,197.8380544146997,200.55102351532324,24630
2012-11-22,199.52845764160156,200.09192305843968,197.42069422528633,197.5459031012842,404320
2012-11-23,201.92837524414062,204.93351539169672,200.38407737345926,200.38407737345926,112860
2012-11-26,203.99441528320312,205.76827976392664,201.17710110793638,201.17710110793638,66076
2012-11-27,202.09532165527344,205.72651858546524,201.67794181933724,204.49525571190654,55092
2012-11-29,205.8517608642578,207.54214427469336,202.01186089281364,202.76313957802432,175166
2012-11-30,207.93862915039062,210.27594592695385,205.01697044226546,208.23078737875048,258822
2012-12-03,206.18565368652344,209.50382871430196,204.72482415635577,209.50382871430196,71734
2012-12-04,204.05703735351562,207.43781720351242,203.32662250420748,205.76829754795097,85544
2012-12-05,203.84832763671875,206.16479357672026,202.53358358289245,204.14049864309033,38900
2012-12-06,206.3734893798828,206.99955920782776,203.70224792404585,204.99612811595003,437924
2012-12-07,206.91610717773438,207.813471509588,205.37179629041415,207.79260760736412,59166
2012-12-10,206.74911499023438,208.2308083896063,206.26913070152392,208.2308083896063,45894
2012-12-11,208.25167846679688,209.94206174171666,204.93350360871347,206.6030229863812,437238
2012-12-12,206.20652770996094,210.77684255943686,205.39264457421513,209.90034225081396,51096
2012-12-13,206.99954223632812,210.77682479360098,185.69229319642264,185.69229319642264,122844
2012-12-14,208.12646484375,209.10731006318758,206.43608150407647,208.66906630473073,72168
2012-12-17,207.7091064453125,209.42036659727927,206.623916148644,208.68995176609792,27128
2012-12-18,206.12303161621094,208.27253519346883,204.9543604496263,208.27253519346883,46170
2012-12-19,207.7091064453125,208.46039791412474,203.74399736175664,206.58218834822986,152552
2012-12-20,206.8743438720703,208.64820843836327,205.60134027828835,208.64820843836327,23684
2012-12-21,204.70396423339844,206.85346803633269,203.95267281798277,206.85346803633269,44716
2012-12-24,205.4343719482422,206.18565060040015,203.2639915837953,204.93351102185522,22604
2012-12-26,208.5438232421875,209.04468411809785,204.11959462971672,204.95435426461984,71786
2012-12-27,205.4343719482422,208.43949929429655,205.05871988474073,208.43949929429655,40068
2012-12-28,206.5821990966797,206.99957902192813,203.9526979251599,206.8743574018989,89098
2012-12-31,208.16822814941406,208.68995303199407,205.14222383045015,205.55960373651413,41230
2013-01-01,209.25341796875,209.9212283643928,207.4378128340856,208.6690886490965,61352
2013-01-02,210.4846649169922,212.44635541560245,208.3977655514165,209.08645253199478,786810
2013-01-03,211.90374755859375,239.95167759655163,211.1941967433411,212.44633624972454,463354
2013-01-04,212.9472198486328,214.42891332750816,212.04984291678846,213.69849853758478,51546
2013-01-07,209.4412078857422,213.55240203916532,208.6899292354635,212.86372782017278,37746
2013-01-08,208.73167419433594,211.40290279770093,207.70908842443228,209.52469339475985,33942
2013-01-09,210.96469116210938,212.88462865425265,207.85520558202688,208.73170598437576,472828
2013-01-10,207.02041625976562,212.02897471766317,206.60303638827415,211.96637028442402,56784
2013-01-11,204.57872009277344,210.31769272626022,203.68135601029434,207.02039463341393,90512
2013-01-14,202.42926025390625,205.24657470073896,200.9892944416665,204.51615984415272,427748
2013-01-15,203.03445434570312,204.51614787307952,202.2205584581776,202.90923273516347,420062
2013-01-16,206.16481018066406,207.39607326399735,202.0118750105803,203.63965410057747,116130
2013-01-17,204.47439575195312,206.5612951018147,203.70224044501978,206.33174126829903,68786
2013-01-18,202.90924072265625,204.97527637236655,202.42925637358513,203.38922507172737,70308
2013-01-21,204.30743408203125,204.8917633174168,202.84660462485635,204.03613973032603,55874
2013-01-22,204.57872009277344,204.9334954939642,202.84659635451445,204.85001443341758,44000
2013-01-23,202.53359985351562,205.5596041789932,201.01016574058755,204.55789494976815,91392
2013-01-24,198.1302490234375,204.51615657246526,197.21200812344864,204.51615657246526,57986
2013-01-25,202.05360412597656,203.68138312394973,196.25202629349624,199.92496417289328,26874
2013-01-28,199.46583557128906,203.4726848355349,198.8397657717951,202.0535958374998,43768
2013-01-29,200.42581176757812,201.17709041273974,197.42067171208694,200.34233070148358,68406
2013-01-30,198.65196228027344,201.97012473892917,198.25544629271866,201.97012473892917,63712
2013-01-31,201.17710876464844,206.18566748907952,196.16855004021735,198.2554495087303,84222
2013-02-01,196.91981506347656,208.2308119439282,195.4172577405482,205.76827328977043,86694
2013-02-04,196.25201416015625,199.92495181247278,195.79289376926107,198.25543238188848,37552
2013-02-05,194.95814514160156,196.8363546078262,194.12338537883505,196.16854425012835,33866
2013-02-06,194.45729064941406,196.56506676287987,193.70601193293376,194.95815161868327,36008
2013-02-07,194.1651153564453,196.08505251647037,192.47471928630702,196.08505251647037,27754
2013-02-08,194.08168029785156,195.50076960630776,190.2835201359354,193.24692038259198,150774
2013-02-11,196.08506774902344,197.42068849554832,192.82950969332626,196.04333994985106,155300
2013-02-12,199.06932067871094,199.9249442595922,197.00328536644577,198.25542489207996,104538
2013-02-13,201.74058532714844,203.26401947594118,197.46244118006754,198.25546047448063,85314
2013-02-14,205.8100128173828,206.74911750833246,200.57188789874346,203.68137297041244,149122
2013-02-15,204.5161590576172,216.62017663449657,200.75973980962013,207.8551983891701,57944
2013-02-18,206.10220336914062,207.02044430578937,204.11964871097027,204.11964871097027,302092
2013-02-19,208.12646484375,208.37689530747784,204.26570113499852,207.02041076115975,54060
2013-02-20,208.18905639648438,209.9420567967139,206.1856382854407,208.68991729295615,93518
2013-02-21,210.4220428466797,212.44633760910344,206.18564003712595,208.2725392277851,155064
2013-02-22,209.2116241455078,211.82024788797048,208.27251959822124,209.9211748984259,102228
2013-02-25,208.33514404296875,212.86371784259458,205.87260554090153,210.98550856751288,34418
2013-02-26,204.39093017578125,209.0447132412251,203.49355325330512,208.68993779948138,44024
2013-02-27,204.97525024414062,206.60302913835224,203.68137014043614,204.30743992570387,28760
2013-02-28,200.9683837890625,208.62730605104164,199.92493423667898,208.62730605104164,44338
2013-03-01,209.56642150878906,210.77682050479757,199.00670384896682,202.42922365312242,75828
2013-03-04,208.7942657470703,210.75595609743385,206.6030215788102,209.56642100146541,146970
2013-03-05,208.85691833496094,210.3594886585786,207.85520903169078,208.77344998985294,99532
2013-03-06,212.6133270263672,213.46896349808438,208.68995835674522,211.96639325043097,306210
2013-03-07,216.70362854003906,220.37656621532548,211.00638325760258,212.02896901019952,525138
2013-03-08,220.2305145263672,221.62872700207217,217.01668419991756,217.05841199999782,1008328
2013-03-11,223.5068817138672,227.43026200298263,221.2321567209707,221.85822641764818,225510
2013-03-12,224.2164764404297,227.03379062803555,221.21133621201423,227.03379062803555,78892
2013-03-13,224.2164764404297,225.34340721044126,223.2982356102408,225.25992613954298,107898
2013-03-14,224.34164428710938,225.00944178249253,217.45487753224927,223.31905867399516,51796
2013-03-15,225.42686462402344,228.7659036881073,222.1504427323297,225.38513682566094,403324
2013-03-18,228.2859344482422,228.78679540795954,218.08099110903203,226.61641489908214,56624
2013-03-19,221.67044067382812,227.88941098026075,218.39401885608322,227.88941098026075,251878
2013-03-20,220.8565673828125,227.47202810189268,218.3940159712208,221.27394725088936,247966
2013-03-21,221.79566955566406,224.9468824287252,218.72791227538983,221.62870742039988,124528
2013-03-22,218.1227264404297,222.98521248521715,216.7036500595455,221.44090175394385,179808
2013-03-25,217.26708984375,219.5418152680171,213.6984969909216,218.28967563721093,162582
2013-03-26,215.57672119140625,218.68620658236026,213.32287224918417,214.97151523345985,22006
2013-03-28,219.10357666015625,224.57124298703624,214.55412570431506,217.016677226256,67604
2013-04-01,220.14700317382812,225.38511510585658,217.05838214725475,224.50862762593803,45902
2013-04-02,220.3765869140625,222.83913851080632,218.74879511623558,218.74879511623558,188644
2013-04-03,217.01666259765625,223.7156042339463,216.4323206056147,220.37656536478292,49186
2013-04-04,214.1158905029297,216.6410338242228,210.35947137129935,216.6410338242228,51930
2013-04-05,215.63931274414062,217.03752507149022,212.86372651242309,214.95062579195667,17202
2013-04-08,216.6201629638672,221.62872164511268,213.8654658791209,221.62872164511268,11738
2013-04-09,217.14186096191406,219.83396601498822,216.2862373880276,219.83396601498822,115644
2013-04-10,219.10357666015625,221.00265005003615,216.70364231117097,219.06182338657027,67856
2013-04-11,223.7156219482422,225.34341371578944,219.1244431396029,219.95920292299186,221608
2013-04-12,223.11041259765625,223.2982386410152,221.21133921446366,223.2982386410152,16512
2013-04-15,219.6878662109375,225.36424725826762,219.1244136229872,225.17642123733637,43602
2013-04-16,221.98345947265625,223.25648837461642,217.16272737743427,217.16272737743427,24098
2013-04-17,225.69813537597656,228.97455673981017,221.5034733224872,223.2982014353166,40676
2013-04-18,227.972900390625,229.47545780058445,224.63386127974027,224.9677600958594,40562
2013-04-22,235.6526641845703,236.5291771956315,226.84595912601023,226.84595912601023,104402
2013-04-23,232.2927703857422,239.0543296317986,230.2058709563943,235.81963551630938,80650
2013-04-25,235.25616455078125,240.76555823559667,229.97629921551444,229.97629921551444,1277212
2013-04-26,236.32046508789062,238.30301928246212,233.73270504421814,235.81960419639867,90976
2013-04-29,234.859619140625,236.23696738909138,233.94137848336698,235.42307168209354,62364
2013-04-30,242.0177001953125,243.70810899816027,235.8196195010201,235.8196195010201,127618
2013-05-02,239.86822509765625,244.39678666172696,234.3796694178354,236.6543948869384,86380
2013-05-03,239.033447265625,242.05945120440143,235.13093034933073,240.41079568761637,137970
2013-05-06,240.91162109375,242.08027941665534,238.34472518241293,238.74124107987387,141474
2013-05-07,240.6612548828125,243.1864238122757,238.6995896126016,240.4317010187292,92652
2013-05-08,238.03170776367188,244.18806014779418,235.0474573166131,240.61946775908504,353396
2013-05-09,241.09950256347656,242.08033511062402,235.38139300123905,237.53088414015812,257930
2013-05-10,238.36561584472656,241.24554692354369,232.77274128746063,239.9934074066395,61840
2013-05-13,233.8788299560547,240.80735197144227,232.12585465713806,235.8196567903752,94912
2013-05-14,235.71533203125,238.7413367363878,232.48063734644757,232.48063734644757,245520
2013-05-15,238.1361083984375,242.03862593759848,234.25448023516748,234.25448023516748,666212
2013-05-16,238.1151885986328,243.854161154691,237.23870116182647,239.99339779879733,106910
2013-05-17,238.1986846923828,239.99341294640445,235.08919972532576,237.90651370339225,273282
2013-05-20,237.42657470703125,242.03864354100594,236.77964087857637,239.17957559450778,188706
2013-05-21,235.84048461914062,239.53431166224576,234.1501012823918,237.90652001954248,234138
2013-05-22,236.17442321777344,238.36566785043314,232.93972876003767,237.07180025727854,251406
2013-05-23,240.1394500732422,241.55855153787172,233.7326805377247,235.81957947109723,210136
2013-05-24,239.90994262695312,242.49770289915935,238.6786669234599,240.41080356267778,95078
2013-05-27,277.8289489746094,285.0704802673022,257.5234060394223,257.5234060394223,3455274
2013-05-28,283.380126953125,291.62338110541685,272.1317320149009,279.581954058804,1708820
2013-05-29,285.2373962402344,289.20250476741876,280.4792558176755,284.48609213941893,693988
2013-05-30,292.1659240722656,295.83886202277614,281.9192528301291,285.2791558619908,433594
2013-05-31,302.2665100097656,304.68730818530986,293.00067170696923,294.2528113296486,562080
2013-06-03,289.9746398925781,313.8279076138013,279.70710615828744,302.60037988070405,1237316
2013-06-04,282.9209289550781,296.71535375885736,280.93837461276223,289.24424404735,716798
2013-06-05,277.4532165527344,287.97119239930674,275.5332797007112,282.5661190014309,470918
2013-06-06,288.8686218261719,290.99727462485333,270.8795581252074,277.43242772335987,668000
2013-06-07,288.096435546875,295.6510004868157,286.11388130008373,291.4354742783129,383680
2013-06-10,288.7225341796875,291.33115844947145,284.77828918880493,287.992119384148,319356
2013-06-11,289.139892578125,293.0006562105287,287.59558203019463,292.1450326085865,790394
2013-06-12,285.5713195800781,290.0790171984079,284.23569886635363,286.3225982706587,168954
2013-06-13,281.7731018066406,286.71906787981345,278.100164544077,285.4877923354451,225142
2013-06-14,284.9243469238281,287.9920784390021,283.60959028884344,283.6930713485769,563194
2013-06-17,281.41839599609375,287.7834394353825,280.58363620077716,287.7834394353825,98148
2013-06-18,279.7279968261719,285.9052138702982,278.8306199065676,281.5227251905345,189010
2013-06-19,278.6427307128906,280.4792119333426,277.5784173697187,280.4792119333426,213324
2013-06-20,279.79058837890625,282.98355460532053,274.6568210230709,278.80975586482907,198688
2013-06-21,276.32635498046875,281.7314297272423,275.5124590885095,281.7314297272423,85674
2013-06-24,271.5472717285156,278.8096900115672,269.7108160013673,276.72279113423514,73894
2013-06-25,270.27435302734375,274.17687043323707,269.35611213920134,271.2969388919831,75740
2013-06-26,270.2535095214844,276.43072750129124,269.293540760239,270.46219949022685,69566
2013-06-27,275.7211608886719,277.30722494111893,271.5891150266262,277.30722494111893,143384
2013-06-28,281.43927001953125,283.15054294639395,274.489909758457,277.14026201398275,621320
2013-07-01,286.8442687988281,289.9537534173341,277.5784321035194,280.4792268211168,311070
2013-07-02,284.96612548828125,287.99212975014876,281.7314312773194,287.99212975014876,69688
2013-07-03,282.69140625,286.73999644765115,282.5661973727217,286.73999644765115,30888
2013-07-04,287.0947265625,289.45293296186054,281.73140555047706,281.73140555047706,64428
2013-07-05,280.06195068359375,291.33120950394704,278.39243085835625,288.82692976609076,293564
2013-07-08,279.3315124511719,283.27575780413724,276.3055080204345,279.6445473922827,53392
2013-07-09,282.0027160644531,283.4009284226977,279.66537353482266,280.4792693667936,105612
2013-07-10,283.6096496582031,286.94868894777727,280.708854180416,282.0653388918055,80718
2013-07-11,283.3174743652344,288.40951430023705,282.3157778783332,284.2565791513061,113126
2013-07-12,282.9209289550781,285.8843412569205,281.41837164347146,281.7314065396266,46592
2013-07-15,283.8809509277344,285.90523326529416,283.1087828230583,283.81833375240876,152726
2013-07-16,283.5678405761719,285.0703976358535,280.72963761368754,282.4617739386001,112304
2013-07-17,292.18682861328125,304.2699832487897,281.5019120937989,283.8183657190356,1215276
2013-07-18,298.11358642578125,300.93090068321777,291.7485431034247,292.18678689294546,418008
2013-07-19,296.360595703125,300.9100468460944,295.46324419454595,299.3657361065183,230244
2013-07-22,300.4926452636719,307.5881031188951,295.71364061327296,298.8439896670479,268120
2013-07-23,307.1449890136719,309.17234348725435,301.1473782874486,303.6393514769673,234966
2013-07-24,306.4690856933594,315.50773803164975,304.52621033576906,307.14488748062723,280656
2013-07-25,305.8567199707031,312.5512188740942,304.86414319999824,307.8418219537008,122640
2013-07-26,301.3795471191406,308.2007749618148,298.4863475182936,306.63801408679967,189864
2013-07-29,302.6256103515625,303.68152664727626,296.8391838952098,299.88022798270674,95568
2013-07-30,295.57208251953125,305.3498776692888,293.54472840009134,303.6815247764973,118604
2013-07-31,295.27642822265625,297.3460345131951,286.4067311704161,291.4540163155084,85466
2013-08-01,297.0292663574219,298.61314086697087,292.4254608046498,295.234208579933,106370
2013-08-02,299.2044677734375,301.54859691871496,294.3894788972936,297.7895243944265,94464
2013-08-05,310.46051025390625,312.5301165461451,297.3038084164666,300.7249669706011,192230
2013-08-06,305.434326171875,309.17225915738317,300.1124931286929,308.3275262088658,111748
2013-08-07,297.47271728515625,311.2841068280775,294.8118135223855,311.2841068280775,333516
2013-08-08,293.18572998046875,299.31004451651626,288.0961927943882,294.8751960593784,54590
2013-08-12,310.4393310546875,326.48925565343325,293.6502651915258,295.2341393295599,2989026
2013-08-13,315.63446044921875,323.02587373449717,312.5511903489148,314.24065624269275,1522498
2013-08-14,318.3165588378906,321.42094265035996,313.39597824778855,316.3525440803149,385922
2013-08-16,313.7127380371094,320.95633428933263,309.8903261222866,314.2406961960409,352952
2013-08-19,307.5039367675781,314.66305436844647,304.10389147017645,313.6705033676916,180430
2013-08-20,295.6987609863281,304.9063708316547,292.3831944451467,304.9063708316547,269034
2013-08-21,290.0813293457031,304.44179144974,288.47634167815227,297.3882652016216,283326
2013-08-22,299.64794921875,301.9920783775876,285.0974166501701,287.7372075450791,143452
2013-08-23,301.8019104003906,304.8851800098722,299.9012615724527,300.724881220399,294568
2013-08-26,298.29632568359375,304.54734441464456,297.13481786677266,302.414398852323,78182
2013-08-27,291.6863098144531,297.34603152157484,289.3210676026687,297.34603152157484,107328
2013-08-28,292.19317626953125,294.81185405451043,277.8327134645838,291.4329216298169,121756
2013-08-29,297.7049865722656,299.79570568792104,287.6949221759079,292.69995437408676,154040
2013-08-30,296.67022705078125,300.7249349633242,293.9670712562832,298.1907360731838,86734
2013-09-02,302.9212646484375,305.79335174656967,297.134838333856,297.134838333856,186522
2013-09-03,308.221923828125,310.43934774055754,305.79331668593693,305.79331668593693,209070
2013-09-04,316.14129638671875,318.4643119246305,308.3064036828751,308.3064036828751,436762
2013-09-05,316.7748718261719,320.8718319909647,313.5015314839681,318.42211147135,187876
2013-09-06,309.4256591796875,318.865565055525,308.327516692191,312.5511813044128,101616
2013-09-10,311.9598693847656,314.19843233468055,309.19337411816974,311.7064598104225,133708
2013-09-11,314.57861328125,324.7998893369007,312.6568505613014,318.88675741139144,342712
2013-09-12,315.1910400390625,319.2668875854219,312.97361563677765,314.6630818480423,242338
2013-09-13,313.79718017578125,317.1972251698974,310.98843278370043,316.7748586916419,74546
2013-09-16,309.2990417480469,316.35256879832417,308.32760376872716,315.08546905680885,139772
2013-09-17,305.56103515625,311.70646228530234,304.1038656441974,309.2989681931116,59046
2013-09-18,317.8941955566406,319.9426630213979,307.08159636192374,308.2008780359922,300266
2013-09-19,322.9625244140625,329.0234728120775,317.72516999086685,320.9985100605634,509846
2013-09-20,321.0618591308594,325.8134815727666,316.79594262660396,320.9984938532867,179114
2013-09-23,314.95867919921875,319.7314151144391,312.6567768011407,315.5077504497833,71436
2013-09-24,317.4717712402344,322.6879868947174,314.6630238698488,316.6481514581571,208534
2013-09-25,317.95745849609375,320.5761356426914,315.93010469134805,317.19720404171443,191164
2013-09-26,320.3438720703125,321.42090147262553,317.3239413308654,318.04196952547574,434022
2013-09-27,327.9887390136719,331.0931486214917,318.88674502347914,318.88674502347914,432920
2013-09-30,347.18524169921875,353.52073881051837,328.4744120530213,328.4744120530213,601698
2013-10-01,352.2959289550781,366.6141653081752,347.1853040130415,351.113307771216,721590
2013-10-03,347.96661376953125,356.05494216236264,347.18524609426106,354.6611379360732,202084
2013-10-04,351.7045593261719,354.78782935400295,347.9666006565275,348.72688091422,214374
2013-10-07,357.15301513671875,359.85617039029734,347.29077007443897,352.6759416383783,292866
2013-10-08,364.481201171875,369.1483461591209,358.1668164106802,360.7010155833973,337170
2013-10-09,368.0079040527344,372.44275203470386,365.3470004193934,365.7693668938667,230588
2013-10-10,361.9892272949219,369.57071162057974,361.12338106925216,366.6141459276151,83178
2013-10-11,359.79290771484375,366.3395887378069,358.5891734513363,362.390472109831,248622
2013-10-14,366.1706237792969,369.95080891861994,356.89967441815605,356.89967441815605,185944
2013-10-15,355.5058898925781,369.4650976279681,354.7878616833303,369.4650976279681,67020
2013-10-17,353.6263122558594,356.39280736311343,350.5641554760983,352.88717096419293,205276
2013-10-18,365.11474609375,368.4303129888029,354.59780935560667,356.75189409120094,130162
2013-10-21,366.4663391113281,370.62663922283,364.92469092709416,365.1147610261269,116082
2013-10-22,369.8241271972656,372.1049167946365,365.34705224445014,369.5496044174388,91186
2013-10-23,387.2467041015625,396.17976563191706,371.2601428469671,372.4427638571916,416324
2013-10-24,391.4703369140625,410.32900936484845,387.2678113272544,388.577137020752,491538
2013-10-25,392.37847900390625,403.317781679637,387.1411240854981,388.9995469995669,217310
2013-10-28,388.9150085449219,396.3908996070431,381.819257586326,389.6330366409134,224622
2013-10-29,392.505126953125,398.24932599611344,381.84037435896664,384.353459829074,188476
2013-10-30,399.0096130371094,402.9587292562735,392.8008207151263,392.8008207151263,171634
2013-10-31,396.83441162109375,405.0494446161249,392.8008169895685,399.55868050766856,158216
2013-11-01,397.00335693359375,404.45810944189776,394.9126378128616,397.99590779716425,132850
2013-11-05,393.8778381347656,401.24813803664784,392.80080881482365,399.1785320656197,70524
2013-11-06,398.79840087890625,406.6966585236487,393.2231586720762,393.2231586720762,152880
2013-11-07,395.33502197265625,401.8394760219221,392.14616023117486,398.75618012035346,63876
2013-11-08,388.5137634277344,398.03814736883663,387.3100293733149,395.5461750361062,88306
2013-11-11,369.8241271972656,407.5837056831149,366.0228283877858,390.96359286668326,593196
2013-11-12,381.9671630859375,400.36124618673614,375.90621366050993,393.0965366770062,890924
2013-11-13,375.48388671875,390.0555336161593,373.41428018105717,383.8889919074904,278422
2013-11-14,379.3485107421875,384.35354383094045,377.3000175960037,377.68015778620077,94908
2013-11-18,378.0390930175781,383.6354485851976,375.9061475608543,378.1024582979493,102510
2013-11-19,378.52490234375,381.0591016107969,375.52608441021965,378.018057334499,118410
2013-11-20,378.1447448730469,381.3336069826116,377.1733070208837,380.1298726974192,87126
2013-11-21,371.1334533691406,389.6119879763238,368.7470723024736,377.17328923919024,334470
2013-11-22,368.916015625,376.8776136450413,367.24766283466005,373.8999350481688,162586
2013-11-25,371.2390441894531,374.00553963736667,367.8812253237113,367.8812253237113,144976
2013-11-26,375.3993225097656,382.87521436641794,371.6825026392143,373.7732218724007,271814
2013-11-27,369.5072937011719,378.39812846349616,367.4588266459191,373.47754880649876,67070
2013-11-28,370.2676086425781,373.3719921570888,368.45141203926386,372.8229208538754,102420
2013-11-29,370.2042236328125,379.116146143324,369.1483074216522,372.52723929736527,115108
2013-12-02,380.1509094238281,388.5771250633798,371.6824674519285,372.5272003325011,326942
2013-12-03,382.30499267578125,391.7448722783001,377.19434329498006,379.5807239876552,235476
2013-12-04,375.7160949707031,385.19822754809513,375.0825452543411,382.15718375371677,98826
2013-12-05,371.5980224609375,381.7770700557211,370.94335957539846,379.28509752201285,106558
2013-12-06,366.3818359375,374.85027934603977,365.45262445539254,370.52102259866297,103914
2013-12-09,367.2687072753906,371.6402150937394,360.72202790941503,371.6402150937394,224690
2013-12-10,366.84637451171875,372.9495748620745,365.34697877202086,369.5706432664951,146468
2013-12-11,375.58941650390625,378.4403904273264,363.0028997459814,367.0153815641283,134018
2013-12-12,371.7036437988281,378.86276133439964,368.5570081280022,373.47758830539897,259570
2013-12-13,375.8005676269531,377.0465538724252,368.7259292366733,370.8377615919807,114248
2013-12-16,371.5769348144531,378.52486901570234,369.67628553151474,371.9359360339925,101764
2013-12-17,374.8924560546875,376.72976560591087,369.57064902047375,374.17445370280984,83782
2013-12-18,374.23785400390625,377.4689682291064,371.0489918986945,374.44903726622766,74966
2013-12-19,370.1830749511719,375.0402890565359,368.7892708419948,373.7943028910587,50494
2013-12-20,377.4689636230469,381.81933361794097,368.8526763137913,370.18314116186383,235362
2013-12-23,373.6042785644531,381.8193120605346,372.14710899864656,380.42550778075645,101094
2013-12-24,382.7063293457031,384.3535692398432,370.7533608647454,370.7533608647454,100700
2013-12-26,383.3820495605469,386.6765028671461,378.5670614960687,385.5994735256507,181250
2013-12-27,386.7398681640625,388.577151994966,380.6366675230835,380.6366675230835,127504
2013-12-30,387.9647216796875,396.179754800202,386.48643901252257,388.99952470254374,193780
2013-12-31,388.83056640625,392.80082158122565,386.88769093376635,390.2666227323145,63112
2014-01-01,387.9225158691406,394.067943269104,386.5498247484283,386.5498247484283,75038
2014-01-02,384.0155944824219,390.688979462261,382.7907214243184,385.62058189085866,348310
2014-01-03,387.2467041015625,389.42190182582897,377.1943868458473,383.44540571063794,64392
2014-01-06,383.888916015625,388.556060610063,378.5670827333043,388.556060610063,234382
2014-01-07,381.7559814453125,386.42315226939184,379.2851475330884,382.6640798050981,225032
2014-01-08,383.0653076171875,386.04298632743877,380.55222175166557,380.55222175166557,53724
2014-01-09,379.0950012207031,384.353468667656,378.01797193137594,383.12859565362766,69824
2014-01-10,378.46148681640625,386.46533692830326,377.59564067093237,379.28510662471734,205446
2014-01-13,379.5596618652344,384.3535112821817,377.59564734754997,378.65156358733617,281088
2014-01-14,382.26275634765625,384.7758419199885,380.3198809591925,383.0863760937756,75610
2014-01-15,383.1497802734375,386.824348195151,378.0180169936296,382.66404848740603,271908
2014-01-16,384.7336730957031,386.33866071467713,381.3969672784834,386.04299899505406,80550
2014-01-17,378.75714111328125,384.7758634560348,378.01799977294314,381.08015675434405,30736
2014-01-20,374.9980773925781,382.24167299921754,374.2167096986815,382.24167299921754,42368
2014-01-21,371.5557861328125,379.8130454058678,369.61288491731494,373.836549586827,91158
2014-01-22,369.1483154296875,373.37198036595396,366.21286314314136,369.7184998844015,139710
2014-01-23,368.5780944824219,374.6390427541938,367.45881307344825,369.591758499241,40168
2014-01-24,365.4315185546875,370.75332639929877,363.12961586298894,367.5010990368334,58920
2014-01-27,359.45501708984375,363.3196810100663,354.8723507181755,363.29856784017784,111788
2014-01-28,365.6003723144531,368.3035277841826,359.01146630338906,359.01146630338906,60206
2014-01-29,366.7830810546875,369.27502795172404,361.2923165226066,369.27502795172404,50380
2014-01-30,367.3743591308594,369.4439651944436,357.4487468513268,365.7693716627758,41242
2014-01-31,372.7595520019531,373.79435508996414,364.84018007208095,369.02161876273567,103232
2014-02-03,374.25897216796875,376.34969164868807,371.7881382775232,373.7943792963454,86688
2014-02-04,369.4439697265625,373.667634578177,365.769376149817,372.5906051968562,26086
2014-02-05,367.54327392578125,371.6190945231076,365.76932975726146,371.6190945231076,21390
2014-02-06,374.7235412597656,376.75089518113276,367.9234255541086,369.5706651160215,35704
2014-02-07,380.46771240234375,383.5087561532321,374.7868782043654,377.06766746233257,85040
2014-02-10,384.4379577636719,388.1547774627521,381.3969140901688,382.24164701174175,125062
2014-02-11,380.67889404296875,388.07030726384875,378.5881748617934,386.3386150494954,32498
2014-02-12,382.55841064453125,384.3323548836806,381.4602681903542,382.66400225663295,65492
2014-02-13,379.8764343261719,384.3535088427683,378.1447162363903,383.50877585630064,240502
2014-02-14,381.22796630859375,385.17710827888516,376.34963872571944,382.6217962858752,302986
2014-02-17,380.362060546875,389.3795987535574,376.7508329430034,388.9994586776974,210380
2014-02-18,385.6417236328125,389.3796825862121,379.4540699400992,380.129846021344,215794
2014-02-19,385.6417236328125,385.6417236328125,385.6417236328125,385.6417236328125,0
2014-02-20,382.2204895019531,386.8454068668543,379.707404195984,386.8454068668543,155252
2014-02-21,378.27142333984375,384.9870609349774,376.9620975145006,382.6640452079973,46476
2014-02-24,376.2229919433594,381.3969820093781,374.2589772392693,378.8627827933689,62362
2014-02-25,378.0813903808594,380.12985763532294,375.9484188896521,376.79315190661947,71470
2014-02-26,374.4700622558594,380.1297826649963,372.5905522871542,380.1297826649963,221554
2014-02-28,375.2303771972656,380.02422625540805,372.6539262975037,380.02422625540805,67702
2014-03-03,365.8960266113281,379.7074137812354,364.45999624252346,379.7074137812354,363658
2014-03-04,365.22027587890625,371.68247743298014,363.69974118552267,365.89605188983074,219866
2014-03-05,376.3496398925781,379.2850920301668,367.0364643365423,367.33212602291877,178314
2014-03-06,373.5198059082031,378.3770206834942,367.50108325186415,374.3434257433327,77346
2014-03-07,369.5284423828125,376.72978568601025,367.4588363263046,373.51978498161435,66682
2014-03-10,369.6762390136719,375.06141130435947,368.72591449178583,369.57064740012896,69494
2014-03-11,368.9582824707031,373.1608346609263,363.9109972082424,367.8812529594418,123866
2014-03-12,365.8115539550781,369.1482590568606,364.9457079312083,368.53582257878645,171090
2014-03-13,364.4600524902344,370.8377761418115,363.65754585204974,366.21285794638874,98408
2014-03-14,362.5593566894531,366.1916977044838,361.16552683607506,363.2984979477955,60770
2014-03-18,361.5246276855469,366.61413909198484,360.7010078163077,364.81908138329715,201166
2014-03-19,360.8276672363281,366.17061335014097,360.29970915311355,363.95318940063976,155970
2014-03-20,361.46124267578125,363.23518711754514,356.0549566745239,359.5183671028811,96402
2014-03-21,362.51708984375,369.1482477334751,358.377904121114,362.60156828282425,492056
2014-03-24,357.2586975097656,367.37438044810204,355.6325967791678,365.76939288688754,213364
2014-03-25,355.2735900878906,361.9680887691978,353.30957556059974,358.1667902873742,203422
2014-03-26,351.7468566894531,358.99045331315233,349.2971358622224,356.899733740723,131786
2014-03-27,344.94671630859375,355.6114701430581,341.73671552851937,349.8250440948543,300068
2014-03-28,350.1418151855469,351.4089146373643,346.93184021929113,351.4089146373643,486708
2014-03-31,356.2239074707031,357.32205003145833,350.12070654304824,350.1418197116773,147232
2014-04-01,355.294677734375,360.0674136628632,352.67600047916807,354.9567897161039,144852
2014-04-02,354.5555725097656,358.5891675305043,353.098402892228,353.52076940286463,233062
2014-04-03,355.6748046875,356.81519934636634,354.00647770458534,354.7878453857174,361954
2014-04-04,363.6364440917969,364.8401783076337,353.9431277406713,353.9431277406713,272854
2014-04-07,351.6834716796875,365.2625389996279,350.1418236642966,365.2625389996279,177368
2014-04-09,361.0177917480469,364.0799490925024,352.3170515361734,356.0127586760335,192290
2014-04-10,369.8030090332031,370.9222906458979,363.7209464876816,364.92468078274743,264250
2014-04-11,375.209228515625,376.03284825548445,369.5284203415228,369.57064667517614,153834
2014-04-15,372.9284973144531,377.4900502483262,367.754507814546,374.2167099524666,156474
2014-04-16,371.6614074707031,375.0192263073251,370.11975943136684,372.9285069728846,104894
2014-04-17,373.56195068359375,374.6389797988783,370.41531599054827,371.68241513304724,74298
2014-04-21,377.2155456542969,378.0180523900482,373.87886546385346,375.7795148892783,86532
2014-04-22,385.3883056640625,389.84426693965537,375.29373632761605,377.5956388342924,362978
2014-04-23,376.9620361328125,388.5771128764006,373.79428793001574,385.388251508092,253636
2014-04-24,376.9620361328125,376.9620361328125,376.9620361328125,376.9620361328125,0
2014-04-25,375.9061584472656,378.8627237384239,372.1893386656502,378.8627237384239,307606
2014-04-28,376.51861572265625,379.41181589095936,373.79434668420157,373.79434668420157,487736
2014-04-29,364.4178466796875,376.75095484155304,362.39049243727857,373.4142488535826,68400
2014-04-30,364.9457702636719,367.8812226033167,357.8922445366765,364.07992409191615,72960
2014-05-02,361.4823303222656,368.47251597161625,359.0114968030086,363.23516147127924,39354
2014-05-05,363.4885559082031,368.3035437412722,357.87108728909067,357.87108728909067,60912
2014-05-06,359.18048095703125,367.3743755677298,356.98417000702767,361.77801945760416,50042
2014-05-07,362.5382385253906,365.3469857797717,356.2872201095079,356.2872201095079,64028
2014-05-08,362.6861267089844,365.49484852843926,359.01153292205856,360.06744919535873,84948
2014-05-09,360.2152099609375,365.09356299228244,358.7791795248097,361.20778656774525,152378
2014-05-12,358.63140869140625,362.60166436715576,356.287279616336,357.78667563522185,105258
2014-05-13,369.211669921875,371.47132028503694,359.0115090873012,361.0388630416004,139330
2014-05-14,376.3074035644531,377.97575624115797,369.57065335600873,369.95079348257036,778514
2014-05-15,372.3583068847656,377.5956619483037,366.6986110881872,376.30744924179334,100596
2014-05-16,364.58673095703125,375.90614685247886,363.65751959548794,373.87879301405883,171916
2014-05-19,348.7269287109375,367.03650710222547,346.7418009044858,367.03650710222547,192606
2014-05-20,352.8660583496094,355.63255346119263,348.4523237594821,349.0858734390448,332272
2014-05-21,353.9853820800781,355.21025534121355,350.56422346398006,353.30960593689076,132094
2014-05-22,351.9579772949219,366.6140990846777,349.1703688808443,355.29468274804225,318408
2014-05-23,366.2128601074219,370.41541184001096,354.9990349504324,356.77297936480016,320388
2014-05-26,367.3532409667969,378.862727389729,359.4338695748711,372.9495967504244,476702
2014-05-27,367.98675537109375,375.90612600318326,355.6325371850341,368.93707984694447,765514
2014-05-28,372.0204162597656,380.1298583946936,367.0153834359179,371.68252820814484,364558
2014-05-29,367.1631774902344,373.66763162194314,361.54570843786996,373.66763162194314,204618
2014-05-30,372.1471252441406,373.7943649607348,365.8116275329417,367.03650073545595,151772
2014-06-02,376.4552001953125,386.4652899094635,373.097381864849,376.3284954200349,324736
2014-06-03,379.36962890625,383.9311823526178,372.5272858470945,376.7509512195105,139940
2014-06-04,379.66522216796875,382.8540837932106,375.23037432672834,382.2205341016048,423078
2014-06-05,377.99688720703125,381.6081154625963,376.0539859275243,376.0539859275243,92562
2014-06-06,373.70977783203125,381.98817456826913,371.893607505448,377.9968070150114,255702
2014-06-09,372.18939208984375,374.36456425589876,371.6825470970518,372.52728015863596,174412
2014-06-10,369.9296569824219,376.3285192202385,369.25388095206904,373.7943204376106,145836
2014-06-11,409.3787536621094,417.2981259924313,368.3669744658315,368.3669744658315,1859094
2014-06-12,414.4681701660156,421.9440610888963,407.58360255333827,412.5886344077274,525960
2014-06-13,391.2803039550781,413.91913619443966,388.89392311329624,413.91913619443966,289058
2014-06-16,400.6145935058594,403.7823420048514,391.2169396255163,391.2803049071775,265432
2014-06-17,400.1077575683594,401.7972234723991,396.1797544973079,401.6705186854369,96892
2014-06-18,394.7859802246094,410.4557673613611,383.93115581203625,400.825816133798,472860
2014-06-19,387.9858703613281,397.86925712385806,385.19826167405364,397.0245240938711,83826
2014-06-20,386.8032531738281,397.0245280955331,385.21937872663847,386.7187747141367,113850
2014-06-23,393.8778381347656,397.4468398868269,386.6976082962151,386.6976082962151,208798
2014-06-24,397.8692321777344,398.71396515475715,390.7101150416253,390.7101150416253,170376
2014-06-25,421.2049255371094,426.0410263534158,395.3560946676857,395.3560946676857,694676
2014-06-26,413.58123779296875,421.43724354240965,411.3849270716533,421.43724354240965,189124
2014-06-27,412.29302978515625,415.18622972127855,406.5277173008449,410.77249506331447,88358
2014-06-30,425.9143981933594,432.50330542526507,409.6955139282296,409.6955139282296,316164
2014-07-01,429.2088623046875,440.52827987231507,426.5901847277452,426.5901847277452,207484
2014-07-02,435.14306640625,438.8176341621484,429.2088225128233,432.9045034368997,562676
2014-07-03,430.11688232421875,439.11330871489594,427.6460487983983,439.11330871489594,113086
2014-07-04,428.7230529785156,437.57163511865707,425.7876010426804,432.92560424384504,137362
2014-07-07,424.6260986328125,435.0374418986703,423.6335477906469,432.46101687483474,44722
2014-07-08,430.9827880859375,438.83879469565983,423.211234153081,426.73798412600786,261308
2014-07-09,421.37396240234375,437.5294815397845,416.178833664194,435.8822418258532,275232
2014-07-10,420.254638671875,429.9479543377856,410.3501397704509,422.36647102701005,153424
2014-07-11,415.8409118652344,424.4783115191514,413.11664291904674,421.5217461652867,68694
2014-07-14,414.0670166015625,420.6770630954173,409.25205363606693,413.4968320988088,44728
2014-07-15,415.43963623046875,426.16775453540987,410.96256210401765,413.9191272990106,56560
2014-07-16,412.6519775390625,419.47320528907994,410.54014551480935,412.2296111342119,53042
2014-07-17,417.3825378417969,418.9875252220893,409.2730967139159,409.2730967139159,71946
2014-07-18,420.10687255859375,421.944156622595,412.65209311338873,412.65209311338873,296974
2014-07-21,436.0300598144531,437.1493413866909,418.67080642469307,418.67080642469307,156106
2014-07-22,439.4934387207031,441.7953152946217,432.9256196720719,432.9256196720719,145508
2014-07-23,446.62921142578125,448.658858643454,433.78902740154973,440.1129756216739,142498
2014-07-24,454.8547058105469,470.02365090803346,440.11305494115857,444.3859972221407,401972
2014-07-25,458.8070983886719,465.7506283992106,448.7015812028863,456.77745115482213,139874
2014-07-28,457.6961364746094,459.3839274930706,446.5223840867679,455.0682670357969,381396
2014-07-30,475.2151794433594,477.28754555204284,453.7863682867229,453.7863682867229,349376
2014-07-31,490.7046813964844,493.07613296699066,476.005750134491,476.005750134491,260332
2014-08-01,491.17474365234375,495.6613333072803,479.8728315284092,482.8425057217472,224138
2014-08-04,476.3263244628906,499.0797461068905,469.2118638830585,491.3884486497638,485328
2014-08-05,482.3082275390625,486.68799217452244,463.18681608181066,476.43293351588454,111522
2014-08-06,492.07196044921875,500.36147785853734,481.0264164809978,486.2607701135914,256746
2014-08-07,490.38421630859375,499.84879360344627,487.11540513164374,499.84879360344627,77868
2014-08-08,482.8851318359375,494.63572152921057,480.70594199753526,490.5337079228182,128678
2014-08-11,493.9306640625,497.75497809568117,483.077434111625,483.077434111625,245326
2014-08-12,492.4351501464844,506.7708905535189,484.97888767136925,495.6612420253642,515634
2014-08-13,484.42333984375,497.348987423717,473.05732628806226,492.4992094248721,292366
2014-08-14,508.8860168457031,512.3257560887562,484.9789267395648,484.9789267395648,449826
2014-08-18,542.7063598632812,544.8001119017932,513.1803407012186,513.1803407012186,285910
2014-08-19,548.4321899414062,560.5459719401449,536.2543033708336,540.5272460271749,509700
2014-08-20,538.4334716796875,552.9187571244415,534.6519280154231,551.4232272558669,546584
2014-08-21,532.4940795898438,542.2364094654943,529.4175818185558,539.6726439361065,343016
2014-08-22,534.010986328125,544.372871839993,529.8875864037849,536.0192484293349,559302
2014-08-25,522.3029174804688,535.2712826055201,518.3077281938936,531.5538449078348,244970
2014-08-26,536.9378662109375,548.6030184073577,514.1844506998475,522.153497738066,238488
2014-08-27,538.3265991210938,550.7822357534006,533.6904673824649,542.1509135900532,474186
2014-08-28,531.0839233398438,542.471323166789,525.5718182288716,534.1177014521054,315378
2014-09-01,539.5015869140625,547.3638097578713,524.7172196585996,524.7172196585996,124256
2014-09-02,537.1729736328125,544.8001655180772,527.7083956194708,544.372871270612,234388
2014-09-03,547.6630249023438,550.3122805751148,538.3907604475029,538.3907604475029,295162
2014-09-04,535.9978637695312,546.8938660495913,529.8448167558628,546.8938660495913,158412
2014-09-05,538.7537841796875,543.5181240798255,529.887431133574,535.9336534018248,311856
2014-09-08,543.1123046875,549.0730378138,538.3906829925199,540.9544481496272,605970
2014-09-09,544.8214721679688,555.4824412338287,542.3858640142903,548.9448193307182,385052
2014-09-10,558.067626953125,561.8705037154265,546.9365918564463,546.9365918564463,673542
2014-09-11,575.0953979492188,587.486932415375,559.7555224367117,559.7555224367117,452776
2014-09-12,590.3923950195312,593.9816768515489,578.8982223831,579.2827454480098,228722
2014-09-15,624.44775390625,629.8316503907645,585.9912759312373,591.3324534277668,369028
2014-09-16,613.7439575195312,645.6841960438296,600.3910149926506,628.1224164644626,369012
2014-09-17,620.9224853515625,628.122381124989,602.9120270526256,628.122381124989,130692
2014-09-18,604.258056640625,628.8915757979433,602.4847754157482,620.8584245950938,234548
2014-09-19,587.614990234375,612.2698980140315,577.7872231784834,612.2698980140315,356392
2014-09-22,585.1366577148438,596.4812868434196,577.7017285865508,595.6480840603933,160510
2014-09-23,592.3792724609375,596.0753775277739,578.5563162527641,587.9567881564279,110008
2014-09-24,594.64404296875,605.9032358259103,584.0257914752983,599.9211164312962,98588
2014-09-25,599.9210205078125,604.1939622493212,590.0932545023427,590.0932545023427,114254
2014-09-26,601.60888671875,608.8942741612873,587.7432099009478,593.9389761994311,121966
2014-09-29,601.9721069335938,612.4835341203686,595.6054127406484,595.6481317298753,216340
2014-09-30,594.81494140625,612.3553378882115,568.301314120344,596.0754384946466,599390
2014-10-01,597.7418823242188,606.245047556875,581.5474212919627,584.5384807695849,140890
2014-10-07,598.874267578125,605.475942773321,589.6874413469137,591.8025269873322,133370
2014-10-08,586.1195068359375,600.7757205993148,582.0815970031413,595.0072481753526,91568
2014-10-09,577.6376953125,591.9734376157834,577.2745056484102,584.1966513214469,260132
2014-10-10,569.0704956054688,579.4109954568728,557.1703091699386,573.0015817903144,244760
2014-10-13,573.8988037109375,581.2055237694905,561.9986712095013,565.0965540198179,146574
2014-10-14,572.5740966796875,578.0220964801846,570.4376261696887,573.0013907816873,176492
2014-10-15,572.5740966796875,572.5740966796875,572.5740966796875,572.5740966796875,0
2014-10-16,565.6521606445312,578.3213936895733,555.5893599861497,567.0408669855849,495862
2014-10-17,573.834716796875,579.1972797939471,563.601041717607,564.882924299224,195014
2014-10-20,581.1414794921875,587.4012975994688,574.753400104986,575.5652694917126,173632
2014-10-21,594.4088745117188,599.280038195346,583.2778933335313,583.2778933335313,219884
2014-10-22,600.2842407226562,610.432477876034,590.2642126920324,596.5026975206479,118750
2014-10-27,615.0685424804688,629.4042820565921,611.8638363600177,623.8494581144769,87758
2014-10-28,617.6323852539062,631.049433668599,615.068620034281,616.9701105347986,142900
2014-10-29,623.507568359375,630.9424965904876,619.6833067921858,623.7212154225683,189000
2014-10-30,637.3093872070312,652.4783333993541,623.849618050463,624.9605726917148,369978
2014-10-31,654.1019287109375,661.0454588928771,639.2106853312628,639.2106853312628,239430
2014-11-03,644.4450073242188,658.9089558312172,641.6675953873249,656.3238053952134,110236
2014-11-05,663.3101806640625,673.4156995312755,640.9413383863663,641.7959268375481,396888
2014-11-07,649.5513305664062,670.8519373818615,648.63263754501,664.8912037703744,384674
2014-11-10,648.9317626953125,656.9649155346073,647.4576183829682,650.7691488515167,213936
2014-11-11,653.5892333984375,660.169574867944,645.6415712786171,648.9317159334007,268280
2014-11-12,683.4357299804688,693.2848827691465,655.9393569263583,656.3239321623477,675442
2014-11-13,682.4529418945312,701.6170763306498,670.8518939336907,683.2434257324658,377754
2014-11-14,694.0540161132812,713.0686087307744,688.8196619657691,691.3620416877282,412222
2014-11-17,702.4716186523438,728.0665499829164,700.7624419646252,726.4000922804041,754234
2014-11-18,711.359375,717.8542257019006,707.1718711527652,707.1718711527652,318822
2014-11-19,725.93017578125,739.1335778839027,715.3332580424363,715.717833280366,591780
2014-11-20,714.6495971679688,733.9632754322392,705.4627712551967,729.8185422797552,147370
2014-11-21,715.2050170898438,719.9052530550035,709.3083365604878,719.1147170965522,207384
2014-11-24,706.1251220703125,724.2637418200594,705.0355008867834,719.5635051474808,149238
2014-11-25,679.0558471679688,712.29935313947,667.4334670688975,706.1249734918255,283204
2014-11-26,705.911376953125,708.8810506654773,672.2619599911561,672.5610450557332,412732
2014-11-27,718.5165405273438,720.8452729161226,701.6597540348566,701.6597540348566,190574
2014-11-28,704.1593627929688,725.0754424095717,692.9215581168536,725.0754424095717,231194
2014-12-01,720.7811889648438,726.4001179563163,700.8479047077614,705.03540860466,178090
2014-12-02,745.9489135742188,747.7649140798412,719.1362002264988,719.1362002264988,399832
2014-12-03,769.4713745117188,779.8118727271964,752.0163656599877,752.0377512328031,415778
2014-12-04,783.8284912109375,786.6486225000258,767.014474866512,771.2660312941589,272872
2014-12-05,767.206787109375,793.3144540332115,764.8566688531224,786.2213802736007,159490
2014-12-08,765.0703125,785.4095072481293,760.5837231220329,770.8387845573861,103788
2014-12-09,766.37353515625,771.6506081072237,749.3672050905064,760.1563836670056,154900
2014-12-10,768.12548828125,773.402561626103,758.4899824644182,769.129619296677,82804
2014-12-11,752.1873779296875,779.4914893167759,750.3286584844503,769.0868853785495,173122
2014-12-12,767.3989868164062,770.1977846509569,758.8744885104574,766.4803460272956,218788
2014-12-15,763.8524780273438,774.6202708760105,761.0109611989651,761.0109611989651,145204
2014-12-16,742.6587524414062,767.8050072798833,738.0439539237171,758.4472532723103,248326
2014-12-17,719.13623046875,747.7649455260324,713.581405159128,736.2280006522021,470106
2014-12-18,744.4319458007812,751.7814374495354,731.2926489491332,732.8095642463878,259612
2014-12-19,736.5482788085938,755.37060666692,730.843912432983,748.2347631846803,148156
2014-12-22,764.1729736328125,771.2660470686027,740.9281582365413,740.9281582365413,373956
2014-12-23,753.7897338867188,777.6754915594616,748.1921899563831,771.6933723936196,152494
2014-12-24,750.0722045898438,762.7201017271134,746.1838380326334,754.6015124090097,63228
2014-12-26,739.7103271484375,755.9475059227929,737.1251765059153,754.6015188292477,82978
2014-12-29,760.6691284179688,762.1646581463626,741.355451075257,744.3465105320447,460196
2014-12-30,762.2929077148438,764.899392090625,754.6016115607702,763.959365646881,123560
2014-12-31,786.2640380859375,796.903673977463,758.4471964128669,766.5657861209482,573830
2015-01-01,782.5894165039062,796.0491853381258,779.0642389520868,785.6018618212562,96950
2015-01-02,802.6934814453125,805.4495079693513,785.366682041203,787.075858715939,308986
2015-01-05,803.2490844726562,823.3746331916684,800.0230441849687,807.1588372874825,344472
2015-01-06,804.1248779296875,816.1318332114403,790.4941840006097,805.4494793735943,228284
2015-01-07,852.7723388671875,858.391267628676,808.4191832045602,808.4191832045602,947474
2015-01-08,841.427734375,861.8524184018955,838.5221650536433,858.9040779317459,452894
2015-01-09,831.2152709960938,845.9569181094224,823.4171533202025,844.3331795923895,483074
2015-01-12,825.5323486328125,843.9059982141846,821.2594068697027,834.9328205116541,276782
2015-01-13,826.130615234375,841.7695724944159,822.7549806284253,832.3691001112296,463696
2015-01-14,831.5359497070312,843.9060966907501,825.9597391915038,833.6510352626094,658212
2015-01-15,826.4512939453125,854.5886136166508,820.8323633787932,854.5886136166508,381804
2015-01-16,824.1222534179688,837.4324773843997,819.1229324407544,831.0871693256481,395802
2015-01-19,815.55517578125,829.8054285009122,810.3635402430381,828.9508400060605,280876
2015-01-20,820.7254638671875,829.7627480520288,816.1320504939883,816.9866390285371,258474
2015-01-21,818.2898559570312,826.8143551891912,810.1498798132851,816.9865876598108,270598
2015-01-22,812.3504638671875,822.498702180359,810.2567116358501,816.345654623753,287662
2015-01-23,818.118896484375,823.3959697192437,814.4227910144673,820.404910150985,460102
2015-01-27,817.9907836914062,828.9508922607606,813.995592658118,824.6779495171485,227478
2015-01-28,817.7341918945312,820.5757084668695,813.995368025647,820.4047803723057,455520
2015-01-29,815.4269409179688,822.4986813537436,811.9017634879181,822.4986813537436,177374
2015-01-30,807.15869140625,818.2683398851078,801.219291979797,818.2683398851078,200600
2015-02-02,811.9017333984375,816.6446887874686,807.1587780094065,807.1587780094065,324012
2015-02-03,822.2208251953125,828.0961201655272,816.4096347840325,819.1229423928357,480162
2015-02-04,809.3380126953125,839.077681482827,803.8259065459164,835.3602424443658,680290
2015-02-05,791.9898681640625,814.6364627217616,788.8919849462641,813.7604886720628,306482
2015-02-06,802.9498901367188,806.3895770812509,793.5280323531324,799.0401378537362,502006
2015-02-09,804.2317504882812,818.6529290483853,796.4763506973051,800.3219983133329,686106
2015-02-10,826.0665283203125,828.5234700184072,812.6921987345344,813.5681727256563,359742
2015-02-11,824.5497436523438,827.6690127315727,814.4228901736591,827.6690127315727,390054
2015-02-12,840.701416015625,843.9061228111103,822.5414108412087,827.9253078256356,1068302
2015-02-13,864.3733520507812,871.680071630996,811.8588902445551,844.3332458543374,644926
2015-02-16,869.2017822265625,873.8165801396841,854.5883424348989,869.1163442562922,563458
2015-02-18,878.4314575195312,890.9084275838285,858.0922114016577,873.7952736144662,295476
2015-02-19,889.2421264648438,897.2965606761835,875.9532332471393,886.6355897501533,265050
2015-02-20,896.27099609375,904.581847661049,873.8166643679004,889.6265502268795,332866
2015-02-23,880.3969116210938,897.3178033551683,873.8166227911044,897.3178033551683,374346
2015-02-24,885.7808837890625,892.1902968410818,876.3804113127676,881.080647550915,178172
2015-02-25,884.2424926757812,890.0323494057878,873.816556903267,888.7718524981885,355214
2015-02-26,878.3672485351562,896.6127936670347,869.0949855965813,884.9262559944,345486
2015-02-27,890.2459716796875,900.3087697278509,875.3761144671017,878.3885590741119,519516
2015-03-02,906.8892211914062,924.2160228749166,878.6237499424848,896.4632838318945,781958
2015-03-03,926.651611328125,935.3470908351993,905.8637882917417,906.7183767712621,747818
2015-03-04,919.7508544921875,937.9108597492923,916.1402390168104,929.7922691637631,455000
2015-03-05,944.6405639648438,959.7026831007753,920.8189145512782,921.2462087111628,810556
2015-03-09,939.7696533203125,944.7475896199805,921.1395822357634,942.1838241121923,358904
2015-03-10,921.2677001953125,945.2602283031522,904.3681933650777,944.3202019073101,313578
2015-03-11,920.8189086914062,940.474439921014,914.4094963339254,924.2372619487293,198510
2015-03-12,938.6156616210938,946.4565510746456,922.5708495948826,923.8099609134915,504848
2015-03-13,921.6522216796875,947.1616650498656,915.3496321075978,941.7564350431082,218480
2015-03-16,918.8963012695312,927.1431013078876,908.0216832740297,924.6647737490191,145822
2015-03-17,936.1801147460938,948.080298776118,920.8189106276697,927.2283229986278,421918
2015-03-18,938.6156616210938,961.4118464640869,933.6377264551244,940.047138764885,494498
2015-03-19,943.1023559570312,957.0108030922817,918.6825340473953,944.2774150122082,325996
2015-03-20,911.6107788085938,956.7117019226511,888.9215196621993,956.7117019226511,1115574
2015-03-23,898.471435546875,913.9822348707872,889.1991728686809,913.9822348707872,101134
2015-03-24,918.1483764648438,922.2076712066313,899.4542559434536,899.4542559434536,207346
2015-03-25,923.5324096679688,927.2284629652012,899.796194740529,899.796194740529,251918
2015-03-26,937.3981323242188,944.3202782054585,916.5461523758862,925.797031020398,311924
2015-03-27,920.3917846679688,943.4656734200905,888.7720111928388,943.4656734200905,350044
2015-03-30,923.8740844726562,929.386242075557,901.5907343538954,928.5102681284429,308498
2015-03-31,922.3359985351562,928.937673649971,918.6826119353439,928.937673649971,188924
2015-04-01,930.4545288085938,946.584885252721,914.9864992546243,921.0326706044066,491816
2015-04-06,947.1831665039062,948.5932584277089,922.998373948538,922.998373948538,317168
2015-04-07,965.3002319335938,982.3492263657166,931.3944002482257,948.507551393166,317256
2015-04-08,965.1507568359375,982.5629951717713,962.437396986945,972.0942874606565,277230
2015-04-09,973.3333129882812,982.370646949551,949.3621735082987,971.6669075133666,329644
2015-04-10,973.3333129882812,978.7172610639254,965.6847893492562,973.3760841316839,306598
2015-04-13,987.135009765625,991.3225136614446,969.7655427951514,973.3333866640369,554704
2015-04-15,1001.8126831054688,1016.0202159026067,989.6134122758303,992.5190338321529,414936
2015-04-16,995.2320556640625,1014.8235327505781,978.610356160847,1014.3962386315253,323720
2015-04-17,982.328125,994.7410442033712,980.6403335252305,994.7410442033712,227748
2015-04-20,927.2284545898438,995.5955295826433,918.6825702157438,995.5955295826433,524974
2015-04-21,884.285400390625,935.6461454734736,869.7573967118227,927.228470088261,477392
2015-04-22,882.8966674804688,905.8423458511946,874.4576067749688,884.2853736725131,566608
2015-04-23,919.3875122070312,923.8100488496859,885.5672184278326,885.5672184278326,321414
2015-04-24,914.2814331054688,932.2919472956634,904.0049861219597,927.2284689973803,382882
2015-04-27,885.1399536132812,916.5460779630646,857.3658300386429,916.5460779630646,192502
2015-04-28,895.2027587890625,910.1366706190478,874.4789895284879,889.1992542526941,315738
2015-04-29,919.3663330078125,926.5661783950912,890.9084947566956,895.6087314196806,201080
2015-04-30,939.128662109375,946.4567164023259,918.2552973131369,918.2552973131369,302576
2015-05-04,960.728271484375,965.6849261073902,940.9018616320678,943.4656269226184,119988
2015-05-05,1001.9835815429688,1014.5673757244668,961.3692442079464,961.4120153588033,172740
2015-05-06,960.2583618164062,1027.6426422776638,955.0453929773525,1006.7052246179525,448292
2015-05-07,955.5794677734375,978.4183229003092,936.0520385218063,959.275521037457,222604
2015-05-08,941.5001220703125,981.922200421357,938.6372714187011,960.1301933623974,187348
2015-05-11,975.5980224609375,982.3492911720258,943.9568684907058,952.8659936118388,305220
2015-05-12,970.983154296875,976.367102146061,960.5572190916172,976.367102146061,103266
2015-05-13,975.3419189453125,987.0497399334512,963.1640325435361,987.0497399334512,191092
2015-05-14,964.9584350585938,989.1859933846465,955.429754301542,975.5553512296678,102350
2015-05-15,967.3515014648438,982.7768670627872,961.8608324299299,972.0945098121048,191820
2015-05-18,980.1488647460938,982.7766824080608,965.8771755487644,971.6670329547522,105844
2015-05-19,993.352294921875,999.4198523299234,981.0675853922464,983.2040566147906,157598
2015-05-20,996.4713745117188,1009.7388791478073,991.3865113758977,998.159165592991,514710
2015-05-21,977.5848999023438,1015.8063382964974,970.8122463326886,1006.6409002327234,326320
2015-05-22,1038.6881103515625,1091.587046948572,1014.8236884139643,1024.224160475062,1571302
2015-05-25,1071.2265625,1080.5842637791309,1042.597851017152,1046.7639694792083,489642
2015-05-26,1074.06787109375,1089.1727606399047,1063.9624064312916,1072.9355833530014,260620
2015-05-27,1101.884765625,1110.1101778356763,1068.2353520358702,1076.781234852157,564436
2015-05-28,1135.4276123046875,1140.0210253566304,1105.8374863654271,1106.6920748402072,978656
2015-05-29,1087.3355712890625,1147.712264912587,1076.7814250110644,1140.448263235925,907876
2015-06-01,1097.248779296875,1113.1014364927262,1070.2438056171497,1093.8731967068634,375124
2015-06-02,1072.123779296875,1109.4692457844367,1068.7054261421376,1098.5732451037113,237394
2015-06-03,1073.192138671875,1081.9088984957882,1035.761125574167,1074.64489720257,370034
2015-06-04,1102.5899658203125,1108.743065192853,1072.508494398598,1081.9089672578684,441296
2015-06-05,1157.7320556640625,1164.3765002265743,1104.5553222332824,1106.8626687993672,932490
2015-06-08,1129.744140625,1172.4949333859297,1123.3561151135602,1168.2647638017233,471082
2015-06-09,1109.939453125,1160.4028354383702,1100.9662749453964,1138.6962692637358,605606
2015-06-10,1109.8323974609375,1131.0475082777614,1102.632449985177,1114.8103321105702,330546
2015-06-11,1112.0972900390625,1133.141530943343,1104.8546736781138,1123.3565347685942,446172
2015-06-12,1113.3153076171875,1123.7840180515077,1108.7432794343417,1113.8280399173377,303638
2015-06-15,1120.8568115234375,1129.338643670176,1103.63693760518,1123.6769951538574,251662
2015-06-16,1115.94287109375,1127.1380627440587,1106.0938231038049,1120.7927020585907,305576
2015-06-17,1178.648193359375,1188.6896063250624,1116.0923687819327,1119.5107221319538,790966
2015-06-18,1146.98583984375,1185.6131937257444,1140.8755119308573,1175.9136362673107,442232
2015-06-19,1156.0230712890625,1173.3712575184488,1145.7466249260838,1153.6943387655288,334980
2015-06-22,1189.458984375,1195.4624894591184,1154.014947156363,1170.7862464902098,426056
2015-06-23,1170.2305908203125,1200.696687783564,1166.5131521883022,1196.466516981599,354754
2015-06-24,1150.5538330078125,1175.8069651845383,1145.148602414668,1174.183226152958,306668
2015-06-25,1150.9599609375,1157.3693753970126,1140.8757737932415,1146.0033053608515,262836
2015-06-26,1172.45263671875,1175.913761829997,1139.6578034264346,1152.839872608042,284940
2015-06-29,1153.84375,1165.9574760390092,1132.3294487458857,1165.9574760390092,242540
2015-06-30,1180.592529296875,1189.4374986746086,1155.8308504262113,1155.8308504262113,444210
2015-07-01,1167.17529296875,1193.005202070818,1162.2400249400519,1179.3317900126997,395924
2015-07-02,1173.456787109375,1184.03231937372,1167.3678442905098,1175.0591404827605,302944
2015-07-03,1183.9039306640625,1191.97985303289,1174.6316680804741,1183.177551442282,315626
2015-07-06,1190.2919921875,1207.9606482792058,1162.6674651459919,1162.6674651459919,553796
2015-07-07,1191.08251953125,1209.071646128171,1183.1775772491592,1193.859931684417,311292
2015-07-08,1192.96240234375,1200.0555264068714,1181.4682323357663,1187.4503499678463,309242
2015-07-09,1206.6361083984375,1209.2426448732888,1193.1763404431342,1198.1329951324035,304796
2015-07-10,1213.1097412109375,1219.9250635214503,1207.3412689315892,1209.8836488129548,289170
2015-07-13,1215.908203125,1224.1976674172658,1208.3877848014058,1213.0880201736884,209016
2015-07-14,1209.798095703125,1220.7795358370545,1204.756003252564,1215.6520054100176,189856
2015-07-15,1210.4818115234375,1218.215879000217,1206.2944114247307,1213.9429365975504,139626
2015-07-16,1214.412841796875,1220.3521892251704,1210.0971288115134,1217.7884241217562,212830
2015-07-17,1229.9451904296875,1249.4084656056832,1212.1484255254702,1219.2842190854367,318050
2015-07-20,1231.4190673828125,1239.1531338426748,1228.043485056499,1229.9449233116977,417282
2015-07-21,1228.5347900390625,1237.8712093730846,1216.463729747454,1237.8712093730846,453338
2015-07-22,1220.73681640625,1229.6673282036109,1217.7671424387534,1225.0525297597937,347626
2015-07-23,1217.8099365234375,1237.871379682974,1214.241987988322,1225.3516379267953,209390
2015-07-24,1237.0595703125,1245.0071804198471,1203.7306202832801,1228.4709145385566,299886
2015-07-27,1259.788818359375,1270.5305374790833,1234.8895344198118,1244.7504115917836,494314
2015-07-28,1278.7156982421875,1290.6819099321415,1263.7417004171618,1267.0931376308963,472496
2015-07-29,1275.3643798828125,1292.8733829924645,1268.38226207835,1280.8426569293908,256804
2015-07-30,1317.2784423828125,1325.4850523665325,1272.3565546934956,1275.2568186847766,412304
2015-07-31,1355.0247802734375,1394.4898960119529,1323.3797195245154,1326.8170694453584,897048
2015-08-03,1347.806640625,1367.979570155089,1321.231582924065,1364.628132477018,370352
2015-08-04,1364.4779052734375,1389.9787946718584,1346.1525699248632,1354.3162784561662,1781684
2015-08-05,1356.1634521484375,1387.0565923008885,1352.2964335252025,1383.0392525598395,654644
2015-08-06,1349.052734375,1368.495249298312,1330.2547227088144,1368.495249298312,449868
2015-08-07,1376.1002197265625,1386.8204351114666,1351.523185793938,1351.523185793938,673756
2015-08-10,1423.9439697265625,1437.2421986866552,1378.3560660983599,1379.0220737473303,1294372
2015-08-11,1446.6519775390625,1454.429025514215,1422.2038624673714,1437.2422718892317,888330
2015-08-12,1446.6519775390625,1446.6519775390625,1446.6519775390625,1446.6519775390625,0
2015-08-13,1460.3800048828125,1475.5687357083802,1430.8402716050998,1435.093951237242,720138
2015-08-14,1436.705078125,1453.1829188874146,1405.8333322808096,1437.242164135514,705272
2015-08-17,1416.295654296875,1433.7616474821752,1411.5692979230364,1433.7616474821752,365490
2015-08-18,1424.99658203125,1435.0078860991648,1416.1883715890247,1426.4574139984093,186526
2015-08-19,1415.1356201171875,1438.7028895733747,1412.0205214869115,1428.6486821610154,206312
2015-08-20,1385.424072265625,1419.3250043941994,1381.3852274019619,1405.8763496296172,276582
2015-08-21,1374.660888671875,1382.20149203548,1342.7149720959258,1379.236819336935,327224
2015-08-24,1289.9732666015625,1353.0271684664237,1264.0857191578973,1353.0271684664237,818782
2015-08-25,1279.0811767578125,1310.0388388437896,1198.776109450192,1291.5845824398843,833038
2015-08-26,1237.7470703125,1303.6797362346554,1228.8959546912918,1278.3078738424108,525866
2015-08-27,1264.214599609375,1288.5768009073604,1241.957733585437,1258.9296521035567,659924
2015-08-28,1277.7491455078125,1310.4898882944597,1267.5230067110347,1274.3977077643826,501436
2015-08-31,1258.907958984375,1281.3581516337836,1247.1135725341271,1279.9832325854143,247434
2015-09-01,1255.01953125,1276.116310874468,1237.4461196358477,1246.0394954666522,438396
2015-09-02,1281.8094482421875,1295.451432649022,1257.146501069675,1266.6636230345994,434290
2015-09-03,1292.465087890625,1324.4108961048746,1287.2875585394108,1305.7633145531606,560862
2015-09-04,1283.95751953125,1296.267486082942,1263.5482558559436,1290.295132988319,289078
2015-09-07,1244.92236328125,1293.8186946485666,1240.8835184428387,1284.7097368919972,263132
2015-09-08,1221.6773681640625,1261.2498032637764,1188.0342788183261,1244.9653970618806,396490
2015-09-09,1237.4246826171875,1252.2267523120754,1222.407778514828,1246.0395633367314,282108
2015-09-10,1230.743408203125,1244.3209857813054,1203.072776307892,1233.1495957155894,270602
2015-09-11,1269.177001953125,1278.9089565888667,1233.4929934560876,1241.184021653463,325902
2015-09-14,1285.2467041015625,1300.47844096883,1271.8195550825324,1278.2645866116668,327416
2015-09-15,1321.2099609375,1325.9578218173172,1289.0063076642746,1289.0063076642746,538534
2015-09-16,1293.926025390625,1351.3083118880827,1288.2544184796325,1332.7895455268495,567266
2015-09-18,1288.104248046875,1310.490037866677,1284.2802371093437,1309.9099429392468,307558
2015-09-21,1287.11572265625,1294.1622480496706,1268.3821235865296,1288.57655441599,212300
2015-09-22,1246.25439453125,1302.1113403299269,1237.8758526614483,1299.1036586330752,465828
2015-09-23,1239.895263671875,1253.8165960515416,1224.5561081393155,1238.713674444723,368810
2015-09-24,1241.2703857421875,1254.5472170768533,1231.001341467805,1241.7430634701418,445430
2015-09-28,1255.084228515625,1267.5231208744515,1239.8524886023295,1243.4616650205635,253704
2015-09-29,1276.4599609375,1282.045654763893,1224.5989630831396,1243.4613795062735,389158
2015-09-30,1324.2391357421875,1337.9885362430798,1282.561265473858,1288.5766281929982,611132
2015-10-01,1341.769775390625,1353.3708332134408,1332.4029743907997,1336.1625764630085,481470
2015-10-05,1380.80517578125,1387.4006341966299,1350.771366911011,1353.8864658883804,642062
2015-10-06,1398.314208984375,1404.9955803214098,1380.8052040292444,1388.6466602361434,379552
2015-10-07,1390.4295654296875,1417.9068607358463,1382.0725293061787,1400.8060236779613,339762
2015-10-08,1403.6204833984375,1410.924852639357,1379.7738661707301,1391.8690003362933,215532
2015-10-09,1385.29541015625,1416.9189752364675,1379.8385317276666,1409.3138574126713,153016
2015-10-12,1362.2437744140625,1399.8613084557771,1356.3143224775085,1396.4239571765731,218726
2015-10-13,1338.4398193359375,1372.7274106305606,1324.8837476864815,1372.7274106305606,420724
2015-10-14,1366.9482421875,1374.660880863093,1331.3931499283713,1336.269932639164,279654
2015-10-15,1365.7666015625,1374.6178202346437,1353.993719157434,1374.6178202346437,201796
2015-10-16,1389.1192626953125,1395.5642948451516,1363.4680557188753,1372.813352336142,367838
2015-10-19,1419.6259765625,1422.4618331244437,1392.17017714755,1396.402352666956,711934
2015-10-20,1417.928466796875,1429.2716805360585,1407.5734073239084,1428.6271773713413,423184
2015-10-21,1412.1707763671875,1423.23474684531,1407.5948460710267,1420.055240007553,355418
2015-10-23,1394.898193359375,1417.906977566165,1391.3964347534095,1417.906977566165,199956
2015-10-26,1376.401123046875,1396.423732993647,1368.817509964465,1392.127044584436,297962
2015-10-27,1368.1514892578125,1391.439519234137,1364.4564002008356,1379.2154618062145,308446
2015-10-28,1371.9539794921875,1385.2522078400102,1351.3083727223425,1351.3083727223425,304410
2015-10-29,1370.7078857421875,1383.5335414323906,1363.081264512242,1366.432702145323,370816
2015-10-30,1388.646728515625,1398.7439465935895,1363.4466921660007,1370.2998894134607,310486
2015-11-02,1369.1611328125,1391.6972403463685,1357.9038312555047,1385.1232867399265,288336
2015-11-03,1365.208251953125,1384.3929225922066,1358.6127936798748,1380.9555720705623,197504
2015-11-04,1366.8837890625,1373.350325099518,1355.0894021808047,1366.3467030943025,219050
2015-11-05,1365.831298828125,1383.5336336577354,1355.9059068876902,1368.3663029672164,231464
2015-11-06,1344.86328125,1385.0588165944378,1325.7430205421326,1370.6434080471247,248556
2015-11-09,1308.148193359375,1351.3084042414737,1304.0448352536957,1321.2315876128876,601312
2015-11-10,1304.1953125,1330.2546848278835,1295.9241876024107,1301.8965423218626,301770
2015-11-13,1250.937744140625,1305.7635268116126,1246.6410559971187,1305.7635268116126,548758
2015-11-16,1222.88037109375,1246.0394766481616,1215.5329929095342,1241.7427887976507,685846
2015-11-17,1236.6298828125,1247.2641861935858,1225.8451533833506,1225.8451533833506,362128
2015-11-18,1228.165283203125,1248.961316524185,1222.3862586948574,1237.446171448836,315842
2015-11-19,1265.159912109375,1269.2417661304444,1231.0012389856884,1236.5869339618887,317122
2015-11-20,1274.8917236328125,1292.8734046705765,1265.825774994462,1275.213975229191,282258
2015-11-23,1280.5634765625,1287.6100030686018,1276.9757000483473,1278.264706475045,161994
2015-11-24,1263.6990966796875,1282.5615172346124,1251.9476116724798,1278.264828734664,311806
2015-11-26,1246.40478515625,1285.5260456245978,1238.5418251065746,1263.226276780059,495604
2015-11-27,1257.9627685546875,1262.3668735423694,1244.5356192019988,1252.4844916187906,202562
2015-11-30,1254.6329345703125,1265.3746549005377,1243.8912142400873,1256.3516098231485,232868
2015-12-01,1276.739501953125,1282.5615359353692,1247.350194144807,1257.254082261519,324792
2015-12-02,1271.88427734375,1282.1319219640711,1264.1073336523102,1282.1319219640711,107428
2015-12-03,1259.7244873046875,1280.1766588238534,1257.4257173121707,1269.6712778600595,143216
2015-12-04,1261.486083984375,1270.9172931016847,1252.0548748670656,1258.9295756213116,149132
2015-12-07,1238.219482421875,1261.4860043585857,1234.3739679101218,1261.4860043585857,218664
2015-12-08,1236.7156982421875,1250.035430721474,1226.7474033021267,1233.1494263081347,241836
2015-12-09,1201.97705078125,1233.7510398664713,1197.057363644258,1233.1925543056416,245650
2015-12-10,1231.624267578125,1241.6140684499262,1169.15045806443,1203.0727931631595,578630
2015-12-11,1194.8228759765625,1237.8326547316994,1187.3895856527702,1231.623962300118,445344
2015-12-14,1215.103271484375,1223.2669780466815,1179.354851096721,1187.1748016659576,301034
2015-12-15,1237.4677734375,1240.0242820758544,1213.0195533078056,1215.9628268449992,228250
2015-12-16,1209.0880126953125,1243.8911857686317,1206.5315042951572,1239.4655761139543,290938
2015-12-17,1250.6583251953125,1254.2030924143664,1207.7988670012965,1220.2592608622133,333382
2015-12-18,1241.871826171875,1266.878530812881,1236.5653742220206,1246.4692616205418,318944
2015-12-21,1264.5152587890625,1267.5229403424173,1238.3054623955413,1240.4538063622233,211700
2015-12-22,1253.30078125,1273.1085533171372,1251.0665246473184,1267.5228593606328,196708
2015-12-23,1244.42822265625,1266.0190791736352,1241.119793980771,1256.845608623819,193708
2015-12-24,1250.636962890625,1258.0702541563753,1237.8328115917618,1257.6405853537262,163944
2015-12-28,1247.90869140625,1256.7813106652889,1245.8247556492324,1251.1956159512208,174490
2015-12-29,1279.4676513671875,1282.7760798311465,1250.3360885307775,1250.3790973665116,313522
2015-12-30,1278.7374267578125,1287.287794380131,1272.4857243999752,1284.7097814407848,169640
2015-12-31,1274.526611328125,1294.5921237633195,1266.685155550269,1282.5613970904444,480318
2016-01-01,1283.1629638671875,1290.4459345230082,1272.8509118514332,1272.8509118514332,129486
2016-01-04,1277.2333984375,1290.918285509115,1268.3821800181836,1280.412905302909,253614
2016-01-05,1274.6982421875,1285.8052211827237,1267.6517167438442,1279.1668600660585,228500
2016-01-06,1289.7369384765625,1291.5845354719652,1268.8120869090862,1268.8120869090862,267276
2016-01-07,1266.040771484375,1286.793797928101,1250.7875273029058,1284.7098620448685,298800
2016-01-08,1247.0277099609375,1275.256927573186,1238.2624039879904,1266.2338832743192,333412
2016-01-11,1254.3319091796875,1258.4996747635137,1220.7532359351308,1241.7856035965822,264812
2016-01-12,1261.7657470703125,1283.5928435018989,1246.4694921083703,1254.633201294878,357368
2016-01-13,1248.2738037109375,1272.4426742323683,1231.6671461925014,1263.3122120353835,509212
2016-01-14,1245.0084228515625,1252.4846184081148,1220.7321343644069,1241.721393417515,279524
2016-01-15,1228.4876708984375,1260.6484268143377,1224.7710772441274,1250.2933653976972,266612
2016-01-18,1188.163330078125,1233.1496391392739,1179.6988744409616,1224.556261863042,422410
2016-01-19,1174.2847900390625,1185.950255598269,1170.0096066059252,1181.5891593880065,296504
2016-01-20,1151.3834228515625,1168.6990958770143,1119.2871855733906,1168.6346875190693,547548
2016-01-21,1125.6033935546875,1172.5877212645657,1119.437708890314,1167.4101909724536,509584
2016-01-22,1123.9705810546875,1142.9190172478511,1118.1700522077529,1138.6223292130849,544196
2016-01-25,1118.2559814453125,1138.1925703900004,1112.3050270279778,1131.1889484673252,497200
2016-01-27,1138.4720458984375,1140.7708162450706,1117.5256891029771,1122.2950553793314,912516
2016-01-28,1147.3231201171875,1159.2249249690212,1135.850984067944,1147.2157029165398,700714
2016-01-29,1155.5728759765625,1158.8168967973545,1150.2235197354535,1153.6608705602139,389020
2016-02-01,1203.2874755859375,1209.5176731920778,1159.7835095430607,1164.4024491476132,696656
2016-02-02,1200.0006103515625,1235.5126964965468,1190.6553134818703,1204.4906285573077,642304
2016-02-03,1215.1248779296875,1226.6185183969374,1171.5134944745148,1194.479270988967,500410
2016-02-04,1227.2630615234375,1237.3172698694839,1209.5177184224326,1223.6967893666388,762508
2016-02-05,1229.9268798828125,1233.987228864426,1209.5176128803903,1227.1984411763312,518808
2016-02-08,1226.7044677734375,1268.9624377212049,1221.9137024423287,1231.2159903344257,388862
2016-02-09,1195.8115234375,1241.7430855773785,1185.8861301707836,1221.1189789657126,498770
2016-02-10,1169.55859375,1233.1495826827702,1154.8209314160624,1220.25951735856,687422
2016-02-11,1131.74755859375,1172.8883439906185,1121.9081855605023,1160.1056978751424,583352
2016-02-12,1106.3970947265625,1142.0165941852968,1076.3417849196392,1138.6222528253943,713848
2016-02-15,1145.4539794921875,1164.4024149949366,1105.1081222756372,1119.2871922737306,710510
2016-02-16,1128.267333984375,1155.8091478312028,1121.650475990095,1140.813747687217,315378
2016-02-17,1139.567626953125,1144.2080712034185,1093.5930630707496,1136.4740324194674,254606
2016-02-18,1183.09326171875,1189.1730344141808,1146.5283980511572,1146.5283980511572,390156
2016-02-19,1170.632568359375,1187.174816067885,1162.4903661165351,1187.174816067885,254268
2016-02-22,1202.7935791015625,1203.5024907689058,1163.972955192062,1163.972955192062,704004
2016-02-23,1204.0390625,1210.8063442323132,1192.3305909313945,1200.9669733877026,331174
2016-02-24,1183.050048828125,1206.4669987620046,1175.831696804893,1204.3616635718304,419472
2016-02-25,1154.06884765625,1191.7722833951223,1148.1824063042902,1183.7374981264177,442200
2016-02-26,1165.4552001953125,1173.210743578308,1148.9774634587495,1157.0981624084907,431106
2016-02-29,1184.2745361328125,1215.1032700892856,1134.3255420918367,1169.5583808992346,364926
2016-03-01,1220.9898681640625,1222.4077962538756,1184.1672711689566,1184.1672711689566,329542
2016-03-02,1230.0775146484375,1252.2698688897049,1222.1071364655952,1224.9858967934633,320220
2016-03-03,1221.05419921875,1242.9458014111797,1216.8219200018418,1236.5866828267306,258812
2016-03-04,1226.79052734375,1236.135825195403,1221.1189192826719,1230.5716343510105,172662
2016-03-08,1211.2579345703125,1239.5301645263971,1181.5892809185968,1224.5561638610911,382152
2016-03-09,1219.3143310546875,1227.1342834496868,1196.6277939101465,1207.3480111557358,307366
2016-03-10,1217.960693359375,1227.9935023873616,1203.0727105264564,1215.962775282097,294114
2016-03-11,1209.9903564453125,1223.0307416588912,1206.9396659883105,1220.5601460449957,143186
2016-03-14,1212.9764404296875,1228.8526804790329,1209.517585856111,1216.8219549358816,224718
2016-03-15,1185.3486328125,1212.4607721825664,1181.9971956709362,1203.1798854674048,153938
2016-03-16,1168.8280029296875,1184.1671573920364,1148.9987257977468,1177.3354657515395,479506
2016-03-17,1159.0745849609375,1177.3355087737884,1154.949722563368,1177.2924999343854,268306
2016-03-18,1154.00439453125,1166.5507015384096,1147.323024229443,1159.6760012715165,241694
2016-03-21,1175.12255859375,1181.1594256743338,1156.2386375007754,1156.2386375007754,198826
2016-03-22,1182.2337646484375,1194.4363172428402,1170.8475408566208,1175.5738979022806,241612
2016-03-23,1170.976318359375,1186.7881500550197,1162.3829429703942,1183.8018681876674,216966
2016-03-28,1128.1383056640625,1185.8857433819537,1117.6758297001113,1179.677050959022,564336
2016-03-29,1109.8990478515625,1127.8807311828405,1082.3573375079754,1123.5840426830962,391994
2016-03-30,1133.6815185546875,1138.1930425057294,1112.9069829726504,1125.5178085480402,523354
2016-03-31,1154.3052978515625,1162.2111622682169,1123.7988112900657,1128.0524906958367,692926
2016-04-01,1151.104248046875,1167.7968183993387,1143.5635394407325,1143.5635394407325,353070
2016-04-04,1142.5755615234375,1161.6314199258409,1138.6226284724419,1160.1060742926768,368804
2016-04-05,1134.9056396484375,1141.3076623167456,1120.2108838977042,1138.622232523059,428202
2016-04-06,1163.199462890625,1170.396415962002,1134.9058327109833,1134.9058327109833,967300
2016-04-07,1160.5999755859375,1169.1504486655256,1151.125861335639,1164.4455957242953,204214
2016-04-08,1154.4342041015625,1166.7656782294225,1151.9851128126923,1156.238792161803,276712
2016-04-11,1141.608642578125,1163.3928325326904,1136.4741207441018,1158.7309883987123,430044
2016-04-12,1162.576416015625,1176.605061104808,1138.708291955348,1153.6607879523065,705890
2016-04-13,1186.358642578125,1196.6276856042539,1163.8010291152082,1163.8010291152082,520830
2016-04-18,1224.835205078125,1227.1339748971031,1190.3972960267592,1190.3972960267592,617242
2016-04-20,1222.5364990234375,1240.8189250716277,1214.888374395687,1222.4075774202404,626888
2016-04-21,1197.8524169921875,1233.149673168501,1194.4794743583388,1223.5680362611686,355374
2016-04-22,1212.7830810546875,1215.9625879112943,1198.2387516034,1200.0648438290618,289744
2016-04-25,1210.4200439453125,1218.9704112856384,1203.0726653506479,1208.6583598683471,342514
2016-04-26,1219.0994873046875,1223.6969231638966,1201.4400550562013,1211.6876994098218,271578
2016-04-27,1229.4544677734375,1235.7061708378737,1216.2207504420783,1216.2207504420783,334868
2016-04-28,1214.05078125,1253.7736435271306,1208.228747634781,1235.297883872687,808750
2016-04-29,1229.969970703125,1244.320866918375,1214.2440503837458,1214.6737191913833,282588
2016-05-02,1228.165283203125,1233.9873165521904,1218.1110750199477,1227.1341200200957,148644
2016-05-03,1223.31005859375,1245.996486871834,1218.1110242552516,1229.4542383942935,439892
2016-05-04,1210.699462890625,1227.9506261246554,1204.770011482915,1223.2672773842994,228920
2016-05-05,1212.2891845703125,1225.4155892286863,1207.4125059470625,1210.3771791224437,113140
2016-05-06,1210.505859375,1223.2670009976896,1208.2285938902367,1215.103294282215,127562
2016-05-09,1208.980712890625,1219.8298512293147,1203.0727662705465,1219.8298512293147,560452
2016-05-10,1212.052734375,1230.1418336866473,1209.560739134586,1209.560739134586,231398
2016-05-11,1223.4605712890625,1228.3802587435193,1199.184280761328,1207.3694935032588,196196
2016-05-12,1261.7010498046875,1267.523083592298,1220.2595109837716,1231.8605697149555,519274
2016-05-13,1269.241455078125,1279.1238360756865,1257.0389048496693,1261.077749036661,539448
2016-05-16,1261.3140869140625,1279.9616682144458,1247.4142612568019,1273.5381415505788,292496
2016-05-17,1291.43408203125,1296.6975252195423,1264.1716156399773,1264.1716156399773,471342
2016-05-18,1276.8040771484375,1290.725306806607,1275.2572272310283,1290.7038023828263,362640
2016-05-19,1287.2659912109375,1295.4512013736644,1278.7371299890776,1280.3912916348252,313492
2016-05-20,1259.230224609375,1304.066202054677,1250.336102182021,1293.2599697094604,404474
2016-05-23,1152.5865478515625,1224.5560713427599,1143.3486687168715,1224.5560713427599,1521808
2016-05-24,1140.3626708984375,1181.589377470624,1121.4357364357559,1152.5867291145269,1125678
2016-05-25,1182.2122802734375,1188.0343138946894,1141.8449147107185,1143.2198339855738,708388
2016-05-26,1179.1829833984375,1200.924266096922,1172.1579616331264,1184.5109393255368,719338
2016-05-27,1168.3984375,1186.6808666816398,1160.5784859941118,1185.4562685907745,1026142
2016-05-30,1179.8919677734375,1185.0264886861196,1168.6990751364197,1168.6990751364197,221882
2016-05-31,1162.76953125,1185.456061858823,1156.217082919682,1180.7297056861348,548766
2016-06-01,1188.0772705078125,1199.8071451210365,1170.9334220199407,1177.2925413986588,961922
2016-06-02,1202.8577880859375,1212.654257563219,1186.1222095495357,1190.161054250885,372480
2016-06-03,1187.3253173828125,1205.0491553371785,1184.1887141709665,1203.0726369024237,333634
2016-06-06,1191.8370361328125,1198.1316431138325,1175.2087669563407,1188.0344246762586,204054
2016-06-07,1200.98876953125,1207.3693935173353,1193.1903223479146,1193.1903223479146,803048
2016-06-08,1190.3543701171875,1206.0802897416343,1185.90736109442,1194.5436408065289,260920
2016-06-09,1186.4229736328125,1201.139130028258,1182.4700416539579,1190.182575631649,394974
2016-06-10,1172.6737060546875,1191.9013870461492,1170.4394490199613,1191.9013870461492,184010
2016-06-13,1150.7391357421875,1166.9806398541027,1142.9191833622656,1166.9806398541027,222102
2016-06-14,1152.0064697265625,1158.6019278154506,1146.1415325227943,1149.793717349952,216544
2016-06-15,1152.6295166015625,1159.676042666817,1147.7527339658152,1159.676042666817,219818
2016-06-16,1154.476806640625,1158.4727465948192,1148.0962892827415,1151.5121345227706,201042
2016-06-17,1134.1539306640625,1159.4613837961515,1132.9508369123653,1155.8091985961266,570482
2016-06-20,1126.6773681640625,1130.8881428674242,1111.767883613017,1127.8804616363939,361262
2016-06-21,1102.0357666015625,1120.1462596802894,1100.080753108587,1114.9902354700234,917576
2016-06-22,1123.025146484375,1125.732080482247,1100.4246340678842,1103.5611318991716,587516
2016-06-23,1128.073974609375,1135.1850145106266,1121.134865174691,1124.8729629026573,326746
2016-06-24,1131.29638671875,1136.2160732411173,1082.3786593410002,1108.545445930447,295184
2016-06-27,1152.930419921875,1158.3656887907143,1128.0096271895554,1132.177393959692,340512
2016-06-28,1180.7943115234375,1183.1360904839678,1151.5339281730787,1154.5201054562453,446176
2016-06-29,1190.7841796875,1193.6630448314997,1163.0061311770073,1181.5033956951856,280750
2016-06-30,1185.4346923828125,1198.5395905352123,1173.4254706296333,1194.4362325928182,744744
2016-07-01,1206.638916015625,1210.4200224480678,1182.25521153488,1183.2004619180882,433848
2016-07-04,1220.6461181640625,1224.5561464159734,1210.097832471645,1219.4001205363274,293932
2016-07-05,1218.648193359375,1228.8528278564345,1207.3693868099933,1218.1111073332138,151092
2016-07-07,1207.0040283203125,1220.2593523292242,1203.9319384600303,1215.96266446891,253010
2016-07-08,1205.242431640625,1218.54065939422,1199.8070586369213,1207.0040106978709,191400
2016-07-11,1228.530517578125,1232.483449561994,1210.6348540008073,1210.8066795611282,357570
2016-07-12,1227.649658203125,1249.7131927522337,1221.870633899198,1234.868114927928,348976
2016-07-13,1232.1182861328125,1239.9382372703226,1215.9196885413019,1232.2901116920334,258710
2016-07-14,1228.745361328125,1243.0318490505344,1226.682930090532,1241.74284263949,263182
2016-07-15,1211.924072265625,1236.0069288190982,1207.8851218959135,1228.8529840014583,201544
2016-07-18,1210.0762939453125,1223.9975214681501,1206.9181862231924,1218.991921777586,193178
2016-07-19,1185.9075927734375,1215.082067262484,1183.0288323070063,1211.7521334999074,462542
2016-07-20,1207.133056640625,1210.8067460658508,1185.885954273154,1192.2879777910869,177584
2016-07-21,1209.4105224609375,1220.259662062017,1198.776217307404,1209.4320268856186,291874
2016-07-22,1224.9427490234375,1227.112597459414,1206.5099993268984,1209.9473497523313,359138
2016-07-25,1224.7279052734375,1234.7392092910156,1216.091625335225,1224.5560797133214,238944
2016-07-26,1213.298828125,1227.3919863222748,1207.7990462797693,1224.7279557334502,285698
2016-07-27,1208.572509765625,1223.6968316487762,1200.9243835878967,1223.6968316487762,210406
2016-07-28,1231.1298828125,1243.4613548820328,1207.4550928727028,1209.517523839987,488140
2016-07-29,1269.4227294921875,1273.9226518454266,1230.1778669708306,1230.56724473021,431340
2016-08-01,1247.0963134765625,1295.427657478327,1233.5964367343975,1275.523961901413,342678
2016-08-02,1246.447265625,1259.9904533700042,1242.5530643611503,1257.8270082234212,185460
2016-08-03,1224.7044677734375,1253.9326286755113,1220.2045447631315,1253.9326286755113,363710
2016-08-04,1246.5123291015625,1251.7694589609696,1216.6999892857734,1233.1638292563994,395460
2016-08-05,1248.134521484375,1255.1440609766628,1232.7090978496478,1246.1441101647504,246052
2016-08-08,1363.9005126953125,1435.3375048485013,1246.1875613486613,1247.8316949469936,3164246
2016-08-09,1353.64599609375,1372.4896247743995,1336.2302623619814,1362.9704659644888,792592
2016-08-10,1342.7855224609375,1355.0305373084555,1324.114927726864,1353.883953651713,341644
2016-08-11,1400.5706787109375,1417.9215461103659,1347.7394266277138,1349.989387813348,1526490
2016-08-12,1421.4266357421875,1434.3639942195803,1379.6071816989793,1397.5421191116782,714062
2016-08-16,1415.7801513671875,1445.1813496129066,1406.2393371981875,1427.0517216435085,338170
2016-08-17,1443.75341796875,1453.0778873871259,1412.729636661644,1412.729636661644,524616
2016-08-18,1440.6597900390625,1458.1620402854207,1430.0589087372844,1445.1813693036513,304792
2016-08-19,1449.7027587890625,1458.1618493988717,1435.0129891784445,1440.8542903555617,243238
2016-08-22,1457.837646484375,1468.0707007167405,1447.0204197537644,1449.5083819018048,320086
2016-08-23,1454.41943359375,1461.6236642845886,1445.1814797840514,1457.2967736265525,148404
2016-08-24,1485.399658203125,1507.4884524352296,1445.1812374092042,1457.7292182130566,683696
2016-08-25,1498.9644775390625,1513.9787642480258,1489.8130420894831,1491.478936942825,742678
2016-08-26,1487.454833984375,1507.7912153411696,1467.7026249851635,1507.7912153411696,287814
2016-08-29,1473.89013671875,1492.3442793037188,1466.8156297012488,1473.7386533222577,147830
2016-08-30,1489.8345947265625,1502.2960578081218,1475.4693424901195,1475.4693424901195,149210
2016-08-31,1497.341796875,1508.3320541691314,1479.796238475625,1489.4019122295674,289590
2016-09-01,1475.188232421875,1499.7000211533395,1471.229064829211,1499.7000211533395,177454
2016-09-02,1451.64990234375,1487.130399437487,1446.0466010642651,1471.575251412198,291320
2016-09-06,1495.8492431640625,1498.834755127052,1447.0635564895317,1460.32543260791,350724
2016-09-07,1509.6302490234375,1515.9258950324402,1472.0079620095223,1472.0079620095223,399164
2016-09-08,1502.339599609375,1509.4140017560517,1492.7771299424921,1500.1328433364117,215838
2016-09-09,1494.9622802734375,1514.411631383381,1490.6137343187852,1514.411631383381,153736
2016-09-12,1483.236328125,1492.7338311347987,1458.1620201521514,1471.1426909546926,235320
2016-09-14,1531.6759033203125,1536.0461049158484,1482.7604914465853,1482.8253525483415,437528
2016-09-15,1528.0845947265625,1550.8656295155058,1525.2288049221338,1536.02437491043,306494
2016-09-16,1503.8109130859375,1541.2385188928527,1494.2484420642907,1531.7193590344464,312602
2016-09-19,1476.161865234375,1508.353885246467,1471.1426304756133,1503.8106506523511,348164
2016-09-20,1475.685791015625,1493.1880394224895,1470.7098676622516,1478.065580445499,295488
2016-09-21,1470.320556640625,1490.6136288099867,1452.6235128757676,1475.902202574997,363438
2016-09-22,1471.5535888671875,1486.2866699984947,1460.7796753481832,1479.3636462081088,499366
2016-09-23,1480.2725830078125,1497.1041451595845,1460.6717474943682,1483.647473160729,325008
2016-09-26,1478.52001953125,1492.409273527734,1469.779722557428,1490.6136563706373,311480
2016-09-27,1484.6639404296875,1495.3729918032786,1476.2698171633492,1480.7048788433212,174648
2016-09-28,1472.9600830078125,1495.3733975357732,1467.2052973586501,1484.03696524435,252326
2016-09-29,1421.621337890625,1486.2866865765868,1384.4749456962193,1484.12324161796,336340
2016-09-30,1455.56591796875,1465.647593640934,1406.2610234146525,1419.220038923157,240412
2016-10-03,1508.158935546875,1523.9304260691795,1462.4885974201666,1470.2121371494866,259360
2016-10-04,1503.7459716796875,1507.9213788670963,1486.8277871254118,1507.4886898057284,185636
2016-10-05,1497.320068359375,1517.007415017474,1488.6662896085622,1505.7575026414174,412626
2016-10-06,1500.1328125,1513.5245163644945,1489.2290704676009,1510.0413486721675,118930
2016-10-07,1465.3662109375,1503.5943276816902,1462.4240101439839,1500.1328155604085,337560
2016-10-10,1461.1043701171875,1475.7941418849018,1458.4217191989362,1466.8158443127809,109496
2016-10-13,1438.885498046875,1457.7291236067606,1423.1140063943708,1457.7291236067606,322644
2016-10-14,1441.1790771484375,1451.2390977274965,1425.7104433548304,1451.2390977274965,141352
2016-10-17,1430.6429443359375,1443.2125815897712,1422.530025149337,1443.1477204910657,216882
2016-10-18,1412.5565185546875,1436.787101986898,1404.0757720986296,1430.6861449750752,278538
2016-10-19,1435.18603515625,1449.5080826455307,1419.2198540529378,1420.9072988197418,347492
2016-10-20,1433.5634765625,1451.6715529426642,1428.306347619593,1435.2293714190214,242764
2016-10-21,1432.5035400390625,1447.3447947871437,1429.8208892000348,1443.0179045187217,127030
2016-10-24,1431.2918701171875,1440.6596501482509,1415.022827448641,1415.022827448641,146430
2016-10-25,1425.8619384765625,1437.674265324455,1419.1984635593901,1431.5084462092898,182188
2016-10-26,1413.07568359375,1431.7029651991795,1406.5420377798876,1423.5467357199827,175920
2016-10-27,1389.840576171875,1414.5254026115065,1382.4415509682397,1406.2394493417148,434050
2016-10-28,1433.0443115234375,1440.421680096201,1398.3426748726038,1399.3162251219928,215908
2016-11-01,1441.0924072265625,1445.1812972545752,1414.0060328735317,1434.3640719757236,257188
2016-11-02,1428.9986572265625,1433.9096137317283,1415.3256433030615,1418.3544661410685,236004
2016-11-03,1428.5228271484375,1438.9073638292075,1407.1263758231614,1428.9988273344272,258320
2016-11-04,1428.7388916015625,1462.4886291984499,1394.1237761175755,1427.873513714463,455146
2016-11-07,1428.9769287109375,1448.6426205779521,1421.3832164272917,1440.4215304372767,421832
2016-11-08,1399.987060546875,1428.609398616172,1391.3332796476802,1418.354689378021,906756
2016-11-09,1351.806884765625,1381.0133907984587,1267.3460173358446,1341.335832619023,451680
2016-11-10,1386.400634765625,1402.7130971363167,1371.2998285495237,1391.0953534074997,274548
2016-11-11,1332.4010009765625,1380.213138583121,1311.2640996984228,1380.213138583121,432078
2016-11-15,1267.4976806640625,1325.7592176032274,1203.3947360521406,1325.7592176032274,1158490
2016-11-16,1294.172607421875,1324.0281440023196,1266.1993099675854,1276.4323610479878,470298
2016-11-17,1269.9639892578125,1306.7209021154194,1263.4519980718626,1306.7209021154194,405504
2016-11-18,1255.9232177734375,1265.6154097678116,1242.2718577817104,1263.88465365189,581400
2016-11-21,1252.331787109375,1266.9782462986277,1244.4568684790117,1256.9615382571465,182364
2016-11-22,1257.415771484375,1263.451761340099,1234.007256528053,1257.4374270597336,354476
2016-11-23,1284.1129150390625,1287.6825996651503,1252.6347869726512,1271.6731049784532,258996
2016-11-24,1273.2088623046875,1292.87455351235,1261.7209498132572,1279.8938853043946,310140
2016-11-25,1281.624755859375,1287.0117125207914,1263.906163295868,1285.064612115198,175764
2016-11-28,1285.302490234375,1294.2159246112979,1266.978071456645,1280.7376008114215,178032
2016-11-29,1300.42529296875,1314.682376135044,1285.9518652759964,1292.4422010697851,208312
2016-11-30,1312.302490234375,1330.0643956832696,1276.951818327259,1302.39395390299,474738
2016-12-01,1299.516845703125,1325.7377416793056,1296.3365385756563,1313.665758090889,188978
2016-12-02,1288.028564453125,1304.557262203402,1282.857952319047,1295.8169660185183,339406
2016-12-05,1326.7974853515625,1333.8936482161107,1289.4131986260481,1289.4131986260481,217160
2016-12-06,1299.992431640625,1330.0859724105528,1296.8122309052947,1328.182183084789,179314
2016-12-07,1295.79541015625,1317.3649995172348,1290.2786252895692,1305.8554296190207,235244
2016-12-08,1314.8338623046875,1327.4900171290105,1298.4998505228687,1303.6921191687447,169386
2016-12-09,1309.0357666015625,1325.2399492445713,1307.1968382698078,1316.1966853603506,635442
2016-12-12,1288.1368408203125,1310.3986693001482,1285.1296733224335,1309.1006022676568,274716
2016-12-13,1271.521484375,1297.1367576196978,1265.5936662174051,1297.1367576196978,384088
2016-12-14,1272.8193359375,1284.2207313836386,1269.9419968365835,1272.1054414649252,233774
2016-12-15,1263.5384521484375,1278.1633621179387,1258.0433227345657,1268.6442036999988,216558
2016-12-16,1252.764404296875,1271.3050634024614,1246.9663086781554,1264.8580399613834,388160
2016-12-19,1254.6248779296875,1261.1800730388468,1239.8701429943615,1254.797911248874,220010
2016-12-20,1242.7261962890625,1259.038551474155,1240.0867509704506,1255.6635559372812,401088
2016-12-21,1232.16845703125,1254.3654240902854,1223.5579880961782,1242.7261321236053,401742
2016-12-22,1216.137451171875,1232.8392909632742,1211.4644938836484,1228.836917201263,185178
2016-12-23,1225.0289306640625,1229.3341645770527,1199.781593884806,1215.8776016521044,182740
2016-12-26,1214.687744140625,1225.1154847425723,1202.8753143507254,1224.4664512995773,136000
2016-12-27,1223.14697265625,1236.1276429826005,1203.5461393360677,1215.9642928208832,157352
2016-12-28,1228.6636962890625,1249.6058011167052,1224.5098397369377,1224.5098397369377,247108
2016-12-29,1247.50732421875,1253.9327985156208,1224.0339445363923,1226.6733898522377,180286
2016-12-30,1248.8702392578125,1264.317214903887,1241.8173876708267,1256.9615021546172,220668
2017-01-02,1248.935302734375,1255.2742607776756,1239.7190047276797,1255.2742607776756,104490
2017-01-03,1242.791015625,1250.4712455936115,1233.6828907883523,1249.173178556663,255186
2017-01-04,1234.2021484375,1250.4712982403285,1224.704645344695,1250.4712982403285,273358
2017-01-05,1240.000244140625,1243.980962091925,1234.2887700681536,1238.356004698118,232668
2017-01-06,1252.613037109375,1261.2884729477812,1231.3464143743215,1239.6540222968758,795436
2017-01-09,1253.8892822265625,1264.4469561257788,1244.2187474507027,1263.4517504004702,344356
2017-01-10,1246.490478515625,1256.0961530817965,1244.3918946340932,1254.3653971009742,546116
2017-01-11,1291.14404296875,1291.5767319911927,1248.3078297469315,1248.3078297469315,691722
2017-01-12,1275.4805908203125,1295.8818338837402,1262.759471481502,1291.5549441025714,260102
2017-01-13,1272.1055908203125,1291.5765947614398,1265.6152561732702,1284.6535711379279,208658
2017-01-16,1283.247314453125,1289.3266156169543,1264.7498609614715,1269.9421286082516,213010
2017-01-17,1303.9298095703125,1306.8071488400283,1278.63916150871,1284.5236678608474,329502
2017-01-18,1337.6795654296875,1340.773249215812,1304.5138935110954,1305.8552715318633,539226
2017-01-19,1344.775634765625,1365.1336715012997,1326.9488707057403,1337.441578006503,515150
2017-01-20,1331.94677734375,1356.5235375001844,1325.8026137138863,1349.0812010311033,225986
2017-01-23,1338.350341796875,1347.8261883138646,1326.2782557328514,1326.2782557328514,144082
2017-01-24,1362.25634765625,1363.1865866778871,1333.3959091294146,1339.7348658602084,303692
2017-01-25,1356.436767578125,1362.1050359992369,1340.4705849827305,1352.153188531644,190016
2017-01-27,1342.6121826171875,1368.1624867433752,1337.4415706906302,1356.0471959056729,269430
2017-01-30,1361.1097412109375,1363.5760473383148,1341.4223920719878,1353.4511671787823,260542
2017-01-31,1354.51123046875,1362.9703213684447,1345.2300727411093,1362.9703213684447,309880
2017-02-01,1399.640869140625,1406.1528603060647,1346.8528063737479,1355.9176206149277,422574
2017-02-02,1398.0181884765625,1408.2512412875365,1380.1481112723877,1401.91238955867,461788
2017-02-03,1397.953369140625,1416.5589970887163,1388.9317607761236,1394.600029219748,271328
2017-02-06,1421.38330078125,1425.4505349427054,1397.9532347446163,1397.9532347446163,268304
2017-02-07,1397.84521484375,1423.5469008288508,1388.9317786202466,1423.5469008288508,227652
2017-02-08,1398.8836669921875,1413.2489219996958,1381.165071923068,1397.9534278105295,258164
2017-02-09,1395.8328857421875,1408.251037378528,1386.8979012523318,1396.8497470211753,225518
2017-02-10,1401.63134765625,1414.893225079961,1394.6650115409736,1398.0183517533192,422206
2017-02-13,1415.6285400390625,1426.1429035683693,1394.1672296296756,1404.07576519398,403908
2017-02-14,1395.18408203125,1419.2199780924966,1389.0182635288666,1419.2199780924966,376840
2017-02-15,1382.1600341796875,1403.2103100200259,1372.0567046171761,1398.8834203807412,272684
2017-02-16,1397.91015625,1401.220185246564,1377.1410817316992,1380.2780773620675,159888
2017-02-17,1405.2657470703125,1408.3162257504257,1387.006291782844,1401.523029349067,314858
2017-02-20,1409.224853515625,1413.7032272117294,1400.2033506609519,1411.4316098139602,114270
2017-02-21,1401.50146484375,1417.2729593223082,1391.1817889208683,1413.465274619265,196132
2017-02-22,1401.3497314453125,1412.2967833999148,1396.2224305862815,1402.7776261588615,230530
2017-02-23,1396.28759765625,1418.7657732125367,1390.4679509223265,1402.7995891414785,420848
2017-02-27,1410.1768798828125,1414.417147927239,1392.7611461788672,1398.0182757129712,261074
2017-02-28,1397.325927734375,1410.1335654284646,1389.9270086161507,1408.4461204463184,191908
2017-03-01,1376.3837890625,1410.5445664721965,1373.787654911486,1398.4509293461176,203810
2017-03-02,1347.458251953125,1392.1766972091696,1342.5039846009363,1384.6046405809923,381920
2017-03-03,1339.9296875,1361.1097933454414,1326.819189410873,1351.2877739767498,466084
2017-03-06,1335.2783203125,1348.4536798894212,1323.7687500861273,1346.5282348711926,319000
2017-03-07,1323.66064453125,1343.4994794209674,1321.951543937642,1343.4994794209674,367252
2017-03-08,1335.0185546875,1344.7973680224989,1317.6677897370816,1326.1917416309393,526952
2017-03-09,1332.0762939453125,1341.292484418211,1325.3263038160512,1335.2781500412452,224428
2017-03-10,1351.0714111328125,1354.7492676563127,1331.3840615070183,1334.8888846841978,274980
2017-03-14,1374.544921875,1380.5160518154505,1357.1075322573047,1364.6147294328562,267266
2017-03-15,1380.3861083984375,1384.604826228352,1356.6963851996868,1375.9727016422278,224208
2017-03-16,1395.443603515625,1401.1334212966262,1383.0254510287957,1383.3066566084813,225374
2017-03-17,1405.17919921875,1408.3594000231035,1391.0951509795734,1395.4220410292767,176806
2017-03-20,1406.99609375,1412.4480160020835,1401.9119993080649,1407.2772992728646,110944
2017-03-21,1425.428955078125,1436.960073910277,1401.9122672295384,1401.9122672295384,792904
2017-03-22,1439.0155029296875,1447.6692832976025,1411.431578006958,1411.431578006958,440156
2017-03-23,1426.03466796875,1451.390283778252,1419.1765055630751,1439.5561982347056,188328
2017-03-24,1427.0731201171875,1436.960105585651,1420.5395798876964,1427.5058090980926,141284
2017-03-27,1429.647705078125,1440.8543074367385,1424.4769872430722,1427.8736380003716,154350
2017-03-28,1444.9866943359375,1456.7991261709403,1429.7776113064126,1432.0708843294233,201092
2017-03-29,1467.4215087890625,1477.849356487076,1439.5130668352003,1446.6092301870456,304570
2017-03-30,1469.0440673828125,1480.878154200752,1462.7485267225916,1463.3542490889533,1958514
2017-03-31,1459.8927001953125,1485.3996958659382,1441.3087285920033,1462.488834220556,396946
2017-04-03,1467.5511474609375,1480.7049554328694,1416.1044715669586,1461.1906407768333,188616
2017-04-05,1460.7147216796875,1471.813257675069,1449.5081190735746,1469.8445016396813,391352
2017-04-06,1452.601806640625,1468.7411271629799,1448.4047445473432,1460.7147252372886,226512
2017-04-07,1452.7315673828125,1461.3204857286544,1445.1811659515645,1449.5080556699825,103408
2017-04-10,1478.433349609375,1481.9597224605939,1449.5080497059823,1451.6714945562899,136538
2017-04-11,1472.35400390625,1494.3994851365012,1463.440569137879,1479.6664050242687,187738
2017-04-12,1492.34423828125,1497.1471280410829,1461.5368051420055,1462.4886997363365,334880
2017-04-13,1472.787109375,1493.9023575740466,1467.2486680320887,1492.7773237129772,121998
2017-04-17,1464.7821044921875,1473.6522290628247,1459.2653196982546,1472.6353676499418,91102
2017-04-18,1457.5125732421875,1478.0869517564438,1451.1520674802596,1458.442812131087,226604
2017-04-19,1484.6639404296875,1491.6734802013755,1444.8349019714262,1456.0199534386234,185988
2017-04-20,1462.2076416015625,1488.4501876848835,1457.383095779649,1487.1088095051489,134522
2017-04-21,1460.9962158203125,1474.4527817357691,1457.2967033586788,1463.3976611471255,167550
2017-04-24,1466.01513671875,1469.3252708236346,1453.83498409193,1453.83498409193,80630
2017-04-25,1504.654052734375,1509.651630851254,1465.668844709347,1470.2769394189052,274916
2017-04-26,1537.5169677734375,1556.8149383918324,1497.1038595985935,1510.0845289014717,625874
2017-04-27,1538.23095703125,1561.5745060342404,1491.3923756296965,1536.0458565867423,352266
2017-04-28,1568.30322265625,1574.555558721358,1535.289024796114,1538.2313316611596,329716
2017-05-02,1546.408935546875,1576.8918565416993,1538.4907051812042,1562.007396184645,187462
2017-05-03,1549.242919921875,1570.6610248055877,1520.166241085924,1549.0914365214487,214202
2017-05-04,1554.2620849609375,1566.3340649192069,1542.6876550613274,1546.8414057739676,239362
2017-05-05,1527.11083984375,1557.507239614423,1521.529088816856,1554.26207237912,96248
2017-05-08,1532.995361328125,1542.0818296755658,1520.4906923809526,1532.5626723591993,72912
2017-05-09,1554.6298828125,1559.3894616942932,1522.654208761419,1529.1228880233732,188862
2017-05-10,1605.838623046875,1610.3818573098433,1552.0553620254864,1552.0553620254864,669364
2017-05-11,1604.5621337890625,1619.9874528305986,1594.5453210658045,1596.6222491840035,326904
2017-05-12,1602.7882080078125,1616.0933945897766,1584.4205813171766,1603.1127247537142,124618
2017-05-15,1618.927490234375,1644.001795745609,1592.31711770158,1602.6799977475287,236786
2017-05-16,1623.8170166015625,1632.9683470388456,1603.97818295522,1618.9276095914086,219248
2017-05-17,1587.795654296875,1624.184737135738,1583.6417974912913,1623.4491869364276,135124
2017-05-18,1538.404052734375,1594.7185883248821,1534.3584740485692,1594.7185883248821,142012
2017-05-19,1550.1949462890625,1587.9687192392314,1541.6709936374336,1557.615626438261,287472
2017-05-22,1572.154052734375,1599.6514637787684,1559.0652085960717,1567.156472935991,212636
2017-05-23,1555.1707763671875,1593.9829583824314,1549.0482692967964,1581.4782885879167,265432
2017-05-24,1528.820068359375,1564.5385665192869,1502.25290031582,1559.8438486036557,199372
2017-05-25,1522.11328125,1544.6996243782232,1493.2961535656407,1544.6996243782232,338880
2017-05-26,1478.000732421875,1533.8824733645613,1472.0944643115106,1520.469114641204,886100
2017-05-29,1479.1041259765625,1497.1040317342827,1458.8110528879,1474.7772357114345,392340
2017-05-30,1482.154541015625,1492.777077287192,1461.753296547486,1488.320359378333,493310
2017-05-31,1528.5389404296875,1535.1807596463073,1478.4984937179909,1478.4984937179909,419000
2017-06-01,1560.2330322265625,1562.4397881117413,1531.7188728650137,1551.189875486179,405616
2017-06-02,1554.0458984375,1585.8052296774824,1540.3728833975,1570.6178030948163,299542
2017-06-05,1576.415771484375,1607.006861039672,1554.04577249444,1554.04577249444,502604
2017-06-06,1569.5146484375,1588.8341720272135,1555.884943530404,1580.915941382363,272076
2017-06-07,1576.5455322265625,1590.1319232754136,1557.7667680361858,1573.949398474276,259416
2017-06-08,1574.6849365234375,1583.2088878174748,1566.6152241230109,1576.5455201590582,90782
2017-06-09,1589.266845703125,1600.5167607557473,1575.5289686677115,1578.4496196909884,290830
2017-06-12,1569.21142578125,1603.7183714682817,1563.7379525132621,1585.805090193997,162416
2017-06-13,1568.973876953125,1578.7742421211613,1559.8440953331378,1578.7742421211613,106036
2017-06-14,1563.54345703125,1577.5841948514505,1549.243063539665,1577.5841948514505,100490
2017-06-15,1542.4500732421875,1570.6613804916658,1537.8851822623976,1566.334489636317,175760
2017-06-16,1544.2454833984375,1548.1613402242745,1524.363443714399,1542.4498661892983,279670
2017-06-19,1554.3270263671875,1567.8702128993518,1544.6996963270537,1544.6996963270537,117850
2017-06-20,1550.6708984375,1565.7717026635785,1544.267079948594,1548.5291089608736,181608
2017-06-21,1588.0985107421875,1596.6224631988096,1540.3728913245968,1549.0266716129372,178280
2017-06-22,1575.7451171875,1600.94925066074,1571.7427440608483,1600.94925066074,301570
2017-06-23,1579.0982666015625,1586.9299785715045,1560.4926424163682,1575.7449273588823,203426
2017-06-27,1578.2550048828125,1591.6900213483407,1563.50026565442,1591.6900213483407,167390
2017-06-28,1573.3221435546875,1590.3918099654993,1553.37524304214,1577.1514836504366,257156
2017-06-29,1573.7764892578125,1599.651313893684,1558.1131677931176,1574.3173505351635,181420
2017-06-30,1596.644287109375,1606.0769297455327,1566.074741635719,1567.2862921312123,479702
2017-07-03,1602.5718994140625,1621.1126655000712,1591.8628465593886,1612.1992297581633,148906
2017-07-04,1621.7401123046875,1630.3289260212296,1605.3195850241948,1605.3195850241948,245562
2017-07-05,1615.4227294921875,1630.8048446035696,1607.4396385519399,1626.4779545940087,226042
2017-07-06,1614.53564453125,1622.5837019476944,1610.2304102361409,1618.256812075834,246406
2017-07-07,1597.6392822265625,1610.446813331138,1590.9541526217097,1609.646402057894,239420
2017-07-10,1607.850830078125,1622.064707411993,1600.0840828746384,1622.064707411993,34224
2017-07-11,1599.6727294921875,1616.1581153705613,1595.3458399224905,1596.8819068471234,164310
2017-07-12,1601.8795166015625,1611.6366745419446,1597.4877655680168,1599.6512105376376,360402
2017-07-13,1612.8917236328125,1628.5982514298173,1602.680219933522,1611.3340008186924,127802
2017-07-14,1609.257080078125,1615.9637602966359,1603.177777849435,1615.9637602966359,77932
2017-07-17,1599.9539794921875,1615.227921224785,1590.3049943564083,1609.5813090521262,108708
2017-07-18,1619.533203125,1626.0451934277744,1581.9325728654476,1600.9492324861003,131062
2017-07-19,1646.9007568359375,1661.0929763546897,1624.6172746055997,1624.6172746055997,525198
2017-07-20,1640.3673095703125,1659.3623144087592,1629.0740844195511,1646.3816444133843,415898
2017-07-21,1658.951416015625,1663.6893398221846,1639.9779595732675,1652.4394249105133,240816
2017-07-24,1656.9608154296875,1673.6409969585145,1650.7733418057842,1659.405571581464,203984
2017-07-25,1666.069091796875,1667.280642195021,1653.3264211301075,1665.8527472842406,195416
2017-07-26,1666.1123046875,1671.0449170298511,1661.655586862695,1671.0449170298511,156286
2017-07-27,1677.0592041015625,1695.4484860670789,1661.9584006952518,1666.717979556915,280736
2017-07-28,1700.013671875,1709.4567060950553,1668.921586102452,1685.805774633822,238964
2017-07-31,1706.519775390625,1721.7503421621755,1687.981957338394,1705.6494572893935,255936
2017-08-01,1700.3839111328125,1722.3594421660068,1690.8321916644038,1705.7363884542435,228940
2017-08-02,1681.4979248046875,1709.7397012475997,1671.2933613209025,1701.4716802947607,321538
2017-08-03,1685.7841796875,1692.7685028560222,1668.421378156772,1676.4064820290787,149358
2017-08-04,1704.6917724609375,1713.4385105919541,1666.6589195091262,1666.6589195091262,193840
2017-08-07,1787.5462646484375,1832.8246913915377,1697.1420780460912,1705.3013102520795,1782682
2017-08-08,1772.119873046875,1802.058728554075,1731.932895156971,1791.114521725149,750352
2017-08-09,1766.266845703125,1773.2293897941806,1737.5463513275201,1770.6619941566005,348022
2017-08-10,1792.5072021484375,1842.4417019769726,1752.8206127175497,1752.8206127175497,653174
2017-08-11,1785.0006103515625,1808.9560291860507,1762.8291734983623,1775.7751542220296,297426
2017-08-14,1810.2615966796875,1830.3877021716191,1784.8047929763795,1794.3130604453243,198656
2017-08-16,1871.1622314453125,1876.384140015747,1815.0700602338927,1816.789023463662,589396
2017-08-17,1849.643310546875,1888.524809294456,1842.89834611599,1888.1548816522504,341412
2017-08-18,1850.056884765625,1864.1995527948015,1832.476290523827,1832.476290523827,160612
2017-08-21,1840.6356201171875,1861.3492328914979,1832.9115471667671,1843.4208079537334,192688
2017-08-22,1827.16748046875,1853.3205798784652,1819.247501369772,1847.2500266011725,212366
2017-08-23,1848.185546875,1857.1281920187307,1808.520845608435,1838.8515135982414,237424
2017-08-24,1833.803466796875,1860.0434678221502,1824.7739181259267,1842.8982468176441,246838
2017-08-28,1822.5765380859375,1853.2771361128564,1817.2024938792142,1849.425936079373,300058
2017-08-29,1815.744384765625,1836.0445084889857,1802.5155943984166,1819.3996776660422,330262
2017-08-30,1845.66162109375,1854.8651912181099,1818.9645746138883,1818.9645746138883,202468
2017-08-31,1841.1361083984375,1858.9993008644215,1832.9985498750373,1857.1282021032052,269094
2017-09-01,1846.79296875,1853.9076478216134,1828.3203857513165,1836.3708265787352,192344
2017-09-04,1836.218505859375,1853.3420538304156,1806.3448850551902,1847.2498282484419,229534
2017-09-05,1854.0384521484375,1858.9339908304516,1836.3709544977949,1845.9444523648451,274206
2017-09-06,1848.490234375,1852.4718968016564,1831.5842644205243,1840.7226035872695,231278
2017-09-07,1854.2562255859375,1869.008074528005,1846.8149635149832,1849.8610767912803,229848
2017-09-08,1866.07080078125,1892.9418721852592,1857.8463372118945,1862.9158976609413,278692
2017-09-11,1870.0086669921875,1884.238451141762,1866.832091315972,1866.832091315972,142188
2017-09-12,1878.6683349609375,1887.9371357570428,1872.4454343851835,1884.238284620951,226842
2017-09-13,1884.216796875,1897.293239831849,1862.4805198349343,1882.0626748331988,185576
2017-09-14,1888.872802734375,1892.5064227493294,1877.0366058492195,1892.5064227493294,189126
2017-09-15,1895.988037109375,1906.3666232558382,1884.2387424107399,1890.7661283544262,279594
2017-09-18,1909.673583984375,1918.6160163742138,1898.2940062371383,1905.9528470747503,435432
2017-09-19,1901.7318115234375,1912.5236689638296,1881.1922231924086,1901.7534844799036,217864
2017-09-20,1893.398681640625,1909.0210613721852,1889.134207982875,1901.645030552298,94136
2017-09-21,1883.4117431640625,1903.3854991155747,1873.8163595591313,1903.3854991155747,160572
2017-09-22,1858.259521484375,1891.070682342155,1851.1881872443355,1873.3160664237814,385618
2017-09-25,1862.958984375,1879.2122133135356,1841.8537757414404,1841.8537757414404,267888
2017-09-26,1882.4976806640625,1888.5899061678297,1855.9529838262197,1863.0459899564778,211236
2017-09-27,1871.9454345703125,1896.1403201329977,1859.41293898101,1885.0654373703646,315854
2017-09-28,1888.459716796875,1903.8207454769542,1865.0915920261089,1865.5267510536464,352834
2017-09-29,1890.439453125,1895.5961296820026,1881.6491564847097,1890.7658223693675,312358
2017-10-03,1888.6116943359375,1921.2269457109485,1884.238431467363,1921.2269457109485,145814
2017-10-04,1889.3948974609375,1913.8290295924173,1884.2382214950355,1884.2382214950355,227520
2017-10-05,1898.8817138671875,1908.1724019232931,1890.7877131783084,1908.1724019232931,148214
2017-10-06,1898.0982666015625,1901.6447698433765,1882.7153539421895,1898.8162364328543,201946
2017-10-09,1890.54833984375,1911.718783418278,1881.170748066581,1898.0983912467077,368164
2017-10-10,1892.33251953125,1910.5220812163639,1885.9791554686071,1905.5613109822407,174918
2017-10-11,1904.23388671875,1914.2642154951614,1872.1842601602873,1893.8117449045108,645590
2017-10-12,1977.5584716796875,1992.3755511557172,1909.9345907314953,1912.4803134664926,852122
2017-10-13,1993.98583984375,2026.1004920321564,1979.9736337513557,1979.9736337513557,711828
2017-10-16,1975.665283203125,2009.4336617883837,1964.786308947563,1997.4449046707743,222746
2017-10-17,2008.389404296875,2019.1379174269007,1971.2704236947975,1971.2704236947975,212614
2017-10-18,2039.08984375,2056.126276113228,2003.9288690429748,2010.869740088725,358176
2017-10-19,2013.915771484375,2056.1261927968176,2010.4780580178096,2049.59880805778,29398
2017-10-23,2025.752197265625,2065.6780342438656,2018.3109361066558,2020.3127099388892,242700
2017-10-24,2012.9803466796875,2040.0254366252993,2002.6234347651432,2040.0254366252993,145054
2017-10-25,2020.987060546875,2027.7972559789773,1990.8523016637678,2023.054065668821,307034
2017-10-26,2003.7547607421875,2029.3855822447013,1996.0742472182556,2013.2846999366402,300778
2017-10-27,2000.5780029296875,2025.4908523396364,1988.7199217694933,2005.6040037138623,187416
2017-10-30,2065.220947265625,2074.598750711668,2001.7312949921927,2001.7312949921927,315004
2017-10-31,2018.919921875,2075.708164100388,2015.09060815753,2067.004985215271,238030
2017-11-01,2044.05078125,2065.068877690621,2020.008244518069,2020.008244518069,271256
2017-11-02,2027.2532958984375,2055.582187380613,1995.1167634234957,2046.1827111196192,168102
2017-11-03,2027.0140380859375,2049.1200287419556,2014.829586941368,2049.1200287419556,115566
2017-11-06,2020.4649658203125,2045.443263094903,2010.499866940791,2024.4468407643888,240006
2017-11-07,2023.054443359375,2063.524235407648,2005.2129221337923,2031.3224653907428,408354
2017-11-08,2025.0123291015625,2039.7425031845532,2001.8184402800532,2031.7572933437616,198650
2017-11-09,2070.46484375,2088.6760778694684,2025.0559597200663,2030.0167298113909,345826
2017-11-10,2120.52978515625,2140.0248231634378,2063.0887977479542,2079.624839577615,487212
2017-11-13,2124.576416015625,2143.8540846204132,2039.829212121716,2077.883946564389,668372
2017-11-14,2083.69384765625,2138.8719293593153,2078.4500536960445,2135.325425652123,558680
2017-11-15,2066.896728515625,2099.642447515741,2056.6488177275255,2080.0602899741434,195022
2017-11-16,2061.2177734375,2095.7474709938137,2057.431805047892,2062.653713182531,258546
2017-11-17,2067.027099609375,2101.752918265086,2060.4780410916746,2075.273448356113,398036
2017-11-20,2072.749755859375,2088.328365488014,2055.8437835865,2078.754866000467,318362
2017-11-21,2096.117431640625,2107.8886105673855,2075.2733571711174,2075.7085161891864,301546
2017-11-22,2077.94970703125,2104.625084437271,2066.1351812519792,2099.642428294187,242728
2017-11-23,2081.0830078125,2093.115113526269,2071.813992191829,2080.6914071479678,143060
2017-11-24,2063.524169921875,2086.3916925067188,2048.9680150260606,2082.6928406627003,291786
2017-11-27,2087.414306640625,2099.185485879575,2071.6833502162194,2075.2734122105026,388640
2017-11-28,2086.45703125,2112.131413344651,2080.1472254809755,2093.9851972789784,302222
2017-11-29,2093.615234375,2102.274856202446,2082.2575416859445,2097.4664341203675,305992
2017-11-30,2095.5517578125,2124.4462733979503,2040.9393024025364,2094.855460904902,6269128
2017-12-01,2091.352783203125,2117.0488408737297,2073.358913457353,2106.6266963259336,331530
2017-12-04,2072.770751953125,2093.4408009150256,2067.0048961900684,2073.532280072774,132580
2017-12-05,2072.161865234375,2093.3758658556662,2060.6082666387947,2072.771045320325,200320
2017-12-06,2071.552978515625,2086.5440802563485,2051.8837045210566,2086.5440802563485,156706
2017-12-07,2154.01513671875,2154.0368096743396,2073.5540766117974,2075.7081984134547,279804
2017-12-08,2113.06689453125,2160.0857399762367,2104.42894579579,2154.015399351354,233564
2017-12-11,2118.87646484375,2153.6020709534037,2105.2123011179983,2119.268065480476,202690
2017-12-12,2114.916259765625,2136.1954919809496,2100.0772956406727,2121.835245243249,131964
2017-12-13,2095.22509765625,2120.5295479186148,2086.674266846967,2114.872481609782,146554
2017-12-14,2043.0064697265625,2109.4334549559944,2027.841134625051,2109.4334549559944,359052
2017-12-15,2046.81396484375,2066.2220992133566,2037.001001666299,2066.2220992133566,255604
2017-12-18,2045.0296630859375,2049.8816433037223,2001.035046925087,2049.8816433037223,373042
2017-12-19,2069.85546875,2079.820779893164,2035.8042767977843,2051.774697184618,548372
2017-12-20,2065.00341796875,2075.7083715633735,2051.774627237171,2075.7083715633735,263210
2017-12-21,2059.477294921875,2067.0054613998145,2047.8584634415845,2058.3675118703854,172134
2017-12-22,2065.547119140625,2099.620191285594,2060.477560036946,2091.8090033997046,569018
2017-12-26,2065.0908203125,2077.8844538253925,2056.6921231996116,2077.8844538253925,142748
2017-12-27,2060.543212890625,2067.0053669020963,2055.626000904518,2065.0907096898068,188500
2017-12-28,2030.473876953125,2063.1543653384942,2026.1441717300916,2063.1326923771776,395054
2017-12-29,2049.2724609375,2057.8451779792786,2030.451834736821,2030.4735076941963,263158
2018-01-01,2061.892333984375,2077.449269760229,2051.8620030425727,2067.0054527358793,112320
2018-01-02,2026.12158203125,2063.6323655117303,2020.8780020953081,2061.891729851011,176798
2018-01-03,2036.957763671875,2049.577375648443,2026.3397132662133,2027.4059378907152,166046
2018-01-04,2013.2198486328125,2040.4172900982178,2006.1485138518071,2027.40607659717,334700
2018-01-05,2020.921630859375,2036.3262144972036,2007.975652681943,2028.7109332163614,264116
2018-01-08,2042.527587890625,2050.0340807569073,2013.7635350490473,2027.8409714131158,176830
2018-01-09,2019.9864501953125,2051.05676099384,2012.5451886329797,2045.247345717984,244280
2018-01-10,2034.259765625,2049.1639630628642,2015.4391367436092,2026.470461138876,388758
2018-01-11,2054.624755859375,2066.5699546130227,2015.6563549731566,2032.1923958818309,223456
2018-01-12,2048.859130859375,2075.273368390967,2028.4285423385718,2060.47796169663,257274
2018-01-15,2053.885498046875,2082.671226896296,2047.4233436161871,2048.8592834985593,177464
2018-01-16,2035.3909912109375,2077.0139070662694,2002.1665590638813,2055.691116065589,336198
2018-01-17,2066.918212890625,2068.3108067363037,2019.1595107994597,2036.544198511656,205684
2018-01-18,2015.4393310546875,2079.538180201586,2004.342774228196,2071.2268115430184,355846
2018-01-19,2038.48046875,2042.113876070599,2014.7859784605694,2030.016542012647,131186
2018-01-22,2048.446044921875,2067.8758544675347,2032.1928115242818,2034.3686068256995,161802
2018-01-23,2061.109130859375,2071.5962937946288,2023.1631773794488,2038.7201131414138,200710
2018-01-24,2053.624267578125,2069.2464343751394,2037.0011075166801,2061.087202502047,160134
2018-01-25,2012.871337890625,2053.6022592453464,2002.1663849253512,2053.6022592453464,796634
2018-01-29,2041.8096923828125,2049.5989963911456,2004.7776170645452,2019.137864809961,220442
2018-01-30,2047.68408203125,2062.6751809887805,2019.2247280240115,2031.7572213086778,258332
2018-01-31,2038.3502197265625,2050.643462877996,2022.2712203315398,2040.8959426627719,143774
2018-02-01,2062.871337890625,2072.096794122634,2026.0351692796846,2038.3936429731377,297688
2018-02-02,2056.757080078125,2062.653398789434,1991.7224907719915,2034.5856468438817,374368
2018-02-05,2008.99853515625,2044.8120339900508,1984.3249361554867,2044.8120339900508,354840
2018-02-06,1971.4661865234375,2010.6521696798422,1914.6996096940386,1958.2155099143577,274268
2018-02-07,1980.169189453125,2012.610205173724,1955.1908949768367,2008.2150571485952,256576
2018-02-08,2013.915771484375,2025.22990503204,1964.9603859415936,1979.908139489984,199332
2018-02-09,2019.637939453125,2036.4567905508188,1969.5511012874515,1969.5511012874515,241482
2018-02-12,2076.79638671875,2084.411669435896,2032.1925879468963,2032.1925879468963,429514
2018-02-14,2073.1630859375,2121.748554663771,2065.4173393150295,2117.048921597556,699924
2018-02-15,2069.50732421875,2095.878000967524,2045.9216224528234,2083.454084570022,165652
2018-02-16,2080.908935546875,2093.1150620916014,2060.913291905577,2089.1986305824903,165568
2018-02-19,2059.73779296875,2080.7125395536405,2043.462890577299,2080.7125395536405,89962
2018-02-20,2060.086181640625,2080.0599364422665,2056.126192403705,2057.431669351263,265356
2018-02-21,2075.599365234375,2083.0622985995446,2062.4793656187626,2077.883949681669,246902
2018-02-22,2113.06689453125,2121.400146971562,2067.59277856027,2077.4490875163565,424906
2018-02-23,2159.2158203125,2166.657083158376,2121.444096744929,2132.279515460141,305410
2018-02-26,2160.4560546875,2174.9250941795913,2151.4481766883855,2160.8259824036027,224702
2018-02-27,2155.01611328125,2204.428331719637,2136.848225406144,2164.9159803269663,427034
2018-02-28,2173.29296875,2179.8420271087934,2131.1042161261635,2145.3340012889826,180960
2018-03-01,2151.361328125,2175.7737957803015,2140.982741243091,2169.2680823367496,105070
2018-03-05,2133.345703125,2149.446588982259,2128.537067833672,2137.5013873204744,157468
2018-03-06,2099.7294921875,2147.466311555453,2083.128004769091,2130.1035082943654,156356
2018-03-07,2125.621337890625,2138.8065711296013,2080.060103763885,2099.642259552457,253844
2018-03-08,2109.824951171875,2139.8944819655485,2098.445585288941,2134.672573722826,268074
2018-03-09,2106.952392578125,2123.57554846175,2099.3154384562695,2118.7888002992336,377004
2018-03-12,2117.83154296875,2130.1031106410364,2097.792557839178,2121.3999314351486,146012
2018-03-13,2119.202880859375,2130.103529968643,2102.8408582353213,2115.1122158433595,218066
2018-03-14,2099.098388671875,2112.6971084741026,2091.3743158242096,2110.630103064164,208792
2018-03-15,2118.462890625,2130.538553381605,2094.159216959402,2107.475125414035,606398
2018-03-16,2115.1337890625,2130.103215537803,2106.1694715429962,2119.2025680376114,303842
2018-03-19,2095.52978515625,2119.202604149391,2090.0686248345455,2115.743005193746,223656
2018-03-20,2099.664306640625,2103.9942246285104,2091.37461087169,2097.466838202569,323252
2018-03-21,2103.754638671875,2113.132230692113,2097.46650575288,2097.46650575288,404664
2018-03-22,2105.38623046875,2119.2242008333337,2097.683831646219,2112.6968162311778,177046
2018-03-23,2106.01708984375,2119.224207224603,2084.4114892414477,2093.549827712026,273344
2018-03-26,2114.002197265625,2119.2241047104967,2105.712504188874,2106.191009054021,192504
2018-03-27,2160.47705078125,2169.593715694769,2116.5478826568497,2121.399862410269,485252
2018-03-28,2163.00146484375,2177.5357335991935,2134.1069484446666,2160.4774150426315,526032
2018-04-02,2222.37841796875,2227.0130307438617,2164.654626075467,2174.9244197330627,291716
2018-04-03,2219.2236328125,2227.5787700382693,2195.2029851283537,2227.1436110677596,214838
2018-04-04,2186.412841796875,2212.6964029572932,2171.878573661675,2200.59906772332,268380
2018-04-05,2205.320556640625,2208.3014382541733,2180.5817252639163,2186.673951197601,204054
2018-04-06,2253.362060546875,2262.805095708106,2197.5529195696845,2214.9376063709446,272780
2018-04-09,2246.682373046875,2265.872927566238,2235.2158908271663,2254.9939524963024,125078
2018-04-10,2234.21484375,2253.035468377197,2201.904291644349,2247.1608225398063,148514
2018-04-11,2234.694091796875,2246.0082272076693,2221.922131058304,2236.6739805017614,87602
2018-04-12,2246.660888671875,2264.1324816047486,2223.6626909475813,2233.6713488520422,223378
2018-04-13,2266.699462890625,2278.557544543524,2244.811052207717,2271.5297698397244,293690
2018-04-16,2311.716796875,2322.878581959987,2256.6691871676303,2268.4401523146507,191334
2018-04-17,2324.6630859375,2358.7578382767515,2312.5438645118957,2322.4437323987368,392794
2018-04-18,2333.169921875,2344.8104236882336,2315.4807532043387,2335.933223679927,129790
2018-04-19,2348.03076171875,2358.235324889205,2326.4251606513826,2335.4982679670366,129052
2018-04-20,2316.06884765625,2350.272392004929,2306.1254207158,2348.118269682509,88072
2018-04-23,2312.02099609375,2334.5404700204376,2308.2787993961656,2328.100203048839,181690
2018-04-24,2305.12451171875,2325.098268812488,2285.0636378265217,2319.397642991313,116198
2018-04-25,2339.110107421875,2372.7044674969984,2296.4428521042705,2306.342719437706,190562
2018-04-26,2338.283447265625,2355.102300976737,2325.9685319300347,2341.155539307986,184850
2018-04-27,2376.29443359375,2391.56855650345,2340.43737563136,2345.5069353239596,176864
2018-04-30,2399.11865234375,2409.236098961128,2375.9681088552206,2377.2735858381084,129498
2018-05-02,2360.759521484375,2421.8776951077457,2353.688186915064,2412.9569345741534,144158
2018-05-03,2322.487060546875,2375.9680572891284,2315.0457994099197,2375.9680572891284,152102
2018-05-04,2343.114013671875,2361.717063924354,2306.778231307384,2328.101025748822,225300
2018-05-07,2381.494384765625,2393.3958116349213,2343.1132817679013,2343.1132817679013,151632
2018-05-08,2369.310791015625,2393.375003788984,2342.5701798449177,2389.023412873004,107506
2018-05-09,2350.51123046875,2372.72601140575,2345.1153016127473,2358.126512618746,125672
2018-05-10,2343.962158203125,2361.2378421134636,2326.142313091207,2350.054383885152,200292
2018-05-11,2383.67041015625,2390.067119621719,2349.8584726960253,2349.8584726960253,124232
2018-05-14,2377.75244140625,2397.7261979091686,2355.60288980541,2397.7261979091686,80048
2018-05-15,2373.705078125,2396.725157753486,2356.9514576842867,2393.374348673357,277736
2018-05-16,2411.73828125,2430.3630013534294,2321.8560628167033,2362.9133567321614,478002
2018-05-17,2383.257568359375,2423.836153879896,2367.7223037096423,2415.132971998819,266524
2018-05-18,2435.6064453125,2454.2966081984805,2384.779962248178,2397.290782724367,306418
2018-05-21,2402.77392578125,2467.786636502224,2384.1925518845437,2439.936461094687,222480
2018-05-22,2438.80517578125,2449.9452892193467,2402.2082596043733,2414.893315055638,223362
2018-05-23,2487.23828125,2495.636764620203,2436.8903019831105,2445.59348163305,389010
2018-05-24,2488.326171875,2520.397261308999,2472.573331759867,2481.864018506666,263790
2018-05-25,2535.88916015625,2545.680237994691,2483.039012787425,2489.1095660392534,234922
2018-05-28,2542.612548828125,2558.191157168319,2520.8762702064337,2558.191157168319,136482
2018-05-29,2526.141845703125,2553.5133074743594,2514.4577827051326,2547.72577709666,169824
2018-05-30,2519.505615234375,2532.4297112599943,2496.0722583879237,2503.6439832029328,220698
2018-05-31,2577.8603515625,2617.8295374111035,2506.5159455171133,2523.9223062498713,620770
2018-06-01,2529.34033203125,2599.640192313476,2521.3986792843934,2599.640192313476,244766
2018-06-04,2509.214111328125,2551.794252897141,2485.019226498476,2540.1973071163106,234986
2018-06-05,2529.056884765625,2541.3284530411343,2504.579192045837,2504.579192045837,146208
2018-06-06,2557.407958984375,2562.651540329781,2526.0981816292033,2526.0981816292033,137324
2018-06-07,2608.038330078125,2618.3516832924915,2562.2597311106742,2571.789670642949,244240
2018-06-08,2575.1181640625,2617.9160867330556,2562.237417416362,2617.9160867330556,176896
2018-06-11,2571.985595703125,2595.397064903497,2567.873258162474,2579.187392158784,138474
2018-06-12,2587.716796875,2591.3720903250505,2550.2712338920423,2571.9858400317476,90798
2018-06-13,2618.416748046875,2645.766531746863,2582.71203962935,2582.71203962935,198276
2018-06-14,2611.715576171875,2631.40652128318,2598.3344366763467,2631.40652128318,153536
2018-06-15,2670.396728515625,2689.0433339285355,2608.9086350962475,2617.481352281079,358540
2018-06-18,2643.155517578125,2669.1345924284255,2637.019733758812,2669.1345924284255,234716
2018-06-19,2600.749755859375,2647.050849129655,2577.0335874467623,2637.0638638611485,190784
2018-06-20,2609.017822265625,2635.1056929553706,2597.899593253004,2610.258068085039,259288
2018-06-21,2594.72265625,2623.9870990220834,2589.1960519538375,2610.9540019702563,151972
2018-06-22,2593.308349609375,2610.083643822009,2565.283940435307,2597.420474611238,184020
2018-06-25,2601.11962890625,2632.6686596180416,2593.5479040314203,2599.6401306516286,129686
2018-06-26,2632.755615234375,2646.55002860617,2594.853222300283,2613.5650600596177,225122
2018-06-27,2649.07421875,2667.089760539583,2631.841878241703,2648.3779217888564,273890
2018-06-28,2667.328857421875,2675.3576262467022,2635.1270902874808,2664.9138098787907,256268
2018-06-29,2703.969482421875,2723.2035969649587,2659.8225128607023,2676.2280936462735,315222
2018-07-02,2712.32421875,2727.554782877986,2684.9961076266613,2709.734937856255,160600
2018-07-03,2705.1875,2723.921221770006,2691.915150973248,2723.921221770006,187682
2018-07-04,2741.39306640625,2749.8134360318904,2702.359216890797,2702.359216890797,197908
2018-07-05,2744.677978515625,2771.527370900378,2738.977566216847,2762.8241918427543,144032
2018-07-06,2745.81005859375,2767.3939900601076,2733.234004492104,2737.150435958499,234676
2018-07-09,2777.5546875,2788.128966291207,2741.5017215703365,2746.288470607999,123170
2018-07-10,2780.5361328125,2795.918836717779,2772.0722034881883,2789.3697773806816,183948
2018-07-11,2766.63232421875,2788.912551556704,2744.9831624665762,2788.499065486021,294276
2018-07-12,2787.4765625,2798.5950038605465,2751.1843397525577,2784.996283370647,287710
2018-07-13,2817.697998046875,2828.53341432267,2780.665925772594,2780.665925772594,220690
2018-07-16,2842.763671875,2857.6895426180045,2828.5122126819533,2828.5338856429157,172274
2018-07-17,2796.72314453125,2860.8221883628967,2791.3488887505027,2848.1154614344873,217354
2018-07-18,2770.134521484375,2817.6756326970335,2745.852739147597,2807.210145838533,214518
2018-07-19,2772.963623046875,2783.450997489537,2734.2127989164374,2769.787047324732,197248
2018-07-20,2766.805908203125,2800.1174541895675,2746.288205667078,2774.5735381608756,193864
2018-07-23,2800.661376953125,2816.522793462847,2769.7867639327005,2785.0173274421495,169912
2018-07-24,2813.933837890625,2826.357541630516,2784.1471210703685,2813.3027723851096,158028
2018-07-25,2804.164306640625,2838.97702304833,2798.0720812692766,2828.098049170922,108572
2018-07-26,2806.90576171875,2826.161545746927,2791.3488288598273,2823.746498504869,215952
2018-07-27,2789.388671875,2839.5392176580212,2782.7484333048606,2815.075495167429,139908
2018-07-30,2765.907470703125,2806.774901652758,2710.95134542293,2806.774901652758,387246
2018-07-31,2857.97412109375,2865.7500037690993,2748.4334483124844,2787.072891644524,344678
2018-08-01,2835.105224609375,2894.1457553573177,2806.753560172957,2874.4874068303625,307076
2018-08-02,2820.92919921875,2860.9449012098903,2812.912919126163,2830.802101059717,232300
2018-08-03,2792.6650390625,2849.1499410720085,2781.9621605656794,2848.276236704921,344500
2018-08-06,2763.832763671875,2834.296934757378,2736.813413764114,2813.328030184574,1199318
2018-08-07,2708.657958984375,2781.240899190822,2695.377696625068,2767.0214473943565,699322
2018-08-08,2752.7802734375,2759.5952100797294,2715.494897361511,2722.2880767175184,383192
2018-08-09,2767.632568359375,2777.7456511431783,2743.6711896001634,2760.90508912632,261426
2018-08-10,2771.281005859375,2779.690410290948,2743.912259552509,2779.690410290948,218272
2018-08-13,2809.2431640625,2818.1331477495282,2757.847552587625,2770.9531167532564,324370
2018-08-14,2821.8466796875,2837.092778232299,2806.578610549485,2817.696583943707,336188
2018-08-16,2836.9833984375,2848.2760693800515,2807.2556944164276,2825.996609328152,295894
2018-08-17,2896.286376953125,2900.8952956771395,2830.4528779690545,2847.97048065758,403128
2018-08-20,2958.100830078125,2964.8283110367374,2905.0670177094075,2913.3672091885774,289424
2018-08-21,2995.69189453125,3020.4832543184284,2931.2997162624392,2968.4103921387964,440782
2018-08-23,3014.345458984375,3029.28588852513,2984.4430559237726,3022.1433128823414,325100
2018-08-24,2958.996337890625,3009.9113716338193,2955.3048518291416,3009.9113716338193,275836
2018-08-27,2972.7568359375,2996.8054591463106,2962.5125686881493,2964.740557098999,130788
2018-08-28,2990.53662109375,2996.12845611743,2978.894554957667,2989.7721298969213,155306
2018-08-29,2942.548583984375,2992.87403625741,2938.3549740505478,2992.87403625741,189950
2018-08-30,2922.541259765625,2960.110549502522,2868.022189749196,2942.5490054888573,300922
2018-08-31,2942.963623046875,2961.8574779022247,2905.088457586416,2922.8029396602537,219378
2018-09-03,2868.305908203125,2977.125828124301,2853.5184193545247,2966.226280988552,170104
2018-09-04,2771.412109375,2887.003243959805,2752.0378849833332,2855.4406725634717,408846
2018-09-05,2701.930419921875,2760.7962443494375,2642.9553824619798,2738.1891466564775,746628
2018-09-06,2706.058837890625,2760.4469296008992,2674.037447879586,2708.461524673007,365564
2018-09-07,2721.195556640625,2740.9848721596827,2697.911210889177,2726.3503262833433,173558
2018-09-10,2662.17724609375,2728.141926789542,2658.2455763834046,2725.9576658393503,171172
2018-09-11,2594.92333984375,2669.406626009839,2586.2300253513936,2665.9337796535624,424094
2018-09-12,2627.884033203125,2647.323953322407,2581.9490736050852,2612.375782321451,439116
2018-09-14,2670.171142578125,2686.640552916243,2621.112734552432,2651.255530999785,522686
2018-09-17,2630.614501953125,2668.293000860163,2610.868698942343,2668.293000860163,295048
2018-09-18,2650.11962890625,2688.9994671578515,2622.1830641240895,2630.9418637109006,475678
2018-09-19,2603.594970703125,2677.02985652401,2590.533134658515,2677.02985652401,266474
2018-09-21,2529.70166015625,2623.2754786923333,2345.9178700582333,2610.235398979543,741492
2018-09-24,2447.24609375,2550.124789765374,2429.9904313610095,2550.124789765374,391462
2018-09-25,2522.319091796875,2538.6790785352673,2394.845493158461,2457.293599831541,468202
2018-09-26,2482.150634765625,2566.506842760957,2468.2150913360692,2564.3225816181816,381034
2018-09-27,2489.969970703125,2518.88967034718,2457.293512955756,2483.5046437606175,464964
2018-09-28,2544.008544921875,2573.05921346095,2417.627300795623,2531.121406246646,886018
2018-10-01,2552.766845703125,2568.690189085689,2490.4936680233864,2559.9531476262136,345992
2018-10-03,2507.26953125,2548.879704249801,2490.9313012584084,2544.227270874951,267012
2018-10-04,2457.446533203125,2489.183802449101,2424.7043759264893,2489.183802449101,637498
2018-10-05,2379.83935546875,2452.924629085704,2350.329867076052,2452.924629085704,518324
2018-10-08,2421.690185546875,2433.223041036233,2335.914212889653,2354.1965202330857,459540
2018-10-09,2407.6015625,2480.83978737381,2379.1624430922266,2467.3410977545927,638166
2018-10-10,2493.7705078125,2511.8998721068365,2386.9819140138984,2391.765530397379,274440
2018-10-11,2433.35400390625,2473.6536159469906,2398.5805290666626,2413.6082008140065,274782
2018-10-12,2515.176513671875,2528.9373578196237,2455.6771593674857,2476.7117632101476,435472
2018-10-15,2477.65087890625,2527.1681164135584,2455.109263646301,2526.75302151783,388950
2018-10-16,2490.275390625,2520.636611508859,2455.1087966516097,2495.059006432255,196318
2018-10-17,2420.61962890625,2523.9788948892697,2404.9149213940277,2515.8316445880223,378956
2018-10-19,2430.427001953125,2443.7509928868126,2391.765585637343,2423.655793445841,341554
2018-10-22,2437.700439453125,2456.2011703428384,2424.9662421650683,2453.798483559933,190686
2018-10-23,2395.937255859375,2446.852499416191,2381.8270174325817,2432.8295034310695,384402
2018-10-24,2341.59326171875,2439.38266870488,2319.6851666946477,2413.8268151734983,484590
2018-10-25,2319.37890625,2363.1953024529466,2296.094773266911,2319.6847880607493,496216
2018-10-26,2324.27197265625,2354.196346329204,2296.6193155921073,2332.5504066081726,267434
2018-10-29,2358.23681640625,2380.407060176475,2316.473713559031,2323.0919801217115,188156
2018-10-30,2379.926513671875,2388.2704314458183,2348.254736411984,2367.7383827394065,269272
2018-10-31,2465.636962890625,2475.2257384340182,2376.0603124330532,2388.2704138646577,424200
2018-11-01,2438.967041015625,2497.854832307402,2431.0819459028035,2481.319937597111,251860
2018-11-02,2446.808837890625,2500.978503289382,2437.6349429440615,2455.5458806968763,253576
2018-11-05,2496.3916015625,2503.796330799173,2451.1774042116,2452.4879606565532,183000
2018-11-06,2499.34033203125,2533.3055862703463,2468.7389246279063,2500.7601015010514,230172
2018-11-07,2499.34033203125,2499.34033203125,2499.34033203125,2499.34033203125,0
2018-11-09,2510.34912109375,2572.6223097139623,2490.494105566191,2548.595441479242,442248
2018-11-12,2515.1982421875,2543.5281493813363,2439.120475930835,2519.5450068023797,697690
2018-11-13,2539.22509765625,2551.2167755283012,2470.835973011656,2525.0056442728733,361806
2018-11-14,2520.96484375,2561.2644593694495,2503.8621227094354,2559.953902763939,309186
2018-11-15,2541.6708984375,2545.9739341068926,2504.057891512848,2531.1209633176622,122506
2018-11-16,2598.24365234375,2616.744383593605,2529.373953423535,2548.1585959101,451886
2018-11-19,2616.5478515625,2631.597494268582,2594.9019116791796,2616.7445203633474,368136
2018-11-20,2572.491455078125,2623.6904013439826,2551.588036112537,2608.0074511250277,216502
2018-11-21,2623.14404296875,2632.034026283179,2581.796032420513,2581.796032420513,395944
2018-11-22,2624.91357421875,2647.4987021762618,2612.3758323095626,2625.4813966856977,349046
2018-11-26,2624.6298828125,2646.84386075729,2599.707549100385,2637.713692063204,348208
2018-11-27,2636.424560546875,2656.0611505931092,2606.2600040194884,2629.8062929398825,430868
2018-11-28,2604.4033203125,2651.692565823269,2599.4887335966,2651.692565823269,248828
2018-11-29,2649.377685546875,2660.4299611465103,2608.007695902244,2635.092532945115,414182
2018-11-30,2769.42431640625,2793.2327595396423,2656.7601850473766,2656.84742749686,954568
2018-12-03,2703.677734375,2786.155328200811,2692.1886090959556,2774.010924750565,311813
2018-12-04,2702.454833984375,2733.6023067069486,2670.1277751435737,2708.6580064806094,329006
2018-12-05,2702.367431640625,2716.6960970062364,2677.947438830143,2699.7463187098388,205221
2018-12-06,2609.1875,2690.0486802439323,2603.6393911424784,2690.0486802439323,302116
2018-12-07,2625.787353515625,2633.213840207571,2577.4277342636187,2609.1869714983336,155500
2018-12-10,2604.20654296875,2621.112805889419,2559.953507085333,2607.9635139851994,197626
2018-12-11,2618.666259765625,2629.7622607586372,2568.6904207711445,2594.901547513707,198219
2018-12-12,2670.476806640625,2685.7666296788093,2621.3309468750317,2622.6852310054646,261560
2018-12-13,2746.2275390625,2759.1146785478736,2693.7615488691745,2697.9991003955324,401085
2018-12-14,2739.71826171875,2770.603794080185,2706.2553443308416,2743.1693510461782,187229
2018-12-17,2763.701416015625,2769.6426479533347,2720.7152068538435,2760.687178823517,228526
2018-12-18,2768.50634765625,2781.00035988919,2734.694039099329,2758.2840515771827,230834
2018-12-19,2821.060302734375,2835.1705422986274,2769.642717746271,2778.2923052644937,425672
2018-12-20,2770.38525390625,2826.2148711152204,2761.0364476256955,2802.5811280864114,205790
2018-12-21,2725.78271484375,2795.853756966377,2714.6867129071325,2794.9800526673253,359201
2018-12-24,2708.96435546875,2758.2849286523237,2692.8880657212535,2726.394716458529,245822
2018-12-26,2698.8291015625,2720.715438939788,2656.9350192087013,2696.6011127324646,159442
2018-12-27,2686.990478515625,2730.2825750360453,2675.282924651409,2717.220736664233,240314
2018-12-28,2707.17236328125,2721.020659660243,2691.838812478689,2693.629948683587,169577
2018-12-31,2721.938232421875,2725.9573574382175,2693.6302990327003,2712.9827635392653,184698
2019-01-01,2711.14794921875,2733.733075544044,2691.0090240881796,2725.957193232182,140863
2019-01-02,2723.205322265625,2735.5681527402166,2692.0576361068324,2708.483319544769,152324
2019-01-03,2739.849365234375,2775.7586990719715,2706.2117480123825,2723.205468137444,311498
2019-01-04,2728.316162109375,2760.206366571581,2713.3322198559763,2741.640151644954,170818
2019-01-07,2746.75146484375,2756.5369097860876,2730.3257822762357,2740.89768902789,152966
2019-01-08,2699.35302734375,2756.536928249422,2691.009109035886,2756.536928249422,217274
2019-01-09,2702.0615234375,2725.8264510900585,2691.8829536449753,2720.715195602224,257227
2019-01-10,2698.8291015625,2708.4835776214973,2684.893559364794,2708.4835776214973,229690
2019-01-11,2705.7314453125,2723.11807683557,2690.6600450316264,2699.746485095664,353709
2019-01-14,2720.4091796875,2729.452104087424,2676.1561443085084,2710.2306103966675,154975
2019-01-15,2781.787109375,2795.766378546508,2704.1148803634987,2726.0884587697747,278642
2019-01-16,2774.666259765625,2800.13465321872,2747.7998541959823,2781.8743197965046,182044
2019-01-17,2802.05712890625,2806.338194627673,2774.054863599261,2779.2533614914782,154540
2019-01-18,2770.822021484375,2811.0124164465956,2738.407508920426,2808.8281558508224,161433
2019-01-21,2750.770263671875,2794.586658014065,2740.373268841765,2769.642360028183,174710
2019-01-22,2755.357177734375,2773.9671199416725,2734.825128939537,2752.168242712321,156085
2019-01-23,2799.217529296875,2821.191106510188,2761.82294363193,2775.758484169361,286992
2019-01-24,2810.575927734375,2817.696532874608,2787.5974606343934,2810.706898064376,148520
2019-01-25,2801.66357421875,2857.0128223225083,2789.781324715432,2814.201315199021,325166
2019-01-28,2798.8681640625,2815.075422455237,2735.568326414447,2805.0278224061262,216799
2019-01-29,2778.423095703125,2793.2323392948515,2754.3525022292833,2793.2323392948515,179979
2019-01-30,2803.542236328125,2815.075089751427,2778.4669670478556,2793.232483530513,116521
2019-01-31,2793.84423828125,2823.7686109936008,2786.4177516227105,2823.7686109936008,255273
2019-02-01,2840.41259765625,2870.99224727728,2796.727383911921,2796.727383911921,387188
2019-02-04,2853.5185546875,2866.099812655528,2820.492485888006,2840.718870620675,140277
2019-02-05,2767.065185546875,2897.203395528466,2752.2559406466344,2864.002632853532,503959
2019-02-06,2779.602783203125,2795.810040679063,2712.8955876780237,2785.8061690747936,313476
2019-02-07,2808.1728515625,2822.064663499774,2773.224682355072,2804.59057889606,374133
2019-02-08,2717.22021484375,2804.59063975834,2704.1146511065613,2742.120785944408,640983
2019-02-11,2715.080078125,2736.704261445534,2669.4290244483173,2725.9576549521644,265355
2019-02-12,2628.627197265625,2714.5996266724314,2621.986958366259,2712.852217836466,515301
2019-02-14,2555.235595703125,2576.553894587952,2533.742385318773,2546.8479493807663,288540
2019-02-15,2497.352783203125,2573.0591758384708,2486.562449723697,2573.0591758384708,374811
2019-02-18,2543.96484375,2567.8170145148674,2410.5502358103163,2498.7943727500924,700981
2019-02-19,2510.63330078125,2600.1005452880268,2490.9312240607755,2542.6544814570916,484180
2019-02-20,2553.225830078125,2559.953309766686,2519.76291650755,2519.76291650755,271061
2019-02-21,2622.510986328125,2636.83965193044,2564.3221929807296,2572.141804025409,724297
2019-02-22,2632.29638671875,2671.176228497346,2597.260758579845,2628.102563371176,313430
2019-02-25,2663.225830078125,2688.3885605994897,2605.3866388390243,2632.6461746926907,336072
2019-02-26,2685.330322265625,2702.323829227858,2637.058156882454,2670.0404961261593,568492
2019-02-27,2672.312255859375,2716.3031426489338,2641.5141769960333,2691.009443945918,393442
2019-02-28,2670.826416015625,2707.2600536065206,2649.857514176468,2683.14573116881,447041
2019-03-01,2688.6064453125,2700.052056488978,2675.544609232295,2693.630244828479,217420
2019-03-05,2681.267333984375,2708.701561713157,2673.5349661615223,2678.078185534183,246280
2019-03-06,2644.57177734375,2697.0812744453688,2628.976071259362,2697.0812744453688,383038
2019-03-07,2659.425048828125,2681.398627724159,2646.188300052295,2660.429723499532,254411
2019-03-08,2683.320556640625,2690.572344865332,2639.4606442078807,2656.934729902736,190651
2019-03-11,2737.70849609375,2742.9944493837793,2679.214040145042,2696.25127274991,336189
2019-03-12,2739.1943359375,2777.33166197842,2726.74404791206,2766.060746939765,413123
2019-03-13,2732.02978515625,2752.1687131631224,2703.1538136155264,2739.9368522157306,298030
2019-03-14,2751.644287109375,2769.642681339187,2722.4626482816743,2739.063030283392,293230
2019-03-15,2679.2578125,2768.768770318016,2668.9043318070862,2760.9054320621426,403251
2019-03-18,2728.885009765625,2738.97612600043,2673.6232006596924,2699.746879641611,238905
2019-03-19,2730.67529296875,2742.4267862729844,2694.5040208135865,2732.947009437386,184380
2019-03-20,2698.08642578125,2739.063073520155,2690.485027467731,2731.898740678193,257001
2019-03-22,2707.26025390625,2724.1225764041237,2697.9989029193976,2703.241128767039,197654
2019-03-25,2700.401611328125,2707.609671926186,2674.4963637135384,2686.4223422894615,224948
2019-03-26,2707.74072265625,2736.4419955762187,2673.5352830342367,2708.4834566686714,340645
2019-03-27,2705.774658203125,2723.3361992863643,2689.261732885284,2723.3361992863643,360838
2019-03-28,2705.46923828125,2724.647006035967,2645.576762634891,2701.4938408411767,3470524
2019-04-01,2664.6669921875,2716.3465132523643,2659.555737002315,2712.807968378521,497409
2019-04-02,2616.04541015625,2673.18580018499,2603.9882479808853,2670.0403793369064,378147
2019-04-03,2612.46337890625,2632.9079747212686,2581.970970080084,2612.3759231513495,439719
2019-04-04,2657.633544921875,2669.1663979899854,2607.26436854371,2622.816346355367,464430
2019-04-05,2615.914306640625,2665.7154499237427,2608.6625185538473,2663.050609244621,387504
2019-04-08,2596.21240234375,2633.3011082873168,2590.096472067322,2621.1129756120645,293053
2019-04-09,2588.6982421875,2611.283582417919,2570.8747607744804,2597.610196200712,350181
2019-04-10,2585.1162109375,2616.744262534506,2578.5634289778977,2594.814200253689,377556
2019-04-11,2573.976806640625,2598.4405290456825,2568.690852531043,2589.659757449664,276801
2019-04-12,2607.395751953125,2612.3758237383745,2572.1854264500917,2579.1750607610975,261483
2019-04-15,2619.7587890625,2628.1027083410854,2596.649351459344,2619.365664762824,221766
2019-04-16,2639.02392578125,2647.3241169068656,2619.365578378476,2621.1129870365007,258557
2019-04-18,2619.147216796875,2647.193211771531,2610.7595697091106,2647.193211771531,155314
2019-04-22,2621.244140625,2633.3450317505294,2595.7757429763847,2611.5024219981196,150447
2019-04-23,2613.249267578125,2633.3007363480533,2609.1866283624395,2622.860013797904,138140
2019-04-24,2602.066162109375,2618.9724260172193,2579.218879473311,2610.628507103253,222279
2019-04-25,2594.246337890625,2620.2390392637817,2588.479804532219,2610.6282925375726,163138
2019-04-26,2592.89208984375,2612.375737503866,2581.7960884026497,2612.375737503866,121340
2019-04-30,2530.29150390625,2599.1829633323637,2512.8174170552293,2594.9018973765537,458803
2019-05-02,2431.562744140625,2586.120946269365,2421.9082691653302,2557.33243284521,1439763
2019-05-03,2355.637451171875,2449.735562466098,2350.2642557611175,2431.4750170302623,1857697
2019-05-06,2329.2958984375,2358.1281432418655,2319.204570094625,2358.1281432418655,764919
2019-05-07,2315.796875,2376.912445483889,2310.685619743085,2344.148535649062,1182277
2019-05-08,2314.879638671875,2330.256920311086,2285.4795730825776,2321.083024781343,723429
2019-05-09,2334.887451171875,2350.0900350513643,2303.958402086578,2303.958402086578,457843
2019-05-10,2348.997802734375,2380.844282679887,2335.411657836087,2341.527588103522,471289
2019-05-13,2338.512939453125,2365.64149659967,2331.5233060913965,2354.632738732275,332869
2019-05-14,2356.90478515625,2379.0967888666955,2322.3497377208796,2337.945231360529,403041
2019-05-15,2348.298828125,2367.6950217149342,2324.0535328109013,2359.001706236629,322361
2019-05-16,2373.155517578125,2391.328609224439,2339.60535862086,2358.8268527395803,307180
2019-05-17,2428.24267578125,2433.3539312589487,2367.7386530060944,2376.344725683802,533790
2019-05-20,2447.42041015625,2481.3201792096106,2429.7716261908195,2480.4464749211566,442704
2019-05-21,2488.921630859375,2505.2598601448244,2441.2174995763003,2446.372270108478,490607
2019-05-22,2492.372314453125,2514.5208022557154,2461.6616957454753,2499.6678301784577,393507
2019-05-23,2480.184326171875,2525.005398924859,2470.049484388591,2511.0261302802924,262582
2019-05-24,2490.974853515625,2504.910395369853,2453.536536437929,2485.6888994863034,227827
2019-05-27,2530.728271484375,2538.111030270807,2497.090655420545,2507.531379303689,267259
2019-05-28,2522.384521484375,2555.5852876140616,2516.268590881538,2542.479722036554,441693
2019-05-29,2548.595703125,2559.9538601838362,2508.405301224503,2522.8214236453337,248043
2019-05-30,2522.515625,2566.1136034404135,2511.550805199955,2552.0906048707543,225789
2019-05-31,2552.92041015625,2594.9019472846076,2524.65620211515,2529.374120332976,577546
2019-06-03,2595.07666015625,2621.1130928734724,2565.1085577997173,2565.1960135588383,535064
2019-06-04,2588.87353515625,2608.0075757663144,2578.301626829613,2595.076708273698,211082
2019-06-06,2534.922119140625,2601.8477422002297,2517.841156989685,2590.7954678531787,333116
2019-06-07,2533.130615234375,2550.604699134441,2498.793997709408,2538.110686484556,285268
2019-06-10,2616.132568359375,2625.481160779681,2542.2171065967773,2542.2171065967773,477974
2019-06-11,2603.9013671875,2629.8503462147146,2594.9021688563794,2625.4818240449226,282227
2019-06-12,2618.404052734375,2625.4811421340182,2586.9944291528786,2603.5948090865045,203661
2019-06-13,2607.614501953125,2616.395273808449,2579.175381156063,2611.7645978408254,213532
2019-06-14,2589.7470703125,2609.012079998093,2581.3156956076587,2596.6492491446716,117529
2019-06-17,2533.043212890625,2601.803691825568,2525.9663367459257,2589.7467443257037,234062
2019-06-18,2505.12890625,2538.111246893801,2498.7945494376145,2538.111246893801,302729
2019-06-19,2512.511474609375,2537.6742017292495,2490.057316208766,2509.278811281255,258721
2019-06-20,2476.12158203125,2508.2739412179917,2443.357672528464,2490.0571222117615,425859
2019-06-21,2469.69970703125,2511.4190840602314,2450.7403678804662,2476.951494809669,363700
2019-06-24,2429.334716796875,2503.162727431414,2421.078254126898,2472.5830780561614,369267
2019-06-25,2453.09912109375,2462.404198357948,2405.831854142704,2425.4027419539543,304799
2019-06-26,2387.74609375,2458.123008863423,2359.0013112430834,2450.7402511247587,1387720
2019-06-27,2381.630615234375,2415.4431444077873,2376.475844864162,2393.949931958751,964520
2019-06-28,2397.182373046875,2418.4134295587505,2386.9600757061075,2389.5811885271614,363938
2019-07-01,2391.80908203125,2421.0344461631826,2386.959980843672,2402.7741128915604,282998
2019-07-02,2419.505615234375,2426.276823510286,2388.969692832093,2394.867196814338,242283
2019-07-03,2441.741455078125,2462.9725130166257,2416.185603355622,2428.024339720895,454114
2019-07-04,2482.5,2490.057457486873,2436.761490852943,2437.635195223991,346395
2019-07-05,2468.083251953125,2501.3275241951187,2456.768612572146,2497.046459185386,361520
2019-07-08,2429.90234375,2476.9076722406207,2421.078059338553,2472.495423381553,302972
2019-07-09,2413.7392578125,2427.5001014424856,2385.34386619507,2420.1610701625177,314268
2019-07-10,2419.767578125,2450.740350228582,2396.4832325532493,2413.171068567324,356987
2019-07-11,2415.92333984375,2438.421225382703,2408.80273518032,2428.897933914142,206136
2019-07-12,2429.422119140625,2446.371896241906,2403.3419619955084,2414.044839041567,186082
2019-07-15,2423.305908203125,2442.003091632128,2407.0549257411494,2442.003091632128,150530
2019-07-16,2400.19677734375,2426.2769370528367,2391.8530715941497,2420.161006710968,221663
2019-07-17,2444.449951171875,2455.0653731722296,2400.939434050662,2406.137932012536,306989
2019-07-18,2464.589111328125,2484.8152826132,2435.494712509598,2446.372289492602,477907
2019-07-19,2401.944091796875,2478.393218071528,2369.5735181168075,2478.1312774268144,403725
2019-07-22,2389.14453125,2423.044302495181,2374.72840955842,2407.0554703213566,209576
2019-07-23,2385.387451171875,2402.643111197956,2359.875328123772,2393.0760917182565,242451
2019-07-24,2307.846435546875,2393.950046486032,2289.149246783876,2384.339298124227,525583
2019-07-25,2334.144775390625,2345.896055614951,2298.8034789645844,2302.7786629013535,771878
2019-07-26,2331.4365234375,2345.765403949801,2286.0913492348063,2328.4222858413805,393941
2019-07-29,2334.80029296875,2349.653267655434,2317.5883590814105,2325.582668957725,245049
2019-07-30,2286.52783203125,2356.3367187842455,2265.078349264052,2337.158952471105,354859
2019-07-31,2275.999755859375,2299.5897725227924,2219.471128960603,2289.979024993252,487675
2019-08-01,2285.578125,2302.8899544263854,2262.8621951495174,2275.9996793477617,332895
2019-08-02,2279.8662109375,2306.7564866559223,2245.2429803450977,2275.033006870221,347132
2019-08-05,2265.761962890625,2282.150830864957,2234.5658310093368,2272.4404426808196,211393
2019-08-06,2241.332763671875,2295.113106370763,2230.567898905706,2252.273338423764,404564
2019-08-07,2232.544921875,2254.0746495066865,2223.27391461906,2241.7279668747915,308676
2019-08-08,2265.103515625,2276.0001098708544,2229.2938613866845,2248.5826997182858,286738
2019-08-09,2274.37353515625,2323.760256062026,2216.5070398677703,2276.7901367665413,1430286
2019-08-13,2207.3681640625,2254.0306385367617,2189.002074306072,2254.0306385367617,731080
2019-08-14,2178.369140625,2240.5857074884343,2170.5482227243333,2240.5857074884343,466208
2019-08-16,2196.427734375,2201.3049199203692,2145.942760257701,2196.9110977249193,734216
2019-08-19,2177.9296875,2214.486373772771,2171.5148787652097,2214.486373772771,586547
2019-08-20,2103.32275390625,2170.548235700204,2083.5505533786168,2170.548235700204,1174827
2019-08-21,2095.41357421875,2113.4282432359378,2021.157987294244,2099.3680137591086,1700962
2019-08-22,2144.84423828125,2176.6994482116793,2102.883237614271,2103.322619820208,1252406
2019-08-23,2167.603759765625,2198.668161939181,2110.9674465441476,2131.35473431399,629497
2019-08-26,2226.657470703125,2238.916192330553,2182.455574307014,2196.911207141584,748623
2019-08-27,2360.2734375,2394.018122349979,2223.2741405084384,2227.9756163061998,2211174
2019-08-28,2375.387939453125,2410.670241384991,2348.1022641761683,2372.6636842210796,1149926
2019-08-29,2352.320556640625,2405.1781491845686,2330.0437934098954,2375.475869724292,535368
2019-08-30,2374.11376953125,2395.907169688991,2361.6793390142993,2363.876250027336,507782
2019-09-03,2379.5625,2428.1580044577963,2357.8130789644797,2371.785348479545,716548
2019-09-04,2315.93994140625,2414.449531194593,2307.6356594928134,2381.451880131578,752108
2019-09-05,2353.902099609375,2377.057626632032,2319.937942443092,2329.604350536605,931162
2019-09-06,2344.543212890625,2391.3813941974913,2325.386107747947,2368.621269515027,478053
2019-09-09,2357.461181640625,2368.0943165561453,2328.901339020189,2346.2129545616976,298664
2019-09-11,2343.1376953125,2376.1793279979606,2337.513688045331,2369.149211642937,334013
2019-09-12,2352.4521484375,2357.856463335235,2326.660329129209,2343.1371605760537,310751
2019-09-13,2350.343505859375,2356.8462770336027,2321.695698703497,2355.96751257535,245991
2019-09-16,2385.88916015625,2399.026644108429,2325.2984019250034,2337.513140413341,428246
2019-09-17,2366.029052734375,2408.6491240963965,2354.034005064782,2390.239053705135,604927
2019-09-18,2296.958251953125,2345.1583471935155,2274.417817945865,2345.1583471935155,832018
2019-09-19,2303.944580078125,2331.537696819503,2275.999828846418,2300.6052324015145,499689
2019-09-20,2519.41748046875,2533.4777105655407,2287.028282808642,2313.7866153031805,1324910
2019-09-23,2683.438720703125,3149.2717969858686,2593.233644340509,2601.142523635346,1743589
2019-09-24,2706.77001953125,2737.351063080178,2684.625199906884,2724.1695972868542,809417
2019-09-25,2667.928466796875,2715.6454121252723,2637.171715697438,2706.5501156261826,582998
2019-09-26,2717.84228515625,2728.5631667678263,2680.2311299973817,2687.261244436719,514054
2019-09-27,2649.5625,2732.693479490642,2641.521677403977,2724.213489257967,432428
2019-09-30,2587.214111328125,2657.339553055274,2574.867643194839,2645.080832636357,553451
2019-10-01,2565.596435546875,2625.2204664491496,2548.5482788662325,2594.112295069013,474514
2019-10-03,2551.009033203125,2565.113244516644,2504.4785018405055,2561.4224770012966,285265
2019-10-04,2500.216552734375,2575.9662188562584,2491.3851417740116,2561.5983344909023,313496
2019-10-07,2595.299072265625,2608.8319589685707,2505.7528461529455,2511.377067353962,969709
2019-10-09,2687.70068359375,2701.8926416023387,2572.0552127970495,2611.5118596499233,1037068
2019-10-10,2669.466796875,2689.8980710178175,2637.1722022621593,2689.107268803326,422209
2019-10-11,2708.3076171875,2721.4890818126364,2674.343462486893,2679.2644138883697,510119
2019-10-14,2732.649658203125,2745.2600132871416,2696.8839896708305,2718.8530998923984,350920
2019-10-15,2795.4375,2806.4658215127247,2735.0224479032117,2749.7417515049747,583008
2019-10-16,2791.614990234375,2798.8647970084157,2772.501863284632,2798.8647970084157,271629
2019-10-17,2854.094970703125,2870.35211169498,2776.8954342844286,2790.955664331438,673820
2019-10-18,2858.049072265625,2864.0684788170893,2831.861853992885,2836.5193475533415,230815
2019-10-22,2854.270751953125,2892.804442162804,2829.709329884772,2829.709329884772,435837
2019-10-23,2895.2646484375,2939.0271527624377,2858.6202206417133,2864.77157064002,591914
2019-10-24,2885.68701171875,2936.831064548422,2864.9920640915598,2910.4681286009495,401741
2019-10-25,2871.01171875,2898.9124929367795,2853.3484656527007,2898.9124929367795,213353
2019-10-27,2863.9814453125,2904.360630862494,2844.868317587352,2892.8927113189825,39581
2019-10-29,2946.0576171875,2958.7997008412567,2863.8931467305183,2876.1958481893175,458464
2019-10-30,2891.22265625,2986.9200075688714,2878.8319931731753,2964.0721346071796,496662
2019-10-31,2870.57177734375,2938.1926527182563,2860.378024833195,2898.6922371885003,488894
2019-11-01,2872.285400390625,2895.5286756830624,2844.296668649509,2895.5286756830624,320106
2019-11-04,2847.06494140625,2899.0437701095657,2835.772732992897,2891.134890469982,283144
2019-11-05,2839.947021484375,2882.3474063491144,2814.0674512473743,2860.378295020234,330794
2019-11-06,2836.52001953125,2862.8829539958106,2804.137462547104,2847.0651933170743,347320
2019-11-07,2832.96044921875,2861.7839617366244,2816.351674895374,2855.1052671078482,288996
2019-11-08,2775.1376953125,2851.98559143356,2761.956230641921,2836.651197108534,376182
2019-11-11,2741.349365234375,2807.652092395198,2732.9571228009595,2774.2590471648327,464906
2019-11-13,2873.33984375,2899.043701974539,2812.0460279837907,2874.438299229681,1853222
2019-11-14,2839.11181640625,2877.8651943082373,2812.0458323613575,2877.8651943082373,515326
2019-11-15,2808.1357421875,2864.7720672966475,2798.9964633089016,2838.5848441411604,261412
2019-11-18,2760.11083984375,2827.1166210152674,2747.0173369464082,2814.6821913753506,429862
2019-11-19,2742.05224609375,2775.4452892108757,2732.956949848971,2760.1106806721236,261351
2019-11-20,2738.493408203125,2754.926258768063,2689.0189320032764,2741.7447934151055,504339
2019-11-21,2700.135498046875,2735.593729376189,2690.46908910915,2735.593729376189,295648
2019-11-22,2656.19677734375,2699.563880578064,2650.4848094974745,2690.995928808651,349622
2019-11-25,2671.970947265625,2675.8374245581726,2640.0717587048416,2658.701519868884,437144
2019-11-26,2684.8447265625,2709.2304367865763,2672.322334825812,2678.473685152606,620959
2019-11-27,2716.348388671875,2724.169305053429,2689.01873337532,2689.01873337532,235618
2019-11-28,2722.631591796875,2733.3084926145434,2689.018856095679,2733.3084926145434,234706
2019-11-29,2686.99755859375,2719.775509909146,2680.2311163886575,2710.987866904593,221117
2019-12-02,2703.9580078125,2715.3379636694945,2681.593497162637,2686.9978123038936,387666
2019-12-03,2678.737548828125,2738.229855475448,2660.151553144173,2697.543021068791,522267
2019-12-04,2679.572021484375,2695.4777410107577,2656.987822053803,2671.355489524767,263755
2019-12-05,2709.142578125,2719.4680594255015,2672.3224370064268,2692.8854373539975,278358
2019-12-06,2697.455322265625,2722.587855699099,2688.75542587004,2715.426011565109,206989
2019-12-09,2687.61279296875,2710.812300454112,2677.990366277799,2710.812300454112,206624
2019-12-10,2688.447998046875,2705.715632979648,2673.289311892637,2694.335676717204,185130
2019-12-11,2672.322509765625,2692.534090733928,2662.919773701832,2682.076880310641,315341
2019-12-12,2700.92626953125,2706.594256803477,2662.8317483142773,2679.00114143082,254614
2019-12-13,2684.097900390625,2720.6545852862428,2667.0499568293753,2719.7758208853106,249099
2019-12-16,2681.022216796875,2713.492732945797,2673.8603727679924,2688.931096381104,369764
2019-12-17,2699.520263671875,2702.639920209538,2680.2314279431284,2689.0190719691714,212811
2019-12-18,2723.466796875,2742.7556340431292,2683.1755747342113,2697.8069173125655,405982
2019-12-19,2735.373291015625,2744.380624156067,2715.4253863837384,2722.323556697778,259885
2019-12-20,2743.72216796875,2773.3364855569434,2691.1720135559576,2719.7758378935964,766343
2019-12-23,2716.964111328125,2750.2691999058416,2704.6614083855425,2724.1699372860717,259919
2019-12-24,2716.3046875,2736.8676882341574,2710.10935569481,2720.654528285062,166800
2019-12-26,2691.04052734375,2739.9876662865663,2683.878468060358,2715.382260688098,189043
2019-12-27,2673.289306640625,2708.3519209029664,2654.7472917092346,2705.7156276639303,407653
2019-12-30,2677.902587890625,2693.4126926202052,2667.1377247635132,2680.231227566599,182858
2019-12-31,2660.722900390625,2694.994712082879,2653.8684951437563,2676.7163696052585,190885
2020-01-01,2671.13623046875,2682.867821499154,2660.3713661342053,2675.5740337763086,110561
2020-01-02,2683.21923828125,2693.4129915375133,2674.124155110126,2677.5952317177175,138428
2020-01-03,2670.388916015625,2689.0186756970093,2658.833037099077,2675.8372116004552,168305
2020-01-06,2655.669677734375,2664.5450683790154,2631.9430417950953,2662.655810963639,181158
2020-01-07,2668.4560546875,2683.7464693838533,2660.898595053801,2666.0832191810923,159307
2020-01-08,2657.031982421875,2670.3011954213057,2631.899236119892,2653.868344935584,194024
2020-01-09,2637.260009765625,2679.35274003527,2631.987423199468,2677.770921157004,434270
2020-01-10,2627.28564453125,2649.4744437701206,2617.004144822049,2649.430462645392,526254
2020-01-13,2675.92529296875,2685.723429233215,2625.132672813815,2631.899115109523,420792
2020-01-14,2728.695068359375,2740.866040569889,2668.9390918416602,2687.2614145760563,653300
2020-01-15,2736.64794921875,2754.0035454696367,2717.93022529039,2741.7448254565406,438959
2020-01-16,2768.327392578125,2776.895344987501,2737.3509492519197,2738.229713601599,768872
2020-01-17,2745.655029296875,2784.8040211296566,2736.7796387373505,2772.5013211309774,294064
2020-01-20,2733.352783203125,2761.956608358464,2728.036215483834,2761.956608358464,203111
2020-01-21,2734.0556640625,2750.5324961078745,2704.1776752868873,2724.169564835275,220943
2020-01-22,2729.749755859375,2758.17765418384,2714.415146141708,2746.578007538741,248578
2020-01-23,2735.54931640625,2744.292978383935,2696.136865820785,2727.5526899090287,203032
2020-01-24,2805.45556640625,2823.426256883266,2734.759007805703,2735.725519996037,580192
2020-01-27,2789.37353515625,2820.8333392941736,2772.5013038857064,2800.6217608506327,322446
2020-01-28,2795.569091796875,2820.745604637798,2756.2443870871193,2797.018967159286,292577
2020-01-29,2824.5244140625,2852.029781936131,2803.3023402017006,2812.046002833344,434882
2020-01-30,2821.44873046875,2842.5390754281207,2805.411280655895,2819.9108928154624,337850
2020-01-31,2812.661376953125,2877.602199566528,2800.490617852262,2849.5694844402947,468850
2020-02-03,2838.452880859375,2855.105422672301,2717.4470706739235,2722.0605835914457,657504
2020-02-04,2840.60595703125,2899.9225547418796,2801.5009407627613,2842.80286805757,511585
2020-02-05,2861.212646484375,2915.740015480973,2850.447783558021,2873.3836181403867,423733
2020-02-06,2857.917724609375,2893.7713573691967,2843.9894366889334,2865.079783660346,410631
2020-02-07,2857.214599609375,2896.4075792473404,2844.6484398161006,2861.25700182929,450061
2020-02-10,2773.028564453125,2882.3467517832028,2746.1382924763748,2873.5591092472787,969115
2020-02-11,2754.66259765625,2810.991478975106,2745.435571871987,2794.426684964621,507516
2020-02-12,2756.508056640625,2819.954799817221,2745.435540011174,2745.435540011174,669153
2020-02-13,2755.102294921875,2762.527811708104,2728.739361094716,2752.290291555399,319421
2020-02-14,2721.2255859375,2776.0166299297425,2715.6455609432005,2738.2297622225633,270506
2020-02-17,2710.197509765625,2734.978624198198,2699.6083552983764,2719.77595639619,224912
2020-02-18,2694.687255859375,2706.594557290943,2653.868689291769,2706.594557290943,453173
2020-02-19,2708.57177734375,2733.8362557600476,2671.443978627626,2708.4400484905946,462922
2020-02-20,2688.491943359375,2744.776850773496,2682.2088631931465,2706.4188673370404,270720
2020-02-24,2668.1044921875,2693.4129504212474,2640.687085160146,2688.1403638951374,427352
2020-02-25,2665.77587890625,2704.8369149021187,2652.111049114553,2671.443866569994,350415
2020-02-26,2672.630126953125,2697.7186783123525,2650.968456309315,2658.350205810059,366302
2020-02-27,2659.18505859375,2724.169643140242,2601.1426269984245,2668.7635047479553,652385
2020-02-28,2610.10595703125,2653.8684667085704,2563.355734234735,2621.3541841694255,619510
2020-03-02,2591.56396484375,2683.702275885206,2570.385658727661,2631.8991616715707,348147
2020-03-03,2659.58056640625,2676.2770906956007,2605.536553574932,2609.93037575634,399770
2020-03-04,2691.699462890625,2706.594477251495,2660.898726336859,2678.4740151501805,368498
2020-03-05,2748.028076171875,2781.2893953581624,2703.167324066836,2708.8792928092776,720100
2020-03-06,2707.82421875,2724.1693204897642,2647.936517730898,2710.8998937892625,593374
2020-03-09,2633.217529296875,2690.600887627648,2608.6121260529862,2675.8376027728964,607257
2020-03-11,2678.737548828125,2694.203673458574,2587.170341755624,2620.651136487885,534597
2020-03-12,2469.899169921875,2609.007622694005,2447.4029291429583,2587.9612574139483,774263
2020-03-13,2428.553466796875,2680.143551703429,2117.822278246449,2372.6639631806693,1108162
2020-03-16,2380.572998046875,2411.9008662279525,2286.5891789615307,2376.882230105612,791034
2020-03-17,2360.361328125,2456.8057271427656,2345.466313508581,2390.239319620253,567266
2020-03-18,2198.625,2412.1647931320563,2179.3361603600783,2397.2697763960864,649481
2020-03-19,2037.107666015625,2112.549677719406,1986.0076005182439,2099.368211344285,786857
2020-03-20,2168.614990234375,2197.701965308645,2016.1053743830819,2057.4512853811725,742455
2020-03-23,1878.6666259765625,2128.7188733631383,1845.4053064225363,2021.1581927484922,613493
2020-03-24,2078.014404296875,2152.973060283749,1855.8626921477446,1860.3444769880396,929170
2020-03-25,2154.203125,2207.1049174589984,2036.1852289120961,2077.926541025093,1249005
2020-03-26,2274.637451171875,2345.246249789549,2124.237024283477,2171.909988433395,944116
2020-03-27,2222.614501953125,2380.5283963783013,2201.3044686735507,2363.8758565795815,472582
2020-03-30,2173.843017578125,2266.640606237289,2146.6013264028156,2166.3735216107016,701815
2020-03-31,2362.953125,2381.4511556673774,2188.123017568919,2267.1678202148546,734769
2020-04-01,2253.8984375,2442.964468752267,2201.3043144692188,2372.6633329608344,1167150
2020-04-03,2252.492919921875,2293.575156928155,2174.941959156009,2275.0771228115605,726903
2020-04-07,2490.85791015625,2529.6992571327837,2320.069948227617,2320.069948227617,1062855
2020-04-08,2439.05419921875,2627.5051529851426,2424.510607721073,2486.0241062859427,1037961
2020-04-09,2462.033935546875,2504.4782948201355,2401.574907837189,2504.4782948201355,893108
2020-04-13,2378.068115234375,2460.540237216482,2370.335160408218,2460.540237216482,501533
2020-04-15,2493.3623046875,2555.886307147628,2420.7322968885796,2435.934964212902,1011691
2020-04-16,2492.879150390625,2543.1004552226127,2473.7220415829106,2493.494242625758,675907
2020-04-17,2488.79248046875,2544.0229081781576,2462.473529905687,2534.3564998914703,705271
2020-04-20,2489.539306640625,2517.484054791246,2461.4188485352597,2513.353905415434,667917
2020-04-21,2516.122314453125,2553.9971481099833,2401.7949735553966,2442.8772116417263,1129799
2020-04-22,2594.683349609375,2609.6663239773306,2484.662101096401,2515.9022151711906,737395
2020-04-23,2590.070068359375,2851.5904357405852,2564.234481199084,2601.142585452121,3426363
2020-04-24,2690.907958984375,2744.2928890895864,2597.627216312834,2618.7175590704487,2613797
2020-04-27,2848.998046875,2891.1347551857807,2697.8065952645434,2702.9474526065537,1993378
2020-04-28,2806.729248046875,2891.002874792628,2776.8952423859837,2879.710667499642,1379063
2020-04-29,2804.81884765625,2877.631431303007,2798.7769999550665,2832.362367338347,1177520
2020-04-30,2812.771484375,2847.645141726882,2798.777596393035,2838.760133484364,1021592
2020-05-04,2748.087890625,2807.6618993090306,2715.257836800126,2762.348368655625,591353
2020-05-05,2646.621826171875,2777.4535723418485,2639.291694383065,2760.5720567070134,905266
2020-05-06,2654.57373046875,2723.254883977022,2583.44919982151,2621.0772945292706,995972
2020-05-07,2590.290771484375,2647.732258718793,2547.331673069389,2645.6886635916608,994651
2020-05-08,2660.74853515625,2698.376626578356,2597.48732868417,2616.6345621578066,1102857
2020-05-11,2713.436767578125,2739.6030707562377,2658.261002262831,2691.2687176947056,1095855
2020-05-12,2760.838623046875,2774.965699223459,2693.312561175028,2708.9945137762925,1329390
2020-05-13,2736.1826171875,2832.5404832803847,2716.59113162791,2825.4324770488156,850975
2020-05-14,2770.96728515625,2788.1153932596144,2693.667718803928,2723.2548375846777,777257
2020-05-15,2777.14208984375,2839.648200038398,2767.6796442802283,2796.0227294716647,870248
2020-05-18,2762.83740234375,2812.1047229046544,2752.6641126857858,2763.2371842759794,730350
2020-05-19,2757.90625,2796.911345054194,2741.957705372388,2781.1849256077994,537217
2020-05-20,2779.096923828125,2806.773633094317,2760.4384096480107,2763.7702871801744,439150
2020-05-21,2764.081298828125,2804.9968007724733,2753.463758502976,2772.2112106479767,574325
2020-05-22,2813.970947265625,2829.164180668976,2736.58244145551,2757.9064604798386,630580
2020-05-26,2811.083251953125,2882.296502002835,2790.780922561931,2843.202468066915,718134
2020-05-27,2861.2392578125,2877.809711475576,2790.7810988170218,2816.5476228111934,739328
2020-05-28,2952.7099609375,2988.249989053802,2833.7398035858264,2858.751011605027,1453514
2020-05-29,3002.110595703125,3036.0068097229937,2923.078287042036,2923.078287042036,1658714
2020-06-01,3051.866943359375,3083.097658521704,3021.7911056577277,3035.1186171498966,883460
2020-06-02,3066.216064453125,3091.982586003151,3020.902526554803,3051.9111157214943,786444
2020-06-03,3118.904296875,3294.5608557517226,3084.1638299941073,3199.491273344647,3415126
2020-06-04,3065.638916015625,3158.620440818039,3040.449830795873,3118.637903592494,1309771
2020-06-05,3080.165283203125,3107.930929626479,3022.856988985322,3087.5398822769907,1200548
2020-06-08,3044.71435546875,3121.525200458843,3029.7874997693457,3097.3135554826804,768759
2020-06-09,3034.851806640625,3083.0085013401595,3028.8988953167272,3051.910976747585,567611
2020-06-10,3000.467041015625,3063.1952809060786,2983.0523395,3039.472137280424,628261
2020-06-11,2994.558349609375,3023.967591926661,2958.7072604515743,3011.9283643449053,673105
2020-06-12,2990.73779296875,3059.107877726387,2937.1611579419123,2961.3728017606877,1373475
2020-06-15,2982.874755859375,3026.677887412715,2970.6578702137194,2977.366094442979,609721
2020-06-16,2972.345703125,3020.85770792298,2958.70713153183,3004.065132592737,701355
2020-06-17,3022.19091796875,3052.000162356084,2980.9645687732823,2983.4524143272974,1100079
2020-06-18,3024.67822265625,3071.54663016014,3004.5093020526133,3034.2296042802654,898020
2020-06-19,3055.154296875,3065.3275870772713,3004.9095360856036,3036.8066262385532,782740
2020-06-22,3039.738525390625,3087.5399060245545,3035.1183651740657,3065.3273887150253,735172
2020-06-23,3080.4765625,3114.1061856686506,3044.270157010035,3047.5130979733867,765553
2020-06-24,3062.12890625,3114.106200264488,3056.442588202391,3098.202123564459,573266
2020-06-25,3065.682861328125,3087.006879051954,3038.6725256455925,3043.0260924965573,546489
2020-06-26,3071.013916015625,3109.6636987725606,3060.2631870554033,3071.813696844832,448352
2020-06-29,3126.85595703125,3149.6016607627344,3061.595626743424,3067.8151313819744,940186
2020-06-30,3201.97900390625,3211.9301687908783,3145.292613421773,3147.0696148982825,1236537
2020-07-01,3150.5791015625,3208.3761170916614,3141.738562735008,3203.0451127431293,586225
2020-07-02,3140.939208984375,3169.8597359746955,3120.4592225247943,3156.843286253856,422319
2020-07-03,3143.826904296875,3180.7884075647003,3123.0803237710243,3153.7336014865577,323231
2020-07-06,3220.326416015625,3239.4736500628765,3146.1810737445544,3163.0625875545365,538078
2020-07-07,3268.3056640625,3274.5251695477245,3180.832805300562,3230.5888491823584,664348
2020-07-08,3274.125,3298.5587686567164,3225.257462686567,3265.7287119726957,531417
2020-07-09,3263.996337890625,3286.5641694533674,3243.02763409159,3278.567662958347,397351
2020-07-10,3311.131591796875,3335.076863137817,3247.7816549967342,3260.4427920553644,706136
2020-07-13,3373.459716796875,3407.4004023227567,3332.0999631840727,3340.7628455628596,1108644
2020-07-14,3318.772216796875,3372.7041655312687,3313.2190874601556,3372.3488520213646,399210
2020-07-15,3308.11083984375,3357.022855760556,3297.84861148706,3324.7702310334553,506574
2020-07-16,3424.947998046875,3447.604765398894,3278.1677290168327,3313.2190374776046,987220
2020-07-17,3362.97509765625,3498.9157026605844,3346.804428549361,3465.152676581077,4503046
2020-07-20,3538.587158203125,3547.783227039354,3382.6997567624912,3428.7241355233828,3785159
2020-07-21,3447.73828125,3562.8880671453426,3442.9404638873325,3553.114558731727,1880670
2020-07-22,3380.789794921875,3486.832228428187,3368.3507845221343,3478.3027514484124,1019300
2020-07-23,3400.82568359375,3447.160912657029,3394.0729908756625,3398.515494790421,791770
2020-07-24,3392.69580078125,3420.639107264251,3347.870979275364,3398.4710559206583,665233
2020-07-27,3356.178466796875,3417.7071450546546,3342.8952067640407,3416.285457056497,523512
2020-07-28,3353.867919921875,3402.9575821712115,3343.739099003683,3358.7991420474855,599914
2020-07-29,3371.59375,3423.393387068248,3358.5328323690574,3374.259252247912,785425
2020-07-30,3381.58935546875,3442.407187871905,3367.8620623893344,3392.6511463222937,855542
2020-07-31,3397.271240234375,3429.6125777752864,3377.279975208483,3386.076045052232,681895
2020-08-03,3355.156494140625,3420.6389561366923,3347.959768205574,3400.2923756967516,369180
2020-08-04,3391.940185546875,3425.1700232591006,3362.974977441166,3376.302487259295,642559
2020-08-05,3420.683349609375,3441.652053651181,3401.1363335063475,3411.7538738693947,569216
2020-08-06,3427.52490234375,3475.8150058724373,3416.285454391493,3434.0554697589396,786063
2020-08-07,3496.072998046875,3505.135662840734,3420.7280866760016,3434.055598702012,1061884
2020-08-10,3503.1806640625,3558.445365176549,3490.9193108061577,3518.41836456396,826722
2020-08-11,3446.983154296875,3527.348004362569,3434.055424902098,3509.5779892272412,422055
2020-08-12,3384.9658203125,3451.8255034881718,3376.3029377747885,3447.8717184317097,619436
2020-08-13,3383.6328125,3427.7025342706015,3369.2391444514074,3397.449041857532,513264
2020-08-14,3377.502197265625,3411.842662294248,3333.6546012833383,3401.1806539745785,537499
2020-08-17,3437.298095703125,3460.710175571233,3378.079611687247,3402.957630921135,987819
2020-08-18,3477.858642578125,3500.6930692142996,3442.940518580054,3447.383022474996,768897
2020-08-19,3443.296142578125,3508.6898925753503,3434.633259201926,3503.9363262115176,505661
2020-08-20,3436.809814453125,3474.21556562208,3409.399479734517,3447.3828865385176,523854
2020-08-21,3449.826416015625,3475.81506392457,3434.0999955366033,3461.599051393181,401007
2020-08-24,3472.572021484375,3488.2539730827216,3459.9996056173795,3475.814962480796,444407
2020-08-25,3462.3544921875,3491.7637390506266,3442.9406625869324,3481.1461976814458,358587
2020-08-26,3476.3349609375,3501.8452702378013,3448.9637630302254,3490.633394216801,608530
2020-08-27,3464.850341796875,3498.213347299922,3458.8585297036475,3486.093636236747,385945
2020-08-28,3444.197265625,3474.8367623691265,3437.9784939261667,3467.029276024302,512488
2020-08-31,3382.64599609375,3459.7667025883607,3344.471407067835,3455.5905638584345,600226
2020-09-01,3423.453369140625,3438.659639077805,3375.6104029796857,3390.771236738328,387446
2020-09-02,3449.05419921875,3462.1271846734844,3406.2043382257634,3438.795597049101,305952
2020-09-03,3401.529052734375,3457.724072736748,3395.310280810092,3447.964825271853,414160
2020-09-04,3364.3076171875,3457.950909015926,3357.680363188793,3386.2317906614344,759852
2020-09-07,3380.830078125,3404.3884015356525,3318.143895363416,3388.8643017687023,437318
2020-09-08,3387.6845703125,3415.6912082201698,3369.209999074888,3383.417559185661,379275
2020-09-09,3393.76708984375,3403.480901382615,3346.3780429334856,3349.9185185654437,332884
2020-09-10,3376.47216796875,3418.459621828683,3359.0417449645975,3418.459621828683,357927
2020-09-11,3424.587890625,3475.1997999370406,3377.153410597124,3380.784758350454,829715
2020-09-14,3376.699951171875,3446.149486395601,3368.9833361470164,3439.7037546012266,397741
2020-09-15,3389.9541015625,3419.3679305890328,3372.6143268653277,3377.1989478691244,366110
2020-09-16,3490.179443359375,3504.2509172498862,3392.7230500488104,3397.126148276962,917526
2020-09-17,3463.98828125,3532.348454063014,3421.410813120461,3493.356897880606,741010
2020-09-18,3447.5107421875,3485.866852485702,3426.9483243758937,3484.0057424509505,947698
2020-09-21,3294.81298828125,3445.241540325313,3280.4691188314937,3440.702355160194,604282
2020-09-22,3257.3193359375,3339.0246704509823,3213.7885937107976,3322.6836035482856,670648
2020-09-23,3290.818115234375,3316.2375501729744,3234.4415728723397,3285.371093461818,405856
2020-09-24,3279.788330078125,3318.1444457644584,3232.081448369864,3259.135037016253,517316
2020-09-25,3346.650146484375,3374.384610485621,3281.8306749219546,3304.526599368164,507368
2020-09-28,3392.90478515625,3429.808271469918,3349.010776456466,3368.8923185959516,390640
2020-09-29,3392.45068359375,3446.149151928462,3360.4946448097967,3421.6375536402456,449330
2020-09-30,3448.100830078125,3472.4763408917092,3371.7518754100292,3389.863178271802,535771
2020-10-01,3457.588134765625,3475.1546479750978,3415.2828413234697,3467.937388053071,336322
2020-10-05,3477.424072265625,3502.2535020143578,3436.2083625445343,3463.3980354278456,460889
2020-10-06,3418.77783203125,3522.361893988471,3406.20420174572,3513.3289607558468,666856
2020-10-07,3437.025634765625,3484.2785975412403,3420.730004047784,3431.6240486466622,590795
2020-10-08,3444.968994140625,3472.476499365538,3423.9072202240854,3448.781865184499,371495
2020-10-09,3399.940185546875,3466.711414639697,3390.770943870018,3456.135203028958,347685
2020-10-12,3387.593994140625,3426.4494646910957,3379.241937504894,3421.728756300457,286506
2020-10-13,3400.439453125,3437.343158886258,3361.402463471247,3388.047567158309,368886
2020-10-14,3440.5205078125,3451.414551182022,3395.310183501008,3398.033694343388,545911
2020-10-15,3387.1396484375,3482.4170916741223,3372.6142572890144,3440.702028297541,526411
2020-10-16,3401.8466796875,3430.7159399163347,3378.2883544360043,3403.435394399025,263967
2020-10-19,3424.76953125,3445.2412992401287,3395.310265917808,3418.9140271247234,473267
2020-10-20,3225.680908203125,3353.5498367356977,3216.5573237773015,3341.747955880916,3187477
2020-10-21,3084.1494140625,3250.0566347321364,3070.30489906818,3250.0566347321364,3538724
2020-10-22,3139.618408203125,3171.392705536868,3095.724397373262,3095.724397373262,2266246
2020-10-23,3149.96728515625,3180.061991659294,3124.8202457465427,3159.272613976151,1022334
2020-10-26,3164.174560546875,3182.4676065913986,3146.5626137995564,3161.0880038228665,893740
2020-10-27,3243.0205078125,3257.318939612639,3159.272550125971,3159.272550125971,1753963
2020-10-28,3215.2861328125,3268.0315491054253,3200.079863657263,3242.975160229499,667035
2020-10-29,3207.070068359375,3228.2681495043375,3175.6136071333444,3211.9270846305812,654253
2020-10-30,3153.14501953125,3222.6854259000434,3141.7061840974598,3213.743142342367,475859
2020-11-02,3105.074462890625,3164.6738642146943,3078.6108853839773,3161.9957898002285,764391
2020-11-03,3089.95947265625,3138.6196269729976,3077.5675856355374,3127.4986231605976,623300
2020-11-04,3150.829833984375,3182.876524436889,3097.448974015527,3107.5260533791993,714800
2020-11-05,3176.74853515625,3204.6645221409053,3146.06360106953,3188.323456588912,999876
2020-11-06,3189.730712890625,3227.3605119438203,3168.033275761695,3186.5078472356704,582470
2020-11-09,3221.27783203125,3240.977849139219,3189.730498625763,3221.0054366235154,566460
2020-11-10,3185.010009765625,3242.7937458360016,3128.270197583444,3242.7937458360016,976298
2020-11-11,3170.84765625,3215.1955819993104,3134.806571967821,3185.600007381361,1141508
2020-11-12,3191.3193359375,3200.9877109846843,3160.498315221201,3177.156990589626,615256
2020-11-13,3190.547607421875,3215.059205708163,3181.9685923496513,3192.862636032446,473523
2020-11-14,3202.259033203125,3210.565653363304,3191.047157237951,3209.2038978196747,56492
2020-11-17,3186.325927734375,3222.820926005108,3181.4234755954067,3214.6503940800244,694643
2020-11-18,3177.747314453125,3197.3564605633433,3127.498448118401,3184.5106557386393,914389
2020-11-19,3187.7333984375,3221.9133713286087,3159.2726210829974,3167.443153723729,739067
2020-11-20,3224.72802734375,3248.0139586836626,3196.6302937405117,3200.0801188086216,1197247
2020-11-23,3229.539306640625,3267.305415098781,3224.6370754184136,3245.517326751359,952758
2020-11-24,3233.942138671875,3261.858124569597,3206.20767583413,3245.5170596538574,752974
2020-11-25,3228.087158203125,3249.9206844729206,3206.0266726615855,3241.5231914183773,385590
2020-11-26,3221.6865234375,3243.6106981252606,3168.351100189327,3240.796536435674,741800
2020-11-27,3302.66552734375,3345.288429617564,3180.2438424522506,3235.3949394929077,5383773
2020-12-01,3294.8583984375,3361.266588222727,3264.1734626356706,3361.266588222727,1042234
2020-12-02,3265.48974609375,3311.7894339032528,3231.8997765064637,3301.803226728654,680870
2020-12-03,3300.849853515625,3317.1454831287883,3275.5212901962136,3310.88149656503,450558
2020-12-04,3311.970703125,3333.5772667746633,3279.1070499973,3301.8029736545345,482933
2020-12-07,3294.4951171875,3331.761871274559,3279.1981963482845,3313.6051308316455,492080
2020-12-08,3309.42919921875,3318.05365146948,3284.2367202758296,3303.982176744605,413743
2020-12-09,3292.8154296875,3328.130197739699,3285.5527342205287,3312.6060975230967,434686
2020-12-10,3395.083740234375,3401.6655591037375,3290.0015975959286,3292.815981216725,1443681
2020-12-11,3388.728515625,3428.90030232821,3360.3586097611515,3401.5291058067246,695958
2020-12-14,3428.85498046875,3442.517971916281,3392.6323721100835,3399.849632074492,685712
2020-12-15,3418.505615234375,3447.692485748963,3382.3282225987564,3427.084630444862,648902
2020-12-16,3406.749267578125,3437.07093519142,3399.8496176153903,3419.0957179852608,466183
2020-12-17,3386.0048828125,3419.821809385264,3378.0613094564815,3395.4010839524285,488772
2020-12-18,3377.607421875,3413.285458859794,3349.9183944950278,3393.4945687323616,1043126
2020-12-21,3290.046630859375,3383.5538392071444,3209.0676170842353,3376.245707236453,670146
2020-12-22,3295.811279296875,3324.862062619509,3214.741614399059,3286.3698633729737,662139
2020-12-23,3291.226806640625,3330.2637958618975,3272.9791951161237,3305.9791572184317,451656
2020-12-24,3284.781005859375,3344.380412272772,3259.1800484972423,3318.144013381059,579767
2020-12-28,3271.436279296875,3310.1100050382643,3266.397739289889,3299.9877104832535,463358
2020-12-29,3262.130615234375,3289.3202880462545,3245.6080267761954,3280.9227961082356,414932
2020-12-30,3253.5966796875,3273.523877581765,3235.530813464677,3270.2555759829215,407808
2020-12-31,3246.742919921875,3269.801890897709,3233.8062427662444,3250.646441681486,459383
2021-01-01,3238.980712890625,3272.7522030854725,3234.668487380318,3245.5170945993245,453083
2021-01-04,3225.4541015625,3262.675419865564,3211.0195814131253,3258.227107065792,698402
2021-01-05,3223.8203125,3235.4858858820803,3213.7432323527605,3221.9137659943353,725278
2021-01-06,3213.470458984375,3270.0287462019637,3186.5077454661,3239.162289408275,1099588
2021-01-07,3225.36328125,3239.116922902356,3192.3633182239378,3231.8996632071603,621487
2021-01-08,3245.743896484375,3259.0890546676437,3207.2517003459902,3244.6091003524666,961239
2021-01-11,3279.87890625,3290.909036848586,3220.6877581236,3271.662937292097,1043630
2021-01-12,3296.946044921875,3312.5155819482825,3255.7757712978582,3290.001180754217,893653
2021-01-13,3287.413818359375,3311.7893301277018,3268.2131547312842,3304.526634228299,798273
2021-01-14,3327.631103515625,3363.4452290119325,3286.0069098470003,3289.0934670060637,1192074
2021-01-15,3276.428955078125,3345.379126394564,3241.8857151573916,3340.8399416911793,597621
2021-01-18,3275.33984375,3327.2226401928197,3245.517309328603,3276.429203833544,826497
2021-01-19,3269.34814453125,3313.469113388313,3256.411466694507,3294.3136631635607,594091
2021-01-20,3261.222900390625,3305.434517975697,3254.5956459606905,3272.7523859660496,607449
2021-01-21,3296.1748046875,3328.6299792173154,3270.573844211543,3272.4801690321488,834432
2021-01-22,3275.475830078125,3349.9184625799003,3260.0426013887322,3312.697146329013,791205
2021-01-25,3280.51416015625,3304.390315578933,3246.651798572282,3298.943294036414,467367
2021-01-27,3277.972412109375,3313.5141416169813,3262.5846194546616,3280.5144000097152,646880
2021-01-28,3271.61767578125,3313.605138148196,3231.2189282065665,3257.95468423981,643832
2021-01-29,3178.42822265625,3287.096267682998,3159.454296292917,3272.9339217677784,733173
2021-02-01,3196.266845703125,3229.9928987266103,3161.9960018700513,3212.834869542955,544282
2021-02-02,3178.564453125,3226.452857238486,3162.677304840905,3220.9149626092117,869950
2021-02-03,3192.40869140625,3217.374207974904,3178.33721843119,3201.0785787607956,786972
2021-02-04,3250.056396484375,3275.5212681646954,3187.4610808856496,3197.3564153363086,958717
2021-02-05,3215.24072265625,3282.7384901684045,3205.0729928996348,3282.7384901684045,1159183
2021-02-08,3153.55322265625,3283.5554317848587,3144.8381207715825,3269.120912689697,2388271
2021-02-09,3143.294921875,3181.968868966908,3136.5770163425586,3181.968868966908,951124
2021-02-10,3109.20556640625,3163.902744394908,3102.1243936415667,3148.2877710430826,893690
2021-02-11,3143.6123046875,3150.1941223783483,3104.802276234568,3114.5615231554807,873772
2021-02-12,3105.9375,3167.4434599926926,3094.8619323440566,3159.272926561929,618874
2021-02-15,3102.078369140625,3127.4977997335245,3089.3686538441752,3112.9724108232963,513578
2021-02-16,3077.06787109375,3116.0142087927757,3073.0734772148194,3115.6963772079134,693631
2021-02-17,3053.96337890625,3091.0486055016518,3050.33203125,3059.410400390625,866571
2021-02-18,3049.8330078125,3078.4298737109134,3032.2664946016976,3057.5950585986197,616156
2021-02-19,3024.186279296875,3071.2122757033094,3014.018550202479,3049.4241897982315,765676
2021-02-22,3033.265380859375,3062.8155238315144,3011.5681620623404,3041.2543919482987,666371
2021-02-23,3028.498779296875,3057.594999316089,3018.8304039555883,3041.0724103342236,484686
2021-02-24,3091.6845703125,3100.263586274502,3033.08364326299,3050.3325475497295,512568
2021-02-25,3091.184814453125,3109.9769949883444,3063.5866598317275,3104.802368701817,586357
2021-02-26,3053.736572265625,3094.7707585036555,3034.8989553575575,3076.6594554911044,748717
2021-03-01,3097.35791015625,3104.802128241019,3056.732209794032,3060.772039580291,377869
2021-03-02,3130.1767578125,3132.037868120089,3082.1068296428125,3097.358536632944,383968
2021-03-03,3160.31640625,3165.7634277714615,3118.419821036708,3141.1157440427974,409493
2021-03-04,3179.154296875,3190.8655271413677,3132.037645301637,3132.037645301637,537283
2021-03-05,3169.939697265625,3183.4663792803262,3141.7967515750015,3164.719634758493,612423
2021-03-08,3144.02099609375,3185.554538077838,3132.945429225971,3171.6193733687496,463984
2021-03-09,3110.930419921875,3167.5793597048546,3084.240100947948,3153.3717994013664,589556
2021-03-10,3159.59033203125,3167.443032780158,3121.5972680465957,3133.762194191235,270942
2021-03-12,3117.739501953125,3171.8466807499963,3109.34200893629,3170.0762211264087,344205
2021-03-15,3132.400634765625,3137.983965190157,3085.737902535924,3126.2275205984993,311078
2021-03-16,3167.533935546875,3177.4292694729975,3137.5298805457332,3143.4762567922935,383099
2021-03-17,3148.28759765625,3176.5214148061905,3128.678452972323,3166.535208586451,378136
2021-03-18,3122.6416015625,3166.444738961084,3111.5205977670043,3159.272914965257,430166
2021-03-19,3147.10791015625,3172.7543060361854,3067.5812983469345,3108.9787552197095,1312375
2021-03-22,3235.89404296875,3240.978018712882,3123.05008366273,3123.05008366273,820046
2021-03-23,3239.525146484375,3248.24046949111,3200.125113179475,3240.9777741987878,461046
2021-03-24,3211.700439453125,3239.3440325730567,3197.4020062904124,3210.111724657268,480657
2021-03-25,3126.454833984375,3236.257685092451,3112.9733646155078,3209.2040956301603,486516
2021-03-26,3181.60546875,3191.046884389253,3136.894498890492,3136.894498890492,273033
2021-03-30,3282.738525390625,3290.909058224838,3186.5532415202792,3190.1391532695397,567450
2021-03-31,3290.954345703125,3318.144017744906,3261.404208959938,3282.738377063086,441583
2021-04-01,3285.008056640625,3331.761660320877,3277.518401682138,3299.9873665575988,460658
2021-04-05,3359.31494140625,3377.1538509143916,3295.448515811624,3299.9877010951113,807938
2021-04-06,3386.776611328125,3392.0418883215602,3340.839973042834,3366.259407620334,462351
2021-04-07,3457.54248046875,3467.937169279058,3369.4822958038103,3388.047517211896,633677
2021-04-08,3522.327392578125,3538.246734301312,3470.924113930595,3488.4122732548144,613388
2021-04-09,3504.7470703125,3547.198650823653,3497.6410899406565,3522.327606868338,526934
2021-04-12,3518.6357421875,3553.0122896654316,3460.7262561676284,3486.5201574687244,1108910
2021-04-13,3457.03515625,3550.244059288241,3441.3927170887896,3519.8820413919416,411660
2021-04-15,3407.84619140625,3506.776770697989,3389.66588852227,3461.6489920629006,494464
2021-04-16,3411.353515625,3445.9145930198765,3392.94249545275,3410.4306552122785,251741
2021-04-19,3454.08203125,3465.340883332706,3371.255308406029,3400.7406538165174,560398
2021-04-20,3442.1767578125,3463.2642071074974,3405.4470958248676,3444.022478527766,331477
2021-04-22,3462.572021484375,3475.4920663406597,3407.3387396006756,3437.747168276451,424370
2021-04-23,3368.717041015625,3470.785256309743,3359.6729648990085,3465.3404705935386,491834
2021-04-26,3266.187255859375,3379.5145501730303,3258.619846166295,3378.684065993774,1031406
2021-04-27,3268.032958984375,3298.8566292235328,3245.6997840363383,3297.103059410063,813608
2021-04-28,3210.400390625,3254.928401792131,3201.4025023580666,3218.9368487243983,1498181
2021-04-29,3201.31005859375,3235.4558902702247,3181.099507805617,3227.0118085057416,611087
2021-04-30,3182.945556640625,3200.802995711522,3171.8712317117506,3193.0970211587596,436187
2021-05-03,3173.947509765625,3210.354306096903,3166.8877180977047,3173.809170833982,570022
2021-05-04,3170.81005859375,3194.942768411145,3156.182630839433,3167.256955859922,337838
2021-05-05,3185.34521484375,3192.0819158730524,3171.1792168331685,3175.655180132437,234116
2021-05-06,3185.76025390625,3222.1670512250103,3174.362837968292,3185.714065825214,384450
2021-05-07,3194.25048828125,3215.8915191172005,3185.944744866434,3215.8915191172005,189156
2021-05-10,3150.460693359375,3209.7082824945423,3140.955186736681,3209.7082824945423,694001
2021-05-11,3154.705810546875,3169.748479695978,3134.0800163844447,3150.4607880135377,455412
2021-05-12,3174.224609375,3179.254153613076,3138.78663398754,3141.4168763131815,252497
2021-05-14,3231.349609375,3252.62158735998,3172.9786871447495,3183.868485286404,677498
2021-05-17,3236.7021484375,3261.2962880544833,3226.3661569853925,3247.4995700911095,338003
2021-05-18,3253.498291015625,3261.2964166669967,3211.5543291065114,3253.2675759057756,474368
2021-05-19,3261.757568359375,3280.7685819106878,3244.8232159271033,3262.3113746988133,688416
2021-05-20,3158.535888671875,3246.345965096984,3151.5682476309435,3230.0113811737338,1046540
2021-05-21,3170.717529296875,3182.945429249777,3154.3367576618552,3182.945429249777,521688
2021-05-24,3118.4375,3192.173951870102,3111.3312950561217,3192.173951870102,1643611
2021-05-25,3185.963623046875,3192.910774427265,3135.4809896827073,3135.4809896827073,1318946
2021-05-26,3164.196044921875,3199.256094483881,3161.463543800458,3187.3995769555554,373186
2021-05-27,3162.9453125,3184.111057551168,3149.421660131206,3177.1639061528745,444547
2021-05-28,3171.0966796875,3194.7633539956746,3158.638166751305,3165.122174718243,249529
2021-05-31,3193.6982421875,3203.4703876496224,3174.6166424049634,3176.0060726956067,352802
2021-06-01,3192.67919921875,3213.3818007673444,3188.279336682654,3203.099926277925,236580
2021-06-02,3219.07861328125,3229.0361976543954,3192.0310804918854,3192.679436105934,420074
2021-06-03,3238.530517578125,3241.540949950561,3211.8070505220294,3223.478355715946,380896
2021-06-04,3232.093017578125,3253.1196855789526,3223.4785039335866,3242.0042424619405,312826
2021-06-07,3281.4638671875,3292.949733606515,3222.088789971944,3248.024821629042,357312
2021-06-08,3336.253662109375,3355.01097082256,3281.4638853875736,3283.2237399449377,787313
2021-06-09,3311.197509765625,3342.3671975056504,3294.8949971270267,3332.780038288561,546202
2021-06-10,3312.679931640625,3345.377904892948,3292.9499751681483,3307.770565773687,355092
2021-06-11,3295.635986328125,3330.0013198923666,3289.244697340137,3311.475582368626,301375
2021-06-14,3326.527587890625,3332.780024011269,3251.683566580589,3295.635831562783,312420
2021-06-15,3364.13525390625,3372.1475453376156,3328.1489164669833,3328.4732073479477,451019
2021-06-16,3371.174560546875,3376.1302855485014,3339.3103840305293,3363.3938416271903,232534
2021-06-17,3388.49609375,3392.988675355795,3343.4323297015403,3358.6233433322486,300185
2021-06-18,3352.41748046875,3407.809481941169,3330.001382869938,3391.5067421542544,731807
2021-06-21,3379.882080078125,3384.606007629864,3317.1261419615175,3334.632874092799,231475
2021-06-22,3381.78076171875,3394.8414975010846,3349.4534392807427,3380.9471939642453,235555
2021-06-23,3389.5615234375,3412.71869474218,3363.3475602917515,3382.799584187683,378997
2021-06-24,3417.1650390625,3431.7540575061653,3381.873418274406,3389.561644651348,385390
2021-06-25,3399.519287109375,3436.4316844370646,3376.2230358567363,3436.4316844370646,176772
2021-06-28,3396.925537109375,3413.36712911529,3374.463080425238,3399.51918558423,181793
2021-06-29,3387.569580078125,3396.7863143812115,3343.9416087736363,3385.5781539746563,357263
2021-06-30,3380.62255859375,3417.998321756836,3365.153614127926,3404.104019635873,428387
2021-07-01,3330.742431640625,3391.1362914103956,3316.709049623868,3371.684266794275,612678
2021-07-02,3283.965087890625,3342.969519918295,3274.4242873126004,3342.969519918295,292855
2021-07-05,3263.818359375,3320.275502563284,3253.490124412784,3301.28662048697,519061
2021-07-06,3259.603759765625,3273.359211357895,3250.016599426252,3266.0877683812428,282115
2021-07-07,3261.7802734375,3280.908006336903,3247.561679903213,3261.4559825839174,524482
2021-07-08,3234.0380859375,3265.9949849137374,3217.2260686729264,3241.0779570392483,627227
2021-07-09,3219.726806640625,3258.6772148266855,3212.362871239041,3233.6674692893575,595359
2021-07-12,3214.5859375,3242.0041199435123,3208.75051099951,3225.516168047519,146119
2021-07-13,3228.572998046875,3232.231786082198,3209.6768356971907,3231.583430479425,182918
2021-07-14,3228.8046875,3231.027685688924,3199.5339298616273,3217.9208160008607,458955
2021-07-15,3205.740234375,3244.7831382874933,3200.784508807432,3244.7831382874933,264604
2021-07-16,3187.35302734375,3216.7162750433504,3183.7405991130913,3204.952477363957,399006
2021-07-19,3195.82861328125,3202.6369123595878,3173.5515945604325,3186.797316131429,226731
2021-07-20,3180.452392578125,3211.390284209357,3173.9220247825965,3200.32120111597,152954
2021-07-22,3172.810546875,3195.2266445065798,3163.2697466270383,3195.2266445065798,389457
2021-07-23,3186.241455078125,3198.0052524869548,3172.8102961610907,3174.3849385294116,247778
2021-07-26,3225.331298828125,3240.151890666508,3178.090662343279,3186.3808856740175,433827
2021-07-27,3196.384521484375,3246.496733252608,3181.9343553807507,3238.299003726545,210607
2021-07-28,3171.698974609375,3213.2891647796946,3158.6382392328505,3213.2891647796946,352127
2021-07-29,3154.56298828125,3176.1916532947585,3151.228264739158,3171.791790197313,321411
2021-07-30,3171.050537109375,3186.426990369446,3128.9972015895314,3171.6063997165647,988317
2021-08-02,3246.311279296875,3280.9081853168564,3186.4732815075795,3192.632998907683,1887580
2021-08-03,3309.808349609375,3315.1808589292564,3270.7190871414373,3288.3185384741155,1326045
2021-08-04,3314.532470703125,3333.7065643690876,3279.0556370843487,3315.180826306464,478788
2021-08-05,3344.960693359375,3351.0279175018686,3286.0953445095843,3314.5323057920073,497146
2021-08-06,3338.338134765625,3353.158725818969,3325.462836745742,3344.960995934879,258380
2021-08-09,3368.07177734375,3380.020787505071,3340.4220238257503,3353.06574913934,444706
2021-08-10,3369.0908203125,3375.38961674714,3345.2852911312557,3368.072040362834,249493
2021-08-11,3358.253173828125,3379.974556519909,3307.863256657572,3369.0906853869674,233115
2021-08-12,3353.899658203125,3374.416822613786,3341.5799971842375,3366.4970243770535,232971
2021-08-13,3315.6904296875,3375.482296323181,3311.5684980726614,3353.8997655981366,323144
2021-08-16,3385.8564453125,3403.131605001587,3291.143612738278,3306.844129975276,348972
2021-08-17,3424.01953125,3434.301406313921,3397.620354558366,3399.472928361288,579154
2021-08-18,3446.48193359375,3455.050087295488,3415.1733915953037,3435.412850526843,426843
2021-08-20,3608.76708984375,3675.042957019606,3367.330520755849,3371.684023579425,1567252
2021-08-23,3581.256591796875,3672.403128854935,3566.7602928173646,3621.781642140519,645088
2021-08-24,3531.19091796875,3605.108658718082,3515.7219717791572,3589.2229286472643,437167
2021-08-25,3559.53515625,3610.666145196326,3517.111173245369,3531.1906881517125,360778
2021-08-26,3641.140869140625,3656.0078182341254,3543.2323948371686,3543.2323948371686,1114234
2021-08-27,3651.006103515625,3680.091421141088,3623.402709214214,3653.9238167350545,475524
2021-08-30,3692.50390625,3699.173126758903,3642.3453344940663,3668.0961557659225,466524
2021-08-31,3702.831787109375,3730.4351812452583,3668.0960292565665,3700.516069919188,688613
2021-09-01,3719.36572265625,3729.137867296467,3671.6619533563817,3690.8824040937075,352460
2021-09-02,3784.901123046875,3801.4815686708453,3707.0466611886877,3719.042031728422,525680
2021-09-03,3820.1923828125,3829.918394674175,3772.905168054782,3802.4074944928952,426377
2021-09-06,3778.370361328125,3843.441785373499,3761.6508387195936,3838.9030703375447,312608
2021-09-07,3793.5615234375,3825.1943557922964,3779.250436498727,3794.904594172601,259534
2021-09-08,3762.021484375,3786.5680869586085,3719.690218733252,3779.06529883659,236283
2021-09-09,3770.728759765625,3815.1903048451422,3751.554666154222,3759.6133169596797,295134
2021-09-13,3792.079345703125,3800.5547795527423,3759.6129477998134,3770.7283895143228,171201
2021-09-14,3799.16552734375,3846.86930027029,3781.4733579948474,3794.9972365055087,419441
2021-09-15,3785.13232421875,3830.196088588091,3770.960090318704,3802.5929216341,218163
2021-09-16,3772.812744140625,3816.3018670324477,3742.013706014696,3785.1324046198474,243636
2021-09-17,3753.175537109375,3811.670462374381,3743.125234132411,3776.8419856748133,621517
2021-09-20,3783.418701171875,3811.670450562435,3705.147461057045,3737.567501341294,291097
2021-09-21,3775.128662109375,3808.474764732441,3754.240847055429,3762.76264140045,424258
2021-09-22,3759.335205078125,3802.4075438821496,3750.628199089421,3781.1029461941375,259937
2021-09-23,3744.375732421875,3775.0356914201034,3721.357413779379,3760.724604839895,322858
2021-09-24,3744.885009765625,3796.80365900301,3732.935999876326,3742.1988683623717,373614
2021-09-27,3714.0400390625,3764.9858184852014,3705.147594378287,3751.3692201604513,248898
2021-09-28,3708.528564453125,3769.0151460089996,3695.9311979337526,3709.9643544186847,354948
2021-09-29,3679.90625,3723.580586497805,3667.3086578117563,3688.4744037505507,332446
2021-09-30,3657.8603515625,3698.6633318699546,3649.8480608980663,3679.211308336454,217501
2021-10-01,3632.063720703125,3666.98469224514,3598.6246725417486,3666.98469224514,181917
2021-10-04,3605.942138671875,3674.8116593065124,3594.9194151537145,3621.781734926829,372752
2021-10-05,3596.031005859375,3617.3819644176765,3580.562059652142,3606.961236653846,131731
2021-10-06,3648.273681640625,3698.8024512149896,3596.0773242700175,3606.0349084636946,409840
2021-10-07,3613.07470703125,3671.476914101015,3591.6310299988304,3667.910845287286,187556
2021-10-08,3597.0498046875,3639.381068913819,3563.286693906702,3626.4130528881656,316870
2021-10-11,3557.497314453125,3613.2133772067277,3548.790082504129,3593.9929253507926,253051
2021-10-12,3582.831298828125,3589.130094852511,3533.7844536711605,3539.342174961338,253262
2021-10-13,3597.420166015625,3607.0536848669253,3570.372635435752,3586.026792620772,174222
2021-10-14,3607.748291015625,3635.6757480236383,3594.9191281731823,3623.6340194314585,299078
2021-10-18,3554.487060546875,3668.096056276628,3543.0473270853795,3668.096056276628,256837
2021-10-19,3516.09228515625,3583.2019506769493,3501.364414189189,3575.791655620464,282932
2021-10-20,3484.691162109375,3628.5899160529057,3464.3128512198464,3519.8900627367425,523002
2021-10-21,3440.553955078125,3518.500909919812,3408.7359085178114,3518.500909919812,335589
2021-10-22,3417.998779296875,3482.838864540989,3380.9473020145238,3458.755404307461,192033
2021-10-25,3363.393798828125,3424.0655854630522,3351.027779338729,3417.998361570711,289025
2021-10-26,3420.59228515625,3431.939299600333,3340.051685004446,3380.0208739967165,326825
2021-10-27,3425.27001953125,3456.161551201296,3410.0787790576424,3428.0950135914854,441016
2021-10-28,3410.49560546875,3453.845877094125,3384.652291728527,3450.418660834363,193658
2021-10-29,3404.798828125,3435.5515057673338,3372.6567202324627,3409.6618340007144,283538
2021-11-01,3407.021728515625,3427.26118570512,3381.9658513030918,3421.7034648634362,139766
2021-11-02,3411.421630859375,3434.3010961747073,3396.7401204836124,3408.9207016801333,151547
2021-11-03,3362.282470703125,3427.0761917451027,3351.3522404564646,3422.629969559855,185296
2021-11-04,3362.282470703125,3362.282470703125,3362.282470703125,3362.282470703125,0
2021-11-08,3443.65673828125,3453.9849728289673,3353.1585540271058,3395.7677511224774,336938
2021-11-09,3354.640869140625,3370.75817142344,3274.5631823390963,3325.3701114070213,1399094
2021-11-10,3425.871826171875,3445.786992932101,3334.632573805259,3361.9116756037893,706755
2021-11-11,3374.833740234375,3443.9348362829137,3365.4783778449682,3426.428103608361,298625
2021-11-12,3416.099609375,3429.0676255261014,3372.842057871249,3398.176094166995,275060
2021-11-15,3466.72119140625,3471.352625570933,3403.1778242091,3427.261281865452,320669
2021-11-16,3418.693115234375,3482.8384781633135,3409.661818648712,3474.501896699625,199179
2021-11-17,3348.5732421875,3427.2149034128465,3341.857662685709,3418.693109825629,250996
2021-11-18,3308.326416015625,3376.1305725537222,3292.949962862135,3376.1305725537222,248828
2021-11-22,3317.58935546875,3361.0321219825123,3306.844336634303,3324.4437882858583,364653
2021-11-23,3392.201416015625,3399.4728585003663,3310.54931778755,3314.0692531696172,365672
2021-11-24,3356.26171875,3403.178059626007,3343.895698217171,3390.210043067824,149025
2021-11-25,3309.993408203125,3365.941270793779,3303.1389758282057,3344.3587415108627,232784
2021-11-26,3293.22802734375,3367.1457709307656,3273.4517105709187,3297.581530765063,372530
2021-11-29,3268.49609375,3288.3185432431114,3213.382022391418,3288.3185432431114,281082
2021-11-30,3284.150146484375,3302.212740718318,3243.023099301716,3254.9721096449284,633377
2021-12-01,3274.65576171875,3340.838915464455,3267.940181696839,3288.7816369372526,312855
2021-12-02,3314.717529296875,3341.3946361000585,3269.79261657621,3279.055485178409,377041
2021-12-03,3291.7919921875,3328.565536009607,3288.3184163955325,3294.802424540538,313990
2021-12-06,3238.484130859375,3317.1260223235995,3232.7411974566417,3293.8761312767383,165986
2021-12-07,3218.10595703125,3268.8665252362857,3211.436736467612,3243.9031380890783,254445
2021-12-08,3312.17041015625,3318.3764872088896,3226.2572994684247,3232.6949482479854,326189
2021-12-09,3356.77099609375,3366.5433680874467,3301.286501412673,3302.2127883098146,284117
2021-12-10,3364.69091796875,3373.537003390459,3338.7085243200436,3356.7711194782296,190379
2021-12-13,3324.2119140625,3388.681568914139,3313.281684065712,3372.6104017001912,311904
2021-12-14,3315.78271484375,3332.2706664138263,3281.880750974751,3316.1070057070383,297867
2021-12-15,3280.53759765625,3315.7364979480803,3261.9191415178716,3307.770340582229,152079
2021-12-16,3298.13720703125,3308.372496300118,3275.9524549924527,3288.3184754917957,121782
2021-12-17,3275.4892578125,3293.876142824496,3242.0040775831653,3284.6132740314015,307396
2021-12-20,3215.9755859375,3269.7929484360416,3177.2569721660575,3262.3826528021923,382144
2021-12-21,3247.330322265625,3280.306226592733,3205.9253427764365,3217.827993837682,222991
2021-12-22,3239.2255859375,3277.759214963987,3227.7397177833677,3262.382760558157,257611
2021-12-23,3292.579345703125,3297.581204263127,3243.8565666655813,3244.875572663925,163291
2021-12-24,3280.259765625,3302.212719400296,3259.6035230209377,3297.5812850112357,136780
2021-12-27,3254.23095703125,3283.2701406008878,3248.210092430689,3279.0554901516443,94111
2021-12-28,3288.920654296875,3299.434101591492,3252.286186498666,3270.7192062660183,99497
2021-12-29,3297.2109375,3306.65901864485,3265.346532474681,3288.920488835116,163737
2021-12-30,3310.45654296875,3321.664704515307,3266.1338520766476,3306.8441146457462,167005
2021-12-31,3340.1904296875,3356.122518510403,3305.9641753109836,3321.6646924180186,244207
2022-01-03,3350.889404296875,3358.7164838027506,3318.145070126416,3343.8958925890593,149689
2022-01-04,3370.248291015625,3375.2503756133083,3343.8954757774745,3355.937204637615,317247
2022-01-05,3389.931884765625,3417.072134259534,3365.2464310709743,3369.831505675301,245395
2022-01-06,3404.197021484375,3415.173385384951,3358.5310328255173,3389.932067768974,340345
2022-01-07,3461.8583984375,3466.165542017846,3411.375762937774,3413.367189293362,241905
2022-01-10,3490.52685546875,3499.5117928737995,3453.104730255436,3461.8583220873725,351447
2022-01-11,3467.416015625,3520.7700031942577,3462.55300959908,3490.526827605046,206008
2022-01-12,3427.44677734375,3482.607208033983,3418.9249830051017,3473.575910666251,311095
2022-01-13,3472.69580078125,3482.792237106473,3419.2027345689694,3427.4465971725544,129143
2022-01-14,3438.42333984375,3478.1145979084204,3422.908034235043,3472.695955218206,97013
2022-01-17,3394.98046875,3439.118176881414,3373.861307551196,3424.4827980821788,170221
2022-01-18,3354.918701171875,3422.352438117961,3344.914982766612,3397.6206211373387,168104
2022-01-19,3312.077880859375,3360.152309810483,3302.213015184767,3353.1587980277295,129227
2022-01-20,3339.403076171875,3356.863674428413,3312.865047349122,3325.3699203085,173547
2022-01-21,3351.583984375,3361.495209120683,3312.1240714018513,3340.190610109998,162594
2022-01-24,3264.095947265625,3359.22555979581,3246.635350004053,3343.8954674792103,240598
2022-01-25,3278.406982421875,3302.6292922714697,3177.3953596209362,3243.8564388579603,306411
2022-01-27,3236.585205078125,3274.424114511155,3182.3974227021977,3274.424114511155,353612
2022-01-28,3250.942626953125,3330.0013018654063,3236.58518044995,3236.58518044995,249034
2022-01-31,3274.7021484375,3367.9791947689423,3251.267044455167,3251.267044455167,462842
2022-02-01,3387.060546875,3436.524173633481,3283.7332047273326,3297.581147745335,631482
2022-02-02,3354.131103515625,3399.472800406639,3339.078941933443,3399.472800406639,209928
2022-02-03,3299.80419921875,3382.7995918196716,3292.949766954801,3355.010986191361,203975
2022-02-04,3299.43408203125,3328.7973328159806,3279.055769340434,3319.3028916759413,162672
2022-02-07,3194.393310546875,3315.9221148441165,3186.4271522086424,3299.3878020995085,279194
2022-02-08,3217.410888671875,3232.7409806715295,3166.4187543352996,3187.352926788176,363856
2022-02-09,3258.075439453125,3279.704103686685,3217.411307342863,3250.3408530925035,172750
2022-02-10,3274.00732421875,3282.6218373981487,3228.109764264135,3262.382378691042,172088
2022-02-11,3223.988037109375,3250.6651460684325,3176.237900377327,3241.0779858326823,340217
2022-02-14,3147.522705078125,3200.321055339883,3138.306196182335,3175.3113104790505,209831
2022-02-15,3221.533203125,3232.7413653652056,3149.375542189599,3172.532715293934,209065
2022-02-16,3206.804931640625,3240.8923314287954,3181.795187806339,3223.478094196815,190567
2022-02-17,3208.750244140625,3226.2569744746515,3177.163773312677,3225.8865502065973,173362
2022-02-18,3225.0068359375,3237.372857050897,3190.2710756687134,3195.689944728353,121161
2022-02-21,3219.07861328125,3242.0042145124453,3177.164130222196,3178.1831362901785,138287
2022-02-22,3232.509521484375,3240.1513879654253,3154.0067112699467,3154.0067112699467,246372
2022-02-23,3252.332275390625,3269.792874540996,3214.2156585431317,3239.920120942144,326853
2022-02-24,3191.984375,3245.7090104468953,3162.343196822403,3185.963510682676,529995
2022-02-25,3170.448486328125,3190.1320829491087,3103.4315386690937,3181.7955008508097,722637
2022-02-28,3174.80224609375,3186.4271928546777,3082.081055616146,3154.0071487413306,426929
2022-03-02,3141.7333984375,3168.7809290129917,3123.207661585211,3168.7809290129917,416582
2022-03-03,3118.252197265625,3186.010221155299,3103.0611822341853,3154.00696283803,429892
2022-03-04,3122.837158203125,3144.6048984531785,3033.589332720209,3103.0608441565496,331936
2022-03-07,2920.999267578125,3057.2561558014186,2907.1976837550155,3056.746652797102,711477
2022-03-08,2884.2255859375,2945.5920877659573,2825.174801159173,2885.3834444625654,541966
2022-03-09,2893.5810546875,2936.3290992232296,2865.6533725209656,2912.245642888907,483468
2022-03-10,2985.376220703125,3008.5797520119945,2912.986992312386,2987.2751540143727,490457
2022-03-11,2964.025146484375,3016.5457908313215,2957.4486456565664,3010.432207275771,362091
2022-03-14,2951.01123046875,2978.012403325802,2913.2650390424587,2964.02538058498,335292
2022-03-15,2985.283935546875,3009.506248412027,2947.1207329526105,2951.150171573013,258636
2022-03-16,3069.39013671875,3073.74386555493,2993.99048233551,3004.8743521374877,239522
2022-03-17,3108.572265625,3114.176346218103,3057.2560653092064,3077.1248727354364,436218
2022-03-21,2998.900146484375,3103.0610613599797,2991.9066352814134,3103.0610613599797,354460
2022-03-22,2925.584716796875,3010.4326949016627,2901.362402647918,2991.9069552407295,583821
2022-03-23,2873.572998046875,2939.895218139556,2864.0785590977316,2933.92048783667,1044283
2022-03-24,2875.0556640625,2899.2779758632055,2853.473134220992,2859.447639453583,459226
2022-03-25,2866.39453125,2892.5621336115487,2847.498370798826,2880.7519767935046,339040
2022-03-28,2866.6728515625,2889.042590584227,2834.4843805724217,2866.3949202531558,310240
2022-03-29,2875.009033203125,2902.982849510724,2862.41144218597,2882.6045397821863,359318
2022-03-30,2916.321533203125,2927.066551508137,2885.0593508887578,2893.3959328392557,450273
2022-03-31,2970.0458984375,2981.254059150195,2915.30248436615,2917.155057962018,413897
2022-04-01,2992.5087890625,2999.224369325457,2956.3835986824565,2973.3810543574414,260712
2022-04-04,3028.9580078125,3034.8861532110686,2978.012230922687,2991.906533710818,275388
2022-04-05,3059.895751953125,3070.5944098173927,3030.71771749289,3038.2207310975036,236853
2022-04-06,3040.536865234375,3052.1154519260517,3014.7396836276102,3040.073721766708,245111
2022-04-07,3051.28173828125,3077.125052083974,3024.9286953153332,3033.5895682043993,302703
2022-04-08,3101.115966796875,3107.0443389201396,3044.705182411607,3044.705182411607,168952
2022-04-11,3103.6630859375,3121.5868277653108,3054.014244185415,3101.115796983092,186130
2022-04-12,3097.595947265625,3116.862532840941,3058.877111685239,3093.7980807208123,238043
2022-04-13,3102.73681640625,3138.2600093905567,3093.798238301198,3093.798238301198,205852
2022-04-18,3097.410888671875,3119.641775809382,3062.351062768665,3098.4298947900556,197878
2022-04-19,3027.0126953125,3138.259836038262,3006.0787482675073,3097.410495648659,296680
2022-04-20,3060.636962890625,3089.1666430840896,3003.0219660805456,3025.252850468557,235572
2022-04-21,3112.231201171875,3121.5404295552485,3033.0336728423626,3053.9678468117263,152205
2022-04-22,3116.12158203125,3128.533734963192,3079.9036769067693,3095.0021973036123,148494
2022-04-25,3052.94873046875,3100.3284384088233,2901.176766179937,3038.2208600499885,630312
2022-04-26,3124.087890625,3151.2281429640384,3057.951094131611,3064.4351026562285,398545
2022-04-27,3092.17724609375,3135.2032274000744,3068.0010675290887,3103.061117176384,248769
2022-04-28,3110.37841796875,3141.548105103686,3022.56660847382,3028.957897064976,322548
2022-04-29,3037.526123046875,3122.420221558375,3025.715965825301,3112.4165045919694,259398
2022-05-02,3030.162353515625,3042.7597195539793,2966.8969135947586,3003.0221023647227,215783
2022-05-04,3135.897705078125,3330.927442468174,3082.8214244617825,3093.798013860873,2871830
2022-05-05,3035.4423828125,3171.18978269536,3019.695504415243,3158.6385490969255,623098
2022-05-06,3063.971923828125,3078.8388741454114,2952.1691376442777,3005.8010599354966,560373
2022-05-09,3012.331298828125,3092.223542373869,2987.2751934495645,3040.5366891467274,403409
2022-05-10,3007.23681640625,3075.8284074008193,2996.5381573543855,3020.6216170425505,285192
2022-05-11,3019.556396484375,3041.7409221803628,2959.486601455654,3001.1695113353117,269579
2022-05-12,2979.726318359375,3001.123411596919,2924.195233807567,2987.738610161125,310942
2022-05-13,3036.831298828125,3076.1984881525705,2987.274954619705,2987.274954619705,326757
2022-05-16,3042.759521484375,3091.8990831105352,3013.5814863002975,3091.019155849706,270772
2022-05-17,3120.521728515625,3133.535878607743,3043.2692649978985,3046.5576287375507,277190
2022-05-18,3144.141845703125,3179.6184509841696,3103.0609336315274,3103.0609336315274,435712
2022-05-19,3086.434326171875,3138.8158958638446,3064.2034404580854,3116.955434454246,394058
2022-05-20,3195.92138671875,3208.472619481851,3104.913698509166,3112.3239937323383,525530
2022-05-23,3230.009033203125,3277.2033092307147,3196.8479143534496,3196.8479143534496,524978
2022-05-24,3214.63232421875,3258.6773115061924,3186.4269333659186,3255.8984508084895,230532
2022-05-25,3257.2880859375,3265.161525075981,3216.2071689160675,3234.3161241634293,286553
2022-05-26,3298.461181640625,3314.115565416619,3254.508914926046,3288.3183856517617,545260
2022-05-27,3295.358642578125,3319.210532255745,3251.498863722925,3318.886241355812,165721
2022-05-30,3312.63330078125,3350.981485374888,3280.5375523372863,3298.877850794267,213495
2022-05-31,3378.9091796875,3427.2613074995907,3293.1812874291677,3312.9576019179794,562987
2022-06-01,3289.522705078125,3399.241342883414,3272.571609621119,3380.113608903339,241386
2022-06-02,3313.374755859375,3319.6271927268376,3247.330451571252,3306.8443876800598,213099
2022-06-03,3269.792724609375,3331.9466654413823,3235.5201096488804,3311.4756346964637,271462
2022-06-06,3234.5478515625,3274.424552229399,3195.7365166345257,3269.7931172191734,153889
2022-06-07,3134.04541015625,3222.459450761829,3106.766305800776,3209.5841531304977,338018
2022-06-08,3113.71337890625,3151.7838605205943,3066.0096040992676,3135.481120808465,320103
2022-06-09,3100.513671875,3132.748499621215,3062.3043391496753,3113.3889686871667,347351
2022-06-10,3113.111328125,3123.670908021347,3057.7656874535564,3071.5672714059715,503822
2022-06-13,3111.397705078125,3126.2182955161275,3066.8895741901465,3092.8719670306223,463899
2022-06-14,3133.48974609375,3142.8914677189646,3084.581752295619,3111.907215984894,224645
2022-06-15,3135.8515625,3152.061583155391,3104.960030251855,3138.259998883648,245702
2022-06-16,3140.483154296875,3178.92406234823,3123.4859246161527,3149.4683185399595,481507
2022-06-17,3086.48046875,3140.4828105843512,3057.024502021287,3140.4828105843512,527370
2022-06-20,3183.533935546875,3203.60397908065,3082.0990558352046,3109.4718770038844,364703
2022-06-21,3231.306396484375,3272.342044967107,3180.188567914903,3183.533651553785,223641
2022-06-22,3207.13720703125,3255.4282435879677,3190.694744007758,3215.0052045174966,170854
2022-06-23,3214.487060546875,3248.785614402499,3194.7466721709743,3217.784985145783,351311
2022-06-24,3269.04443359375,3302.5889014900936,3231.023980648618,3231.023980648618,301133
2022-06-27,3259.38623046875,3303.5311708108266,3248.2203075292373,3299.8092731793135,419730
2022-06-28,3236.39453125,3269.5621823090264,3192.4380020116464,3255.522538920375,182574
2022-06-29,3207.608642578125,3256.088320583222,3166.0077694117313,3236.3948604191223,374478
2022-06-30,3266.264404296875,3282.0473290352993,3184.8528725894953,3184.8528725894953,479308
2022-07-01,3377.404541015625,3392.15088269603,3215.0052254885704,3215.0052254885704,292487
2022-07-04,3486.801513671875,3499.050948274654,3368.594515764058,3368.594515764058,614359
2022-07-05,3445.483154296875,3499.5690240397653,3426.0724209500772,3494.857703328888,612519
2022-07-06,3609.625732421875,3619.1424627860306,3431.9617720416927,3439.4055671811293,1043070
2022-07-07,3590.261962890625,3657.9637338099114,3580.4625077885867,3606.987151484893,519620
2022-07-08,3596.5751953125,3628.612177249631,3573.5368822519977,3608.8717888003034,379513
2022-07-11,3576.26953125,3618.6714211817753,3561.7587542691163,3608.118107918862,208602
2022-07-12,3510.4052734375,3569.1555382641927,3501.595011158704,3564.5854648809723,283587
2022-07-13,3510.87646484375,3544.892295020854,3497.7790842741583,3515.634945138161,164377
2022-07-14,3556.246337890625,3570.2390532765617,3498.674133306048,3510.876408685265,265732
2022-07-15,3626.680419921875,3639.7780297241543,3560.9105658343788,3566.4698323397247,660790
2022-07-18,3557.0,3655.984894770762,3541.9709328462095,3637.139611808026,455399
2022-07-19,3568.778564453125,3577.871552178709,3526.2354270522806,3557.0002617347322,228968
2022-07-20,3607.269775390625,3626.7745966590687,3574.808822476543,3585.3149753930256,440495
2022-07-21,3632.8994140625,3642.5576215567658,3600.391301033021,3622.0633763860073,282104
2022-07-22,3647.9287109375,3702.156061951666,3621.7337200259203,3637.139831797768,433423
2022-07-25,3661.54443359375,3688.9644143621713,3627.7172401773587,3647.928761649352,290157
2022-07-26,3587.34130859375,3674.8306377174013,3576.3640219118965,3674.8306377174013,267527
2022-07-27,3632.004638671875,3640.814671207314,3562.8423060692685,3580.6040788468026,200264
2022-07-28,3645.9501953125,3657.869745820172,3614.902404855916,3640.4378575415335,316008
2022-07-29,3675.20703125,3721.3310458376986,3653.0638235285364,3658.8117269125178,418970
2022-08-01,3633.040771484375,3689.906506419215,3616.598307652455,3675.207093282705,323129
2022-08-02,3569.437744140625,3683.310455379008,3541.122891291414,3651.273475209429,355859
2022-08-03,3552.336181640625,3574.338143643049,3510.923714338452,3561.7588240322443,428088
2022-08-04,3557.094482421875,3573.065814460112,3510.876377816028,3545.504586856484,506667
2022-08-05,3475.16455078125,3614.4310100047396,3466.448607275499,3528.7792896256688,798850
2022-08-08,3421.738037109375,3488.1676615251595,3404.2120614607,3475.1645999308075,310094
2022-08-10,3437.14404296875,3462.6323341596494,3414.812428688972,3429.8414958279077,191222
2022-08-11,3430.124267578125,3470.1704943772042,3422.4918358643163,3454.3404104805763,167070
2022-08-12,3448.451416015625,3455.5655567553845,3399.3593590343426,3439.2643400388088,228587
2022-08-16,3477.37890625,3508.9447572710615,3462.8209702209233,3465.6949220691486,239514
2022-08-17,3491.277099609375,3500.4641751167105,3468.6156006822894,3479.7815229322655,353941
2022-08-18,3479.828857421875,3511.7715218536764,3468.5216869971705,3497.684718041893,232262
2022-08-19,3451.08984375,3495.2819433782824,3432.150241026465,3479.82890228329,177955
2022-08-22,3464.187255859375,3517.472343667023,3425.177609053949,3451.0898751806144,366371
2022-08-23,3466.30712890625,3491.041563174205,3427.95702349788,3439.264193448945,189150
2022-08-24,3447.8857421875,3475.070154694347,3426.4963921792564,3464.7052491353347,187721
2022-08-25,3436.060546875,3465.8359560353997,3429.8415114571217,3465.129257921775,208578
2022-08-26,3439.405517578125,3456.2250252725335,3417.686512183201,3453.256985112328,220796
2022-08-29,3493.585693359375,3514.6453897907186,3378.25264979817,3409.11180167904,525684
2022-08-30,3531.37060546875,3548.7081744848833,3502.3959817296627,3502.3959817296627,467342
2022-09-01,3503.4794921875,3529.156191263546,3460.0884104454226,3514.6454148128687,314888
2022-09-02,3490.382080078125,3541.876725368979,3486.3774573230917,3521.005665851909,202152
2022-09-05,3451.13671875,3500.5112674901566,3446.8965301352746,3468.474286845563,234232
2022-09-06,3400.443115234375,3479.4049017668362,3387.43982317259,3459.994167090334,390746
2022-09-07,3456.13037109375,3462.6321313556386,3380.843562159513,3392.1507312637254,287734
2022-09-08,3460.6064453125,3474.1280283004107,3423.15144419372,3470.3589715840553,384831
2022-09-09,3438.793212890625,3486.377555198058,3431.584983747191,3472.714724238498,134487
2022-09-12,3438.793212890625,3438.793212890625,3438.793212890625,3438.793212890625,0
2022-09-13,3540.74609375,3547.624668332387,3453.398249518778,3453.398249518778,398871
2022-09-14,3530.6640625,3544.515300643326,3493.9157576060848,3493.9157576060848,389253
2022-09-15,3506.683349609375,3570.2390233482943,3498.6741039776884,3547.624682741179,311462
2022-09-16,3429.417724609375,3525.3871956179732,3412.0329960802596,3489.7226335762593,559137
2022-09-19,3384.94287109375,3431.867443943371,3358.3239075994106,3425.130346970756,211795
2022-09-20,3439.82958984375,3453.398101553563,3394.0354602444563,3401.9034578962655,346604
2022-09-21,3548.23681640625,3570.2387757809174,3427.014628533966,3435.495005673588,773841
2022-09-22,3605.055419921875,3614.0069292009675,3534.4327690395007,3546.682202789838,687172
2022-09-23,3577.494140625,3620.9326086020574,3563.9727885215425,3605.0553661521803,326581
2022-09-26,3568.825439453125,3606.845889618153,3557.518269743967,3577.4942235544886,626882
2022-09-27,3603.359375,3665.2191547799744,3580.603787683103,3586.6813454716257,584760
2022-09-28,3630.732421875,3644.67797824543,3576.4581411980193,3597.4704491255543,364917
2022-09-29,3641.3798828125,3649.3891282527657,3590.026485577856,3647.928572781136,450207
2022-09-30,3621.16845703125,3663.1933020598085,3599.4963805676307,3646.5624310524536,309896
2022-10-03,3551.346435546875,3654.2887943231863,3537.0712256384413,3639.0241610445237,251830
2022-10-04,3597.7060546875,3605.715300591143,3557.5657367738722,3587.199900608358,153835
2022-10-06,3550.02734375,3625.5025641254497,3543.5727423055923,3615.7031089850657,308216
2022-10-07,3567.08251953125,3575.8927821719844,3516.7657012546483,3557.9897616551816,318472
2022-10-10,3578.577880859375,3591.9108261420006,3502.3957347245055,3533.4904506905827,185199
2022-10-11,3512.66650390625,3600.108664806138,3503.3381806503144,3596.4810857821467,202644
2022-10-12,3545.739990234375,3556.4817095075614,3511.206101215396,3530.239791003038,271156
2022-10-13,3566.093017578125,3574.9502086284347,3532.454003165764,3553.7492651139014,156770
2022-10-14,3577.070068359375,3594.6432017019247,3551.628937810622,3580.697877140786,350141
2022-10-17,3559.591552734375,3582.394301200745,3535.8936992542076,3582.394301200745,93315
2022-10-18,3549.367919921875,3585.268047167773,3532.1715986297486,3577.400279288492,189866
2022-10-19,3550.92236328125,3570.709909952049,3525.952363910956,3552.3357594720214,182278
2022-10-20,3571.322265625,3583.3361331658484,3531.276040488837,3545.739886761879,230082
2022-10-21,3573.72509765625,3594.3136607869174,3544.4208214221435,3574.0078229024857,404955
2022-10-24,3573.72509765625,3573.72509765625,3573.72509765625,3573.72509765625,0
2022-10-25,3498.72119140625,3585.220858417609,3476.9547970005374,3584.372912680229,228569
2022-10-27,3538.48486328125,3552.241782834798,3487.6025955176356,3499.5693050752684,317971
2022-10-28,3559.591552734375,3573.065977296996,3516.530123225841,3549.5093714340146,215005
2022-10-31,3549.085205078125,3580.6038959957255,3523.455665305254,3569.2967257978444,198318
2022-11-01,3569.296875,3588.7076100024146,3538.2493148761414,3561.7587612196407,338873
2022-11-02,3508.94482421875,3575.327293041464,3499.852066440772,3569.296894003061,185469
2022-11-03,3537.306884765625,3543.4316019249377,3491.512753679546,3492.973309164991,140994
2022-11-04,3584.56103515625,3594.6903742084887,3529.862558265172,3531.6529980781165,258490
2022-11-07,3900.266845703125,3948.0867508597194,3703.145233411435,3703.145233411435,3142443
2022-11-09,3934.282958984375,3992.3734554795587,3900.9738271619954,3900.9738271619954,1198458
2022-11-10,3895.932373046875,3947.756901260525,3871.1036206938065,3912.846198563478,417581
2022-11-11,3862.010986328125,3935.8374767915548,3849.1491722991386,3915.437549328445,344558
2022-11-14,3867.005126953125,3913.6941313628136,3839.349582243316,3863.2829995395537,336120
2022-11-15,3900.361328125,3913.7885926990334,3847.500215573451,3886.3686130246,325881
2022-11-16,3892.96435546875,3905.6849215582643,3857.3938836258494,3888.488600733551,149924
2022-11-17,3887.0283203125,3910.3962875854745,3868.135647736596,3882.128362614977,238478
2022-11-18,3868.983642578125,3899.0891670898145,3826.6291438469966,3899.0891670898145,281217
2022-11-21,3882.17529296875,3909.4540246095517,3858.6660780817533,3880.2438354644814,288522
2022-11-22,3917.557373046875,3923.8233373880544,3870.4441673389074,3895.272918764986,319387
2022-11-23,3915.248779296875,3951.902762605691,3900.502437410889,3919.818852428868,247440
2022-11-24,3949.217529296875,3966.5077076759817,3915.248632013537,3931.1258743148837,231515
2022-11-25,3942.150634765625,3968.8165256766342,3908.7941164066724,3968.8165256766342,244021
2022-11-28,3969.8056640625,3985.1174560022114,3920.761000685417,3928.157866040427,222792
2022-11-29,4037.931396484375,4053.620001123468,3981.065668234926,3981.065668234926,598884
2022-11-30,4110.4384765625,4134.560529406492,4042.3598957156446,4049.804150136209,1101544
2022-12-01,4147.140625,4155.856569511502,4085.0455015252373,4112.559342199454,501703
2022-12-02,4176.9619140625,4187.468065444519,4127.398736588098,4145.961521070643,530333
2022-12-05,4149.119140625,4172.015976558173,4117.694537661699,4167.4932924520945,212913
2022-12-06,4168.90673828125,4194.6303671088535,4129.048686251844,4144.9259301654865,349352
2022-12-07,4139.88427734375,4178.941308558911,4130.2734595200545,4168.906287851715,252294
2022-12-08,4141.15673828125,4186.149852719983,4131.074787644225,4139.884589624682,282421
2022-12-09,4155.66796875,4170.8385156712575,4131.075239121666,4147.847359264435,233437
2022-12-12,4176.6328125,4182.757529531389,4130.886071632285,4163.912246357884,233360
2022-12-13,4170.9794921875,4194.960300583284,4155.38520340797,4194.960300583284,158169
2022-12-14,4155.1025390625,4189.306544764483,4136.634069114378,4183.652959683829,195654
2022-12-15,4207.6337890625,4226.054869843794,4157.269584336861,4172.628306516819,370501
2022-12-16,4188.08154296875,4218.657737789639,4161.698147452716,4202.026867991263,346508
2022-12-19,4265.15869140625,4275.052465019365,4168.105483582359,4197.786804421704,330662
2022-12-20,4248.71630859375,4272.17905580688,4209.141211247203,4267.514663869341,206833
2022-12-21,4163.7236328125,4268.456191045,4151.756695216667,4248.715574955543,303234
2022-12-22,4137.90625,4189.636461872852,4124.290348455417,4187.422049014364,243325
2022-12-23,4081.794189453125,4144.973280016344,4074.444712740821,4122.54711603814,224215
2022-12-26,4122.7353515625,4145.86775134768,4064.738719737032,4066.340752754495,166686
2022-12-27,4116.98779296875,4145.962416676203,4098.849207395791,4127.7769019299385,138087
2022-12-28,4132.72314453125,4152.9818213631,4110.155736768664,4110.155736768664,159245
2022-12-29,4097.2470703125,4136.304103851204,4048.4848999441874,4122.405707466033,244626
2022-12-30,4058.755859375,4122.358688911126,4050.369340445714,4103.748972120926,117753
2023-01-02,4044.3388671875,4127.069933315936,4028.273447911729,4127.069933315936,255314
2023-01-03,3996.943115234375,4047.6367404205807,3963.4453500011055,4009.428114717529,496975
2023-01-04,3990.488525390625,4029.1213540898025,3972.9153916710525,4009.286878513136,216319
2023-01-05,4064.174072265625,4133.712985176546,3990.488828863158,3990.488828863158,686633
2023-01-06,4107.37646484375,4116.752177413772,4061.158591131462,4064.174020525118,297438
2023-01-09,4112.3232421875,4134.5607681259,4085.845987667751,4127.116973365439,170110
2023-01-10,4077.035888671875,4111.098647006694,4068.036989633978,4108.271854446295,235445
2023-01-11,4065.2099609375,4106.99946721262,4049.8512396207834,4076.2346353186385,224668
2023-01-12,4051.02880859375,4090.274015145974,4036.659281506222,4069.9210191876305,248083
2023-01-13,4085.751708984375,4118.35414088083,4039.9106496992495,4055.504937483763,183772
2023-01-16,4060.78173828125,4095.5042647861483,4051.7359102775295,4085.751738658542,84814
2023-01-17,4110.203125,4120.474172240783,4043.9621397175883,4060.216196200405,169798
2023-01-18,4140.02587890625,4166.691768376641,4104.078136125259,4108.271395323871,192855
2023-01-19,4119.95556640625,4145.915219093069,4105.539109335751,4126.9282289103485,139431
2023-01-20,4069.591552734375,4110.155836548822,4063.843649940851,4110.155836548822,154486
2023-01-23,4087.40087890625,4105.869349365866,4069.78035421423,4080.004012869548,119143
2023-01-24,4142.240234375,4154.39581028068,4073.5966574323866,4099.602780539603,135586
2023-01-25,4134.79638671875,4187.421932136788,4108.271742600449,4130.886082467975,288089
2023-01-27,4127.494140625,4182.710916514984,4102.429820091736,4178.941859595395,340484
2023-01-30,4152.32275390625,4162.923226132141,4070.581334742157,4142.664545878216,218721
2023-01-31,4068.31982421875,4162.9230537481435,4017.8143732870267,4162.9230537481435,605699
2023-02-01,4118.58935546875,4187.8926943646275,4077.0354176140136,4079.909139015751,622541
2023-02-02,4309.02099609375,4330.646142919102,4117.6944396336985,4258.044872361532,1669243
2023-02-03,4361.60009765625,4390.7159718445955,4306.242071293061,4324.9930384176605,517467
2023-02-06,4358.583984375,4367.676741218734,4334.4150014393035,4339.126322093042,315190
2023-02-07,4340.86962890625,4394.719932284942,4331.305739939521,4371.163328874323,327040
2023-02-08,4329.51513671875,4372.341226415094,4313.685283018868,4339.079485922759,252710
2023-02-09,4369.60888671875,4387.276340092043,4310.999870692441,4329.56265907262,284415
2023-02-10,4355.8046875,4399.6199706486095,4331.6352438848,4390.950956398293,207919
2023-02-13,4323.1083984375,4368.337082640856,4314.62802014937,4334.415569488339,185536
2023-02-14,4334.27392578125,4357.029513423555,4316.512154194053,4325.275026921673,245495
2023-02-15,4323.53173828125,4334.273456617184,4268.644856429037,4334.273456617184,197822
2023-02-16,4308.03173828125,4351.28157119483,4303.320417482605,4331.588342274476,160313
2023-02-17,4271.51904296875,4323.108006207605,4254.134085019412,4306.147251170173,203456
2023-02-20,4196.65625,4282.590931944304,4187.422244567764,4273.403855687658,308681
2023-02-21,4243.34521484375,4266.430685772999,4193.640782536899,4197.739723474971,229380
2023-02-22,4225.583984375,4278.727595494202,4219.17677157884,4244.900401295434,262918
2023-02-23,4194.48876953125,4236.41952326463,4169.330133255259,4230.76593849159,210031
2023-02-24,4186.05517578125,4235.995172870829,4164.477420000146,4202.497868292926,234456
2023-02-27,4134.890625,4211.920718680567,4122.40562510682,4172.8636859221615,162723
2023-02-28,4204.14697265625,4216.867538382895,4127.116880200454,4136.53952147945,349283
2023-03-01,4126.92822265625,4197.362465863757,4103.701504037908,4182.710442784311,331092
2023-03-02,4140.4970703125,4150.673338502612,4092.2998937810175,4136.539377077518,147032
2023-03-03,4157.22265625,4188.128737490972,4127.493945150684,4145.962415200017,212204
2023-03-06,4070.439697265625,4135.597168288695,4032.7960621307525,4135.597168288695,681562
2023-03-08,4089.096923828125,4117.694735577185,4057.1542580575438,4070.440275881403,228626
2023-03-09,4043.915283203125,4098.849099745352,4028.3679245489184,4089.096573662456,242653
2023-03-10,4062.1005859375,4109.9204896109695,4035.481624779362,4058.7083431170677,367075
2023-03-13,4058.897216796875,4095.1269979552303,4042.3132754437365,4060.2162946123685,282671
2023-03-14,4045.0927734375,4093.1008523446126,4030.0634772989238,4065.869512402351,197998
2023-03-15,3998.121337890625,4074.0205355225416,3992.938884766188,4065.8700421720973,195193
2023-03-16,4062.289306640625,4070.58104695958,4004.6225577727346,4017.767326439505,260044
2023-03-17,4110.67431640625,4117.694368415833,4057.012648688742,4076.187816312507,294948
2023-03-20,4081.7470703125,4114.490749686379,4016.4009591699564,4112.60622137709,176552
2023-03-21,4018.473876953125,4132.770327838934,4014.045051662986,4103.560140843264,231876
2023-03-22,3999.3935546875,4031.94859946939,3985.777652665464,4031.94859946939,146015
2023-03-23,3997.744384765625,4009.805182125779,3954.4471620459085,4004.6227291821315,197372
2023-03-24,3957.462158203125,3997.0841782443013,3947.9451990940915,3997.0841782443013,198393
2023-03-27,3971.455078125,4000.1941370354843,3956.3788504998274,3980.1710222208026,283791
2023-03-28,3957.509765625,3985.306560407366,3913.223346819196,3985.306560407366,224554
2023-03-29,4029.310302734375,4049.8045488130642,3956.5203942479966,3962.2209085465543,316461
2023-03-31,4072.607421875,4083.5847086006515,4011.26592589036,4030.4884850670956,244995
2023-04-03,4074.396728515625,4095.079608688415,4035.1045932298557,4093.1950805666074,365323
2023-04-05,4077.69482421875,4107.234895788388,4047.0243117824098,4083.7726117031348,390846
2023-04-06,4051.546875,4077.9302690306545,4040.7108381659814,4077.9302690306545,208718
2023-04-10,4020.07568359375,4051.5472142331428,3998.026794468541,4051.5472142331428,253654
2023-04-11,4030.393798828125,4056.729806712899,4012.396460898517,4020.0758219789445,248398
2023-04-12,4024.6923828125,4050.604645025019,4016.871774980675,4030.3933565531843,325329
2023-04-13,4086.894287109375,4169.126526580192,4046.9757242594637,4062.74191866056,454438
2023-04-17,4158.20068359375,4221.839671539537,4082.5814468637977,4100.120343892428,631457
2023-04-18,4122.97900390625,4192.991394884287,4111.621633769719,4170.037517599407,190132
2023-04-19,4115.3115234375,4146.12463069172,4092.8845905981098,4146.12463069172,347248
2023-04-20,4079.418701171875,4138.936675407334,4069.738565797405,4116.4138059220795,164008
2023-04-21,4147.84912109375,4154.749931007903,4071.6547451963734,4081.910024489656,273401
2023-04-24,4131.74853515625,4159.015770787735,4118.3306554317805,4147.849803634211,182843
2023-04-25,4219.49169921875,4227.590535247796,4131.748537169179,4133.665377130751,353719
2023-04-26,4221.83984375,4238.947733307318,4189.061694548106,4217.047744040863,306037
2023-04-27,4232.23876953125,4245.177438671988,4214.172460135336,4223.756659498847,179769
2023-04-28,4364.21337890625,4375.04380612789,4225.338408930117,4232.335155997945,482939
2023-05-02,4323.48046875,4414.243032354364,4312.890114659857,4375.427021322425,261449
2023-05-03,4338.86279296875,4358.893675144942,4258.595126897205,4303.305321328229,525015
2023-05-04,4396.3203125,4404.898358766901,4322.474238041497,4338.815111993905,244670
2023-05-05,4433.650390625,4444.145275563324,4393.780029789793,4403.603833616837,332347
2023-05-08,4407.19775390625,4504.573304466578,4383.380926988009,4447.068113345727,831450
2023-05-09,4404.08349609375,4440.599391081608,4392.007310699068,4431.734006229181,367650
2023-05-10,4413.47607421875,4473.7123928510155,4395.793039197161,4437.196967649499,368807
2023-05-11,4442.419921875,4458.569390843806,4413.523655381712,4418.507626071034,282060
2023-05-12,4424.5458984375,4480.613468037542,4410.505139133363,4441.318248317854,311033
2023-05-15,4438.29931640625,4484.447145455058,4429.290262071353,4454.5924562807395,276965
2023-05-16,4415.3447265625,4466.428790135073,4375.187024685183,4439.401160644418,263119
2023-05-17,4439.30517578125,4446.30192205042,4393.061414204481,4418.315872930702,268353
2023-05-18,4374.56396484375,4461.923845146697,4368.4779048821065,4456.652535695875,155214
2023-05-19,4312.74609375,4402.118753841867,4297.69871338496,4397.230718514604,367664
2023-05-22,4311.88330078125,4351.465854583046,4298.513156281034,4312.8894544625755,172174
2023-05-23,4333.63916015625,4391.048417416936,4299.471585003529,4300.430004884271,297514
2023-05-24,4331.8662109375,4379.883143009734,4314.183644022151,4349.50151202624,302733
2023-05-25,4373.5576171875,4509.7973889126715,4344.7572845749,4389.563417714232,861989
2023-05-26,4405.08984375,4431.925601633391,4373.413784461268,4391.480093632032,231911
2023-05-29,4385.0107421875,4432.788068830143,4376.145357921016,4419.705730508269,194968
2023-05-30,4383.09423828125,4431.25484298767,4373.270433341135,4392.438833224287,199772
2023-05-31,4463.4091796875,4488.56770190233,4375.4264206190255,4380.93733500894,1536463
2023-06-01,4442.51611328125,4461.44490746437,4396.799294062774,4461.44490746437,188427
2023-06-02,4460.63037109375,4522.496663181679,4442.612262197545,4444.193561609531,359550
2023-06-05,4487.8974609375,4516.554124545814,4463.40954983058,4466.141140350409,349558
2023-06-06,4509.74951171875,4521.53835886481,4478.744530178996,4487.897722244805,185910
2023-06-07,4689.6923828125,4703.877278551275,4518.949966026924,4518.949966026924,1390193
2023-06-08,4672.3447265625,4710.394183623124,4654.566224684002,4698.078394364466,381452
2023-06-09,4675.89111328125,4772.931128699078,4635.014597913286,4683.126996375339,820375
2023-06-12,4696.49755859375,4705.842153501416,4662.7132539275735,4695.299533605587,233763
2023-06-13,4734.6904296875,4745.75999278089,4688.877675860352,4701.002062459807,326814
2023-06-14,4736.17578125,4770.056019569785,4717.342923110807,4741.303421501252,234174
2023-06-15,4768.57080078125,4811.172287427061,4709.963045554303,4744.1788254870935,452909
2023-06-16,4834.94140625,4848.263350227379,4763.347247352914,4768.570823376924,407485
2023-06-19,4812.2744140625,4853.822013451681,4794.304039584351,4840.020859448163,197576
2023-06-20,4846.20263671875,4852.000890097252,4799.814737776814,4812.274196852619,251372
2023-06-21,4858.7578125,4873.805193346688,4835.851668620457,4859.764434264049,272200
2023-06-22,4779.68798828125,4861.010014018966,4768.139215162552,4854.397010009715,145196
2023-06-23,4764.11376953125,4779.5926263315805,4739.674060450935,4765.311794486167,191942
2023-06-26,4800.91748046875,4813.185068841103,4746.383010025206,4771.925276499725,179192
2023-06-27,4748.251953125,4828.327751336764,4743.363917870942,4792.626608832065,175475
2023-06-28,4784.576171875,4811.220527896236,4753.667127763459,4781.55724255748,253814
2023-06-30,4815.62890625,4823.104862854607,4749.018717876081,4782.707554436484,196106
2023-07-03,4800.05419921875,4838.6788019858095,4782.611237821324,4825.644197746748,139105
2023-07-04,4801.8271484375,4815.963841314957,4765.790468252498,4800.053978108028,121493
2023-07-05,4884.2041015625,4902.701419787743,4754.242260065405,4815.868476930492,186513
2023-07-06,4958.43359375,5051.2089303489065,4908.0688100435755,4982.825569891925,966410
2023-07-07,4844.33349609375,4973.76791937767,4833.215731402063,4958.4332006245795,224712
2023-07-10,4822.62548828125,4887.414770084216,4783.953149949409,4862.064375376811,308544
2023-07-11,4872.5107421875,4942.7632002917735,4840.020401798839,4840.020401798839,385742
2023-07-12,4862.9267578125,4902.174240883819,4832.688796407757,4872.510957050577,180640
2023-07-13,4878.693359375,4933.946178991979,4860.579314900978,4878.261883181933,232034
2023-07-14,4919.76171875,4935.862987517876,4873.6616232708775,4905.193547595435,220335
2023-07-17,4929.58544921875,4982.82549208803,4908.164669000974,4935.8151791088385,272290
2023-07-18,4853.58203125,4945.97361579084,4841.937323088858,4935.862473061682,189358
2023-07-19,4855.25927734375,4930.111965122189,4840.1164301166045,4870.642197524339,353528
2023-07-20,4842.46435546875,4882.191048146135,4807.482028563109,4859.188970180781,327126
2023-07-21,4837.1455078125,4896.519811153884,4792.099769974738,4851.090330951729,438176
2023-07-24,4762.29248046875,4838.103587087143,4738.619790059104,4837.145167200636,224646
2023-07-25,4682.45654296875,4798.808629853217,4672.297198029645,4798.808629853217,396810
2023-07-26,4776.3818359375,4787.259996146809,4677.089433868686,4696.25783318782,231869
2023-07-27,4670.763671875,4807.434449788858,4565.720752183437,4758.55503253622,558492
2023-07-28,4699.46875,4753.188003230239,4649.295369944477,4700.091629397591,357681
2023-07-31,4594.61767578125,4706.22540228381,4567.110835011372,4701.1459635530555,800189
2023-08-01,4617.04443359375,4642.1070216572525,4552.5906920418865,4624.4721881963815,413904
2023-08-02,4609.47265625,4637.793776372487,4571.662804979698,4637.793776372487,395487
2023-08-03,4599.4091796875,4618.242036362713,4571.662737516852,4609.951798159761,239070
2023-08-04,4598.9775390625,4631.084603261436,4568.451773982154,4590.830970534412,401478
2023-08-07,4465.9970703125,4614.791757831362,4426.174911182411,4553.4528850377565,1079453
2023-08-08,4413.85888671875,4482.961050511963,4404.94530145406,4440.119496637795,533341
2023-08-09,4409.59423828125,4440.695152736748,4384.771255262457,4427.804217264854,912658
2023-08-10,4351.658203125,4426.606365079476,4342.8882858894385,4409.690345959207,587011
2023-08-11,4322.7607421875,4371.352814424104,4302.969466430443,4351.225998133179,1112908
2023-08-14,4312.50634765625,4336.850119927107,4269.760725806687,4331.770681563665,557851
2023-08-16,4311.4521484375,4324.917761554105,4237.557876639172,4301.963884520798,518358
2023-08-17,4314.42333984375,4336.850273074559,4286.341354526029,4311.4521444035145,394002
2023-08-18,4346.48193359375,4365.41072641533,4275.511127952831,4311.93108376144,423415
2023-08-21,4322.953125,4370.394911872298,4311.452085758231,4366.513498319595,244783
2023-08-22,4324.05517578125,4336.802441614323,4303.305477929912,4336.658304242297,217446
2023-08-23,4324.82177734375,4365.6023541854365,4298.225626887406,4365.6023541854365,346764
2023-08-24,4353.90966796875,4369.91546724545,4327.697258487243,4349.5967784846825,357303
2023-08-25,4337.6171875,4370.443073549578,4318.83252928219,4355.6357648632375,333873
2023-08-28,4323.38427734375,4337.616437956671,4299.088240169576,4336.849889256027,343698
2023-08-29,4342.361328125,4351.226712947636,4299.567969576844,4323.3847996960585,340257
2023-08-30,4361.5771484375,4369.00490275567,4324.103304260225,4363.638125631125,367571
2023-08-31,4281.98046875,4384.7710020773875,4257.301156552515,4375.090867580934,874564
2023-09-01,4297.890625,4305.174710264207,4241.966726949377,4288.9293048121235,383124
2023-09-04,4319.791015625,4323.432824605942,4264.729596827819,4297.891023992882,394391
2023-09-05,4327.2177734375,4350.267583023328,4298.512912504875,4319.790019798278,453349
2023-09-06,4379.16455078125,4399.147700926913,4315.812896612288,4332.058302437831,300673
2023-09-07,4342.3134765625,4399.5308670790555,4333.016615809202,4399.14759269282,479124
2023-09-08,4351.70556640625,4359.4688612105965,4326.115567823375,4351.897437578097,278293
2023-09-11,4378.5888671875,4383.812442619429,4351.226167357282,4352.088651636179,302448
2023-09-12,4377.24755859375,4384.196103195608,4321.419596792619,4378.58925292117,321129
2023-09-13,4416.638671875,4437.915781654279,4359.948226233154,4377.247518893622,435792
2023-09-14,4384.14892578125,4439.354015219841,4363.351023142078,4426.9422881644405,473085
2023-09-15,4344.37353515625,4398.428321405254,4330.716052216767,4392.438197308989,408326
2023-09-18,4405.08984375,4411.606912044575,4332.058058318809,4351.226456806946,304844
2023-09-20,4339.14990234375,4405.856016992887,4320.26931222919,4405.089468310085,357295
2023-09-21,4369.0048828125,4375.857959534952,4291.804346442928,4332.0579825641,367638
2023-09-22,4374.8515625,4381.896042778643,4322.474005453124,4369.005107167435,210753
2023-09-25,4380.0263671875,4394.354930871026,4323.000387168563,4383.860046516505,498354
2023-09-26,4408.875,4417.357109307855,4360.283394164826,4380.218339946675,330231
2023-09-27,4434.94482421875,4441.365957350015,4379.0209243339505,4409.882235133048,358156
2023-09-28,4336.4189453125,4441.605538408455,4317.729755650804,4434.944800316134,390490
2023-09-29,4348.4951171875,4370.826583501035,4314.375272315363,4365.603007420403,230125
2023-10-03,4308.529296875,4363.925784663791,4300.047186435446,4336.658548974352,543482
2023-10-04,4344.03857421875,4351.226724093353,4281.022460318059,4303.30572492933,318564
2023-10-05,4345.3798828125,4359.085568143711,4312.889541859518,4351.465942761706,302015
2023-10-06,4349.7412109375,4360.283830391544,4327.266075909982,4345.332385570111,238131
2023-10-09,4334.4541015625,4346.434350599433,4306.659923796814,4323.432272448521,255764
2023-10-10,4341.5947265625,4353.095766192618,4315.765121201793,4334.166971801382,222750
2023-10-11,4365.55517578125,4378.973055196009,4332.681090427993,4333.975050967258,368192
2023-10-12,4371.11376953125,4400.6811184665385,4342.600776132455,4391.480193387532,518582
2023-10-13,4384.4833984375,4391.479676028975,4327.2655472000915,4360.810241364434,445822
2023-10-16,4395.36181640625,4400.537658745018,4365.603062850888,4370.347429001922,292118
2023-10-17,4409.0673828125,4418.220106293554,4372.503754716671,4395.505833893518,196669
2023-10-18,4416.111328125,4430.774964632276,4395.553035160021,4413.523407339743,217179
2023-10-19,4411.080078125,4424.066481232717,4372.024465232835,4408.77949586635,228881
2023-10-20,4389.5634765625,4416.39923580786,4369.197052135218,4411.607135942617,351045
2023-10-23,4342.2177734375,4408.732028268279,4328.56028834993,4382.56734929192,203004
2023-10-25,4345.236328125,4394.9304947536775,4284.137058002481,4284.137058002481,330082
2023-10-26,4320.365234375,4336.658373415469,4290.606482318949,4329.758030608952,488909
2023-10-27,4326.5947265625,4355.059984515352,4304.263730294552,4324.390548004681,382794
2023-10-30,4276.08642578125,4321.228097789609,4256.342881754538,4312.889657260846,450526
2023-10-31,4242.44580078125,4293.481661820808,4218.868577015167,4274.648803877963,504625
2023-11-01,4214.45947265625,4270.71890575604,4166.922221876194,4257.8761731988725,395359
2023-11-02,4339.00634765625,4378.828505982594,4269.041697288167,4324.486380250893,822845
2023-11-03,4350.794921875,4391.863308676738,4336.035348834217,4339.7253590890305,335012
2023-11-06,4431.3505859375,4435.711209529942,4357.024837834653,4365.5069480099055,205763
2023-11-07,4461.63720703125,4475.821636589625,4399.962783175469,4418.412369150704,282612
2023-11-08,4476.396484375,4491.635268570886,4457.132149042763,4476.732024966114,385727
2023-11-09,4458.66552734375,4490.676659965714,4437.963562900702,4476.396296356526,208210
2023-11-10,4487.2744140625,4491.012158223464,4428.858531674064,4463.793125591171,142336
2023-11-13,4501.07568359375,4507.592752146064,4450.902304971083,4468.441203089971,260394
2023-11-15,4514.92431640625,4528.534066294226,4473.328985985612,4526.617226477805,269650
2023-11-16,4506.58642578125,4532.367828184319,4485.021977455146,4514.157849597831,178375
2023-11-17,4522.11279296875,4548.277939143465,4495.085630388429,4507.449154503358,138652
2023-11-20,4516.07470703125,4542.383521282916,4495.851952926564,4496.187493497528,126069
2023-11-21,4504.33349609375,4533.325695307929,4471.028407740272,4533.325695307929,129602
2023-11-22,4499.015625,4516.890065492129,4468.873126974131,4514.062539128641,72533
2023-11-23,4510.13232421875,4515.068561246307,4484.399123453556,4503.615255879184,109775
2023-11-24,4451.0458984375,4518.95004520451,4447.547759230441,4510.132394510277,123628
2023-11-28,4517.46484375,4526.52163177756,4433.65082927369,4439.640954151113,182790
2023-11-29,4603.9140625,4631.1812982359315,4505.9156191369775,4519.860910691143,363702
2023-11-30,4650.87646484375,4673.207930408572,4598.0196983325095,4614.792047414494,961054
2023-12-01,4764.0654296875,4776.764492594176,4657.968165985255,4670.379890130702,485597
2023-12-04,4732.43798828125,4787.25979522449,4710.633934970856,4782.515429400726,310152
2023-12-05,4742.64501953125,4768.139082896805,4727.885446418079,4732.437941019839,280497
2023-12-06,4795.11865234375,4813.856043048218,4746.382904563984,4747.053985716616,295686
2023-12-07,4807.43408203125,4816.059860886569,4756.781498157379,4795.118293069909,268095
2023-12-08,4736.70361328125,4849.6053045232065,4725.969121858484,4815.102183779563,282713
2023-12-11,4738.57177734375,4767.659915655527,4696.305365066697,4753.66689115852,147976
2023-12-12,4699.1806640625,4764.736961845163,4672.297172140347,4761.430225885793,184238
2023-12-13,4714.7548828125,4723.093323232811,4657.920769259631,4705.841764828146,153558
2023-12-14,4740.9677734375,4758.554872453036,4693.382318308664,4727.118886468905,174503
2023-12-15,4709.57958984375,4763.203371998092,4677.56845784941,4732.67760370052,216579
2023-12-18,4676.6103515625,4720.697671200142,4635.925235705488,4709.532171887616,223278
2023-12-19,4707.03955078125,4722.566139748686,4656.674774186718,4687.967089108821,200718
2023-12-20,4748.92333984375,4841.890079327958,4711.592693859459,4715.42637383819,457942
2023-12-21,4849.2216796875,4900.6885502904615,4674.741046748453,4725.01036039066,796081
2023-12-22,4946.5009765625,4968.161359622657,4840.068167234325,4863.980930626523,582688
2023-12-26,5018.2392578125,5026.433561411463,4932.029193826559,4940.6549736058905,574310
2023-12-27,4999.88525390625,5026.912885017099,4945.447185259911,5024.037625025669,241944
2023-12-28,5062.37451171875,5116.668911892237,4971.085005425451,5007.696837135537,655367
2023-12-29,5116.47705078125,5162.097464961977,5020.826461199236,5041.815764022467,535691
2024-01-01,5098.60205078125,5127.450583672214,5070.041324650411,5117.003900247362,130032
2024-01-02,5068.939453125,5113.122706476468,5006.881761277146,5098.602269831204,193517
2024-01-03,5035.34619140625,5112.115717588958,5022.120184219346,5068.939089074411,123303
2024-01-04,5138.37646484375,5151.507004772885,5003.910338961718,5035.346324748292,413391
2024-01-05,5053.12548828125,5140.341703235945,5037.4552285920445,5138.37666156251,299017
2024-01-08,4962.07568359375,5084.417898140875,4956.037357046371,5084.417898140875,236628
2024-01-09,4909.41015625,4993.55970689818,4898.484262642775,4982.825216489883,194434
2024-01-10,4875.14697265625,4929.776912356517,4841.458603436788,4898.484593123909,191450
2024-01-11,4923.11572265625,4970.748911239114,4865.46639087705,4890.720849017977,277823
2024-01-12,4936.9169921875,5032.087903990529,4887.98937400197,4934.904216739958,462298
2024-01-15,4962.07568359375,5010.619561070781,4906.151785218311,4945.399269851532,400069
2024-01-16,4917.26904296875,5001.0348454037785,4894.889845570803,4953.497126600725,203028
2024-01-17,4851.234375,4921.72597406882,4844.812774240375,4902.365704179176,270672
2024-01-18,4806.61962890625,4866.808681429603,4767.372613473594,4850.563276389012,514119
2024-01-19,4924.984375,4954.695392198382,4803.887925823157,4819.893725505288,329252
2024-01-23,4838.19970703125,4974.05573112041,4721.080605245887,4951.580596734022,491135
2024-01-24,4928.43505859375,4958.529351859803,4820.852417662806,4838.199912602381,611741
2024-01-25,4928.09912109375,5018.813469760715,4893.78787634638,4935.862415770557,342129
2024-01-29,4923.3076171875,5002.473202988754,4898.676503910655,4928.195652795895,275710
2024-01-30,4880.03515625,4976.979248062983,4869.7321409940105,4948.609921762411,146422
2024-01-31,4982.25,5002.951963790691,4822.529414521802,4880.034609507902,549238
2024-02-01,4934.52099609375,4985.652793482375,4913.914967386197,4979.997741454258,344394
2024-02-02,4934.76025390625,4992.409115638969,4918.0838417211535,4951.915876027575,176167
2024-02-05,4911.4228515625,5021.880746702041,4867.335535498128,4954.935022082512,231620
2024-02-06,4798.85693359375,4911.90276590487,4784.959842841434,4911.423555878928,336609
2024-02-07,4867.095703125,4968.35266875939,4720.2178580988775,4926.278130076798,1258830
2024-02-08,4672.82373046875,4909.409764947909,4632.186822267967,4888.899673674624,623680
2024-02-09,4764.78466796875,4771.0621313003785,4657.968579893295,4672.824088764565,411953
2024-02-12,4763.5390625,4790.135216334818,4735.313407545164,4764.784821254017,158487
2024-02-13,4774.46533203125,4843.27970323868,4734.78683624378,4763.539437246082,262011
2024-02-14,4802.306640625,4816.060059964075,4744.178566531775,4760.998648803544,277479
2024-02-15,4744.70556640625,4833.647216118782,4727.741814542686,4802.594504184473,189625
2024-02-16,4709.38818359375,4763.873982073671,4691.2259387814565,4748.0123194695,352139
2024-02-19,4720.4580078125,4742.78900616133,4683.462902978473,4715.378569108485,182521
2024-02-20,4716.5283203125,4728.844110466671,4676.226947948747,4705.985700690462,129279
2024-02-21,4718.30126953125,4780.885903160576,4684.756572307282,4729.562703599297,235932
2024-02-22,4750.83984375,4761.430196750656,4657.920844647381,4720.17040608977,255308
2024-02-23,4731.09619140625,4763.730201978483,4707.854508711161,4750.839735043958,115910
2024-02-26,4698.07861328125,4750.887645604567,4688.2070750843595,4744.13097221466,78084
2024-02-27,4700.4267578125,4734.162857703884,4676.130719608877,4676.130719608877,434014
2024-02-28,4684.56494140625,4711.688507339902,4664.821864410289,4690.8428729958205,96877
2024-02-29,4758.7470703125,4773.793983206417,4628.066412487047,4681.929334558118,447941
2024-03-01,4722.806640625,4779.353423252307,4709.819768234487,4758.747392294898,316277
2024-03-04,4637.6982421875,4736.94290964726,4632.522868008864,4702.008314979102,307520
2024-03-05,4624.9990234375,4665.061257141187,4610.958265113861,4637.841756853345,156956
2024-03-06,4677.8076171875,4684.564289843725,4589.6329922259165,4637.793589011999,190965
2024-03-07,4685.85888671875,4698.174676886869,4634.056474708654,4667.505237951663,216747
2024-03-11,4732.10302734375,4751.511033217089,4668.559965675789,4690.55542487845,295000
2024-03-12,4666.6904296875,4734.594577086144,4651.020169829583,4730.473558471576,140625
2024-03-13,4654.7099609375,4768.139050848351,4621.500804661457,4689.16534388326,410729
2024-03-14,4733.54052734375,4747.006609366807,4584.12294032141,4651.451946501125,240217
2024-03-15,4767.373046875,4800.438537538641,4707.7591344871125,4712.982710783358,491571
2024-03-18,4772.93115234375,4805.517429287462,4753.762754141566,4772.93115234375,143928
2024-03-19,4616.6611328125,4792.051982426605,4600.415727583077,4791.141296289125,265081
2024-03-20,4603.19482421875,4631.899687291071,4562.078704282152,4621.596673410602,300159
2024-03-21,4606.8369140625,4623.417390398046,4569.554007240588,4612.395562041998,449591
2024-03-22,4662.712890625,4689.500914464482,4585.943361769478,4600.415596094553,264787
2024-03-26,4755.15283203125,4768.139235118418,4543.581628784538,4550.961181587477,554559
2024-03-27,4715.61767578125,4772.930997353266,4677.089009454607,4753.762599773534,327107
2024-03-28,4707.03955078125,4764.497008742665,4662.329357781074,4736.798300327312,648795
2024-04-01,4691.65771484375,4754.434224089792,4680.6836187841445,4724.962809443749,181877
2024-04-02,4696.2099609375,4710.538058219064,4667.5050966119115,4705.841894120017,93480
2024-04-03,4633.5771484375,4693.334725458793,4606.166244481385,4667.50512081239,246246
2024-04-04,4613.4501953125,4653.128686188111,4581.822338125227,4638.704653662275,372526
2024-04-05,4612.92333984375,4646.037032679167,4592.365510980043,4613.450751647556,189143
2024-04-08,4626.10107421875,4639.710824249293,4582.20562915428,4624.4238393618125,235219
2024-04-09,4595.3359375,4648.336369115232,4584.505512182825,4648.336369115232,180114
2024-04-10,4608.75439453125,4618.194457052864,4550.146637741796,4618.146723244753,509880
2024-04-12,4554.171875,4620.398785360572,4547.702540511391,4617.667194980797,620568
2024-04-15,4563.89990234375,4578.46807289017,4497.72119146513,4547.7026986565625,421873
2024-04-16,4543.58203125,4574.059601065161,4496.235707303504,4550.578310289656,516581
2024-04-18,4499.78173828125,4560.83327727851,4472.562704855184,4547.702736559006,670722
2024-04-19,4474.19140625,4502.6566643076985,4448.026730321845,4487.369679799219,424834
2024-04-22,4555.6572265625,4565.816571328075,4468.441013689001,4479.558778376263,321925
2024-04-23,4598.30712890625,4611.9168796243885,4526.665236397538,4558.245361490771,279440
2024-04-24,4628.16259765625,4638.752951811432,4582.2061699608375,4597.540890462694,412282
2024-04-25,4642.72998046875,4656.962610546569,4550.098784435036,4615.894221445226,509266
2024-04-26,4600.84716796875,4658.879307889621,4593.706752255699,4642.633902786536,205462
2024-04-29,4600.27197265625,4624.951285735994,4577.413563839122,4614.791940930772,147362
2024-04-30,4577.36572265625,4624.376031704261,4566.966773113615,4599.457114227719,489132
2024-05-02,4561.74365234375,4611.9170328617965,4552.542726762288,4590.784059085911,356664
2024-05-03,4547.31884765625,4582.3011716715955,4512.144652482322,4582.3011716715955,262493
2024-05-06,4851.13818359375,4989.006977649024,4602.524159016237,4618.577692090258,2837757
2024-05-07,4958.72119140625,5002.85624326395,4838.87049491688,4847.640411912037,1156073
2024-05-08,5011.0029296875,5030.219531073033,4910.800307972878,4936.821316833404,323414
2024-05-09,4859.28515625,5029.787974361407,4835.228721542168,5010.667308875703,379667
2024-05-10,4856.1220703125,4905.38523068166,4765.024440227561,4859.285136970318,223289
2024-05-13,4917.2216796875,4955.031536923716,4844.813233878024,4863.933900597797,323879
2024-05-14,4927.044921875,4946.884401347294,4825.644281852878,4917.221117726243,205585
2024-05-15,4853.4384765625,4949.9992835359735,4843.327333594385,4935.431113555533,166198
2024-05-16,4924.1220703125,4935.862714633716,4808.872071975664,4853.582268795047,312988
2024-05-17,4875.29052734375,4926.18272146273,4854.397159141413,4926.18272146273,116594
2024-05-21,4962.79443359375,4975.157957345336,4835.276378538731,4836.187064682059,376474
2024-05-22,5048.380859375,5082.021491272183,4978.991352599527,5002.759978794949,748236
2024-05-23,5061.55908203125,5073.635266177845,4972.186427755721,5042.390684331405,423256
2024-05-24,5022.7919921875,5065.393481341819,5001.994090536492,5041.3852470026795,268208
2024-05-27,4995.5244140625,5046.081066725323,4914.058717828568,5046.081066725323,329998
2024-05-28,5032.23193359375,5065.632964121653,4965.142533729933,4992.409769865991,259151
2024-05-29,5012.34423828125,5048.956065889682,4983.783512267719,4985.70035208013,286144
2024-05-30,4982.39404296875,5024.13351424618,4957.906599459172,4985.79671471431,357619
2024-05-31,4964.423828125,5003.91092010637,4898.149177394837,4991.45145985711,651525
2024-06-03,4952.92236328125,5079.625666145171,4945.446874963977,5079.625666145171,199328
2024-06-04,5103.6826171875,5189.269339041316,4913.867248646657,4989.103221323594,989039
2024-06-05,5258.5146484375,5486.954133786564,5103.586159373529,5103.682094962829,1188965
2024-06-06,5214.23583984375,5284.823373341006,5090.599670190109,5237.764861683343,629293
2024-06-07,5236.375,5242.556995714675,5170.675501257892,5205.801497953411,226777
2024-06-10,5260.19189453125,5329.533670646622,5181.31412081913,5237.764961576008,306665
2024-06-11,5288.32177734375,5373.621154478196,5271.30982291525,5271.30982291525,476899
2024-06-12,5213.1328125,5336.481632247085,5205.178115074339,5319.75701896327,279376
2024-06-13,5155.7724609375,5223.341068378613,5119.592107307683,5213.42132815858,434594
2024-06-14,5169.3818359375,5223.3888954522345,5152.0825424751565,5173.1195802669845,149569
2024-06-18,5171.490234375,5209.012280759383,5151.794424173083,5194.444110740477,155277
2024-06-19,5137.75390625,5197.367815432279,5127.546827189705,5190.802545057841,135179
2024-06-20,5154.81396484375,5175.467727565137,5097.83571165166,5137.7538089546815,296418
2024-06-21,5108.66552734375,5165.73971453396,5096.397939523219,5145.852501135727,244120
2024-06-24,5077.46923828125,5108.378281353228,5031.704686135919,5094.001982249983,463385
2024-06-25,5129.51171875,5146.7155454275235,5069.275394430752,5077.51743228083,160890
2024-06-26,5196.265625,5208.580946962605,5097.883442846388,5129.511301165307,221391
2024-06-27,5204.5078125,5223.388873233181,5158.359984215668,5164.733383465289,357573
2024-06-28,5247.8759765625,5261.725331520825,5191.041862814148,5209.01223621415,215576
2024-07-01,5248.78662109375,5260.910539322549,5205.226249125824,5247.396725037104,223560
2024-07-02,5177.048828125,5271.309520139924,5160.420149043046,5271.309520139924,163333
2024-07-03,5222.5263671875,5269.393010259991,5165.691782015456,5196.313487336687,211361
2024-07-04,5200.6259765625,5259.185525982744,5173.119138271857,5228.132814853144,138170
2024-07-05,5316.1630859375,5323.543106042107,5208.00577924782,5219.506817554149,172330
2024-07-08,5337.0087890625,5382.438265361279,5303.943303490716,5324.022386993079,171210
2024-07-09,5433.138671875,5467.785457206215,5350.905964755182,5462.993357769576,389812
2024-07-10,5516.2333984375,5558.835349644696,5434.2884980246345,5434.2884980246345,526095
2024-07-11,5521.74462890625,5563.627767595305,5482.162072462557,5558.8356678816135,372798
2024-07-12,5546.42431640625,5563.628142729785,5475.645373245466,5539.667642545764,222315
2024-07-15,5568.13232421875,5604.600014510518,5547.334425033026,5565.544403276915,135373
2024-07-16,5618.59326171875,5635.509280162997,5530.179021736601,5570.336723861792,162459
2024-07-18,5627.36279296875,5673.846161010815,5578.004165047794,5603.450027784578,523157
2024-07-19,5633.544921875,5729.4346539080025,5603.546095643379,5606.756896179628,451294
2024-07-22,5643.03271484375,5686.976360955935,5599.089068731565,5633.544451407529,347520
2024-07-23,5697.56689453125,5755.311695472502,5597.747552143022,5643.032893960021,336696
2024-07-24,5587.10888671875,5725.983838613329,5573.211797970586,5702.023340771666,233649
2024-07-25,5587.20556640625,5621.133542272855,5560.465740849458,5582.700805020687,303638
2024-07-26,5628.6083984375,5638.048928378457,5571.391009192911,5587.588212473854,146736
2024-07-29,5652.37744140625,5709.882636887231,5597.220093953655,5652.760715780428,129350
2024-07-30,5599.28125,5740.360386631929,5588.834098104519,5653.1441707003305,191681
2024-07-31,5543.9326171875,5651.802598291452,5530.226930744036,5651.802598291452,271796
2024-08-01,5491.89013671875,5597.076729177414,5462.993868012595,5543.932622248499,304411
2024-08-02,5482.49755859375,5566.502972144833,5396.191562820151,5470.708712628048,406998
2024-08-05,5532.0615234375,5672.890102115355,5485.604111290266,5543.761090509774,1114298
2024-08-06,5684.10400390625,5748.668512619165,5543.955234916217,5557.936026199498,727869
2024-08-07,5666.9189453125,5752.357693235122,5639.976612870992,5718.765110239533,314935
2024-08-08,5577.45068359375,5691.3369273729195,5558.372695705404,5674.637347288063,271628
2024-08-09,5573.22705078125,5617.1600390620915,5553.518076605796,5602.451078131177,232215
2024-08-12,5481.42919921875,5606.431902030496,5461.283132552003,5577.790506046445,622193
2024-08-13,5501.5751953125,5548.615236385348,5453.564259472985,5513.663024785375,236505
2024-08-14,5494.439453125,5529.440496639006,5431.331288362441,5510.799126035089,164575
2024-08-16,5562.88720703125,5575.314944714312,5497.691717067955,5505.458875343725,144969
2024-08-19,5565.65478515625,5595.509802102356,5551.6739939856825,5577.7909709067,102452
2024-08-20,5597.9853515625,5605.752510383396,5561.52843947482,5573.373546304587,189035
2024-08-21,5667.45263671875,5679.6371763602965,5588.955700356331,5605.751990119773,169215
2024-08-22,5666.9189453125,5687.502106030853,5639.58834973984,5687.502106030853,160154
2024-08-23,5624.0537109375,5679.734622952527,5615.99547366445,5667.112990457077,124435
2024-08-26,5628.22900390625,5689.443733630814,5608.131291191977,5631.190043525378,265107
2024-08-27,5596.52880859375,5675.268473130955,5568.08178006022,5659.151524341593,175740
2024-08-28,5537.35302734375,5607.305809002692,5524.43984188713,5579.295398829617,161445
2024-08-29,5661.67626953125,5674.880534622511,5530.362737913167,5543.80972672276,351330
2024-08-30,5684.83203125,5736.920444779257,5624.636550965213,5672.890214305272,519387
2024-09-02,5749.78466796875,5761.241511295598,5694.298123776081,5710.851690842199,307023
2024-09-03,5743.86181640625,5770.9985148649685,5699.152301860257,5760.318672391295,258133
2024-09-04,5754.056640625,5762.6007996829785,5658.37514350067,5679.686474926757,219283
2024-09-05,5679.73486328125,5747.697502670941,5663.520729684667,5739.687620171441,170014
2024-09-06,5673.47216796875,5713.521578815044,5657.50123281249,5676.530865870979,213556
2024-09-09,5766.5810546875,5787.698015654432,5676.045118587893,5689.394921498023,321187
2024-09-10,5796.14501953125,5835.077997489849,5757.45476528303,5805.999507358652,337831
2024-09-11,5833.76708984375,5871.049356274151,5774.154242459703,5779.785242811423,437060
2024-09-12,5931.43896484375,5950.323058038559,5829.9321047070325,5843.475802514998,548745
2024-09-13,5954.59521484375,5969.83797933058,5881.049930999975,5959.352504727286,274846
2024-09-16,5886.53515625,5951.585107671532,5764.008043198269,5825.368784017813,352336
2024-09-17,5933.1865234375,6024.062372228736,5892.5061258193045,5896.681257933176,527917
2024-09-18,5945.03173828125,5987.071294583633,5883.670995702001,5956.439752477111,218424
2024-09-19,5955.9541015625,6043.8200802390675,5935.710850335225,5950.51699591332,362388
2024-09-20,6029.79052734375,6076.490662168055,5947.556021996035,5985.906366703087,663556
2024-09-23,6030.421875,6068.092403009999,6010.6152421408,6053.771704938895,312563
2024-09-24,6022.6064453125,6064.112201193046,6005.03315327193,6020.276392427895,234706
2024-09-25,6000.42138671875,6022.460889937106,5923.963415562447,6022.460889937106,357145
2024-09-26,6072.07373046875,6087.8991272979165,5975.226966720717,6019.548222935313,327297
2024-09-27,6086.34521484375,6148.628496361031,6000.9064712894005,6056.150765411579,400543
2024-09-30,6153.6767578125,6177.706404018807,6059.45160746778,6070.665252736167,442617
2024-10-01,6258.4365234375,6275.476012402165,6123.336600624679,6123.336600624679,416639
2024-10-03,6147.46337890625,6281.5924057089005,6106.9285194962395,6256.640692861231,495791
2024-10-04,6025.373046875,6155.4245931946225,5999.984243014148,6095.520195221232,395753
2024-10-07,5942.1669921875,6053.5288104535575,5927.3124920319115,6041.53816538956,374593
2024-10-08,6023.8193359375,6053.3344417384205,5875.90342488428,5959.060940082902,708471
2024-10-09,5919.78857421875,6004.984596587473,5893.380044893652,5979.401422691862,551094
2024-10-10,5827.4560546875,5980.566352322749,5805.999185067198,5948.672363735553,287475
2024-10-11,5804.49462890625,5863.71921239095,5787.6011540048885,5855.029514202597,94953
2024-10-14,5804.0576171875,5848.961502830011,5728.279465747331,5830.320606637558,219597
2024-10-15,5892.0693359375,5905.90458654058,5812.698687740883,5841.242899434346,426219
2024-10-16,5912.8466796875,5936.050971234774,5845.903291749719,5888.477124720135,276677
2024-10-17,5814.20361328125,5918.477621843174,5792.60120359677,5912.8466215308445,188121
2024-10-18,5715.8525390625,5823.427502362531,5699.152957463831,5810.757513780062,354901
2024-10-21,5610.12158203125,5723.9106492941755,5594.8788171653405,5715.852411581031,296733
2024-10-22,5560.31494140625,5635.073846677471,5545.557149698831,5618.956896960892,320607
2024-10-23,5581.52880859375,5628.859931304686,5524.439908451332,5532.741343645554,123095
2024-10-24,5449.05029296875,5612.257816010603,5438.564817963334,5583.470877826595,269803
2024-10-25,5504.39111328125,5540.36305155947,5446.720054576157,5449.050107379139,176680
2024-10-28,5555.7509765625,5610.800899885403,5504.390737823244,5511.769632920822,131887
2024-10-29,5502.54638671875,5592.256973180994,5447.739184557944,5564.00383913396,204751
2024-10-30,5614.19921875,5630.218983057717,5477.400235324106,5501.672605487313,218180
2024-10-31,5560.21728515625,5612.742788176447,5541.8674684156995,5610.800998593961,208893
2024-11-01,5527.3525390625,5600.655097623574,5487.545851631982,5600.655097623574,31706
2024-11-04,5461.47802734375,5533.081524202803,5380.55384489316,5519.537351101219,249780
2024-11-05,5441.962890625,5504.00297754774,5422.0107167513925,5470.167196763151,185870
2024-11-06,5529.14892578125,5552.547586223453,5444.826614170045,5472.254393381588,233799
2024-11-07,5523.3232421875,5547.401717273856,5442.836159403416,5543.80921694497,284538
2024-11-08,5579.8779296875,5624.248011474063,5477.351344458766,5516.818597155466,306281
2024-11-11,5276.4736328125,5730.366977860546,5243.948655145956,5632.792044860913,804824
2024-11-12,4881.2216796875,5268.948590447795,4859.328192842135,5262.249511529345,2441209
2024-11-13,4899.62060546875,4939.524476540451,4794.715612015119,4863.212050489045,928244
2024-11-14,4772.53076171875,4903.504380584811,4758.3556022663415,4899.620801231808,479979
2024-11-18,4768.404296875,4825.3471823925065,4652.187999051458,4825.3471823925065,439087
2024-11-19,4750.29736328125,4807.240250713253,4736.607651252162,4781.608721805239,436205
2024-11-21,4663.5478515625,4742.821320894099,4608.740647898884,4733.112372437816,1036549
2024-11-22,4707.23828125,4729.228955444632,4626.896730015542,4649.663930485442,410476
2024-11-25,4761.2197265625,4835.056086202828,4732.141237781643,4762.238976470858,722912
2024-11-26,4867.67822265625,4883.89188123639,4750.539860847374,4761.219703556459,314200
2024-11-27,4839.08544921875,4878.746598470013,4797.191431450813,4867.678492045643,255840
2024-11-28,4780.34619140625,4866.658646193711,4748.792109718446,4841.464210026368,321308
2024-11-29,4797.3369140625,4811.706442047119,4737.966789779114,4737.966789779114,212644
2024-12-02,4764.42333984375,4814.66714397782,4724.568299332434,4786.996643150361,314800
2024-12-03,4766.705078125,4776.607920379801,4733.937379496446,4756.947301202669,289449
2024-12-04,4710.3447265625,4829.1338064422325,4700.10197550839,4773.356181672566,392107
2024-12-05,4730.19921875,4750.588008485992,4665.731902208235,4718.548481758005,526114
2024-12-06,4729.08349609375,4763.890172907947,4699.131293756574,4730.199930409511,236965
2024-12-09,4653.4990234375,4714.568214785499,4611.7988999359,4703.937200602972,467154
2024-12-10,4647.916015625,4689.37341218112,4643.838067938599,4660.149384614488,264213
2024-12-11,4747.1904296875,4771.94824867861,4653.741799181841,4668.062498402189,358246
2024-12-12,4687.8203125,4766.0745333705745,4670.0042969275,4757.384834707847,406271
2024-12-13,4708.93701171875,4721.558644245865,4634.0809270709115,4683.596562369596,284721
2024-12-16,4705.44189453125,4727.287028674848,4650.586335459545,4727.287028674848,208757
2024-12-17,4637.72216796875,4699.034085486868,4626.4596924255475,4676.315239864235,312523
2024-12-18,4643.44970703125,4659.226746806266,4614.225680080201,4636.022456966491,228821
2024-12-19,4646.4599609375,4663.984423097707,4588.109086485596,4611.750470553858,247805
2024-12-20,4561.36083984375,4667.576633475404,4544.272996980058,4650.585974903211,363168
2024-12-23,4567.42919921875,4597.187031015281,4528.0591293265,4568.060186045807,332554
2024-12-24,4606.0224609375,4627.818766390348,4553.5453086199705,4565.196047093755,227672
2024-12-26,4623.0615234375,4657.479936657442,4570.973107794114,4616.507982979214,398117
2024-12-27,4630.48828125,4667.431112043895,4600.536556564612,4636.993465899144,131505
2024-12-30,4659.76123046875,4677.77113935373,4600.09955547073,4621.168162226883,271403
2024-12-31,4624.12890625,4655.440261502021,4603.206314306372,4655.440261502021,255918
2025-01-01,4655.1982421875,4679.422259156265,4613.88685452669,4613.88685452669,87260
2025-01-02,4648.4501953125,4667.043211034239,4585.633582660563,4650.634708735391,402766
2025-01-03,4693.40283203125,4718.015110992912,4646.459971791584,4660.295223235566,341848
2025-01-06,4651.7998046875,4731.655903604389,4634.37205304674,4731.655903604389,619930
2025-01-07,4691.6064453125,4743.597672756672,4665.101206629144,4665.101206629144,450200
2025-01-08,4718.45166015625,4730.102398043787,4621.604901466097,4708.8398962129795,371105
2025-01-09,4782.9189453125,4903.0188237519005,4699.179267382084,4719.082611122067,832814
2025-01-10,4795.44384765625,4814.08474361491,4739.56856675354,4785.055083534329,305669
2025-01-13,4783.64697265625,4852.4349631578425,4763.209827009261,4778.938512193112,448698
2025-01-14,4720.87890625,4805.9293878057215,4708.937089520317,4804.910137866507,283367
2025-01-15,4735.05419921875,4793.502259011295,4664.276059231994,4729.2288300993505,242422
2025-01-16,4703.54833984375,4757.38464757533,4605.051344184263,4743.840475124235,454269
2025-01-17,4713.11181640625,4780.2007446631205,4675.538470540702,4705.053578862278,492847
2025-01-20,4743.20947265625,4765.151790466231,4695.878350043123,4718.54883897023,155962
2025-01-21,4761.12255859375,4800.249429395996,4708.936963106905,4743.2093599103755,377457
2025-01-22,4812.4345703125,4830.396124580998,4741.073800651169,4786.511488848448,460132
2025-01-23,4866.70703125,4896.17378119717,4741.0733476705245,4800.249097178311,361082
2025-01-24,4953.068359375,4959.330820693084,4867.241350714151,4891.077103372132,509954
2025-01-27,5025.59423828125,5063.216412004196,4954.524548872207,4955.107180569605,937878
2025-01-28,4913.4560546875,5064.430202097253,4872.144668930929,5030.3516984467615,456912
2025-01-29,4890.44580078125,4951.563822294137,4845.736281778439,4951.563822294137,298533
2025-01-30,4927.630859375,4956.417794454412,4888.406805531556,4890.49413447042,354016
2025-01-31,4980.3505859375,5019.526287268135,4893.407143258847,4955.447228281733,316771
2025-02-01,5049.9638671875,5222.443237159072,4903.989736175957,5009.817271563638,634040
2025-02-03,4956.95166015625,5080.304126540295,4869.037327353066,5080.304126540295,517520
2025-02-04,4881.9990234375,4969.039648531893,4845.056191393738,4969.039648531893,434664
2025-02-05,4789.08447265625,4910.786239093445,4781.026234885087,4910.786239093445,384948
2025-02-06,4811.80322265625,4833.891080452169,4763.258480247637,4788.550575484374,466931
2025-02-07,4728.7431640625,4927.67941547921,4703.014451641259,4864.182989827148,701024
2025-02-10,4766.75390625,4863.212406450426,4735.054283541372,4771.948288621251,625074
2025-02-11,4761.31640625,4795.783171302082,4712.723311628403,4768.0159595581545,279638
2025-02-12,4775.15185546875,4789.3758439921085,4702.577466885098,4756.462129980652,336331
2025-02-13,4746.41357421875,4806.657406624093,4725.587691236907,4772.87045738403,341650
2025-02-14,4795.88037109375,4810.783700985419,4731.898499026778,4749.326250195069,489241
2025-02-17,4819.23095703125,4824.376510108839,4768.938319354616,4790.880637780653,275352
2025-02-18,4748.84130859375,4822.483307256143,4717.9665664353515,4819.231188607861,314216
2025-02-19,4696.70361328125,4756.413643713663,4672.285703780152,4738.93753724564,215919
2025-02-20,4691.751953125,4705.927112068552,4652.52789788168,4678.742057573417,319761
2025-02-21,4691.2666015625,4709.034261269495,4644.323742045268,4708.839892676953,334003
2025-02-24,4664.4697265625,4688.936465300148,4565.1473775424565,4611.750328227705,259886
2025-02-25,4658.4013671875,4712.432039299063,4621.459011565367,4646.605090784945,479647
2025-02-27,4643.59521484375,4719.228295029581,4627.769820066494,4658.401359762666,386556
2025-02-28,4461.69921875,4647.140147181887,4421.261066357064,4643.596001492678,676501
2025-03-03,4462.81494140625,4536.020311377815,4415.774900732508,4461.698507247998,412033
2025-03-04,4442.0380859375,4447.669086158927,4374.851976038446,4398.201806389189,321501
2025-03-05,4584.7109375,4597.381399503273,4427.280435257585,4446.601147606274,350741
2025-03-06,4565.68115234375,4660.197855942491,4519.175386235336,4587.477930232747,460852
2025-03-07,4610.0517578125,4626.314247559956,4524.370281978887,4553.4971292877635,191644
2025-03-10,4599.80859375,4683.548272255505,4572.962972631285,4610.779515624855,290019
2025-03-11,4623.44970703125,4655.440882494018,4574.419516297997,4582.623767543643,147357
2025-03-12,4652.576171875,4661.751317235028,4575.24449694662,4631.070947168637,223033
2025-03-13,4590.63330078125,4697.189004215024,4575.632786615303,4650.586054193875,284758
2025-03-17,4538.83642578125,4605.00281771109,4466.116493344872,4466.116493344872,322411
2025-03-18,4538.83642578125,4538.83642578125,4538.83642578125,4538.83642578125,0
2025-03-19,4570.09912109375,4657.382470961784,4537.28259159906,4657.382470961784,469240
2025-03-20,4690.490234375,4699.131103780812,4577.769246761679,4603.886223578245,265168
2025-03-21,4673.8876953125,4711.89813296043,4647.236442694091,4699.130960804425,304441
2025-03-24,4657.23681640625,4692.140200026005,4631.410919911127,4676.217620119225,173845
2025-03-25,4704.1796875,4723.403214964874,4600.682206721973,4652.527894370334,422209
2025-03-26,4708.548828125,4734.665804135138,4654.518151792613,4705.830038169868,453242
2025-03-27,4700.2958984375,4782.04495273024,4640.925304649448,4689.421687505257,6750074
2025-03-28,4793.21044921875,4882.290047228635,4720.442168310822,4720.442168310822,415586
2025-04-01,4758.1611328125,4820.49276973485,4740.44230239001,4747.772842705265,557968
2025-04-02,4890.78515625,4907.872998794661,4758.160837571499,4763.015311358635,459267
2025-04-03,4925.7861328125,4941.854251211645,4836.997618769433,4844.813131837477,339959
2025-04-04,4877.19287109375,5000.108248282962,4832.968802331488,4886.9506483307805,722283
2025-04-07,4908.69873046875,4924.378587189326,4471.019055824825,4487.475912852733,841464
2025-04-08,5028.60400390625,5037.099333282437,4891.9989179092645,4915.106498254327,303185
2025-04-09,5184.044921875,5196.326647447589,4999.623247470507,4999.623247470507,549745
2025-04-11,5194.48193359375,5243.560479743475,5152.053638061149,5243.560479743475,304650
2025-04-15,5234.38525390625,5273.900864221526,5154.480796787938,5270.890995350305,446075
2025-04-16,5258.560546875,5283.609442808386,5194.772569596888,5194.772569596888,215423
2025-04-17,5295.8427734375,5310.114642293027,5239.724770588373,5262.249719161749,186873
2025-04-21,5236.23046875,5320.989402345293,5213.705517853156,5320.989402345293,201975
2025-04-22,5277.298828125,5325.358122024768,5227.2977445727165,5281.667854843161,286928
2025-04-23,5382.93212890625,5387.495524330574,5248.948639564455,5277.298958821199,266881
2025-04-24,5302.9306640625,5459.050845614767,5269.726343521923,5388.4665980271175,339754
2025-04-25,5262.7353515625,5360.310280597097,5205.938004811018,5303.124670733056,244513
2025-04-28,5270.7939453125,5322.251374053998,5246.036125823666,5255.453995806149,107666
2025-04-29,5309.14404296875,5373.902918168799,5248.172036885537,5270.793696940264,294207
2025-04-30,5280.599609375,5385.359063014233,5229.336553791325,5324.387059473822,284371
2025-05-02,5146.71337890625,5249.628228588209,5122.926456102401,5223.414068763559,262909
2025-05-05,5203.025390625,5223.414182041892,5155.451543985585,5164.189597449968,97149
2025-05-06,5236.521484375,5257.88117152736,5156.422657553652,5194.287557505562,175899
2025-05-07,5195.25830078125,5237.97767383944,5163.704218408723,5204.967249203566,168716
2025-05-08,5234.09423828125,5320.503881614032,5159.820780809813,5195.258443524943,265391
2025-05-09,5277.7841796875,5343.319579269712,5198.656252784533,5218.07414895704,476782
2025-05-12,5445.263671875,5457.885304706306,5257.3955216551885,5378.757375802354,192712
2025-05-13,5325.3583984375,5475.847104318596,5303.027816274499,5465.652708113748,366566
2025-05-14,5324.38720703125,5422.933031523166,5279.240597781259,5297.202151998997,389963
2025-05-15,5305.9404296875,5368.563148391039,5298.658718210344,5348.659803686814,462518
2025-05-16,5341.3779296875,5366.135747956523,5293.804082817612,5312.736532082159,154274
2025-05-19,5358.85400390625,5386.039059094107,5301.0857616320545,5341.377896999771,147864
2025-05-20,5270.01708984375,5388.466258038469,5262.2499312736045,5357.397623757887,275067
2025-05-21,5333.61083984375,5372.932081131395,5258.851936654896,5276.813491317153,166304
2025-05-22,5279.24072265625,5335.552623697917,5257.395588631466,5333.610834006825,211388
2025-05-23,5326.814453125,5338.950638427846,5248.657419774674,5300.11484545874,100229
2025-05-26,5364.19384765625,5386.0389809724975,5329.241634350255,5339.921477304864,140009
2025-05-27,5336.5234375,5378.757362639862,5315.64919863777,5364.193940177841,166840
2025-05-28,5313.70751953125,5345.261602188799,5252.541143918155,5335.067206253283,321303
2025-05-29,5335.552734375,5372.446739271051,5293.804255150521,5341.863551001957,201350
2025-05-30,5350.11572265625,5370.9899605724295,5279.240403219918,5335.552300854264,401901
2025-06-02,5441.86572265625,5555.460421951661,5351.087052706498,5354.485184736703,625172
2025-06-03,5413.22412109375,5474.875942758076,5384.097276212966,5441.8655185598545,166545
2025-06-04,5380.69921875,5432.156645417945,5359.824979629984,5417.593222776073,334358
2025-06-05,5437.0107421875,5447.690584716796,5359.824607543945,5380.6988452148435,218004
2025-06-06,5444.29248046875,5481.18648211972,5393.320504503595,5443.321585688462,152475
2025-06-09,5531.1875,5554.488974460242,5425.845417544321,5474.875603387748,174499
2025-06-10,5502.06103515625,5564.198304655103,5492.352086797055,5564.198304655103,456712
2025-06-11,5485.55615234375,5534.100897054756,5470.021834036228,5495.2651012859515,138866
2025-06-12,5407.3984375,5532.158415813808,5398.174937157734,5532.158415813808,305696
2025-06-13,5407.88427734375,5430.700306161987,5267.104525061013,5348.659691900668,324985
2025-06-16,5398.66064453125,5409.825934956951,5353.999482828447,5390.408038564427,239006
2025-06-17,5406.42822265625,5434.0987271629765,5369.048769199796,5388.466667099253,277917
2025-06-18,5410.3115234375,5455.943581149759,5383.611915201604,5412.738760549854,220971
2025-06-19,5396.2333984375,5446.234481564439,5361.766632398541,5424.389348159466,114523
2025-06-20,5424.3896484375,5437.011281770181,5350.601638184905,5402.059066387373,395396
2025-06-23,5407.3984375,5426.3308855709665,5291.861959528459,5389.436884201903,221233
2025-06-24,5453.51611328125,5473.904904162308,5393.806082843864,5437.010901615631,183157
2025-06-25,5541.86767578125,5567.59638871191,5447.205430092976,5466.1378792306305,282474
2025-06-26,5658.375,5670.025737817433,5543.809411461908,5558.3728337337,456290
2025-06-27,5625.849609375,5678.763373066593,5580.703003656485,5678.763373066593,350140
2025-06-30,5680.70556640625,5689.443619747159,5593.325032997164,5631.189930807768,257865
2025-07-01,5576.33447265625,5698.6672215993485,5554.489338916411,5694.298194851381,178343
2025-07-02,5621.48095703125,5662.743986508595,5512.25529076769,5580.217927553906,300622
2025-07-03,5625.849609375,5716.142820812031,5612.742530295431,5630.704083108174,224236
2025-07-04,5603.51953125,5673.909406675041,5588.956108748267,5650.1224832555445,145106
2025-07-07,5712.7451171875,5727.793986887773,5619.539214527745,5631.189952360214,259829
2025-07-08,5669.05517578125,5749.639450415579,5642.355566715659,5718.570814411982,423998
2025-07-09,5710.80322265625,5728.279329083964,5644.296928750784,5687.501747419298,232000
2025-07-10,5706.91943359375,5757.891408800227,5680.219827533214,5733.133592271366,191446
2025-07-11,5590.89794921875,5732.648596190346,5550.605813264495,5706.919882870159,175941
2025-07-14,5609.83056640625,5639.4428599810835,5576.820140781845,5599.150722821883,218865
2025-07-15,5617.1123046875,5650.608177907052,5594.296275103167,5631.190280388471,164143
2025-07-16,5618.08251953125,5659.345546763615,5569.052334231616,5617.111624772841,261589
2025-07-17,5638.4716796875,5689.443657850839,5617.111993600006,5623.908257355118,196555
2025-07-18,5568.56689453125,5650.607501729905,5559.34339431365,5638.471317233063,196043
2025-07-21,5516.13916015625,5573.907404463088,5504.002974377503,5568.082035289289,329167
2025-07-22,5542.35302734375,5571.479871667182,5470.02136394056,5529.731394803596,235846
2025-07-23,5553.03271484375,5589.441269229035,5504.973423055173,5570.023373556883,246735
2025-07-24,5507.88623046875,5584.101472684826,5487.011992154793,5557.887312941717,229097
2025-07-25,5431.185546875,5532.158606738246,5407.884071521943,5507.886236578812,233003
2025-07-28,5460.7978515625,5504.002670549882,5408.854979296771,5433.612796918754,173142
2025-07-29,5462.25390625,5490.409854220361,5409.825589339674,5438.466984688834,363002
2025-07-30,5579.732421875,5590.897712087556,5463.225045743975,5463.225045743975,176798
2025-07-31,5603.0341796875,5655.462501590659,5553.033094909489,5578.761808436038,344973
2025-08-01,5629.24853515625,5727.308918400607,5608.374295158689,5630.704877481661,244870
2025-08-04,5692.19970703125,5706.953983099242,5620.395563500357,5658.264872074869,189672
2025-08-05,5543.181640625,5700.068779597529,5518.591179970998,5700.068779597529,380387
2025-08-06,5313.99853515625,5532.853634475503,5283.014554803187,5507.771364665881,1123534
2025-08-07,5386.78662109375,5468.918764408153,5292.359246744257,5292.359246744257,795974
2025-08-08,5298.75244140625,5412.852178403303,5291.867112449531,5389.7371454771755,551451
2025-08-11,5293.3427734375,5311.539715053888,5223.505862369199,5273.17859488961,598841
2025-08-12,5250.55517578125,5302.195143321249,5230.390997979916,5302.195143321249,323204
2025-08-13,5287.44091796875,5304.654240648399,5212.194107397713,5275.637496702705,388683
2025-08-14,5215.63671875,5310.064087915488,5211.210435820368,5306.621423414663,215308
2025-08-18,5349.90087890625,5574.165890928795,5311.539758428709,5311.539758428709,509058
2025-08-19,5408.91796875,5422.688627335652,5310.556121709629,5356.786189818603,153026
2025-08-20,5607.60888671875,5640.560105400574,5385.80292215901,5392.196442201752,453573
2025-08-21,5505.80419921875,5617.936700998283,5494.49258719713,5607.608707413326,273141
2025-08-22,5454.65625,5574.657703881526,5434.983880511225,5529.903063294563,269981
2025-08-25,5459.57421875,5516.6240889756555,5454.164317263085,5474.328495532497,145718
2025-08-26,5671.05224609375,5699.577181509017,5483.181119738029,5483.181119738029,1307463
2025-08-28,5627.28125,5685.314739556022,5609.084308359553,5671.052271783779,379247
2025-08-29,5728.59375,5796.955231048249,5578.100129850618,5578.100129850618,699161
2025-09-01,5750.72509765625,5776.790985809485,5684.330854247066,5742.856150289235,210421
2025-09-02,5794.98779296875,5823.512726516419,5727.609932692359,5744.331445461682,492611
2025-09-03,5811.2177734375,5831.3819515613095,5768.922180299753,5794.496259871414,399664
2025-09-04,5983.35107421875,6232.206543851718,5954.334329735855,6099.418052150332,1385580
2025-09-05,5976.4658203125,6004.498946691517,5900.235388930963,5966.629635618108,352302
2025-09-08,6015.318359375,6076.794509724266,5965.645629892792,6017.285596186176,250083
2025-09-09,6041.87646484375,6064.007880465889,5988.269258114571,6015.810575333232,216456
2025-09-10,6097.45068359375,6136.303611808293,6016.79397185723,6043.843478842038,346491
2025-09-11,6197.2880859375,6215.976836613289,6049.253508216114,6078.762061914729,406083
2025-09-12,6144.66455078125,6182.533861683296,6105.319812181722,6173.189486265908,212051
2025-09-15,6110.23779296875,6167.2876628966615,6100.893417721937,6147.6152939560025,166253
2025-09-16,6100.8935546875,6123.024970242594,6078.762139132406,6117.61506866246,261236
2025-09-17,5997.61328125,6103.352260788233,5936.137130355679,6100.89321475246,713445
2025-09-18,6000.564453125,6028.597579412036,5962.695142175847,6004.990736222953,267540
2025-09-19,5970.072265625,6009.90881340617,5948.924468654749,6005.482530319374,345995
2025-09-22,5957.28515625,6007.941506542557,5926.3011750030955,5975.48209761723,394394
2025-09-23,5836.7919921875,5970.072294671728,5829.9066629078725,5967.121439266173,333112
2025-09-24,5872.69384765625,5950.891512992264,5808.758649582779,5837.775393323816,360372
2025-09-25,5855.97216796875,5937.120686295351,5842.201510313326,5872.69368083605,374676
2025-09-26,5823.51318359375,5882.530292117629,5803.349004848092,5857.448020994981,189383
2025-09-29,5831.87353515625,5891.874257983798,5745.31511533946,5803.34860135299,259852
2025-09-30,5892.85791015625,5932.20264666205,5820.561956826842,5855.4804104757395,298070
2025-10-01,5868.75927734375,5919.415625752901,5807.28312636177,5862.85756684948,324111
2025-10-03,5894.33349609375,5915.4812925336355,5834.332771310818,5867.283989019477,268735
2025-10-06,5912.5302734375,5935.153496909313,5859.906688405242,5916.956556290681,197199
2025-10-07,5790.5615234375,5937.120665104255,5770.889155428539,5913.513823493503,240923
2025-10-08,5740.39697265625,5805.3157869460565,5706.462137913851,5759.085722224528,239639
2025-10-09,5779.74169921875,5796.463211963256,5700.560418281529,5740.396963349323,231585
2025-10-10,5775.3154296875,5823.020922038661,5762.528390500591,5778.266284884478,228395
2025-10-13,5765.97119140625,5855.480467833744,5752.200533494328,5775.315566417911,238217
2025-10-14,5705.478515625,5788.594270227243,5699.084996040212,5772.856375864689,176227
2025-10-15,5761.544921875,5784.168145639938,5687.281730820529,5719.741138831093,221062
2025-10-16,5926.79296875,5941.547245495706,5762.036878422952,5779.742010517799,364305
2025-10-17,5983.35107421875,6048.2698923838725,5895.80903154154,5938.1046251945745,392965
2025-10-20,5970.56396484375,6047.286203601215,5963.186826501686,6023.67936090661,181283
2025-10-21,5975.48193359375,6007.941341628086,5950.891472961676,6007.941341628086,9159
2025-10-23,5968.5966796875,6044.335299386896,5949.907929372064,5975.482008751082,255605
2025-10-24,5953.84228515625,5970.071989055982,5888.923469557321,5968.596561428733,82081
2025-10-27,5815.15234375,5953.842546806283,5716.298688380095,5953.842546806283,433152
2025-10-28,5764.98779296875,5841.710032834228,5711.380586908897,5841.710032834228,392984
2025-10-29,5756.626953125,5809.250539966894,5744.331722554464,5797.44711861918,119742
2025-10-30,5763.51220703125,5773.348391359317,5697.117962816793,5754.167831919585,258697
2025-10-31,5740.88916015625,5808.267024881805,5729.577547830062,5781.709326376841,264794
2025-11-03,5725.15087890625,5802.856732257954,5680.396241849256,5738.42972726382,279737
2025-11-04,5795.9716796875,5823.021186890114,5709.9050658609995,5725.151151738836,363441
2025-11-06,5914.9892578125,6090.073333291111,5895.316889781196,6084.663432082502,1038063
2025-11-07,6056.63037109375,6068.433792036198,5816.627478597302,5872.201918867996,715809
2025-11-10,6033.02392578125,6158.927090776766,6021.22050406292,6088.5983697050515,395489
2025-11-11,5853.021484375,5867.2839516505965,5629.248290913053,5852.5296751586,2154927
2025-11-12,5783.67626953125,5872.201926717953,5745.315151417012,5853.021367660834,609987
2025-11-13,5755.64306640625,5821.053689992684,5739.905172009514,5805.315795595948,361321
2025-11-14,5708.4296875,5755.151563980788,5655.80610030585,5755.151563980788,415356
2025-11-17,5734.9873046875,5754.16786423495,5687.281810428458,5708.42960685257,332821
2025-11-18,5744.33154296875,5765.971148096372,5710.396707654979,5722.6919378411285,262201
2025-11-19,5778.2666015625,5786.135549185702,5709.413309859483,5754.167949466444,280409
2025-11-20,5723.67578125,5803.348875988142,5669.084957077569,5785.643743824111,641980
2025-11-21,5717.77392578125,5759.08589978483,5670.068431991402,5720.72478106722,320317
2025-11-24,5720.23291015625,5753.184127160847,5690.2325484057965,5719.741100947226,696665
2025-11-25,5770.88916015625,5781.708962570043,5695.150543259705,5720.232812491678,309271
2025-11-26,5784.16845703125,5807.775300491628,5747.28276412441,5768.922370629756,157291
2025-11-27,5731.052734375,5803.348688374238,5720.232931735658,5794.0043133675335,156675
2025-11-28,5750.2333984375,5756.13510907565,5700.068858013225,5731.052838863512,220417
2025-12-01,5718.265625,5760.069407413778,5704.986776468564,5729.577236711963,199275
2025-12-02,5779.25,5797.4469406859,5697.117862309591,5697.117862309591,290994
2025-12-03,5729.08544921875,5811.2175867429605,5716.790219050455,5811.2175867429605,308053
2025-12-04,5780.23388671875,5786.135597485416,5729.085726740978,5744.331812888198,239085
2025-12-05,5863.349609375,5876.136649288081,5742.856348655584,5759.086053160649,244408
2025-12-08,5751.708984375,5886.956523554404,5729.577568872916,5863.34968035218,185407
2025-12-09,5787.61083984375,5796.4634057102685,5685.314523163983,5754.167813236903,174714
2025-12-10,5733.02001953125,5868.267553662768,5716.790315435468,5807.283210999829,329466
2025-12-11,5751.216796875,5798.430480174127,5717.773771204785,5744.331468060544,115481
2025-12-12,5818.5947265625,5828.430910700041,5734.495352186523,5752.200483634097,202721
2025-12-15,5939.087890625,5955.809403400857,5761.052960482051,5818.594636798972,244119
2025-12-16,5966.62939453125,6044.335250477173,5933.186367921612,5960.235874738231,284337
2025-12-17,5996.13818359375,6015.810552962496,5951.875352514072,5960.727918730007,298257
2025-12-18,5941.54736328125,6034.007499387274,5914.006046143285,6031.548453214241,199067
2025-12-19,6003.0234375,6015.810477429133,5894.333598102367,5921.383105644765,179450
2025-12-22,5983.35107421875,6002.531634131173,5966.629560448946,6002.531634131173,206588
2025-12-23,5961.71142578125,6018.761295884419,5931.219253829556,5983.351031682452,216840
2025-12-24,5931.21923828125,5978.432923760106,5905.64515864687,5965.645883942916,97580
2025-12-26,5933.67822265625,5970.072104834167,5903.6778603204,5908.104143287984,65992
2025-12-29,5942.53076171875,5966.137604105781,5906.628688921806,5940.071715636767,103209
2025-12-30,5914.49755859375,5946.465157239068,5882.038150738504,5945.97334802914,205456
2025-12-31,5932.20263671875,5970.563754747606,5896.792373922883,5914.497505320816,179577
2026-01-01,5911.05517578125,5963.678763751014,5893.84185261357,5932.202972815828,138484
2026-01-02,5886.46435546875,5934.16984819834,5844.168763976535,5911.054815638642,265702
2026-01-05,5927.7763671875,5992.20337325251,5833.3489995197,5872.201926841347,468880
2026-01-06,6029.08935546875,6041.8763954591395,5851.054414064093,5941.055503227221,300112
2026-01-07,6083.68017578125,6168.271363350723,6056.630668128221,6098.434452682903,437361
2026-01-08,5934.66162109375,6057.613921190994,5848.103201825291,6054.1712567882705,641813
2026-01-09,5879.5791015625,6006.465877656446,5832.857226644186,5934.661733045143,139764
2026-01-12,5846.13623046875,5902.202481858792,5808.266920319335,5879.579257613688,228799
2026-01-13,5821.0537109375,5872.201867910929,5799.414106064127,5832.857131777522,327794
2026-01-14,5809.7421875,5848.103305812452,5771.872878396682,5796.955148062516,307200
2026-01-15,5809.7421875,5809.7421875,5809.7421875,5809.7421875,0
2026-01-16,5801.87353515625,5846.628175463041,5765.9714610639885,5778.758501151643,453904
2026-01-19,5846.13623046875,5872.202119272893,5782.692840737912,5801.87340042398,145915
2026-01-20,5787.61083984375,5896.300676316003,5765.971234392261,5846.136136405732,350070
2026-01-21,5707.44580078125,5802.364976959689,5692.19971548834,5773.840043185857,662863
2026-01-22,5834.82470703125,5877.120300828004,5723.675821007222,5754.167993279301,435081
2026-01-23,5739.41357421875,5866.30035246626,5718.265777844165,5852.529694361879,142248
2026-01-27,5789.578125,5827.939244074923,5709.905031536698,5743.348058422528,1044402
2026-01-28,5654.33056640625,5826.955601529203,5586.952703694442,5826.955601529203,442618
2026-01-29,5629.24853515625,5639.084719911022,5599.739980891933,5617.936922688262,343244
2026-01-30,5764.49609375,5791.053792671807,5616.9533219621835,5629.248552944501,806045
2026-02-02,5792.037109375,5802.365102862041,5604.165989753598,5639.084443924068,279213
2026-02-03,5785.6435546875,5877.611877088602,5725.6428309819685,5823.021054700782,349825
2026-02-04,5782.69287109375,5867.284057845589,5759.086028279283,5802.857049331107,160343
2026-02-05,5774.33203125,5849.08703242111,5748.757951901989,5759.08594548484,275290
2026-02-06,5814.16845703125,5820.070167527306,5709.904904934259,5773.840101974866,186858
2026-02-09,5747.28271484375,5818.595053852166,5697.60998215513,5803.840776815941,331118
2026-02-10,5777.28271484375,5796.955082988276,5751.2168270522525,5777.774524047363,276901
2026-02-11,5920.3994140625,6055.155140881999,5875.644774863324,5901.710663627679,771051
2026-02-12,6002.03955078125,6047.285997738958,5921.382840987074,5957.776722235665,455997
2026-02-13,5882.5302734375,5998.597253165888,5870.235042534069,5980.400311428811,159821
2026-02-16,6005.97412109375,6033.515437076492,5866.792113538106,5882.038199171409,255274
2026-02-17,6044.8271484375,6053.679714434724,5967.12129135076,6005.974219894129,164220
2026-02-18,6074.82763671875,6088.598295221675,6015.810528849072,6060.073359751331,193569
2026-02-19,6008.43310546875,6096.466953866794,5993.678829200921,6068.925638166847,127940
2026-02-20,5998.59716796875,6036.958287842618,5967.121377303013,6008.925161780945,388361
2026-02-23,6022.2041015625,6049.253609572785,5943.022814477848,6035.4829509493675,225252
2026-02-24,6061.548828125,6072.368631307049,5966.137836428753,5983.351159672921,193510
2026-02-25,6057.12255859375,6106.795291495501,6039.417426074314,6068.925980273374,253773
2026-02-26,6036.46630859375,6085.647230123763,5970.563873743533,6057.122295636355,245317
2026-02-27,5904.16943359375,6041.876009304391,5877.119927650589,6034.990680518859,350612
2026-03-02,5861.38232421875,5902.6942989825,5769.905808670445,5769.905808670445,185417
2026-03-04,5793.02099609375,5826.955833408502,5749.741783286529,5804.824417768446,293377
2026-03-05,5865.31689453125,5899.251731502796,5755.151626681594,5802.365312902875,211179
2026-03-06,5884.9892578125,5914.497811670828,5829.41481471265,5850.562611644451,348722
2026-03-09,5793.5126953125,5835.316479616537,5720.233120473658,5832.857433481006,245594
2026-03-10,5870.23486328125,5896.792561221698,5814.168612073638,5814.168612073638,283327
2026-03-11,5824.49658203125,5896.792537241805,5803.348785609115,5883.021879106461,298621
2026-03-12,5692.19970703125,5813.184770788783,5619.411945095824,5813.184770788783,996754
2026-03-13,5713.34765625,5784.659992494835,5633.182754126496,5655.80597803865,738522
2026-03-16,5746.298828125,5776.299190031507,5670.068400329778,5713.347610949001,350827
2026-03-17,5761.544921875,5772.3647245451875,5706.462290099498,5753.184165266219,260165
2026-03-18,5788.5947265625,5817.119662343352,5746.299132128824,5764.496073920057,301564
2026-03-19,5580.55908203125,5756.134969251234,5550.0669111415045,5704.003193213928,234382
2026-03-20,5526.4599609375,5655.313970883715,5500.394073429296,5641.051504133944,462806
2026-03-23,5400.0654296875,5498.919086460468,5385.802961794882,5498.427277222791,316325
2026-03-24,5423.18017578125,5508.263169379705,5315.965767662967,5498.42698514867,542905
2026-03-25,5554.4931640625,5643.510630212253,5445.803329702857,5445.803329702857,342559
2026-03-27,5409.9013671875,5534.820907848011,5393.179853870738,5508.263210227273,378825
2026-03-30,5334.16259765625,5442.36062194948,5276.620921100305,5390.228846608196,783793
2026-04-01,5384.3271484375,5447.278726351275,5344.49060303894,5429.573595063025,252740
2026-04-02,5352.8515625,5381.376497324054,5263.834093480109,5370.556694459758,444248
2026-04-06,5444.328125,5457.1151648599825,5313.506871047877,5331.212003161699,228390
2026-04-07,5451.21337890625,5461.541372496744,5295.801665830251,5403.016075483946,204113
2026-04-08,5502.853515625,5605.149836230058,5464.984204631781,5605.149836230058,482250
2026-04-09,5385.31103515625,5566.788639902612,5341.540013957263,5527.935710973174,624921
2026-04-10,5466.45947265625,5478.754703139058,5316.457660765997,5409.901412435335,339513
2026-04-13,5497.443359375,5521.05020149792,5354.8186882156915,5435.9672080132295,350782
2026-04-15,5561.87060546875,5630.232088726346,5508.755208405294,5577.11669166289,542939
2026-04-16,5494.49267578125,5612.035080857487,5443.836325476428,5547.608072217374,455115
2026-04-17,5641.54345703125,5655.80592414431,5477.279180625667,5509.738588538148,345936
2026-04-20,5606.625,5668.101151315789,5548.099703947368,5642.035263157894,610941
2026-04-21,5741.87255859375,5768.430256081036,5591.870748711857,5621.379301475508,270416
2026-04-22,5635.6416015625,5826.9553796415485,5622.854562410687,5777.774459826883,550506
2026-04-23,5578.591796875,5634.166236886185,5548.099626249394,5630.231763257075,408915
2026-04-24,5636.62548828125,5659.248712472938,5572.6902894786535,5614.002264089562,470926
2026-04-27,5623.83837890625,5708.921373182662,5595.805253624426,5655.805977911838,658091
2026-04-28,5569.24755859375,5641.0517040860395,5548.591571534324,5629.248282909225,249233
2026-04-29,5615.4775390625,5640.559808679963,5572.198328742173,5581.050894489512,363567
2026-04-30,5632.19921875,5657.773298332169,5551.542506221621,5626.297508077192,269033
2026-05-01,5632.19921875,5632.19921875,5632.19921875,5632.19921875,0
2026-05-04,5697.60986328125,5726.134798289478,5621.3794335178845,5636.133710246278,328011
2026-05-05,5738.921875,5746.790822639044,5640.560029511955,5680.396576934613,710839
2026-05-06,5688.265625,5783.676616807886,5669.5768740273215,5781.709379863393,438886
2026-05-07,5718.7578125,5794.98824429717,5639.576525278422,5703.019916903165,490345
2026-05-08,5429.57373046875,5561.3786000127375,5412.8522171683935,5541.706231424083,3173832
2026-05-11,5321.86767578125,5417.7704755943305,5306.621589657119,5415.311429445277,668220
2026-05-12,5246.62060546875,5336.129880890133,5227.9318556554945,5314.982085048817,655043
2026-05-13,5248.587890625,5295.309765588398,5193.013449879065,5257.4404564075385,405228
2026-05-14,5284.490234375,5308.588886909609,5223.014079949977,5255.965298721789,340218
2026-05-15,5317.44140625,5331.212064719756,5277.113049302859,5284.490187768799,151714
2026-05-18,5292.35888671875,5310.5558274127925,5202.8496108723775,5297.276978798221,374914
2026-05-19,5327.76904296875,5380.884436363066,5286.948879526822,5286.948879526822,271643
2026-05-20,5256.94873046875,5302.195178518438,5234.325506443905,5291.86718494188,462006
2026-05-21,5245.63720703125,5284.9819451301155,5205.3088504799125,5273.670332926691,485793
2026-05-22,5244.16162109375,5270.719318509024,5211.210403930355,5253.505996110235,498183
2026-05-25,5239.7353515625,5282.0309438503145,5222.522029119785,5282.0309438503145,284971
2026-05-26,5250.55517578125,5268.260307509249,5223.99747818925,5268.260307509249,193734
2026-05-27,5248.09619140625,5264.817704901499,5214.161355195301,5242.686289981316,195454
2026-05-28,5248.09619140625,5248.09619140625,5248.09619140625,5248.09619140625,0
2026-05-29,5119.2421875,5262.358670981843,5079.897449773033,5248.096203555818,1697949
2026-06-01,5073.01220703125,5144.324545375363,5038.093751704132,5122.68493925715,341856
2026-06-02,5033.17578125,5063.667954245652,4991.86380493331,5036.618445943058,458858
2026-06-03,4981.0439453125,5058.257995412625,4967.273286695917,5045.962764504961,334445
2026-06-04,5006.61767578125,5035.634418695896,4952.518663567504,4968.7483672316275,300651
2026-06-05,5036.6181640625,5050.880631278379,4987.929051842777,5011.535894131127,159398
2026-06-08,4995.30615234375,5019.896612875126,4953.994178651038,5010.552237873203,247859
2026-06-09,5023.8310546875,5041.044376950257,4980.551844426854,4996.289739067089,277222
2026-06-10,5086.291015625,5146.291741200928,5019.896770110653,5026.290290049072,322498
2026-06-11,5029.2412109375,5105.471641965792,5013.01150626696,5075.471278786916,295275
2026-06-12,5080.880859375,5093.6678986106745,5031.20813003642,5044.486978473466,242017
2026-06-15,5114.32421875,5171.865899064815,5095.143658645062,5163.9969513294545,226798
2026-06-16,5132.029296875,5146.783573722748,5084.815610962207,5114.324164657703,195644
2026-06-17,5146.29150390625,5153.176832753219,5105.963149231144,5134.488083025732,270826
2026-06-18,5159.07861328125,5163.9967053816135,5107.438646227434,5144.816146190196,391567
2026-06-19,5109.89794921875,5154.16078034769,5095.14367217577,5125.635844731262,273184
2026-06-22,5132.029296875,5144.324527581457,5101.537124722988,5119.734066168543,261961
2026-06-23,5155.14404296875,5189.078877825155,5110.881214895177,5132.029010530328,220646
2026-06-24,5176.2919921875,5204.325117465855,5131.537353585214,5133.996399662263,286835
2026-06-25,5151.2099609375,5211.702497236461,5121.701406645324,5176.292232085849,193478
2026-06-26,5151.2099609375,5151.2099609375,5151.2099609375,5151.2099609375,0
2026-06-29,5018.42138671875,5158.0952081444775,5001.699872886093,5147.275405076288,472081
2026-06-30,5062.1923828125,5091.209127258817,4992.355472450178,5028.257546087147,326609
2026-07-01,5175.80029296875,5189.570951292878,5031.208380565404,5062.192361794692,475937
2026-07-02,5285.96533203125,5304.654081809552,5175.8000701802075,5200.390530414816,374142
2026-07-03,5290.8837890625,5358.753463991913,5280.063985812883,5320.884152618255,226125
2026-07-06,5365.14697265625,5374.491348170089,5278.096737606277,5290.8837777831095,180876
2026-07-07,5357.76953125,5393.671603563314,5329.736406293028,5364.6548601868,109487
2026-07-08,5228.423828125,5380.392877404524,5189.5708996684225,5321.375770888204,233635
2026-07-09,5273.67041015625,5300.228108761905,5238.751954582148,5238.751954582148,174108
2026-07-10,5265.3095703125,5316.457729784992,5235.801016770678,5301.703453014081,143224
2026-07-13,5260.88330078125,5280.555669859613,5203.833430453997,5248.096260880314,132632
2026-07-14,5196.9482421875,5259.8998249451415,5149.734555119269,5158.095312204268,326899
2026-07-15,5228.423828125,5257.440572162191,5187.603662784545,5224.489354357245,208524
2026-07-16,5223.505859375,5279.08030265806,5207.276154699416,5223.997668607593,219782
2026-07-17,5323.8349609375,5329.244862514434,5212.194264758949,5224.9813048498845,199477
2026-07-20,5380.39306640625,5395.639152791862,5303.1790160017,5323.835004008013,227434
2026-07-21,5392.1962890625,5406.950565665188,5345.966222374077,5376.458394019633,158603
2026-07-22,5395.63916015625,5438.426563942012,5354.3271840872385,5388.753830811414,156506
2026-07-23,5299.736328125,5433.508440341963,5277.604912500869,5385.311135204969,284275
2026-07-24,5291.37548828125,5360.720589484676,5229.4075255037205,5294.818152880001,208047
2026-07-27,5296.29345703125,5347.441615591121,5255.473292026738,5311.047733538905,238867
2026-07-28,5388.75341796875,5419.737397646767,5291.867005324792,5291.867005324792,340199
2026-07-29,5427.11474609375,5490.558135513424,5398.589811315913,5409.409614162679,356551
2026-07-30,5434.0,5470.8856910127615,5392.688026065707,5437.442664494524,258715
2026-07-31,5416.5,5460.0,5364.0,5445.0,428290
2026-08-03,5531.0,5531.0,5401.0,5422.0,201410
2026-08-04,5478.0,5503.5,5393.5,5502.0,272040
2026-08-05,5440.0,5488.0,5406.0,5461.0,409191
2026-08-06,5404.0,5475.0,5363.5,5440.0,342179
2026-08-07,5510.0,5660.0,5500.0,5502.5,1342849
2026-08-10,5623.5,5643.5,5512.5,5512.5,327625
2026-08-11,5598.0,5652.0,5598.0,5650.0,332689
2026-08-12,5645.5,5645.5,5560.0,5598.0,257865
2026-08-13,5615.0,5689.5,5585.0,5624.0,215340
2026-08-14,5558.0,5630.0,5550.0,5614.5,246713
2026-08-17,5521.0,5588.5,5495.5,5546.0,189361
2026-08-18,5495.0,5561.0,5490.0,5543.5,281420
2026-08-19,5453.0,5550.0,5453.0,5495.0,251106
2026-08-20,5548.0,5555.0,5454.5,5454.5,200063
2026-08-21,5365.0,5533.0,5342.0,5527.5,704494
2026-08-24,5311.0,5385.0,5285.0,5385.0,260158
2026-08-25,5382.5,5382.5,5286.0,5310.5,361146
2026-08-26,5310.0,5388.5,5310.0,5370.0,119636
2026-08-27,5298.0,5360.5,5277.5,5315.0,222346
2026-08-28,5308.5,5355.0,5276.5,5298.0,246611
2026-08-31,5250.0,5302.0,5216.0,5302.0,334255
2026-09-01,5187.0,5256.0,5145.5,5230.0,235479
2026-09-02,5154.0,5172.0,5046.0,5135.0,325672
2026-09-03,5130.0,5146.0,5079.0,5131.5,225559
2026-09-04,5101.5,5160.5,5089.5,5155.0,269673
2026-09-07,5042.5,5126.0,5005.5,5126.0,307760
2026-09-08,5064.0,5091.5,5012.0,5036.0,280231
2026-09-09,5090.0,5113.0,5023.0,5064.0,190380
2026-09-10,5009.0,5108.0,4997.0,5108.0,263129
2026-09-11,4962.0,5012.5,4945.0,4996.0,194857
2026-09-15,4947.5,5022.5,4947.5,4990.0,209279
2026-09-16,4999.5,5036.5,4933.0,4947.5,250797
