Price,Close,High,Low,Open,Volume
Ticker,COLPAL.NS,COLPAL.NS,COLPAL.NS,COLPAL.NS,COLPAL.NS
Date,,,,,
2002-07-01,46.27593994140625,46.94922469805812,46.01319907082482,46.243099838314,51318
2002-07-02,45.799720764160156,46.735751503304705,45.48771218826578,46.325212584638045,130628
2002-07-03,45.832550048828125,46.817843113246674,45.52054158072085,45.94749789946782,84620
2002-07-04,45.668338775634766,46.1774079084459,45.65191622074535,45.98034727269315,48636
2002-07-05,45.668338775634766,46.47299385061487,45.65191622074535,46.47299385061487,86260
2002-07-08,46.702903747558594,47.62251187572692,45.9803562938053,46.30878741018963,168204
2002-07-09,46.14457702636719,47.42545651931156,45.99678400971386,46.63722375618605,71802
2002-07-10,45.865386962890625,46.30877081570988,45.58622362087719,46.30877081570988,71942
2002-07-11,45.635501861572266,46.14457108580755,45.50413142178428,46.14457108580755,41892
2002-07-12,45.88181686401367,46.27593312327903,45.48770060474831,45.651916130397225,42490
2002-07-15,47.2612190246582,47.589650025556345,46.02960277129019,46.96563312843363,175378
2002-07-16,46.686485290527344,47.62251605903085,46.47300705070941,47.26123979468806,117466
2002-07-17,46.06245803833008,46.63721241670496,45.86539738973165,46.47299688002643,70776
2002-07-18,46.6043701171875,46.949223767315175,46.01319815863808,46.01319815863808,41178
2002-07-19,46.21024703979492,47.0477472070288,45.98034631053425,46.34162246470104,56048
2002-07-22,46.06245803833008,46.29235878738794,45.89824250165154,45.98035026999081,66966
2002-07-23,46.078880310058594,46.27593594598105,45.98034998636715,45.98034998636715,49306
2002-07-24,45.96394348144531,46.19384430936807,45.536981937324654,45.980366043038835,95986
2002-07-25,45.96394348144531,47.622521973147364,45.3727663443138,47.58967684996032,52596
2002-07-26,45.586238861083984,46.111725627795764,45.323492971997595,46.111725627795764,83598
2002-07-29,44.830833435058594,45.81612647758735,43.845540392529834,45.52054056941255,95712
2002-07-30,43.92765808105469,45.48770575122299,43.84555030894057,45.48770575122299,107696
2002-07-31,43.911231994628906,44.912947736192535,43.352900191425334,44.338193377594095,92320
2002-08-01,44.2889289855957,45.126424151819386,44.02618314396509,44.33819163838765,28946
2002-08-02,44.075439453125,44.76514656170559,43.53353030456838,43.878383858858676,26878
2002-08-05,44.2889289855957,44.469562053472906,43.87839017412915,44.33819163838765,25344
2002-08-06,43.99333953857422,44.25608538918798,43.74701624327261,44.00976209388638,36222
2002-08-07,43.84554672241211,44.60093916636371,43.73059384627111,44.30534820405554,77190
2002-08-08,43.92765808105469,44.00976585316881,43.84555030894057,44.00976585316881,31530
2002-08-09,44.27250671386719,44.33819192182972,43.106575479556675,43.681329819284095,46346
2002-08-12,44.190406799316406,44.33819979634535,44.04261380228746,44.04261380228746,22110
2002-08-13,44.38746643066406,44.666634903394865,43.84555705590599,44.091880410152655,28252
2002-08-14,44.075439453125,44.600931060753965,41.71073724171344,44.00975425503623,31026
2002-08-15,44.075439453125,44.075439453125,44.075439453125,44.075439453125,0
2002-08-16,44.22325134277344,44.50241981854449,44.00977310468606,44.206833794814045,25524
2002-08-19,44.33821105957031,44.486004094143084,43.79630159564937,44.17399546305338,22056
2002-08-20,44.256080627441406,44.40387358642848,44.17397287117528,44.33818838370753,21878
2002-08-21,44.075439453125,44.617353613141,43.435000001705525,43.517107752181346,21746
2002-08-22,43.81269836425781,44.173974509814244,43.73059060494589,44.173974509814244,30964
2002-08-23,44.09186935424805,44.30534753648155,43.878391172014545,43.878391172014545,29186
2002-08-26,44.157562255859375,44.338200370773265,43.845553699986894,44.17398481384447,25266
2002-08-27,44.91294479370117,45.0607377596517,44.173974952488535,44.288927821261154,54562
2002-08-28,45.159271240234375,45.816133367365055,44.765154966248026,44.765154966248026,49886
2002-08-29,44.7322998046875,45.47126953167504,44.256075871809585,45.47126953167504,58072
2002-08-30,44.863685607910156,44.995056029690076,44.502409430824855,44.995056029690076,21416
2002-09-02,44.81441879272461,45.50412604882609,44.584518044510936,44.99505688469981,64030
2002-09-03,44.7322998046875,45.5533772791181,44.3546061710331,44.3546061710331,23782
2002-09-04,44.51883316040039,44.666626141665276,44.354617623114855,44.584518373022505,15044
2002-09-05,44.502418518066406,44.97864265858738,44.35462551052009,44.518841077007416,44252
2002-09-06,44.485984802246094,44.81441585285176,44.37103694141018,44.65020032754893,25488
2002-09-09,44.354610443115234,44.46955829373138,44.25608013440163,44.354610443115234,21456
2002-09-10,44.354610443115234,44.354610443115234,44.354610443115234,44.354610443115234,0
2002-09-11,44.38746643066406,44.568104559403906,44.30535864591517,44.35462632364139,44496
2002-09-12,44.420310974121094,44.502418757807085,44.206832741122085,44.22325028869015,41270
2002-09-13,44.354610443115234,44.42029564510442,44.27250268776384,44.27250268776384,18374
2002-09-16,43.99333953857422,44.33819315428852,43.91123177347368,44.33819315428852,35248
2002-09-17,43.960506439208984,44.09187687970375,43.76344576700576,44.00976910152925,16260
2002-09-18,43.911231994628906,44.10829263644678,43.68133125348159,43.845546784509715,36406
2002-09-19,43.89480972290039,44.009762599947074,43.582801214222684,43.99334004444607,32840
2002-09-20,43.61565017700195,44.33819757971252,43.4021669595565,44.33819757971252,23048
2002-09-23,43.59922790527344,44.30535275565211,43.56638279115595,44.30535275565211,13188
2002-09-24,43.59922790527344,44.256090095936685,43.23795169582432,43.48427501732304,46944
2002-09-25,43.18868637084961,43.92765628974247,43.10657860208374,43.68133298344485,38266
2002-09-26,43.13941192626953,43.51710555480304,43.040881628381925,43.51710555480304,10680
2002-09-27,43.237945556640625,43.35289842826931,42.94235961739555,43.35289842826931,32130
2002-09-30,43.3200569152832,43.68133310342961,42.86025541351552,43.68133310342961,43376
2002-10-01,43.12300491333008,43.38575079855319,41.62864238936826,42.696043476275136,55428
2002-10-02,43.12300491333008,43.12300491333008,43.12300491333008,43.12300491333008,0
2002-10-03,43.435001373291016,43.64847952668557,43.12299291392223,43.12299291392223,45212
2002-10-04,43.59922790527344,43.84555122677215,43.13942637639348,43.84555122677215,38790
2002-10-07,44.124725341796875,44.30535845831039,43.205117154210996,43.205117154210996,53662
2002-10-08,43.84554672241211,44.338193314798765,43.48427055007778,43.48427055007778,42888
2002-10-09,43.33647537231445,43.632066319600824,43.20510495893831,43.402160579002526,56550
2002-10-10,43.59922790527344,43.77986600999799,43.1886890361089,43.20511159316764,45916
2002-10-11,43.59922790527344,43.697758236165086,43.23795169582432,43.3857496978922,47260
2002-10-14,43.549957275390625,44.33818975534616,43.20510368611262,44.33818975534616,20616
2002-10-15,43.549957275390625,43.549957275390625,43.549957275390625,43.549957275390625,0
2002-10-16,43.59922790527344,44.17398232210378,43.451434914666365,43.68133567910634,122306
2002-10-17,43.681331634521484,43.97691758836644,43.517116102060875,43.97691758836644,32664
2002-10-18,43.61565017700195,44.009766486529465,43.41858951650781,43.68133539334641,56728
2002-10-21,43.681331634521484,43.763439400751786,43.38574568067653,43.50069354652275,31172
2002-10-22,43.53353500366211,43.944073800355525,43.35289693082502,43.944073800355525,38494
2002-10-23,43.81269836425781,43.94407378603284,43.352896916695016,43.352896916695016,41202
2002-10-24,43.63207244873047,44.124719085284624,43.435011789524516,43.435011789524516,38878
2002-10-25,43.02447509765625,43.91123808592643,42.5318284362327,43.68133731288764,66810
2002-10-28,43.13941192626953,43.32004495902783,42.69602809150487,43.02445907682414,53768
2002-10-29,42.94235610961914,43.23794202471907,42.69603284321597,43.04088641847234,18340
2002-10-30,41.82569122314453,43.23794315052284,41.71074086364268,42.74529660488926,86808
2002-10-31,40.758304595947266,42.334772588609106,40.57766896962424,42.05560912221828,109364
2002-11-01,41.448001861572266,42.00633620865998,40.3970233934653,40.54481637919804,58158
2002-11-04,41.874969482421875,42.48256908341804,41.38232278262868,41.628646132525276,15196
2002-11-05,41.924232482910156,42.36761398862171,41.80928209338947,42.36761398862171,15784
2002-11-06,41.924232482910156,41.924232482910156,41.924232482910156,41.924232482910156,0
2002-11-07,42.20340347290039,42.36761905061596,41.74359935415063,41.792864528611474,49658
2002-11-08,42.15413284301758,42.597511812236824,42.03917995574179,42.203395502443904,27076
2002-11-11,41.80927276611328,43.0080440681903,41.103145522687505,43.0080440681903,54020
2002-11-12,41.6614875793457,41.98991870335431,41.10315567082332,41.10315567082332,23098
2002-11-13,41.43157958984375,42.20339209589898,41.11956857285619,41.710745495557745,28604
2002-11-14,41.61222839355469,41.825709156005544,41.46443536879001,41.57938577757709,17756
2002-11-15,41.67790603637695,42.03917973608788,38.75486881920602,41.382317552711505,39694
2002-11-18,42.219818115234375,42.36761110516956,41.89138702139586,42.039180011331034,40232
2002-11-19,42.219818115234375,42.219818115234375,42.219818115234375,42.219818115234375,0
2002-11-20,42.18696594238281,42.4004491245335,41.89138001197101,42.36760401606111,46122
2002-11-21,42.515411376953125,43.944088884432475,41.80928640884271,42.36761836170463,159756
2002-11-22,42.269073486328125,42.94235811489572,42.20338828117859,42.778142596291914,45492
2002-11-25,42.25265884399414,42.61393505715552,42.07202574887431,42.28550395844913,33238
2002-11-26,42.46614456176758,42.61393756258257,42.285506444566515,42.384036782263564,44714
2002-11-27,42.531837463378906,42.99163910704683,42.433307107889476,42.58110013539259,35914
2002-11-28,42.646785736083984,42.95879431827319,42.53183283195356,42.597518057973154,43086
2002-11-29,42.36762237548828,42.761738790642255,42.252669457481566,42.36762237548828,59216
2002-12-02,42.18696594238281,42.679612500709105,42.03917297717691,42.679612500709105,101248
2002-12-03,42.269073486328125,42.630349631840474,42.121280521876685,42.367603799782394,50892
2002-12-04,43.82913589477539,44.17398960401355,42.12129491981217,42.30193305431422,258212
2002-12-05,44.321781158447266,45.45486758449548,44.059035245235435,44.0754578044602,287836
2002-12-06,44.7322998046875,44.995045598797134,43.86195968637474,44.58450686158183,108854
2002-12-09,43.861976623535156,45.15927853179261,43.5335455069403,44.814424857075785,84600
2002-12-10,44.76515579223633,44.99505653868204,43.12300044410925,43.139422999882605,102168
2002-12-11,44.27250671386719,45.3563301853595,44.026183425412576,45.3563301853595,91672
2002-12-12,44.321781158447266,44.61737219010863,43.8455570096979,44.61737219010863,57722
2002-12-13,44.30535888671875,44.50241957577171,44.04261798326347,44.33820400538141,37676
2002-12-16,43.61565017700195,44.33819757971252,43.51711984675488,44.33819757971252,56680
2002-12-17,43.56637954711914,44.00976349738593,43.36932391146979,44.00976349738593,37140
2002-12-18,44.27250671386719,44.502407447466126,43.36932132286695,43.714174928995426,54488
2002-12-19,44.30535888671875,44.50241957577171,43.5171261534299,44.108303209127286,140974
2002-12-20,44.27250671386719,44.58451521028433,43.714174928995426,44.33819192182972,30276
2002-12-23,44.321781158447266,44.42031150233439,43.566388537261304,43.91124223513549,53434
2002-12-24,44.190406799316406,44.32177723857302,43.76344535454088,44.30535468080069,48904
2002-12-25,44.190406799316406,44.190406799316406,44.190406799316406,44.190406799316406,0
2002-12-26,44.256080627441406,44.40387358642848,43.84554184611078,44.30534327661719,42000
2002-12-27,44.30535888671875,45.15928185733292,43.024479442259,43.024479442259,96648
2002-12-30,44.124725341796875,44.2396732330817,43.6320786353896,44.0097724390506,40246
2002-12-31,44.2889289855957,44.321769083636966,43.79628241183584,43.79628241183584,32476
2003-01-01,44.2889289855957,44.30534652888628,43.89480771741973,43.89480771741973,27522
2003-01-02,44.27250671386719,44.33819192182972,43.681329819284095,44.33819192182972,75754
2003-01-03,44.2889289855957,44.33819163838765,43.74701474758379,43.77985985708516,43966
2003-01-06,44.30535888671875,44.33820400538141,43.92766507940566,44.04261798326347,36750
2003-01-07,44.17397689819336,44.33819242569594,43.9112310518972,44.33819242569594,40056
2003-01-08,44.27250671386719,44.42029968464792,44.04260598026824,44.30534681211839,91572
2003-01-09,44.17397689819336,44.23966210690235,43.94407616198178,44.00976137069078,35468
2003-01-10,44.30535888671875,44.37104912404407,43.61565649795638,43.84555729421051,74106
2003-01-13,44.4531364440918,44.666614582734425,43.77985191316315,44.63376947919285,82334
2003-01-14,44.2889289855957,44.371036747889015,44.02618314396509,44.04260569871577,35688
2003-01-15,44.30535888671875,44.35462656471274,44.0590355311333,44.35462656471274,43886
2003-01-16,44.075439453125,44.25607750646367,43.69774580552001,44.108284557899076,71898
2003-01-17,44.2889289855957,44.33819163838765,44.00976058921441,44.30534652888628,36282
2003-01-20,44.141136169433594,44.272511611351725,44.00976573897615,44.272511611351725,55528
2003-01-21,43.92765808105469,44.075451068567965,43.714179878142254,44.02618840988377,63434
2003-01-22,44.23967361450195,44.33820395892519,43.74702690384723,43.81271212964222,97130
2003-01-23,43.89480972290039,44.354616219626784,43.747016746312035,44.354616219626784,54428
2003-01-24,43.960506439208984,44.206829773732466,43.747023209078655,43.84555354518026,92560
2003-01-27,43.92765808105469,44.17398139739705,42.778149271456996,44.17398139739705,144076
2003-01-28,44.71590042114258,44.96222379109701,43.5335512522384,44.66663775173641,108104
2003-01-29,44.2889289855957,44.83083821214751,44.09186835150772,44.33819163838765,53626
2003-01-30,44.190406799316406,44.74873868334855,43.87839824748618,44.74873868334855,87048
2003-01-31,44.30535888671875,44.91295850174747,43.76344950901535,44.009772864600805,102272
2003-02-03,44.141136169433594,44.272511611351725,43.911235410402725,44.15755872610595,32606
2003-02-04,43.94408416748047,44.99506273266659,43.84555383073715,44.99506273266659,78212
2003-02-05,43.58280944824219,44.33820204086021,43.3857537793818,44.27251681790675,36896
2003-02-06,43.53353500366211,43.845543486857125,43.36931948498474,43.68132796817976,17120
2003-02-07,43.1065788269043,43.549962785136664,43.024471057710194,43.352902134486605,64164
2003-02-10,42.36762237548828,43.02448473789895,42.03919119428294,43.02448473789895,79620
2003-02-11,42.13771057128906,42.66319731741643,41.77643436151458,42.531826883749794,47186
2003-02-12,42.285518646240234,42.646794984890235,42.039195236650485,42.646794984890235,63684
2003-02-13,42.285518646240234,42.285518646240234,42.285518646240234,42.285518646240234,0
2003-02-14,41.924232482910156,42.318351325777535,41.743594366712955,41.95707509338313,55936
2003-02-17,41.480857849121094,43.10659114130061,41.25095452626224,43.10659114130061,142754
2003-02-18,41.694313049316406,42.039166590042186,41.61220530207023,41.71073560105748,49014
2003-02-19,42.285518646240234,42.53184205582998,41.57939103760336,41.612233657735736,60700
2003-02-20,42.94235610961914,43.18867937602231,42.05559335285967,42.367601821345076,117446
2003-02-21,43.221527099609375,43.35289751172758,42.77814318865544,42.876673503474095,40404
2003-02-24,43.33647537231445,43.58279865598974,42.87667391403792,43.58279865598974,34654
2003-02-25,43.15584945678711,43.320065025513784,42.74531053497041,43.320065025513784,29438
2003-02-26,42.696044921875,43.68133826622596,42.40045892315415,43.68133826622596,41902
2003-02-27,43.1065788269043,43.303639477554356,42.44971667335147,42.44971667335147,73180
2003-02-28,43.517120361328125,44.38746076397036,43.35290481279481,43.68133590986144,125044
2003-03-03,42.712459564208984,43.352899117055266,42.61392924574182,43.352899117055266,66594
2003-03-04,42.56466293334961,43.51711090325198,42.21980935408849,42.21980935408849,30944
2003-03-05,42.36762237548828,43.25438556245026,41.87497560368028,43.25438556245026,60394
2003-03-06,42.170536041259766,42.942350852757194,41.90779275936513,42.942350852757194,33384
2003-03-07,42.13771057128906,42.36761133593608,41.546533596867555,41.87496469249497,101102
2003-03-10,41.64506149291992,42.69603993518625,41.43158079209793,42.53182439697399,55826
2003-03-11,41.85853958129883,42.0391776751639,41.38231552398946,41.989912512679766,43872
2003-03-12,41.924232482910156,42.12129065147857,41.54653619814455,41.710751756239986,52520
2003-03-13,42.08843994140625,42.13770760916351,41.62863844443455,41.79285398070451,32202
2003-03-14,42.08843994140625,42.08843994140625,42.08843994140625,42.08843994140625,0
2003-03-17,41.54652786254883,42.13770475537514,41.43157749609095,42.03917443799407,68512
2003-03-18,41.54652786254883,41.54652786254883,41.54652786254883,41.54652786254883,0
2003-03-19,41.25094223022461,41.97349209360714,41.05388408774946,41.97349209360714,35182
2003-03-20,40.955360412597656,41.71075300473952,39.46100029263789,39.46100029263789,41606
2003-03-21,40.56124496459961,41.283792455603844,40.413451956899415,40.44629456908494,58646
2003-03-24,40.38059616088867,40.725449761971575,40.2984883992718,40.725449761971575,53096
2003-03-25,39.65804672241211,40.23280102273692,39.47740865430378,40.23280102273692,58946
2003-03-26,39.510257720947266,39.90437399265675,38.754865276818904,39.444570005175585,48952
2003-03-27,39.690895080566406,39.90437578136586,39.41172916678109,39.90437578136586,100202
2003-03-28,40.134273529052734,40.23280384688816,39.575941743265496,40.00290311291226,30878
2003-03-31,39.98649215698242,41.71075567915209,39.70732618311064,39.920806929858756,52942
2003-04-01,39.64164352416992,41.0210560219014,39.592380850387215,41.0210560219014,30770
2003-04-02,39.690895080566406,40.34775723334609,39.608787311468944,39.608787311468944,10548
2003-04-03,39.65804672241211,40.72544756587248,39.5102537617634,39.855104838520354,24430
2003-04-04,39.8551139831543,40.068594701974845,39.5102628272723,39.90437914991757,46912
2003-04-07,40.33134078979492,40.561241561535724,39.75658635471243,39.77300640656221,36396
2003-04-08,40.39702606201172,40.51197644803395,39.90437940271889,40.232810508914106,44686
2003-04-09,39.7894287109375,40.21638764227205,39.75658610171645,40.1342798663542,22170
2003-04-10,40.39702606201172,42.0391815929878,39.78942901669666,40.052172398214545,132132
2003-04-11,40.791141510009766,41.26736810719068,40.085016651458446,41.26736810719068,79980
2003-04-14,40.791141510009766,40.791141510009766,40.791141510009766,40.791141510009766,0
2003-04-15,41.0703010559082,41.3166243269215,40.42985904783571,41.3166243269215,80106
2003-04-16,40.34775924682617,41.03746404051723,40.23280886549939,41.03746404051723,116460
2003-04-17,40.955360412597656,41.333056708668586,40.26565554909848,40.70903706808148,53988
2003-04-18,40.955360412597656,40.955360412597656,40.955360412597656,40.955360412597656,0
2003-04-21,41.03746795654297,41.135998296071314,40.577666387359,40.74188194941917,52392
2003-04-22,41.95708465576172,42.61394703784801,40.791152925266104,41.382330071436215,112048
2003-04-23,41.80927276611328,42.5318200582471,41.61221213577679,42.03917349386586,88502
2003-04-24,41.940643310546875,42.15412649599255,41.053880494164915,41.053880494164915,124016
2003-04-25,42.236236572265625,42.367606992464346,41.23452083100445,41.23452083100445,99510
2003-04-28,42.416873931884766,43.15584389593475,42.055602734114586,42.69604236733241,61284
2003-04-29,42.761722564697266,42.975205758351755,42.05559779762984,42.794567674939564,62576
2003-04-30,42.613929748535156,42.6960375129832,42.03917539739884,42.03917539739884,54548
2003-05-01,42.613929748535156,42.613929748535156,42.613929748535156,42.613929748535156,0
2003-05-02,42.597503662109375,43.10657276177854,41.89137895097655,42.36760294300519,89748
2003-05-05,43.53353500366211,49.26465560321025,42.400448927080255,43.35289693082502,124202
2003-05-06,43.435001373291016,44.00975564477124,42.69603159567359,42.69603159567359,78538
2003-05-07,43.58280944824219,43.69776234700671,42.72889152692461,43.07374020029561,101502
2003-05-08,42.778141021728516,43.500688274698014,42.712455818996695,43.500688274698014,72834
2003-05-09,42.597503662109375,43.28721083088176,42.36760294300519,42.36760294300519,112030
2003-05-12,43.12300491333008,43.35290568360245,41.11957317639741,41.11957317639741,89400
2003-05-13,43.12300491333008,43.32006056865171,42.53182792444331,42.53182792444331,97818
2003-05-14,43.20511245727539,43.33648289345115,43.02447434893805,43.33648289345115,66772
2003-05-15,43.79627990722656,43.976912964773774,42.039171890050675,42.039171890050675,115802
2003-05-16,43.48426818847656,44.256083145883025,43.35289777555888,44.009759863067345,163618
2003-05-19,42.92593765258789,43.68133007726878,41.464420468084086,43.45142934231203,282488
2003-05-20,43.435001373291016,43.61563943233385,42.92593230197377,43.51710912635962,137022
2003-05-21,43.53353500366211,43.92765124619581,43.122996206968686,43.59922020884107,76944
2003-05-22,43.53353500366211,43.993336451374766,43.04088844763,43.04088844763,38172
2003-05-23,43.71418380737305,44.3053558105634,43.12300679272154,44.3053558105634,116026
2003-05-26,44.09186935424805,44.33819264672988,43.73059318735727,44.33819264672988,83566
2003-05-27,43.59922790527344,44.66662896510122,43.41858980054888,44.02618933149671,61606
2003-05-28,43.6649055480957,43.960496489498546,43.5335351373344,43.5827977885049,51426
2003-05-29,43.79627990722656,43.91122776098753,43.50068897299875,43.681327042005776,133250
2003-05-30,43.517120361328125,43.84555145839475,43.40216747277047,43.40216747277047,166228
2003-06-02,43.69776153564453,43.94408487574235,43.45143819554672,43.71418409394329,100020
2003-06-03,43.63207244873047,43.76344288056062,43.352904016765486,43.352904016765486,106822
2003-06-04,43.517120361328125,44.3053529897037,43.40216747277047,44.3053529897037,181840
2003-06-05,44.075439453125,44.33818525693948,43.59921550265716,43.66490070074593,108232
2003-06-06,48.57495880126953,50.578390561876304,44.66663062607258,44.66663062607258,1555892
2003-06-09,49.28108215332031,50.03647460277909,48.607797469857914,49.26465959782897,513844
2003-06-10,46.686485290527344,49.18256399889565,46.21026113222935,48.64065461384303,534606
2003-06-11,45.12643051147461,46.916383990894495,44.92937486107572,46.916383990894495,330820
2003-06-12,44.63376998901367,45.79970101762834,44.453136951849366,45.32347707959114,219388
2003-06-13,44.58450698852539,45.32347671761697,44.37102884914928,44.94578308288718,136606
2003-06-16,44.7322998046875,45.29063148500847,44.50239911413877,44.84725265569146,105196
2003-06-17,44.4531364440918,44.99504557231335,44.33818359315549,44.683037134505206,112846
2003-06-18,45.84897232055664,47.179113940183264,44.79798904913167,44.830834155661066,388110
2003-06-19,46.62080001831055,48.9033954731735,45.94751516894365,46.292368873396114,526212
2003-06-20,46.47299575805664,46.965642356198586,46.193827347858736,46.883534589841595,180554
2003-06-23,45.47127914428711,46.965641465950306,45.32348616993806,46.965641465950306,134444
2003-06-24,45.9803581237793,46.30878925323486,45.323495864868164,45.48771142959595,89260
2003-06-25,45.635501861572266,46.57153253231007,45.50413142178428,46.30878664127305,101218
2003-06-26,45.504127502441406,46.11172199845408,45.19211897622294,45.91466635574481,161430
2003-06-27,45.47127914428711,45.91466307879452,45.30706361468589,45.65191722914051,109830
2003-06-30,45.20853805541992,45.947508016444324,45.11001273645196,45.65192203661888,127298
2003-07-01,44.94579315185547,45.55338761390475,44.83084027477192,45.20853399411444,104872
2003-07-02,45.47127914428711,46.637210406747855,44.995055110735606,45.32348616993806,263608
2003-07-03,45.48768997192383,46.60435328073043,45.3563195866968,46.14455192097687,280036
2003-07-04,45.29063415527344,46.07887158407558,45.19210886170022,45.52053987083624,169278
2003-07-07,45.553401947021484,45.89825567531805,45.454871594442196,45.454871594442196,127602
2003-07-08,45.32350158691406,45.881833575185105,45.175708562292606,45.65193275783373,104034
2003-07-09,44.46956253051758,45.487700798460686,44.33819211402305,45.01147677434284,161952
2003-07-10,44.65019607543945,45.98034270601246,44.33818760936916,44.33818760936916,106498
2003-07-11,47.01491928100586,47.507566028671846,44.51884543304198,44.79800891650892,964788
2003-07-14,47.35976028442383,48.93623045576057,47.14628208903324,47.62250614822337,541936
2003-07-15,49.149715423583984,49.59309944305673,46.02961976325923,47.622512710220036,1328832
2003-07-16,49.264652252197266,50.24994529724121,48.328621854821684,49.88866917614126,760674
2003-07-17,47.31049346923828,49.85583409137527,47.04774762853212,49.264657202651435,314304
2003-07-18,49.149715423583984,49.57667688465751,47.12986602701086,48.60780607663838,700976
2003-07-21,48.73917770385742,50.857562502241116,48.312221243882455,49.921531776840816,676038
2003-07-22,47.44186782836914,49.231816186596966,47.162704421219395,48.64064426018081,320870
2003-07-23,47.425445556640625,48.49284655784548,47.06417437849377,47.819566858561615,162532
2003-07-24,48.72275924682617,49.248246038315365,47.228396630430794,47.75388342191999,335666
2003-07-25,47.96735763549805,48.607797204481244,47.78671954900014,48.607797204481244,117838
2003-07-28,47.671783447265625,49.10046107510605,47.45830518630651,48.54212907520662,160318
2003-07-29,47.950931549072266,48.21367738177013,46.96563843505024,47.63892306525727,123810
2003-07-30,47.39261245727539,48.542121397624946,46.99849610859066,47.950944368867205,152306
2003-07-31,48.08230972290039,48.44358592762289,47.3269222226891,47.55682298412126,199366
2003-08-01,47.90167999267578,48.50927454684108,47.62251154112612,47.96736521319891,130742
2003-08-04,48.83769607543945,49.051179264565185,47.62250219415645,48.230101640528005,237660
2003-08-05,49.166133880615234,50.08574194818555,48.14800049379089,49.3467719850156,507502
2003-08-06,48.525691986083984,49.92152407367016,48.27936867650996,49.72446342142671,450046
2003-08-07,48.936248779296875,49.264679979157926,48.443601979505296,48.772033179366346,288434
2003-08-08,48.689910888671875,49.42888086843249,48.44358756208501,48.64064822793887,166330
2003-08-11,48.91981506347656,49.75731543446778,48.77202205952782,48.93623762201781,247858
2003-08-12,48.72275924682617,49.72447016579225,48.312220341852786,49.248246038315365,399376
2003-08-13,48.27936553955078,49.10044318478124,48.11515001050469,49.067598074387924,222028
2003-08-14,48.32863998413086,49.1989855072843,48.01663140511646,48.54212323084916,269942
2003-08-15,48.32863998413086,48.32863998413086,48.32863998413086,48.32863998413086,0
2003-08-18,51.005367279052734,53.15659268001091,48.607818473667194,48.93624967957035,1265288
2003-08-19,49.855838775634766,52.450442294169164,49.264661831366254,51.366618731586996,775304
2003-08-20,50.135005950927734,51.05461404313432,49.92152773821055,50.578389945292265,303100
2003-08-21,49.49457550048828,50.52913667580441,49.33035991819637,50.479868994239716,249886
2003-08-22,49.06760787963867,50.21711681266933,48.72275920889846,49.82300046649392,303116
2003-08-25,47.91810989379883,50.24997340954571,47.655368943964575,49.49458065011627,334420
2003-08-26,48.96907424926758,49.18255243890908,48.47642764720839,48.50926774713611,152050
2003-08-27,48.985496520996094,49.85584194217223,48.85412608568616,49.37961784984764,211878
2003-08-28,48.36146926879883,49.2482320493643,47.98377558809163,48.93622357250272,275026
2003-08-29,48.131561279296875,49.19896196780091,47.81955284956443,48.607785199568404,204906
2003-09-01,48.39432144165039,49.03476104269916,48.27936855954344,48.57495452573194,154522
2003-09-02,49.10045623779297,50.414180819406155,48.640654638812975,48.75560253282719,454314
2003-09-03,48.131561279296875,49.560233040111456,47.98376834010351,49.560233040111456,251432
2003-09-04,48.23011016845703,49.264666153087475,48.115157276182096,49.264666153087475,166380
2003-09-05,48.04946517944336,48.739167399990414,47.96735741427393,48.739167399990414,160776
2003-09-08,48.37791061401367,48.93624258076358,48.180849914472866,48.68991921206847,236448
2003-09-09,47.91810989379883,48.68992521545851,47.7867394188817,48.476446940852576,165098
2003-09-10,47.85240936279297,48.14800035407971,43.681335473962406,47.2940775056435,142118
2003-09-11,48.09873962402344,49.26467117751698,47.95094661278319,49.26467117751698,151924
2003-09-12,47.409027099609375,48.36147520084837,47.29407422018448,47.359759432087095,142994
2003-09-15,46.76858139038086,47.901672567474876,46.653633525148635,47.901672567474876,120064
2003-09-16,46.834285736083984,47.1134492170875,46.02962537949396,46.998501317190225,162854
2003-09-17,46.390892028808594,47.458293084338706,46.193831367818724,47.294077537334076,156562
2003-09-18,45.865386962890625,46.62077926217634,44.748723571918234,46.62077926217634,135560
2003-09-19,45.43844223022461,46.2102522665738,45.3234893468621,45.3563344596687,210516
2003-09-22,44.9786376953125,45.931090882715125,44.5024136073416,45.931090882715125,236816
2003-09-23,45.29063415527344,45.32347926077083,44.50240173793078,44.50240173793078,224716
2003-09-24,45.81613540649414,46.292359467567024,45.027902823439746,45.89824317603983,159948
2003-09-25,45.32350158691406,46.58796359953956,45.15928600145423,45.65193275783373,318602
2003-09-26,46.013187408447266,46.12813525732705,45.192109867336214,45.37274291721296,123800
2003-09-29,46.3251953125,46.6043586662317,45.405587475265996,45.43843258109774,158472
2003-09-30,46.423728942871094,46.53867679859437,45.6683365577842,46.046030244597695,110676
2003-10-01,46.259521484375,46.63721523699168,45.84898261785219,46.39089191707799,148724
2003-10-02,46.259521484375,46.259521484375,46.259521484375,46.259521484375,0
2003-10-03,46.53866958618164,46.637199884003046,46.02960055698696,46.04602310853372,121866
2003-10-06,47.2612190246582,47.45827962978083,46.58793948198451,46.63720212753549,179966
2003-10-07,47.91810989379883,48.115170617636906,46.9656614219937,47.458308220126504,252760
2003-10-08,47.622528076171875,48.213705289065196,47.29409684806035,47.95095930428341,211086
2003-10-09,47.622528076171875,47.786743690227645,46.47301877778152,46.83429513328934,138394
2003-10-10,48.23011016845703,48.44358838386935,47.376187283885784,47.622510614651226,224074
2003-10-13,48.62421798706055,49.21539487974489,47.721032598961166,48.607795432257625,232552
2003-10-14,48.5421257019043,49.166142891698925,47.786733043258046,48.60781093059925,287790
2003-10-15,48.312225341796875,49.16614334563873,48.0823195220493,49.16614334563873,284922
2003-10-16,48.21369552612305,49.428889821774646,47.950949594545506,49.10045866016817,396928
2003-10-17,47.376182556152344,48.77201462453118,46.99848882458697,48.607799087074845,162104
2003-10-20,46.06245803833008,47.6225056367762,45.98035026999081,46.65363497266491,247452
2003-10-21,45.88181686401367,46.89995512762097,45.48770060474831,45.48770060474831,214650
2003-10-22,45.504127502441406,46.555105964606,45.323489404695785,45.323489404695785,156636
2003-10-23,45.536983489990234,45.914682373670836,44.99507401916191,44.99507401916191,73660
2003-10-24,45.88181686401367,46.11171759763012,44.56809265882239,45.15926955345049,135014
2003-10-27,45.68476486206055,46.620790425592624,45.4055964417405,46.620790425592624,123540
2003-10-28,45.01148223876953,45.98035295955369,44.84726669248541,45.07716745499103,90566
2003-10-29,45.093589782714844,45.73402940767561,44.99505945315302,45.73402940767561,85808
2003-10-30,45.47127914428711,45.63549467388833,44.86368469163873,45.159270640336835,122422
2003-10-31,45.224971771240234,45.61908817873896,45.02791607322188,45.02791607322188,115968
2003-11-03,45.372745513916016,45.96392237964122,45.12642223748551,45.12642223748551,163426
2003-11-04,45.0443229675293,45.81613805038171,44.995060307543326,45.73403027609787,177698
2003-11-05,44.89652633666992,45.32348773062734,44.83084112485965,45.32348773062734,175922
2003-11-06,44.94579315185547,45.98034899976607,44.83084027477192,45.68476304649457,228478
2003-11-07,44.830833435058594,45.50411801641182,44.715880575513076,44.99504894214672,199224
2003-11-10,44.71590042114258,45.27423740220872,44.51884473205612,44.92938368198016,71700
2003-11-11,44.69947814941406,45.24138750147151,44.5352625867953,45.24138750147151,183668
2003-11-12,44.79799270629883,45.15926886177707,44.66662229237587,44.99505333864334,173494
2003-11-13,44.61736297607422,45.126427126683645,44.518832652534826,45.126427126683645,168556
2003-11-14,44.321781158447266,44.912958210308524,44.190410707572084,44.79800530719664,95912
2003-11-17,43.94408416748047,44.469570944342976,43.86197638877122,44.25609272428338,136220
2003-11-18,45.9146614074707,46.11171702894307,43.94407512398664,44.272506171233985,592474
2003-11-19,46.78500747680664,47.81956841073929,45.52055079505877,46.86711524879523,1137486
2003-11-20,46.046024322509766,47.42543349399942,45.734015880731995,47.22837790462047,450996
2003-11-21,46.2266731262207,46.653634519731874,45.30706512745673,45.9803498235943,236930
2003-11-24,45.504127502441406,46.57152852103025,45.323489404695785,46.57152852103025,189832
2003-11-25,45.553401947021484,46.144579051035315,45.356346253324816,45.91467823599158,174280
2003-11-26,45.553401947021484,45.553401947021484,45.553401947021484,45.553401947021484,0
2003-11-27,46.2923698425293,46.473007978306214,45.635507538949,45.684775218594524,194608
2003-11-28,45.68476486206055,46.86711373359483,45.50412676723349,46.35804456143149,185186
2003-12-01,46.013187408447266,46.308773318663405,45.65191128577456,45.70117393365738,266404
2003-12-02,45.84897232055664,46.34161884973973,45.684756810828944,46.30877374321033,333208
2003-12-03,47.31049346923828,48.27936405859841,45.848976307851636,46.046031929786196,835964
2003-12-04,47.704620361328125,48.09873670453395,47.294081459767646,47.786728141640225,508940
2003-12-05,49.06760787963867,51.07103973893375,48.131582183904726,48.21368996483549,1765764
2003-12-08,49.92152404785156,51.13671803882952,49.363192215397966,49.39603231644785,662110
2003-12-09,49.92152404785156,50.841132072077784,49.59309296858938,50.841132072077784,441690
2003-12-10,49.51100158691406,50.906834135798874,49.28110075762548,50.906834135798874,321588
2003-12-11,49.215389251708984,50.841121762084875,48.93622088636403,50.841121762084875,286140
2003-12-12,49.166133880615234,49.72446573938481,48.72275490958974,49.72446573938481,271374
2003-12-15,49.59309768676758,50.57839101829276,49.36319691170391,49.36319691170391,405712
2003-12-16,49.11687088012695,49.74088795122226,48.7720172307487,49.37961675638947,509812
2003-12-17,51.46515655517578,52.08917870282594,49.6752079168286,49.88868614461393,1818332
2003-12-18,51.64580154418945,52.69678028715242,51.26810770282308,52.384771677572125,1326808
2003-12-19,51.31736755371094,52.351923679009076,51.08746674936264,52.15486799447983,575238
2003-12-22,51.74432373046875,52.384763409356744,51.43231517013472,51.53084049653199,421100
2003-12-23,51.481571197509766,52.1876960067989,50.90681681412449,51.892110042784964,470530
2003-12-24,51.15314483642578,51.826429607030484,50.7426059533084,51.39946816629621,413032
2003-12-25,51.15314483642578,51.15314483642578,51.15314483642578,51.15314483642578,0
2003-12-26,52.0070686340332,52.17128419017292,51.26809863140447,51.89211574015098,533010
2003-12-29,53.140159606933594,53.862707114716756,52.23697396933925,52.23697396933925,877332
2003-12-30,52.91025161743164,53.994070226030814,51.76074278040517,53.96123012327798,819214
2003-12-31,52.45043182373047,54.10900944325101,52.220531116703555,52.54896213001616,760918
2004-01-01,55.504859924316406,55.816868489646055,52.713195371909954,53.04162649572248,1554024
2004-01-02,56.408050537109375,57.442606664646355,55.833296019264004,55.86614113915413,1203594
2004-01-05,54.601680755615234,56.81859110208382,54.25682703276109,56.210991446985474,753656
2004-01-06,53.82986068725586,55.833292602885116,53.370059105699006,54.83157664507049,681380
2004-01-07,53.090885162353516,57.49186489695639,52.68034628849844,57.49186489695639,351432
2004-01-08,53.07447052001953,56.210983678687285,52.8774098452045,56.210983678687285,452988
2004-01-09,53.2879524230957,54.38819874581509,53.0416290682894,53.63280612211681,403346
2004-01-12,52.33550262451172,53.69848981084465,51.99064893536082,53.370058680503085,264032
2004-01-13,51.77715301513672,52.97592935421691,51.07102826239504,52.97592935421691,290092
2004-01-14,52.51613235473633,52.87740857942863,51.89211525186164,51.89211525186164,260642
2004-01-15,51.51442337036133,53.10731130147643,51.284517576327566,52.87741051890387,348730
2004-01-16,50.200706481933594,51.76075454387279,49.987223213948944,51.30094789768722,231620
2004-01-19,50.15141296386719,51.82641307734034,48.77200375883839,51.82641307734034,281730
2004-01-20,49.527400970458984,50.709749686961054,49.26465514074968,50.56195672383078,198994
2004-01-21,48.88697814941406,50.18428017548638,48.312223643176566,48.93624081679264,356100
2004-01-22,48.476436614990234,49.593100448314786,47.622513675534066,49.264669319518,306530
2004-01-23,48.985496520996094,49.264664960355795,47.37618613687549,48.936233860620085,279232
2004-01-26,48.985496520996094,48.985496520996094,48.985496520996094,48.985496520996094,0
2004-01-27,50.39773941040039,50.578377475103416,48.68989909535117,49.363183693902606,246738
2004-01-28,49.87226867675781,50.90682472299546,48.985500624026926,50.79187182387515,259298
2004-01-29,49.198974609375,50.80828482558329,48.27936662377297,48.295789179338435,208638
2004-01-30,49.01834487915039,49.70805223881839,47.721042951642666,49.00192232078473,168664
2004-02-02,49.01834487915039,49.01834487915038,49.01834487915038,49.01834487915038,0
2004-02-03,48.509273529052734,49.83942051544748,45.99677756366564,45.99677756366564,277878
2004-02-04,48.60781478881836,48.886983297257906,46.98208144513342,46.98208144513342,197964
2004-02-05,48.73917770385742,52.54898081772717,48.11516056123144,48.64065237399325,278850
2004-02-06,49.08403015136719,49.52741417038754,48.739176471180386,48.936237148847475,208392
2004-02-09,49.2318115234375,49.92151872087572,48.657057196059,49.08401855583218,178754
2004-02-10,48.5421257019043,49.57668183536953,48.36148756439689,49.57668183536953,152250
2004-02-11,49.01834487915039,49.198982998250216,48.460012974946444,48.460012974946444,124774
2004-02-12,48.640647888183594,49.231819858694024,48.27937167379533,49.231819858694024,179018
2004-02-13,48.640647888183594,49.92152717290402,48.01662579164577,48.90338875887228,360996
2004-02-16,49.166133880615234,49.248241654300784,48.624224578874916,49.248241654300784,200262
2004-02-17,48.689910888671875,49.34677309290354,48.46001011948298,49.182557541845625,239240
2004-02-18,48.01662826538086,48.91981383642122,47.86883526513921,48.607805277808595,166596
2004-02-19,47.721031188964844,48.279362955546524,47.474707908579404,48.24651784691114,176260
2004-02-20,47.47471618652344,48.34505659105853,47.14628508874252,48.34505659105853,113014
2004-02-23,46.88352584838867,48.23009497015909,46.65362514774625,46.65362514774625,160606
2004-02-24,47.35976028442383,48.23010564504354,46.275936728413534,46.30878184068617,199534
2004-02-25,46.65363311767578,47.195542362583986,46.390887267145025,46.407309822452,108074
2004-02-26,46.99848556518555,47.29407150752351,46.48941643208337,46.63720940325235,201546
2004-02-27,47.04775619506836,47.29407952593259,46.68647997188309,46.71932508724938,122346
2004-03-01,46.2266731262207,47.58966006283593,45.84897940011106,47.294074104268425,243682
2004-03-02,46.2266731262207,46.2266731262207,46.2266731262207,46.2266731262207,0
2004-03-03,46.423728942871094,46.96563814768348,46.14456055768901,46.22666831668846,293070
2004-03-04,45.783294677734375,46.965648676984124,45.602661576607105,46.24310123809195,440022
2004-03-05,45.47127914428711,46.09530116364792,45.37274882423432,45.98034828834296,201188
2004-03-08,45.40559768676758,45.865399203061976,45.33991247179134,45.65192100152401,116552
2004-03-09,45.077171325683594,45.635503228700365,44.715895088252104,45.3234946662611,176666
2004-03-10,44.190406799316406,44.99506201555047,44.009768686742795,44.83084646074919,226366
2004-03-11,44.33821105957031,45.47129767324465,44.009779866536455,44.05904254090662,234260
2004-03-12,44.2889289855957,44.50240716297427,43.68132954004116,44.059023242006354,164044
2004-03-15,43.911231994628906,44.96221039091686,43.352900191425334,44.338193377594095,141806
2004-03-16,42.74531173706055,43.84555808305518,42.69604906964175,43.84555808305518,140730
2004-03-17,42.67961883544922,43.27079579547844,42.03917921685951,42.90951959449928,148790
2004-03-18,42.3183479309082,42.95878755381072,42.039179499957015,42.95878755381072,115628
2004-03-19,42.646785736083984,43.320065567111726,42.13771646437448,42.36761726117381,122190
2004-03-22,41.201683044433594,42.86026120444576,40.23281224172112,42.66320052765694,252180
2004-03-23,41.940643310546875,42.63035050743286,41.21809601614158,41.31662633161958,135148
2004-03-24,41.90780258178711,42.20339103571244,41.54652891842509,42.20339103571244,97680
2004-03-25,41.74359130859375,42.12128756568948,41.08672912433349,41.08672912433349,105576
2004-03-26,41.82569122314453,42.17054230165009,41.480840144638975,42.00632929216881,151024
2004-03-29,41.760009765625,42.269076405009905,41.57937168039576,42.0391756653819,84704
2004-03-30,41.85853958129883,42.0391776751639,41.56295361785453,42.0391776751639,133502
2004-03-31,42.86025619506836,43.61564868585593,41.874962949204715,41.874962949204715,268416
2004-04-01,44.075439453125,44.99504726074599,43.68132325313297,43.68132325313297,151208
2004-04-02,44.17397689819336,44.94579188203955,43.38574437076506,44.502407953198514,104748
2004-04-05,43.92765808105469,44.58452025796766,43.681334764712325,43.681334764712325,115742
2004-04-06,45.40559768676758,46.308783174207804,43.71417959669107,44.00976556981451,241244
2004-04-07,44.38746643066406,45.94751434089292,44.33820376439932,45.81614388987929,79504
2004-04-08,44.7322998046875,44.995045598797134,44.338183619252646,44.66661460902489,78816
2004-04-09,44.7322998046875,44.7322998046875,44.7322998046875,44.7322998046875,0
2004-04-12,43.92765808105469,44.83084357431002,43.714179878142254,44.66662803008178,81574
2004-04-13,43.94408416748047,44.141139829505995,43.68133827331866,43.87839894680529,76764
2004-04-14,43.94408416748047,43.94408416748046,43.94408416748046,43.94408416748046,0
2004-04-15,43.747013092041016,44.453142827917084,43.35289685023991,43.87838851361466,98690
2004-04-16,44.124725341796875,44.50241914545788,43.582810957872,43.8127117519031,119390
2004-04-19,43.69776153564453,44.32177865930785,43.53354597557932,44.00977009747619,60130
2004-04-20,43.861976623535156,43.99334706558865,43.549968065062274,43.58280816984508,48412
2004-04-21,43.435001373291016,44.00975564477124,43.36931617312804,43.549954232170876,84668
2004-04-22,43.45143508911133,43.81270628855004,43.35290475782411,43.40216741773731,78268
2004-04-23,43.07373046875,43.944075763497494,42.86025228951654,43.87839055538413,99074
2004-04-26,43.07373046875,43.07373046875,43.07373046875,43.07373046875,0
2004-04-27,42.3183479309082,43.5663820631446,42.10486471563355,43.5663820631446,109876
2004-04-28,42.08843994140625,42.958785290513305,42.039177285109446,42.958785290513305,73720
2004-04-29,42.67961883544922,42.99162736640721,41.776433344462,42.12128698876744,116972
2004-04-30,42.08843994140625,42.84383241054015,41.90780435494743,41.90780435494743,77608
2004-05-03,41.480857849121094,42.48257392174466,41.2181119103484,42.15414275114428,68860
2004-05-04,42.15413284301758,43.02447323595449,41.546533315635436,41.546533315635436,100680
2004-05-05,41.97349548339844,42.36761180017769,41.80927993378535,41.874965151338415,40686
2004-05-06,42.03917694091797,42.35118545498426,41.84211880015346,42.33476289919963,54444
2004-05-07,42.25265884399414,43.35290502924493,41.71074953571292,42.663197717377145,81176
2004-05-10,41.64506149291992,42.69603993518625,41.44800084248101,42.69603993518625,80638
2004-05-11,41.54652786254883,41.95706667541986,41.103146445794124,41.13598904967779,127098
2004-05-12,41.67790603637695,41.973494520042394,41.053886461023325,41.5465330985556,149060
2004-05-13,41.15241622924805,42.630356121676634,41.05388590079401,42.630356121676634,127814
2004-05-14,41.56294250488281,42.00632383722957,40.77470763308325,42.00632383722957,232794
2004-05-17,38.360740661621094,41.053873779247915,36.127408925738166,41.053873779247915,192752
2004-05-18,40.134273529052734,40.889665950510825,38.5906485878315,38.820549321807405,174040
2004-05-19,39.7894287109375,41.03746540145058,39.14898655533997,40.725456855254926,213338
2004-05-20,38.78771209716797,40.676190906992744,38.49212360839714,40.06859387802129,245512
2004-05-21,39.55952835083008,39.88795947870988,38.78771570145867,38.78771570145867,127356
2004-05-24,39.47740936279297,40.314909503445726,39.19824348448536,39.444566760473826,126882
2004-05-25,39.64164352416992,39.773016500963074,39.08331150496289,39.47742792961125,103856
2004-05-26,39.59235382080078,40.00289252692386,39.46098093369552,39.74014675271333,62378
2004-05-27,39.29676818847656,39.87152241708357,39.11613014290824,39.723726969146874,123952
2004-05-28,38.853397369384766,40.561237965646185,38.75486704409919,39.00119035158287,175042
2004-05-31,39.80583190917969,40.65975442176507,38.45926545539955,39.3788731586164,222494
2004-06-01,39.59235382080078,39.98646997638717,39.41171578781487,39.41171578781487,102700
2004-06-02,39.608795166015625,39.74016812376928,39.06688328136353,39.099728400100005,86796
2004-06-03,39.181819915771484,39.74015162222155,38.78770120616286,39.74015162222155,131894
2004-06-04,38.86981964111328,39.346046232901976,38.754869258864424,39.31320111877624,76084
2004-06-07,38.68918991088867,39.2967870284259,38.59065956502607,39.08330628287747,107840
2004-06-08,38.77129364013672,39.083302193168116,38.60707808470323,38.804136250077306,64234
2004-06-09,38.77129364013672,39.313202968482784,38.60707808470323,39.313202968482784,67052
2004-06-10,38.2950553894043,39.05044771715303,38.1308398838702,39.05044771715303,103046
2004-06-11,38.27863693237305,38.705595761059584,38.14726402134263,38.705595761059584,62668
2004-06-14,37.687461853027344,38.63991237050257,37.47398117580755,38.44285424758045,61756
2004-06-15,37.98305130004883,38.75486376368813,37.785993171887945,38.75486376368813,52938
2004-06-16,37.83526611328125,38.37717799238483,37.76958088794234,38.21296242330682,52366
2004-06-17,37.58893585205078,38.08158246875252,37.309769937065845,37.309769937065845,93848
2004-06-18,37.6053581237793,37.93378919909615,37.27692704846245,37.27692704846245,57612
2004-06-21,37.572513580322266,37.933787243399095,37.4739832605149,37.933787243399095,42022
2004-06-22,37.49042510986328,37.60537553831009,37.129151260859864,37.129151260859864,59274
2004-06-23,36.84996795654297,37.67104569626746,36.63648974879893,37.490410096966315,57934
2004-06-24,36.390159606933594,37.26049984334514,36.143836331180154,37.112706880185044,127194
2004-06-25,36.882816314697266,37.04703187708553,36.24237411794464,36.620070412583786,85008
2004-06-28,37.35902404785156,37.44113179301168,33.54922517356821,33.54922517356821,57344
2004-06-29,38.623497009277344,39.214673993871926,37.014184111863614,38.01589997305708,218686
2004-06-30,41.61222839355469,42.0391899184564,38.919093791695964,38.919093791695964,779404
2004-07-01,42.63035583496094,42.696041049668295,41.21810116717978,42.0391788796734,362416
2004-07-02,42.778141021728516,43.02446429056764,40.46270129234877,42.30191703759815,181494
2004-07-05,43.94408416748047,44.1904075036082,42.53182937138922,42.66319981273957,306236
2004-07-06,43.84554672241211,44.338193314798765,43.073731723088905,44.00976225320766,154722
2004-07-07,44.53525161743164,44.83083755275591,43.45142816880927,43.927652180813936,260566
2004-07-08,43.79627990722656,45.11000402879065,43.32005090399173,44.0097580723968,268138
2004-07-09,44.71590042114258,45.12643937106663,41.21811057237441,41.21811057237441,233348
2004-07-12,44.830833435058594,45.15926444923485,43.681324885441704,43.681324885441704,177576
2004-07-13,44.94579315185547,45.20853399411444,44.33819367834586,44.912948040842934,92168
2004-07-14,43.057308197021484,44.94578653879507,42.69603207488096,42.92593278376148,174896
2004-07-15,43.681331634521484,43.84554716698209,43.024469504679054,43.48427099098462,100584
2004-07-16,44.89652633666992,45.15927219537144,44.04260856021552,44.27250930728169,310350
2004-07-19,45.159271240234375,45.96392634367739,44.35461613679136,45.356331882957704,150912
2004-07-20,44.53525161743164,45.22495380367494,41.10314570061415,41.3823115871593,90376
2004-07-21,43.747013092041016,45.29063796244697,42.778142535937484,45.29063796244697,171032
2004-07-22,43.681331634521484,44.74873259551543,43.56637875721492,44.74873259551543,98906
2004-07-23,46.88352584838867,47.58965050281741,41.79284528341477,43.84553905961393,671536
2004-07-26,48.26294708251953,48.4271626255097,46.965645295189304,46.965645295189304,480872
2004-07-27,47.7867317199707,48.936240730416735,47.14629198787166,47.62251614704984,246660
2004-07-28,47.21197509765625,47.753884459410024,46.4073198287189,46.4073198287189,138288
2004-07-29,49.051185607910156,49.95437111115184,46.982068725464316,47.04775394158974,505818
2004-07-30,48.312225341796875,49.42888927430613,47.95094906344648,49.264673695321726,173166
2004-08-02,47.326934814453125,48.50928404987655,46.998503636036276,46.998503636036276,99436
2004-08-03,47.68819046020508,47.95093631903985,47.031328318848374,47.031328318848374,216874
2004-08-04,46.801429748535156,47.90167589106744,46.653636762147705,47.72103779150026,91604
2004-08-05,46.91639709472656,47.62252214260093,46.63722858102988,47.62252214260093,67334
2004-08-06,46.670066833496094,46.965652853865905,46.30879057618946,46.30879057618946,61990
2004-08-09,46.35803985595703,46.9327941829563,45.9967687144335,46.9327941829563,68510
2004-08-10,46.850704193115234,47.6225194438591,45.816148016678234,47.6225194438591,118360
2004-08-11,47.064186096191406,47.58967294381705,45.98036226898721,45.98036226898721,120944
2004-08-12,46.65363311767578,47.49113332372868,46.308779502070436,46.96564162266718,84316
2004-08-13,46.14457702636719,46.88354712109548,45.7176155248985,46.67006887609198,79040
2004-08-16,45.68476486206055,46.78500596426076,45.35633378472427,45.980350827078986,67450
2004-08-17,46.111732482910156,47.29408665384088,43.45144311550866,45.35634483024738,100278
2004-08-18,46.128135681152344,46.63720476361045,45.356325792292324,45.356325792292324,71642
2004-08-19,45.947505950927734,46.80142876097537,45.32348890536562,45.356334017852284,74558
2004-08-20,45.99678421020508,46.44016326209765,45.68477561558548,45.98036165018053,77242
2004-08-23,46.013187408447266,46.308773318663405,45.684756392002846,46.308773318663405,44490
2004-08-24,46.637210845947266,46.883534142668815,45.35633170757931,45.98034872135646,60838
2004-08-25,45.99678421020508,47.19555592007153,45.717615724172866,46.07889199886611,41056
2004-08-26,48.23011016845703,49.724467699265226,45.83256208004791,49.724467699265226,262736
2004-08-27,47.35976028442383,47.98378233738031,46.99848910672741,47.62250614822337,88212
2004-08-30,47.2612190246582,47.70460288045444,46.96563312843363,47.03131832632138,54976
2004-08-31,46.686485290527344,47.950947204265546,46.52226971790999,47.047761554870135,70226
2004-09-01,46.440162658691406,49.16614220911097,46.1774217475593,47.9181028353869,50610
2004-09-02,46.078880310058594,46.96564320036073,45.68476402675325,45.68476402675325,76046
2004-09-03,46.02960968017578,46.637209127619656,45.68476108663964,46.144562552327905,58494
2004-09-06,46.09532165527344,46.637231139278654,45.91468349011753,46.62080857672584,61338
2004-09-07,46.128135681152344,46.80142027334147,45.98034272468635,46.80142027334147,94666
2004-09-08,46.2923698425293,46.473007978306214,45.38918417510639,45.38918417510639,71508
2004-09-09,45.84897232055664,46.48941180620273,45.684756810828944,45.81612721402725,71780
2004-09-10,47.39261245727539,48.50927628045903,45.651926488168094,45.668349046751054,1908340
2004-09-13,47.704620361328125,48.11515926288861,47.17912856274623,48.016628924221855,265074
2004-09-14,47.737457275390625,47.918090351870404,46.63721120367748,47.29407333330674,137738
2004-09-15,49.77372360229492,50.44700821613427,47.031322497017996,47.95093038337468,751900
2004-09-16,49.83941650390625,50.10216237079886,49.26466211259267,49.90510171776425,330702
2004-09-17,49.428871154785156,50.41416426750513,49.264655635998494,50.24994874871847,222862
2004-09-20,49.57667541503906,49.88868396953032,48.98549841042027,49.593097972951455,180918
2004-09-21,49.92152404785156,50.5127009928156,47.95093757227848,48.60779973080284,246024
2004-09-22,49.75731658935547,50.24996328825998,49.28109244937338,50.00363993880772,217080
2004-09-23,48.7063102722168,49.82297348353187,46.35802600249634,46.35802600249634,96702
2004-09-24,48.673492431640625,49.57667803854559,48.32863874307556,48.60780720797617,321072
2004-09-27,48.985496520996094,49.75731160995935,48.361479436082604,48.37790199336156,139230
2004-09-28,48.09873962402344,49.19898595157259,47.95094661278319,48.443593324558364,71566
2004-09-29,49.49457550048828,49.593105852155794,48.1315881720502,48.1315881720502,133416
2004-09-30,49.28108215332031,49.88867661481734,48.93622853384344,49.88867661481734,108564
2004-10-01,49.051185607910156,49.527409689145436,48.46000863985981,48.77201717505115,112636
2004-10-04,49.01834487915039,49.478146444621586,48.8212842016849,49.29751333698296,88154
2004-10-05,48.88697814941406,49.26467196321407,48.46001665677389,49.26467196321407,68044
2004-10-06,49.182559967041016,49.379620642611954,48.60780550999713,49.133297303878855,124286
2004-10-07,49.330352783203125,49.65878390028365,48.607805327918186,48.93623644499872,119504
2004-10-08,50.0364875793457,51.629375645902215,49.4288879488122,49.921534672554515,452228
2004-10-11,49.363197326660156,50.512706223102526,48.80486543639465,50.512706223102526,235978
2004-10-12,48.985496520996094,49.691626392304386,48.62422531816334,49.691626392304386,128266
2004-10-13,48.985496520996094,48.985496520996094,48.985496520996094,48.985496520996094,0
2004-10-14,48.80485534667969,49.26465680561474,48.607794714873215,48.96907086936507,59604
2004-10-15,48.460018157958984,49.2482509292035,48.295802579661235,49.2482509292035,99572
2004-10-18,47.950931549072266,48.9362246630943,47.70460827056676,48.9362246630943,57894
2004-10-19,47.704620361328125,48.476435500846314,47.556827359058595,48.476435500846314,64184
2004-10-20,47.885250091552734,48.77201296128401,47.65534934924615,47.65534934924615,182032
2004-10-21,47.704620361328125,48.164421926491386,46.17741765210761,46.17741765210761,84892
2004-10-22,47.704620361328125,47.704620361328125,47.704620361328125,47.704620361328125,0
2004-10-25,47.7867317199707,48.11516286581243,46.9656538553664,47.62251614704984,58988
2004-10-26,48.06590270996094,48.27938096132765,47.031341539626816,47.031341539626816,71600
2004-10-27,48.460018157958984,48.60781117613461,47.950948862943605,48.42717303771474,65722
2004-10-28,48.65705490112305,48.93622328012378,47.63892171894937,48.607792251398116,77208
2004-10-29,47.91810989379883,48.93624861452491,47.6225238195041,48.279386217014505,62688
2004-11-01,49.264652252197266,49.42886775970459,47.32691126819467,47.72102748392034,133474
2004-11-02,49.01834487915039,49.560254224988675,48.77202153804913,48.9362370987833,89624
2004-11-03,48.312225341796875,50.24996716922816,48.033056852938685,50.24996716922816,71330
2004-11-04,50.052894592285156,50.87397229236504,48.21368355098257,49.264662004792704,457822
2004-11-05,51.44871520996094,51.72788357032106,49.757297529546925,50.38131443787495,586228
2004-11-08,52.94308853149414,53.53426547150843,50.956079516302495,52.15485595244878,873958
2004-11-09,53.45218276977539,54.17473047466258,53.205859346873204,53.86272180794571,495366
2004-11-10,53.02519607543945,53.8298512071854,52.71318755636987,53.56711035625975,190852
2004-11-11,52.33550262451172,53.20584311533231,51.89211859396608,53.20584311533231,221196
2004-11-12,52.49971008300781,52.87740381999498,51.95779579474643,52.87740381999498,68796
2004-11-15,52.49971008300781,52.49971008300781,52.49971008300781,52.49971008300781,0
2004-11-16,52.2041130065918,52.680337014132334,51.59651858712972,51.957789725643934,89854
2004-11-17,52.79529571533203,53.40289521337419,51.72789471331132,51.72789471331132,291718
2004-11-18,53.435733795166016,53.53426411792052,52.253384956493086,52.87740198150432,176558
2004-11-19,54.946533203125,56.06319712491707,52.89383848552067,53.23869220037054,817684
2004-11-22,54.83155059814453,55.340619614696145,54.35532668387069,54.8808182515612,168364
2004-11-23,56.720062255859375,57.14702378065088,55.25854454652018,55.472022803184956,571594
2004-11-24,56.046783447265625,58.13232361545597,55.685512126589444,56.851443913259736,343118
2004-11-25,57.0484733581543,57.77102067821679,56.32592603809181,56.75288741268425,481868
2004-11-26,57.0484733581543,57.048473358154304,57.048473358154304,57.048473358154304,0
2004-11-29,57.229122161865234,58.13230773400371,56.16172103115613,57.24554472001452,180578
2004-11-30,56.93351745605469,58.624935149048476,56.5886638940625,57.639642121333374,391406
2004-12-01,57.360504150390625,57.803888252365795,55.045068317633195,56.93354762133264,354956
2004-12-02,58.230838775634766,58.62495511867818,57.3276531925739,57.7381920939652,306124
2004-12-03,57.86955261230469,58.78916059598649,57.196267927209426,58.46072953120444,371994
2004-12-06,57.59040451049805,58.75633109098364,56.50658070655465,58.460745058754384,342582
2004-12-07,57.52470397949219,58.460734599860785,57.327648330414064,58.05019573328873,251706
2004-12-08,59.64308547973633,60.759749134929194,58.099455411464305,58.099455411464305,809130
2004-12-09,58.55927276611328,60.72691526479569,58.13231128545326,60.316376343288255,414250
2004-12-10,58.362213134765625,59.987946291046406,58.132312336855684,59.051920539957,222318
2004-12-13,58.329368591308594,59.61024794758125,58.13230791582304,58.789170152160025,212876
2004-12-14,58.98622131347656,59.11759173497014,58.18156119458231,59.019061413119786,175720
2004-12-15,58.181583404541016,60.03722263812772,57.63967394468868,59.1176143022448,329834
2004-12-16,60.97319793701172,61.28521131835442,58.624918877321306,58.624918877321306,853502
2004-12-17,59.5774040222168,62.07348257478195,59.16686511629893,61.08818920057906,201922
2004-12-20,58.73989486694336,60.382050104918186,58.49357158124714,60.382050104918186,129528
2004-12-21,59.183284759521484,60.69406986346406,58.85485365096536,59.281815094380526,129804
2004-12-22,58.87127685546875,60.23426396636659,58.78916907742765,59.67593207797932,156060
2004-12-23,58.70705032348633,59.77445123845881,58.16514109431512,59.77445123845881,106404
2004-12-24,58.42789840698242,58.838437336237384,58.13231238250346,58.78917466931141,114046
2004-12-27,59.4131965637207,59.741627733252514,57.705355484447644,58.46074817666321,130568
2004-12-28,59.199703216552734,60.07004358935468,58.953379902198144,59.70877240184435,228924
2004-12-29,58.70705032348633,60.07003717955944,58.46072703541576,59.67592092093855,133008
2004-12-30,59.363914489746094,60.08646182425869,58.1487205619576,58.78916013092421,218954
2004-12-31,58.82198715209961,60.00433560547594,58.62492657080751,59.2817884931695,103612
2005-01-03,58.854827880859375,59.24894403626728,58.624927207826325,58.854827880859375,112538
2005-01-04,58.03374099731445,59.90579618855853,57.47540945065682,57.47540945065682,142754
2005-01-05,56.78573226928711,58.78916388098885,55.50485304964869,58.29651725628783,225154
2005-01-06,56.26025390625,56.73647804529303,53.879128199573444,55.88255509762448,300708
2005-01-07,57.853118896484375,58.21439500263596,54.84797723802655,56.161701243727784,227006
2005-01-10,59.65950393676758,59.93867236056541,56.22740013813965,57.803870331285,355136
2005-01-11,56.75289535522461,59.922253480882134,56.39161913890283,59.77446048746356,225656
2005-01-12,57.27837371826172,58.378619751925676,56.49014119454974,57.147003301463116,146626
2005-01-13,58.444313049316406,58.723481487977,57.179856325377,57.47544230981457,158996
2005-01-14,56.046783447265625,58.29653921888946,55.5048739605201,56.72006842363544,183386
2005-01-17,56.22740936279297,57.49187123832133,55.833293002713155,57.37691833637824,155820
2005-01-18,56.588680267333984,57.1470121422941,56.161718829495925,56.884266256589065,139050
2005-01-19,56.30950164794922,57.147001814768004,56.16170868003062,57.13057926023037,61892
2005-01-20,56.70362091064453,56.818573787052166,56.24381942793459,56.49014272469927,92796
2005-01-24,57.54112243652344,57.968083829628654,56.49014401527551,57.278376578346354,88646
2005-01-25,58.510013580322266,60.00437647378129,57.327664321661175,57.47545735256104,237658
2005-01-27,60.23426818847656,60.43132887417256,58.493587181161374,59.08475921532654,337962
2005-01-28,59.922245025634766,60.10288310830696,58.95337441497868,59.11758994259701,223090
2005-01-31,61.17029571533203,61.41661905378303,59.478877462552944,60.66122648024106,324888
2005-02-01,61.4823112487793,62.3854969255445,60.43133255447212,61.38378089993075,235970
2005-02-02,63.239376068115234,63.8469702768818,61.909229809959726,61.97491499314283,378648
2005-02-03,65.32494354248047,65.68621975572128,63.469309838965685,63.469309838965685,481588
2005-02-04,67.68963623046875,68.3136531731395,65.42345915198395,65.62051977149036,526948
2005-02-07,66.17886352539062,68.97052774358328,65.68621689865074,67.68964851864385,324800
2005-02-08,66.2281265258789,70.6126835311162,64.04406180729144,70.28425244492497,244820
2005-02-09,65.25926971435547,66.98353328386932,62.796036043621406,66.98353328386932,137684
2005-02-10,63.929100036621094,66.01463914863714,63.7484669734918,65.68620810809666,148662
2005-02-11,62.99308776855469,64.86514408934744,62.74676443656982,64.86514408934744,114902
2005-02-14,63.5185432434082,64.70089665901939,62.82884126051714,63.71560381649625,184908
2005-02-15,63.73204040527344,64.53669540162777,62.40189377256628,63.551402342060925,128268
2005-02-16,63.43647766113281,63.847016618327466,62.76319778050309,63.09162894625881,132536
2005-02-17,63.19012451171875,63.715616133901754,61.76145262074667,63.715616133901754,86918
2005-02-18,63.30507278442383,64.14257280409714,62.73031855680908,63.0587495440175,186236
2005-02-21,61.97493362426758,63.94551978091494,61.54797228803537,63.94551978091494,166624
2005-02-22,62.05704879760742,62.4019024185282,61.630087410346476,62.336217207748135,90994
2005-02-23,61.31809616088867,62.15559661559726,61.104617912896686,62.07348882614469,63032
2005-02-24,61.3509407043457,62.96025135789839,61.088194778275835,61.5808415103587,103030
2005-02-25,60.21782684326172,61.74502901375213,59.57738237357919,61.21953740054068,145294
2005-02-28,61.137451171875,62.07348187134484,59.46245546158845,61.088188508307624,138978
2005-03-01,61.186737060546875,62.434776694194035,60.75977547384355,61.41663791139861,191408
2005-03-02,61.646507263183594,62.13915383962586,60.97322260642047,60.989645161260576,93916
2005-03-03,62.94384765625,63.22301622598901,61.61370509027639,61.99139902678143,146714
2005-03-04,62.08988952636719,63.058760098505346,61.3837597788048,63.02591498970338,156324
2005-03-07,61.613677978515625,63.058772851784624,61.4166173087694,62.237695080277014,99502
2005-03-08,60.67764663696289,62.237694385409846,60.447745865799746,61.61367729061544,119840
2005-03-09,60.51344680786133,61.41663258111299,60.10290782001967,60.677662402997996,88518
2005-03-10,60.43129348754883,60.9239399018495,59.82369423866128,60.9239399018495,113928
2005-03-11,60.1357421875,62.07348385893512,59.87299627998472,60.52985854304223,77288
2005-03-14,59.347496032714844,61.08818178478859,59.150440388672564,60.75975069992413,69038
2005-03-15,59.331058502197266,60.41488181100659,58.47714090393793,59.134002907887904,77838
2005-03-16,59.134010314941406,59.774449846721424,58.7070489566014,59.774449846721424,78150
2005-03-17,58.854827880859375,59.57737500101701,58.46071172545147,59.28178913732578,91818
2005-03-18,59.64308547973633,60.43131805852417,58.23083084890262,58.95337821470157,126202
2005-03-21,58.92053985595703,59.44603164302121,58.362207964364515,58.46073830087169,48418
2005-03-22,57.54112243652344,58.87126927173335,57.32764424570104,58.67420862523543,55688
2005-03-23,56.65436553955078,57.80387440557065,56.22740410130836,57.179857311458534,224176
2005-03-24,56.47371292114258,57.40974333329717,56.26023476259627,56.81856649464478,75362
2005-03-28,55.767574310302734,58.95335340864537,55.521251106645444,58.46070700133079,78454
2005-03-29,56.523006439208984,56.78574736640025,55.389914891983324,56.42447608578128,132504
2005-03-30,58.2965202331543,59.380343865133284,55.5541185443624,56.32593363372373,361772
2005-03-31,59.7908935546875,60.26711773339472,59.08476355529381,59.117608675809535,136602
2005-04-01,59.758052825927734,60.365652519889935,58.49359577653326,59.790897948857314,102034
2005-04-04,60.03721618652344,60.36564734179822,58.95339237182429,59.77447026001126,48732
2005-04-05,59.7908935546875,60.10290215373969,58.83844018581127,58.95339309615451,83890
2005-04-06,60.15215301513672,60.398476336265794,59.1175970709789,59.13401962801301,49900
2005-04-07,62.20485305786133,62.40191373740606,59.462456171541554,60.10289586287005,381452
2005-04-08,62.664642333984375,65.6697842926341,61.90924995295607,62.07346547007266,310572
2005-04-11,62.50041961669922,63.05875130828278,61.49870407539558,63.05875130828278,110374
2005-04-12,62.71391296386719,63.058766595981055,61.66293452289294,62.36905933175331,77840
2005-04-13,62.28694152832031,63.387187460324334,61.827140100549514,63.07517899066131,65964
2005-04-15,62.73033905029297,63.55141678655335,61.46587733186767,62.07347686128466,177800
2005-04-18,62.89455795288086,63.25583418069332,60.95681639651491,61.77789417657863,137546
2005-04-19,64.50386810302734,67.49259321341252,62.401911000235415,62.401911000235415,714834
2005-04-20,66.95069122314453,67.32838503706049,64.17544402586228,64.96368178439262,524790
2005-04-21,66.03106689453125,67.60753701536473,64.70092007346987,66.67150647164662,332466
2005-04-22,66.68793487548828,66.99994341360261,65.09504205935507,65.35778793777901,284674
2005-04-25,68.0509262084961,68.44504254526248,65.70264573452293,66.99994763996533,562048
2005-04-26,65.43988800048828,68.33008229966512,64.37248706697969,68.33008229966512,282690
2005-04-27,64.99652862548828,66.34309847031213,64.52030441598886,66.34309847031213,199214
2005-04-28,67.06562805175781,68.08376644256913,65.02935628159595,65.02935628159595,320960
2005-04-29,65.78475189208984,67.45974753492851,65.35779044967414,66.83573043471704,147128
2005-05-02,64.5202865600586,66.17886456509888,64.14259281154182,66.01464902027233,104304
2005-05-03,64.12615966796875,65.27566829197843,63.58425046409099,64.96365981061064,142294
2005-05-04,66.40876007080078,67.16415251952269,64.37248847836894,65.6697901775542,209230
2005-05-05,67.6075210571289,68.62565411565485,67.32835271203193,67.62393859740352,473116
2005-05-06,67.08204650878906,68.08376228146943,66.34307659620754,67.68964599705139,121438
2005-05-09,70.10359954833984,71.26953066051578,67.32835845809095,67.32835845809095,889676
2005-05-10,70.4484634399414,71.89355812130479,70.18571758565888,70.59625641689398,732546
2005-05-11,70.16929626464844,70.94111128553355,68.9705248609354,69.95581807323447,412954
2005-05-12,69.84085845947266,72.50115188074537,69.49600987758838,69.97223388198758,1264950
2005-05-13,69.87371063232422,70.77689608115567,69.34821891205628,70.21856426053378,537308
2005-05-16,69.75875091552734,70.1200270642362,69.46316498400915,69.46316498400915,190784
2005-05-17,69.13475036621094,70.9411215159219,68.64210368901703,70.26783672146469,455184
2005-05-18,68.69135284423828,69.79159887819627,67.39405118502972,68.64209019079068,225348
2005-05-19,68.67494201660156,69.79160570326961,68.3136658177886,68.69135956171615,108080
2005-05-20,68.49431610107422,69.24970873476043,67.59113045484237,68.36294063656356,222892
2005-05-23,69.74231719970703,70.08716570268918,68.55996372489773,69.56167916724188,390358
2005-05-24,70.61268615722656,71.08891024762266,70.03793173501658,70.28425505882086,260682
2005-05-25,70.76048278808594,70.94112090379059,70.05435789478543,70.28425867319994,228880
2005-05-26,72.30411529541016,73.24014607267246,70.46490387176262,71.07249848925535,2207630
2005-05-27,72.23841857910156,73.89699661656553,71.63082405824184,72.87885821415297,746202
2005-05-30,71.9592514038086,73.20728549467235,71.59797521237296,72.58326844924046,173128
2005-05-31,71.56515502929688,72.25486253994491,68.97055060631105,71.59800015321814,326058
2005-06-01,74.143310546875,74.86585786441961,71.26953882025194,71.92640092919434,841466
2005-06-02,75.75262451171875,76.65580995685134,74.7180686427874,74.88228417826606,1702054
2005-06-03,76.47518157958984,77.18130642098477,75.39135797649237,75.86758205637227,727542
2005-06-06,77.27982330322266,79.8087412627546,76.86928451071877,78.95481856976257,951398
2005-06-07,77.8545913696289,78.47860843991462,77.06635374186399,77.31267706089164,356256
2005-06-08,78.2651138305664,78.79060046080868,76.85285942851962,78.29795392601046,406906
2005-06-09,76.88570404052734,78.62638444310886,76.52442791275024,78.00236750763167,468314
2005-06-10,75.90042114257812,77.77247721119288,75.39135198942543,77.31267071321675,250452
2005-06-13,77.95314025878906,78.29798897836152,75.70338473812551,75.90044544484857,330466
2005-06-14,77.1156005859375,78.16657879432563,76.54084633009687,78.16657879432563,221858
2005-06-15,77.03351593017578,77.80532601253618,76.54086927747134,77.3455244745964,268754
2005-06-16,76.8528823852539,77.80533063245248,75.70337346068814,76.8528823852539,426184
2005-06-17,76.09748840332031,77.13204942326422,75.04650983678232,76.57371251815428,172328
2005-06-20,74.65237426757812,77.18129220124173,74.3075206831104,76.49158503230629,126512
2005-06-21,75.6705322265625,76.19602405219672,74.38965279233861,75.01366995025046,223656
2005-06-22,75.57198333740234,77.4768793357544,75.27639239832503,76.52443133657837,404428
2005-06-23,75.34209442138672,76.32738774866621,74.81660765371427,76.03180175506677,188676
2005-06-24,77.06633758544922,77.7724672921698,74.55384226267851,75.47345012988455,815832
2005-06-27,77.54258728027344,79.61169926956644,77.01709549830188,77.44405694472114,2618944
2005-06-28,75.9168701171875,78.33084144946024,75.5555988029144,78.10094061102055,431594
2005-06-29,77.65753936767578,77.98597049632863,75.70337515448354,76.50803041739077,406408
2005-06-30,80.21929168701172,80.84330873751581,77.83816634522735,78.16659742685277,1679472
2005-07-01,82.18985748291016,83.25725822944146,79.8579953859042,79.8579953859042,914756
2005-07-04,83.47074890136719,84.07834834516433,80.82688297233771,82.27197757993619,754266
2005-07-05,81.04036712646484,84.3739405072246,80.49845786151036,84.07835454660588,408750
2005-07-06,80.89259338378906,82.66611959219702,80.64627002087342,81.04038639924612,305260
2005-07-07,78.95481872558594,81.69721986950815,78.49501728165808,80.89256483690447,272312
2005-07-08,79.69380950927734,80.82690088594197,78.85631415986255,79.48033128520322,358604
2005-07-11,79.64453887939453,80.7119399159225,79.48032333531332,80.36708627105979,120412
2005-07-12,80.67909240722656,82.09134704668858,79.31610543640262,79.85801471119755,325570
2005-07-13,79.49674987792969,81.92713804760565,79.15189621577622,81.05679762492112,215356
2005-07-14,78.9219741821289,80.30138344764936,78.16658184270163,79.64452141535776,181810
2005-07-15,78.10089874267578,79.39820028905716,76.60653657672215,79.39820028905716,186866
2005-07-18,79.66096496582031,79.8087579597499,78.23228766442561,78.82346465160484,184882
2005-07-19,79.90727233886719,80.35065123213253,78.57712563615134,80.1371730625744,205738
2005-07-20,80.10432434082031,81.58226394128903,79.84158353212696,80.4656004699632,361356
2005-07-21,78.6263656616211,81.25381320268056,78.19940944536572,80.10430490346704,202526
2005-07-22,78.80702209472656,79.92369056744883,78.19942771577412,78.19942771577412,296130
2005-07-25,77.8545913696289,80.13718645699291,77.54258283448604,79.21757839699755,451544
2005-07-26,76.63938903808594,79.79232417357801,75.53914299423795,78.52786761294189,500846
2005-07-27,76.54085540771484,77.18129493788615,75.7033552475862,76.17957925661308,136362
2005-07-28,76.54085540771484,76.54085540771484,76.54085540771484,76.54085540771484,0
2005-07-29,73.9626693725586,77.8381566555932,72.92811359880875,76.50800993830056,418456
2005-08-01,76.31096649169922,77.1813068838907,74.12689671555522,74.12689671555522,195474
2005-08-02,79.26688385009766,79.48036215709136,76.2288948007047,76.65585141469211,571622
2005-08-03,77.93670654296875,80.46562518948902,77.23057662116385,79.26685359431173,253064
2005-08-04,78.75775909423828,79.44746122494836,77.50972022393385,77.93668154949322,266866
2005-08-05,80.2357177734375,81.08963561635625,77.69037677885552,78.33081641390979,975700
2005-08-08,79.28328704833984,81.61515049565782,78.7085324673845,80.43279621025052,580410
2005-08-09,79.29969024658203,79.48032835878055,78.00238836863794,78.49503503201882,403974
2005-08-10,80.59696197509766,81.74647042631561,79.80872961313187,79.80872961313187,491552
2005-08-11,81.94355010986328,83.74992095396848,79.6445326719112,81.28668798473412,1123260
2005-08-12,83.15875244140625,84.07836051179618,81.84502805840943,83.74992941604697,650790
2005-08-16,83.29012298583984,83.74992448824995,82.15703176300687,83.15874754839372,346052
2005-08-17,83.55284118652344,83.74990178353896,78.16657499796969,78.16657499796969,427156
2005-08-18,83.04380798339844,87.69110617497863,82.4362084266653,87.69110617497863,546300
2005-08-19,84.29185485839844,86.21317914098218,82.92886755465904,83.0930831339752,388732
2005-08-22,85.40848541259766,86.0489299307924,83.93055078784157,85.2278523551169,341212
2005-08-23,84.8008804321289,85.55626765368531,78.82343277114961,78.82343277114961,430156
2005-08-24,82.1406021118164,85.72049831262568,81.48374005578096,85.42491239199363,288432
2005-08-25,82.206298828125,83.65139354920467,81.45090635559953,83.17516949417572,572116
2005-08-26,81.8121566772461,83.09303545637745,81.18813482702247,82.43617351601083,151740
2005-08-29,80.10432434082031,81.48373864375887,78.8234453583313,79.80873842531045,137196
2005-08-30,82.1406021118164,82.78104161415901,79.61167918691211,80.92540329898301,184372
2005-08-31,81.40166473388672,85.39210130973784,80.97470322504569,83.06023807707952,114908
2005-09-01,85.08008575439453,86.14748699636165,80.13720093537765,80.13720093537765,625682
2005-09-02,84.14405822753906,86.70581699316821,82.79748861056066,86.04895474321997,384194
2005-09-05,83.07662963867188,85.06363841079121,82.76462115644551,83.74991426545081,189868
2005-09-06,83.19160461425781,83.74993652211299,81.86145756132024,83.09307427488073,265878
2005-09-08,83.66780090332031,85.09647782028665,82.78103816689206,83.65137835031136,342200
2005-09-09,82.206298828125,83.58570833669387,81.9435529666213,83.0930617256721,493408
2005-09-12,81.45091247558594,82.43620577166156,80.62983472885624,82.15703733318912,364528
2005-09-13,82.87960815429688,84.06195736512908,81.77936172489918,82.10779289648512,1153530
2005-09-14,82.2719955444336,84.70238382738928,81.89430176108954,83.74993558415396,347374
2005-09-15,82.63323974609375,83.3557869275512,82.30480875348043,82.87956299055374,292512
2005-09-16,82.00923919677734,83.42149383485639,81.61512290536147,83.0930627567664,714722
2005-09-19,83.19160461425781,84.06194508725606,82.2719964658404,82.43621202764847,515310
2005-09-20,82.51830291748047,83.58570385074141,82.20629441620393,83.30653544822755,337076
2005-09-21,80.95828247070312,82.51833051019943,79.15191105654951,82.20632190459256,420944
2005-09-22,79.44747161865234,81.12247203364781,78.823454607593,81.12247203364781,475396
2005-09-23,78.80702209472656,80.7940307641865,77.59182832536203,79.80873770608666,423336
2005-09-26,81.58228302001953,82.02566700843325,78.00238604405564,79.3161104405871,189576
2005-09-27,81.40166473388672,82.76465203866898,81.15534136472402,81.45092740313456,337066
2005-09-28,80.62984466552734,81.30312950311223,79.89087460240133,81.12249137427801,320462
2005-09-29,81.04036712646484,81.74649192764318,78.77419473116004,81.04036712646484,801178
2005-09-30,82.25556945800781,83.09306978021921,80.79405203926453,81.45091425096587,878696
2005-10-03,83.38862609863281,84.14402338704866,81.95995430342487,82.10774724617615,304886
2005-10-04,85.4906234741211,86.96856363422408,84.40680469921485,84.40680469921485,1206494
2005-10-05,84.4560546875,85.86831442000067,83.7499298327105,85.39208531962639,283158
2005-10-06,82.99453735351562,84.48889984974893,82.56757592438314,84.40679207535656,232078
2005-10-07,84.60383605957031,85.16216280161615,81.77932717271587,83.01094354579894,369512
2005-10-10,83.40507507324219,86.04894637444379,82.4690494649768,86.01610126055625,442598
2005-10-11,82.97811889648438,85.35924447151999,82.6004251202011,85.35924447151999,245006
2005-10-13,83.30655670166016,84.07837188566393,82.10778504459368,82.97812556148178,251280
2005-10-14,80.84331512451172,83.66782465422399,80.46562135538716,83.09307021597122,213048
2005-10-17,80.82689666748047,81.40165109925644,79.49674969450673,81.40165109925644,221364
2005-10-18,81.22100830078125,83.71708153922842,80.2028699329729,80.46561580319383,362540
2005-10-19,79.87445831298828,82.10779123692502,78.98769516992186,82.10779123692502,109810
2005-10-20,79.03692626953125,81.12246533848517,77.50972396713563,79.8744264079088,370504
2005-10-21,80.35065460205078,80.74477587231826,78.74134445714573,79.44746921203138,97720
2005-10-24,79.74305725097656,80.79403557321419,79.15188037863666,80.36707422033204,110956
2005-10-25,79.7594985961914,80.1371923753432,79.15189902646604,79.97297681719701,63932
2005-10-26,79.69380950927734,80.43277953155713,79.3653783882641,80.43277953155713,85650
2005-10-27,75.75262451171875,79.80875024262566,73.89699096539414,79.80875024262566,832222
2005-10-28,76.40950775146484,77.34553856672974,75.53916717769783,76.16318438023322,197996
2005-10-31,78.05162811279297,78.59354229027115,75.86756388434267,76.06462449641829,123222
2005-11-02,79.61166381835938,80.46558633094476,76.88569082121278,77.59181539055388,134418
2005-11-04,79.61166381835938,79.61166381835938,79.61166381835938,79.61166381835938,0
2005-11-07,79.97298431396484,80.46563103458475,79.48033759334494,80.1371998875048,86514
2005-11-08,80.51488494873047,81.61513117641749,79.87444528384354,80.74479073586105,208344
2005-11-09,80.7447738647461,81.71364443856748,80.20285963733208,80.79403651657464,109242
2005-11-10,80.64624786376953,81.58227337880423,80.00580829843837,81.58227337880423,45962
2005-11-11,82.00923919677734,82.60041613963142,80.92541563678829,80.92541563678829,252524
2005-11-14,82.4854736328125,83.27371132625004,81.82861139401182,83.09307320828762,113898
2005-11-16,82.96171569824219,83.38867221085313,82.288430796219,82.4362238206968,104586
2005-11-17,82.87960815429688,83.09308641124294,82.10779289648512,83.09308641124294,96290
2005-11-18,82.76463317871094,83.74992643083844,82.18987878163655,82.76463317871094,109636
2005-11-21,85.03082275390625,85.27714611647431,82.25558053793189,83.09308097295559,274014
2005-11-22,86.77149200439453,87.36266391646546,85.06364644497954,85.06364644497954,1458390
2005-11-23,86.60729217529297,88.1016497935637,85.50704589556051,87.55974043874699,1076976
2005-11-24,88.03596496582031,90.28572032790795,86.3773916822319,87.65827115126211,1040586
2005-11-25,88.84062194824219,89.891605588592,88.28228501000832,89.00483751561417,350196
2005-11-28,89.34967803955078,91.13963156963673,88.79135117521966,90.31855380774812,471542
2005-11-29,87.72395324707031,89.3496812604615,87.08350856054145,89.33326371380066,123842
2005-11-30,86.22957611083984,89.31683628354004,85.72051194561861,88.67639166788133,115318
2005-12-01,86.22957611083984,87.03423626662426,84.73521870486438,87.03423626662426,373898
2005-12-02,86.1474609375,89.5138792207762,85.42491863679288,88.6763840472756,195590
2005-12-05,86.1803207397461,87.1984591791911,85.4413507467021,86.72223006339395,115108
2005-12-06,87.98667907714844,89.95726543956125,85.42492081517999,86.18030824493668,334530
2005-12-07,91.99356842041016,92.78180118697142,88.72567442253153,88.82420978267882,1009062
2005-12-08,90.44994354248047,92.25631500402316,89.53034026213744,91.79651336385164,299620
2005-12-09,90.1050796508789,92.486205267557,89.36610963190985,91.25458856927523,488432
2005-12-12,90.99183654785156,91.87860456894595,90.10507854967942,90.31855677018815,299352
2005-12-13,89.99010467529297,92.0920613200589,89.7109362875922,91.1396133116562,264572
2005-12-14,89.72737121582031,91.30383632302073,89.33324992755986,90.3185431252903,185374
2005-12-15,87.017822265625,90.48276629422054,85.88473098344345,89.33325746652626,323756
2005-12-16,88.11804962158203,89.00481749509251,86.70580006902,87.19844666032125,432894
2005-12-19,90.26930236816406,90.81121175379194,87.72396098989323,88.93915021479768,447952
2005-12-20,89.20187377929688,91.27098535253198,88.38079616723213,91.27098535253198,652026
2005-12-21,89.62883758544922,90.6469759137018,88.67638948079524,88.67638948079524,283740
2005-12-22,90.72908020019531,91.40235986310095,89.33324819711538,90.48275690553415,394106
2005-12-23,90.05582427978516,91.46807419900264,88.36439585884388,91.46807419900264,521038
2005-12-26,86.4594955444336,90.28571622965968,86.22958974274368,90.28571622965968,273656
2005-12-27,87.4283676147461,87.9374318384421,85.42493579049965,85.73693933882477,272288
2005-12-28,86.91926574707031,88.18372715404925,86.64009738091873,87.42833983191592,194480
2005-12-29,86.77149200439453,87.60898721698182,86.06535719124439,87.1984483827879,436992
2005-12-30,88.39722442626953,89.44820790628602,86.11463440177435,86.11463440177435,163186
2006-01-02,89.79305267333984,90.35138950237824,88.36437551202938,88.84060457343982,181482
2006-01-03,91.23810577392578,91.78002481148884,89.82585682388677,90.56482639556408,313032
2006-01-04,91.68153381347656,94.09550425174427,90.81119345761708,91.46805561644251,429396
2006-01-05,91.22171783447266,92.58470459321211,90.99181210619007,91.68151926811832,167148
2006-01-06,91.56658935546875,91.96071069619268,90.1707571395444,90.9754173673049,259514
2006-01-09,94.47320556640625,95.22860312340042,91.69796873651306,91.96070961194985,1069672
2006-01-10,92.51904296875,95.37638746599586,92.02639632892262,94.65384507466864,678532
2006-01-12,91.4844741821289,93.25801004908554,90.3185478463715,92.28913434483779,327658
2006-01-13,93.79991912841797,94.62099683433388,91.63227198021572,91.63227198021572,539686
2006-01-16,92.1741714477539,94.71951206509087,91.87858550967945,94.58814165071557,100644
2006-01-17,90.56488037109375,93.17591175632865,90.20360413837439,92.4533592908899,97356
2006-01-18,90.26930236816406,90.46636306009869,88.70925442664323,89.71096541150314,178922
2006-01-19,91.6158447265625,92.60113786924822,90.48275360330585,90.61412401774659,188244
2006-01-20,93.50430297851562,93.93125923861487,91.63224240410332,92.83101346322933,497838
2006-01-23,92.78178405761719,94.1940337526884,91.66512034257,93.89844777266438,346876
2006-01-24,93.01171112060547,93.93131438513656,92.78180529301076,92.96243842688956,316450
2006-01-25,111.81439208984375,115.42713483881546,93.53719007329805,93.96415659374884,8459144
2006-01-27,111.3545913696289,116.8229787215683,109.20337107639162,111.66660501044556,8385522
2006-01-30,112.01144409179688,115.41070863221215,109.44968503048537,112.6518888685866,3920904
2006-01-31,112.35629272460938,113.94918572595546,111.5023697733073,112.32344760668953,1382512
2006-02-01,115.5420913696289,120.40287911051911,111.84724039461047,112.94748691175646,5107762
2006-02-02,116.3303451538086,121.35533894111762,115.6077924418766,117.21710345707895,3567390
2006-02-03,122.60334014892578,124.37687631742142,115.34501999717601,116.34673096170678,4184408
2006-02-06,123.04669189453125,125.78909318927309,121.58517972370832,123.16164476756504,2841868
2006-02-07,120.68199920654297,124.44252889835577,120.22218769582288,123.29302016739697,1481662
2006-02-08,121.96288299560547,123.44082284873484,120.20577472118964,120.53420579966284,995548
2006-02-10,124.36042022705078,126.11752842188778,122.04498523784845,122.83321778590111,1662354
2006-02-13,123.75285339355469,125.60849741063375,122.68545215534118,124.3604530260455,1374734
2006-02-14,124.5246353149414,129.6974245481803,123.16164841044989,124.08125137607966,4933352
2006-02-15,129.3525848388672,130.71557183710703,125.11582584672111,125.11582584672111,6170968
2006-02-16,129.08985900878906,132.02932179931116,128.43299671128005,131.32319683407363,3608540
2006-02-17,124.98445129394531,130.0915609207937,124.17980111142292,129.66459447636385,1282692
2006-02-20,127.80891418457031,129.40180644616896,121.88073898979505,124.8037727145792,2505102
2006-02-21,130.4856719970703,132.83396237998008,128.74499117655597,130.19008601170847,3217368
2006-02-22,130.2229461669922,131.33961003117878,128.8271138310282,131.17539446224185,1608818
2006-02-23,127.77607727050781,132.98171065481873,126.77436672395494,130.7155387464613,3195666
2006-02-24,127.94031524658203,129.171931719972,126.3310050592699,128.10453077636734,1295878
2006-02-27,127.80891418457031,129.13906567067394,127.10278958037408,128.28514311593793,583810
2006-02-28,127.41481018066406,128.7777968231011,125.16505583099784,128.252305219666,680074
2006-03-01,135.00160217285156,135.97047794515612,126.4788209820714,127.36557895491707,2324332
2006-03-02,132.55477905273438,136.9557532930591,131.5694858635757,135.64202904084752,870878
2006-03-03,132.9489288330078,134.65677486485342,131.7008944409908,132.65334279520627,427140
2006-03-06,132.57122802734375,134.6239226580871,132.04573619728885,133.6057841166538,598356
2006-03-07,134.50894165039062,137.25134310866133,132.68615320830625,132.68615320830625,1072534
2006-03-08,131.04397583007812,136.87362638392244,130.41995890213778,134.32828600125802,641438
2006-03-09,131.2903289794922,132.35773002810595,128.92562110877927,131.04400566058132,400866
2006-03-10,133.37586975097656,134.16410237478757,131.63517893285058,131.63517893285058,413702
2006-03-13,138.8935089111328,141.7672810097673,132.06214610297604,134.64033221890676,1345012
2006-03-14,138.86065673828125,143.78712294266097,138.26948480292413,140.568502364968,1757854
2006-03-16,138.26950073242188,140.53567344292938,136.9557762599048,139.55038008854157,678776
2006-03-17,138.6800537109375,141.55382628635655,136.95579016568604,138.53225568360375,695034
2006-03-20,138.1381378173828,139.87881882915477,137.62906354278783,139.23838412765656,260150
2006-03-21,136.92294311523438,139.74745298268888,135.3136325002769,138.56509884946104,361966
2006-03-22,135.36288452148438,138.69645839519563,134.3283284948736,137.28420858400284,343022
2006-03-23,133.35946655273438,136.44672742978977,132.341337990007,136.2989294007882,867162
2006-03-24,134.3283233642578,135.6420477981381,133.31018492341622,134.6567544727279,1119236
2006-03-27,136.46307373046875,137.94101315715253,134.32827233636996,134.65670332007747,858546
2006-03-28,135.49427795410156,138.5979565834455,111.66660009092766,111.66660009092766,707732
2006-03-29,134.525390625,137.08714938741116,134.03274393815764,135.31362331936324,562188
2006-03-30,135.31356811523438,136.26601598330646,133.3758272754494,135.57630889852376,930640
2006-03-31,141.93148803710938,143.26163991380048,133.01458629384683,136.24963440952828,1758186
2006-04-03,143.54080200195312,146.15183314254466,141.98075434481362,142.21066011398165,1218918
2006-04-04,143.32733154296875,145.49497883035298,141.58665070382852,144.54253063491922,433084
2006-04-05,150.3229217529297,150.97978396723497,133.88493882618712,142.37488495066714,998428
2006-04-07,142.65406799316406,152.06361817131872,140.56852824476115,151.07832474904237,993868
2006-04-10,143.68858337402344,156.43170401608305,139.58319527762276,144.08270464044597,1277188
2006-04-12,138.95919799804688,146.1518369583806,136.64375276956002,139.30404663788116,814542
2006-04-13,131.25746154785156,139.09054376193282,125.13222473033389,139.09054376193282,897134
2006-04-17,134.96873474121094,135.80622985204974,131.70084200888016,131.70084200888016,479560
2006-04-18,138.33522033691406,139.4847294944333,135.31364939940798,135.31364939940798,586248
2006-04-19,136.87364196777344,142.86750871261296,134.67314989337655,142.86750871261296,703036
2006-04-20,136.87364196777344,141.15966321998368,135.6584430569118,141.15966321998368,558200
2006-04-21,139.9280548095703,143.13025777514406,136.46311099445117,139.58320619167688,1024486
2006-04-24,142.62124633789062,144.11560426501873,137.61267061733142,137.61267061733142,868192
2006-04-25,138.64715576171875,145.16651363900453,137.9410310596876,143.9841599396233,504526
2006-04-26,133.0967254638672,141.81656861340397,131.73373817622473,140.22368553118812,1265260
2006-04-27,141.11041259765625,144.5096763062628,134.65674383083578,135.31360599586426,2884780
2006-04-28,143.01531982421875,143.52438399627272,128.44939921497846,131.536649406195,1093122
2006-05-02,149.96170043945312,151.40679583546682,143.73792467088572,144.44404980522955,1461164
2006-05-03,148.6807403564453,153.70573141269216,137.94104101139038,150.74985196244808,1588144
2006-05-04,144.55889892578125,150.7169800173281,143.85277429853426,150.7169800173281,335828
2006-05-05,142.81822204589844,146.4802256833997,141.4388078397124,145.13365658172643,396124
2006-05-08,142.7196807861328,144.83806465246198,140.9297379283284,144.83806465246198,617142
2006-05-09,141.61952209472656,143.4915737180031,139.74746044852628,142.53912534585288,521694
2006-05-10,139.3861541748047,143.72144862122104,138.26949046070396,141.88223249174374,588180
2006-05-11,137.25137329101562,139.94451268526245,136.62735612100911,138.9263741326607,1190894
2006-05-12,135.0672607421875,139.8787733148025,134.60745930594695,139.8787733148025,1129416
2006-05-15,132.99818420410156,136.59449890434877,131.3724461735352,134.65675732787358,1310822
2006-05-16,134.5746612548828,135.57637223492014,126.2817748688284,132.0293198888661,860050
2006-05-17,136.11830139160156,137.92467281301157,134.6567786869276,134.6567786869276,214012
2006-05-18,123.4572525024414,136.1182778331562,118.23519984711172,136.1182778331562,336318
2006-05-19,116.57661437988281,134.32831002006535,111.99499686269506,121.5194980621618,859844
2006-05-22,113.02958679199219,121.51953466434254,93.34014387837543,114.29404881943569,1079734
2006-05-23,119.63104248046875,123.49010836693549,103.12737773196208,118.23521013855526,1157092
2006-05-24,123.11241912841797,128.21951952441233,117.26633861872098,119.61462936998056,882568
2006-05-25,122.29132080078125,127.23420479452051,116.26460817471119,121.5195057193309,683978
2006-05-26,123.27660369873047,128.72856144628207,121.22390951839634,123.06312550855988,561860
2006-05-29,126.0354232788086,127.39841021652293,121.51949606034965,123.52292759457742,571562
2006-05-30,123.24376678466797,127.43126319107576,121.88077976285288,127.1028321003771,348862
2006-05-31,120.23863983154297,126.44598624249929,116.00188021917104,126.44598624249929,277758
2006-06-01,115.82125854492188,124.14699131635778,113.96562430364061,118.23522982510265,260790
2006-06-02,117.7754135131836,118.79355209243825,110.76340638950079,118.235215122966,315908
2006-06-05,111.40382385253906,119.877341517778,110.35284041088606,119.877341517778,177260
2006-06-06,104.58891296386719,110.02444496725913,102.14209667109728,110.02444496725913,359592
2006-06-07,104.0141372680664,106.74011149081689,100.17148924522814,100.49992035750759,666528
2006-06-08,102.89743041992188,105.42635318141625,90.64695787561024,100.82831908627661,609124
2006-06-09,112.50408172607422,114.2940354280096,96.88718520477825,96.88718520477825,612898
2006-06-12,109.51533508300781,116.5930200366266,105.42636459649897,108.38224397770922,321998
2006-06-13,110.63202667236328,118.23520522606609,101.84649406181532,102.14208007029598,707010
2006-06-14,107.93887329101562,116.00186238253185,107.13422315240499,111.61730542527377,555180
2006-06-15,114.60603332519531,115.9361752358717,108.7106912268372,111.65015350331755,265140
2006-06-16,118.20230865478516,120.17289455074574,116.6422614871497,118.6949551287753,406824
2006-06-19,116.56017303466797,119.54889747615583,114.95086295784213,114.96728050052533,253548
2006-06-20,114.81949615478516,116.59302180583924,112.06067736170989,112.06067736170989,87006
2006-06-21,115.77195739746094,116.92146619431517,111.00970666763631,115.67343208118481,105774
2006-06-22,116.44529724121094,128.08818921914764,106.74015768262304,106.74015768262304,218014
2006-06-23,120.07443237304688,120.86266514112168,113.70286996530069,114.9509043461755,217664
2006-06-26,117.00357818603516,120.6984280234889,116.18250044437877,120.6984280234889,191130
2006-06-27,122.94819641113281,124.1141229219136,116.59305199499033,116.59305199499033,531462
2006-06-28,128.71209716796875,130.19003655627313,119.5488749650652,120.82975376367872,641332
2006-06-29,125.32928466796875,131.3395685852682,124.19619359069635,130.69913408226535,500772
2006-06-30,127.94031524658203,131.1753631879371,126.1339444189434,130.058699589981,696644
2006-07-03,135.41213989257812,136.20038255890054,125.46068147093693,130.7155791241699,1654986
2006-07-04,134.59104919433594,138.59791227886484,133.88492439465577,137.44840352773682,927584
2006-07-05,133.62220764160156,137.54695364299442,131.93078932166688,134.591073464223,829892
2006-07-06,133.12954711914062,134.6567497149823,131.71728738886463,133.99988752125068,420010
2006-07-07,133.0309600830078,136.29885223615008,131.71723620603288,131.71723620603288,869552
2006-07-10,133.6386260986328,134.95235063147348,130.79769880094943,134.32833348295873,341652
2006-07-11,130.8305206298828,135.6091887582771,130.05870559964416,134.9851717208428,290960
2006-07-12,131.93075561523438,133.24447980349493,126.80722927643419,129.1719268015511,303890
2006-07-13,133.6714324951172,136.59446672936994,129.4346741085783,129.4346741085783,681774
2006-07-14,130.2064971923828,132.98173362382707,129.74668569200205,131.30673322036694,247966
2006-07-17,122.2584457397461,130.3542682817969,121.53589349517898,130.321423175604,257662
2006-07-18,120.76414489746094,126.18325918806961,119.56536311180538,126.11756894507451,339232
2006-07-19,117.5947494506836,123.12881540108138,116.93788726126954,120.8626428521872,175088
2006-07-20,123.09599304199219,124.21266698875664,118.92492338192088,119.87737172805222,278336
2006-07-21,120.55061340332031,124.14693742520262,119.61459292519666,123.8185063738132,225374
2006-07-24,121.83152770996094,124.85308799367965,116.62589246462285,118.23520294456158,294898
2006-07-25,123.99919128417969,126.93865443220652,122.83326457346763,122.8496821237328,415660
2006-07-26,129.99305725097656,130.71560985734766,122.83326152424127,124.80384860751786,751992
2006-07-27,123.04669189453125,131.0439900326892,121.5194895039975,130.38712792726218,1430766
2006-07-28,121.79869079589844,125.78912715942617,121.19109117970825,123.04672512408123,487316
2006-07-31,121.33888244628906,125.46068903229089,120.09083816467509,120.09083816467509,212500
2006-08-01,121.0597152709961,121.51951684365785,118.25162312477426,121.50309929649666,347052
2006-08-02,121.15826416015625,123.42443736982105,118.64576755763822,118.64576755763822,247664
2006-08-03,118.61292266845703,122.99748107449594,118.23522880325376,120.91194100629808,570970
2006-08-04,117.44698333740234,120.17295792180786,116.70801323673444,118.727862840642,391164
2006-08-07,115.23004150390625,117.87390757588244,114.95087309323853,117.87390757588244,246328
2006-08-08,117.72612762451172,118.85920886553065,115.62416064080092,115.93617418389215,329132
2006-08-09,117.5947494506836,119.28617760676208,116.33029775439881,117.57833190511688,708422
2006-08-10,119.7952651977539,121.68374436125517,118.56364835199221,119.22051066973178,783818
2006-08-11,119.43399810791016,121.51953813178373,117.74257951417424,121.45384788578602,335332
2006-08-14,121.43737030029297,122.17634009928054,116.9214437509244,116.9214437509244,704750
2006-08-16,122.29132080078125,125.13224778125695,121.84793681586963,122.50479900894709,1003740
2006-08-17,121.43737030029297,123.98271071902796,120.69840050130537,123.98271071902796,394548
2006-08-18,120.40283966064453,126.4459697151751,110.3856914104813,123.0959685862798,306698
2006-08-21,119.41751861572266,121.48662999338168,116.97070355387903,121.48662999338168,161978
2006-08-22,119.66385650634766,122.99742969921905,119.05625705198105,121.45379973654936,721280
2006-08-23,117.16781616210938,120.66560600651265,115.96904443441181,119.61463230977274,366730
2006-08-24,118.18595123291016,119.05629177509516,115.62418225130587,117.16781266417986,219144
2006-08-25,118.26802062988281,119.81164051876591,117.57831343475972,118.9741453679936,237946
2006-08-28,118.71142578125,119.51607596708634,117.90676557249184,119.15479975044141,221902
2006-08-29,120.66558837890625,121.51951127352082,119.22049349267043,119.22049349267043,956120
2006-08-30,121.07614135742188,123.1616811630339,120.2058008151211,120.2058008151211,834668
2006-08-31,118.79351806640625,122.60331033301307,118.07096572733504,121.84792290637357,882250
2006-09-01,121.25674438476562,121.74939094642163,118.23517479744082,118.89203687964883,637888
2006-09-04,121.88075256347656,123.03026112439309,121.50305889804497,122.17633847455697,437928
2006-09-05,122.98101043701172,124.80379875171741,121.19105720890454,123.75281538464013,973816
2006-09-06,122.8003921508789,124.47539284546833,121.19108168859582,123.6543150562502,615858
2006-09-07,120.96117401123047,122.63617467968682,120.386419567745,122.34058868476443,244196
2006-09-08,124.0976791381836,124.72169615319412,120.69841563212334,122.32415340286714,723068
2006-09-11,119.18763732910156,127.75969055057529,117.31558618054507,125.13224190172028,1046538
2006-09-12,121.37171936035156,122.83324188932676,116.62589557383568,122.83324188932676,459132
2006-09-13,122.65259552001953,123.96631989019869,121.19107314902662,123.16165970429535,1047052
2006-09-14,122.04496765136719,124.13050660928008,121.6180013164617,122.83320008583685,353704
2006-09-15,121.19111633300781,122.81685482957185,119.87739149470963,121.70018069867832,254954
2006-09-18,124.22904205322266,124.93516679130732,121.60159370840896,122.76751990225202,850866
2006-09-19,121.7822265625,126.51164159332795,120.15649891570787,124.8037961629823,900418
2006-09-20,121.28958129882812,123.81850436261726,120.2057628560157,120.23860796520519,470730
2006-09-21,122.7018814086914,123.27663592945476,122.0121739791907,122.17638955655167,426412
2006-09-22,122.02861785888672,123.2930800819943,121.22396736994597,122.17641591957258,291840
2006-09-25,120.8954849243164,122.14351904363193,120.59989895110182,121.51950198397417,127772
2006-09-26,120.6163330078125,122.17638088197754,120.20579409355855,121.51951861917121,164962
2006-09-27,120.59991455078125,122.07785463094807,120.23863830437817,120.86265544475297,130790
2006-09-28,118.99059295654297,121.3224559560393,118.05457226565584,120.59991349249621,583108
2006-09-29,120.66558837890625,122.47195949243157,119.25333860840985,119.58176971995991,341246
2006-10-03,122.14350891113281,122.8003710295287,120.38640073983969,120.38640073983969,459766
2006-10-04,121.94639587402344,123.5392878312958,121.51943968968561,122.66894790296642,461900
2006-10-05,125.47708892822266,126.28174907584574,122.34057615280244,122.83322276818285,781290
2006-10-06,125.08302307128906,127.28350607196754,124.14699215757952,126.11757933468395,791912
2006-10-09,129.2704620361328,130.02584943466942,124.17978081029692,125.13222884151445,1284070
2006-10-10,128.59718322753906,131.37242981658278,128.0881190711682,130.71556766749987,794554
2006-10-11,124.06481170654297,129.27044512224177,123.17804398696468,128.41652250763283,422592
2006-10-12,126.54447937011719,126.77438511394787,123.16164356924988,124.80379881683987,239894
2006-10-13,126.93862915039062,128.53152210291663,126.44598246546026,126.47882758237344,325794
2006-10-16,126.34744262695312,128.08812337129189,125.80552331742985,127.31630831562421,134200
2006-10-17,124.2126693725586,126.77442842482338,123.85139309007928,126.77442842482338,142598
2006-10-18,123.30947875976562,124.93520693169673,122.83324958509262,123.57221966949491,135928
2006-10-19,123.63784790039062,126.26529577163458,123.32583445651314,124.11406681330267,258674
2006-10-20,124.17977905273438,125.05011930992663,123.65428738066284,123.65428738066284,356846
2006-10-23,124.62318420410156,125.75626547898345,123.19450692254276,125.75626547898345,91780
2006-10-26,122.94819641113281,138.59793786446738,121.70015209433419,138.59793786446738,573234
2006-10-27,123.70355987548828,124.93517638166185,122.88248220470592,123.19449572877153,302236
2006-10-30,126.95503234863281,127.9895982883955,122.8332262264072,124.93518317329087,508056
2006-10-31,136.41387939453125,138.51583673819667,122.63618871987921,128.41657893215148,3800230
2006-11-01,134.27899169921875,137.87530447513782,131.7500694543942,137.20202505792815,1369068
2006-11-02,137.15284729003906,138.10529559993677,131.55309028941502,134.6567685992249,822116
2006-11-03,138.36802673339844,140.5356741282059,135.34646644562892,137.2842080474559,1307288
2006-11-06,139.27117919921875,140.24005478123132,136.28246473861046,137.28417540645128,654424
2006-11-07,138.71286010742188,141.06114018034526,137.97389022289155,140.53564848009515,504988
2006-11-08,135.16580200195312,139.2219276956087,134.16409125390138,139.2219276956087,147100
2006-11-09,134.2626190185547,136.75869718510242,133.999878168569,135.16580447189676,468666
2006-11-10,131.20826721191406,135.9048294633958,130.4036067454995,133.42517785942448,779244
2006-11-13,136.84083557128906,137.43201765041337,130.42001064824106,130.55138110262763,934966
2006-11-14,133.04742431640625,138.22021350774466,132.3248719757495,136.29888980352058,544778
2006-11-15,132.57122802734375,135.149414488142,131.76657774584618,133.01461207216892,420158
2006-11-16,131.96363830566406,134.22982136624384,130.74844900691238,133.47442367174267,769220
2006-11-17,127.6939926147461,132.98173470586576,127.10282071361843,132.02928663275094,340088
2006-11-20,124.82028198242188,128.71219396990492,122.68547903821626,128.71219396990492,588488
2006-11-21,125.57564544677734,128.0881416044336,124.803830281243,125.46069254588112,777726
2006-11-22,124.44252014160156,127.39839952749671,124.14693420759605,126.44595150773672,245650
2006-11-23,127.13566589355469,128.7449760900968,123.52292421755708,125.75625142627828,656084
2006-11-24,129.05699157714844,130.19007274270515,126.15037463433647,127.13566783373574,625740
2006-11-27,129.5004119873047,131.70090493174294,129.05703790674676,130.64992113259422,831012
2006-11-28,127.6611328125,131.04396807957212,126.4787792162209,129.40181309110633,701336
2006-11-29,127.80891418457031,129.89445291741072,127.10278958037408,128.0880825228576,183708
2006-11-30,124.77095794677734,129.04056173558413,123.17806529790762,129.00771662493227,924664
2006-12-01,128.08810424804688,128.51506058637244,125.34570308840857,125.46065595577925,279228
2006-12-04,127.84173583984375,128.74492087146754,126.82359798143,128.74492087146754,313748
2006-12-05,128.9256134033203,130.37071813956547,127.43125603374247,127.75968710599439,514986
2006-12-06,125.82194519042969,129.2540438655106,125.37856124039814,129.073410785793,411230
2006-12-07,124.44252014160156,127.10281359349119,124.14693420759605,127.10281359349119,463496
2006-12-08,122.68538665771484,126.41308022720035,122.17632265581612,126.41308022720035,248192
2006-12-11,118.94132995605469,124.4753964188382,117.742558353967,124.44255130174213,557486
2006-12-12,116.77362823486328,121.51945979550347,113.96554742983703,118.56358104372094,430060
2006-12-13,121.51953887939453,122.83326362403663,113.67003553474284,119.84453782539097,417008
2006-12-14,123.27660369873047,124.3111595610347,118.76067650199538,122.50478868234067,417910
2006-12-15,125.64131927490234,126.44597951736355,122.35700811860718,124.77097882306857,364924
2006-12-18,125.0993881225586,126.11752640804093,121.0268450035497,126.11752640804093,365986
2006-12-19,122.04496765136719,126.0846651423487,121.68369152888383,124.80378618347059,311004
2006-12-20,123.32585906982422,124.4425226333824,117.90674675383994,124.4425226333824,375302
2006-12-21,123.35871124267578,124.14694380191331,119.91018502595597,122.93174484018658,193258
2006-12-22,125.42782592773438,126.05184296758956,123.26017882141332,123.98273119782735,258494
2006-12-26,128.08810424804688,128.41653528458033,123.32585421831179,127.0699660302092,405962
2006-12-27,131.04397583007812,131.37240684719612,127.43123464178022,129.07338972737017,466204
2006-12-28,128.08810424804688,132.98172468781135,127.20133644023862,130.7155525403145,769928
2006-12-29,127.59548950195312,129.73029177161257,125.78911835070282,129.0734295347943,600664
2007-01-02,128.71209716796875,129.20474363073686,126.7743564189977,128.38366619279,106988
2007-01-03,130.32147216796875,132.0293181028464,128.08814442813457,129.69745500739063,293136
2007-01-04,128.51510620117188,132.8504014313392,127.59550298164469,131.33961612246736,320398
2007-01-05,126.77439880371094,129.69743345548167,126.44596771872723,129.69743345548167,82842
2007-01-08,123.39159393310547,127.43129329381725,122.99747252199629,126.77443095725118,362658
2007-01-09,124.0484390258789,125.62490440532578,123.03030054114669,123.81853323087012,340490
2007-01-10,123.12879943847656,124.77095469912021,122.53762755381297,124.77095469912021,172168
2007-01-11,124.93521881103516,125.62492629330876,122.8989515097086,123.52296874684215,150588
2007-01-12,126.28178405761719,128.08815548106816,125.13227496996657,126.41315452019249,173148
2007-01-15,126.05186462402344,127.43127938947032,125.29647702856424,126.77441712457613,230314
2007-01-16,124.836669921875,127.03715239811334,123.75284121902124,126.44598039504567,175574
2007-01-17,125.0993881225586,126.77438852474948,124.17978516833482,125.42781918091286,195790
2007-01-18,124.90235137939453,126.28176609756156,124.14696380982645,126.24892098085807,136120
2007-01-19,123.42444610595703,128.74503577735453,122.86611905639201,128.74503577735453,118260
2007-01-22,122.86605072021484,127.06996390848103,122.20918865811576,124.77094669113428,538130
2007-01-23,117.18424224853516,123.78571104061966,116.26463894402335,123.78571104061966,2315564
2007-01-24,115.8048324584961,119.51610066750351,114.98375453412065,118.56365227981277,1218260
2007-01-25,116.5273666381836,117.11854871497366,115.04942648059316,116.26462573044789,1011170
2007-01-29,116.46167755126953,118.53078960511274,116.13324643015649,117.18422000396478,205304
2007-01-31,114.88520050048828,117.41412410578171,113.80138182560381,115.969029198295,455302
2007-02-01,114.98372650146484,115.93617465695182,114.32686432210534,114.95088138791257,169252
2007-02-02,114.6881332397461,116.5930294297111,113.80136534477434,115.60773622326283,410814
2007-02-05,112.88179016113281,118.23521389207698,111.99502204777293,115.27933354477507,370460
2007-02-06,111.33811950683594,113.96556775478486,107.85674857371967,107.85674857371967,688734
2007-02-07,112.15924072265625,112.98031861960102,111.33816282571148,112.94747349913852,300166
2007-02-08,112.42198181152344,113.14453437110339,110.48423997637083,112.65188763218713,530390
2007-02-09,113.01314544677734,114.95088696532268,112.32343812040102,113.14451588443904,449436
2007-02-12,109.40039825439453,114.91803656584082,107.06853550716943,114.91803656584082,158002
2007-02-13,109.79448699951172,111.50233232858716,106.41165147117007,107.75822067029654,419274
2007-02-14,108.34943389892578,110.02443476106697,107.06855442420249,108.38227901836449,133498
2007-02-15,109.40039825439453,110.02441532178455,108.38225986922059,109.99157020814897,124526
2007-02-19,108.1851806640625,111.00968956284912,107.06851715233377,109.40037949980596,88500
2007-02-20,106.44449615478516,109.00625411529211,105.75478900451964,108.71066820029813,97942
2007-02-21,104.63816833496094,106.7401257293543,103.94846090258658,106.4445396934577,125698
2007-02-22,101.8792953491211,106.37879382072595,101.51801926177164,106.37879382072595,322092
2007-02-23,99.6788330078125,102.47049719419275,97.57687609559278,101.81363503269151,300568
2007-02-26,99.8102035522461,100.82834190834785,98.52932434040507,100.17147974607849,129354
2007-02-27,105.16364288330078,106.01755573027484,99.87590013582596,100.79550321237731,391464
2007-02-28,105.85331726074219,110.31998128602353,97.21558515635549,101.81361958942635,621326
2007-03-01,102.83180236816406,109.3018904686304,101.18964650161057,105.85336314886808,547792
2007-03-02,100.82837677001953,104.27690431427102,100.1715143806383,103.52151657565246,236470
2007-03-05,102.96314239501953,103.75137497336371,95.93471936849235,99.15333990628149,426718
2007-03-06,101.0582275390625,105.09792502296504,100.36852040151545,103.78420096017798,235706
2007-03-07,96.92003631591797,101.81365854460628,96.23032888248271,101.78081342436204,238222
2007-03-08,100.13864135742188,101.15677978188889,95.57345102769372,98.20089985319733,155412
2007-03-09,100.56560516357422,102.7660874833762,99.21903567129212,101.81363931373525,236696
2007-03-12,102.30628967285156,102.96315188583938,99.28471948393886,100.66413414038203,154752
2007-03-13,105.91899871826172,107.06850723148317,100.20430125711601,100.20430125711601,234570
2007-03-14,103.55430603027344,105.09793597406053,100.49990127519538,100.49990127519538,228618
2007-03-15,100.04010772705078,103.81706510002637,99.5146160010091,103.78421998785107,132936
2007-03-16,99.0876693725586,100.79550512178062,97.5440391545468,100.56560935974869,329078
2007-03-19,99.54744720458984,100.43420497190048,98.2337230844974,100.43420497190048,187470
2007-03-20,102.8646240234375,103.45579599136231,99.90874413797,100.33570055670218,226846
2007-03-21,103.65283203125,104.1126334551748,101.8793065258719,103.71851222157107,104514
2007-03-22,106.60871887207031,108.84204596178986,104.11264093343549,104.11264093343549,363782
2007-03-23,107.10140991210938,108.34944438821597,104.1126841664682,104.1126841664682,211184
2007-03-26,109.36756134033203,110.61559556868045,108.31657776272752,108.31657776272752,270356
2007-03-28,108.31658935546875,109.30188280632962,106.74012384326068,107.39698614383458,110460
2007-03-29,108.02096557617188,112.29056903786183,107.06851757776346,107.72537964879268,614378
2007-03-30,109.26902770996094,109.99157009459022,106.77294942005646,107.72539757697592,241866
2007-04-02,109.30184173583984,111.17390259821241,106.37880760120929,108.34939376247746,470924
2007-04-03,108.64501190185547,110.61559864752097,107.72540876304723,109.36756438443516,424534
2007-04-04,112.75041198730469,113.93276615497504,98.92346832066951,98.92346832066951,222628
2007-04-05,111.3052978515625,113.60431555292877,110.02441856538564,113.60431555292877,164090
2007-04-09,111.60086059570312,114.62243009741016,109.76165483597153,111.66655081123054,175882
2007-04-10,113.3415756225586,113.63716161060296,111.00971278723641,113.63716161060296,126262
2007-04-11,117.38127899169922,118.23520189888673,112.65187292032819,113.30873515309979,536558
2007-04-12,116.4944839477539,118.23516430192011,115.90330211249287,117.90673328997033,203694
2007-04-13,116.00187683105469,117.24991109120384,115.47638502886257,117.24991109120384,156680
2007-04-16,116.98717498779297,118.23520929900216,115.93619134041046,115.93619134041046,79224
2007-04-17,114.95087432861328,117.90675395420618,114.06410643176707,116.92146074567522,682060
2007-04-18,116.0674819946289,116.56012836134883,113.30866434558058,113.9655261678738,199454
2007-04-19,115.4435043334961,116.5601678046843,113.76850411525409,115.87046065330001,39464
2007-04-20,113.24305725097656,116.56021389224185,112.65188518628203,116.56021389224185,164896
2007-04-23,111.99500274658203,115.60774477066532,111.33814056038506,115.60774477066532,202736
2007-04-24,111.63375854492188,113.27591448121942,111.17395688734345,111.17395688734345,83522
2007-04-25,113.83421325683594,114.45823029835466,110.74696313859508,111.66656614473625,114240
2007-04-26,111.73225402832031,115.44352111032312,111.07539188829003,115.44352111032312,530492
2007-04-27,111.83074951171875,113.04594815581511,111.3709481409238,112.32339598533865,81894
2007-04-30,112.94742584228516,114.4582105397902,110.38566789389085,114.4582105397902,208924
2007-05-03,115.31217193603516,118.20236187558943,114.45824899205509,114.62246455732347,541434
2007-05-04,130.2229461669922,130.71559287380302,117.57834735884794,118.56364077246955,3570748
2007-05-07,125.0993881225586,132.98173352306117,124.24546536625338,130.3871301666465,1610376
2007-05-08,125.32928466796875,127.06996514023676,123.9170252070142,125.1322240428449,478674
2007-05-09,122.63619232177734,126.28178017805627,120.69845049528134,125.13227112572025,390228
2007-05-10,123.6871337890625,126.11752152214481,123.16164211146955,123.49007315710013,268436
2007-05-11,121.22393035888672,122.50480974303638,119.02343781009749,121.84794749240348,263312
2007-05-14,121.81510162353516,123.29304167833844,121.22392961078282,122.17637786373822,246094
2007-05-15,121.68374633789062,122.66903983050511,121.32247005268056,122.17639308419787,266478
2007-05-16,120.30430603027344,122.99744501712,119.5489185213129,121.8479361851843,300992
2007-05-17,120.66558837890625,122.34058905239597,120.2057868273206,120.53421793887065,121338
2007-05-18,120.92835235595703,121.68373998502136,119.91021379549233,121.51952441149231,125046
2007-05-21,125.0665512084961,126.05184444813105,120.92832762036616,121.84793063485701,1149510
2007-05-22,122.99742126464844,126.74153301818731,122.50477471752701,125.78908503166983,377312
2007-05-23,119.9430923461914,124.11416306266628,119.54897085070002,123.16171447530908,206562
2007-05-24,124.2126693725586,125.46070377793403,118.92492566424418,119.22051170520956,702422
2007-05-25,122.76753997802734,124.14695459379372,120.53421252889495,121.51950581932189,272248
2007-05-28,121.28958129882812,123.81850436261726,120.63271920671875,123.78565925342778,84964
2007-05-29,121.38812255859375,122.96458764752953,119.97586297778986,120.86263085464162,222260
2007-05-30,116.5273666381836,121.51952406854723,115.41070274592211,121.51952406854723,1018392
2007-05-31,119.22051239013672,123.0959961115557,114.62247609960802,119.54894355374591,1444910
2007-06-01,117.70965576171875,121.19102599264939,117.28269951671115,120.46847386103293,320032
2007-06-04,117.6768569946289,120.14009020012284,116.29745241330522,118.39940941074242,359944
2007-06-05,118.39940643310547,119.22048414762077,117.08568208988099,117.08568208988099,178130
2007-06-06,117.7425537109375,118.99058792799337,117.31559727429264,118.5636314913485,286666
2007-06-07,117.47978973388672,118.53076307243852,116.29743595796083,116.29743595796083,117592
2007-06-08,119.05625915527344,123.161647402007,115.60773302801725,116.26459514749462,350432
2007-06-11,117.57831573486328,121.51948832932797,117.31557490440039,121.51948832932797,197196
2007-06-12,115.70623779296875,118.56359151453643,115.47634210572228,118.23516051311113,142224
2007-06-13,116.03473663330078,116.85581461690163,114.95091770411753,115.60778009099819,318752
2007-06-14,117.3155746459961,119.15478050102567,116.59302232943433,117.54547036641469,195450
2007-06-15,117.7754135131836,118.8920774292047,117.41413724016763,117.74256839328697,267084
2007-06-18,118.85919952392578,120.10724357528063,117.9067514471817,119.22047569728957,367180
2007-06-19,119.51610565185547,120.46855407926752,117.93963998047857,119.05630399961423,196506
2007-06-20,118.8263931274414,120.5342392181764,118.39943661621959,120.14011780556866,238712
2007-06-21,121.55233764648438,122.1763546576247,118.89204404854877,118.89204404854877,436822
2007-06-22,121.55233764648438,124.3768467748738,119.9758625403756,122.1763546576247,464146
2007-06-25,121.6508560180664,122.76751955688687,121.0268390425126,122.66899425340152,234410
2007-06-26,122.01219177246094,122.63620905284952,120.27151040775729,122.17640737376978,349250
2007-06-27,123.4572525024414,123.81852872878089,121.22392495894258,121.22392495894258,213004
2007-06-28,122.04496765136719,125.13221719974288,121.55232112695876,124.31113965906216,351802
2007-06-29,121.48670959472656,123.8185733250622,121.22396862071368,122.96465012513181,215858
2007-07-02,121.91361236572266,123.3258619016331,121.48664597787685,122.66899978764305,160692
2007-07-03,125.59205627441406,126.4131340612799,122.17637468563663,122.50480580038297,1290102
2007-07-04,124.47539520263672,128.02244731006004,123.81853295882334,126.74156793920842,406742
2007-07-05,128.31802368164062,128.71213495380303,123.98272952740794,124.4753761348016,904762
2007-07-06,126.90573120117188,129.3032834167914,126.44592982457526,129.04053261379457,300640
2007-07-09,126.51164245605469,127.75967641702728,125.78909014838419,127.75967641702728,148168
2007-07-10,125.59205627441406,127.33274719632297,124.63960804623414,125.98617762127856,439492
2007-07-11,125.19795989990234,128.41658119957134,124.21266643801306,125.78913196786657,1422738
2007-07-12,125.62491607666016,130.38716779721327,125.13226934694775,127.16854650559499,2475914
2007-07-13,125.29644012451172,127.92388841021577,124.24545680106218,127.92388841021577,490620
2007-07-16,123.94986724853516,127.43123812986273,123.81849684267591,126.44594505153906,163088
2007-07-17,122.50482177734375,124.80383988040383,121.84795946218374,124.80383988040383,200906
2007-07-18,123.03317260742188,123.79263259263904,120.62269381481195,122.83504954437814,439042
2007-07-19,122.86796569824219,123.62742502803924,122.17454061449983,123.16514499786065,214234
2007-07-20,120.82075500488281,123.16518821689516,120.5235756009832,123.16518821689516,242622
2007-07-23,123.42935943603516,124.15580701852069,119.66506304714093,119.86318603117823,441430
2007-07-24,122.00949096679688,125.14640616080112,121.41513211871415,124.88224891208726,219068
2007-07-25,122.57083129882812,125.04734316442715,120.62263390299485,120.62263390299485,469368
2007-07-26,124.15576934814453,126.0709340998623,122.70288470094995,123.49536631969694,1071026
2007-07-27,123.23126983642578,126.69838744349775,118.90562585411632,121.64629574130531,1415934
2007-07-30,127.55690002441406,129.4390535584698,125.47663355157786,125.80683521881885,1538182
2007-07-31,135.84495544433594,137.363885034629,128.18428328665436,130.429650453554,2169574
2007-08-01,129.934326171875,137.62801921810703,128.77862060236657,135.05245083684085,1877836
2007-08-02,131.5523223876953,134.62320347640943,127.49084652350199,129.43903405122924,933322
2007-08-03,132.97218322753906,134.68922543521182,131.75043332383024,133.2363404665802,430818
2007-08-06,134.8543243408203,136.04305205376804,126.13700457412473,130.7598267312916,524800
2007-08-07,132.41079711914062,137.69402094434324,131.7503941409903,136.8354950573579,601290
2007-08-08,133.79769897460938,135.77890867269173,132.4108481551703,134.12790059095644,505216
2007-08-09,130.462646484375,136.70345434107716,129.63714253304,136.04305118000914,342130
2007-08-10,129.83529663085938,130.3966334062025,124.1558240529733,127.1276389904115,339404
2007-08-13,129.86825561523438,131.09000528723072,128.8446389503708,130.26450147559828,247334
2007-08-14,129.47203063964844,130.75981467790413,124.81618673799939,130.75981467790413,125046
2007-08-16,127.02855682373047,128.11821804955636,124.02372031284773,124.02372031284773,237556
2007-08-17,122.24066162109375,127.4578439488393,121.283068721572,126.79744061231682,352272
2007-08-20,122.07554626464844,127.12762715725923,120.91984056321881,125.47661901235975,417720
2007-08-21,119.20274353027344,124.45294545430542,117.55173600215332,124.45294545430542,250502
2007-08-22,117.71686553955078,120.52357902366349,114.08464808952256,118.87257109183248,261474
2007-08-23,116.89134216308594,120.52355900996149,115.73563680271644,118.93859568937802,264200
2007-08-24,116.95745849609375,118.21222105754174,116.23101064875613,117.98107581240052,101576
2007-08-27,125.54265594482422,127.45782124887045,117.91499675106849,119.20278101254463,494628
2007-08-28,125.01434326171875,126.63232928675842,122.3397079550039,125.57568000508326,254892
2007-08-29,123.69353485107422,125.0803756759905,120.82077658732284,120.82077658732284,128966
2007-08-30,123.69353485107422,127.45783148578158,122.8350085821522,123.46238967511105,613492
2007-08-31,127.95307159423828,129.10877675702494,123.69347458107156,124.02367605615346,437268
2007-09-03,132.47691345214844,134.3590569166976,127.29274322516632,128.7786507336313,534406
2007-09-04,129.80223083496094,133.7316272498756,128.8446483589324,133.7316272498756,334334
2007-09-05,131.81649780273438,134.5571673649066,128.4484370673587,130.39662471442907,650968
2007-09-06,131.22213745117188,132.34482107792059,129.17489320873716,130.33059901682213,171654
2007-09-07,131.5523223876953,133.56655426969957,130.46266108080061,131.420243756095,387532
2007-09-10,130.62777709960938,131.42025905844017,128.8777022770301,128.8777022770301,253140
2007-09-11,133.3023681640625,134.72223078122124,130.49565502278705,131.98156197993288,640092
2007-09-12,132.3777618408203,135.21749638093794,131.750381089119,134.72219419639237,346702
2007-09-13,130.62777709960938,133.40146899399454,130.13247461572078,133.40146899399454,231072
2007-09-14,130.89190673828125,133.40144080848486,130.29754791397502,130.92492891228775,326488
2007-09-17,130.1654815673828,132.08064691689634,129.50507833279832,132.08064691689634,62598
2007-09-18,130.03335571289062,130.75980309419424,129.43899700233368,129.8022206929855,99438
2007-09-19,132.31175231933594,133.66557048184103,130.42959963558647,130.42959963558647,368408
2007-09-20,132.24575805664062,136.04307695214965,131.18910876797807,133.4014638074477,467402
2007-09-21,133.8637237548828,134.85432853364657,131.42023398265619,132.2457379649593,274508
2007-09-24,134.88734436035156,136.04304988118687,128.77861517879342,128.77861517879342,843212
2007-09-25,132.0145721435547,135.7128334358474,131.42021340016365,134.06182572981515,386418
2007-09-26,133.00515747070312,134.3920077733456,131.7834179916608,133.4014032934438,425064
2007-09-27,131.0900115966797,134.7222285426834,129.7692054344965,134.7222285426834,1255602
2007-09-28,132.57595825195312,134.52414590950502,130.82589359348117,130.82589359348117,485094
2007-10-01,136.27420043945312,138.09030918732736,130.95795281664888,132.7410393900803,585628
2007-10-03,138.12330627441406,141.49136616250527,137.03364517488842,137.52894750684584,1513936
2007-10-04,140.76490783691406,142.31685905460077,137.0336345885367,138.123295603882,475760
2007-10-05,140.76490783691406,143.63766517111677,138.09028351252988,140.76490783691406,953880
2007-10-08,133.0712432861328,141.26023884219055,132.41084009364582,138.35446882602892,486396
2007-10-09,136.901611328125,137.62804893966546,130.46267890748265,131.4202617136231,349882
2007-10-10,136.60440063476562,138.98184601607448,134.88734835080416,137.36386025442968,245776
2007-10-11,137.46292114257812,138.6846710853013,135.44869945742548,136.7034614983684,628696
2007-10-12,134.4250946044922,138.35449224965222,133.73166911959225,138.35449224965222,281696
2007-10-15,134.78831481933594,136.70348031960174,133.73166553004518,135.71287538974954,170532
2007-10-16,136.17514038085938,140.17058183125155,133.83070696145955,135.3826585413737,483598
2007-10-17,131.9815673828125,135.05243785584435,125.47659262890184,132.08062381989666,267424
2007-10-18,129.07582092285156,135.4156965331019,127.78803652366291,134.62321460105923,758946
2007-10-19,126.10398864746094,133.40144600102653,123.8255996296657,132.08063960497677,336292
2007-10-22,125.11336517333984,128.0851791208156,120.52356564762869,122.86799866602767,130010
2007-10-23,126.53329467773438,130.42967068253134,125.17946570082827,130.42967068253134,803282
2007-10-24,126.79739379882812,128.1181999842326,125.0143074639224,128.1181999842326,415800
2007-10-25,125.87287902832031,129.76925465381044,123.85864685163605,126.63233882884556,1363846
2007-10-26,126.86346435546875,130.33058130864214,124.91526676783704,126.20306112629287,384394
2007-10-29,126.99556732177734,133.73167953480612,126.13704094394058,131.32121131718316,852784
2007-10-30,127.6229248046875,129.60413450411346,127.12762237983102,128.44842884611498,205740
2007-10-31,126.59927368164062,129.6371320066641,126.17001569258267,128.61350517473542,168470
2007-11-01,123.9576644897461,128.2833069718847,123.16518275550321,128.2833069718847,267490
2007-11-02,127.19364166259766,127.49082104354333,120.52356629183075,123.82558180667542,397388
2007-11-05,127.19364166259766,130.06638911434152,123.85860397721419,124.81618646112882,387622
2007-11-06,127.12760162353516,131.65136706273785,126.13699693555957,128.77860943682782,454448
2007-11-07,126.43419647216797,130.0333920632395,126.1370170338141,130.0333920632395,132458
2007-11-08,128.34933471679688,128.97671558873228,125.83980115210464,127.72194376791082,197724
2007-11-12,125.7077407836914,127.06155914894066,123.82558781807579,125.47659565565014,273408
2007-11-13,126.59927368164062,128.5804830039729,125.14638886065399,125.80679196809807,268022
2007-11-14,127.82103729248047,128.2833175023235,126.1370071708818,128.2833175023235,196602
2007-11-15,127.68897247314453,131.09004518132429,127.02856922286078,127.78802892990554,489864
2007-11-16,128.7786102294922,130.59471883529272,126.96250162369165,128.7786102294922,416726
2007-11-19,129.1748504638672,130.92491464907673,128.94370534795578,129.76920922342285,573004
2007-11-20,132.41079711914062,134.6231511267241,128.15119992546096,129.76918520653933,1147914
2007-11-21,130.13246154785156,138.05730049425873,128.4484312563493,136.01004640232202,1168604
2007-11-22,126.10398864746094,133.40144600102653,123.8255996296657,133.40144600102653,941438
2007-11-23,127.58985900878906,129.73616878274655,126.66529882924901,126.76435524957466,144624
2007-11-26,130.09942626953125,131.42023262759756,127.82103731725744,129.76922468001467,286184
2007-11-27,135.5147247314453,136.83553103502072,130.09942090217666,130.09942090217666,1179624
2007-11-28,126.17000579833984,138.2883958234445,122.17456529623496,137.36383557630742,2690614
2007-11-29,126.17000579833984,126.17000579833986,126.17000579833986,126.17000579833986,0
2007-11-30,126.17000579833984,126.17000579833986,126.17000579833986,126.17000579833986,0
2007-12-03,126.17000579833984,126.17000579833986,126.17000579833986,126.17000579833986,0
2007-12-04,126.17000579833984,126.17000579833986,126.17000579833986,126.17000579833986,0
2007-12-05,126.17000579833984,126.17000579833986,126.17000579833986,126.17000579833986,0
2007-12-06,126.17000579833984,126.17000579833986,126.17000579833986,126.17000579833986,0
2007-12-07,126.17000579833984,126.17000579833986,126.17000579833986,126.17000579833986,0
2007-12-10,126.17000579833984,126.17000579833986,126.17000579833986,126.17000579833986,0
2007-12-11,126.17000579833984,126.17000579833986,126.17000579833986,126.17000579833986,0
2007-12-12,126.17000579833984,126.17000579833986,126.17000579833986,126.17000579833986,0
2007-12-13,126.17000579833984,126.17000579833986,126.17000579833986,126.17000579833986,0
2007-12-14,126.17000579833984,126.17000579833986,126.17000579833986,126.17000579833986,0
2007-12-17,128.15121459960938,145.28867182957086,127.12758785087449,143.6376641951439,711562
2007-12-18,128.86117553710938,135.38265719465687,127.55687517481859,135.38265719465687,201836
2007-12-19,128.7291259765625,135.05248608469694,127.78804918038561,135.05248608469694,663084
2007-12-20,128.3328399658203,130.3470715864736,126.30210229721632,130.3470715864736,1363806
2007-12-24,129.5711212158203,129.76924421474513,128.33286506873304,128.33286506873304,89504
2007-12-26,132.90615844726562,133.73166253700018,129.57111990934712,129.57111990934712,474224
2007-12-27,132.8730926513672,134.06182016576415,132.08061100075287,133.53349570637096,161886
2007-12-28,132.5594024658203,133.73161381539728,130.42959865946153,130.42959865946153,136172
2007-12-31,134.2104034423828,135.34959256897704,132.41080124013465,133.07120423883856,245388
2008-01-01,136.05955505371094,136.7034521562423,134.39204112944594,134.55714191707423,183018
2008-01-02,138.3709716796875,139.01486880827414,133.46748615026902,137.03365927656478,292168
2008-01-03,145.25567626953125,147.58360350667516,134.93687666415775,137.03365875936018,703138
2008-01-04,151.16629028320312,153.54374586282822,145.28870576267616,145.28870576267616,486268
2008-01-07,160.72564697265625,173.32284749853775,150.57194662461478,151.8927531739535,1148940
2008-01-08,156.6971435546875,164.3743296917903,155.52493206776003,161.79876159915585,259374
2008-01-09,153.2630615234375,158.49675858803715,151.89272698020227,156.49904305744812,124436
2008-01-10,152.61917114257812,158.6783619483929,150.9021189313962,153.26305816405713,356154
2008-01-11,150.8856201171875,152.8833356997618,143.65419725686763,152.8833356997618,406734
2008-01-14,155.19471740722656,156.84572503921834,147.2863868192056,151.2322990904463,209176
2008-01-15,153.74183654785156,157.83633356210592,153.54371361167208,155.1947212849159,78888
2008-01-16,150.40682983398438,154.84804541529712,148.62374319711702,150.42333588331658,241722
2008-01-17,158.86001586914062,162.45921183962764,148.5907425362448,151.16631137609116,237942
2008-01-18,151.76065063476562,159.1571641308503,149.71339677491554,159.1571641308503,370886
2008-01-21,146.36184692382812,153.54373112144407,132.1301571421275,153.54373112144407,253620
2008-01-22,133.89674377441406,149.25111759811384,123.84210140101666,133.76466515476204,203438
2008-01-23,136.40628051757812,151.56253166909727,131.750436026078,135.38265356063155,221382
2008-01-24,134.52415466308594,141.75556902290026,132.74106770924823,138.68469760667725,160936
2008-01-25,132.1466827392578,138.35446871277287,130.7763380544066,134.7222511570676,328880
2008-01-28,128.16773986816406,132.542910755597,126.7974053414529,132.14667491007643,107308
2008-01-29,128.13473510742188,134.06185824020247,126.13701932945159,130.41313435582578,431910
2008-01-30,133.96270751953125,135.3165251525854,127.12753473790914,128.8115638368396,500246
2008-01-31,138.51959228515625,143.6377178642264,130.7598535039854,132.74106340556094,404286
2008-02-01,138.89930725097656,140.00548467595323,136.04306529833192,137.03367014273726,118976
2008-02-04,139.92291259765625,141.75552724514563,137.03364891569876,139.34505986126476,178574
2008-02-05,137.08316040039062,141.6399474686923,133.73161695385093,133.73161695385093,88408
2008-02-06,131.28814697265625,137.0336523070053,130.75982244234723,137.0336523070053,86586
2008-02-07,130.13246154785156,135.01944153402113,128.4484312563493,132.6750079969849,51622
2008-02-08,127.14411163330078,130.31404874900338,126.1370008665867,130.13244191466222,560492
2008-02-11,124.4365005493164,141.98671718080908,122.66991961086181,133.73167548425042,65528
2008-02-12,122.4057388305664,128.10171650873284,122.17459367661314,125.46010367248174,29056
2008-02-13,120.7877426147461,125.80681102226882,118.87257734387605,124.41996025580896,34350
2008-02-14,122.17462921142578,125.47664621713999,121.18402410971152,122.17462921142577,283506
2008-02-15,124.81622314453125,125.36105384921565,121.18400501069567,122.1746099562872,305974
2008-02-18,127.42481994628906,128.778648782211,125.97193464208588,125.98844069448107,91958
2008-02-19,127.21016693115234,129.73620716630893,125.85633835010894,125.85633835010894,63062
2008-02-20,123.7761001586914,128.10174412600256,123.18173109622379,125.82334450197649,26358
2008-02-21,124.20536804199219,126.99557645130689,123.49543639894033,126.56630819305128,73904
2008-02-22,124.50250244140625,124.8161979750346,122.98358322602346,122.98358322602346,37856
2008-02-25,128.2667999267578,128.79511436084198,123.33028257728776,127.06155617200459,51356
2008-02-26,125.2289810180664,128.71260454098405,124.81622893824418,128.58052589083195,145468
2008-02-27,125.90589904785156,128.77865775155314,125.49314693967351,126.43422376171063,75692
2008-02-28,123.80908966064453,126.46720841775621,122.834990943617,126.1370068291981,118586
2008-02-29,123.00010681152344,125.04736094225524,122.22413096792572,123.95768952030289,68398
2008-03-03,128.25025939941406,129.57106538720814,120.52354638620875,122.50475536789986,314778
2008-03-04,134.17738342285156,137.03362442253362,128.2832845497694,128.81160897257163,344932
2008-03-05,133.40145874023438,138.6681787782109,132.08065221805384,134.7222652624149,332190
2008-03-07,125.98844909667969,133.7316826539696,123.8256320870089,133.7316826539696,147284
2008-03-10,130.4131317138672,131.09004099299923,120.85379094064916,123.8256054719766,117102
2008-03-11,135.1019744873047,135.7128494259018,125.47660044243962,128.77861624355646,116020
2008-03-12,130.33053588867188,138.68462979557785,128.1512039764942,136.96757796732876,83742
2008-03-13,127.19364166259766,129.43900818191136,125.8232971623758,127.72195608341148,44020
2008-03-14,132.54286193847656,135.34957430421613,126.79735864047001,127.1275600952629,133024
2008-03-17,127.95307159423828,131.71736639478212,127.12756790653351,129.60407896964782,73678
2008-03-18,128.97674560546875,131.05701163259204,127.50734447029468,130.0994290181536,52294
2008-03-19,133.96270751953125,136.4061957822212,130.5946493216703,132.08055557185367,207330
2008-03-24,130.06640625,136.0430571346558,127.9531180574736,135.38265394468175,177964
2008-03-25,131.25515747070312,133.73166987581072,130.42965333566727,132.41086325975334,94794
2008-03-26,129.27394104003906,132.08065495789432,125.90588030783105,131.09005004571011,290708
2008-03-27,128.2007293701172,130.7597909351356,127.12757452027074,128.77858198157296,138214
2008-03-28,127.95307159423828,130.39656049445452,127.49079154451347,130.39656049445452,250778
2008-03-31,126.33511352539062,128.11819985854714,124.84920656826831,127.78799831251995,226478
2008-04-01,129.37294006347656,130.4295888648068,125.49307254661204,126.46717097524305,158578
2008-04-02,129.85179138183594,131.7504507599556,128.49796267943807,130.59474505153494,729882
2008-04-03,134.50759887695312,135.38263093958705,129.10880170092327,130.59470862586994,219132
2008-04-04,135.53121948242188,136.37322933738082,133.0051697636434,134.22691943255523,260754
2008-04-07,141.60696411132812,142.0527383054049,128.11822617051118,136.63742377684105,462288
2008-04-08,141.19418334960938,144.29807587243624,140.68236490617926,141.9866650461043,221150
2008-04-09,139.5596466064453,143.63763669820955,138.71763690485608,141.32622645249126,102278
2008-04-10,139.62576293945312,142.31690424091485,138.07381122901415,142.31690424091485,44052
2008-04-11,138.80023193359375,140.3356672183571,138.51955858376658,140.3356672183571,21776
2008-04-15,140.69891357421875,141.62347408782753,135.41568760627402,138.20588527442254,54318
2008-04-16,140.68238830566406,142.61406969006822,139.1139306983454,139.2790314991158,85720
2008-04-17,138.61862182617188,142.31688362159773,138.12331944697837,142.31688362159773,84726
2008-04-21,139.4111328125,140.00549171825816,138.70119124340312,140.00549171825816,23678
2008-04-22,137.59503173828125,141.9867096573668,137.19878572706023,139.675298104805,211116
2008-04-23,135.59727478027344,141.65647569789314,135.06895024479758,141.06211689357804,110034
2008-04-24,132.42735290527344,136.68696177590024,131.58534282263523,136.67044564907283,459050
2008-04-25,137.8922119140625,138.51959303757835,132.47690683573165,133.07126577865094,441306
2008-04-28,133.13723754882812,138.6846182479671,132.65844138362093,138.6846182479671,155202
2008-04-29,133.3188934326172,135.6798328117609,132.4273450990049,134.0618470183098,100266
2008-04-30,135.96047973632812,137.67753172006275,130.95792858109203,130.95792858109203,570578
2008-05-02,143.8853302001953,144.95848527340388,136.04304312674805,136.70344624872257,640966
2008-05-05,142.71310424804688,146.27927671506032,141.9866568566048,144.2980675496193,104468
2008-05-06,145.22262573242188,146.2792746364224,141.3262517932027,143.0433037429658,161728
2008-05-07,148.2439727783203,151.21578638502007,142.76262566612843,145.94906824014421,195824
2008-05-08,147.5010223388672,151.54599094033142,146.29577873482958,149.91148939304114,618830
2008-05-09,145.0244903564453,148.5576400563701,143.9678416165533,147.50100139342732,173548
2008-05-12,147.22039794921875,147.58362175563167,142.6801255614423,144.95851478064478,156836
2008-05-13,145.6519012451172,151.82666399422163,143.96787137647007,147.93028985472154,345538
2008-05-14,143.5386199951172,145.9490873159345,143.02680153867533,143.3074748758271,69088
2008-05-15,142.71310424804688,148.243979834903,141.68947749717884,147.20383696148573,57298
2008-05-16,147.23690795898438,148.29355722842496,143.30751049311246,144.62831704143608,393160
2008-05-20,148.5081329345703,151.23229546199713,144.29806357400162,145.9490711663815,220740
2008-05-21,149.581298828125,151.82666528747967,146.60948494412253,148.49163776810465,271766
2008-05-22,147.3689727783203,149.89502312666232,146.77461391809473,147.93031953949705,33688
2008-05-23,147.99636840820312,151.5625418322993,147.60012243799082,149.2511305189527,131924
2008-05-26,143.57162475585938,148.42559139741172,142.30035689555154,148.42559139741172,30416
2008-05-27,143.60462951660156,147.26986816111344,137.03362171942172,137.03362171942172,218102
2008-05-28,148.65675354003906,150.24171707399475,132.41083197070748,143.96788713024551,208422
2008-05-29,141.60696411132812,148.6237484054605,140.10454072217706,148.6237484054605,365642
2008-05-30,137.38038635253906,145.2887195497203,136.1256241690277,143.60468919409408,360314
2008-06-02,132.8730926513672,139.2624942239188,132.2457117645038,138.981820910152,138220
2008-06-03,135.13499450683594,136.37325041251862,131.0900252149392,131.0900252149392,93108
2008-06-04,131.8329620361328,136.3732331143966,130.8258513913711,135.08544915122474,249208
2008-06-05,129.141845703125,132.37781730041795,128.77862193356282,132.37781730041795,196340
2008-06-06,128.8942108154297,131.7504529555924,127.45783168135004,131.66790254647236,214126
2008-06-09,126.0049057006836,127.78799194499095,123.4953720605339,127.78799194499095,56448
2008-06-10,125.4105453491211,128.5144479977574,122.85148332254332,122.85148332254332,218904
2008-06-11,123.90814971923828,127.12761530155028,122.66989372604138,126.79741370336444,176596
2008-06-12,124.9813461303711,125.47664869099343,120.52362308477001,120.52362308477001,96002
2008-06-13,121.91041564941406,125.77376771791815,121.39859720343577,125.14638679160909,257646
2008-06-16,128.63002014160156,129.4390180351019,122.20760552251093,122.20760552251093,153064
2008-06-17,131.5853271484375,132.31177464151844,128.44841219759644,128.77861377136918,492788
2008-06-18,130.77633666992188,132.08063699098903,129.43902425116926,132.06413094214633,38868
2008-06-19,127.16057586669922,131.05694880669495,124.55198652029881,125.88929831423468,155756
2008-06-20,123.42935943603516,128.1182263914522,122.24064168571856,128.1182263914522,98166
2008-06-23,122.2736587524414,132.04762895142227,119.86319090010788,132.04762895142227,72348
2008-06-24,121.26654815673828,124.7831934874857,120.5731227209822,122.8350058932788,55352
2008-06-25,118.88906860351562,122.83498130803574,117.88195786819558,119.92921158744363,836584
2008-06-26,119.268798828125,123.82557599392082,118.9055751231526,123.82557599392082,65386
2008-06-27,117.238037109375,118.5258310051741,115.5705235855633,117.5517325613158,119668
2008-06-30,117.25457000732422,117.81590658460111,116.23094320799986,117.22154783761349,72730
2008-07-01,115.50452423095703,117.78292350179971,114.57996371304543,116.2474778861569,38858
2008-07-02,119.56600189208984,120.19338291941042,114.89365124728911,114.89365124728911,54046
2008-07-03,122.07554626464844,122.83500598052059,117.2215782878624,119.18628201107437,117794
2008-07-04,121.23353576660156,123.82562077692278,118.87259594584587,122.76897144884444,114424
2008-07-07,122.37274169921875,123.82562704111004,121.8774391910543,122.78549378935577,23482
2008-07-08,122.05301666259766,124.34162210071068,120.48802068278086,124.34162210071068,70584
2008-07-09,124.08916473388672,124.8632454354826,122.5409930597412,122.6756144507639,35986
2008-07-10,124.34159088134766,125.16615336837246,122.84390085839102,122.84390085839102,37324
2008-07-11,124.27430725097656,125.40178101617884,122.97855412592189,124.52672629075511,64644
2008-07-14,124.7454605102539,125.19981673809116,123.18046485521872,125.09885325232946,30628
2008-07-15,124.40885925292969,126.36090490036804,123.18042266578088,124.4593409785205,124132
2008-07-16,117.6272201538086,123.85355369556956,116.83630546052954,122.17076084644498,195116
2008-07-17,117.12239074707031,121.80055315088048,115.20400265231461,120.48797668807808,467010
2008-07-18,123.75263214111328,123.85359563787047,117.6272599875971,120.15145011608631,157180
2008-07-21,123.73577117919922,124.54350979075073,122.2044336087777,123.51701013641811,251756
2008-07-22,123.6011734008789,124.5267097571823,121.5145055073763,124.5267097571823,37870
2008-07-23,123.16362762451172,128.5317312995738,122.67561353089076,126.54603755175563,626290
2008-07-24,121.93519592285156,125.63734110734941,121.49767378215655,125.63734110734941,260278
2008-07-25,122.82707214355469,123.83674800081052,120.82454425161568,121.83422010887152,39232
2008-07-28,124.5603256225586,125.03150555430634,121.49764065977008,123.34871274738431,40242
2008-07-29,125.04837799072266,125.87295089507555,120.84139433781237,120.84139433781237,54140
2008-07-30,128.2120361328125,129.10391460064452,123.85359702058085,125.87294914591641,171754
2008-07-31,137.9384765625,153.84086260743757,128.22876366394104,128.22876366394104,150712
2008-08-01,134.67391967773438,134.95999653755325,131.2578519941291,132.9406449684128,193578
2008-08-04,136.30621337890625,137.2485732148735,134.62342062114197,134.90949744415227,202736
2008-08-05,139.3352508544922,140.51320587379345,135.33020584305842,137.28224148094802,105296
2008-08-06,143.87879943847656,150.67728716944785,135.41435282394747,142.93643948036024,315760
2008-08-07,144.36680603027344,148.42233278366834,142.38110220484091,142.93643207487528,424574
2008-08-08,144.0807342529297,144.72019351893903,142.04454862340535,144.36681110826237,49208
2008-08-11,142.71768188476562,146.3693450473768,142.02774080676375,144.72020982679717,19798
2008-08-12,142.31381225585938,143.37396983779314,140.73198265865713,143.03741122315043,176012
2008-08-13,139.55404663085938,141.8258175910043,139.01555071944878,141.33781369547222,50674
2008-08-14,141.97723388671875,143.37394988895826,137.98901280392698,139.77276910496263,91422
2008-08-18,140.74879455566406,142.66717219402415,139.68862686996653,142.66717219402415,35088
2008-08-19,141.2704620361328,141.6911602554185,139.6718088028472,139.6718088028472,32014
2008-08-20,142.06141662597656,143.3739933844601,140.78248751772028,140.78248751772028,36238
2008-08-21,140.00836181640625,142.36427175081693,139.7054611647439,142.02771318875827,252260
2008-08-22,140.04200744628906,140.93388550334384,139.1164714817895,140.00834953884427,11710
2008-08-25,141.3882293701172,145.69617410640225,140.0588191729536,143.03736398302553,196032
2008-08-26,140.7319793701172,142.36429066718222,139.7559614646511,141.3546148468476,31548
2008-08-27,139.89059448242188,141.64070349153837,139.67183342402092,140.53005383426867,23650
2008-08-28,141.33779907226562,141.6911815211219,140.36177084027366,141.33779907226562,34940
2008-08-29,137.83758544921875,143.71053776363186,136.67646431604314,140.4290910582562,128172
2008-09-01,139.6718292236328,141.3546223468091,137.85441470479321,138.2919368084374,107896
2008-09-02,140.19346618652344,142.02771447473205,139.01551120865244,141.01803877941404,667832
2008-09-04,138.84727478027344,140.00840629664464,135.41438251922708,138.34243677679996,26294
2008-09-05,137.7534637451172,138.99873497067017,136.6764821306782,138.84727945614546,36404
2008-09-08,141.84263610839844,142.36429786690496,137.98903575752018,139.67182887651433,107828
2008-09-09,140.9002227783203,143.00371353480708,138.779908204162,142.0276958779874,499928
2008-09-10,137.90492248535156,141.33782521325952,137.51788204812567,140.34497297472018,94176
2008-09-11,137.77032470703125,138.5275818854089,137.3159683458131,137.3159683458131,63970
2008-09-12,136.28939819335938,139.84008702879,135.63310486787574,136.76057814119127,24742
2008-09-15,132.65463256835938,135.61635580483625,131.6112983631341,135.397584395111,52364
2008-09-16,127.90916442871094,131.9310460900963,127.58943973979261,130.70260855696964,455394
2008-09-17,124.45938873291016,134.58980648348546,122.54101052772945,131.257877793683,519596
2008-09-18,122.57467651367188,124.19015408443666,118.58645406408618,123.853595401281,392782
2008-09-19,127.841796875,129.54141383768606,124.57717407565649,127.50523824706579,92392
2008-09-22,134.01763916015625,134.94317531382873,126.54603410212798,126.54603410212798,82074
2008-09-23,131.67855834960938,133.54645455775264,130.02942318740887,130.02942318740887,95466
2008-09-24,133.44549560546875,134.90952768710923,131.25786452996925,131.25786452996925,100174
2008-09-25,133.5464630126953,134.60663093568724,131.94780948743042,131.94780948743042,40822
2008-09-26,136.59234619140625,138.66218007769518,131.62810552114894,133.58014181191854,212354
2008-09-29,138.19094848632812,138.6621284219209,135.29654278061216,138.6621284219209,157904
2008-09-30,136.15481567382812,136.94573065964266,132.94068425157138,132.94068425157138,32838
2008-10-01,133.2099151611328,136.64281764381775,132.60411367404976,136.30625897967042,66490
2008-10-03,132.8733367919922,135.12828361575492,132.36849887063818,133.95032846592892,278218
2008-10-06,132.63778686523438,149.76862278841452,130.0294569177957,131.2915520536531,786804
2008-10-07,128.9524383544922,134.62345338241738,126.2094875460163,132.94066021513717,107090
2008-10-08,124.6276626586914,127.8249697996236,121.58181101702736,126.88260969804655,141038
2008-10-10,125.65418243408203,126.54606086203023,117.79553537688984,117.79553537688984,76346
2008-10-13,128.78416442871094,131.25787254235397,126.2094928291865,126.546051476731,34252
2008-10-14,128.32981872558594,132.92385285812196,127.57256170650273,130.58476595746043,22178
2008-10-15,128.11105346679688,129.5750857101809,123.26461075676299,128.0605717213606,286826
2008-10-16,128.32981872558594,131.8468609892658,120.48800570301762,125.3176247455839,103966
2008-10-17,128.5653839111328,132.94064566727084,126.3777530330638,132.94064566727084,37472
2008-10-20,128.75048828125,130.2313543375484,126.93307389601051,127.89226795990044,132012
2008-10-21,131.7122344970703,133.58013096376928,127.55573296499614,127.55573296499614,56048
2008-10-22,132.940673828125,134.08497124485953,130.60158697770365,132.08245333331294,242908
2008-10-23,131.07273864746094,132.21703572649133,127.89225606586311,128.68317075625038,271754
2008-10-24,128.4139862060547,130.56797041027323,125.25033602867578,129.5751179951738,738510
2008-10-27,132.217041015625,133.58009916457826,123.51699961523849,125.21661634624961,609504
2008-10-29,124.44253540039062,135.95284298596812,122.50732355846432,134.40467145823652,528246
2008-10-31,127.7576904296875,127.90913568905482,125.67102228566704,126.20951828453912,95044
2008-11-03,131.15689086914062,131.8973136284923,126.88259252965422,131.8973136284923,89988
2008-11-04,129.55824279785156,131.93097692238538,127.89227354721032,127.89227354721032,67150
2008-11-05,127.95960235595703,132.9406662487958,125.87293462544208,131.2915309242042,68340
2008-11-06,126.88262939453125,127.89230549050896,119.93269432140934,124.86327720257586,222530
2008-11-07,126.17583465576172,127.87546198500641,124.64449692090469,127.21916851523638,136692
2008-11-10,130.23133850097656,131.25783799744755,126.54601817189815,131.25783799744755,237300
2008-11-11,128.39712524414062,129.60873844087135,127.23599379082475,127.89228726808241,260864
2008-11-12,130.45013427734375,131.22421506089486,126.8826105472874,127.82497065517178,248316
2008-11-14,131.15689086914062,132.94064734539367,128.5653855340263,130.58473713927276,353176
2008-11-17,132.72190856933594,134.96002158633982,127.9091136070505,129.87798380657838,195996
2008-11-18,130.43333435058594,131.94784866632676,127.21920252223008,131.94784866632676,219600
2008-11-19,131.3419952392578,131.93097279638454,130.24817977602248,130.24817977602248,211418
2008-11-20,130.4164276123047,131.9309409652218,127.55568016790575,131.25782391948084,157944
2008-11-21,129.57505798339844,132.94064390504516,128.96925662588328,132.87332807823097,119630
2008-11-24,129.55824279785156,130.75302177129265,128.07737667685765,128.07737667685765,34012
2008-11-25,129.44044494628906,132.57043594684285,128.91877293222757,132.57043594684285,31452
2008-11-26,130.584716796875,130.92127534532054,128.26246486679102,129.9115996999839,144528
2008-11-27,130.584716796875,130.584716796875,130.584716796875,130.584716796875,0
2008-11-28,130.23133850097656,131.25783799744755,128.41391406578867,128.59902743579224,60320
2008-12-01,129.77700805664062,131.22420603801658,129.4404494311156,130.92130532923488,36150
2008-12-02,131.527099609375,132.2002168238978,128.32979284039166,128.56538797385608,68078
2008-12-03,133.07525634765625,133.27719354357944,130.248166417589,131.25784212625248,33826
2008-12-04,135.95286560058594,136.47452737984597,131.2578685034277,131.42614782202182,112194
2008-12-05,136.25576782226562,137.31592548690745,133.63060426067844,134.2868977188139,188384
2008-12-08,134.3878631591797,138.0227026963823,132.04878673344913,138.0227026963823,113764
2008-12-10,133.5464630126953,136.64280658053758,132.94066157466094,136.64280658053758,74124
2008-12-11,131.779541015625,134.94320067962633,130.92132052927792,134.94320067962633,74206
2008-12-12,132.6062774658203,135.03483340233052,130.21216078081872,132.67516648142956,55622
2008-12-15,134.31141662597656,135.0348195474992,131.9345303231944,134.32864676255505,141560
2008-12-16,133.2607879638672,135.36209753376124,131.71064311088523,132.6579538543742,12670
2008-12-17,134.1736297607422,135.20705951499693,132.96796171411162,134.34586805311798,29300
2008-12-18,137.98007202148438,138.47956720274905,133.622445952075,134.65587555806567,78244
2008-12-19,138.60020446777344,139.82309256644288,135.15543741507668,135.15543741507668,103024
2008-12-22,140.8564910888672,142.26884736620758,138.47960445814877,140.20198759817552,128788
2008-12-23,139.70254516601562,141.92442446276493,138.824133637122,141.18380153471395,50254
2008-12-24,139.56468200683594,140.52922272264954,138.16955608564027,140.52922272264954,378950
2008-12-26,139.54750061035156,140.54648084718784,136.53332975884936,140.5120310777948,35360
2008-12-29,141.5454559326172,142.2688590131689,137.8251122506273,137.8251122506273,116188
2008-12-30,141.2009735107422,142.475541291698,139.54748983350643,139.54748983350643,149714
2008-12-31,139.85748291015625,142.2171494410846,139.25464893209522,140.8909125868323,44610
2009-01-02,140.6153564453125,141.23541013844454,139.23745000493744,140.20198030816323,51500
2009-01-05,139.65078735351562,141.21816191964112,138.82404575920455,139.8919251367933,53844
2009-01-06,137.05003356933594,139.5130394471812,136.25773098837652,139.5130394471812,95980
2009-01-07,132.7440948486328,137.79067626429372,132.27904921372198,137.79067626429372,70812
2009-01-09,134.82814025878906,136.0682581316209,131.59006229437767,133.65692191156685,401316
2009-01-12,131.6072540283203,136.06822929505472,130.90108134714123,136.06822929505472,358374
2009-01-13,134.39755249023438,137.73897994158605,131.59007011260178,131.59007011260178,90992
2009-01-14,137.118896484375,137.3944840519509,134.8625791229859,135.37929398552606,38964
2009-01-15,134.0358123779297,135.25869978553285,131.96895331431503,133.3124096031468,36536
2009-01-16,135.12095642089844,136.41274376717854,134.3631036393772,135.37931389015446,11360
2009-01-19,136.75721740722656,137.08447439950993,135.03483431645546,135.37931093460966,35498
2009-01-20,139.3407440185547,140.16748551466378,136.06821727399037,136.06821727399037,129692
2009-01-21,141.0803680419922,141.85544028605472,137.7906211666739,137.7906211666739,268584
2009-01-22,142.4927520751953,142.95779761574087,138.85852793120551,141.23541451193677,75730
2009-01-23,143.4745635986328,144.16351708530092,139.56475045927212,142.95784848363172,88886
2009-01-27,144.1806640625,144.68015929366916,141.26984335569367,144.33568272392233,141036
2009-01-28,142.6477813720703,144.2151459081016,142.26885495852417,143.99123819046756,77216
2009-01-29,144.0946044921875,145.024695820062,141.76938668509624,142.40667070511432,120174
2009-01-30,146.14419555664062,149.3995035872759,142.9577870501022,144.68017002660946,372244
2009-02-02,142.97500610351562,147.43598219988033,142.61330988493097,146.05807582418052,41270
2009-02-03,144.21511840820312,145.71359363677325,143.4744958622129,143.9912107332653,81318
2009-02-04,143.88787841796875,144.6801703840831,143.14724532616754,144.6801703840831,60748
2009-02-05,143.14723205566406,144.61125745358964,142.69941672721714,143.5606081377616,71472
2009-02-06,143.2506103515625,144.62851688756388,142.75111502722496,143.99123301214473,34976
2009-02-09,144.4046173095703,145.02467108064985,143.23338827794183,143.23338827794183,1306436
2009-02-10,144.49072265625,145.66194106328962,142.9577974901739,145.36913383338165,233160
2009-02-11,146.23036193847656,146.402600291761,142.26887981293478,142.26887981293478,26578
2009-02-12,151.10467529296875,152.3447932934099,144.7663072505495,144.7663072505495,109282
2009-02-13,149.38226318359375,153.63655094570714,146.10973575313588,151.56969151594427,245960
2009-02-16,149.8817901611328,150.88077032790858,146.40257394831312,150.6913123784244,155612
2009-02-17,151.6730499267578,152.94761761189375,148.48664122651002,148.8138982169777,175554
2009-02-18,155.30726623535156,155.87565048265967,150.27790612831,153.9638096928258,341920
2009-02-19,162.00732421875,162.5929385839402,155.01445415841755,155.70340728801054,519932
2009-02-20,157.4602508544922,161.90399674781833,155.91010620477903,161.21504357016804,170988
2009-02-24,155.66896057128906,156.70239028587508,153.37819347314152,156.70239028587508,140188
2009-02-25,153.0509490966797,156.736852919831,151.65582307242988,156.3923763200072,143574
2009-02-26,153.51605224609375,156.4613345879395,150.7430187814218,151.22528409972185,515458
2009-02-27,160.2849884033203,160.99117187581763,151.6730717576961,151.6730717576961,430132
2009-03-02,158.8553924560547,163.7986340943327,157.77029319706494,158.45924644246696,699504
2009-03-03,154.9112091064453,158.45931566521463,153.9811176138064,158.45931566521463,57694
2009-03-04,154.5493927001953,156.73682076280954,152.67200192388674,155.42781415707898,90182
2009-03-05,152.18972778320312,158.44198525526326,150.88072116534323,154.51494437650464,355894
2009-03-06,149.26168823242188,153.2231686456016,145.40355709409667,153.2231686456016,167576
2009-03-09,148.3316650390625,149.12395722221345,144.64576024549476,144.64576024549476,194054
2009-03-12,148.34881591796875,151.55245396264195,146.9192404173634,148.46938480629223,167566
2009-03-13,149.77845764160156,150.3296224372083,148.14219339649682,149.1584038169153,194470
2009-03-16,156.73681640625,160.18158160199175,149.84728601476647,149.84728601476647,861318
2009-03-17,154.73892211914062,159.4926958909835,153.7227117523788,153.7227117523788,62608
2009-03-18,153.70542907714844,157.42577132800432,152.77533825813987,156.70236852572978,130774
2009-03-19,152.96485900878906,156.73688269854983,152.77540104792715,155.68623307450906,34514
2009-03-20,158.45924377441406,160.52610347581947,154.0671669089276,154.94557807698806,667446
2009-03-23,158.63143920898438,160.87053661367145,155.03165533025947,155.03165533025947,251154
2009-03-24,157.06405639648438,160.16434473889703,156.42677280135973,160.16434473889703,295156
2009-03-25,156.84017944335938,158.35588477425983,155.84119948442276,158.35588477425983,22784
2009-03-26,156.78855895996094,159.14822632289497,154.67002947831133,154.67002947831133,830734
2009-03-27,157.83914184570312,160.00933966409883,155.94452103159645,158.45919536164794,381844
2009-03-30,159.44100952148438,161.47341952606732,155.70343600166916,158.42479926289667,134112
2009-03-31,162.31744384765625,166.0377884289937,158.54541934532025,158.54541934532025,260568
2009-04-01,159.38931274414062,163.5919205800422,130.55661970244338,130.55661970244338,140876
2009-04-02,157.95970153808594,161.9039618346246,157.77024366012355,161.9039618346246,859794
2009-04-06,153.99826049804688,160.1644000750706,151.22522806096336,157.97697155299164,378904
2009-04-08,156.05833435058594,157.01853215289702,147.4689264242458,155.3774625557964,349732
2009-04-09,157.08837890625,159.21827462334124,154.4522034022505,157.62958776817953,280094
2009-04-13,160.57997131347656,161.0513432296596,130.56943472453113,153.6316336499734,540200
2009-04-15,160.71963500976562,162.36070445683947,157.12326237758657,161.3132160409889,282484
2009-04-16,158.97386169433594,163.05907182455977,157.19313945585438,162.36074603516124,645420
2009-04-17,160.1260528564453,160.96404139636883,157.87394866577358,159.32297207000002,240772
2009-04-20,160.99899291992188,162.30835361273907,157.8216088408979,161.83698163220396,99242
2009-04-21,161.6449432373047,162.36072280679178,158.17076866984232,160.5974547030673,92500
2009-04-22,161.6973114013672,163.05904432996127,159.56741597171796,161.31323015083962,289474
2009-04-23,162.2210693359375,163.05905808146645,161.15611620349856,162.3432784699033,36910
2009-04-24,162.7797088623047,165.15401174566693,159.93402339125277,160.59744126524248,448388
2009-04-27,164.75250244140625,165.50320048124445,160.6323741795227,162.36073464932207,138830
2009-04-28,167.02200317382812,170.3565031657066,159.21821359982184,165.1539803349029,322840
2009-04-29,166.51573181152344,172.06741802112012,164.10651070044594,164.10651070044594,133880
2009-04-30,167.24900817871094,167.24900817871094,167.24900817871094,167.24900817871094,0
2009-05-04,167.6156463623047,169.2392623764347,165.85237797450242,169.16942553399247,139094
2009-05-05,169.58837890625,173.88307715197928,163.4081929861974,169.34396068014047,568246
2009-05-06,167.1791534423828,172.11981585475297,164.63026912642093,171.05486286364834,497242
2009-05-07,168.48855590820312,171.0199869749024,163.80977510225264,167.598194760779,306388
2009-05-08,164.57786560058594,170.3215864885928,163.47800506080605,170.3215864885928,584172
2009-05-11,162.29086303710938,164.9095840025679,160.61488588145707,164.9095840025679,221288
2009-05-12,162.60511779785156,164.10651355322503,160.68472242648403,163.73989688093238,172204
2009-05-13,159.49757385253906,162.70987609782782,158.86908503114088,161.83696903721716,275264
2009-05-14,160.1260528564453,160.57996020768653,157.1407046974896,157.1407046974896,43632
2009-05-15,160.2133331298828,162.3606819536331,158.95634507396016,162.3606819536331,402490
2009-05-18,169.343994140625,169.343994140625,169.343994140625,169.343994140625,50
2009-05-19,163.1462860107422,167.5981108296549,157.12322890280146,167.5981108296549,486782
2009-05-20,160.6498260498047,173.8132588256105,159.91658194904844,165.85235027466814,970932
2009-05-21,160.30062866210938,163.75733792862957,159.6023031272325,160.68470983741207,225814
2009-05-22,160.57997131347656,162.36070374372187,159.9165641174723,160.6148897249722,104106
2009-05-25,160.47525024414062,162.32580911288005,159.56742469027415,160.30066881668955,73826
2009-05-26,159.8816375732422,162.77969509031243,159.5673931969726,161.8369513059011,181478
2009-05-27,160.52760314941406,161.64492841236913,158.17075416353362,161.64492841236913,118768
2009-05-28,158.53738403320312,161.13865146646359,157.6295691691431,159.60233709389553,292996
2009-05-29,165.45079040527344,167.98222063633307,136.87181387246582,157.15817413111256,648804
2009-06-01,167.54579162597656,170.39146665309906,164.45569834756077,167.9473267625833,440244
2009-06-02,165.62542724609375,168.64568426379617,160.64985581595067,160.70222812093618,130502
2009-06-03,169.76296997070312,172.13727292116735,165.85234206400506,165.85234206400506,761514
2009-06-04,181.72181701660156,183.3105037871818,167.99971005402668,170.0423149416334,1337496
2009-06-05,184.8118896484375,186.76721436771484,181.72180699379857,181.72180699379857,271896
2009-06-08,180.1680145263672,189.3509923998689,176.3621419320278,185.8593642113734,165266
2009-06-09,186.9766845703125,188.8970800234156,179.8188469723827,179.8188469723827,222714
2009-06-10,192.6156463623047,194.2741694833591,188.07653045205055,190.24132252951642,200950
2009-06-11,198.63877868652344,201.67647881176694,183.7469727505236,183.7469727505236,234306
2009-06-12,195.95016479492188,200.61147958318242,192.12682792784668,198.6736303333844,741880
2009-06-15,195.75814819335938,197.27699797184536,168.40122781177794,168.40122781177794,187540
2009-06-16,198.18484497070312,200.76865884378591,192.03958672014303,192.03958672014303,89056
2009-06-17,193.45364379882812,200.733700917423,192.73786432580138,195.54862058497815,68056
2009-06-18,188.2686309814453,195.46137785461588,185.42294495740316,195.18205181015304,175028
2009-06-19,192.38877868652344,195.4963373567625,182.96137936794605,188.54798637154747,359710
2009-06-22,191.0269775390625,192.7029761875629,189.24625561404093,190.29374411374963,171306
2009-06-23,192.63311767578125,193.78535063352322,186.88938545332127,188.54790872450909,65064
2009-06-24,191.89991760253906,193.78540575054257,189.59545103161193,192.03959128432146,143402
2009-06-25,196.78819274902344,200.41949526436042,191.55074949298614,191.55074949298614,630124
2009-06-26,200.38458251953125,202.51446753289292,195.5312100317587,195.5661177947801,106654
2009-06-29,206.1806640625,207.7518968961685,199.72115130186282,199.72115130186282,143704
2009-06-30,211.26097106933594,212.95442362196155,206.7044002913709,206.7044002913709,759168
2009-07-01,216.51583862304688,225.73374484902044,213.3384657428484,213.3384657428484,1947358
2009-07-02,216.6555938720703,219.97264164287557,213.46074459991453,217.52850118017696,163752
2009-07-03,216.56820678710938,226.78121774804922,214.38593948776324,226.78121774804922,109140
2009-07-06,212.84967041015625,217.49355348574917,211.24352978257429,216.7428448141041,171250
2009-07-07,218.24412536621094,224.5115996337793,209.89915023497147,216.48085812277318,927838
2009-07-08,223.6038818359375,224.51169665719118,214.38597472397416,219.97257992850768,275122
2009-07-09,228.3874053955078,229.69676604709008,220.8454965668773,223.62134541047342,429712
2009-07-10,234.8818359375,239.5256972338744,228.7016496912358,229.39997533914794,478606
2009-07-13,223.48165893554688,236.0166127124329,222.48655342188638,233.9390896688043,787980
2009-07-14,223.4641571044922,230.02841245719608,221.50885425430897,227.13036593198777,323118
2009-07-15,223.53395080566406,228.35239150171745,223.11495132965973,225.20992739848282,137052
2009-07-16,219.65830993652344,232.47258901599392,218.22675097461243,224.1625186011219,274716
2009-07-17,224.9132843017578,227.65420446601274,220.70585442485074,223.08017912776,1025808
2009-07-20,228.71910095214844,233.93908937278258,227.70654156099062,230.41255341567577,464282
2009-07-21,224.75607299804688,230.0633512152111,224.17994591924807,230.0633512152111,182442
2009-07-22,222.43421936035156,226.95588314054794,221.3692767863191,226.25755734626935,544778
2009-07-23,228.40484619140625,231.14576555148477,214.0367889472208,223.46418421895808,321418
2009-07-24,226.72891235351562,231.12837752041156,226.25755098012493,230.44750562790503,103884
2009-07-27,234.25338745117188,237.41330728981876,226.60671176541976,228.70168906987664,235538
2009-07-28,233.13604736328125,239.85743246092244,231.26801326370443,233.9391176841341,204974
2009-07-29,232.0885772705078,235.684950775657,228.02082107708037,235.684950775657,102534
2009-07-30,233.24069213867188,235.05634250738072,228.73648461929807,232.542366713107,146980
2009-07-31,232.92648315429688,236.73236599941845,232.22815759087675,234.65484318600264,78196
2009-08-03,229.97613525390625,235.33577683994602,229.06829899569053,233.93912534534695,75654
2009-08-04,231.98377990722656,233.22330362272265,224.28472288386402,229.74912939471025,130822
2009-08-05,233.74710083007812,236.73243927551377,229.0508557002021,232.89164748785794,351452
2009-08-06,225.5242919921875,238.12906227740217,222.76589696918268,233.9391081024332,395236
2009-08-07,220.30430603027344,228.35250551754126,219.97259705818195,226.25752840270144,85650
2009-08-10,202.5843048095703,223.46424052101008,201.11781646890907,222.9230423257404,722340
2009-08-11,205.76161193847656,207.75184394947703,198.49903073155915,207.75184394947703,530586
2009-08-12,203.64920043945312,204.8887241010183,197.97530501357895,204.57449037184722,331128
2009-08-13,211.679931640625,213.65270983730395,204.60938547036082,205.65687379188142,488158
2009-08-14,213.77493286132812,216.48094466969934,207.7518743201147,209.49768839003164,407036
2009-08-17,210.126220703125,216.48098949572568,208.8692428369892,213.33852351917483,168948
2009-08-18,212.86712646484375,214.64784836190717,209.49769665253243,209.49769665253243,77748
2009-08-19,211.54025268554688,214.97951870808467,209.49765903444265,214.64780981903937,51082
2009-08-20,212.7079315185547,215.41475647145373,206.9934872906971,208.7626623957458,62526
2009-08-21,216.75929260253906,218.35154995739524,213.044025441208,214.07015548621987,154736
2009-08-24,218.10398864746094,221.35925465406956,215.48559997635434,217.60861081355978,196574
2009-08-25,217.21934509277344,228.22360647169486,215.8393797639285,228.22360647169486,76756
2009-08-26,218.51092529296875,220.7931666715919,215.89255774860573,217.7501925643523,138046
2009-08-27,215.0963897705078,218.15705076693268,214.07025922821606,218.15705076693268,123854
2009-08-28,214.4593963623047,216.5470316128085,212.65484640408155,214.7778565179326,390842
2009-08-31,214.7248077392578,219.37774763820033,212.3010461014842,212.3010461014842,143818
2009-09-01,215.64480590820312,217.37858493952191,214.7955930300686,216.529393657768,170742
2009-09-02,216.1224822998047,216.90092386623547,214.10561784017352,215.83941852920657,34640
2009-09-03,217.32550048828125,219.2008220069993,216.1932239649339,217.6085642200235,240102
2009-09-04,216.88319396972656,218.98851679527525,215.8393762733913,217.60855148874697,53080
2009-09-07,220.86386108398438,221.32384236835176,216.600152692567,217.60857403123316,193746
2009-09-08,219.36004638671875,226.34828871405483,217.98008103542782,220.43923898381658,254002
2009-09-09,217.6969757080078,224.68521669985367,215.83934202663107,219.37769189592012,229126
2009-09-10,218.19236755371094,222.5975961510838,216.90086112866882,222.5975961510838,725212
2009-09-11,217.5379180908203,219.37786580068487,216.90101892874165,219.2717195397369,43434
2009-09-14,217.60853576660156,218.8469583278749,215.91013200184466,217.9623707841082,63490
2009-09-15,218.08616638183594,219.73150756495315,216.29930417421332,218.6700026974896,319956
2009-09-16,218.29864501953125,219.39552557162483,217.60866201581325,219.3424632460392,558714
2009-09-17,217.64393615722656,219.27159038648992,216.24630495124774,217.60856128987703,352078
2009-09-18,222.7038116455078,223.92452541443834,218.67008302875558,221.07615729296757,659308
2009-09-22,223.85374450683594,226.10058835032683,221.88994277692655,223.26990805799096,86826
2009-09-23,219.80235290527344,224.33143754591515,219.4131213649531,223.62376739592804,42898
2009-09-24,218.45774841308594,221.85455594206977,216.26396698561172,219.73154583736098,181508
2009-09-25,219.46620178222656,221.32383589646548,218.08623637309756,218.9885330771166,139986
2009-09-29,224.66757202148438,227.86977494325924,219.5900260350307,219.73156869528572,768980
2009-09-30,223.8714141845703,229.60354564122127,222.5622203339193,225.39290040175928,416860
2009-10-01,222.63294982910156,225.0390231154644,219.04151652919788,224.68518817345895,250420
2009-10-05,224.29605102539062,226.1006011755646,217.78547734516434,219.37773509992184,264700
2009-10-06,229.4444122314453,230.7536066336507,219.73163283746877,224.6853250431444,442582
2009-10-07,234.2742156982422,238.8386972169406,229.65667187132422,232.4696652911555,620380
2009-10-08,240.6432342529297,242.71318247162387,233.884992723525,236.68029855196474,484102
2009-10-09,240.28941345214844,247.61380451458106,237.4941290538933,243.6685560141395,279580
2009-10-12,242.74859619140625,244.0401031053972,237.4587564699946,240.25406274579652,147084
2009-10-13,244.0223846435547,244.0223846435547,244.0223846435547,244.0223846435547,0
2009-10-14,245.08383178710938,249.38291426168865,241.66931525368648,245.5261255558753,227934
2009-10-15,241.20932006835938,247.29528629299472,238.87399614685003,245.5614861814063,130402
2009-10-16,241.6693878173828,247.11845732326748,240.60788245361687,247.11845732326748,506324
2009-10-20,244.1992950439453,245.54386406139392,237.10488424017595,237.10488424017595,72770
2009-10-21,245.26075744628906,246.587638796688,239.2278529627077,243.72156212200062,168582
2009-10-22,245.3846435546875,247.33073661820703,242.39473261964048,246.62306641329084,126594
2009-10-23,250.6036376953125,261.1302289010104,247.01220382187756,247.68449895759795,225984
2009-10-26,256.5657653808594,260.0687407313007,254.72584054666373,254.72584054666373,306264
2009-10-27,246.9945831298828,256.56581810650215,245.95076528295832,256.56581810650215,55282
2009-10-28,249.17059326171875,255.75191514621622,247.7906282231759,251.22283179371678,88346
2009-10-29,249.94906616210938,251.22286359247872,245.2253556987071,247.68451340103536,53430
2009-10-30,247.87911987304688,256.4242442767026,244.87152219174686,249.94906770564944,175166
2009-11-03,247.84376525878906,249.3475642223024,242.8016157928913,248.74604031762155,223836
2009-11-04,247.1361541748047,251.22294566171522,245.56158350595825,247.84382444427433,65818
2009-11-05,246.07460021972656,249.77218096744386,244.12850736265204,248.05606794474198,60690
2009-11-06,247.8967742919922,249.34751064407118,244.14613220393025,247.68448194601618,53226
2009-11-09,247.7199249267578,250.14370812443997,245.56153962908826,248.03838512966985,158558
2009-11-10,240.60784912109375,249.27680839089786,240.4309315849753,248.56913824642407,806618
2009-11-11,240.59017944335938,243.72161142521767,233.5311649119714,240.53709554005442,210040
2009-11-12,241.08551025390625,244.1108173035641,237.8302449687272,244.1108173035641,103794
2009-11-13,241.28012084960938,243.22621355698706,234.29187885493508,242.37700082794424,159908
2009-11-16,243.3854522705078,244.85387649788365,240.6432303877642,242.73086600801759,48046
2009-11-17,241.6162872314453,246.94152271583306,240.99707581199377,246.94152271583306,60286
2009-11-18,238.52017211914062,241.29778991148265,238.1663371083741,240.96164233197945,129628
2009-11-19,240.55477905273438,249.45374026970205,238.83868749226792,240.25402786259247,287332
2009-11-20,241.15626525878906,244.02234201763093,240.6255127030454,242.37700045627483,63448
2009-11-23,238.7149200439453,243.08477601052917,236.89266017328862,242.37710562913026,263426
2009-11-24,237.8125762939453,242.02322287431736,236.80415483718843,240.59019495289056,82132
2009-11-25,241.4216766357422,242.37703569425096,237.6002619980869,237.6002619980869,129532
2009-11-26,244.6947021484375,246.62310810208507,241.31558066803734,241.31558066803734,246114
2009-11-27,242.58926391601562,247.66680905172524,239.19245660280941,244.67689902491526,360658
2009-11-30,243.2615509033203,245.87993841704727,242.05850332212177,245.20764331054687,75998
2009-12-01,244.8715362548828,246.26918898867729,242.73083857217333,243.43850865547412,61574
2009-12-02,243.35006713867188,245.56153630568997,242.46547947186463,245.20770123896708,58190
2009-12-03,242.58926391601562,245.56148651235168,242.023136562606,244.57075284569774,75690
2009-12-04,242.28855895996094,244.50002809979264,241.74011893255835,242.0408700970241,91350
2009-12-07,242.05850219726562,244.14613722659308,241.01470627897527,242.55387980989792,55854
2009-12-08,243.47384643554688,244.14614155083058,241.5631504594951,241.5631504594951,79244
2009-12-09,244.12855529785156,245.38466570569142,243.50934381265336,245.38466570569142,59814
2009-12-10,243.03817749023438,245.87998007086225,232.6717899418726,241.28660672911002,62418
2009-12-11,242.64503479003906,246.27328032828308,241.67988368855075,244.86130203330336,69146
2009-12-14,242.16250610351562,244.64687003174356,240.92925850282464,242.6450708170421,545252
2009-12-15,240.25006103515625,244.14640328465595,239.57089672280995,241.64417074733151,57586
2009-12-16,237.40821838378906,240.39301512328248,235.92474346671588,240.39301512328248,193358
2009-12-17,237.4261932373047,239.23137142993275,236.63977271066938,237.71215838760594,47960
2009-12-18,237.0149383544922,239.48143242168484,236.4608771706235,237.711992922849,83156
2009-12-21,235.29916381835938,239.03464294362502,234.20890999786297,239.03464294362502,166994
2009-12-22,235.31707763671875,235.92476700619076,234.13745816523476,235.92476700619076,37274
2009-12-23,237.21163940429688,238.3733902427945,233.38681563635552,234.1374766818286,82402
2009-12-24,237.1580047607422,237.96229370624476,235.92475734742476,237.71206611520827,34312
2009-12-29,234.06593322753906,238.71293565375183,233.1186727466812,236.99712373685048,106568
2009-12-30,238.10531616210938,240.19648095760448,234.13749857743457,234.13749857743457,99916
2009-12-31,235.56727600097656,242.35904875366026,234.31615996758745,239.4993549630566,427876
2010-01-04,245.41537475585938,247.54227665893077,236.63969263279736,238.78446326088917,226504
2010-01-05,245.0221710205078,249.5083118047395,243.07400003900122,247.3635412161601,274586
2010-01-06,245.6835174560547,249.150901656137,240.33945860217796,240.33945860217796,196952
2010-01-07,247.91761779785156,249.57982383307157,244.1464003117805,246.64863281863623,167180
2010-01-08,244.12855529785156,252.54677682859028,243.1812727440107,248.4359658823358,153168
2010-01-11,246.6486358642578,248.07848302868828,244.5217338436202,244.87919563472784,206698
2010-01-12,244.05702209472656,247.97123281775688,239.89258377055674,241.28669339280913,117452
2010-01-13,248.72183227539062,250.11594155277254,241.64409538361755,243.78886546098695,174020
2010-01-14,243.94972229003906,251.22405858427376,243.25266766646445,246.64855354865608,219404
2010-01-15,243.96766662597656,246.64862999549277,242.73441911245192,246.64862999549277,166264
2010-01-18,252.56468200683594,253.7800611021432,244.86138300716604,246.54145817382917,333484
2010-01-19,252.17141723632812,257.6048406595765,250.9381697309409,253.08294041240194,308734
2010-01-20,252.11781311035156,253.79788800009692,226.16609413490153,245.25454191637888,90982
2010-01-21,247.50650024414062,254.87020284756673,246.64858340087105,251.29558569682948,86902
2010-01-22,246.04100036621094,247.72107551608758,241.6799611955974,246.82742084250862,81318
2010-01-25,244.00344848632812,246.61293742844546,242.7165945618443,243.43151825716635,35544
2010-01-27,239.53514099121094,243.78894509458948,237.78359127985365,242.03737356549559,146284
2010-01-28,234.78091430664062,241.28672366378956,232.35017834290846,240.57180003811908,257050
2010-01-29,242.73434448242188,246.38045790749314,232.70754892677263,232.70754892677263,300140
2010-02-01,258.605712890625,260.1606628090393,242.39480909336618,246.25541352950455,385566
2010-02-02,254.44129943847656,265.9158360638823,253.11868644319637,259.1597994611791,236874
2010-02-03,253.78004455566406,258.0874554809604,253.261720510056,254.95966429611497,56034
2010-02-04,251.06326293945312,257.0150100779488,249.47257553293596,257.0150100779488,56544
2010-02-05,247.88182067871094,253.08288405961014,244.8612649446793,246.64857344792514,97726
2010-02-08,248.36444091796875,255.54943580216005,247.0060905145761,253.79786434927502,91124
2010-02-09,248.400146484375,249.829993298347,246.72007211441175,248.79334563112494,28980
2010-02-10,250.25897216796875,252.0105435380933,248.45379462390235,249.15084942702273,214956
2010-02-11,250.7951202392578,254.15526894965066,248.48950972617763,250.93811364649054,147506
2010-02-15,254.44129943847656,276.9792610832429,247.3992977654324,256.65756691465737,171388
2010-02-16,252.02845764160156,255.62094465193056,250.22327977250478,255.62094465193056,76790
2010-02-17,250.9203338623047,253.67279429414847,250.2232789360067,252.02845679906878,82156
2010-02-18,249.61563110351562,253.4047401929449,249.15093501438298,250.9203757169862,175874
2010-02-19,249.6870574951172,255.22771517754282,248.61467213722835,249.8479196623477,80342
2010-02-22,251.9926300048828,252.5109538338945,248.97207427362363,251.29557532571056,67122
2010-02-23,252.0999298095703,253.7978733283161,250.93817898095477,251.4565029449613,52950
2010-02-24,248.02476501464844,252.01047126601793,246.64854634546438,252.01047126601793,57228
2010-02-25,242.394775390625,249.15081039676906,241.48325239906112,244.8970073458293,195254
2010-02-26,246.0230255126953,252.04624668736642,239.49934920959802,241.28665778578906,436248
2010-03-02,249.63339233398438,252.01052158381842,247.00605732541635,247.00605732541635,86730
2010-03-03,252.1356658935547,253.61914105529257,249.90152969680264,252.0105629936311,96958
2010-03-04,252.40374755859375,254.745139610815,250.5449638051829,252.29651339093314,97188
2010-03-05,252.0999298095703,253.78000460219235,248.82914567268125,252.7254879480556,70204
2010-03-08,253.458251953125,255.10258910984913,252.36799796850755,254.36977506099421,36824
2010-03-09,256.51458740234375,260.2321989718944,251.38501913047352,253.36892782227494,134530
2010-03-10,255.62088012695312,260.53597902465015,254.15529572818758,257.3724513703165,119034
2010-03-11,259.98199462890625,278.5342730489876,237.7299948526375,246.64867221888267,244804
2010-03-12,263.2348937988281,264.52174762775985,241.78718453171248,255.58520209979497,237202
2010-03-15,259.3206787109375,264.5217437687898,258.51638962515403,264.5217437687898,94620
2010-03-16,258.4626770019531,262.3768869680886,257.4260511658784,262.3768869680886,50326
2010-03-17,256.1750183105469,261.25095862665603,255.58519758901562,259.19555319149964,42246
2010-03-18,256.9256591796875,259.874718919837,255.58517747961957,259.874718919837,23632
2010-03-19,255.42428588867188,258.4091045542977,254.87022454668232,257.3724567652332,43592
2010-03-22,255.9962158203125,259.1418745474879,253.79781754686323,255.22766440628217,39276
2010-03-23,255.40646362304688,258.40915155858636,254.5306778237031,258.40915155858636,172712
2010-03-25,252.54676818847656,257.6942269678207,251.29565185633265,257.6942269678207,179558
2010-03-26,248.98997497558594,253.79783982597684,246.86307322194827,253.79783982597684,241254
2010-03-29,243.30633544921875,253.4403667758571,242.71651486714663,250.22321120324395,420808
2010-03-30,242.84164428710938,247.32780694675586,242.35907962556837,243.8604234204242,151686
2010-03-31,241.39395141601562,244.68260437007388,240.57179363193532,243.21701970357148,237872
2010-04-01,241.46534729003906,244.82549556491168,240.67892728765102,243.05605601397056,168112
2010-04-05,242.5556182861328,244.68251964292253,241.28663368732316,242.9667079446919,167014
2010-04-06,247.2920379638672,248.9721125773979,242.9310001854686,243.55655825727112,1009030
2010-04-07,253.994384765625,256.3000168962289,248.04266106222855,248.77545312077103,1061506
2010-04-08,253.23843383789062,255.50639746601504,250.59245796145674,254.91239705211146,499294
2010-04-09,257.2164001464844,259.2683758227385,250.91648831644451,251.63647823987765,303332
2010-04-12,257.2523193359375,260.27628496261445,255.61434710996357,257.216328638711,87144
2010-04-13,257.2523193359375,258.47631065443596,255.5963517613503,257.7563209311645,73496
2010-04-15,257.7744140625,258.7644003075341,255.99243442696843,255.99243442696843,585176
2010-04-16,264.21832275390625,266.3962880114215,257.0364184326418,257.4684168076709,387240
2010-04-19,260.6003723144531,263.8763178121304,259.19638311696303,263.8763178121304,73610
2010-04-20,260.5282287597656,262.61619410596234,258.5122447922733,261.71620714877946,85416
2010-04-21,261.5542907714844,262.68828349789777,259.19632856580614,260.52831409318276,35872
2010-04-22,264.61431884765625,265.67630848607484,260.9963735127429,262.07635850658875,62878
2010-04-23,270.4822692871094,272.15625504158453,264.2363640218559,265.298353803063,214574
2010-04-26,271.7242431640625,273.41622419277405,270.0142667783934,271.79624656424545,178652
2010-04-27,274.5502624511719,275.1802538547107,270.7522966976668,270.7522966976668,93334
2010-04-28,271.0042419433594,274.8381976285513,268.93427061439746,273.59621043670376,83598
2010-04-29,263.7502746582031,274.2801255783915,262.07628956913254,270.84215667443675,138362
2010-04-30,267.1163330078125,268.88031758076824,264.95636266004044,266.3963428918885,88722
2010-05-03,273.75811767578125,277.5560593594475,266.73821734178745,268.9341773752785,129602
2010-05-04,271.88629150390625,277.17822371712293,270.3923030926648,275.4322343486127,73244
2010-05-05,271.9402160644531,273.2361892005752,264.8122978987322,264.8122978987322,53866
2010-05-06,269.0602722167969,274.26218239718804,268.25028346550886,270.75223114160656,41654
2010-05-07,266.59429931640625,268.1602907877685,264.9563264211804,266.0723021592855,42232
2010-05-10,266.5223693847656,269.2403500277041,265.01040750924517,268.1963554256946,91492
2010-05-11,264.9923400878906,268.5562997719287,264.6143496904572,267.4763146522024,700510
2010-05-12,264.5782470703125,267.8182010591316,262.79626798199314,264.9562373078725,731530
2010-05-13,265.7483215332031,266.73830781352217,263.96634183415847,266.2163106530654,49664
2010-05-14,263.2643127441406,267.08027254544857,262.1123244650222,266.0362783610462,41646
2010-05-17,262.72430419921875,269.2582211835201,259.9343433995461,262.07631769828043,59762
2010-05-18,261.392333984375,266.39627276167573,258.1163886082723,266.39627276167573,104348
2010-05-19,251.9784698486328,261.3563339091685,250.21448580328183,259.5563591577279,92780
2010-05-20,257.8823547363281,260.2763297672476,249.47648205906304,251.63645160069996,75220
2010-05-21,253.36448669433594,257.57643275652305,252.50051184334367,257.57643275652305,74782
2010-05-24,253.4004669189453,257.75639724546676,251.63648278572805,257.39640227724686,134754
2010-05-25,249.1344757080078,258.47634811585647,248.75648544297607,249.53048329660675,196400
2010-05-26,252.68052673339844,253.41851216908324,250.16056145969677,250.16056145969677,60922
2010-05-27,256.8923645019531,261.71630518845035,248.43248393533884,254.73239499558352,266570
2010-05-28,263.9302978515625,268.4482299335793,259.7723387355638,264.560288993702,496724
2010-05-31,272.71417236328125,275.39613915870825,261.35633598591136,262.7963157985059,182530
2010-06-01,270.9141540527344,273.41612296943845,269.29417702394903,270.03216216481565,86602
2010-06-02,288.75201416015625,292.6759689036484,269.6362862347265,270.35627631813037,520876
2010-06-03,289.2019348144531,296.4558418589576,287.9959605187202,289.7959352719622,496290
2010-06-04,292.69390869140625,296.99585301746237,285.5840079676549,289.3279644794814,460242
2010-06-07,295.4117736816406,299.4077298158424,270.0321360211779,281.3539787762358,205172
2010-06-08,298.4537658691406,302.39571439772277,295.5738066844004,298.7777700663618,305328
2010-06-09,294.34991455078125,300.41582138843796,293.52190848974504,295.75388183880875,151178
2010-06-10,291.973876953125,298.2198020302271,286.5559577741015,297.75179105397524,352780
2010-06-11,293.575927734375,298.7958553274448,291.59595519907265,292.6759402183285,113050
2010-06-14,296.0418701171875,299.15583555784286,291.59594079645336,292.15392863437154,79856
2010-06-15,297.91387939453125,300.5958467329061,294.4939266472706,296.3118971342386,69816
2010-06-16,301.0098876953125,303.4758451450938,296.27594371816394,296.9959338608569,195486
2010-06-17,296.3659362792969,305.6358091723329,295.55594738573063,305.6358091723329,138128
2010-06-18,297.9317321777344,300.4697134745726,295.5917656283345,298.79572861568045,261116
2010-06-21,301.72979736328125,302.755774254037,298.1118302833171,298.2738324166863,192662
2010-06-22,300.0379333496094,302.3958969612043,297.9139533796291,301.40591039377176,114008
2010-06-23,301.0458068847656,301.9817850589351,298.7958382234445,299.51582819506723,70974
2010-06-24,305.1318054199219,306.6437890730965,288.7880428068713,288.7880428068713,119716
2010-06-25,305.22161865234375,310.67554930922324,302.75566276831603,304.91563182492706,111880
2010-06-28,305.3657531738281,307.7237159863,302.3957944780614,303.115784464914,104154
2010-06-29,303.7456970214844,308.42563072374134,303.13370129672023,305.63567024739586,145880
2010-06-30,301.369873046875,305.23981993903624,299.875884760029,299.875884760029,140124
2010-07-01,302.6117858886719,304.9877660538481,299.17383805952653,302.3237942853523,273390
2010-07-02,302.3598327636719,305.90577500003275,300.95584336572796,302.3958234775257,43866
2010-07-05,303.02581787109375,305.99577688200736,300.9558464392449,301.6758365024967,59886
2010-07-06,302.935791015625,304.91576350592317,302.3957985182709,303.115788514743,574390
2010-07-07,305.5997009277344,307.79566118349675,302.3957373030845,302.3957373030845,122432
2010-07-08,307.2197570800781,312.1156805348207,304.5557851585448,304.5557851585448,288418
2010-07-09,305.5277404785156,309.55968860356325,304.1957546730513,304.1957546730513,51200
2010-07-12,304.78973388671875,308.8756677893992,303.9437325689217,306.0677115676016,61724
2010-07-13,305.9417419433594,307.83171569325003,304.8077708768356,307.79572498219255,114870
2010-07-14,304.9697265625,308.5156679831691,304.23171934708915,307.5796899147497,108054
2010-07-15,304.1597595214844,308.569697912387,300.30780894067505,307.7956999364726,357294
2010-07-16,304.4117736816406,306.58976108443574,302.48580915433536,306.58976108443574,291906
2010-07-19,304.55572509765625,305.99570488535204,301.80175496474897,303.8357352038084,292016
2010-07-20,302.6837158203125,306.96766403664833,302.39572428688933,304.9696966813648,116090
2010-07-21,301.0098876953125,305.95981992632676,299.87589443162886,305.95981992632676,125266
2010-07-22,305.9417419433594,306.715739982255,299.5158399826716,301.00982802152555,147424
2010-07-23,304.6637268066406,307.7416792853477,304.1957377584051,307.7416792853477,290940
2010-07-26,307.0035705566406,307.72356017894623,300.8476680748635,300.99165281592093,113560
2010-07-27,304.6997985839844,308.15574204224606,303.8717924468766,307.0037535653746,89332
2010-07-28,305.5277404785156,306.60772540634895,304.1957546730513,304.1957546730513,95064
2010-07-29,304.01568603515625,307.79563239793794,300.6497425867599,303.11569880592253,451128
2010-07-30,303.4937438964844,305.4197300985241,301.6757737593494,304.5017253809242,89798
2010-08-02,305.9776916503906,306.5716700946929,303.18773097478214,305.0057009560319,96942
2010-08-03,306.04974365234375,312.61965209350956,304.5557556836318,306.3557305990197,308516
2010-08-04,305.2757873535156,308.0477534963613,304.2498103005258,307.0577671576559,62092
2010-08-05,302.6837158203125,307.41765767398,301.8917226241396,307.0756581151388,185696
2010-08-06,301.8736877441406,305.4196503253941,300.3257142288888,300.59571037593304,82438
2010-08-09,304.6997985839844,305.99577188774435,298.075881321238,299.1918571121229,87570
2010-08-10,303.18780517578125,305.6357668764342,302.5398185450719,305.5997761639761,56760
2010-08-11,305.2037353515625,307.65169678661965,302.7917646250586,302.7917646250586,138406
2010-08-12,304.177734375,307.61568171887484,302.8457486787635,305.149725124813,105044
2010-08-13,305.65374755859375,306.71573719334606,302.86378633412374,305.34776060033414,76466
2010-08-16,303.7098693847656,307.4718005335161,301.67588831778534,304.91584415890713,126176
2010-08-17,305.9684753417969,309.2655280562157,303.3272042687336,306.02313122388193,193356
2010-08-18,309.0834045410156,310.1763444124677,306.02316400658236,306.73357937020995,179954
2010-08-19,303.4183044433594,309.9030985752665,302.74433377396974,309.0833937004272,327860
2010-08-20,301.7970886230469,309.62982306796073,300.5584147466945,308.5004387134242,302366
2010-08-23,298.154052734375,304.201645413496,296.91537845748417,302.38007867449306,236886
2010-08-24,303.9647216796875,305.47663041450653,296.91526987217986,301.77884239228496,345892
2010-08-25,303.16326904296875,305.1123359664179,300.1941072672578,304.9301793479305,596778
2010-08-26,300.5220642089844,304.20161981780166,298.4454738540621,304.1651973804551,202026
2010-08-27,296.58740234375,300.522003158366,295.82235342752784,300.522003158366,85862
2010-08-30,289.7019348144531,299.8662623396609,286.7692172552781,296.91533356303387,144982
2010-08-31,300.7588195800781,307.043223570715,287.4431738326079,289.62905348152503,332506
2010-09-01,301.1231384277344,304.0194334633344,299.46551744381173,302.01571041474443,95820
2010-09-02,301.8698425292969,306.624146537042,300.5583241908275,302.0155766717527,152262
2010-09-03,302.3982238769531,304.547681054089,301.65138612419145,302.5803805110861,190954
2010-09-06,300.2851257324219,305.25800932044416,298.6457164927544,302.47100471864513,161704
2010-09-07,300.1394348144531,302.47104829671275,299.21044055864695,300.9409283387245,161066
2010-09-08,301.2142333984375,302.1432278705888,299.90271440668494,301.9793046735592,65376
2010-09-09,301.2323913574219,303.10861342382253,300.19410752551653,301.6513604746695,118532
2010-09-13,300.5585021972656,304.0194788892341,300.2124000808845,303.1086955492424,168216
2010-09-14,298.0992431640625,302.3252669256141,297.27953855407884,302.27063329316155,289754
2010-09-15,296.9699401855469,301.6513563259495,295.49445380609006,301.6513563259495,292718
2010-09-16,298.0264892578125,299.79342209630084,295.49450738718303,297.2796514434044,243278
2010-09-17,299.2652282714844,301.6514764459432,296.05927499798764,298.0265538941242,261692
2010-09-20,313.0362243652344,318.00911014361253,298.8097934775772,302.0157462889489,849912
2010-09-21,312.98150634765625,316.8796625968296,305.2945056137994,314.0380236743378,416742
2010-09-22,316.8067932128906,319.88524462167265,309.7026848399703,313.3093949082809,461456
2010-09-23,322.8727111816406,326.00579714330786,311.4879188268578,316.9890415983199,416784
2010-09-24,334.8767395019531,336.62543863207947,323.14584855698536,323.3280051796218,659706
2010-09-27,332.16265869140625,338.0827499485879,331.17900831225984,332.61805032657406,237942
2010-09-28,327.39019775390625,331.5251453426574,314.0381047091986,331.5251453426574,253080
2010-09-29,319.8852233886719,330.72354185358466,318.77407249743516,328.81089741860006,232532
2010-09-30,317.4079284667969,324.2388021066849,315.85959710842224,318.7741031947745,172184
2010-10-01,322.9272155761719,324.23873414576747,316.93425924505925,317.3896507256011,414336
2010-10-04,324.47564697265625,328.61059400057974,320.96001476109836,323.5102078409255,456194
2010-10-05,320.90533447265625,325.6414069750929,320.04920718389036,324.4756223016885,383028
2010-10-06,317.3897705078125,324.49388028534037,316.5882767523945,320.9053807228317,241632
2010-10-07,309.68450927734375,320.59569681499227,307.84473160075964,318.04550377214576,336524
2010-10-08,312.98150634765625,314.74843896393986,309.66626464406863,309.66626464406863,556808
2010-10-11,311.4696044921875,318.77408040163624,309.3383587273817,313.78298463845044,751742
2010-10-12,305.5313720703125,313.2730300533672,304.20161956944327,311.50609712509436,693492
2010-10-13,306.9158020019531,309.666363489291,304.1287958361802,306.75185653880357,381330
2010-10-14,309.8666687011719,316.5518310078309,308.5733609507463,309.66630083604997,744850
2010-10-15,307.9721984863281,313.3093965190718,306.13242101209124,309.30195074964183,362948
2010-10-18,312.6354675292969,315.85963134240353,304.3291064941869,311.2875038710785,296022
2010-10-19,311.0142517089844,315.85961388776064,309.7573664452924,315.85961388776064,153208
2010-10-20,308.28192138671875,311.48787400532063,307.11611437015824,308.6644459076116,58826
2010-10-21,311.5606994628906,313.1636644399436,309.1197962123804,309.66626609372224,96104
2010-10-22,313.45513916015625,319.502730408063,311.12352539166,315.84138657633986,201892
2010-10-25,312.65362548828125,316.56999279915493,311.5242411082475,315.8959999668972,471552
2010-10-26,314.2020568847656,314.9124723728838,312.61728045189847,312.61728045189847,279300
2010-10-27,318.71954345703125,322.0530196932482,312.58087205521144,312.58087205521144,550968
2010-10-28,318.9926452636719,324.2387645050861,316.98892256167414,324.2387645050861,1000382
2010-10-29,320.65032958984375,321.6521910701739,316.6793061007139,318.75589616167247,392926
2010-11-01,321.7250061035156,327.8819086152117,320.5956439793181,322.6540226333241,174674
2010-11-02,321.5975646972656,322.7815829190341,320.2496010437608,322.7815829190341,68494
2010-11-03,323.2187805175781,326.18792072085654,320.9964559338828,322.417286769949,205738
2010-11-04,324.6577453613281,327.08041501086404,322.4172100917483,323.87446301871665,266170
2010-11-08,319.7030944824219,325.6960520119276,313.3094012642704,313.3094012642704,73290
2010-11-09,344.5129089355469,366.0620290338882,319.70315785508,322.7816099365348,2465556
2010-11-10,330.0313415527344,347.91911103735777,329.33913756834704,342.45441295823696,406420
2010-11-11,319.7213439941406,331.52510383835755,317.4079634276582,331.52510383835755,425524
2010-11-12,314.85772705078125,320.5956607517356,313.67370898550496,319.5027209991729,185810
2010-11-15,319.8123779296875,321.9982574318169,293.27216653569906,293.27216653569906,332092
2010-11-16,321.8707580566406,325.6960472016262,316.6064271194535,322.0529146825923,530344
2010-11-18,322.5264587402344,326.8617945429131,318.7740373760191,323.51010878846284,423310
2010-11-19,321.74334716796875,326.0604515143201,318.8106068823701,322.41731797784723,236522
2010-11-22,320.4498291015625,342.45435165549196,314.51152936578217,327.04391027817667,92526
2010-11-23,320.7960205078125,323.51015860545806,316.5882070136746,319.86702618872994,190918
2010-11-24,319.0655517578125,329.5213468684846,314.18376736797774,320.86890685950004,421822
2010-11-25,312.3076171875,322.3808901416348,306.0232119422572,306.0232119422572,327986
2010-11-26,299.2833557128906,318.37338023641837,296.80602988758767,313.3458392476381,696282
2010-11-29,313.418701171875,316.9343331154386,302.0157002885034,302.3800135578502,224600
2010-11-30,322.7816467285156,326.06046706774436,309.79386615709024,309.8120996143803,400102
2010-12-01,322.052978515625,325.3317984326393,320.5957252191742,322.4172918397377,121120
2010-12-02,322.3080139160156,326.7526410777017,321.39723057288,324.23887015627884,147810
2010-12-03,322.2532653808594,326.3882339115422,321.3424822995524,326.3882339115422,168110
2010-12-06,319.9580993652344,325.6778216149044,316.5882019338328,321.32427399958635,185212
2010-12-07,314.730224609375,321.32428551989534,311.30567117545417,319.50271927545145,164396
2010-12-08,309.720947265625,315.49530392225984,308.5915627437519,314.76667735431005,87040
2010-12-09,304.0195007324219,322.4173255221011,302.0521996823246,322.4173255221011,76348
2010-12-10,307.516845703125,309.666303053985,300.61312650024496,303.4729769929053,77020
2010-12-13,311.3056335449219,316.22386181040633,308.93759771339234,310.39485053279515,120552
2010-12-14,313.3578796386719,316.0696747806096,311.488954856253,312.9181484193708,180482
2010-12-15,308.6672058105469,315.51996682232334,305.62561246204143,313.3578582190993,117416
2010-12-16,311.708740234375,312.2217896805664,304.36127184025037,308.5572146843156,63770
2010-12-20,319.51434326171875,321.639792554878,309.71160390751953,312.368421115667,296712
2010-12-21,317.0773620605469,322.51924716364147,315.19009692820555,320.7053003738043,170886
2010-12-22,317.6270446777344,319.80747132107535,316.06960027060387,317.71865905462437,248716
2010-12-23,314.0357360839844,318.45154416201,312.9546820648522,316.2894361237456,20798
2010-12-24,311.1407775878906,315.50163136886863,309.7299249705827,313.3212044783796,46642
2010-12-27,311.91033935546875,316.25285219144996,311.4889042441859,315.81309867680545,21744
2010-12-28,311.1407775878906,314.7870346747697,300.4951902599664,314.7870346747697,196708
2010-12-29,314.1640625,314.78704482691626,310.75601165683935,313.59605775393896,84542
2010-12-30,317.5171203613281,319.01958723565207,313.3578141195917,314.7870073838837,114988
2010-12-31,318.7630920410156,322.40934914968847,317.3888762236862,317.5171497867133,188812
2011-01-03,318.48834228515625,320.28399375982053,315.52004419588724,319.2029391931063,46854
2011-01-04,318.7265930175781,321.7865059469093,317.1325109270745,318.8182074450048,340092
2011-01-05,314.58551025390625,320.46714986905295,311.5439168497203,319.6426203239353,126514
2011-01-06,313.4311218261719,318.4515944747947,312.4966595953754,318.3966168984215,78470
2011-01-07,313.2113342285156,316.8942288589811,311.8554365527527,312.8631950139984,95148
2011-01-10,304.8377990722656,314.45731275922645,303.06048834729984,313.2113701208053,47894
2011-01-11,305.6622009277344,310.37119336337895,305.2591066124178,306.19356879195465,235520
2011-01-12,309.52838134765625,315.1168590355913,306.0103754158306,306.0470345912377,517636
2011-01-13,308.17242431640625,314.78697740077115,305.9919978226355,310.75594509412565,103786
2011-01-14,309.67498779296875,311.48895737101816,306.35855101431906,308.1908389988544,883702
2011-01-17,305.8271179199219,311.1224335413036,305.259113238994,309.6566034657262,15770
2011-01-18,306.4318542480469,309.2902190981059,304.8927278313082,305.99210064800764,31408
2011-01-19,303.3719177246094,306.9998569413604,302.8588905004406,306.0653945269842,439948
2011-01-20,310.8659362792969,312.5516544352712,297.92998919239545,302.32747980778134,293690
2011-01-21,308.6672058105469,311.39731917220587,307.12807954781067,307.8243578754374,136192
2011-01-24,308.6122741699219,310.75604216502563,307.09146619609845,309.546736568639,60052
2011-01-25,308.8870849609375,310.7010319818102,307.8243490947261,307.934281888901,63814
2011-01-27,309.1070251464844,310.31633090784095,305.9921351479721,308.9237963230425,104454
2011-01-28,310.79266357421875,314.0358265660568,305.53400626616104,309.29019644814383,277610
2011-01-31,301.97930908203125,322.2077682708286,295.0899123117256,307.8243108871152,1544766
2011-02-01,294.7601013183594,300.8982648627617,292.103284261827,296.8305952815463,932002
2011-02-02,288.47540283203125,297.54522766609773,278.5260708855191,294.63188551876584,254154
2011-02-03,294.888427734375,296.8306484918886,288.40212390508185,289.5014966772741,121584
2011-02-04,297.41693115234375,301.11816573432276,293.5508085704472,295.7495538151421,273536
2011-02-07,297.5635070800781,301.2280822904239,293.16601682766316,297.5635070800781,318066
2011-02-08,297.7650451660156,307.8243082851198,292.4697296751336,304.0498004068867,736314
2011-02-09,299.432373046875,302.3273958447091,293.89887450600816,298.6445029505038,581698
2011-02-10,300.1470642089844,301.9610336295109,292.06667937223324,299.76228823900476,504302
2011-02-11,303.42681884765625,306.3584789331409,300.12870125148606,300.4951587621717,735022
2011-02-14,304.1231994628906,305.60734840752156,301.44804084072746,303.4452394197785,98022
2011-02-15,301.2280578613281,304.159717791852,300.12868538738167,304.1230809894365,15516
2011-02-16,301.1914367675781,304.123096851003,300.1470194427832,300.4951585510482,89706
2011-02-17,302.2724914550781,304.15975672363476,300.05542782219817,300.55015891887274,40982
2011-02-18,300.5502014160156,303.5368173547439,299.30423666316943,300.86168142082903,46686
2011-02-21,298.9194030761719,302.3274535335554,295.07159912210847,300.8616234558169,36862
2011-02-22,297.6368713378906,300.45859937054195,295.9328345274435,297.6368713378906,21296
2011-02-23,296.4642028808594,298.6629485140919,295.7312876697818,296.0794268684031,24070
2011-02-24,296.50079345703125,298.6079243602837,293.53249626177575,297.7833948764023,266996
2011-02-25,295.7312927246094,300.05548807051923,293.5325470537944,296.4642079482143,1085474
2011-02-28,300.9715881347656,303.46349505765085,296.7939853905507,296.7939853905507,56888
2011-03-01,300.9349060058594,302.6755791455079,297.23367180463737,302.0709153187031,103954
2011-03-03,303.0603942871094,304.8926820397521,300.8982857922734,301.59456408499517,572968
2011-03-04,303.9948425292969,324.0950516676483,293.8989419518168,305.9920405608068,559702
2011-03-07,302.602294921875,303.40850593332374,299.12094850739385,301.6495143235759,33276
2011-03-08,310.939208984375,312.2218103178403,302.32745717396506,302.6023003168505,325812
2011-03-09,310.8659362792969,315.5199516539391,309.6566308334246,311.48891858983535,103134
2011-03-10,309.0335998535156,310.75595454664875,307.0913796109572,307.9159089714878,33528
2011-03-11,311.4522399902344,312.5149533262796,304.5261842536339,307.8243017726263,62180
2011-03-14,311.65386962890625,312.9547896323558,308.1908408440413,311.12250163685025,49844
2011-03-15,310.8109436035156,311.8553385520675,308.5572209880621,309.25349919829085,106540
2011-03-16,311.4705810546875,313.3578239077973,308.2091001018833,310.0413877457525,238734
2011-03-17,307.75103759765625,330.6912930201679,305.25913079918485,330.6912930201679,221582
2011-03-18,302.0892639160156,309.7482354427428,300.4951825649797,309.56500667288606,113048
2011-03-21,299.4507751464844,304.14142698758104,298.6628825219488,301.9426818401802,72456
2011-03-22,296.2626647949219,302.2176010683159,295.73129677716713,302.2176010683159,77282
2011-03-23,300.5135192871094,301.68618795903365,297.06883162390045,298.6629130721074,184610
2011-03-24,299.6340637207031,304.15980610579965,296.09773895600733,302.2175853112545,56308
2011-03-25,301.6311950683594,302.51070211936076,299.39581300002146,300.5135040341904,48790
2011-03-28,303.51849365234375,304.0864984336313,302.21757370377014,302.3458249113268,25810
2011-03-29,303.1520690917969,305.1126084311351,302.3641762544189,303.4452307172869,52568
2011-03-30,301.98773193359375,306.7738596190209,301.24856233144794,306.7738596190209,52520
2011-03-31,300.8790588378906,306.367408151557,298.9941848661298,303.05961877654687,331338
2011-04-01,304.9076232910156,306.3859632827297,301.5813583096591,304.57498776980873,203788
2011-04-04,304.5933837890625,306.7184968205549,301.98779237387885,303.07807226678733,138154
2011-04-05,317.34405517578125,318.5821554575657,304.9075153741203,304.9075153741203,153782
2011-04-06,313.55584716796875,317.454963463163,311.57855436170644,317.454963463163,238222
2011-04-07,312.7981262207031,316.290707536223,309.7490512330962,316.2537580745923,170868
2011-04-08,315.5146179199219,319.65397310519853,312.81665279589174,313.9069101504282,226520
2011-04-11,313.666748046875,315.62554374829784,310.54375074298275,314.1287292291764,85738
2011-04-13,335.9342346191406,342.1247823437706,311.19051845602513,314.51678290508005,752684
2011-04-15,331.46221923828125,342.97479826786326,325.2347224953876,334.1232351156872,327082
2011-04-18,325.3641052246094,336.32230813357006,321.72370245084915,332.2383989034832,86252
2011-04-19,323.6269836425781,328.20982225813015,321.9084050632029,328.191347527123,37392
2011-04-20,336.1744689941406,339.6485766246887,324.5325428095077,325.2347632532383,335680
2011-04-21,335.37982177734375,338.0962617673376,331.8872399633002,336.4146549850713,75212
2011-04-25,334.21563720703125,340.7572947744308,328.93057738529654,332.79274429422037,94112
2011-04-26,331.2774353027344,336.5809924598913,328.93058007470887,334.4743538961927,37438
2011-04-27,327.24896240234375,333.36558813881066,323.81182725790165,330.05779868953516,40760
2011-04-28,325.5672912597656,337.172241582847,323.57152412104597,337.172241582847,90656
2011-04-29,334.23419189453125,335.95277119931535,325.32720225324243,326.87946379342185,290224
2011-05-02,333.12530517578125,340.49852765843303,330.7784503333555,334.4742989404321,51720
2011-05-03,333.4210205078125,336.50704534374466,329.30013992452115,329.30013992452115,80810
2011-05-04,329.7621154785156,335.58307744969704,327.21197073473905,334.49279752133833,62356
2011-05-05,329.0044860839844,332.2383539942955,325.2716650186219,332.2383539942955,46734
2011-05-06,329.558837890625,333.29163610892584,326.10320577119086,329.6697088417058,49308
2011-05-09,331.94268798828125,332.64488576585734,325.67821940230453,325.67821940230453,44436
2011-05-10,335.5461120605469,346.30102274051944,334.4743069158699,335.5830615244308,229798
2011-05-11,341.182373046875,342.9748511228842,326.0848135334224,335.95273671411826,92646
2011-05-12,335.4906005859375,342.6051079517092,332.6632678564735,342.6051079517092,29614
2011-05-13,339.8147888183594,345.5618286224177,334.4742833190246,334.4742833190246,154588
2011-05-16,339.205078125,341.8291449247173,335.60162469755807,340.0181695637529,99224
2011-05-17,333.6797790527344,345.488023281855,330.05785088094143,340.07361703985276,167008
2011-05-18,334.04925537109375,340.0180596809519,330.44580310817065,338.8723556768337,267534
2011-05-19,332.1460876464844,341.8661699119028,331.0188577599327,339.94432314788884,75922
2011-05-20,334.80694580078125,340.0180834921029,325.32708477600386,338.17015912529797,33012
2011-05-23,333.1807861328125,336.6918426699858,330.3534526350726,334.7884714188704,35068
2011-05-24,332.6449890136719,334.32659632430114,330.2242116713217,333.8461403152184,45220
2011-05-25,332.2937316894531,336.69180045501776,328.6163804550973,330.5567009297284,20624
2011-05-26,331.97955322265625,335.17647082949793,329.39245957104634,334.4557759435876,235612
2011-05-27,332.2383728027344,334.47435708719695,331.88726261248934,332.6264324624058,26050
2011-05-30,331.4806823730469,335.58306544963835,327.1195628155605,332.6263864588926,99644
2011-05-31,330.279541015625,331.8687515072441,323.38677389748443,331.5361160881668,175816
2011-06-01,330.03924560546875,332.4415469452622,324.3661276184081,324.3661276184081,55294
2011-06-02,340.1474304199219,344.4346285012061,326.39889112669914,328.61640037498285,287648
2011-06-03,336.1004638671875,346.5597103696065,330.03926344380824,343.6769531175772,101264
2011-06-06,337.87445068359375,341.45942798868333,336.10044803955304,336.10044803955304,65804
2011-06-07,336.6548767089844,340.0180900988503,335.95265641288574,340.0180900988503,47264
2011-06-08,334.4189147949219,338.5397957863515,333.4764777352174,333.4764777352174,41814
2011-06-09,332.1275329589844,339.1865966640907,329.5404382418516,339.1681219276463,70448
2011-06-10,330.4273986816406,335.3428736874362,330.05781375552556,332.62643350356,78268
2011-06-13,331.3782958984375,332.9818778161666,267.06795095450155,328.2271249591017,99108
2011-06-14,339.15380859375,340.8505985968592,331.9004734695894,334.660104488369,152744
2011-06-15,341.0743103027344,346.3698050535414,337.15863093057567,340.8505663002911,276872
2011-06-16,341.4285583496094,344.2068303843952,335.72285921294883,344.2068303843952,150690
2011-06-17,341.2234191894531,346.8172457335425,337.94171216918835,341.61498249527165,190440
2011-06-20,340.9624328613281,344.896753710693,338.61302982778716,340.83191932220916,120970
2011-06-21,341.5963439941406,341.96926576706,339.0791220269349,341.22342222122126,145766
2011-06-22,340.8691101074219,342.34215552496545,339.35878162060845,341.6149535835111,53708
2011-06-23,339.4707336425781,341.5777510639345,336.76705040418125,339.7317834730365,69594
2011-06-24,342.54730224609375,343.83388696106846,338.6129819529828,340.85051267073385,61004
2011-06-27,345.73577880859375,348.1597704183827,341.9692778733036,343.442323480751,189450
2011-06-28,341.2607421875,346.8172863092492,340.2538715008364,346.8172863092492,71218
2011-06-29,367.7009582519531,377.3596436432308,339.35889656113324,342.34227147595635,1525364
2011-06-30,366.3397216796875,371.56062688758607,360.59673960780333,370.92667803569924,470348
2011-07-01,374.2083740234375,379.76489502717527,366.9550406693217,369.19257140511024,618996
2011-07-04,382.72967529296875,385.04177232692433,372.9218133916943,372.9218133916943,330138
2011-07-05,377.5274353027344,383.9976204595355,376.27815617813746,381.8719840697847,100016
2011-07-06,372.2691955566406,381.1074469756179,370.6842778695725,374.7864177655135,148184
2011-07-07,376.1849060058594,380.75319854471616,372.4743291465194,372.4743291465194,184014
2011-07-08,375.4017333984375,382.8042219119753,374.0592012819325,376.18486006206047,94092
2011-07-11,374.525390625,378.51565877220696,372.17598764006163,376.65104961569364,42052
2011-07-12,374.3388977050781,377.5833219122963,371.80303402129323,372.9217994195519,88582
2011-07-13,372.8286437988281,380.26843974273163,371.05726489605803,376.6510930100689,86648
2011-07-14,372.66070556640625,375.5322076348489,367.5516729658791,371.2436074483536,86868
2011-07-15,374.972900390625,376.6510486270823,371.80306483287234,372.9777777029293,67824
2011-07-18,376.52056884765625,380.21248164205247,372.56758343501645,376.44597992263584,132376
2011-07-19,372.5302734375,376.65105518202495,371.43014946663055,376.65105518202495,236662
2011-07-20,370.9266662597656,375.53224124598233,368.0738054714842,372.5302253990148,62956
2011-07-21,364.47515869140625,372.15736240970136,363.59880145397756,371.3555713327271,83068
2011-07-22,370.404541015625,372.54884115238804,355.0961072002194,369.8637999071302,583792
2011-07-25,366.3397216796875,369.19258255853964,363.82249952587927,369.19258255853964,169280
2011-07-26,364.3072814941406,369.1739059772751,354.64859867183407,368.4467039829359,133936
2011-07-27,363.9157409667969,366.84319084644306,362.10707928397255,365.4260925137689,61180
2011-07-28,365.5379943847656,367.99926943947605,316.9835659637038,316.9835659637038,193664
2011-07-29,363.9343566894531,368.4094178340571,358.377813330368,363.5987179990726,142116
2011-08-01,364.7547607421875,367.98054303880326,363.5987124021619,365.4633211837114,41226
2011-08-02,367.2720642089844,368.07385526775215,360.4289575646225,364.71755871515865,202208
2011-08-03,365.3701171875,370.4605086340713,346.8172584683592,346.8172584683592,80068
2011-08-04,365.22100830078125,373.29477553757494,362.59191378457854,367.3280258786327,127116
2011-08-05,359.51531982421875,363.5615357210387,354.9097438905846,358.00499082145956,78452
2011-08-08,353.3993225097656,358.7320992392948,348.7191361128243,358.7320992392948,269086
2011-08-09,347.451171875,353.063639221635,343.08798318870265,350.5464176058484,115090
2011-08-10,347.7122802734375,353.8841312422393,346.8172588879007,353.8841312422393,176390
2011-08-11,347.2647705078125,350.471888752093,344.952650890119,344.952650890119,76834
2011-08-12,343.14410400390625,350.5465948002015,341.5964689755155,349.42782907211574,217516
2011-08-16,338.8741149902344,346.79870489538104,336.86032774509437,343.14407504433535,65342
2011-08-17,347.5257873535156,350.17352266959216,339.7689967573026,341.22340068442685,284132
2011-08-18,347.4699401855469,353.4739729774272,346.1274306051711,348.68193622053803,117246
2011-08-19,342.6778564453125,346.05279423544727,331.8071767019868,337.9790280355494,115432
2011-08-22,355.4877624511719,357.5201911370456,341.68965365422105,343.10675216758506,148726
2011-08-23,354.5926208496094,357.9489164478502,351.5346808469478,354.27564648097666,46208
2011-08-24,347.67498779296875,356.1403171615372,344.9899462945614,354.7232188811206,84484
2011-08-25,360.2983703613281,363.8970517168195,347.97328788735365,353.71629214104235,263904
2011-08-26,352.6722412109375,363.84125653610204,350.54658185381004,362.81572132323186,122322
2011-08-29,353.2129211425781,359.8695667177425,352.4111301018307,359.8695667177425,188206
2011-08-30,354.6673583984375,359.12377952949953,352.78410740904104,359.12377952949953,89758
2011-09-02,365.556640625,367.40260832044004,354.63003505708247,358.75081691532773,210286
2011-09-05,374.4695129394531,376.2781749434142,362.49870699752853,365.09051860218284,188892
2011-09-06,374.09649658203125,380.2497060156939,372.9217838583417,374.78639277763347,73014
2011-09-07,386.4775390625,394.1411010693574,371.0385885719468,371.8217153299569,232598
2011-09-08,381.2939147949219,388.60319603523294,379.6716912407573,387.8386881044156,185976
2011-09-09,371.2063293457031,382.9906478678717,369.1925427353388,382.0956265385236,318888
2011-09-12,369.2299499511719,372.92188572438147,365.9668834510835,367.9433876544992,65304
2011-09-13,362.8529357910156,373.2947468929153,359.9627916467398,371.07585748149324,147964
2011-09-14,364.4192199707031,367.32800571751756,360.72728471733024,363.58014584596765,48666
2011-09-15,372.9031677246094,374.78641830911835,366.20921669607384,366.20921669607384,276738
2011-09-16,369.0247802734375,377.26636610410736,366.2092251011501,372.9218178219451,308832
2011-09-19,368.0924377441406,371.05717044215226,365.5379326602052,367.5516966118315,40632
2011-09-20,368.502685546875,372.0640841824067,366.43295134908146,369.9384253714519,42408
2011-09-21,372.8100280761719,372.9219000939308,341.82020452155837,368.46547883553905,96304
2011-09-22,363.5987854003906,372.5489093487079,362.14438115425213,372.5489093487079,67010
2011-09-23,366.6007995605469,368.7637416171532,349.05483205289164,359.8695650972654,65032
2011-09-26,360.7086181640625,368.42810412857784,359.0864174066048,368.42810412857784,40880
2011-09-27,358.6202697753906,364.30732741094465,357.6320178686104,361.7341578024526,82692
2011-09-28,360.1306457519531,361.99525505711875,357.2591428697293,360.2238762172114,203858
2011-09-29,368.91290283203125,369.9384378158959,359.14234679712547,360.1305987042951,285216
2011-09-30,366.48883056640625,370.68420003358716,363.95296735184405,368.7636440174099,174440
2011-10-03,360.1492004394531,366.1718961472473,359.4593042674543,363.5800852858373,53532
2011-10-04,367.25335693359375,369.0060938162672,358.8626170539919,361.62224727448535,292584
2011-10-05,371.6166076660156,378.51566159659393,370.03168987115305,376.6510524261673,135158
2011-10-07,367.7009582519531,374.04062994595233,362.87161555631434,369.77067004684284,166336
2011-10-10,366.9736633300781,369.1925524145342,365.01582403697074,366.95502179384005,47044
2011-10-11,371.5420227050781,372.9218380581619,366.97373018886566,368.44677600146395,81754
2011-10-12,372.6980895996094,373.2761138894135,371.46742933967124,371.54201825865874,68858
2011-10-13,368.3907775878906,374.0219102192913,367.32795960119455,372.92178639715183,18342
2011-10-14,370.6842346191406,371.43007814956144,367.327938732247,369.56546932350943,21984
2011-10-17,372.9405212402344,374.78648909701104,369.9944520474232,372.1387528556897,97550
2011-10-18,372.6980895996094,375.9052082639914,371.0572244272534,373.3879858872236,142568
2011-10-19,374.525390625,380.38026792872034,372.69808730842226,372.69808730842226,83560
2011-10-20,371.7471618652344,378.4970614572902,368.5586843873167,375.15940612488436,65418
2011-10-21,368.409423828125,375.5322204946399,365.8735375958531,372.9217681178152,37710
2011-10-24,370.29278564453125,372.548958468372,369.0062006050591,369.5655834255822,30734
2011-10-25,372.9964294433594,373.94737558442444,368.0738565961874,369.19262211775634,74328
2011-10-28,371.70977783203125,378.5156002001623,369.28578630365587,378.142678426566,87042
2011-10-31,373.7235412597656,377.4714002989366,362.6664022561112,371.8402682112167,311480
2011-11-01,388.34210205078125,398.5788326353486,370.68426416515615,375.1406841668946,708440
2011-11-02,394.3088684082031,397.53465118322254,384.482387776644,385.95541072345645,216684
2011-11-03,391.5306091308594,399.77217185276544,389.9643102484247,395.3343933032219,172204
2011-11-04,401.8233337402344,404.62024789619886,391.56798183503116,391.56798183503116,334290
2011-11-08,398.3364562988281,404.6201799427105,394.7936989629242,399.9773214326257,142004
2011-11-09,393.76812744140625,400.07051480135755,391.5678797743289,399.0263155795542,71492
2011-11-11,389.5541687011719,394.99881879246357,386.3470497862484,392.127338658533,156856
2011-11-14,386.5148010253906,393.3765715983185,384.5569614759855,391.8103181678676,110126
2011-11-15,378.7394104003906,387.83871237211974,377.22908150544083,387.83871237211974,100754
2011-11-16,374.4134521484375,379.61571532368396,372.2132046298825,377.601928687673,56332
2011-11-17,378.0122375488281,385.6011879952615,371.430157875513,373.2947671017957,138462
2011-11-18,375.47637939453125,377.9190358761094,372.92187366446757,377.0240142747767,173180
2011-11-21,372.2691955566406,376.61374373278716,369.24853801052956,375.5322613829573,56620
2011-11-22,374.1524353027344,376.5205023763423,363.59875297381376,376.5205023763423,105770
2011-11-23,367.1602478027344,375.4391184382712,365.0905358341867,374.4508663102796,150212
2011-11-24,363.3935546875,370.1993757044511,358.8439054006138,366.20910896690333,340548
2011-11-25,367.290771484375,371.0013260092609,362.10714820877405,363.59883574001515,49320
2011-11-28,369.6960144042969,372.7539776924024,365.91087182100955,369.640089791543,79420
2011-11-29,372.7539367675781,376.27805191508605,369.93838206121444,369.93838206121444,91344
2011-11-30,373.4626159667969,377.098604245085,369.5655778239524,374.56274004941974,182724
2011-12-01,373.7607727050781,379.634289462479,372.25044437687046,376.65091587141825,43828
2011-12-02,373.23876953125,376.27809126593206,371.07582767188035,376.27809126593206,46708
2011-12-05,373.23876953125,375.9051694708221,371.8030297246127,372.92179510994254,30892
2011-12-07,378.9817810058594,384.1094557796164,373.70492840687507,375.53225433987734,189086
2011-12-08,374.61859130859375,383.99756096362137,373.3320065405873,378.9631394025073,84244
2011-12-09,372.8286437988281,381.40584690697824,369.97578235614463,381.40584690697824,47464
2011-12-12,376.2780456542969,380.36154336802576,373.1827996823516,376.65096740420205,208014
2011-12-13,384.85528564453125,386.7198945866075,372.38104726977343,374.41347556890446,176868
2011-12-14,387.95062255859375,392.68671189084245,384.81806988341714,387.8387277934246,219452
2011-12-15,384.8180236816406,387.83868122898383,381.1633717456025,385.97407218461376,92088
2011-12-16,378.1427917480469,394.92427658893655,377.15453964732296,394.92427658893655,68764
2011-12-19,375.513671875,391.19503155225686,365.8363450455328,391.19503155225686,86240
2011-12-20,376.39801025390625,379.67169547221397,372.97382476384814,379.67169547221397,102196
2011-12-21,384.67620849609375,386.4071335351967,376.2850563331871,378.18529127434624,156210
2011-12-22,385.1841735839844,386.8210042499524,380.80044387252127,381.9292989432896,37124
2011-12-23,385.2969970703125,387.57351653039683,383.79185720029153,385.69209169287063,59456
2011-12-26,383.6413879394531,387.3665958612883,380.894511883971,385.69214589387036,55646
2011-12-27,383.66021728515625,386.82102080523066,381.5530302495174,382.38086193016704,30512
2011-12-28,380.3489074707031,386.82101464366747,379.502266144878,383.8859959741301,79002
2011-12-29,369.0414733886719,382.0044948142549,366.8778348753047,381.55294827031685,163380
2011-12-30,372.7290954589844,380.01022385811564,367.2541534006882,369.51186336011864,95052
2012-01-02,370.5278625488281,374.66699775499296,369.17322270138703,374.40359364855044,33216
2012-01-03,372.917236328125,374.4035666382528,370.64071672229045,372.1270470324182,41092
2012-01-04,369.3236999511719,375.2501882590995,361.23357305463577,374.40354707225265,120304
2012-01-05,368.8909606933594,374.4035446836376,368.0067002016056,371.3932649273873,37006
2012-01-06,369.7753601074219,373.57583030481044,368.0068156027148,373.57583030481044,550678
2012-01-09,371.3556823730469,372.89844171417934,368.75930663965266,368.8345682343305,52112
2012-01-10,370.6407775878906,373.6510580150004,369.5119224277244,369.7565168990739,232562
2012-01-11,369.4554138183594,379.67156063762263,368.75929576300314,379.67156063762263,109322
2012-01-12,360.7820739746094,369.5118910656129,358.975910464964,368.81577296257313,768000
2012-01-13,354.4605712890625,361.2525128865745,352.31574158284286,360.85741811699677,239088
2012-01-16,357.94122314453125,358.9760072324655,351.788970572007,351.826589897647,61604
2012-01-17,363.2279357910156,366.57688175319345,358.22334947258935,360.10477462738237,114908
2012-01-18,360.7820739746094,365.37275582964367,357.1321046732044,364.95885149269276,133086
2012-01-19,363.9805603027344,368.3831004168727,360.4811135846415,362.7388241081361,53406
2012-01-20,361.36529541015625,366.3322620700983,360.10474982989473,363.8864095372934,72208
2012-01-23,370.7159423828125,381.3271827106695,361.4216993978943,366.369855744437,860024
2012-01-24,370.28326416015625,375.5136350516681,367.6492690569863,374.3847800074524,310684
2012-01-25,368.2889709472656,371.9201306520636,367.2541871208493,371.9201306520636,152142
2012-01-27,367.7244873046875,370.6406958251391,367.3482023343067,370.6406958251391,69670
2012-01-30,370.0198059082031,371.1486607872233,367.4422631210848,368.0066905605949,389552
2012-01-31,377.5267333984375,390.9601124025106,370.28324719656234,390.9601124025106,435412
2012-02-01,375.8334045410156,381.92922534176296,373.8955508229426,377.4138059288554,155454
2012-02-02,375.68292236328125,379.93493792109666,372.5221194359677,375.9274938132468,49592
2012-02-03,376.45428466796875,379.25761215254596,375.5323819426231,379.25761215254596,159748
2012-02-06,378.2980651855469,379.6338951309459,373.1241471245555,379.53982389347334,161194
2012-02-07,384.54443359375,388.7023779611935,370.3772951425951,370.3772951425951,178434
2012-02-08,385.729736328125,389.4549669376522,382.3808136774214,385.6921170155493,145742
2012-02-09,378.10992431640625,387.49826141597316,375.21254856323475,383.81065051809884,108986
2012-02-10,385.6733703613281,391.3364791297212,378.56159620326866,383.3592309233686,222552
2012-02-13,377.7336730957031,386.4258470646313,376.2849850897527,383.81068479154777,124172
2012-02-14,377.94073486328125,385.69219814670436,375.87116697078676,385.69219814670436,338444
2012-02-15,379.9161682128906,382.663044183022,378.1664337358254,380.0478587792872,200522
2012-02-16,380.5558166503906,383.0581210284299,377.80894080804774,380.42412609012047,50988
2012-02-17,380.6688537597656,383.73556373135807,380.0479741203463,380.1232357382488,142856
2012-02-21,380.8756103515625,383.41553362647664,380.25473103105077,380.42406384270026,74610
2012-02-22,378.3734436035156,381.553057005216,375.8899713540341,376.66135114617475,74550
2012-02-23,385.3534851074219,391.29880687866967,375.9840017602333,376.6613102122469,216994
2012-02-24,397.54510498046875,400.7435275004252,382.00453897682667,384.92074774502225,388720
2012-02-27,399.7276611328125,463.24455543845085,392.48417330157775,463.24455543845085,312724
2012-02-28,395.8330078125,404.1301108641481,393.9704153396304,404.1301108641481,70706
2012-02-29,394.5536193847656,406.38776318954206,392.4652194506411,406.38776318954206,34146
2012-03-01,389.56793212890625,395.81425479615996,384.5633225714635,391.37407281587696,77588
2012-03-02,391.4492492675781,402.24860888781666,389.13508765374957,389.13508765374957,198160
2012-03-05,388.4765930175781,392.465204315831,384.18693538491226,390.20749460739864,67074
2012-03-06,390.69671630859375,400.7435069836255,378.14759834280085,378.16640799863245,96014
2012-03-07,389.2857666015625,394.30916347440655,387.5736510319605,390.96021691476403,76748
2012-03-09,399.915771484375,401.75953149187546,389.8501463472641,396.9807297066155,90446
2012-03-12,411.6935119628906,413.91360320308223,397.54520162186947,397.54520162186947,119926
2012-03-13,416.697998046875,422.1729169723257,407.6107065494348,412.78462504936994,180582
2012-03-14,417.3753662109375,428.90851237694494,412.08858872813704,421.815548250021,187324
2012-03-15,412.5777893066406,417.0555912894867,409.41703113827,413.9136198166178,46624
2012-03-16,410.05645751953125,417.65739389907384,406.4629184586462,406.4629184586462,87928
2012-03-19,414.08294677734375,415.7950624666801,399.27613631868564,399.27613631868564,39092
2012-03-20,417.5069885253906,422.49276415922,410.1505993112442,414.08275870199446,119546
2012-03-21,420.0092468261719,421.4391480231105,407.460152810521,409.13464841393875,83866
2012-03-22,409.2456359863281,428.9726265547767,399.44841504054114,421.31681854365615,126694
2012-03-23,409.1508483886719,416.1434034655733,405.5313676759229,409.3213804579409,84462
2012-03-26,413.22515869140625,424.48147941643606,409.37828603123285,424.48147941643606,50542
2012-03-27,419.91461181640625,423.6288443005463,388.47646200676354,401.7415119289457,176786
2012-03-28,424.5194396972656,426.7365885340788,419.91456364245835,419.93353221752864,762372
2012-03-29,421.9422912597656,427.02087317802784,419.17556244116054,423.515110110595,64610
2012-03-30,423.8182678222656,426.18702630551104,419.9335039097432,424.1025188402551,62042
2012-04-02,433.8808288574219,439.0731296228211,422.3970677295072,425.99758109283636,146410
2012-04-03,439.49005126953125,441.4798087874194,434.0134990833684,437.51926232917134,149486
2012-04-04,430.2802734375,438.37194342596126,428.59368958379383,434.39242904493284,70336
2012-04-09,422.7381896972656,431.6826138838616,421.1084650985359,426.79348635249363,61540
2012-04-10,427.0018310546875,429.0294787907103,420.0281977648451,422.5864565827226,105676
2012-04-11,423.7046203613281,430.92461594174256,422.58658467462004,422.71922591908714,91408
2012-04-12,423.4013977050781,430.50767352612024,422.586535491302,423.72353962266874,84586
2012-04-13,420.6156921386719,430.9055411775795,418.8912175910924,423.3634517654852,136198
2012-04-16,425.7701110839844,426.7176144261399,410.5153072752799,417.28047188530826,54386
2012-04-17,428.3852844238281,429.5980703511819,417.6595267110741,417.6595267110741,69786
2012-04-18,429.86328125,432.4405087475835,420.1419343447791,420.1419343447791,49826
2012-04-19,433.55853271484375,464.20082582721864,428.4609835701537,454.72579301938686,85252
2012-04-20,437.65191650390625,439.5848146111231,425.0501185184073,425.0501185184073,85886
2012-04-23,424.48162841796875,439.64168657575334,418.8344975012288,435.85167203630715,103612
2012-04-24,440.96807861328125,443.35580566691954,418.3606384284042,418.3606384284042,83212
2012-04-25,438.618408203125,441.42298199551425,428.49904146132474,428.49904146132474,144704
2012-04-26,423.07916259765625,439.622532053252,421.1651875588454,439.26249933021535,137446
2012-04-27,420.5777893066406,430.1286513062039,419.27025312485495,427.87356546271155,60258
2012-04-30,420.29364013671875,425.97866189571573,419.70621564718437,424.8227352302817,138766
2012-05-02,424.5953063964844,427.7788812906173,423.38247410197624,424.4815874653418,49484
2012-05-03,428.4231872558594,438.75097529600345,421.84752228876806,435.47260396791137,61938
2012-05-04,429.6170654296875,433.179641660373,426.85033663965766,428.42320173906313,73628
2012-05-07,426.1112976074219,430.0718437787247,397.9514747456805,397.9514747456805,39270
2012-05-08,428.2147521972656,432.5922371763992,425.2396002541561,425.2396002541561,50664
2012-05-09,431.18975830078125,433.9564862825667,424.59517272632405,432.06147979224977,55902
2012-05-10,441.385009765625,446.4636376471728,432.06158481984465,434.3166245855648,397304
2012-05-11,447.6385192871094,450.2726066288912,438.2013757011955,440.91124481281736,343856
2012-05-14,460.7899475097656,462.38173497670743,440.4186210712427,448.7376837806735,589696
2012-05-15,465.7735900878906,470.71957514424054,456.6965282196537,460.97926105659747,195980
2012-05-16,462.5142822265625,466.92965714981347,458.610596131032,464.25767916101,91690
2012-05-17,465.94427490234375,469.9616800107633,462.3816529138155,462.51429413504934,190034
2012-05-18,462.66607666015625,465.77387042423265,460.1078165598441,463.1398285305844,70768
2012-05-21,462.4763488769531,468.00975875417254,461.301454068027,467.99083644754324,79844
2012-05-22,454.97210693359375,466.1526456486304,452.90656828707824,463.36699525564234,137938
2012-05-23,457.9095458984375,458.59176703301233,452.9067451276444,454.97228458066405,86134
2012-05-24,457.4925537109375,465.05365895398774,454.8585126421818,465.0157218043692,652230
2012-05-25,459.2738952636719,461.9647958349203,455.6544135434881,457.4925610014299,83602
2012-05-28,463.897705078125,474.5097440831801,458.6295764619375,459.7286897547105,137754
2012-05-29,462.28704833984375,467.99103903476026,460.46782275702674,467.99103903476026,70312
2012-05-30,448.03643798828125,465.7736727297648,446.46357319308527,462.3816292831613,280318
2012-05-31,456.3555603027344,460.44879378349873,447.6006375261849,447.9796389127439,378834
2012-06-01,448.2828369140625,458.5726870511625,445.7245776781351,458.5726870511625,127212
2012-06-04,431.5498352050781,447.20256098048685,427.134460851039,447.10781065642936,267268
2012-06-05,433.1797180175781,454.0437677546388,428.70752836453477,454.0437677546388,92378
2012-06-06,424.8226623535156,439.6416072768672,423.36351627198263,439.6416072768672,229936
2012-06-07,427.2103271484375,429.40855360751794,422.5865289253155,429.181162037741,168418
2012-06-08,434.6387939453125,437.7465867042997,422.8897513584439,422.8897513584439,206778
2012-06-11,432.55438232421875,438.4667958133592,429.25704188222545,435.8516765013856,77724
2012-06-12,429.3517761230469,432.8386171630109,426.7745940654992,426.7745940654992,81054
2012-06-13,431.87213134765625,434.6767511947171,428.76433811418156,432.0806006409845,89452
2012-06-14,439.9826354980469,445.7055460971833,433.6532857835298,438.0686603528454,219172
2012-06-15,433.8996887207031,444.9475873879405,432.15629175391746,444.9475873879405,146494
2012-06-18,426.926025390625,441.1196528156533,424.32987555912587,437.7655003317567,141034
2012-06-19,419.66815185546875,427.21024060326954,416.65506380567103,426.7744261264919,362288
2012-06-20,421.6390380859375,426.30077359721906,418.81549629187316,420.6915346295646,299404
2012-06-21,419.5924377441406,423.3255922549935,415.5750321852814,418.7965440626867,276630
2012-06-22,424.91741943359375,426.6987074681373,417.6595335316901,417.6595335316901,97006
2012-06-25,424.4626770019531,428.2337693800769,422.984608283666,427.7031580701347,35062
2012-06-26,429.56011962890625,430.8866242930282,424.5004610915748,424.5004610915748,89722
2012-06-27,437.67083740234375,438.4667310933376,428.2905527056982,432.0615981485228,167652
2012-06-28,444.9854431152344,449.0975982078946,433.57751257066406,437.99288722698986,223422
2012-06-29,453.7593688964844,457.0756307280519,445.15605670794315,445.15605670794315,221064
2012-07-02,446.8994445800781,455.540647475016,444.70121827625013,455.4648657120478,59208
2012-07-03,452.30035400390625,454.80175440014165,447.20275658110853,447.20275658110853,82342
2012-07-04,452.4330749511719,455.180836034645,447.33552289535237,451.8456040756678,102034
2012-07-05,448.4154968261719,451.807540707753,446.50152133064535,447.6006345974383,38996
2012-07-06,441.21453857421875,451.6939377131371,440.77867766234436,444.41708225766706,119274
2012-07-09,436.799072265625,441.1575879541757,436.0221009630443,439.69844195488474,59340
2012-07-10,438.618408203125,440.91133927743385,436.9886834190487,438.6373305172307,87012
2012-07-11,432.8951721191406,437.7464062090209,431.6823867290691,437.0641855116075,452962
2012-07-12,427.020751953125,438.31500935110427,424.7467441225097,429.61694790492373,217880
2012-07-13,428.6315612792969,432.9521859525271,428.2715285002,430.90556939522713,59028
2012-07-16,430.4698181152344,431.39835305977533,427.39986969570475,428.2715914408488,65534
2012-07-17,434.430419921875,436.57178740608003,429.63604223967377,430.9246564459514,129568
2012-07-18,440.03948974609375,442.6735303462547,433.29324791811274,434.7523937095287,77508
2012-07-19,442.8061218261719,448.8701421088493,440.87322461402914,443.8483753122571,113782
2012-07-20,441.40411376953125,444.265547384521,440.57028269638596,443.12854286509486,36986
2012-07-23,443.7727355957031,446.88052847931425,433.1985875905297,440.0206125919554,397862
2012-07-24,442.9958190917969,445.66779772077945,439.54691527812577,445.3835466438589,39592
2012-07-25,439.7743225097656,444.1896986477532,435.8706353402719,441.72618922692516,39034
2012-07-26,436.4769592285156,443.4316254690191,431.20883066442434,442.3135898765415,79414
2012-07-27,428.6506042480469,442.27568673479493,426.7555971558805,439.6416453826122,48420
2012-07-30,429.95806884765625,435.4725570710613,422.9655123510047,435.4725570710613,92900
2012-07-31,438.97845458984375,440.0207086370029,430.6404222125706,434.60096908584416,61612
2012-08-01,438.5046081542969,441.5366192737734,435.85159842475485,438.8457186582016,79972
2012-08-02,443.4884948730469,446.0846451949218,437.7655830194318,437.7655830194318,142454
2012-08-03,448.5292053222656,450.63268167791017,442.5410107342189,444.18965763373484,109694
2012-08-06,453.134033203125,456.58293645129123,448.05540554190515,452.9066416318379,186090
2012-08-07,449.7608642578125,455.9386045038979,448.37754640146596,452.14859116637587,90472
2012-08-08,451.1064147949219,453.43728264985066,449.7609413236323,449.77990989949467,151884
2012-08-09,451.7887268066406,454.801770027139,449.60946832526054,450.9927866972303,84152
2012-08-10,446.5962219238281,453.19085452509637,445.4023584440172,445.4023584440172,59428
2012-08-13,445.3074645996094,447.18354839608287,440.83527796583684,443.82939685455415,35886
2012-08-14,449.0597229003906,450.51886878840855,445.7624297890352,447.2215756770531,78752
2012-08-16,450.42413330078125,452.88764206155673,445.17497388655306,450.53785221104994,93770
2012-08-17,446.4636535644531,454.0436816385525,443.5263926857396,447.24062494797624,71580
2012-08-21,443.31787109375,449.45772086812525,441.9155845714473,446.4636008792152,62032
2012-08-22,447.8280334472656,449.76093128449423,439.6416126711797,443.2800167644603,71366
2012-08-23,448.3775329589844,452.33807827203213,445.212834905183,450.2346024268457,65472
2012-08-24,447.79010009765625,488.15374432990376,445.70559264904256,453.7783400014176,71020
2012-08-27,448.6806945800781,451.75059595857107,445.3265422171912,447.8658325051871,68122
2012-08-28,444.3980407714844,450.9547362100677,442.8062073808412,450.9547362100677,103482
2012-08-29,448.77557373046875,450.95483190305106,445.1561379157686,448.2639310646529,186882
2012-08-30,458.0611267089844,461.98378232215083,445.70568913722667,449.26831189179853,306124
2012-08-31,457.5495300292969,466.1718135730256,455.1807708139868,461.9270155651213,320070
2012-09-03,460.8277893066406,467.5360952574537,458.5916719014306,462.00268433706105,202832
2012-09-04,461.1308898925781,464.23872849133227,459.4253839438699,462.381612760888,174664
2012-09-05,462.24908447265625,466.91077411236336,460.5246095306604,460.5246095306604,128574
2012-09-06,460.600341796875,464.731419344288,459.02747700070734,462.00262823308526,43952
2012-09-07,463.897705078125,465.41371065027573,444.8149941916413,456.37453667929066,101652
2012-09-10,467.5930480957031,473.6002119428934,464.73156858622843,466.5507940877897,98552
2012-09-11,470.4163818359375,471.6671045967165,466.2473676530818,467.3085897691856,85600
2012-09-12,469.3365783691406,472.57706025309477,467.4605391299079,470.71994333319236,31878
2012-09-13,474.433837890625,479.13341691997687,467.27070418777487,471.04174855361924,102228
2012-09-14,471.40185546875,478.9818817907122,469.98060053338213,478.6596936601815,71002
2012-09-17,460.1646423339844,473.751835729748,452.52775348905527,471.4967954976055,83884
2012-09-18,454.5931701660156,464.20089181068596,453.68360389902114,454.119418458283,115106
2012-09-20,453.3046569824219,462.38172228696305,426.9829811802265,462.38172228696305,96418
2012-09-21,451.8075256347656,460.0697740379761,447.2216182933646,460.0697740379761,235702
2012-09-24,445.6108093261719,456.73448899834113,443.4315517002944,445.3265583314922,187404
2012-09-25,442.3703918457031,448.8892433349291,441.57449820135804,448.8892433349291,267848
2012-09-26,454.47955322265625,456.69670223364795,440.0206400773986,443.8106542038189,226392
2012-09-27,454.4604797363281,459.72860740889746,452.14858090586534,454.7636993023735,71094
2012-09-28,457.4546203613281,460.903523324843,454.2141403772844,454.8016109640379,170084
2012-10-01,461.5734558105469,463.20174980282314,455.9797963907911,462.4354938064578,87640
2012-10-03,469.963623046875,472.9519911760428,460.9218182863991,461.6114201153516,272204
2012-10-04,470.212890625,476.07471943696095,467.03291034590865,471.40057776191685,264126
2012-10-05,475.63409423828125,478.1436005930408,462.47366073912804,471.2281235597396,195784
2012-10-08,479.1589050292969,487.3386761278924,471.994385424468,478.9098625470641,267498
2012-10-09,478.89080810546875,482.7412630779162,473.1630634136718,479.17815409539605,227256
2012-10-10,478.6610107421875,479.6954845185025,475.84502898235655,478.6801858517444,146198
2012-10-11,474.65716552734375,479.2930037720701,472.39670155952234,479.2930037720701,76056
2012-10-12,468.60369873046875,477.9520283173988,467.4160116611034,471.5346363540189,86882
2012-10-15,474.84869384765625,476.1896413994788,465.5003644183858,466.68805146772075,68732
2012-10-16,473.4501037597656,478.14341856539556,471.26629435353476,475.0783966515148,118152
2012-10-17,473.37371826171875,475.44257160613455,463.6422597811601,463.6422597811601,37548
2012-10-18,475.8830871582031,478.90980648892025,471.3430315463953,478.545853743403,53530
2012-10-19,478.56494140625,484.54172592961936,473.2011520293872,483.43069268780897,94660
2012-10-22,482.4536437988281,482.77929304923555,474.29300360012104,478.52658416099763,67684
2012-10-23,477.09002685546875,484.2353716846679,475.5766903281308,482.7219883887865,54742
2012-10-25,471.1322021484375,477.45381038143864,467.415881470387,477.0132508588085,202096
2012-10-29,474.0058288574219,476.8984632689409,465.50040801105695,475.0403022696836,100652
2012-10-30,492.2809753417969,493.8134867154075,477.0324684669564,482.74108268736325,470172
2012-10-31,492.5491027832031,498.8324082158183,488.10482954451044,491.9935861665658,247506
2012-11-01,490.3653564453125,496.20805629932215,487.81754682739745,495.63336451040317,114198
2012-11-02,487.07049560546875,492.31932888696423,485.42302700372267,492.31932888696423,114964
2012-11-05,499.081298828125,501.8972780190321,486.95529798640445,494.21554906408204,185332
2012-11-06,501.24615478515625,503.8130925187127,498.83243076757714,498.83243076757714,122574
2012-11-07,498.7941589355469,504.52190160477295,497.0126050733861,501.1312294746495,71468
2012-11-08,501.8209228515625,503.8897760172601,496.43795735591505,499.8861083234653,95008
2012-11-09,508.62127685546875,509.94304892099433,499.3112535734679,501.80158401523084,158358
2012-11-12,506.01605224609375,511.4756235082606,501.99321026344455,509.9431122767752,98578
2012-11-15,507.5677795410156,511.47566478929514,503.81310801342556,507.64438640136035,158346
2012-11-16,510.0580749511719,515.2686038419747,507.64435102755266,509.13855884843446,173768
2012-11-19,504.86663818359375,511.47559246829644,499.13889651092944,503.46821241602345,197286
2012-11-20,511.475830078125,517.0120104303521,504.292180779275,510.2881427477585,226300
2012-11-21,513.6976928710938,516.4561938936805,510.13458617910646,513.1804330069011,242956
2012-11-22,509.2919921875,516.0733380558709,508.0851298160652,515.2687787310967,39266
2012-11-23,508.41070556640625,516.8395190724054,506.8590189181128,509.5792643280634,112032
2012-11-26,521.7432861328125,522.5861483097772,508.4679028502724,508.4679028502724,171118
2012-11-27,546.2060546875,555.0754709429526,521.3793592097551,521.7433586124084,849660
2012-11-29,557.1444091796875,563.657581559058,548.2558632281932,549.692592429525,520162
2012-11-30,552.1065063476562,562.1827425555958,549.9035208135448,560.8992733807355,412308
2012-12-03,561.052490234375,566.6461480623506,550.6505586900699,552.8152406175119,407022
2012-12-04,564.1939086914062,567.7953188529502,558.102168184016,558.102168184016,432836
2012-12-05,555.4202880859375,567.1056846212186,554.4241652759791,566.6076466005019,430900
2012-12-06,551.1104125976562,558.4090191714341,549.0223838577463,556.4167724245209,212830
2012-12-07,542.7579956054688,553.5047021043074,540.9764420198985,544.3479852951396,154812
2012-12-10,546.378662109375,550.9378932500621,540.2486160092352,544.2139802265551,111478
2012-12-11,540.0379028320312,547.8536738923466,537.5667000324429,547.8536738923466,100104
2012-12-12,535.95751953125,544.041507221468,531.6664598638764,540.2102290015986,104208
2012-12-13,537.5667724609375,541.8194829975732,534.463445678449,536.3790852686943,106680
2012-12-14,533.7189331054688,548.3018477842755,532.9301761727453,548.3018477842755,189426
2012-12-17,533.526611328125,545.6085015028136,532.5262102114908,537.874568103881,288320
2012-12-18,542.5686645507812,544.0308214571005,535.488828477533,540.4524120107517,179478
2012-12-19,552.4959716796875,558.2291030444967,542.9920433180521,543.7615898913313,290678
2012-12-20,574.639404296875,576.3901408020146,556.2664875924049,557.132227122982,398680
2012-12-21,571.6959838867188,579.8531561476261,568.5985411394522,573.1196258008554,254542
2012-12-24,574.0238647460938,577.1597755873281,570.0030037639218,572.1577241989046,94076
2012-12-26,581.2769165039062,586.0096461568819,574.0816756835638,574.9281580261725,114434
2012-12-27,587.1445922851562,590.4344216333287,579.8531595968891,584.4511801304261,187370
2012-12-28,593.1470336914062,595.628801576893,584.9513472850591,588.645159916467,211190
2012-12-31,602.978271484375,607.0953742658476,588.7031904433222,597.5145090274978,256074
2013-01-01,600.130859375,607.9033077264689,597.5336397637936,604.478816178555,112492
2013-01-02,587.5679931640625,607.4607508245272,586.7791892366771,607.4607508245272,275448
2013-01-03,587.7604370117188,594.4747118955321,585.2401532641452,589.5111272372827,284406
2013-01-04,586.3560180664062,590.5115413603669,583.8549917153521,587.6449991765321,278158
2013-01-07,590.5501098632812,595.6290988955611,584.7207846759468,586.3560712846717,432440
2013-01-08,594.5130004882812,599.0918104889773,591.8965711802978,592.5314093191848,283026
2013-01-09,593.0315551757812,599.1686674862012,591.1269470709954,597.84121904582,353360
2013-01-10,586.682861328125,599.4765685845015,582.9313231100897,594.5322429935821,412364
2013-01-11,577.6214599609375,594.4360755535157,575.6591262015907,592.2620977644024,177276
2013-01-14,573.2542114257812,580.6226259132537,567.5403401073885,579.9108050500447,226044
2013-01-15,565.2319946289062,583.5856628008465,564.077674694334,573.1198475151504,329714
2013-01-16,563.5198364257812,573.312299532723,562.1538722263814,568.5988259291821,162890
2013-01-17,556.11279296875,569.4644058589018,555.0354090888284,569.4066804779435,120716
2013-01-18,574.6203002929688,577.9293403846498,556.766814604919,560.7299973114223,232202
2013-01-21,576.2363891601562,582.5466796279431,571.9269477023155,575.9093413032523,136056
2013-01-22,570.9266967773438,578.6029060701144,568.1755580212681,577.1407486003478,123284
2013-01-23,550.5336303710938,571.0228076263444,539.0481103341839,571.0228076263444,276162
2013-01-24,549.2830200195312,556.7668402384371,546.3779634682659,550.2064381569262,241476
2013-01-25,542.1068725585938,553.8424530302553,539.0671554359931,550.4179627774362,280246
2013-01-28,534.0845336914062,548.3980799441135,531.8335725813041,538.7210232177712,241886
2013-01-29,525.023193359375,534.8349129860984,521.464040161446,527.4664945392086,516794
2013-01-30,532.9109497070312,543.6653432256371,527.5241242226281,529.4095225360473,683384
2013-01-31,519.4823608398438,527.1393579884447,513.2875208442229,524.7922505328854,875338
2013-02-01,517.365966796875,524.0417715387346,514.8264734071281,519.4244937503298,423680
2013-02-04,516.8851318359375,523.5994531760639,515.750069545324,523.5994531760639,191760
2013-02-05,521.4444580078125,522.5025839753359,512.3446122626068,520.1939455007393,292886
2013-02-06,524.1959228515625,530.9871813401186,515.8655710837597,521.7718791183886,219136
2013-02-07,521.6563720703125,529.5057563417383,518.9437016704613,525.7542168782048,293090
2013-02-08,512.7103881835938,521.8872213849711,509.8245886253371,521.8680109028857,137864
2013-02-11,512.6333618164062,515.5960967187523,509.03569476006174,513.3067149277927,112962
2013-02-12,518.2318115234375,521.3677227181661,512.5179384949057,514.7303845507208,84566
2013-02-13,513.78759765625,522.4257359460079,512.4601021286363,521.7331254994809,112476
2013-02-14,504.76470947265625,518.6550125009936,503.49498610322576,518.6165445751415,102558
2013-02-15,506.66937255859375,509.4204633848638,501.7635142197585,504.0528959901276,81048
2013-02-18,512.4603881835938,514.0572070154342,503.28355297618856,506.74651320308897,76090
2013-02-19,519.0975952148438,520.4827695557451,513.6145762646738,517.6739529418546,157512
2013-02-20,520.9636840820312,525.1769790360142,519.9440726213102,525.1769790360142,101562
2013-02-21,513.7107543945312,525.080822669178,511.74842022214403,525.080822669178,167908
2013-02-22,506.5155029296875,520.5981941309255,504.47618596832194,520.5981941309255,138308
2013-02-25,501.62884521484375,509.36282477582097,500.2052030401005,509.36282477582097,84834
2013-02-26,498.28131103515625,503.70660394675826,493.2600018157347,499.4548881230322,171628
2013-02-27,499.58953857421875,504.5146074146981,493.5678285244018,503.2448840203165,318992
2013-02-28,489.5084228515625,509.824465628119,482.54403765836804,500.2051360879658,1427778
2013-03-01,502.3599853515625,505.82294487416436,492.5097987700406,495.43406630635883,137300
2013-03-04,523.3108520507812,527.4663747674538,500.2052007219834,503.53349856681893,292992
2013-03-05,521.8679809570312,530.0251551192038,520.3096304972364,525.2154894647645,155400
2013-03-06,521.56005859375,533.6804140682635,519.4630634978178,533.6804140682635,154570
2013-03-07,512.5372314453125,524.4844127926121,510.30552778580653,521.7525320848661,75202
2013-03-08,512.1524658203125,522.5990222397156,510.2093420721752,520.9445254055813,127648
2013-03-11,506.265380859375,521.7909714029289,504.8224812369371,521.7909714029289,114658
2013-03-12,506.2461853027344,510.7288034050227,504.05299639624894,509.4205648601917,94396
2013-03-13,502.24456787109375,509.05503595897807,501.01326522606496,502.80247032456134,64936
2013-03-14,506.86199951171875,509.82473579233385,501.1865920755399,501.1865920755399,108778
2013-03-15,504.0144348144531,517.1351918201802,502.4368740547122,507.1503458551565,283058
2013-03-18,511.3059387207031,513.6723036708179,500.66694865529047,503.6489414294095,144738
2013-03-19,514.6534423828125,521.9641336080423,501.1863795994945,512.5948680675667,183092
2013-03-20,506.2077331542969,517.5200773238802,503.93756133944305,515.5962108654271,125284
2013-03-21,508.9010925292969,510.24779890819536,503.68744315833885,504.1491522719191,164154
2013-03-22,503.20635986328125,515.557568964989,500.6091410207519,515.557568964989,146602
2013-03-25,491.64398193359375,509.1896313745211,490.68204888343996,509.1896313745211,211534
2013-03-26,477.13818359375,490.58599260323143,471.94374367206876,490.58599260323143,751840
2013-03-28,477.7538146972656,482.67888514074775,471.53971602246924,473.27119600786386,377434
2013-04-01,491.2784729003906,494.43359456041395,479.5236320785338,484.7757959982866,184360
2013-04-02,500.551513671875,502.01362379161463,486.353371825189,486.7381450623925,107124
2013-04-03,505.014892578125,509.05501171875,500.20522693452375,500.20522693452375,162974
2013-04-04,507.94000244140625,513.693327146377,502.51598370120945,504.821172748317,145158
2013-04-05,513.2671508789062,516.8120966320039,508.11431428699905,508.11431428699905,147160
2013-04-08,507.1845703125,518.7687360122908,503.67835741843413,518.7687360122908,50126
2013-04-09,510.2452087402344,512.5697882789143,504.16257786483203,507.0876454081225,78998
2013-04-10,512.9767456054688,514.8945053195383,506.33231119094904,510.63277502720206,47606
2013-04-11,516.69580078125,523.0302690251519,510.63251450011126,518.7491504982517,167838
2013-04-12,524.9869384765625,527.2146605439879,515.3011903573217,523.8052582885383,124722
2013-04-15,519.7759399414062,528.8030754517733,517.7225898651591,528.8030754517733,54926
2013-04-16,520.3765258789062,526.1298509463483,515.6692427169289,526.1298509463483,43726
2013-04-17,523.3596801757812,525.6261356719695,519.8728110143564,521.868084493243,55044
2013-04-18,537.0165405273438,538.5275264992804,523.1271889609017,526.9046302439002,131016
2013-04-22,542.0531005859375,550.1503940128921,537.0746364087124,537.0746364087124,154008
2013-04-23,535.9705810546875,547.380373712677,531.1858308204885,542.4019085111526,110152
2013-04-25,537.6751708984375,543.564085768333,533.4909095530967,536.590348388554,83160
2013-04-26,539.9030151367188,544.3390690596202,536.5904702117964,536.5904702117964,106042
2013-04-29,538.779296875,545.4237278482716,536.3384700542292,539.9028528289052,120432
2013-04-30,570.08349609375,581.9194940683342,548.2131052641097,548.2131052641097,1107356
2013-05-02,584.1279907226562,586.7625327319607,563.7104556784436,565.2601751442263,930612
2013-05-03,585.4647216796875,590.7918829760764,582.1134434781302,582.1134434781302,131460
2013-05-06,586.084716796875,592.3804541281917,583.159601457768,585.0192843254214,65182
2013-05-07,586.9175415039062,588.5059945716624,582.4039738906199,586.0845577934709,121880
2013-05-08,586.6465454101562,592.380528897741,584.4188226886637,586.685326248973,56440
2013-05-09,591.3925170898438,594.3176325691873,584.2444523561502,584.2444523561502,93984
2013-05-10,595.5573120117188,600.5164343873638,590.4819890249906,591.7411363874157,118002
2013-05-13,593.7556762695312,600.2063458796325,589.6682721541421,597.2037643361407,160506
2013-05-14,600.2450561523438,602.511511205209,591.9927818336563,591.9927818336563,145540
2013-05-15,600.1484375,602.4536269944928,597.5720186396438,602.4536269944928,118616
2013-05-16,597.436279296875,603.2283372204051,595.1697766110968,595.286024495281,127512
2013-05-17,574.8491821289062,596.8745650907424,573.3963198320346,596.6421165819819,173558
2013-05-20,551.9325561523438,581.1447763699427,550.5378181477924,574.8490412926018,309676
2013-05-21,549.6468505859375,553.2499680347341,541.6658030828308,548.2327691048383,255204
2013-05-22,547.1091918945312,559.7587887246742,544.3390584019322,552.0876570980452,154692
2013-05-23,557.0853881835938,561.3858500398624,544.3389367191212,544.3389367191212,298532
2013-05-24,566.5193481445312,570.0256075138494,558.7126265195348,561.7733320633067,282114
2013-05-27,578.0066528320312,580.9123769591844,567.1198825610351,567.1198825610351,135092
2013-05-28,571.265380859375,586.530128199333,557.5310099827067,579.4207990763348,656010
2013-05-29,574.6360473632812,579.7888842968948,563.8461333822145,569.1345613311985,155298
2013-05-30,565.3377075195312,576.650689303065,559.255076831017,574.9459882350047,241888
2013-05-31,561.79296875,575.2948966738751,560.7081456812593,565.337915909322,209688
2013-06-03,562.16064453125,570.1804225412752,554.818868676931,565.6475127605961,137608
2013-06-04,559.8363037109375,566.9650245802522,556.3881675373002,556.3881675373002,101988
2013-06-05,572.4276123046875,574.1710466568845,559.4487121272208,559.8361419832646,94592
2013-06-06,566.8098754882812,574.1323091758138,564.5627634212303,574.1323091758138,87760
2013-06-07,562.2188720703125,571.7496375281896,559.46812941897,565.6476170023085,223312
2013-06-10,554.799560546875,566.3643324305433,548.6006827754015,562.2188518383441,82612
2013-06-11,542.885986328125,552.7848362541114,539.3022608162355,550.9251543683096,114206
2013-06-12,528.338134765625,542.4018590278953,521.6743594150436,541.2395693299784,243160
2013-06-13,507.94000244140625,526.9046776191183,506.02219601062257,524.9675280690481,217824
2013-06-14,511.8142395019531,517.1994767634245,509.4702699130164,511.79484909132674,101624
2013-06-17,511.3107604980469,522.6430883969429,503.65901772870694,522.6430883969429,166822
2013-06-18,504.9373474121094,517.586894304662,502.7870928058881,511.58173157032087,226510
2013-06-19,519.9115600585938,521.0932402271429,502.59346162428335,505.01489861418645,420102
2013-06-20,510.051513671875,518.6912202117472,507.92064901164304,518.6912202117472,477696
2013-06-21,504.0849914550781,515.7854018369745,502.30282352222065,507.5331267366827,239436
2013-06-24,498.6415100097656,507.1455746395367,493.79863783024365,507.1455746395367,152176
2013-06-25,486.8637390136719,502.477133866733,485.97263142554516,497.1693637459678,188712
2013-06-26,504.4336853027344,507.33940929641375,485.52708893305356,487.5804861393942,258002
2013-06-27,517.9161987304688,524.889935442493,506.75820107375847,507.7267756170952,532494
2013-06-28,525.70361328125,530.3140383089224,518.3811790953807,518.3811790953807,396142
2013-07-01,522.7785034179688,526.1297813662629,517.6257143478103,518.3811837025478,436836
2013-07-02,521.79052734375,528.5705495426362,519.9308451945828,521.189992174376,144696
2013-07-03,511.71746826171875,522.9335457695263,508.094960596837,519.5435338965992,111202
2013-07-04,525.6260375976562,526.7108600518297,515.2816799330147,518.4392425432202,158742
2013-07-05,537.7138061523438,541.2587981312506,526.9045057304619,526.9045057304619,324294
2013-07-08,546.6441650390625,549.0462586482948,538.5275280481848,540.0772475533594,328496
2013-07-09,548.77490234375,553.0366299965958,546.6634289241283,548.9492741239351,130908
2013-07-10,542.5181274414062,553.036811770579,541.2395898078485,553.036811770579,85080
2013-07-11,549.4143676757812,554.0247932461484,545.2301528582494,548.7750988402204,192402
2013-07-12,546.2567749023438,557.2404505292681,543.5641559836922,554.0247634046186,128928
2013-07-15,563.8653564453125,569.5024318197272,544.7263143212361,549.7629018647468,131896
2013-07-16,566.8098754882812,572.5825897623121,561.7732873944004,564.8339926948031,122038
2013-07-17,582.0551147460938,590.4429788585607,565.2600434085565,567.58462206548,334906
2013-07-18,587.28564453125,590.0363875502164,577.5224293025068,584.2249386536569,156024
2013-07-19,580.0018310546875,587.9247519576667,576.127532853978,585.0384187156099,216534
2013-07-22,580.1763916015625,583.4695464119887,576.0889864193776,580.0795341071382,124452
2013-07-23,576.5924682617188,580.7767295156449,574.0935646726988,577.2704704921625,154660
2013-07-24,577.2318115234375,578.8202646383392,569.6381950203871,576.1276457785478,169734
2013-07-25,561.9089965820312,578.3166448650974,559.8362558892078,578.0454628281648,123384
2013-07-26,559.2550048828125,576.1082038522634,550.9252628634288,576.1082038522634,96372
2013-07-29,545.443115234375,563.7104424679317,534.6532031654609,563.7104424679317,278248
2013-07-30,520.0470581054688,555.1869233080535,517.6062313604741,552.4361810881519,185796
2013-07-31,533.0647583007812,538.4887763862444,514.1581620568363,533.8783515548638,230012
2013-08-01,511.8531494140625,532.6968548527733,509.470445476478,523.4179253526402,259244
2013-08-02,502.49658203125,517.1801847505772,495.9102737085582,516.037238165426,190534
2013-08-05,501.06304931640625,509.0828283802658,491.2804454985967,509.0828283802658,176270
2013-08-06,489.3433837890625,503.63951013111034,482.69895114236823,503.63951013111034,327304
2013-08-07,486.7669677734375,493.43074357341754,471.153522860989,489.32399582256045,164618
2013-08-08,502.0508117675781,505.59580329539455,487.4059961862576,488.16146525072577,318842
2013-08-12,514.4683837890625,519.1562780349649,502.1093554726228,502.1093554726228,91194
2013-08-13,524.7932739257812,528.7450406205611,515.4561740069585,518.7687190994184,114242
2013-08-14,523.6115112304688,527.9894880294867,519.1560673687222,527.9894880294867,57996
2013-08-16,511.5623474121094,526.9045589341017,504.53048667053963,524.1925501748821,113386
2013-08-19,497.73114013671875,505.59598549522997,495.9102386466623,504.8211257473445,79726
2013-08-20,490.137451171875,500.5593226897076,488.60712231486946,495.910164893828,146570
2013-08-21,491.861572265625,499.0096338958058,489.5950698667896,498.23477421584334,131392
2013-08-22,483.3963928222656,493.97325075593193,473.6525661423155,492.2492061707741,229812
2013-08-23,479.6575927734375,486.61194036031566,476.6162303112354,482.3696019951908,218974
2013-08-26,474.96954345703125,484.229125117529,473.8653779879414,480.41295105378066,394736
2013-08-27,469.95263671875,474.9892272194456,464.91604621805436,474.96983680003746,279004
2013-08-28,472.3739318847656,473.24564920831756,461.04160667859014,469.95249487489906,172398
2013-08-29,475.066650390625,480.02577334263805,469.6232872289411,469.6232872289411,152012
2013-08-30,466.19451904296875,477.70117065962603,461.04168133410786,476.15145072236857,332516
2013-09-02,484.8491516113281,487.3287125434647,464.91590126218824,466.07819101534375,153134
2013-09-03,465.67132568359375,490.1375320819354,461.83580770378313,487.7742192709722,337208
2013-09-04,469.9718933105469,472.76136987605094,466.4656335429341,471.482832195541,227580
2013-09-05,477.2943420410156,479.59957878421636,472.27714274800553,472.27714274800553,117076
2013-09-06,476.8100280761719,480.3937551702576,472.6645464631943,477.7011358927202,102760
2013-09-10,480.58746337890625,488.1617378317903,478.45659865027545,488.1617378317903,193512
2013-09-11,475.18280029296875,484.3067938919778,470.35931667180097,482.3502538644485,253276
2013-09-12,472.2383728027344,480.41313524206606,470.7661200837082,480.41313524206606,202718
2013-09-13,468.42193603515625,478.0108218948501,466.54286400145327,472.2962333522043,305120
2013-09-16,467.4342956542969,475.93836524872006,464.1411406496872,472.664600661618,500382
2013-09-17,470.9984130859375,473.4392398685252,467.2403627507703,468.790082030209,103370
2013-09-18,471.3471374511719,474.601557590529,467.99585985108195,471.88954869001174,199250
2013-09-19,488.1810607910156,491.91972146333006,474.60162397927604,474.60162397927604,439930
2013-09-20,500.96630859375,503.65892779022766,483.9000006230726,489.7114497898829,482708
2013-09-23,489.4983825683594,509.08298670496805,486.6120481746118,501.1019386856846,351826
2013-09-24,493.8956604003906,496.6851367909451,485.1009732058037,488.16167890529704,205234
2013-09-25,479.54132080078125,498.38979340389966,475.1052677140793,493.58565356509416,594072
2013-09-26,471.79266357421875,483.7835975925895,468.07334675883226,479.65750784217835,1255010
2013-09-27,478.321044921875,484.2100090073,472.66457665993033,474.0011911764482,631028
2013-09-30,480.3744812011719,485.4110713557421,474.6017645652701,479.2509247079503,235964
2013-10-01,488.33599853515625,490.4862533976214,478.4759264976796,482.35022549766086,310432
2013-10-03,488.801025390625,493.33393706911426,483.5319873190084,491.9585890679233,194112
2013-10-04,497.0143737792969,499.28082894381515,488.2197350988409,489.7113305631011,246658
2013-10-07,502.5933837890625,503.271386041235,492.6170649356662,500.5206435054431,171402
2013-10-08,495.1162109375,503.6590624136137,492.8691450352635,497.46018164544614,128084
2013-10-09,494.728759765625,497.8475904364247,490.098989807064,495.11618979709306,156656
2013-10-10,491.9196472167969,495.91019347236744,489.96315490782183,495.13533379506686,132038
2013-10-11,488.2973937988281,496.70465322252727,481.8660652212486,492.132960279229,299380
2013-10-14,475.8025207519531,489.110724722692,474.98892764294754,488.8395427842488,420318
2013-10-15,481.3431091308594,482.9896868623521,473.51699365436366,476.19027048894037,230464
2013-10-17,489.7889099121094,492.0360224755381,480.43251472124996,481.2267177198958,237088
2013-10-18,493.1789245605469,495.52289462146456,486.0308610653849,486.0308610653849,211052
2013-10-21,489.3433837890625,497.8474516923223,485.06226421695527,494.36058238085855,256090
2013-10-22,497.2856750488281,500.1720089327067,486.30199937248034,488.2779297291647,237774
2013-10-23,497.2276611328125,500.59828314533434,488.9366498462517,499.7846896209704,149830
2013-10-24,495.1934509277344,501.33420432725717,493.7793225773487,497.769868778106,207014
2013-10-25,495.5614929199219,508.3466774860197,493.1981803831067,497.76987135754746,611506
2013-10-28,476.53875732421875,484.28735500428735,472.0639232465043,480.413056164253,860794
2013-10-29,480.8586120605469,482.3308172498882,475.3764697195506,477.6816586218241,209618
2013-10-30,480.87799072265625,485.5078065748613,479.4445189571898,481.9628134001973,313566
2013-10-31,480.0448913574219,483.5898360355571,478.4757818194106,481.26525733845875,185884
2013-11-01,483.57073974609375,487.25132456180495,474.6017262364369,474.6017262364369,270552
2013-11-05,481.96270751953125,491.64845324942536,480.85854196505943,488.93644444505503,123026
2013-11-06,484.36285400390625,485.4750662921007,482.548166776674,483.8555056992302,279798
2013-11-07,481.82635498046875,485.47521463028465,480.0116671987541,483.19224183835144,127954
2013-11-08,483.6410827636719,485.8655082037196,480.01170690006035,480.01170690006035,187330
2013-11-11,482.2164306640625,486.9580171081762,480.49930686212673,482.62616798742084,122038
2013-11-12,480.6750793457031,485.47521507745324,480.01166764089027,480.01166764089027,76204
2013-11-13,483.3092346191406,486.2946822271604,480.0116129190601,485.47515973277297,170302
2013-11-14,487.71905517578125,495.23143110067326,483.13357896188614,483.52383225668575,238436
2013-11-18,491.7191467285156,493.0070016443316,487.81661381797187,487.81661381797187,126436
2013-11-19,489.3580017089844,496.265512223104,487.07502992043305,495.30936325980844,147424
2013-11-20,491.5044250488281,497.57288199833795,485.5725948442604,487.9336460063316,149102
2013-11-21,489.2801513671875,495.6217684836117,487.0557262647663,487.0557262647663,108342
2013-11-22,487.27032470703125,496.4608101817421,485.8654221705932,485.88495389348964,97294
2013-11-25,486.66546630859375,491.23141151520275,485.8264120661214,487.81669465263434,55806
2013-11-26,486.2751159667969,489.7678637485523,483.93359629947315,486.645837525454,76472
2013-11-27,488.61669921875,493.06554905493084,485.86539419627616,493.06554905493084,83472
2013-11-28,483.0165100097656,489.2215472599319,482.0408767200647,488.55813567827306,301154
2013-11-29,492.8899230957031,494.841189616272,485.0263094901419,487.81663014222397,134596
2013-12-02,501.8851318359375,503.4266128742909,494.4507895439741,495.3093275028468,220340
2013-12-03,497.1825866699219,506.93891686360166,496.2069536505539,503.66078039085903,221032
2013-12-04,496.9289245605469,503.38763436010555,496.01183902785493,497.18259867937627,104892
2013-12-05,490.66546630859375,503.3877136650873,488.30441491739356,503.3877136650873,161200
2013-12-06,497.8460998535156,499.3680972025717,491.05573076107305,491.05573076107305,282380
2013-12-09,502.40521240234375,507.0035979370949,495.40932961217686,501.50123330832025,401498
2013-12-10,500.9509582519531,503.0733083669883,497.1779180345626,497.6102370635786,98672
2013-12-11,500.2829895019531,503.8398473276541,497.1780733614849,498.1606387238594,166474
2013-12-12,499.3197021484375,502.38532315460947,497.76726913773746,499.92891144350733,72954
2013-12-13,496.706298828125,499.06445492705234,494.6429122415635,495.6058067912354,67916
2013-12-16,496.3133544921875,499.3199656316847,491.83284757148635,495.21286227418494,66626
2013-12-17,496.8047180175781,498.7501782455367,492.97271310198005,496.8636335578971,171522
2013-12-18,509.91204833984375,514.5497273209688,494.36784760730717,496.3133554991357,309026
2013-12-19,510.9927978515625,517.6938628160194,505.86378901599494,515.2178276356291,243098
2013-12-20,511.189453125,514.9624944333254,503.2306738750287,510.9929400570994,191342
2013-12-23,514.9033203125,521.7026888715185,507.49479027824225,511.18924403903605,408208
2013-12-24,511.6806640625,520.7595569313743,509.75482667169234,516.829296124345,242552
2013-12-26,509.6172790527344,518.73546496856,507.8093686700744,512.2505346126069,261198
2013-12-27,513.7637939453125,516.6329041977733,509.04747987123625,511.6414909934404,122732
2013-12-30,532.4127197265625,535.6944774730198,513.2723233301051,516.8095575907487,452774
2013-12-31,531.90185546875,538.0527234438774,529.0524162832364,538.0134304297858,239516
2014-01-01,534.8693237304688,538.0331556092174,529.0918102520467,535.6946690911498,123440
2014-01-02,526.34033203125,544.3409396971541,522.7245124889638,534.5152909661585,233590
2014-01-03,532.1376342773438,534.9084872927681,523.5893171585946,528.2270440275388,125030
2014-01-06,531.1746826171875,539.2317162787874,527.7357048347973,535.8124089887351,334994
2014-01-07,527.0480346679688,539.2318445670792,524.6505848960888,534.5548240749595,118508
2014-01-08,525.2401123046875,533.7097963391471,522.7247355607602,527.441048964316,207262
2014-01-09,518.7748413085938,527.1659878923795,515.4341190734756,524.2772073429061,243328
2014-01-10,519.75732421875,522.7246903358191,514.8641686766339,516.8685921043627,95766
2014-01-13,519.6000366210938,524.689704072876,515.9645461621618,518.8336071436677,57602
2014-01-14,517.7136840820312,523.530490157873,516.043322983266,519.9735843921255,41586
2014-01-15,515.6893920898438,519.4624319999914,509.7940022374864,518.2833540295198,271458
2014-01-16,515.3948974609375,518.7159976350147,508.96892869021485,516.2595838865099,70740
2014-01-17,518.8336181640625,523.5106372059333,510.9338050808659,510.9338050808659,157640
2014-01-20,520.3666381835938,523.3340048956885,515.0607849996976,515.0607849996976,75712
2014-01-21,514.9819946289062,528.600307349447,512.6827541133588,521.0542272282466,215078
2014-01-22,518.892822265625,521.0741367894938,506.3356548088379,518.7945657190872,196008
2014-01-23,519.2464599609375,522.6068044486034,515.2965283256164,515.2965283256164,173002
2014-01-24,518.892822265625,522.7248275805955,509.49948682125444,518.7945657190872,177180
2014-01-27,514.2745361328125,517.0453887050691,507.0035549188599,510.97310804030485,206322
2014-01-28,514.0189819335938,514.785411326381,509.4205974840734,509.4205974840734,92808
2014-01-29,516.2985229492188,517.1828312924199,511.0909293725898,511.0909293725898,99340
2014-01-30,508.6936950683594,516.8293160620306,502.2873505150381,507.78971585714334,272312
2014-01-31,510.8551330566406,512.9381417405484,503.07320029879895,509.36161530253395,179454
2014-02-03,515.6305541992188,526.2619290134054,495.9989203994903,495.9989203994903,171620
2014-02-04,518.6567993164062,522.6853160402653,507.4751802089751,512.8989585010896,118886
2014-02-05,519.2464599609375,520.7596009040493,514.5301465942593,516.593533692181,41324
2014-02-06,520.0322265625,522.0366490470508,514.0778746121155,517.2613747907308,120520
2014-02-07,512.9579467773438,525.633036593931,507.51454570728794,520.7202110836258,339234
2014-02-10,514.9033203125,515.7090427520659,508.69353869285425,510.9337675598954,97644
2014-02-11,518.0672607421875,518.7157632741593,511.7198808884929,511.9163938995868,55138
2014-02-12,520.8577880859375,522.7049913845564,514.1173815347747,522.7049913845564,128552
2014-02-13,516.08251953125,522.8229261828321,512.9383109919057,517.4777812613099,100768
2014-02-14,521.0543212890625,523.510734268928,511.4448529025552,515.5126632018493,50398
2014-02-17,520.5040283203125,521.7617404388495,517.2222704700631,518.7943746356257,84062
2014-02-18,515.2964477539062,522.272660184651,514.2745896129344,517.2222850062068,40516
2014-02-19,518.990966796875,519.9735320501823,512.5060361250473,515.8664284820857,78346
2014-02-20,514.7264404296875,519.5803012736081,513.6849120761012,513.9207180486414,78050
2014-02-21,514.4908447265625,518.7158753781879,513.0955828555304,515.2965194600829,72952
2014-02-24,515.1195678710938,518.401325575623,513.2919872644152,518.401325575623,88994
2014-02-25,516.7702026367188,521.0934884370404,514.9426222257674,515.6893811866383,133324
2014-02-26,515.90576171875,521.1329804877861,513.8619970464403,517.6154157974316,153658
2014-02-28,516.2593994140625,520.7595286025819,515.2571637720641,520.7595286025819,37726
2014-03-03,518.1065063476562,519.9144162889531,514.942627967783,515.296360950751,41588
2014-03-04,516.4953002929688,519.6788023626733,515.0804158149692,516.0433106463906,77832
2014-03-05,517.2025756835938,521.6830819403541,514.903383044817,517.2222461754641,112926
2014-03-06,520.4647216796875,521.466957249708,516.8292308920438,517.2025864308614,41062
2014-03-07,525.3187255859375,536.5592635187677,521.4081347100397,522.7247626747957,314616
2014-03-10,518.1459350585938,525.0435621142102,512.8990463635713,524.6898290385959,82580
2014-03-11,521.5848388671875,524.4342776068104,516.8292334626274,518.7157776119984,87540
2014-03-12,518.5191040039062,522.7244620643826,516.8290733944835,520.7593325077495,93232
2014-03-13,516.3380126953125,523.039126551276,514.0977832296255,519.0891952558204,91626
2014-03-14,514.392578125,517.929813019872,512.6435831964443,514.0781380547284,73626
2014-03-18,518.6567993164062,520.7594789378879,514.0780365666094,514.4710625884493,62828
2014-03-19,520.975830078125,522.2531650601204,518.0084634676826,518.4014896159889,96564
2014-03-20,532.1376342773438,534.1224351439175,521.1525746878842,521.9386268367348,187426
2014-03-21,524.532470703125,541.1967820852803,519.5803528807122,534.5153403311411,345030
2014-03-24,530.6048583984375,533.3560408542384,528.2270315137695,530.9782139695703,64404
2014-03-25,527.9126586914062,536.4413541764582,526.0654551408853,530.5852554652187,117096
2014-03-26,535.5568237304688,536.4804251234162,527.4408282165748,527.8338541690462,142506
2014-03-27,534.0240478515625,546.7777216527696,530.76191304195,538.4455901060833,296442
2014-03-28,536.4413452148438,540.0178732076821,531.0765292371764,535.3015599045582,80104
2014-03-31,539.4281616210938,544.7340123911373,536.8734927318135,539.3299051253522,124946
2014-04-01,534.7205810546875,543.9583087392508,529.3995054141939,543.9583087392508,112802
2014-04-02,531.1995239257812,541.6637131154728,530.3093779718845,535.3733387159007,159538
2014-04-03,551.9692993164062,553.8287432850267,530.9223233991963,530.9223233991963,366090
2014-04-04,550.1693725585938,557.4289953086343,544.1757154343694,553.8684126558467,138618
2014-04-07,549.0220947265625,554.9168471065196,540.8723258578848,550.4265661688243,116068
2014-04-09,553.0770874023438,557.3893576137488,543.6217541464249,546.549353538153,158118
2014-04-10,558.1211547851562,559.7629881492272,547.8943830501277,553.8484376320894,246268
2014-04-11,561.8796997070312,565.7369974166905,554.5805248969186,554.5805248969186,203558
2014-04-15,552.8002319335938,564.1545145571441,549.5561166886573,560.2576644904651,125252
2014-04-16,547.8946533203125,559.4071962867497,544.3736224119997,559.4071962867497,94504
2014-04-17,557.3497924804688,558.8135679960558,546.6086937094937,546.6086937094937,104088
2014-04-21,562.1171875,565.1436929592874,552.2860310613687,552.2860310613687,120854
2014-04-22,570.1283569335938,572.858146433723,559.8026776268772,561.3851586943737,160484
2014-04-23,583.8760375976562,591.4521737630832,567.1808851874212,573.6492655227229,323418
2014-04-24,583.8760375976562,583.8760375976562,583.8760375976562,583.8760375976562,0
2014-04-25,586.44775390625,593.0348416931619,579.6035515539334,593.0348416931619,180228
2014-04-28,583.302490234375,593.0347384583159,579.5638499984893,580.5925012550206,84362
2014-04-29,577.9814453125,585.3597734046477,573.6494224397486,581.5618282665038,59108
2014-04-30,567.5964965820312,579.6431652104192,561.7808967569473,574.8759206775818,109648
2014-05-02,568.7832641601562,572.7394670082995,566.6073525936774,567.7151087085542,45320
2014-05-05,568.0712280273438,573.2340442352497,567.5173499197859,568.78331562835,64414
2014-05-06,563.303955078125,571.6713340904662,562.9478871490585,569.693232588423,40204
2014-05-07,560.712646484375,569.6932075922168,556.6179379200128,560.2972258697757,82218
2014-05-08,557.6663208007812,564.7874856335499,555.4508569559512,556.5783650624415,48874
2014-05-09,560.9500122070312,564.7084049175251,553.9079518110251,553.9079518110251,148088
2014-05-12,560.5742797851562,567.7152469827237,555.8466355475448,555.8466355475448,140928
2014-05-13,556.4793090820312,567.6951309932915,553.4726055156239,557.9035320036477,113728
2014-05-14,558.932373046875,564.1347413002053,553.9475186865769,556.4794982375948,67340
2014-05-15,553.0178833007812,561.7215307916483,549.417747860986,558.9324363672652,103692
2014-05-16,552.503662109375,561.1084053915528,541.2086809204252,555.8466350096472,106764
2014-05-19,529.1817016601562,554.7387632867432,526.9662376470656,552.5035472348218,134084
2014-05-20,538.8546142578125,542.1975862602992,524.4540266057726,529.7553479433383,146418
2014-05-21,540.0811767578125,551.8904355589209,536.481040922903,539.4481938022521,188098
2014-05-22,539.0524291992188,549.9121865147944,536.0654767824075,541.9997809534304,143190
2014-05-23,541.7228393554688,555.8464632684532,524.5133581083671,540.1205579909293,432964
2014-05-26,526.8275756835938,545.9558000333122,524.6516648863595,541.9995985837955,319680
2014-05-27,524.9487915039062,530.1314098067472,524.1971029805524,526.2147576427561,69864
2014-05-28,538.4788818359375,540.021810954508,526.1750978531104,526.1750978531104,255036
2014-05-29,539.7645874023438,542.7119878359895,532.8214795891862,534.9182383614101,233556
2014-05-30,548.666015625,553.0771917270152,540.9316675637126,541.9602707079395,380116
2014-06-02,550.1099853515625,553.8288255476964,546.1537826521626,548.6659617075835,116332
2014-06-03,555.5696411132812,557.0334169967975,546.6681838104205,550.7034918036521,133774
2014-06-04,550.8419189453125,557.8246269484367,547.2022314769472,551.9298747780133,272716
2014-06-05,553.6707153320312,555.4510070212018,546.3912907665001,546.3912907665001,135588
2014-06-06,558.635498046875,561.7806591805293,548.764745516876,548.764745516876,124430
2014-06-09,564.2337036132812,571.1966601583167,560.9896361770474,560.9896361770474,170084
2014-06-10,575.1527099609375,583.539839523474,562.5719673236475,565.7369291651308,278490
2014-06-11,574.5595092773438,579.5838688916305,569.4164442291586,577.6057669500209,123406
2014-06-12,587.4960327148438,589.4741338350957,572.0470436482818,573.6888772367879,197466
2014-06-13,601.1846313476562,610.8377768582607,583.5597749875911,587.4961778720965,342724
2014-06-16,595.1910400390625,607.277261532235,589.5138974482595,605.2991597031398,149132
2014-06-17,597.4261474609375,600.9471774483319,593.410592146479,594.2216330002598,70638
2014-06-18,602.76708984375,607.2771710004325,595.4085617952123,597.3866633294158,148710
2014-06-19,623.517333984375,627.4141839110138,595.4480473859838,595.4480473859838,282886
2014-06-20,615.1104125976562,630.9945277383998,613.2509683601671,629.036226727305,235588
2014-06-23,601.1648559570312,621.0843287272129,595.6657240389194,621.0843287272129,184902
2014-06-24,602.8462524414062,609.2552821964645,600.9472556210582,600.9472556210582,71160
2014-06-25,606.842041015625,612.0048574070261,602.6880275015448,602.6880275015448,62774
2014-06-26,606.9802856445312,612.5189683879064,601.7383180481226,608.8594815753193,186306
2014-06-27,599.4835205078125,611.5696929184799,597.9207911887436,607.3563266388616,66868
2014-06-30,596.8130493164062,606.7233092942547,595.408577871802,602.1341232696894,45948
2014-07-01,605.47705078125,608.0485826546476,595.4085337635752,597.4261875747733,66628
2014-07-02,639.025634765625,644.7819289543038,605.1011969503318,607.2771084137033,568886
2014-07-03,636.0387573242188,644.4654893009852,627.0581955445435,637.34432367335,158696
2014-07-04,659.0638427734375,661.4771168544594,635.6628932451571,635.7617983164571,327740
2014-07-07,658.233154296875,662.9409978031115,646.2853908115914,660.646428760891,159686
2014-07-08,633.6453247070312,668.5983719487281,625.4757550597272,660.4881550108885,178450
2014-07-09,619.4425048828125,640.904906856239,615.1895865194147,631.0143990343835,131818
2014-07-10,607.4550170898438,624.6644957988311,598.9887834402075,619.7390436236515,214892
2014-07-11,608.285888671875,627.7503841814727,604.9033164729616,607.2770377933264,168242
2014-07-14,625.6932983398438,628.8384603750617,603.2022458816317,614.7939398696733,191592
2014-07-15,639.6983642578125,642.6853174915336,625.0802103026305,629.3924821716469,158448
2014-07-16,635.48486328125,642.8829430624805,628.363698373481,640.1136011539037,287614
2014-07-17,659.0638427734375,661.8727371396594,635.2277205901354,638.9267605980573,204314
2014-07-18,658.2133178710938,664.0289173502119,648.8173351216191,660.2903245841355,135570
2014-07-21,652.5953369140625,658.70764984296,650.7952456406422,658.70764984296,101328
2014-07-22,649.1930541992188,659.89460167934,644.8610316171008,652.7734369130162,276588
2014-07-23,663.158447265625,672.1588079965977,652.6151578935023,656.4527033131305,209992
2014-07-24,658.2133178710938,668.5192466884425,655.5626810023249,663.4948395684148,49788
2014-07-25,647.6898193359375,672.5545468963168,638.9268195515009,657.9165949932793,441072
2014-07-28,629.1748046875,641.6961982390895,625.8713844724042,633.2299132152131,190878
2014-07-30,626.1284790039062,636.9486845769968,619.1457710329192,629.075830928806,112714
2014-07-31,619.6204833984375,629.0758180570775,615.3873655819696,626.2669236362956,116912
2014-08-01,612.7169189453125,628.4230250078214,609.3343461770796,619.6204736299145,121914
2014-08-04,614.4379272460938,621.1041201737349,609.5915781848075,612.4598255884259,164566
2014-08-05,609.9873046875,620.5107976792569,608.4641758046874,616.7326518316058,150324
2014-08-06,603.4989013671875,613.607018244969,601.9164203401212,604.6462097705083,288060
2014-08-07,603.6965942382812,610.3825849376998,597.6040821022283,597.6040821022283,216980
2014-08-08,589.4347534179688,604.5078786926391,587.5753088464145,600.0571498737306,257118
2014-08-11,585.1027221679688,596.5757128052965,583.5400410364921,590.6612076389713,164406
2014-08-12,583.025634765625,593.4304682937739,580.6519128924499,591.2545565766967,279130
2014-08-13,579.6430053710938,585.7751191024811,577.8429139583565,584.7465161352683,313372
2014-08-14,573.2340698242188,585.5181006450151,572.1461138939661,579.9992162434969,749916
2014-08-18,573.7877807617188,579.267111191499,570.0887413354147,573.2339027908292,602950
2014-08-19,588.0302124023438,595.3096354468015,574.4406650066495,577.5858270162515,1069266
2014-08-20,583.797119140625,595.0129452517988,581.0871296803248,587.4961593742827,836632
2014-08-21,591.6700439453125,598.5735998542551,581.9377445329742,581.9377445329742,421194
2014-08-22,594.8150024414062,601.342736089749,591.8478507830687,600.5514956475256,538932
2014-08-25,594.3206176757812,602.5297392046696,589.9687942146838,597.9801055862496,315076
2014-08-26,596.9116821289062,600.9469882096328,593.450005929542,595.2698489013702,483252
2014-08-27,608.9585571289062,614.398336346397,595.8832866741947,595.8832866741947,744644
2014-08-28,607.7124633789062,617.0886954739406,605.5167992195626,609.8488231153384,670920
2014-09-01,612.5786743164062,615.9810003048605,609.3543582013881,609.3543582013881,281312
2014-09-02,610.5211791992188,616.356578161194,607.7716376497857,613.4092264774566,298368
2014-09-03,609.8883056640625,613.2115261742873,605.3782241354357,613.2115261742873,276784
2014-09-04,606.4464721679688,610.7389435049142,602.1342004952094,609.8883500544499,320020
2014-09-05,615.28857421875,619.0667680314339,605.2991599772946,606.0904007092911,426982
2014-09-08,628.3637084960938,630.7769825394606,615.5851541661228,618.7501163983394,607132
2014-09-09,621.2426147460938,632.2012784149874,619.2645131240193,627.8494548464237,340996
2014-09-10,619.7788696289062,625.4362603070967,617.6029575670641,621.1239885622001,299138
2014-09-11,629.13525390625,632.5969319264856,618.7502198455431,618.7502198455431,371012
2014-09-12,634.9507446289062,638.7289375938849,624.6844177520868,631.0143421878267,188764
2014-09-15,634.8124389648438,639.9950561769949,629.0363911949617,633.1310523846057,133030
2014-09-16,652.2396240234375,664.20714189232,637.4038580702772,638.3137560726324,619142
2014-09-17,638.1553344726562,656.7296879561886,625.1591691816204,654.751586486441,293304
2014-09-18,650.2613525390625,656.3143144953831,638.9466209776855,640.509301933689,287504
2014-09-19,643.7532958984375,657.5209008657299,642.8829506057829,652.7734575381796,241722
2014-09-22,655.5429077148438,656.729768742692,644.8611584642097,644.8611584642097,190674
2014-09-23,641.696044921875,655.9383739090435,640.2124689857116,655.9383739090435,267732
2014-09-24,653.228515625,655.5428848900222,640.509312394053,646.0479969978311,257440
2014-09-25,647.5511474609375,662.6638194284203,643.139972675897,656.3338963771638,464678
2014-09-26,648.4810791015625,652.7339976852862,640.9049400588341,647.5513809768433,142722
2014-09-29,662.2962036132812,664.3237529377221,644.9824203229634,644.9824203229634,212558
2014-09-30,692.7694091796875,697.0829330186951,665.1190434025431,666.3117254887401,706906
2014-10-01,689.886962890625,703.2847363645712,686.9847509541996,695.3335239692681,460858
2014-10-07,690.0459594726562,694.5384139607876,682.9694094446144,687.0245084196524,201906
2014-10-08,683.4664306640625,691.6164243409603,681.8165441892536,691.6164243409603,160344
2014-10-09,687.3623046875,694.8961063507109,683.8041571192775,683.8041571192775,179464
2014-10-10,677.343994140625,688.5750831117022,673.0702169215426,683.8043550531916,125092
2014-10-13,675.2965698242188,682.194238002788,673.4678003793192,677.8409679142499,161356
2014-10-14,676.3699951171875,684.5994816693633,673.9647336236865,673.9647336236865,189172
2014-10-15,676.3699951171875,676.3699951171875,676.3699951171875,676.3699951171875,0
2014-10-16,677.1847534179688,694.1407205885863,671.1219550279482,671.8773297793304,291504
2014-10-17,674.3223266601562,687.3821808293009,673.2687815121001,677.8407277697848,403622
2014-10-20,675.01806640625,683.7445010518139,673.0700100084857,682.9692773927649,221052
2014-10-21,678.3577880859375,682.1346144367557,675.8332390166329,676.7079016055617,180446
2014-10-22,682.8303833007812,690.1653586275077,679.0535567414718,679.8088832290474,258062
2014-10-27,684.877685546875,691.7356064910574,681.8164880737861,685.5734166571543,140924
2014-10-28,673.6663818359375,687.958664829821,673.0700409845041,683.4066157426831,205468
2014-10-29,670.2276000976562,681.836399988041,667.921777487148,674.0640700075443,223502
2014-10-30,671.6588134765625,675.4555370551997,666.0134717196723,668.7169035226169,143520
2014-10-31,672.0365600585938,681.8562891046317,668.9753138096933,675.8531327492243,244094
2014-11-03,673.1497802734375,679.6896831247201,669.88980183688,672.3149124816714,212850
2014-11-05,682.790283203125,697.8180899970504,676.647992693337,676.647992693337,563088
2014-11-07,707.8369140625,715.6092449966906,684.6989012197502,686.9848751968229,661084
2014-11-10,746.3404541015625,749.5010411219519,707.9559628579317,709.5263076481193,1007226
2014-11-11,738.4291381835938,754.9676510061469,732.5452213333854,747.3941014456824,240212
2014-11-12,751.19091796875,754.5701838077204,734.6921494608362,738.2701956432753,274928
2014-11-13,790.1915893554688,799.0969581976732,748.6067523812033,748.6067523812033,894048
2014-11-14,788.7005615234375,814.6016434958585,775.7400960816466,797.1089776521212,769248
2014-11-17,772.5398559570312,797.0892267392701,769.2798779535558,793.9286389009048,468642
2014-11-18,777.012451171875,787.8857745879751,774.6270870932318,776.4360075983454,434462
2014-11-19,770.1743774414062,776.7341282364937,764.2308650725441,773.8915598525518,291886
2014-11-20,765.0260620117188,774.8258942834566,759.3409246818007,769.2799420205678,177156
2014-11-21,752.6618041992188,779.1791287087666,750.2168450226507,767.2523091924235,518296
2014-11-24,767.4111938476562,770.0748302759157,753.277896058488,753.4766763450848,532770
2014-11-25,754.6892700195312,768.8821633433594,751.230463848022,765.34386446782,302774
2014-11-26,742.0073852539062,753.8944612527782,739.4629867761305,748.0105428060697,334818
2014-11-27,745.8038940429688,750.773402248512,736.8786767179545,736.8786767179545,405694
2014-11-28,739.9398803710938,752.7016163708777,736.004068664615,751.3896467818154,325620
2014-12-01,760.17578125,765.0657971208846,736.67995431285,737.4750756882552,947820
2014-12-02,758.823974609375,770.989369024927,755.385113895601,765.2445886552827,392180
2014-12-03,761.2489624023438,769.3194124687545,756.7565087642887,758.1479706926706,348400
2014-12-04,762.322509765625,770.7706731724148,757.3927482362988,757.3927482362988,312526
2014-12-05,760.6328735351562,769.2798172170534,757.4324910591416,762.5212865231567,410836
2014-12-08,742.8023071289062,765.7017902142915,738.2701061411938,761.3286231881455,219280
2014-12-09,719.1473388671875,747.2747497457044,712.3092678110237,745.0285227751322,272962
2014-12-10,731.6310424804688,740.4966177824125,720.7378685989507,723.560540120822,323980
2014-12-11,726.9794311523438,729.5238291453522,718.0144671658006,728.4305373033088,359256
2014-12-12,716.9210205078125,731.4717281755037,716.0265091938518,724.6734518954715,236658
2014-12-15,704.6415405273438,719.21716350065,696.3753360589067,713.6863744162398,357144
2014-12-16,686.0726928710938,708.4153095443841,682.8580492226024,698.2323386349242,381026
2014-12-17,699.7695922851562,705.1805617124993,679.4835509516926,685.0542142209844,622222
2014-12-18,704.5018920898438,712.3088565899358,696.0160823056609,710.7714372724763,291522
2014-12-19,712.6482543945312,726.3852922098331,705.4203511207643,705.4203511207643,351072
2014-12-22,710.2122192382812,719.9559333167629,704.8212352856713,710.0524766311062,290654
2014-12-23,714.24560546875,722.5517352192868,706.818035858206,711.6100225419905,304288
2014-12-24,699.7097778320312,721.1738810203224,694.8379450721199,720.7945349742394,272080
2014-12-26,704.402099609375,708.4154082018352,699.2307664945962,701.3272607973355,100406
2014-12-29,711.4503784179688,714.8047793104247,708.2757062990074,710.811456520981,99096
2014-12-30,709.713134765625,714.2655314815113,706.5783868230568,708.9543938552098,96446
2014-12-31,713.0076904296875,716.8013465815117,709.3537908078191,710.4120309573867,145008
2015-01-01,721.1340942382812,724.54840428658,713.2073592612118,713.2073592612118,76018
2015-01-02,736.3286743164062,737.8860796901173,722.0325616502911,722.0325616502911,293080
2015-01-05,730.0391235351562,742.7578435257798,728.0624000261982,737.087346154493,152542
2015-01-06,734.8310546875,742.7577879982691,722.7911807940146,732.7744843961418,469194
2015-01-07,748.4880981445312,749.1270197434827,727.3834067963015,737.3667091130226,361366
2015-01-08,768.6747436523438,773.0873362598608,750.7447138748391,758.2521805122348,617600
2015-01-09,766.7977294921875,778.0988511137565,761.1272313178445,769.4932220480089,524984
2015-01-12,769.4532470703125,776.4615467449859,764.8210032559897,769.8925027451298,200258
2015-01-13,774.5848388671875,778.697981034891,770.6714115950857,771.3103335225086,696658
2015-01-14,774.185302734375,784.2085797716082,767.1171424199856,777.1004472406518,234866
2015-01-15,777.6595458984375,781.8924575228352,768.7144947555964,777.499803267089,430548
2015-01-16,782.3317260742188,789.2401928342305,777.120469960284,781.6928042849166,343174
2015-01-19,777.0006103515625,789.4398178459439,774.7044502541597,787.4830803614448,321408
2015-01-20,769.1138916015625,781.8925232377255,765.1205692152615,781.8925232377255,420488
2015-01-21,755.9757080078125,775.4232135934063,747.7893986665092,775.4232135934063,534036
2015-01-22,767.8359985351562,773.9058286731654,759.7095490045887,762.704540601621,679694
2015-01-23,763.8626708984375,775.5431390004564,750.7446164716463,773.7062204328801,840916
2015-01-27,769.2935180664062,775.9024856543855,758.7312005884366,763.862609748358,1077602
2015-01-28,767.6763305664062,770.7112459305928,762.7645243708978,769.5132491752602,520602
2015-01-29,754.2986450195312,765.8193698922357,751.6430759899157,762.7644686400196,261696
2015-01-30,748.9675903320312,765.5198919184255,744.954281885145,756.734582777995,142750
2015-02-02,734.3919067382812,762.3251748133383,730.7779308058717,750.7445409371797,162060
2015-02-03,737.546630859375,748.3485870061057,734.391945290308,740.7213512848745,287020
2015-02-04,727.4834594726562,742.5582505225219,723.669817337557,742.5582505225219,178698
2015-02-05,741.8395385742188,749.1473386147894,719.1974183609999,733.5733800828189,262034
2015-02-06,747.5699462890625,756.4950121860988,742.8378202041064,748.7080334342422,677094
2015-02-09,732.9942016601562,754.7378193376715,730.777888565047,748.7478366445154,272898
2015-02-10,731.9359130859375,745.0938880304973,723.3103483292448,732.7745008580353,247162
2015-02-11,739.0841674804688,740.7413573648097,732.7147886753845,733.9527089340279,223774
2015-02-12,743.89599609375,748.3485599752617,740.7612480011261,746.7113076670065,341652
2015-02-13,762.924072265625,767.6960719575499,741.6796213928801,742.7977221644664,415504
2015-02-16,765.9391479492188,776.7011312720579,758.5315161189069,768.0755654761471,336122
2015-02-18,768.9341430664062,774.3849886406458,761.5265112013321,761.5265112013321,173562
2015-02-19,760.5480346679688,773.8657515763357,753.3200840513758,769.1735990057864,144650
2015-02-20,767.0374755859375,770.9509027465758,753.5400248004568,760.7280059591258,134372
2015-02-23,788.0221557617188,790.3383019281914,769.1337727013367,769.1337727013367,618948
2015-02-24,787.9422607421875,796.667658683207,782.6910330922736,791.8756727663156,261852
2015-02-25,777.320068359375,792.0753727955948,776.4215709614471,792.0753727955948,132078
2015-02-26,770.1519165039062,776.7009730180046,760.328356106057,776.7009730180046,278752
2015-02-27,767.1571655273438,780.6945383717049,764.3219163393571,772.3085612331853,183648
2015-03-02,788.720947265625,792.6743454380369,768.7144156011188,780.8541231344777,243644
2015-03-03,802.0785522460938,809.845542511682,786.7641263872172,789.4196947448712,439098
2015-03-04,791.3765258789062,804.6543204975382,783.6893816260142,801.180150126041,339240
2015-03-05,826.717529296875,828.6143573438065,786.4848080909046,790.6777964051745,711090
2015-03-09,840.933837890625,846.5843500979994,819.3299246762124,822.8839426203724,654388
2015-03-10,833.8456420898438,850.0584716191794,826.9770499564875,841.6924811638986,386924
2015-03-11,842.7905883789062,849.6192078364033,832.6076175171853,832.647589733535,170958
2015-03-12,846.0452270507812,854.1716772835645,841.7923776127882,846.4645454092428,415680
2015-03-13,826.2583618164062,848.580994630818,821.4064166923494,848.580994630818,192314
2015-03-16,813.9188232421875,828.5742946318732,810.2849101826858,828.5742946318732,251674
2015-03-17,821.9852905273438,824.9004348343454,811.7823829460425,813.8788768150691,266246
2015-03-18,805.7725219726562,832.208293763428,803.0570435500258,822.8639594046357,185180
2015-03-19,812.24169921875,821.7458251290968,808.1285580377312,812.6410314209224,177722
2015-03-20,802.7774658203125,814.158432452242,796.2683320725332,810.5843803496924,151672
2015-03-23,790.597900390625,806.3515360092615,789.0804185486198,800.7009756918923,296882
2015-03-24,821.6060791015625,826.5977319886327,790.6778173119196,795.8691363144727,518670
2015-03-25,813.839111328125,827.8557120563354,810.0055315442039,826.4979239340444,223570
2015-03-26,795.7291259765625,820.088335549222,786.7042301846496,811.8421666072749,424930
2015-03-27,798.7443237304688,807.090377262157,783.7095039523472,802.6378130547782,172838
2015-03-30,807.4697265625,812.561212314615,800.7010162558408,806.2517438055075,91544
2015-03-31,804.3748779296875,813.4396994608738,792.8740909570765,808.647713013387,305144
2015-04-01,799.6627807617188,802.6178489767768,794.691114057874,800.0221895136302,185818
2015-04-06,817.9921875,822.6244808555077,797.1470623866765,802.25853497025,302846
2015-04-07,838.3780517578125,842.0518888671173,811.3033551341521,818.2317597487344,444990
2015-04-08,839.1397094726562,859.8440742588195,835.8726441304972,841.6851099005452,336682
2015-04-09,871.20849609375,874.8162335095025,838.1976595931585,841.805397008911,435598
2015-04-10,859.1223754882812,873.0723107707915,855.8353459575941,871.2083525595352,132806
2015-04-13,861.5076904296875,873.874252832981,852.3681664452714,858.2808477431092,253490
2015-04-15,861.848388671875,881.0896550236192,856.577122557385,863.050967818859,366108
2015-04-16,851.6666259765625,866.4583109447757,848.5599630527494,862.6702060496133,220736
2015-04-17,829.8997802734375,851.8468468330359,825.7909687257502,851.4259246134617,169754
2015-04-20,806.890380859375,834.3492173247357,801.7192817057605,833.788052973991,221842
2015-04-21,794.423828125,813.7452474316759,793.7022610417332,809.3357904258885,246836
2015-04-22,783.2398681640625,805.9285200203993,765.642115513038,798.4925521525272,577600
2015-04-23,806.4895629882812,809.3356567991294,785.885366594697,789.6935333800321,366876
2015-04-24,816.5310668945312,823.5661735182535,803.0822546279218,810.1373748748554,803688
2015-04-27,798.9335327148438,819.7181006640573,784.46245680342,816.150439154224,445380
2015-04-28,807.9928588867188,815.3486245477209,785.7451456800331,800.5168157432638,210064
2015-04-29,806.4093017578125,817.753648911525,802.2404007333394,808.1530803026752,132462
2015-04-30,796.9891967773438,810.1374138640492,792.1588669897013,809.7365541837603,278938
2015-05-04,815.2283325195312,821.361505353819,797.8310611084667,797.8310611084667,229438
2015-05-05,826.0716552734375,831.2227417425986,809.7766981196681,814.1460787870201,166414
2015-05-06,811.1195678710938,836.9950819559388,803.723725728763,830.1804668250714,444360
2015-05-07,803.70361328125,812.883309939041,797.730843066108,809.9370010137264,357912
2015-05-08,820.2792358398438,830.5612481507691,805.7280089409657,805.7280089409657,162390
2015-05-11,830.9219360351562,839.299863285202,822.2032389478951,822.2032389478951,147036
2015-05-12,818.976318359375,830.9219553691909,811.7407821844565,830.6613378799261,120866
2015-05-13,817.3929443359375,831.7838162936062,812.542552109465,823.7666228835474,156228
2015-05-14,817.4530639648438,826.9734809167452,809.8968691391053,817.3127728700601,222346
2015-05-15,830.6012573242188,837.0350742796999,818.9562649189354,818.9562649189354,213672
2015-05-18,830.7415161132812,838.5984045567265,825.249758371771,830.9820710545382,245378
2015-05-19,831.4229736328125,847.1967408964784,822.4235969072396,839.4000408921697,1670584
2015-05-20,809.5360717773438,839.8009756739466,798.8531522047117,837.7966774026484,695872
2015-05-21,807.4917602539062,816.9119628631107,804.204681472982,811.7408631335722,265414
2015-05-22,802.1604614257812,813.745318355487,800.1160864224395,809.7367207281201,281208
2015-05-25,796.7686767578125,808.8546047438974,795.7264514758136,801.7192835471035,171124
2015-05-26,800.5769653320312,804.9062207629619,796.5082295614974,801.7194056985378,140608
2015-05-27,784.7428588867188,803.6834762697954,781.6963355069522,803.6834762697954,404190
2015-05-28,799.4146118164062,802.8219199274452,784.4825850945002,784.7832299278272,458476
2015-05-29,803.2427978515625,809.7367063191093,797.7109136510037,800.9578678847771,202528
2015-06-01,797.4100341796875,805.7278716607625,794.5238643618884,798.5123981832035,148198
2015-06-02,781.7765502929688,798.9533769017174,780.0728967415035,797.4301395567163,186736
2015-06-03,764.6398315429688,782.2776572771185,757.6247872168865,780.0729290603498,351464
2015-06-04,770.9735107421875,772.4566721169782,750.8102474702129,772.4566721169782,298846
2015-06-05,761.1123657226562,774.420938397307,758.9076371614684,774.420938397307,213964
2015-06-08,750.2290649414062,769.1295625100281,745.9999751169763,763.2369439133385,185636
2015-06-09,762.7959594726562,766.4437730830377,746.2003575282818,750.4093845248152,147118
2015-06-10,760.971923828125,769.5703928729719,757.6848941977574,763.2367906879451,234952
2015-06-11,752.0128784179688,769.2498473795747,747.5432824936352,763.6378109734704,151744
2015-06-12,761.4330444335938,765.6821477141002,748.5854707281741,752.4137006590447,175480
2015-06-15,765.8023681640625,769.61053525189,755.4601684996826,762.2547696635946,100794
2015-06-16,776.2045288085938,777.66767623348,756.0212563795584,766.8444663065193,212198
2015-06-17,785.5847778320312,789.6735270986495,773.4988483864635,779.5518199215816,305040
2015-06-18,784.8832397460938,791.6978541871988,782.4780817080567,788.0901171301432,322172
2015-06-19,786.2861938476562,792.9003779916718,783.6806061545593,788.4909218956615,261546
2015-06-22,787.0880126953125,793.0808455742343,783.7007678390642,787.6893022390063,160496
2015-06-23,784.58251953125,791.2969184083216,777.2668312025004,789.6534036936805,172860
2015-06-24,802.6412353515625,814.9476060916761,785.4242853416349,788.8516546601038,677660
2015-06-25,796.9490966796875,812.542547561587,793.782295513826,804.5253541964012,478846
2015-06-26,805.8682861328125,812.4223324251316,798.9534563247641,801.3185383355799,273998
2015-06-29,801.21826171875,804.7057212584461,782.0772125644935,797.7107396224203,238850
2015-06-30,817.653564453125,821.2813642730987,801.7193915461454,801.7193915461454,254870
2015-07-01,823.8468017578125,829.3786849620087,813.7250947518721,813.8453722301199,439708
2015-07-02,818.2748413085938,827.775195651563,809.7365110005603,825.6506198861082,183102
2015-07-03,821.8826293945312,825.3700890708998,814.9477372905,814.9477372905,202664
2015-07-06,819.016357421875,825.7307072470513,811.7407453987262,819.477355779948,363632
2015-07-07,826.0115356445312,833.5075924493073,815.7494881944992,819.0165045308845,908582
2015-07-08,819.2770385742188,829.9799725225336,814.1460150655714,820.2992014046383,139968
2015-07-09,810.43798828125,824.9691504304749,806.6298216490394,814.4065085582714,355694
2015-07-10,797.2697143554688,812.4422413067176,792.9003346760516,810.4379431907519,228172
2015-07-13,804.8460083007812,810.4981194629977,799.7149853130169,800.5167045965387,187918
2015-07-14,804.1846923828125,811.7408878983638,799.7150969665362,803.723693943812,220022
2015-07-15,806.9506225585938,809.7365778447831,803.3228227727452,806.1288406167617,428624
2015-07-16,819.337158203125,821.7623789434782,809.7365880321103,809.7365880321103,240662
2015-07-17,813.9656982421875,823.7666985125763,811.7008311092981,823.72657339539,265488
2015-07-20,817.5734252929688,821.7423270498917,813.7451955632735,814.5469149677692,292592
2015-07-21,821.8023681640625,832.5854530850128,814.24612497782,816.9519274854385,302212
2015-07-22,830.7816162109375,834.5897828473688,821.7622741772844,821.7622741772844,320392
2015-07-23,830.2005615234375,837.7968338166321,827.7753405891604,835.7925351711377,230158
2015-07-24,825.5706176757812,834.1891019098329,822.5641696871586,833.7882421780165,220730
2015-07-27,824.5484008789062,829.679424988846,815.749549391135,825.3300577780668,424618
2015-07-28,824.0672607421875,831.7838093348116,811.7408259773463,826.5726336618707,943050
2015-07-29,833.0064086914062,835.792363663727,823.526019323939,827.6749558151944,254402
2015-07-30,827.4144897460938,841.8053128526946,812.622709100575,834.1889790697417,2041674
2015-07-31,797.6507568359375,832.5856935321966,780.8747862304858,827.7753765738979,2095298
2015-08-03,794.7846069335938,801.7195001834102,791.6980064311176,800.8576419340981,384454
2015-08-04,795.4660034179688,807.4115931924823,788.7315408428227,797.5103781140801,355050
2015-08-05,793.8826293945312,801.058028318222,791.7781158208077,797.7108593732953,380384
2015-08-06,814.6671142578125,819.7580124144959,794.1029939330641,797.3900236027719,597660
2015-08-07,818.976318359375,824.7285955529582,814.9476593486421,818.0743841569478,352950
2015-08-10,816.3106689453125,825.0493806823392,812.6427930561151,824.1675089522124,179938
2015-08-11,808.1130981445312,821.3615308929725,803.0021369347287,821.3615308929725,191312
2015-08-12,797.4501342773438,811.7407905745653,795.3055449382407,811.7407905745653,213742
2015-08-13,800.4967651367188,807.7122397979667,797.7108097712979,800.5168276951166,186944
2015-08-14,793.501708984375,804.1044275786846,791.6978404870626,800.5368156971188,428724
2015-08-17,794.02294921875,799.7151376427785,788.8919252536281,793.7022418710283,331672
2015-08-18,796.2876586914062,799.6749522065652,793.8424245315748,795.9469377641703,442182
2015-08-19,798.3321533203125,803.322837000908,793.9026340720052,801.098046097663,722048
2015-08-20,799.91552734375,815.7494854144481,796.1073602128226,801.3185362867233,429164
2015-08-21,799.5147705078125,805.708034065365,788.771709646235,798.5126211338995,371762
2015-08-24,775.8037109375,796.5882739256028,770.0513847681402,791.69780578713,537610
2015-08-25,761.8738403320312,788.8917905048359,742.392071145811,776.0642817161394,821562
2015-08-26,768.2877197265625,772.8575302626549,756.0614984231336,772.8575302626549,523148
2015-08-27,776.9661865234375,790.4751366320601,770.091434005559,777.2668312492946,255768
2015-08-28,780.4738159179688,787.6692277755212,777.6677980898097,783.6806934358649,238892
2015-08-31,783.6005249023438,786.4866950356701,777.6677820434251,783.6406010838771,208072
2015-09-01,771.2140502929688,777.6678822092246,762.0343526184205,773.6592848782492,423188
2015-09-02,772.03564453125,778.3291705688008,764.1186662264843,773.6591457315288,404752
2015-09-03,766.3836669921875,776.0644392832914,764.8403668143183,775.6635795522567,477230
2015-09-04,755.6204833984375,761.6534410486646,750.0285105348424,761.6333784917938,356768
2015-09-07,741.1295166015625,761.0121498140303,738.7844969215515,755.6606820998838,347088
2015-09-08,723.9124755859375,741.4700994749003,720.0241074929169,737.6018428713304,618512
2015-09-09,735.858154296875,740.5883184752495,728.0413899070145,735.4572945845745,243406
2015-09-10,729.1436767578125,733.5731956820147,719.7435370748947,731.5688973331567,320868
2015-09-11,740.8286743164062,751.1908859918703,734.9159947587418,742.3920366640278,392244
2015-09-14,771.5746459960938,775.6233185280969,745.8394280367412,752.0126762101531,632552
2015-09-15,781.2755737304688,787.6893290817707,766.4437644805829,773.6592392507977,407838
2015-09-16,795.4058837890625,798.4724703734522,783.2798774972046,790.0544164187739,667474
2015-09-18,779.9325561523438,803.4229209022782,773.1580185557036,801.719267458928,619188
2015-09-21,787.8497314453125,790.4152435310091,773.6592870669009,780.3135488685301,740150
2015-09-22,772.1158447265625,801.7193208628089,767.6663122823868,791.2969696915924,765752
2015-09-23,753.8566284179688,760.0298766541985,743.1937717916055,756.021280258343,342344
2015-09-24,764.7200317382812,776.3850881794708,743.6748974436572,757.6248346064641,514243
2015-09-28,759.6292724609375,774.9420962692408,754.4180953939232,772.8576450156662,270198
2015-09-29,755.0191040039062,768.8487610722019,750.0885110411161,760.0298493185061,226138
2015-09-30,770.85302734375,772.8573253867654,756.4220814340385,756.4220814340385,221284
2015-10-01,770.9332885742188,781.2754875100716,769.6505572187467,771.2539958796191,238602
2015-10-05,773.29833984375,782.4780356012999,772.0556847172662,781.596163945876,184798
2015-10-06,770.69287109375,779.2712787014603,764.8804052803903,777.6678398563956,311591
2015-10-07,756.5023803710938,762.7959068055026,745.7192939566625,760.110117547598,249448
2015-10-08,743.434326171875,764.8402421054648,738.7843638366727,761.633364780075,202123
2015-10-09,746.2804565429688,752.6140591438777,743.5947162247102,743.5947162247102,169791
2015-10-12,737.0608520507812,753.255596820597,728.9635041324125,752.0129412990958,312385
2015-10-13,735.0964965820312,740.7886844324743,729.5646134562246,740.7886844324743,249784
2015-10-14,729.5646362304688,735.8982389094328,724.7543199476305,735.8982389094328,162289
2015-10-15,727.1595458984375,737.5818988164967,725.5561069879668,735.0965880784961,155780
2015-10-16,727.1595458984375,732.7715820850848,717.6190648079083,729.5647042641435,393256
2015-10-19,754.3377685546875,756.8230790078638,729.5646206537671,733.493065107437,360860
2015-10-20,751.3714599609375,757.624861731472,746.4007897058206,756.5826362585614,171996
2015-10-21,757.8251953125,760.5109354899189,752.3334374851538,753.616168837609,184786
2015-10-23,754.2976684570312,769.610538164832,751.9727115860301,758.6670489188481,241267
2015-10-26,748.445068359375,755.8609721383375,741.5903778962443,755.219606462986,314299
2015-10-27,759.6691284179688,765.7220994697758,752.0127187334679,752.0127187334679,222813
2015-10-28,785.1639404296875,787.9298823774396,758.426615778587,758.426615778587,584012
2015-10-29,781.9570922851562,797.6307476071751,766.564117080172,789.4531989463554,1246091
2015-10-30,765.922607421875,787.2884489550329,759.0278401712601,783.6807116634874,305016
2015-11-02,752.8947143554688,772.7773958205629,746.8016661213734,772.7773958205629,243453
2015-11-03,760.7515869140625,776.0644084581385,752.3335328966964,758.8274407082935,264420
2015-11-04,754.3377685546875,770.9734453443201,751.5317507829423,767.9669977317359,175243
2015-11-05,755.98828125,763.7578740228859,750.3522858296355,756.8336707346587,161868
2015-11-06,755.9481811523438,759.2492451702009,746.7292913057074,759.2492451702009,93048
2015-11-09,772.7353515625,777.7674911272467,731.7938837205162,751.1977942253842,249205
2015-11-10,771.4471435546875,785.4163433307874,766.0929274005579,770.5212102179022,374839
2015-11-13,763.4760131835938,780.1827121275005,760.4969775194178,775.150573891384,185333
2015-11-16,761.543701171875,768.5886951532154,756.753144578146,763.2747764926528,88727
2015-11-17,760.859375,769.7159391534392,757.0349495701058,769.7159391534392,263570
2015-11-18,760.8192749023438,766.656556950903,758.9271608910655,764.8852339491492,231841
2015-11-19,768.8302001953125,774.5064420925399,761.3423394564451,761.3423394564451,158635
2015-11-20,774.5869750976562,779.1360477816615,768.7899419425447,770.9235882404181,111680
2015-11-23,772.1716918945312,780.5854385281048,770.5211600530132,778.3310499780812,151073
2015-11-24,760.8997192382812,776.9220706324725,757.7193973313556,771.3263218304619,204852
2015-11-26,778.6127319335938,781.430729551263,760.8593567706738,766.4953520060121,376590
2015-11-27,778.4515991210938,780.8670253571528,762.5097957914988,778.5723900896858,288421
2015-11-30,777.88818359375,784.933178091963,776.6804702511993,780.987961516171,290684
2015-12-01,785.3358154296875,786.2214522987802,772.9366044104752,784.2085965581279,295318
2015-12-02,790.2069091796875,792.5820887600702,776.9623087003874,782.5983047220483,269515
2015-12-03,783.4033813476562,788.2342346755966,781.1087456736772,788.2342346755966,199674
2015-12-04,784.9734497070312,793.4676906512071,776.1571322047323,780.9879857246788,201588
2015-12-07,800.552978515625,803.0891964156898,784.0475613768817,785.0137419646201,323534
2015-12-08,793.38720703125,807.7589767946249,789.0394191465064,800.2309162789493,406279
2015-12-09,774.1845092773438,795.4000367381311,770.6419129146154,792.8235717476126,276794
2015-12-10,789.2474365234375,792.3165427319478,775.3556381474718,775.3556381474718,161096
2015-12-11,788.2379150390625,794.7395857339275,784.6034352262549,788.8436616745304,120080
2015-12-14,796.3143920898438,798.7777514337954,784.6840390847309,784.6840390847309,301753
2015-12-15,808.7120361328125,810.0850715369467,790.0146884360239,794.7394919166057,299556
2015-12-16,801.9682006835938,815.2946271387056,797.9702628879024,810.8928582383138,251592
2015-12-17,805.9661254882812,810.0044364701931,803.6238854004571,803.6238854004571,146255
2015-12-18,801.4027099609375,811.619655132519,799.5854702558107,806.0467669851506,121074
2015-12-21,809.277587890625,811.2159970410154,799.222182852586,805.2392765738056,259339
2015-12-22,799.1412353515625,812.5484058330321,797.1624534448483,811.6196240412381,146494
2015-12-23,795.708740234375,805.1583970133349,794.7395358193409,799.9085931689999,74725
2015-12-24,794.4972534179688,803.1796213840735,792.437724829352,803.1796213840735,96721
2015-12-28,792.23583984375,797.8894750164262,789.772430796169,794.4972840536632,117249
2015-12-29,784.9263305664062,793.0837467136894,782.3418514858598,792.316457919749,256917
2015-12-30,785.6534423828125,788.7629222822538,782.3824201765373,785.8553579424072,221053
2015-12-31,785.7342529296875,790.9840579070345,781.2517370004964,790.9840579070345,415351
2016-01-01,788.8837280273438,793.4874105251008,781.8166866961543,785.8549960282626,72201
2016-01-04,786.9050903320312,793.0433512155153,782.018745006791,790.6203651736662,118642
2016-01-05,786.86474609375,792.3164648888569,782.6245203642225,786.6628305828201,393481
2016-01-06,766.834716796875,784.23982351522,762.4329489169595,783.4321614930622,249575
2016-01-07,739.455078125,764.7753163293115,727.7036035975377,764.532978245536,778725
2016-01-08,748.4200439453125,751.0449455572888,741.4337476289721,751.0449455572888,420221
2016-01-11,732.5091552734375,745.4721221868696,727.7843023863328,745.4721221868696,512859
2016-01-12,733.7611083984375,739.01091269628,731.7419528992674,738.6070815964459,300600
2016-01-13,752.6602172851562,758.1523088783616,736.1838932097654,736.1838932097654,507566
2016-01-14,761.9078979492188,764.6135951200329,736.668461444093,746.925778298931,266295
2016-01-15,740.66650390625,768.1270147486509,735.5378693937024,764.8156199242035,300778
2016-01-18,735.4166870117188,748.7834843934752,726.8958620435861,743.0491034223326,265587
2016-01-19,736.42626953125,748.7027429204941,734.9724876565799,742.241446325711,104204
2016-01-20,737.6377563476562,743.1298485471954,719.3038175572676,735.7801434516655,333703
2016-01-21,732.953369140625,747.1682026420086,728.9554318134285,739.8184971160468,216992
2016-01-22,712.721435546875,739.8184893534478,710.7426535273298,739.0108272471668,1208337
2016-01-25,698.9508666992188,718.7789632571877,696.2047955830127,713.1657012758702,761105
2016-01-27,689.4607543945312,713.8925323175157,686.593514573556,700.2430234455359,1962977
2016-01-28,686.6743774414062,696.9316967198702,683.7263908427399,687.3204973094495,761199
2016-01-29,692.9337768554688,696.5682566637133,688.0878037778093,688.9762124570653,488016
2016-02-01,695.9625854492188,703.1507500492429,691.3589006673918,701.8585101401443,408883
2016-02-02,690.5512084960938,696.8105907953274,686.5128973352979,696.3260131743481,179524
2016-02-03,678.9207153320312,687.3607938103595,671.2479256782384,686.5127584972543,343631
2016-02-04,671.288330078125,688.8549796002642,666.3211887707947,688.8549796002642,514691
2016-02-05,688.2493286132812,696.2047811623087,671.9749163886785,672.0556628862762,539214
2016-02-08,689.2992553710938,692.8933617122099,683.2821626376456,692.8933617122099,346265
2016-02-09,685.1800537109375,688.1280397969231,675.2054475002673,682.4744056671361,91835
2016-02-10,680.6571655273438,686.5127151566209,669.5518127821631,684.8973911209582,159977
2016-02-11,668.4614868164062,686.0281356527303,663.0905146952651,686.0281356527303,373922
2016-02-12,674.5997314453125,678.4361262065999,655.8619619099743,666.321195381482,314119
2016-02-15,683.8069458007812,692.933515123972,675.5687848212812,682.4742839894766,184067
2016-02-16,677.8302001953125,685.7856496124527,671.166990005725,677.6686579679267,340200
2016-02-17,675.7708129882812,679.2437497688477,663.090509584095,677.4668834893695,169575
2016-02-18,681.1417236328125,683.4839631361685,675.9323432026939,679.6475686606627,177340
2016-02-19,672.2575073242188,686.1896780955092,670.601809932294,684.735896222009,118131
2016-02-22,670.601806640625,675.7708636052321,667.9365316696604,675.7708636052321,283904
2016-02-23,662.282958984375,672.7825668707127,660.5060924059916,669.551918290301,136656
2016-02-24,659.7387084960938,663.5347298905468,656.66960264586,661.4752015762964,127449
2016-02-25,665.2307739257812,672.0554778547349,662.3231613760032,662.9289078285688,456080
2016-02-26,672.4190063476562,676.8207742253418,665.9980834155992,665.9980834155992,371336
2016-02-29,662.6060791015625,673.2268073018686,652.7525905436293,673.1864340516049,219357
2016-03-01,665.7155151367188,670.1980301292558,660.9502888193068,670.1980301292558,193574
2016-03-02,673.8727416992188,681.9897838951672,670.3594318649831,671.0055515787102,517839
2016-03-03,673.7921142578125,676.7401006732082,670.3595502954563,674.3978608394048,423910
2016-03-04,683.5244140625,686.5127736422165,674.5190113739563,675.9727932707483,369332
2016-03-08,666.7251586914062,686.5128829651064,663.3733407797903,684.2918118731604,723826
2016-03-09,663.9385375976562,666.078861617117,658.3252768354844,663.41358687484,438433
2016-03-10,652.6716918945312,666.3212004462265,646.129648917553,666.3212004462265,553305
2016-03-11,657.0332641601562,658.6485887186324,638.0935738528652,649.92584596202,979571
2016-03-14,683.4841918945312,684.9783473667666,659.0524083733383,662.2830574339919,640045
2016-03-15,678.1533813476562,683.2820150520186,673.7112405878618,682.6358953461123,469456
2016-03-16,674.680419921875,678.0322368802723,665.8769338567018,678.0322368802723,384590
2016-03-17,675.32666015625,678.9611394745191,663.8982221371582,674.7209136032051,505941
2016-03-18,687.2398071289062,689.7031670565649,676.740198201491,676.8209447056935,654035
2016-03-21,684.8571166992188,693.5394846437091,678.516939366934,690.5511248873788,452149
2016-03-22,688.2088623046875,690.5511021355071,681.2629878962576,686.512791596703,517806
2016-03-23,678.35546875,688.2089076776841,673.5094957839444,688.1281611798977,387269
2016-03-28,665.9578247070312,681.3842015529697,662.2829717352187,680.8592014302309,548686
2016-03-29,669.7941284179688,672.620945593864,663.7366630410503,667.1288535112805,258385
2016-03-30,661.35400390625,671.8536098256727,659.213729200141,666.4423139038219,468250
2016-03-31,671.0460205078125,674.5593801388212,661.0714135223967,661.0714135223967,324278
2016-04-01,673.5094604492188,676.2554820751124,665.2309237331955,670.2383894321143,175341
2016-04-04,679.0015869140625,681.2630311000507,670.359591953814,676.820889225658,145719
2016-04-05,671.2479858398438,681.7072204276473,666.3212664967875,676.8208743324946,222379
2016-04-06,670.8427124023438,672.7881436919249,663.8716743176947,669.6268302149487,202165
2016-04-07,666.3035888671875,670.4375694463179,664.7634512929477,666.4251969030847,248538
2016-04-08,664.6417846679688,671.1264900746213,659.4945200668127,665.087598269801,191379
2016-04-11,660.5888671875,667.9246805437419,657.3465143693264,664.6823277255685,134225
2016-04-12,664.03369140625,667.9245038639829,660.6292119528471,660.6292119528471,159837
2016-04-13,677.408447265625,687.7434449639343,666.3033810204112,667.8840376220851,298959
2016-04-18,685.8790283203125,688.5134392140362,671.2073564275715,671.2073564275715,171256
2016-04-20,690.296875,692.4854729831002,681.0156799090659,687.378777338784,272701
2016-04-21,689.1214599609375,700.2670458014995,682.5151474729659,693.052792267679,309701
2016-04-22,688.959228515625,692.2420997730724,684.9468083234732,689.8103359565392,278971
2016-04-25,681.9071655273438,693.0527506994104,678.664813477288,690.0130456524831,290912
2016-04-26,684.05517578125,686.5679785813547,678.4215797575225,680.8938630558889,268481
2016-04-27,693.49853515625,695.3223581079945,679.3132455315704,685.7574298559405,247252
2016-04-28,686.9734497070312,703.0636045210393,683.3258030714187,697.1058014726217,575969
2016-04-29,681.5830078125,688.1893208471304,677.7327142035202,683.6094781330157,295317
2016-05-02,688.8378295898438,691.3912021618688,679.191859874766,682.5152516428965,175077
2016-05-03,689.2835693359375,696.6194312022428,684.9469428014402,691.7964221243288,188473
2016-05-04,683.0419921875,688.9997941471441,680.083326222887,688.9187551375786,97174
2016-05-05,685.1901245117188,690.4994667762708,677.6921844392463,686.5681342036962,102090
2016-05-06,689.4457397460938,692.9718278763573,683.4879366449363,685.39279900398,98144
2016-05-09,687.621826171875,692.2421879064049,683.447327439964,692.2421879064049,169435
2016-05-10,685.5955200195312,690.4590494348616,684.136471089808,686.2034611964475,183343
2016-05-11,677.6109619140625,684.0551455855388,657.386784003306,657.386784003306,183038
2016-05-12,678.4217529296875,684.298516938293,675.2604393973778,680.8535173470416,303176
2016-05-13,678.1784057617188,681.5828354598043,672.8284957837718,679.232160167048,220630
2016-05-16,668.3297729492188,680.8938863278881,659.5349133738954,680.8938863278881,258759
2016-05-17,671.2884521484375,672.7880201143686,663.5067778938218,671.9774321383272,123575
2016-05-18,671.1668701171875,672.7880461319633,666.6275970655615,672.747526626467,105665
2016-05-19,664.60107421875,675.5440114486458,662.4124768778985,672.7879926528533,135693
2016-05-20,655.6847534179688,670.9643197685236,653.3340280681729,668.7352024270999,188693
2016-05-23,657.5490112304688,660.6292358093075,647.8219549976936,656.5762957123179,293041
2016-05-24,676.3546142578125,683.0013959566517,638.0948526145065,660.0617665616797,1353224
2016-05-25,676.7598876953125,682.3934342721819,666.2222445251456,680.1643174477235,238110
2016-05-26,677.246337890625,680.0833961582697,665.898104820046,676.84104385239,404210
2016-05-27,680.3264770507812,686.3653673552157,672.8690577910806,679.2727225788848,141665
2016-05-30,692.080078125,695.4035188671074,677.489492994574,679.272796627611,196853
2016-05-31,698.2000122070312,702.2529525448543,692.0800821917924,692.890670259357,249594
2016-06-01,688.391845703125,701.1586064565241,686.9733167305251,699.5374304878385,224822
2016-06-02,699.6184692382812,708.129643070739,691.4315503891867,693.0122068529445,449303
2016-06-03,702.5770874023438,706.1842135809661,697.9567263125557,698.7267947399139,334282
2016-06-06,692.8501586914062,705.2116268634378,691.3100215556346,701.9692745560196,101549
2016-06-07,693.1743774414062,696.4572490860162,690.2967503396492,693.0527694464932,180051
2016-06-08,700.9154663085938,704.3199458657054,692.2421646551605,692.6474586625699,145503
2016-06-09,693.701171875,703.5903549617311,691.5125744704538,702.7797669951854,162954
2016-06-10,706.8731079101562,714.1278788902345,692.2420074600003,694.5927319589156,364125
2016-06-13,699.4564819335938,707.9270878859122,694.9576784592098,706.7922942456981,171853
2016-06-14,697.6731567382812,709.2645561612426,693.8633829417413,699.618538407702,114839
2016-06-15,696.6600341796875,703.590553352978,693.8634950116925,699.0107102608719,105843
2016-06-16,703.7931518554688,705.9412302140832,689.4457318968546,697.4705742646278,374298
2016-06-17,693.5390625,705.2115493128551,691.3099455337813,702.7797853497074,233618
2016-06-20,702.5365600585938,703.9956084195134,690.7019467436668,691.9178286234932,78540
2016-06-21,716.7623901367188,718.9104679800257,698.8078473709737,703.590336034687,338799
2016-06-22,718.180908203125,722.9633967946735,714.3711350254596,718.7483296507536,269803
2016-06-23,715.0601806640625,722.5581192097604,713.3173967799121,722.5581192097604,99876
2016-06-24,717.6135864257812,721.8286541551374,692.2421905092502,710.8857155463846,266308
2016-06-27,718.0999755859375,720.4911707616056,710.1967420731112,711.6963101806693,381154
2016-06-28,728.1106567382812,729.5291857104961,712.0205050431899,718.1809539327772,414854
2016-06-29,736.5813598632812,737.6351144175758,729.2860675228876,733.5821742284681,422896
2016-06-30,744.5250854492188,748.9022804827601,737.635087380282,737.635087380282,580077
2016-07-01,745.781494140625,748.0916996705804,738.2025159816383,746.5920821565322,160903
2016-07-04,750.3614501953125,751.9826264733732,742.9850684455116,747.3217446739485,212934
2016-07-05,763.3306884765625,767.1809812696632,744.0792245110584,745.7409199268926,233929
2016-07-07,767.7080078125,768.4375569284474,762.0338908309608,764.7088712731854,149539
2016-07-08,767.1812133789062,769.2482033983255,761.9529095831675,767.5459879645397,322918
2016-07-11,765.884033203125,773.7062270007884,762.7632892695044,768.0726306442546,131610
2016-07-12,756.238037109375,765.1950240532616,751.4150289167093,765.1950240532616,223883
2016-07-13,749.2265014648438,757.8998032255063,744.5656203220132,757.8998032255063,183591
2016-07-14,754.8197021484375,761.7907405130912,744.808908718826,752.9958787940877,212410
2016-07-15,751.2528686523438,762.3579329668282,749.510134322203,755.0626417422652,154849
2016-07-18,752.9551391601562,758.7102936060994,748.8616305820452,752.2255902419447,282424
2016-07-19,762.7633666992188,764.9924838707627,748.6591146240659,751.4961728423945,447534
2016-07-20,769.28857421875,771.6798188463935,762.2770173140627,766.0057025313464,356466
2016-07-21,777.8809204101562,781.8122530593264,765.722098434117,769.2481370174191,384737
2016-07-22,774.3141479492188,778.9750287141577,767.6267972864802,778.0023132683414,216821
2016-07-25,779.5425415039062,781.4068841334172,766.4110051329316,772.4904155385339,295012
2016-07-26,784.4465942382812,787.4862994600777,773.3820474411945,773.3820474411945,211485
2016-07-27,764.5465087890625,787.6482636856745,760.1693143873295,781.9741484479101,352509
2016-07-28,754.981689453125,765.965147052281,745.7409663842693,763.5739025369365,387521
2016-07-29,756.562255859375,760.3315096789787,753.8468059716953,754.6573939351057,242514
2016-08-01,771.3961181640625,773.9899602793073,757.9403271879868,758.5077487035843,223898
2016-08-02,785.1762084960938,800.6179024104958,770.0587201476563,771.6798964005989,305684
2016-08-03,758.8318481445312,786.1486195628094,754.2925264246804,786.1486195628094,459212
2016-08-04,764.1414184570312,773.0984071456,754.4548806823248,766.0057612084845,449301
2016-08-05,778.0429077148438,779.4209172729541,765.3572346173141,765.4382736312868,125932
2016-08-08,822.9495849609375,837.3375240232932,765.1951816824674,779.7857677738704,2207134
2016-08-09,786.8378295898438,822.6658312746811,779.7857036639139,822.6658312746811,673190
2016-08-10,778.00244140625,797.172869586571,764.3845713450303,786.8378714056068,463907
2016-08-11,780.2720336914062,788.7021691638919,772.530927742996,783.7576018704945,236784
2016-08-12,776.1380004882812,786.6756443591404,773.3819815323106,781.8526359233742,84251
2016-08-16,774.962646484375,783.9196339777042,768.8832364923826,776.5433029771661,139632
2016-08-17,788.2158813476562,790.4449986031933,772.49045255521,777.3539811127455,234040
2016-08-18,784.568115234375,793.5656219033913,782.2984293409625,790.4448780114941,150158
2016-08-19,776.5838623046875,786.2703992835177,774.1115786760406,782.6227531012746,98999
2016-08-22,768.3565063476562,778.1646029070479,765.1951928585971,778.0024753865677,116274
2016-08-23,759.1156616210938,769.1669726058228,757.1702306323186,768.234776616542,129978
2016-08-24,769.9776611328125,773.9900326751681,757.8998785722335,765.9247206056882,193194
2016-08-25,769.3695678710938,775.935310436571,758.5481891195367,769.9775088299106,639562
2016-08-26,768.9641723632812,775.69204152429,766.0055069646281,769.3694662823102,126349
2016-08-29,760.2099609375,769.1264292298705,758.7103928780754,768.9237822232258,97162
2016-08-30,772.6119995117188,775.0031946174057,760.2505320713788,761.952747142269,180782
2016-08-31,768.7212524414062,776.5029283678394,764.7899197027423,773.3010952797204,110547
2016-09-01,770.5855102539062,773.6657347920672,764.0197176988722,770.018088752948,102001
2016-09-02,771.4769897460938,783.8789740126253,767.0187565508181,770.301627463377,185528
2016-09-06,790.52587890625,792.75499571424,771.8013175088789,772.490297459786,333693
2016-09-07,803.090087890625,806.8593420065805,789.5127384360018,791.4176005100379,455726
2016-09-08,803.6170043945312,809.5342872045346,796.3217120186557,803.9817294338308,320581
2016-09-09,798.1456298828125,806.4541582974308,794.4979832617605,804.1034329074479,216515
2016-09-12,792.6741943359375,795.9975860561979,783.6766359290882,790.3234688439846,189756
2016-09-14,786.5946044921875,799.3613653218077,781.5689490643847,792.5524064229311,135420
2016-09-15,780.6773071289062,796.6864206235001,770.7476038221328,786.6351587975903,175491
2016-09-16,785.9057006835938,791.944592063497,779.4209957332274,781.9743680971832,138503
2016-09-19,785.5003051757812,793.4846267993576,774.1115534724473,787.5267752110494,193344
2016-09-20,779.826171875,788.4184343196217,776.7459473842116,786.3108758448134,145947
2016-09-21,785.9462890625,791.0530342378855,776.5434858503055,779.7047995803654,292384
2016-09-22,790.4855346679688,793.3225930526138,783.7576632506849,790.3234071511147,126798
2016-09-23,793.3630981445312,795.5111763864717,779.2588454988801,790.4855203015632,283494
2016-09-26,789.2291259765625,804.0223588507056,784.6492834065998,794.3358211286527,208613
2016-09-27,793.3630981445312,796.4028035014069,785.4598642166546,790.120745763864,155034
2016-09-28,790.28271484375,796.4026438404763,784.0411778673798,795.3488894228879,270234
2016-09-29,789.8775634765625,795.9974935781395,776.4623406639842,790.3233770251385,1201503
2016-09-30,786.79736328125,794.3763422672141,777.3945115861171,790.3234017454425,357586
2016-10-03,796.6864624023438,801.6715988075275,787.4863076253923,787.68895464228,336680
2016-10-04,794.3357543945312,809.7774465586592,792.2687648011919,798.3886945674975,236064
2016-10-05,793.7683715820312,799.4830076097033,784.892422275543,794.3357931287892,173714
2016-10-06,791.8634643554688,805.5623723442652,787.4052302013982,793.7278069250248,264953
2016-10-07,785.6624145507812,797.6185874830733,780.2719845915612,791.1338835197963,218229
2016-10-10,782.5416870117188,792.7550761788781,780.7583834894493,786.5540580938675,114425
2016-10-13,756.035400390625,782.2173816108086,751.4150391225073,774.3141489986787,424819
2016-10-14,746.105712890625,760.9394629662257,738.5266856254643,755.4679941246576,234547
2016-10-17,739.7020874023438,752.1446431880127,736.1355298006694,745.781497549436,159201
2016-10-18,744.727783203125,747.3621944090137,739.5399998079353,740.5532348871232,182804
2016-10-19,759.8451538085938,763.0469365881556,742.5390716263212,746.6325308234002,309025
2016-10-20,765.1544799804688,769.5721940566709,753.8467685572381,753.8467685572381,186333
2016-10-21,773.7872314453125,778.0428181507222,759.4803839203142,764.3439115836396,159894
2016-10-24,780.758544921875,783.7171620944425,773.3011237705127,773.3011237705127,168511
2016-10-25,765.2762451171875,781.6096159691919,761.9933730367703,781.6096159691919,182264
2016-10-26,751.37451171875,765.9245753465515,744.1197396562054,762.8443015506199,200407
2016-10-27,758.8726196289062,769.2481378312284,749.7535031372295,749.7940226489844,1335055
2016-10-28,788.8238525390625,804.7518794885898,758.8726114669931,759.7237191021877,530474
2016-11-01,788.7426147460938,791.9444471242219,775.8542957006451,787.8915072719998,158688
2016-11-02,775.3679809570312,784.4870964210257,773.9494518848544,778.2455586085738,128775
2016-11-03,773.6657104492188,781.8121097853913,770.0585840291567,774.9221119282882,85959
2016-11-04,797.740234375,835.8783420496408,788.0131779557315,794.3762742402561,1792996
2016-11-07,791.9446411132812,805.6436009591363,788.2159553256301,800.0505228032841,340385
2016-11-08,796.9093017578125,801.0603248647458,788.8922071175808,796.0140093484592,181442
2016-11-09,791.5374755859375,796.9093295851372,731.8771287498176,746.6497520864929,249019
2016-11-10,784.415771484375,803.9905468190691,778.9218088825389,791.5375748571255,138258
2016-11-11,772.4510498046875,783.8866200697063,769.1953686087958,780.5495667150184,140665
2016-11-15,744.5742797851562,772.532471869799,728.743520029899,772.4917361126362,304832
2016-11-16,754.1378173828125,763.4572144240724,744.0045000703117,746.364888728011,228147
2016-11-17,754.3821411132812,761.096984753699,748.9289138990298,748.9289138990298,172074
2016-11-18,746.6904907226562,760.2015476077532,745.021914393093,756.1319461751636,162148
2016-11-21,721.6625366210938,750.3124947242596,719.9125879043213,748.8067618676943,303185
2016-11-22,735.4583129882812,739.4058559803757,716.2498150910307,722.8832849541666,358543
2016-11-23,751.899658203125,754.9111736291651,733.5864491393447,737.4118849682195,216232
2016-11-24,760.7306518554688,763.3758929124946,742.8650907809281,752.8763008458135,367814
2016-11-25,752.1845703125,761.0155869314564,748.8067807239999,760.7307346577195,139503
2016-11-28,759.3471069335938,765.7363627058079,748.8475130753782,756.9053455412425,105641
2016-11-29,765.329345703125,769.9687019400067,756.9459754801335,756.9459754801335,129988
2016-11-30,759.9574584960938,770.701217302802,757.7598635641695,766.55019361411,254367
2016-12-01,757.5564575195312,770.4163906716057,752.0624944915894,761.8295398745971,245726
2016-12-02,754.829833984375,766.2654062013908,751.4113582096211,759.7947287844922,268430
2016-12-05,752.510009765625,761.4631331410108,749.6206026118465,758.1667658338057,238280
2016-12-06,751.818359375,754.0159546125843,747.0976305135962,751.2486051018835,203725
2016-12-07,749.7020263671875,755.0739305687744,746.3649727505288,754.504176379215,150040
2016-12-08,750.5159301757812,768.9919319409216,748.7660312408655,752.8763190471393,347699
2016-12-09,749.01025390625,752.8763758362197,747.9928533983632,752.713581819406,248254
2016-12-12,738.9583129882812,748.8067294501647,734.5224371010959,747.1788887339686,217045
2016-12-13,744.8592529296875,747.178906133181,737.0862735866407,739.8129366564174,179744
2016-12-14,735.662109375,748.8069468456266,734.0342681862052,747.2197917509975,192667
2016-12-15,743.0523071289062,745.2571701837117,732.5177509736177,738.2341659756414,166315
2016-12-16,743.2974853515625,749.5038605064726,737.5810688192834,744.032423285509,145316
2016-12-19,743.0932006835938,744.7264622709666,735.7843451114627,744.1548107467485,121574
2016-12-20,742.929931640625,744.5223718007438,735.8660547001148,736.6826855675406,178902
2016-12-21,739.94921875,743.9099084149196,734.4778317409824,743.1340991120431,197704
2016-12-22,738.7650146484375,742.235695273566,731.292823482946,739.9490893401102,152772
2016-12-23,736.7236938476562,739.6227239969362,727.2507441197982,739.6227239969362,171659
2016-12-26,731.3336791992188,739.4591653637359,727.4546830253063,735.2534969431666,119058
2016-12-27,723.6166381835938,729.9863992333483,704.7933054486034,728.0264650883167,311628
2016-12-28,727.536376953125,733.089456251193,721.9016046716933,727.6180200933019,201892
2016-12-29,728.4346313476562,734.0285320659106,726.1072536399296,727.6180005950243,326634
2016-12-30,738.7242431640625,741.5008079770239,730.8437854081069,730.8437854081069,195115
2017-01-02,735.2128295898438,740.8884246244962,733.0079160703791,739.622656628773,177081
2017-01-03,733.5795288085938,736.0702430893933,728.3531209451971,736.0702430893933,201444
2017-01-04,733.0487670898438,738.9693412744994,728.4347824431442,734.5595143583051,334806
2017-01-05,733.865234375,737.3767365880602,732.4361305801232,733.4160475934908,302955
2017-01-06,734.2737426757812,738.1935612887407,731.9463145495381,733.4162402989981,499446
2017-01-09,729.7005004882812,735.7844104098089,726.8422924567226,735.1311156855196,88165
2017-01-10,728.3530883789062,730.7621095559307,720.268422878705,727.6181006631816,511398
2017-01-11,730.884521484375,733.987708366733,723.6981808507076,729.2512599838512,275325
2017-01-12,727.332275390625,733.334492109254,721.9424819569588,733.334492109254,247058
2017-01-13,734.4370727539062,738.1527836928411,728.4348548179668,728.4348548179668,212269
2017-01-16,743.95068359375,746.3597545026752,731.3337273446252,733.0486819876928,192296
2017-01-17,745.1348266601562,747.9930346259848,739.2958961641156,744.7673328101971,136565
2017-01-18,747.5030517578125,754.566928766333,740.888361605255,745.1348521253925,278780
2017-01-19,741.6234130859375,751.259648274105,740.3167736672317,748.8505770162637,113383
2017-01-20,736.8868408203125,743.2974230140842,735.4986082248848,743.2974230140842,180791
2017-01-23,737.8668212890625,743.8282167414644,731.3745958276468,737.0093688341268,91835
2017-01-24,733.9879150390625,740.1126473905954,730.9255488632961,738.724364755608,234915
2017-01-25,732.8853759765625,737.7851611412486,728.5163709654688,735.4577332821074,354684
2017-01-27,717.7369384765625,746.9723155641371,715.246174285764,734.9678310221364,864410
2017-01-30,723.2491455078125,724.5149133798948,703.3641540396065,706.0182043507953,802119
2017-01-31,724.8823852539062,730.8846019922083,718.635139388987,720.2684010694165,316931
2017-02-01,730.4763793945312,733.2529445413589,723.0450577415472,724.3516473146442,217014
2017-02-02,739.5817260742188,743.6240087805511,723.2899311583805,726.801433734753,452707
2017-02-03,737.1727905273438,741.9500617900956,733.5795943028609,739.8676627741063,591471
2017-02-06,729.12890625,746.7273426741857,725.9848971053264,736.6010992002299,455516
2017-02-07,729.3739013671875,736.601064826489,726.6381579721705,732.5179103651449,933995
2017-02-08,722.1874389648438,732.5178386783526,719.0434302745703,731.7828510099615,401889
2017-02-09,722.06494140625,727.618020709017,718.3084099343878,724.3514976081909,389055
2017-02-10,727.536376953125,733.742750902168,723.2081939736435,728.3530077276405,322347
2017-02-13,726.4338989257812,730.8845466365069,723.7390273258148,727.6180235230477,212907
2017-02-14,720.1051635742188,730.4763866342558,718.6352378291169,730.4763866342558,237461
2017-02-15,721.2074584960938,722.4324046069903,717.0017902447419,721.6565954347856,216902
2017-02-16,740.969970703125,744.9714817454192,718.5943156544497,722.7182914164932,5167839
2017-02-17,744.3589477539062,754.5260108213216,735.8659677983753,743.134001597427,501750
2017-02-20,753.8319702148438,758.4867763527678,738.7242984373394,738.7242984373394,595321
2017-02-21,746.0330200195312,757.2616929573423,743.3789700524123,754.566821420905,406933
2017-02-22,734.8452758789062,745.583991865506,730.9662792070977,745.583991865506,241649
2017-02-23,729.414794921875,737.376946907202,723.6575565318938,735.9070211247046,641831
2017-02-27,726.6791381835938,736.3562462754272,724.5559173374693,730.9664513039338,394352
2017-02-28,735.1718139648438,747.9929263819649,726.8013489905148,726.8013489905148,561745
2017-03-01,732.7630004882812,735.7437236331489,725.6583006823789,735.3762297074088,496112
2017-03-02,728.5980834960938,740.11255900461,726.8423071610534,732.4362586133303,426378
2017-03-03,743.4198608398438,746.4005833254108,726.4339494374003,729.169692641061,308640
2017-03-06,742.929931640625,747.7480736957143,739.7859227383127,742.3174584900556,108270
2017-03-07,757.2616577148438,758.6499399093641,740.929043292683,744.3589022899736,634523
2017-03-08,762.529052734375,767.6329955237618,758.282562364967,761.9982227470023,574423
2017-03-09,771.2261352539062,773.8393138980063,757.2617188889568,765.9996782793309,495105
2017-03-10,772.614501953125,774.8194154299601,764.8565081279914,771.7978710241636,200127
2017-03-14,778.330810546875,787.8854010596998,774.2068348960134,775.7992749553491,581162
2017-03-15,781.270751953125,785.1497485292997,775.0235059510617,783.9248022420867,239642
2017-03-16,799.2366943359375,801.7682302600452,787.5588821052794,788.0488407218177,650499
2017-03-17,807.5662231445312,813.2009457941141,798.2566120286101,800.298189041471,615074
2017-03-20,801.523193359375,810.9144482993983,798.869143050238,808.4645557063487,326820
2017-03-21,800.8291015625,810.9144731084953,799.3183045113161,801.5640394569841,753702
2017-03-22,800.4207763671875,804.1364368997539,793.1527416033773,796.2151074010737,433198
2017-03-23,801.6048583984375,808.0154407645568,800.2982689170749,801.3190575253875,200423
2017-03-24,800.216552734375,805.2796238949721,797.0316726298284,802.5031090396751,138160
2017-03-27,802.8297729492188,807.9745872060171,799.6041209491901,807.9745872060171,208728
2017-03-28,806.4638061523438,808.4645617536048,800.3798961987917,803.7689342484703,101786
2017-03-29,809.4446411132812,815.0385434150458,805.8106232667219,812.5478288830892,381954
2017-03-30,823.2455444335938,830.3502428359456,809.2403551856943,810.9144384686781,533544
2017-03-31,812.9561157226562,826.389704901379,809.2404548459538,824.7972645704499,653621
2017-04-03,822.0205078125,825.98119692722,813.0375694007698,814.6708309301754,579938
2017-04-05,818.8359985351562,839.4967550078563,815.9369681533326,822.9599755439369,615910
2017-04-06,821.6531982421875,825.3688588607248,817.6925084796105,819.8157787210564,151046
2017-04-07,825.8180541992188,834.3926792366395,819.2441849725024,828.3904616477241,381504
2017-04-10,831.5514526367188,844.0011364357632,816.726472591237,816.726472591237,363009
2017-04-11,836.3018798828125,839.4552934299769,825.6950342996151,826.4322088928471,272397
2017-04-12,837.2028198242188,841.1752437733871,828.5616904232263,835.3599334576267,553293
2017-04-13,831.6333618164062,840.6840236336441,827.4971147820033,837.0801361233997,325891
2017-04-17,821.2313232421875,830.4047641210244,817.4226705621054,829.1352298914982,128164
2017-04-18,811.1979370117188,826.637215011616,809.2731138978855,823.1562061795137,144622
2017-04-19,810.0919799804688,813.2044006600107,802.6794906012769,811.0748628244025,263447
2017-04-20,824.3845825195312,826.2684121037405,806.7747777265159,806.7747777265159,468861
2017-04-21,846.048828125,855.3861414044786,824.7942399874449,825.6133008017324,967995
2017-04-24,848.8336181640625,855.9185138977116,839.9468287101466,849.7755580563405,228892
2017-04-25,852.3964233398438,856.0413034140377,832.8209027691039,840.3562711441344,241957
2017-04-26,852.1917724609375,857.761425914363,839.5373230481948,853.3384775817026,244362
2017-04-27,848.0554809570312,858.2118537795042,844.6973520353984,847.7278366757263,126187
2017-04-28,848.3421630859375,855.0994142039283,843.5915707916042,848.9974516723975,96981
2017-05-02,846.4583740234375,849.2841938742511,814.1464643016519,840.1516456312067,726316
2017-05-03,849.61181640625,851.0041797870966,841.9945108961841,848.9565277664346,103206
2017-05-04,853.3792724609375,859.1945828151389,844.4924848087793,846.0896130105228,428114
2017-05-05,829.66748046875,856.6555383983399,826.1455297354994,855.7545916961691,230131
2017-05-08,807.7167358398438,836.2200384322705,803.2528449904102,832.1656779361521,186500
2017-05-09,823.770263671875,827.2512714974832,804.399458951598,816.4396607231774,295545
2017-05-10,834.9915161132812,845.6392561845527,823.0331988171108,825.6132602519992,242587
2017-05-11,826.9645385742188,840.3561591250836,824.3844777382034,832.9846138696005,155938
2017-05-12,830.609375,836.015205218718,824.7940644527895,828.8893676526544,202159
2017-05-15,814.4329833984375,843.5915241911614,801.0413610100525,830.5275460779071,916348
2017-05-16,799.8947143554688,806.7748447028346,791.8269859050409,794.3660542521752,1007946
2017-05-17,799.8129272460938,802.7615263361123,795.4719147002023,800.2224576747911,852062
2017-05-18,802.6795043945312,815.25206643105,799.3623184818127,808.4129294259208,394384
2017-05-19,832.493408203125,855.8775338029474,826.8828117882952,833.8038854724923,1211956
2017-05-22,822.00927734375,845.1068484784221,819.47020923577,839.5371958687299,156396
2017-05-23,808.494873046875,828.02950257484,806.774865411634,826.0227936727237,153100
2017-05-24,810.7882690429688,827.4970786081708,805.8739044664679,809.8463291692054,342061
2017-05-25,802.720458984375,818.2416698267356,798.6251553315885,816.603548365621,277423
2017-05-26,819.5521850585938,822.6236629408213,802.9662044945644,809.3958615229288,129610
2017-05-29,835.032470703125,843.2230785570056,816.2759587211373,819.8798461734459,253817
2017-05-30,829.2581176757812,843.6326247299174,827.2514087157443,834.2543685635026,125770
2017-05-31,830.9780883789062,835.0324491602801,827.0056636688591,828.8485503884381,106165
2017-06-01,848.7926635742188,859.8908763331634,829.9132739973638,831.9199827583515,481801
2017-06-02,840.3153076171875,855.9184543621564,837.0800577589702,855.0993936402787,388157
2017-06-05,836.0562744140625,848.5879440898846,834.0905085848938,841.0935181066185,179843
2017-06-06,841.2164306640625,846.5403258389425,826.5552224166374,837.0801336503758,183345
2017-06-07,873.2005615234375,875.6577435369073,842.4857863550656,843.6734843180379,739714
2017-06-08,881.5960693359375,888.599079147316,870.6616276866158,873.9378708764056,516562
2017-06-09,881.51416015625,885.8961153111807,873.5283175903745,874.1836062043662,157585
2017-06-12,885.4456787109375,890.3190502624108,872.8321229516495,880.3265489371196,222753
2017-06-13,876.640625,887.8617155445924,873.6919267701049,885.4455266993583,165468
2017-06-14,878.770263671875,882.0465065413886,875.5759068774997,882.0465065413886,138612
2017-06-15,883.5618286132812,886.1827831522338,875.9855162937699,875.9855162937699,361186
2017-06-16,896.6668090820312,901.7859390722232,877.13222903606,886.1418978187979,458594
2017-06-19,900.1067504882812,909.0755254840159,894.0866741110343,904.9392287985812,485797
2017-06-20,886.0189819335938,906.7002662357183,883.3980274805853,906.7002662357183,179117
2017-06-21,902.5639038085938,908.3383217715755,879.6711970988928,885.4046220334293,226130
2017-06-22,903.5057983398438,909.1573369172792,897.6904876228269,906.4543967332474,310482
2017-06-23,910.2222900390625,920.3785637830354,904.0793341537535,908.3384102410321,488517
2017-06-27,895.888671875,911.6555910226729,889.9094885167085,901.7858691733971,218396
2017-06-28,891.5067138671875,898.8782612830022,877.2141424819511,898.8782612830022,433219
2017-06-29,890.44189453125,899.0420322147471,886.2647047958657,896.0524405472172,257238
2017-06-30,909.853515625,913.006879174464,884.5855142200352,891.5475298412114,282459
2017-07-03,928.323486328125,932.828320512723,913.252748332142,914.071809092978,220496
2017-07-04,916.8156127929688,927.8729327042201,910.795536393443,923.9005081401112,205133
2017-07-05,912.10595703125,920.624208135149,909.9354262236566,917.3479654015721,223084
2017-07-06,905.9222412109375,913.0890232376589,903.7926031365909,912.4337346020125,253109
2017-07-07,891.71142578125,905.9222102144131,887.1247054376867,905.0621564074303,1134865
2017-07-10,896.380126953125,903.9973321266043,864.1909986892806,896.8715434186713,72357
2017-07-11,883.8074340820312,901.7857753503617,882.1283197568933,898.4685397257681,475038
2017-07-12,882.2101440429688,888.2712124230884,873.1185914642805,873.1185914642805,564837
2017-07-13,880.4085083007812,890.6057756658305,878.4427423074071,886.2238202112956,452191
2017-07-14,875.903564453125,882.169399032755,872.2996772453706,881.309345273257,201973
2017-07-17,877.05029296875,880.9817245873562,867.6310943236073,875.9035879196974,140311
2017-07-18,879.015869140625,884.4217495372711,869.8424296497565,876.3949149955174,271165
2017-07-19,877.5006713867188,881.6778610098094,874.4701867538678,875.5758987154217,220772
2017-07-20,870.5797729492188,880.0398655105483,869.433067794903,878.0332064777541,229385
2017-07-21,875.73974609375,879.6712778314502,868.368199072816,872.2997308105163,364066
2017-07-24,876.3130493164062,878.0330567630933,869.4329195466637,878.0330567630933,309930
2017-07-25,873.7740478515625,879.6302522260416,871.8491751031935,876.395002257637,239411
2017-07-26,872.8729248046875,877.7463958299975,868.2453119590391,870.2519706275242,214637
2017-07-27,882.6610107421875,888.1896718914778,870.3341040383391,876.3951747763875,860688
2017-07-28,877.0093383789062,887.0018399950642,870.8253894389275,880.9408701528408,104614
2017-07-31,884.2168579101562,890.3188190225013,877.2548432259877,880.4900924095574,188132
2017-08-01,876.1903076171875,889.4590528386584,874.2655346968459,884.5856809783244,119519
2017-08-02,851.2089233398438,882.906535820302,843.6326110560876,882.906535820302,421149
2017-08-03,887.2885131835938,900.0658403500794,841.5848852608977,850.8812043861583,1577611
2017-08-04,879.2619018554688,889.0087468470246,874.5932945821887,876.3951886216596,569676
2017-08-07,877.9100952148438,883.7663985754951,873.1186106408506,883.7663985754951,119734
2017-08-08,873.81494140625,884.585610268621,867.6310927316731,884.585610268621,163103
2017-08-09,865.5423583984375,876.394912217959,857.1879796022666,876.394912217959,215316
2017-08-10,863.8223876953125,865.7061673164828,848.5468856358669,863.2899782434399,186856
2017-08-11,857.7615356445312,867.3855013106312,850.717631834458,850.717631834458,124920
2017-08-14,857.6383666992188,870.6614507283474,851.8230562158808,857.0650642507298,110435
2017-08-16,873.7740478515625,877.0911838983442,858.3346727319308,864.9281517608081,158759
2017-08-17,867.9176025390625,874.7567386923541,864.1908367396416,874.7567386923541,95935
2017-08-18,879.8348999023438,882.537840008791,860.8327330387373,864.1089756002548,1041386
2017-08-21,884.9541625976562,899.3287190011215,872.3815998650518,872.3815998650518,278475
2017-08-22,888.4762573242188,897.6906918896924,883.9304296120463,893.5953876383708,317112
2017-08-23,890.44189453125,895.6429101813364,886.7561212383226,888.7627800379389,140835
2017-08-24,895.8477172851562,899.3287255580357,888.6399425151689,888.6809355468749,290514
2017-08-28,901.1717529296875,907.8471192442892,890.7287264812862,896.8716832156399,440426
2017-08-29,898.3457641601562,902.236302261718,889.9912855101662,901.7857789093939,130593
2017-08-30,905.225830078125,913.0888926492872,895.72474611813,899.615284376218,180346
2017-08-31,911.2460327148438,916.5289343000502,903.0554256165412,905.8811450722569,246673
2017-09-01,920.8291015625,927.9958835404158,911.6146675908939,913.2527891858462,381082
2017-09-04,910.8366088867188,923.0405349041007,905.0621902138703,917.3481022982214,253049
2017-09-05,908.8297729492188,917.593782816921,905.2668787431203,910.8365317428376,109897
2017-09-06,913.989990234375,917.3481196041811,905.4717376985913,905.4717376985913,188337
2017-09-07,938.5618286132812,944.3771405314869,911.6147072086252,911.6147072086252,458818
2017-09-08,949.2916259765625,954.5745290269668,929.1017538830445,937.8247728586402,525066
2017-09-11,941.6741943359375,960.6764655429628,938.6437092643271,949.2096139463655,269992
2017-09-12,948.0217895507812,953.7552145858219,938.1930609192829,950.06944134901,372153
2017-09-13,939.8722534179688,965.1402587093365,932.9102367259839,948.5952707992336,221945
2017-09-14,935.0397338867188,945.4418654202464,927.7091801542224,945.4008723894718,158677
2017-09-15,931.763671875,937.0466747380299,921.074986981792,933.7294380569873,343204
2017-09-18,933.4013061523438,938.9709574282734,926.6850501869308,931.7631851868314,142088
2017-09-19,937.0464477539062,953.3866689685445,933.5244466983665,933.5244466983665,308302
2017-09-20,931.3949584960938,943.7627559126246,928.2415945827236,938.356974920704,106991
2017-09-21,915.1773071289062,935.6129283231343,910.2220506743308,935.6129283231343,194706
2017-09-22,901.5811767578125,913.1709070892977,896.0525163507126,913.1709070892977,188553
2017-09-25,888.55810546875,905.8812617086963,884.5037944262775,905.8812617086963,176657
2017-09-26,884.6676025390625,894.2915675097079,874.7569862680219,888.6810206936365,199970
2017-09-27,869.5148315429688,891.9571150401184,865.7471722657532,891.9571150401184,289462
2017-09-28,881.2684326171875,891.1381553047123,860.0138447334081,871.8902263987742,432667
2017-09-29,873.7330932617188,888.4351943737873,861.6519466710365,877.2141016014069,350390
2017-10-03,867.8768310546875,877.6646679131832,862.0615191878845,876.3950836399396,162664
2017-10-04,882.8655395507812,885.2817285980184,867.4671585541336,873.1186973232752,93257
2017-10-05,892.612548828125,899.1240425523335,880.777059628678,883.7666517093763,196711
2017-10-06,892.4896240234375,894.4962829976694,886.8790775192509,891.1381537018285,200780
2017-10-09,892.9400024414062,911.9831651515553,888.6809264736279,888.6809264736279,400904
2017-10-10,893.6363525390625,902.7688007455748,884.5446974009569,895.2334811535887,158830
2017-10-11,889.3359985351562,900.8028464073127,884.5854072806427,890.7283614978694,172358
2017-10-12,908.215576171875,922.2624893229068,888.1485859512611,889.5000563096597,389028
2017-10-13,894.4962158203125,908.4612414564743,891.9981405484687,907.5193016071231,227836
2017-10-16,871.0301513671875,913.9489564757209,864.3138929268432,900.1068092197371,864061
2017-10-17,853.3792724609375,868.2042495558125,840.3561887210034,866.1565980238412,1068481
2017-10-18,863.5357055664062,866.402417915364,841.6667256574184,855.0993406605621,477529
2017-10-19,857.4745483398438,866.4023287327925,851.8230102941802,865.7060472476089,24066
2017-10-23,869.5148315429688,874.7568400944413,853.870791946119,857.228920867485,369202
2017-10-24,866.1157836914062,877.9102789455214,858.4985784107316,869.5149059323603,149527
2017-10-25,853.3720092773438,875.2006807747393,851.7688166112071,874.789595438537,233101
2017-10-26,867.1024780273438,871.4188748454945,849.3024596475824,849.3024596475824,246290
2017-10-27,869.4867553710938,875.6118875852,863.3204744726064,869.0345212934801,560867
2017-10-30,875.6940307617188,877.6672606004677,866.8556953505196,872.3231508169519,183890
2017-10-31,875.32421875,879.7228127411752,869.8979111925382,878.9006418881461,276233
2017-11-01,855.3865966796875,877.256321837597,853.8656006365677,869.4456985410111,515883
2017-11-02,854.6876831054688,863.2793276979763,852.5911074502872,856.044184616021,718512
2017-11-03,850.49462890625,860.8540623116022,847.6581795078577,858.346400975949,575079
2017-11-06,858.510498046875,859.661556956278,845.2735714952947,850.1243980946649,130667
2017-11-07,849.8778686523438,865.7458043568369,848.4802185149626,865.7458043568369,381353
2017-11-08,839.2720336914062,852.5500634437002,834.58564958652,848.8914431316823,519376
2017-11-09,855.4276733398438,861.3884123688846,842.725173071296,854.2355656790991,657804
2017-11-10,854.7286987304688,859.9494629638265,847.6580502942381,855.05758710573,285218
2017-11-13,861.2239379882812,867.9656985988338,848.8913756304538,855.0576568093675,375262
2017-11-14,868.8701782226562,871.4188877375983,855.8798388898348,864.1015472365191,195563
2017-11-15,855.5919799804688,871.5009633425435,841.6972747376687,871.5009633425435,303034
2017-11-16,853.6600341796875,863.2793929850311,839.6830795405083,860.8128804336453,189549
2017-11-17,856.2086791992188,866.1569256673398,853.0021930516042,862.4571571191641,200181
2017-11-20,859.291748046875,865.745768126095,848.7679226862325,856.2086078469957,158045
2017-11-21,858.593017578125,863.6904364583316,853.4133013267475,863.6904364583316,162284
2017-11-22,851.6865844726562,864.9235116796386,848.4800989100637,858.757231891048,123848
2017-11-23,861.1417236328125,863.2793476592487,849.3024439352419,850.9467855498309,180623
2017-11-24,867.5958251953125,869.6512524049673,859.3741163566931,863.2794280550373,400899
2017-11-27,871.994140625,876.0639454168278,869.0343464617046,870.678687703827,276378
2017-11-28,866.6500854492188,876.3927878417649,858.6750700743386,872.446428832985,202577
2017-11-29,862.703857421875,873.967557195517,859.2096315346869,871.5010448045607,242920
2017-11-30,852.3032836914062,867.3489474155851,848.4801698303993,865.7457546815992,222416
2017-12-01,845.7261352539062,861.635122451835,843.1362767885083,853.3722645771513,184763
2017-12-04,849.4257202148438,855.0575697120539,840.2584963901145,842.7250086104377,112902
2017-12-05,849.0145874023438,858.3462047085934,844.2459572311316,852.5910098494362,196195
2017-12-06,855.1397094726562,863.1970223314318,845.1914642557907,849.3023176811594,482943
2017-12-07,863.8959350585938,866.5679900563957,855.0575992966334,862.4571362136235,121780
2017-12-08,879.2705688476562,883.0114863323934,864.9237277669254,871.5832915298628,297628
2017-12-11,887.862060546875,904.7576063407354,883.0112338822597,883.8334044910887,449190
2017-12-12,877.29736328125,891.8085971313856,875.6118730519145,891.8085971313856,82879
2017-12-13,863.8547973632812,880.4627073169182,860.812805625993,876.0229650377224,197393
2017-12-14,869.651123046875,874.3786049258819,861.840500811994,869.32223466972,227181
2017-12-15,881.6959838867188,895.9194784751601,868.2535114113537,871.5010459185387,281444
2017-12-18,890.31982421875,898.6548186033045,869.8124076212791,884.9970086989699,282723
2017-12-19,886.5648193359375,891.3512018962015,882.2322631691655,890.4434483708392,151276
2017-12-20,893.9921264648438,900.3465023639924,881.9847153084481,887.1425206611291,178230
2017-12-21,899.9751586914062,903.5649709815112,888.792996664572,899.5212315361035,195781
2017-12-22,900.8829345703125,906.9484935194213,896.220258382249,900.3878054039664,214319
2017-12-26,894.446044921875,901.8320833898907,891.3926641342816,899.5626488012103,47474
2017-12-27,890.8148193359375,898.1183521548504,887.1425022962044,893.7857957482876,103123
2017-12-28,895.97265625,901.0892596778175,888.7930313892855,894.5697734688815,410652
2017-12-29,907.7736206054688,910.6619912164861,892.9191431773792,892.9191431773792,224142
2018-01-01,909.9196166992188,926.7134153524017,903.3589267996513,904.0603683709237,334274
2018-01-02,908.3927612304688,915.8613043549303,895.2712830736465,910.2495713261022,322121
2018-01-03,906.4120483398438,917.3878982686332,901.5843627464982,908.3926657146068,351927
2018-01-04,903.1112670898438,912.725438556863,898.6137001156457,912.725438556863,104294
2018-01-05,908.3514404296875,915.2010467194282,899.1499956183084,899.5213173346949,311773
2018-01-08,922.3807983398438,925.1041604277234,913.179352267974,916.0264211193336,284048
2018-01-09,924.77392578125,927.5797922756702,914.7884339302317,923.7423646243598,185544
2018-01-10,922.8344116210938,928.4873453921356,918.7494706175164,922.6280994342793,159804
2018-01-11,928.4463500976562,935.0070388036122,921.803055907886,925.516676097309,295973
2018-01-12,940.4533081054688,944.8683680790278,927.2081281847913,927.538147042422,304274
2018-01-15,941.361328125,944.9099384950518,935.4195766673723,935.4195766673723,172721
2018-01-16,933.480224609375,948.1695931893919,930.0554218523931,936.6987151609771,292396
2018-01-17,942.310546875,944.9101013626739,930.8808684166779,934.965810655592,216010
2018-01-18,956.628662109375,961.6214591762613,942.7645384595986,945.7354149032357,353631
2018-01-19,949.8201293945312,961.1673011511114,945.4050681678299,957.2886718278528,135295
2018-01-22,967.6456298828125,968.8422004824304,946.5191776291103,949.0362270483773,167067
2018-01-23,954.9365234375,967.6453731670449,945.9825954706719,967.6453731670449,256965
2018-01-24,952.5848999023438,960.9610961244227,940.7837996638335,949.0362891345688,313907
2018-01-25,949.861328125,957.9900083092376,945.1161477281984,950.6865768896612,297309
2018-01-29,948.0460205078125,961.6626279882316,932.8614198971205,959.6820103888551,108093
2018-01-30,939.6283569335938,949.2425265569406,936.6987838454146,944.9099699262742,85730
2018-01-31,925.3927612304688,942.4341698255157,921.5141320002704,936.6574279789495,86920
2018-02-01,932.9027709960938,936.781502068598,918.5022150182612,929.2304529295257,120516
2018-02-02,922.3394165039062,940.7424057980403,918.5844938630759,927.579726662552,258400
2018-02-05,926.465576171875,939.5044466380207,897.8706853911094,908.5989196834664,1051990
2018-02-06,907.9387817382812,913.7155239253703,892.9192923472052,909.4242700246027,755874
2018-02-07,907.1548461914062,917.6354668436334,902.4509677937526,916.0262717966441,298648
2018-02-08,908.4752807617188,919.0797095550267,906.5772686316618,912.3127085028293,160079
2018-02-09,908.4752807617188,916.0263287545368,898.9437158920406,906.12334141665,270893
2018-02-12,902.73974609375,915.2009837043557,897.9945651593046,915.2009837043557,167510
2018-02-14,904.7615966796875,909.8368974799748,897.4581641809275,903.6475308304512,70696
2018-02-15,898.5723266601562,911.7351082599995,894.6523940272525,908.5991218583164,106464
2018-02-16,888.4216918945312,903.853805131205,881.5307833897892,903.64749291821,214405
2018-02-19,885.161865234375,897.829414488726,874.7637502377162,884.6667360894639,115974
2018-02-20,881.159423828125,888.7929753808387,878.1060435023918,888.7929753808387,114866
2018-02-21,891.8877563476562,898.6547570905144,880.6230886180714,881.3658327821391,443620
2018-02-22,860.0332641601562,897.0456616049139,853.3074646729356,897.0456616049139,726558
2018-02-23,866.3462524414062,874.268620974052,860.3218957537255,862.3850178058926,248270
2018-02-26,868.8634643554688,875.1766398970335,864.8610265083367,873.9387662903899,185744
2018-02-27,865.8098754882812,878.6424350238468,861.2710066855616,869.1933757208128,434248
2018-02-28,859.16650390625,865.6859895615869,849.1810135928245,865.6859895615869,412526
2018-03-01,872.20556640625,883.0163066483794,856.7321498177854,861.518532906117,1128302
2018-03-05,865.1085205078125,870.5963454721956,857.4336649248679,870.5963454721956,285627
2018-03-06,856.9796142578125,868.9045203922993,854.9577949030573,868.9045203922993,92786
2018-03-07,863.375244140625,868.7393612777248,850.0062540327426,858.0111270035252,209926
2018-03-08,855.8244018554688,866.5526374277955,850.1301643655557,865.6035810564117,133565
2018-03-09,856.319580078125,868.1205794404221,854.9578991836764,856.6909018046128,372138
2018-03-12,861.5184936523438,869.3996604376641,853.8024370794776,856.608303307352,211717
2018-03-13,862.3026733398438,866.5114229608307,856.5671325257772,864.0356760380854,178164
2018-03-14,853.8025512695312,863.2104095325755,849.5938017340214,863.2104095325755,264531
2018-03-15,860.1981811523438,863.3753693080231,851.6568750819042,859.084115271572,138329
2018-03-16,861.93115234375,864.7783214225292,854.1738934631529,861.3122156838052,306314
2018-03-19,853.3071899414062,862.426228736612,842.4964516865346,862.3849260046127,398192
2018-03-20,862.9681396484375,865.9534509070669,847.5438965083523,856.6242899564281,224802
2018-03-21,864.8341064453125,871.9657125697773,861.9731025717587,870.3071948093022,204119
2018-03-22,866.7413330078125,872.2145225483841,848.4976884275578,864.0877451070849,496563
2018-03-23,860.1072998046875,864.91704196738,854.5098021697117,859.9414885140682,182599
2018-03-26,865.5388793945312,867.8193411126965,858.904808941687,865.33156469288,187429
2018-03-27,865.7047729492188,869.0633119263501,859.4024256655601,869.0633119263501,241624
2018-03-28,876.443603515625,882.3313204648813,862.4291102288313,862.4291102288313,793969
2018-04-02,876.6924438476562,886.3119277984987,870.9291351464601,881.4192801809958,462560
2018-04-03,899.7457275390625,901.4042450091806,877.5630563762331,878.1850004275274,322658
2018-04-04,905.0531616210938,909.6969911021996,893.1533169420443,900.5751434247848,303460
2018-04-05,905.0116577148438,912.1432638315323,895.7239987574668,912.1432638315323,188886
2018-04-06,909.1995849609375,919.3165042376771,898.8338474938251,907.2093431216709,198083
2018-04-09,908.2872924804688,913.3871536142287,902.2336621604784,902.2336621604784,191641
2018-04-10,905.0531616210938,912.1847677414946,898.4604927902277,912.1847677414946,308467
2018-04-11,908.5774536132812,912.5993386767295,902.0262886375398,904.7213798239999,442967
2018-04-12,914.5895385742188,919.7309025745327,905.8823212902848,911.7700384462262,326462
2018-04-13,909.8212890625,916.3309502280467,903.2701244668777,910.5261387786383,200357
2018-04-16,911.562744140625,914.2578352649889,901.8604565840676,903.8921001712815,169508
2018-04-17,911.3555297851562,920.4773776719958,907.2092352911382,913.843306481567,279221
2018-04-18,916.5382690429688,920.684562954043,905.7994083044379,913.5943598749545,400221
2018-04-19,921.5969848632812,932.4188554859693,918.0312318402124,927.940836565274,748038
2018-04-20,914.009033203125,923.8772334314289,911.6042636014059,923.8772334314289,224510
2018-04-23,916.4967041015625,920.2698717985535,912.4334173237222,913.9260222948047,326504
2018-04-24,912.1846313476562,924.5820092552765,908.8675963245739,919.6479601495917,405187
2018-04-25,920.3529663085938,923.7944109756705,911.6043456846531,912.6823215136881,367959
2018-04-26,914.6725463867188,924.2090235249302,910.9408814195924,924.2090235249302,225116
2018-04-27,914.1334838867188,923.5455517001982,913.0140046715275,919.2334461202436,209315
2018-04-30,931.4234619140625,939.5502388044065,913.3041770247086,916.16518067748,480003
2018-05-02,936.772216796875,946.6818188930624,926.9455203345035,939.3844022432978,254645
2018-05-03,914.050537109375,940.379504724002,908.0384106461923,940.379504724002,203051
2018-05-04,910.8579711914062,917.1188149791086,909.0335409243728,912.1847651496823,317837
2018-05-07,914.3825073242188,918.6946138722861,907.2508997741484,910.5264325147082,356217
2018-05-08,908.7849731445312,915.4190452525627,900.782603418637,914.3824714856828,234275
2018-05-09,906.7115478515625,912.0602263590024,901.8189009251063,905.5920687718514,115423
2018-05-10,908.8262329101562,916.9530104598763,899.3727626202624,911.314009560737,273627
2018-05-11,919.6481323242188,922.0530034117636,906.8361226400751,909.6970253919459,288500
2018-05-14,921.5139770507812,928.7699926181102,916.8701473332699,928.7699926181102,154803
2018-05-15,954.8917846679688,959.3698037300571,920.4775345040777,921.3067935441713,772688
2018-05-16,977.0327758789062,979.7278672498134,945.3136235905386,958.1257340751237,981652
2018-05-17,975.2913208007812,986.5692210026406,970.2328620221408,986.5692210026406,373318
2018-05-18,1013.5200805664062,1016.5468954788622,972.7205874656496,974.379105091337,834486
2018-05-21,1002.1177368164062,1062.860942731238,962.7694480152878,1015.8420101797825,4499036
2018-05-22,1020.4856567382812,1044.8658808708396,974.9593373976224,983.5007418355681,1838786
2018-05-23,1024.0103759765625,1032.8005004448792,1012.1105305009711,1019.9884903860668,340905
2018-05-24,1037.693115234375,1041.5491894056995,1023.0152730404363,1032.427341409312,532896
2018-05-25,1042.7099609375,1054.8171183077216,1028.446649858879,1036.5734260099464,438082
2018-05-28,1041.2589111328125,1053.6562906382837,1036.5735783132588,1044.866166939765,198782
2018-05-29,1038.7908935546875,1052.761969247578,1029.3792820446274,1038.2053230208476,289834
2018-05-30,1046.15283203125,1051.6742899685275,1031.7635656344037,1031.7635656344037,410286
2018-05-31,1053.8494873046875,1061.3787766222895,1044.1033222749204,1050.75415365646,820342
2018-06-01,1043.3082275390625,1057.4047061749322,1040.338403253847,1053.2636389913591,240385
2018-06-04,1032.14013671875,1051.5908019091946,1029.0865710062822,1044.0615121580547,241454
2018-06-05,1033.1021728515625,1053.974995151841,1029.2120196156677,1037.4106199381442,582197
2018-06-06,1029.3792724609375,1044.0195568958386,1025.4892214376796,1044.0195568958386,395779
2018-06-07,1032.6002197265625,1041.5516671008306,1021.4735626747905,1031.4707446545817,439639
2018-06-08,1028.961181640625,1044.0616331290476,1027.6226615098394,1030.676227576111,288154
2018-06-11,1028.8775634765625,1037.285312353555,1025.280296937123,1037.285312353555,209607
2018-06-12,1025.2801513671875,1030.8433781714264,1016.6632567477573,1030.6761014714973,378780
2018-06-13,1036.531982421875,1047.7422761025932,1020.9714742967013,1023.7740221862547,408747
2018-06-14,1030.5924072265625,1048.2443872578772,1028.2917910534106,1046.320194700414,461262
2018-06-15,1020.1769409179688,1034.775459144897,1017.2907538879414,1027.204298787096,291157
2018-06-18,1008.0046997070312,1028.9193955175242,1005.5785745685064,1020.553517193327,202361
2018-06-19,997.5471801757812,1008.339181781761,990.9799872456665,1002.2320508068015,130994
2018-06-20,997.798095703125,1007.2097072032605,994.0753213365242,1007.2097072032605,266804
2018-06-21,985.2911987304688,1000.9772186635583,982.6141588442317,999.7223370689112,155536
2018-06-22,987.1314697265625,993.0294529880046,974.5826560830747,986.7550461662606,291941
2018-06-25,987.5499267578125,995.5393802805017,985.5421979409801,991.3564417078945,100835
2018-06-26,994.9956665039062,998.0492323585122,982.9906521552824,987.173591100624,161003
2018-06-27,988.3864135742188,1004.1979401890799,987.1734023610009,996.6686515270044,243777
2018-06-28,966.7191162109375,990.8127846509043,960.1936902311852,989.6834114950922,308246
2018-06-29,991.2308959960938,993.7825292788131,965.8404802359624,968.7685371271066,260757
2018-07-02,976.92529296875,993.2806234581266,973.7880890735389,989.683255475942,120429
2018-07-03,962.4943237304688,981.2756801589397,957.4747966184455,977.9711989925406,205116
2018-07-04,975.62841796875,991.0216502284832,962.1176099309433,963.1633444306194,592588
2018-07-05,961.6156005859375,979.6022344463502,959.1477079517696,971.7801606106267,186975
2018-07-06,957.4744873046875,972.9513575669301,953.7098431868446,963.3306003768874,192169
2018-07-09,962.11767578125,976.2977957183844,957.8928672643959,957.8928672643959,461324
2018-07-10,966.3841552734375,982.1538105983216,962.9959347541426,962.9959347541426,595444
2018-07-11,955.8015747070312,972.3241839853366,954.5466929896917,963.8327972734979,234492
2018-07-12,962.6197509765625,974.0809627313504,961.0302137675875,963.3308301661606,471296
2018-07-13,970.44189453125,976.2561391710208,964.585779650458,966.2589553306843,484010
2018-07-16,955.8850708007812,980.4388989912449,947.2264086643,974.6246554152436,259811
2018-07-17,940.9102172851562,965.1712624402118,938.9861267015491,959.3988885668604,221196
2018-07-18,926.4789428710938,953.2916176342532,918.9915243275358,945.3440350387942,398169
2018-07-19,940.8684692382812,942.8344301010308,919.4518424484253,925.6425103358014,206378
2018-07-20,941.2030029296875,951.8276255342373,936.2671152314839,939.4879573499877,285234
2018-07-23,930.4109497070312,947.5191258286034,928.6122658846439,942.1231764839546,141060
2018-07-24,935.1377563476562,938.6513837801782,928.1940377041959,930.4527836075999,138451
2018-07-25,940.7427978515625,944.5074422182428,934.0500967552418,941.1610916700824,271152
2018-07-26,907.739501953125,951.9949084744613,903.1800378290374,948.5231513046072,1540384
2018-07-27,922.3378295898438,925.0148690625518,893.0991338001493,908.6596427455984,625412
2018-07-30,939.530029296875,947.8540375864155,920.8740793232541,923.0910575585336,267292
2018-07-31,958.1021728515625,961.2393770848682,939.4880944006153,939.4880944006153,383016
2018-08-01,939.2788696289062,966.1751854518253,936.9782533817636,958.102093469165,336068
2018-08-02,933.04638671875,945.3441861676708,930.3274764487986,936.1417206386051,146412
2018-08-03,939.4459838867188,948.7321877402674,932.7951534621576,948.7321877402674,302274
2018-08-06,940.7427978515625,949.5269680404832,938.2330349404423,938.6513287589622,159350
2018-08-07,957.85107421875,961.2392953516364,935.9743869233449,940.7428961034946,315196
2018-08-08,961.11376953125,973.6625851724009,956.9308309841996,969.6051552062668,547439
2018-08-09,951.4093017578125,969.6050830840226,949.5269795516529,961.1136980406214,269399
2018-08-10,952.32958984375,957.4327543998195,946.640854745476,951.618510721781,151149
2018-08-13,945.260498046875,953.5427370114822,939.488022276238,953.5427370114822,95364
2018-08-14,945.845947265625,956.9726035137799,941.9557943895401,945.1767384399357,183948
2018-08-16,954.1282348632812,956.7216362082438,941.9977136835201,944.5911150284827,212648
2018-08-17,955.9686889648438,962.9124074698019,949.9871688267081,957.8928814534519,850909
2018-08-20,959.4822998046875,963.0795650647397,956.5123730965871,957.8927630048944,421273
2018-08-21,975.62841796875,979.3094238321115,956.5542819681649,961.1555137667394,1272923
2018-08-23,996.8779907226562,999.7642798733644,975.8796576058791,982.9487835865012,974781
2018-08-24,978.6404418945312,995.5394744778306,966.6771955959103,995.5394744778306,867273
2018-08-27,968.68505859375,991.356568123804,966.2589334877582,985.3331766601677,428080
2018-08-28,966.091552734375,975.9214585749128,962.4105462929876,972.1149435493538,469078
2018-08-29,963.0797729492188,970.2326390310086,959.1478513895679,963.330790122187,348727
2018-08-30,964.9618530273438,969.6049547034404,960.4024918028902,964.5854294849585,297164
2018-08-31,977.9708862304688,986.6714175333253,961.9084454578937,962.5776542519548,897850
2018-09-03,982.6978149414062,1002.566773882177,958.1021148175887,981.5265716740763,1301037
2018-09-04,957.390869140625,988.8465424523397,952.8732756795388,983.5759997273208,343152
2018-09-05,955.0904541015625,969.061429100145,942.1233435843336,952.8734760724977,396085
2018-09-06,953.7520141601562,973.1608113277348,950.7820864594632,950.7820864594632,360631
2018-09-07,955.1740112304688,965.7986342243562,950.7819257836022,953.70998274818,325959
2018-09-10,942.7925415039062,957.8093531685107,941.161236210154,954.3374935170962,200083
2018-09-11,917.5693359375,945.3440038749086,913.8464597814768,941.9976534187143,225671
2018-09-12,926.4789428710938,935.2213449996075,900.1683023909227,900.1683023909227,557593
2018-09-14,939.6552124023438,957.8928641139566,929.5743924421653,929.5743924421653,389078
2018-09-17,932.167724609375,938.6512784489287,928.4867187791912,938.6512784489287,173954
2018-09-18,938.9022216796875,951.0327408118669,926.897108978461,936.9361592947474,434761
2018-09-19,933.29736328125,944.9259545497071,922.9236537585429,944.9259545497071,422646
2018-09-21,928.2359008789062,949.8616719750845,910.2492657649926,939.111540715226,934009
2018-09-24,913.4700317382812,938.5257898075364,910.2073196349405,928.2358234785524,606714
2018-09-25,917.9041137695312,931.0386037957976,905.1043814177672,918.4061481587481,328655
2018-09-26,918.1132202148438,931.080330831719,911.7134053826051,926.1026743794151,605730
2018-09-27,922.9234619140625,928.6122988279611,910.2910087238791,927.2737790019016,510867
2018-09-28,904.7275390625,924.6383630285134,882.9344952856565,922.8396794232746,333393
2018-10-01,914.5159912109375,927.7758876660579,904.811592972752,904.811592972752,635441
2018-10-03,911.2112426757812,924.4293686144795,904.3512646807714,914.5158252217146,165735
2018-10-04,894.2286987304688,913.5119857916418,886.030097635036,910.6257987988025,287027
2018-10-05,894.7723388671875,902.6780511071184,884.1058466043369,889.2926490517766,300460
2018-10-08,872.1846313476562,904.3513906565955,864.3624539025085,899.2899937359155,333503
2018-10-09,878.2079467773438,880.4249246288167,851.8972531393734,875.9073305795465,335911
2018-10-10,880.7176513671875,887.9959230965657,871.849842673199,878.0406117275927,603865
2018-10-11,919.8700561523438,924.4294183167519,868.5035504023652,879.2536820370193,576966
2018-10-12,920.1209106445312,926.1025327939458,912.3407067373873,920.1627808762295,319018
2018-10-15,918.8243408203125,962.0758854292977,895.3580142440921,925.2241552297132,381407
2018-10-16,919.4934692382812,935.0122110546653,912.1315591633854,921.9195938571454,300902
2018-10-17,907.4467163085938,930.2856033550826,903.9330885118405,921.9197256270692,315135
2018-10-19,920.162841796875,921.8777853272645,906.0244890865325,913.5537784695231,251168
2018-10-22,940.9520263671875,949.4434120440833,919.4098928451114,926.1025945218729,411976
2018-10-23,949.6942138671875,952.8732876336703,936.978123046278,941.9976487054546,850666
2018-10-24,933.3390502929688,961.0719518541546,923.5927835564788,957.8928778733408,478226
2018-10-25,930.4527587890625,940.9101045861096,919.8700065404647,928.6123067777892,394220
2018-10-26,925.8096923828125,935.3049412636254,913.5536635598202,927.7756528276929,245581
2018-10-29,921.9614868164062,952.8314902834899,905.480648368032,928.6959563173948,1790022
2018-10-30,920.5809936523438,945.3439656011103,916.4816940849703,925.2239934488272,729179
2018-10-31,934.886962890625,938.526099771328,918.1552051655132,921.0832627674077,549818
2018-11-01,927.9013671875,943.1690943465178,919.5354892921478,936.9783242794506,498464
2018-11-02,927.022705078125,936.5179539744918,921.0829535045505,932.795179979631,551530
2018-11-05,934.8595581054688,939.5784967988728,928.6237699303657,934.985979373135,275472
2018-11-06,926.5593872070312,941.2639621209581,923.9049517005333,935.4495088365251,164065
2018-11-07,929.8456420898438,932.8371664707479,926.9384671344378,932.8371664707479,20542
2018-11-09,930.6463623046875,936.1237266846729,927.9076801146949,934.5226303697978,169483
2018-11-12,920.2393798828125,938.3568156987916,916.8265194318759,930.6463515110512,237840
2018-11-13,933.005615234375,935.5336291154636,918.5117101288596,923.9890735378849,258616
2018-11-14,936.8397827148438,941.0109643476825,926.559234385641,938.7357930688877,394506
2018-11-15,948.426513671875,953.9881234766641,935.7864446313791,938.0616159126103,445589
2018-11-16,967.0496215820312,974.9707528523937,948.8479409782154,948.8479409782154,504729
2018-11-19,969.6199340820312,974.760209404713,958.9179448423426,969.0721770610935,174218
2018-11-20,975.771240234375,986.4310532936639,968.9456229308296,969.0720442052785,597121
2018-11-21,977.5409545898438,983.945236367722,971.7685734682802,976.6139337995605,245655
2018-11-22,967.7239379882812,983.1447641903733,963.8054950746161,976.6562350089443,128790
2018-11-26,1010.7423706054688,1014.1552316003002,969.9149743015751,972.6536568962581,795902
2018-11-27,1043.7747802734375,1046.5977084308784,1000.3350355286585,1009.5201728664994,1080533
2018-11-28,1034.758544921875,1064.8419826112013,1023.8459889022827,1044.7442856243047,851372
2018-11-29,1036.78076171875,1048.6624081756797,1023.4244402758322,1034.8426791705494,994835
2018-11-30,1027.7642822265625,1044.617711680152,1012.8911101607357,1038.8454326653316,456503
2018-12-03,1072.846923828125,1081.1472150777902,1032.3144572263743,1036.48563877294,791203
2018-12-04,1039.603759765625,1079.5464083383465,1037.1179200551726,1073.01570439325,651708
2018-12-05,1032.061767578125,1040.6991491806364,1017.1465253715589,1038.5082241764455,484946
2018-12-06,1006.3182373046875,1028.6912061788312,1002.8212329651286,1023.8458451831086,352042
2018-12-07,1040.6148681640625,1052.8336027094265,1014.1127925517491,1016.3038203485589,661498
2018-12-10,1013.6913452148438,1032.2722875365591,1005.8545642612032,1020.4748899647127,383976
2018-12-11,1048.198974609375,1076.9340487647287,1002.7789655947005,1002.7789655947005,948297
2018-12-12,1072.6787109375,1078.1982507489927,1042.3847097901555,1049.9687537579093,815967
2018-12-13,1098.4219970703125,1108.1127166455396,1075.4592050333613,1080.3045648209747,1236749
2018-12-14,1105.2900390625,1119.0676968352925,1097.1582389153243,1099.6862532907053,898326
2018-12-17,1096.315673828125,1112.3264330923328,1090.5012196275613,1105.2901463045193,483759
2018-12-18,1104.57373046875,1108.112909261009,1087.2567917673132,1095.4728380527085,536529
2018-12-19,1120.87939453125,1131.7077015568816,1105.5848878947347,1105.5848878947347,665303
2018-12-20,1119.236328125,1124.9665358958603,1114.6016345314217,1120.3740170264778,295111
2018-12-21,1118.267333984375,1129.0113963661152,1112.410704927769,1112.410704927769,448000
2018-12-24,1108.36572265625,1127.2836542539735,1104.9106876581295,1123.2809651433727,397614
2018-12-26,1097.28466796875,1108.9134724586575,1089.6163782155534,1099.8126823620128,522671
2018-12-27,1095.7679443359375,1115.6549726127123,1089.5743289324434,1098.1274658540212,890033
2018-12-28,1112.4527587890625,1118.7727947975616,1097.2004257949184,1097.2004257949184,337967
2018-12-31,1132.17138671875,1141.6514415270508,1112.4949240022675,1119.9947212680922,538109
2019-01-01,1115.6126708984375,1137.6063735473203,1106.0483712197938,1137.4378804158216,534537
2019-01-02,1096.989501953125,1114.6434239380455,1093.1131318136338,1108.1127215864901,396926
2019-01-03,1107.4810791015625,1113.08486545434,1087.9311403844754,1096.3156811193705,407748
2019-01-04,1103.9837646484375,1119.320445626392,1102.2984218727388,1107.3123783495382,420325
2019-01-07,1098.000732421875,1112.2839701818395,1094.5036258630037,1109.882377487485,416743
2019-01-08,1104.53173828125,1110.2619459886894,1091.259661319259,1100.0234660449746,297256
2019-01-09,1098.4642333984375,1114.5170602240194,1096.526048228611,1108.9554501201553,373875
2019-01-10,1117.2979736328125,1121.5534022696672,1100.613039606002,1103.0146324021696,515428
2019-01-11,1111.86279296875,1122.9439430037635,1105.8377744507568,1119.0255002255433,180499
2019-01-14,1100.3182373046875,1112.3684800923063,1097.284640681246,1112.3684800923063,385521
2019-01-15,1115.90771484375,1124.966433314258,1097.242520864041,1097.242520864041,325514
2019-01-16,1121.385009765625,1131.2863991060315,1116.5396490245748,1116.5396490245748,791151
2019-01-17,1117.887939453125,1132.2976008614326,1113.5903355755831,1117.8458675991812,246007
2019-01-18,1104.57373046875,1122.2276554436112,1100.6552878211444,1120.7529804693095,204682
2019-01-21,1106.6383056640625,1115.3178629329857,1104.9951374470654,1105.7534594763445,260338
2019-01-22,1100.992431640625,1114.51724678612,1098.0009068266877,1114.51724678612,198459
2019-01-23,1101.58203125,1126.7357483957028,1097.7057639333755,1098.8855242989082,474354
2019-01-24,1113.927490234375,1120.7531088959697,1093.8718671396405,1108.1972828172582,1359904
2019-01-25,1085.61376953125,1118.4779590888236,1077.6926366033124,1118.4779590888236,786966
2019-01-28,1065.220703125,1097.9163886658703,1062.2292819162096,1088.6470049456914,580619
2019-01-29,1064.926025390625,1076.512757615449,1056.7521536217246,1065.9793646837907,272817
2019-01-30,1072.6365966796875,1088.2260197749606,1067.7069888685417,1069.4765784846998,568374
2019-01-31,1078.70361328125,1087.0460805187276,1074.3217632500287,1078.619366716257,529589
2019-02-01,1089.953369140625,1104.615873256887,1080.8946508596075,1084.0546688646136,481876
2019-02-04,1086.5826416015625,1107.2702664937642,1082.832794858818,1082.832794858818,255403
2019-02-05,1087.97314453125,1103.8996563291864,1083.8440336406484,1088.7315694483275,276094
2019-02-06,1091.1751708984375,1101.3714738399149,1087.9729785660002,1091.5543318665507,204718
2019-02-07,1093.49267578125,1105.0794087285879,1091.259575767456,1098.843619151168,286386
2019-02-08,1087.8887939453125,1110.1774116682277,1079.4620798171536,1092.607733284049,301738
2019-02-11,1083.507080078125,1092.9449599431289,1071.4568362125585,1081.9902301981322,400561
2019-02-12,1074.1953125,1089.152729089037,1072.2150553837785,1088.7313934104727,209471
2019-02-14,1051.696044921875,1060.1648304748824,1044.9967458084311,1047.440513355502,495411
2019-02-15,1039.7301025390625,1057.5526235001655,1024.4777705341244,1057.5526235001655,458077
2019-02-18,1037.707763671875,1049.4209179384977,1021.3178443618076,1033.9157419725118,223336
2019-02-19,1052.79150390625,1061.3446392777494,1036.4858327206287,1036.4858327206287,626688
2019-02-20,1049.25244140625,1068.5074646560793,1043.859323219809,1057.552735128848,482015
2019-02-21,1044.238525390625,1054.139915930333,1042.0897746947312,1053.3394191178745,174425
2019-02-22,1057.931640625,1060.9231648809302,1038.1710398199411,1044.9124102083824,215655
2019-02-25,1065.1788330078125,1084.0967649461163,1060.8811265406148,1060.8811265406148,603992
2019-02-26,1049.2105712890625,1065.0949131420123,1045.7556377004819,1060.081057395009,552155
2019-02-27,1064.2098388671875,1082.4115223682315,1045.7553127746014,1045.7553127746014,870550
2019-02-28,1058.7744140625,1086.7511655925102,1050.9376319490195,1070.1926524054882,494334
2019-03-01,1049.92626953125,1065.894952452904,1047.5246768891184,1058.8164929299246,330433
2019-03-05,1043.395751953125,1060.754866176969,1040.8256657405889,1041.6261624748677,410588
2019-03-06,1075.0380859375,1080.304782419655,1047.4827710889308,1050.8112821195864,582752
2019-03-07,1068.9287109375,1093.7875181686047,1063.4513466323413,1079.7149464075708,541393
2019-03-08,1054.7716064453125,1070.1925321091649,1050.8532672615975,1068.5071895389142,347589
2019-03-11,1072.1729736328125,1076.6391733589005,1055.7408807440524,1061.2604197578814,577449
2019-03-12,1082.49560546875,1098.1692721480754,1074.405981008307,1077.7766664389212,635429
2019-03-13,1075.45947265625,1086.3720271387015,1069.0130152833567,1082.495758917049,301463
2019-03-14,1080.64208984375,1090.4170599160186,1073.5214530424971,1075.459638885486,319881
2019-03-15,1072.5941162109375,1089.6161377548563,1068.5071810834504,1076.9338938680203,659113
2019-03-18,1083.59130859375,1097.790302876574,1077.313344163895,1078.6195261424025,609642
2019-03-19,1086.83544921875,1093.7032417717264,1081.990088619403,1085.2765276859056,184333
2019-03-20,1086.8778076171875,1102.6357244746898,1079.6729247101232,1087.0463007813144,582461
2019-03-22,1064.926025390625,1092.0600044365099,1061.9766753697606,1092.0600044365099,477056
2019-03-25,1038.7608642578125,1061.6815852021675,1034.1261721350565,1050.8111049230374,466640
2019-03-26,1058.0582275390625,1063.3249239795696,1038.213377070331,1045.755245227071,285446
2019-03-27,1065.8109130859375,1075.248792374505,1058.0162020126897,1064.2518885791526,330833
2019-03-28,1054.9404296875,1071.7096124471127,1053.339333327808,1060.9233765277681,353385
2019-04-01,1060.2491455078125,1079.7991842817273,1056.7099666698166,1066.8220237671353,270314
2019-04-02,1049.715576171875,1066.0213477913603,1044.9123910044455,1057.552460250467,201093
2019-04-03,1053.4234619140625,1063.4512718172248,1049.9685298607465,1049.9685298607465,183368
2019-04-04,1053.760498046875,1058.016029408959,1046.597791742678,1049.1258057323946,299836
2019-04-05,1039.9478759765625,1061.8536413131183,1038.083603943094,1059.0995419557182,295109
2019-04-08,1033.761474609375,1050.286065437681,1027.9142910120568,1039.7780998118662,438867
2019-04-09,1042.99853515625,1046.388195519521,1030.4567504344564,1038.8461805223976,256169
2019-04-10,1028.25341796875,1048.4642457430066,1025.5416278065416,1045.7101468958338,469806
2019-04-11,1042.9136962890625,1044.8627923483425,1023.7198275061688,1025.3722455324366,275042
2019-04-12,1026.855224609375,1047.3626281960321,1024.2705672341128,1042.320549840752,527310
2019-04-15,1030.117919921875,1037.7446568957944,1022.0251666438714,1031.3043219177773,387657
2019-04-16,1035.4564208984375,1045.2016935086433,1030.7109175336152,1037.235971729719,505126
2019-04-18,1031.26171875,1040.5409757492732,1028.761885693754,1038.9308664419625,275564
2019-04-22,1022.4061279296875,1032.0666789611716,1021.1350055161819,1030.4141577570902,218792
2019-04-23,1025.41455078125,1028.931240236966,1016.0505737571789,1021.982478691541,173782
2019-04-24,1029.4822998046875,1031.3889839394453,1019.2710090606369,1029.6094327691849,222638
2019-04-25,1017.4066162109375,1033.846490935979,1015.4152112819976,1032.1516606229693,254303
2019-04-26,1020.3724365234375,1029.6092812166114,1015.8811988447445,1028.97371993191,212452
2019-04-30,1023.8046875,1026.6010955741492,1008.2122272388103,1021.135308949583,286865
2019-05-02,1010.5000610351562,1037.1936357980433,999.9497847684661,1024.524821851759,361969
2019-05-03,992.19580078125,1011.3897706149847,985.7978797994788,1006.7289882619203,405179
2019-05-06,986.6876831054688,997.1532381815235,977.5779714072776,984.9928530220843,368364
2019-05-07,981.8572998046875,995.5430712014388,976.7303982546932,988.0857786640295,295446
2019-05-08,968.0869140625,983.2979718935482,966.3496719395275,978.8914552831882,318621
2019-05-09,973.1715698242188,976.8578050033095,958.4265256636244,971.9851679364962,411275
2019-05-10,958.7229614257812,978.6796265085983,953.5537504967351,978.6796265085983,421094
2019-05-13,954.2741088867188,963.6803956646075,947.8337749136559,957.4943275953624,322900
2019-05-14,951.4353637695312,954.3589046719583,934.7413266201614,954.1470508835438,434648
2019-05-15,949.4860229492188,955.968767893583,942.0288335845524,950.7571453522626,250551
2019-05-16,949.6132202148438,957.0281014016252,935.9698595200085,957.0281014016252,339094
2019-05-17,968.0869140625,973.5951115475567,941.478062445845,949.1047974251543,659027
2019-05-20,989.9926147460938,994.5686766244336,964.612575822779,980.247341842537,620307
2019-05-21,981.2219848632812,998.9329815010393,977.6627793046183,987.3657444627843,340988
2019-05-22,975.7135009765625,990.8398357012508,971.1374399945549,983.8486630311329,138384
2019-05-23,977.323974609375,997.3229522941232,973.9343138680877,977.9171238614057,338959
2019-05-24,984.3570556640625,988.7212627709604,974.9931837656172,978.764138419078,161321
2019-05-27,1000.0767822265625,1007.5339717818922,981.85736065044,981.85736065044,825973
2019-05-28,996.3906860351562,1011.7288781956909,982.1540714050045,1007.5765236415448,489968
2019-05-29,983.6795654296875,999.8651744008968,980.4593464232917,997.3229289045529,267291
2019-05-30,982.2810668945312,988.9756657354887,975.7983217925648,983.6793222607137,572609
2019-05-31,976.5187377929688,987.66226668161,967.6208795345759,979.8236772635021,631905
2019-06-03,990.4588012695312,994.2721691849259,976.5611730668035,976.5611730668035,688242
2019-06-04,980.7315063476562,998.7351694769,959.1441090352845,998.05252368284,601434
2019-06-06,989.5629272460938,993.8719085792217,977.7453610610477,989.0935951240954,479646
2019-06-07,986.1923828125,995.0661533957416,975.7400068139855,993.1890336547774,232990
2019-06-10,984.7847290039062,993.615901457218,981.4570121521383,989.4349292156198,189108
2019-06-11,1004.0680541992188,1008.5049395657584,987.557586950122,987.557586950122,658172
2019-06-12,1001.8921508789062,1008.2062597914148,993.1036853684275,1003.2147380181985,331002
2019-06-13,1006.0733642578125,1009.5716903680045,996.858268954659,996.858268954659,253445
2019-06-14,989.7333984375,1015.2884560014018,985.3818174373727,1008.5477186073703,402929
2019-06-17,985.2539672851562,992.250724049279,982.096963972606,991.2694595092746,199152
2019-06-18,974.3321533203125,992.1225037669259,966.7381610560542,989.7760519197024,579484
2019-06-19,977.6599731445312,987.9416371071794,971.3031586084077,978.2145057687767,187261
2019-06-20,972.4976806640625,982.4381252548548,961.7466852407257,973.9908773661131,287023
2019-06-21,964.6477661132812,973.6069462527969,956.7124506125704,972.4549683377224,357511
2019-06-24,968.8287353515625,973.0097073542196,964.9890863167615,969.2127627493303,135974
2019-06-25,970.7913208007812,972.7111454299193,959.1017636106686,972.5831362898797,262664
2019-06-26,964.178466796875,970.4072720062943,959.9974950917263,964.3490761900897,290081
2019-06-27,962.6424560546875,977.830439978992,959.0588259479817,964.2210614693603,386239
2019-06-28,962.2159423828125,968.8713752627971,957.3524289254586,961.6187053466952,243405
2019-07-01,964.7756958007812,969.1699812894457,958.0776627371972,964.1784587723614,315828
2019-07-02,975.9107055664062,977.9158345999679,961.1920523021261,967.5914667648566,376766
2019-07-03,981.3716430664062,985.5952153061376,975.910788098296,979.5371232671858,316026
2019-07-04,982.5234375,993.6157559433348,978.5131794179567,981.2435546026921,289112
2019-07-05,1005.3053588867188,1013.7100069683423,976.1667735409266,981.2436009438227,853388
2019-07-08,1000.2285766601562,1011.8328285031379,989.7761986997494,1005.3054042923525,1195603
2019-07-09,993.572998046875,1002.5748822696808,980.3049418864358,1002.5748822696808,631732
2019-07-10,981.712890625,994.3837105280803,980.5609126870622,993.5730555288967,431465
2019-07-11,969.9806518554688,985.8937796311754,966.9515539239784,982.1821399644173,392817
2019-07-12,971.7725219726562,978.5558602238141,960.6802026164038,964.1785286588697,321694
2019-07-15,961.4481201171875,976.7640111915115,956.4991976813142,970.1512825723944,302060
2019-07-16,967.8474731445312,973.478936971289,956.3285272527895,962.1306004669414,353723
2019-07-17,995.8770141601562,997.8394389936794,961.4054767880244,961.6187906280039,793501
2019-07-18,1027.020751953125,1042.4219474630338,983.9313597530288,996.6021799943023,2517903
2019-07-19,1001.337646484375,1039.2647971306014,982.1820054222985,1029.8789902599638,1301254
2019-07-22,993.4877319335938,1014.5204947289129,986.4483761038936,1004.9640775684164,403691
2019-07-23,994.5115966796875,1003.3427667833786,987.8561647468954,994.8955198401037,304548
2019-07-24,985.3391723632812,1001.7216309683955,977.4891618239348,1001.7216309683955,360616
2019-07-25,975.5693359375,993.445095308771,971.8149921342949,984.6565248710726,508201
2019-07-26,990.4589233398438,993.8292405524334,972.8817785370819,974.4176799406558,266736
2019-07-29,992.5916137695312,1001.2520689608939,988.1120248814026,989.7758305198645,228005
2019-07-30,997.2421875,1013.4967435345166,989.7762032085561,989.7762032085561,366300
2019-07-31,1015.1603393554688,1019.6399290017106,989.904007133797,997.4552945631796,591686
2019-08-01,1009.4862060546875,1018.1467671641067,1001.6362998793578,1007.0544495666767,238493
2019-08-02,1007.8650512695312,1015.1177208343173,993.4451209899581,1006.8411866408858,369140
2019-08-05,1019.085205078125,1023.9061172114186,996.6019540857809,1003.598604223879,351156
2019-08-06,1030.092529296875,1032.4389815276195,1010.2543422551253,1019.6401511781036,360009
2019-08-07,1025.015625,1038.198377612145,1019.2561517730577,1029.8791385065617,213765
2019-08-08,1032.2681884765625,1039.8620764739223,1024.802205434225,1028.1725218304855,321571
2019-08-09,1049.0772705078125,1054.0261923406076,1028.5564412437304,1032.8654216752395,360913
2019-08-13,1033.676025390625,1057.8231904986176,1028.1725707205762,1053.7275236577898,452197
2019-08-14,1023.7355346679688,1036.70497082949,1017.9760626078049,1036.0650294894717,420040
2019-08-16,1022.2423706054688,1025.2287636202004,1008.9315069855386,1020.749174098103,325160
2019-08-19,1030.561767578125,1043.3605967623682,1020.9199412631397,1020.9199412631397,201166
2019-08-20,1023.6929931640625,1037.1317634431489,1016.2697141013261,1031.1589766524437,336906
2019-08-21,1023.1809692382812,1028.172491206489,1010.296836860397,1024.7594704887913,347642
2019-08-22,1015.2885131835938,1026.722155157571,1006.8412647916253,1023.9490754028484,274176
2019-08-23,1016.5255737304688,1027.2765685464005,1007.8650125164488,1016.226955238357,294334
2019-08-26,1025.05810546875,1031.3295103070345,1012.8566187008697,1023.0529765962548,318437
2019-08-27,1025.6556396484375,1036.7052548167528,1021.6879814220302,1024.3330521872526,354152
2019-08-28,1035.04150390625,1039.2650764704238,1022.3279776237445,1028.76999339493,283377
2019-08-29,1068.61669921875,1074.2481620006743,1034.9984277258284,1039.2647031904855,839098
2019-08-30,1087.5167236328125,1091.0150499796616,1067.5078217895768,1073.1392866597673,714350
2019-09-03,1065.6302490234375,1085.2551151043217,1063.4118067326726,1084.188546295578,226583
2019-09-04,1062.5159912109375,1068.0194453467711,1045.0669647988916,1062.3026774202908,239288
2019-09-05,1058.5484619140625,1075.9548901677115,1056.3300190544226,1069.12884804135,187593
2019-09-06,1068.1051025390625,1069.9822226703616,1056.3728413255717,1058.8899029776067,235891
2019-09-09,1072.4990234375,1082.3541621224338,1064.8624314771755,1069.981962397739,204546
2019-09-11,1054.62353515625,1081.501076707562,1051.1252093095707,1073.3951514778014,344765
2019-09-12,1058.121826171875,1064.819859125607,1048.3520951162488,1057.9512167828782,286278
2019-09-13,1069.72607421875,1076.5948207016147,1047.1148099044303,1058.889774115874,478806
2019-09-16,1121.988037109375,1131.7578729805514,1066.569145948736,1069.726148957887,1802067
2019-09-17,1115.0340576171875,1131.2459081705488,1110.7677811557767,1120.4948081620812,647778
2019-09-18,1124.07861328125,1132.9950899811518,1115.8019739334904,1132.9950899811518,388640
2019-09-19,1133.1658935546875,1145.0687649100787,1120.1110440653545,1121.177613332223,909749
2019-09-20,1192.1683349609375,1199.8903375516848,1123.35337421658,1134.7869125962436,1666140
2019-09-23,1297.7156982421875,1356.2916814999694,1207.9531995169937,1207.9531995169937,2465726
2019-09-24,1295.582763671875,1319.1752916420912,1288.4581033239563,1301.21422736544,817807
2019-09-25,1268.7479248046875,1293.9189561176386,1257.783615047254,1293.9189561176386,499631
2019-09-26,1290.2926025390625,1296.9480354363945,1257.8263013831129,1257.8263013831129,375774
2019-09-27,1318.1513671875,1326.8119289053511,1289.140688356129,1295.1987798688997,907962
2019-09-30,1283.2530517578125,1324.2520037161257,1273.0993987148117,1322.5454934020586,809473
2019-10-01,1276.3419189453125,1297.7586061316642,1261.793978582898,1279.8829492697203,528435
2019-10-03,1271.13720703125,1281.5468810426846,1260.5568194488967,1279.627056430622,322883
2019-10-04,1233.80712890625,1286.580946887306,1230.4794124989342,1277.2804435489088,481659
2019-10-07,1250.232177734375,1254.8397766308174,1224.0372848424097,1228.687484004436,502087
2019-10-09,1278.7735595703125,1283.210549219067,1243.5341813953917,1248.099076001743,497854
2019-10-10,1276.6405029296875,1282.997317233364,1265.8469070085757,1275.5739338341516,242765
2019-10-11,1278.73095703125,1295.582747636092,1272.416847568136,1277.0670468569995,775154
2019-10-14,1297.37451171875,1304.6271808076085,1282.1865277286424,1286.154185179267,548021
2019-10-15,1329.030517578125,1339.482895656911,1303.7741799497942,1305.3100812487198,1093280
2019-10-16,1302.067626953125,1329.3290929450197,1297.1187044014546,1323.399010094559,659434
2019-10-17,1305.82177734375,1309.917339804556,1291.9989806260674,1305.3951497442622,526950
2019-10-18,1314.69580078125,1320.3272648993166,1304.5846422053085,1309.7468784052014,431992
2019-10-22,1308.2108154296875,1326.7265155439145,1300.3609093458315,1319.1325235227398,437466
2019-10-23,1331.248779296875,1353.8600430806418,1308.0402785099755,1315.719575644085,723368
2019-10-24,1334.5340576171875,1339.3122666948686,1314.8237759163899,1335.344608528196,586741
2019-10-25,1296.5643310546875,1338.757770429254,1277.1953702884086,1334.4914932768345,1352011
2019-10-27,1303.68896484375,1309.7043530041378,1290.890133663578,1307.7845283271122,66683
2019-10-29,1290.9752197265625,1309.746835611549,1279.7548921275184,1309.746835611549,386782
2019-10-30,1309.9603271484375,1313.5013578203927,1288.4583331531703,1298.356074767545,440097
2019-10-31,1321.8629150390625,1331.0781128679228,1308.8934776534575,1314.0557132796748,372636
2019-11-01,1309.1068115234375,1334.917781735974,1303.7739664382027,1330.054268681092,460658
2019-11-04,1324.6361083984375,1326.7692465833409,1303.7740586129378,1305.4805691608606,450746
2019-11-05,1309.5877685546875,1332.0742278724815,1301.1607915520042,1328.4626812954045,647110
2019-11-06,1330.5263671875,1338.8673743531017,1296.8611838907013,1309.7166764226188,759900
2019-11-07,1376.961181640625,1385.3021894594008,1319.9496342769585,1331.9882628631979,1368053
2019-11-08,1358.34423828125,1412.4750281099145,1343.1669467307004,1395.620969618391,2829810
2019-11-11,1367.114990234375,1385.9468625007687,1354.9044254604805,1354.9044254604805,697289
2019-11-13,1342.1353759765625,1378.0792244259594,1330.8705733476788,1374.9835975452668,1042685
2019-11-14,1330.4403076171875,1340.673162220179,1324.206018233376,1337.1475850795864,601227
2019-11-15,1357.699462890625,1367.2013182279381,1322.5724826800163,1332.8482709102716,806638
2019-11-18,1331.6871337890625,1367.0721189073406,1320.7233842729413,1360.0638972425522,646917
2019-11-19,1320.250732421875,1344.9729189986801,1316.0802280278403,1339.9425124628435,545676
2019-11-20,1326.18408203125,1334.8690726948741,1309.6740028482914,1316.5101829079874,673815
2019-11-21,1300.21484375,1328.9785232790553,1296.8181679141887,1323.7331421426998,591075
2019-11-22,1293.7227783203125,1304.987475436276,1272.6982128434936,1302.7517508509627,979025
2019-11-25,1302.1068115234375,1313.801459598063,1290.283157134501,1292.432912477944,774523
2019-11-26,1284.607666015625,1319.347729086364,1261.5193174606031,1310.232683576492,7265730
2019-11-27,1268.0548095703125,1279.4485138042935,1264.1422125440615,1276.0948742058683,741239
2019-11-28,1269.8604736328125,1276.95466622294,1265.21698112557,1272.6551555622566,408225
2019-11-29,1267.667724609375,1278.3305324066346,1250.1687366149886,1274.3750034570855,700482
2019-12-02,1248.14794921875,1267.667685700005,1238.2590746641406,1264.0561387196435,706657
2019-12-03,1245.6541748046875,1260.3584798831585,1238.6889887115717,1254.554140644142,400611
2019-12-04,1251.8455810546875,1264.8730145389081,1241.5267553445574,1246.9440758612618,493022
2019-12-05,1247.5460205078125,1260.4445521302318,1243.5474547111587,1258.896686348134,426270
2019-12-06,1273.1708984375,1284.693606396201,1249.437623891352,1249.437623891352,895641
2019-12-09,1261.304443359375,1284.4357258945863,1253.3073118350444,1280.0502461744934,471960
2019-12-10,1250.6845703125,1270.9353068027522,1246.944017162366,1267.06574734361,378951
2019-12-11,1267.1085205078125,1273.858729609044,1248.1476411200033,1248.1476411200033,526470
2019-12-12,1269.2586669921875,1289.552337641795,1264.9161189539823,1278.330572097382,692151
2019-12-13,1269.8604736328125,1277.169641755974,1260.4015501793092,1277.169641755974,357121
2019-12-16,1256.9188232421875,1282.9738981477412,1254.855142233384,1264.9159545411042,373285
2019-12-17,1261.13232421875,1272.6550326704144,1256.402862948691,1264.0560121793978,387417
2019-12-18,1274.5040283203125,1282.5010555582278,1261.4764893891527,1263.7981832717833,602276
2019-12-19,1276.0516357421875,1281.211048166041,1266.6787871469983,1266.6787871469983,352774
2019-12-20,1268.441162109375,1279.877898378696,1254.0808436074317,1276.8682419887152,903982
2019-12-23,1268.9144287109375,1281.6839526327653,1259.7564512626645,1264.1419305429831,259371
2019-12-24,1267.667724609375,1269.2155904876238,1263.1532382610958,1263.196275356585,134831
2019-12-26,1254.2530517578125,1270.9351717583556,1252.0173275237928,1270.9351717583556,209941
2019-12-27,1250.5985107421875,1258.896586420973,1246.2990005426623,1254.1671252014955,326471
2019-12-30,1260.3583984375,1266.2057743915348,1247.6319110206484,1255.456998717583,312831
2019-12-31,1257.9508056640625,1266.5927588056784,1252.877362269952,1255.4570685752437,189160
2020-01-01,1256.4029541015625,1264.0561038875105,1250.340707196683,1251.7165295813602,184535
2020-01-02,1255.3712158203125,1261.390531091075,1250.5127475009199,1261.390531091075,224986
2020-01-03,1255.4571533203125,1268.3126486220385,1252.8774468408872,1258.0368597997378,471643
2020-01-06,1234.3463134765625,1255.2419745644393,1229.65988945172,1252.8772440078012,309711
2020-01-07,1247.1588134765625,1249.523543917348,1235.9800877564858,1239.3767635525342,226452
2020-01-08,1247.7177734375,1251.3293197674227,1231.3796358115092,1231.3796358115092,151634
2020-01-09,1254.9410400390625,1261.3472681571047,1248.5777440412935,1253.9521317136475,254061
2020-01-10,1254.0382080078125,1260.616480074209,1249.5237219775331,1254.9411472012757,241536
2020-01-13,1270.5484619140625,1279.104446306992,1254.5972350668244,1254.5972350668244,1006686
2020-01-14,1292.1749267578125,1295.8725480129435,1268.3126419486823,1272.6551898202763,1223576
2020-01-15,1297.549072265625,1301.8916193240882,1284.9945241429907,1297.4201709412887,648059
2020-01-16,1297.89306640625,1305.89019701645,1288.2191688786722,1301.848594623825,407701
2020-01-17,1298.4090576171875,1305.8472313388475,1295.7864193473963,1300.1288617161372,334414
2020-01-20,1290.927978515625,1311.3506526137073,1285.553590595077,1302.7516319408305,405916
2020-01-21,1278.8033447265625,1289.3800768783706,1275.4066686743165,1289.3800768783706,220146
2020-01-22,1270.9351806640625,1284.8226192272664,1256.48878479631,1278.6742988142496,345273
2020-01-23,1280.2222900390625,1282.9739347750333,1270.0323661667385,1270.8493361438523,265153
2020-01-24,1302.1927490234375,1307.3521617220229,1282.1140555984798,1282.1140555984798,569596
2020-01-27,1275.0628662109375,1304.4714758208092,1268.3986249864079,1299.3120632598832,296520
2020-01-28,1274.5040283203125,1287.1875853881313,1259.756685040974,1276.9547285227618,520787
2020-01-29,1276.1806640625,1292.432834471716,1272.8700620271175,1285.2956051748515,542146
2020-01-30,1200.42333984375,1296.7323757051397,1191.5663061655182,1281.254137798845,2247117
2020-01-31,1142.4229736328125,1199.391487592775,1138.7253526261172,1199.391487592775,2453672
2020-02-03,1161.4696044921875,1171.401514708538,1125.6547697020012,1130.3411936754435,1223477
2020-02-04,1168.9510498046875,1186.493075350213,1158.460180179835,1169.1660253506657,714233
2020-02-05,1180.215576171875,1186.492903191014,1171.7025247926704,1175.4861148465961,365263
2020-02-06,1190.8782958984375,1194.3179038842986,1175.4860291680084,1181.0753921450325,541630
2020-02-07,1178.6248779296875,1198.0586451144045,1175.3572078414822,1197.800632487459,481289
2020-02-10,1176.73291015625,1183.2252125760301,1165.1242325619357,1179.785604399937,221995
2020-02-11,1160.65283203125,1177.764904410337,1155.1924748190643,1176.4750512908358,668936
2020-02-12,1160.0078125,1178.0227176377825,1152.2686944032616,1160.0078125,535926
2020-02-13,1156.9122314453125,1166.8870741659248,1141.5630009475913,1160.910796945184,622346
2020-02-14,1152.5267333984375,1168.3918838728212,1146.0774681700686,1158.3740042243862,302469
2020-02-17,1145.690673828125,1162.5877730319478,1142.3370342583653,1158.589206812947,314694
2020-02-18,1139.97216796875,1147.109397361027,1123.5480589102829,1145.6905379073191,365859
2020-02-19,1163.7916259765625,1166.8872528164156,1140.2302853607716,1143.6698940647257,415878
2020-02-20,1155.2784423828125,1175.4431041348012,1151.8818711603847,1171.143593742606,467051
2020-02-24,1146.808349609375,1171.100581666806,1140.230078164723,1153.988510480436,425905
2020-02-25,1156.826416015625,1165.167424967094,1142.4230548582827,1147.9693817941477,439256
2020-02-26,1140.0582275390625,1156.3963671721003,1131.2442311580817,1156.3963671721003,400747
2020-02-27,1139.4561767578125,1150.8929159228603,1129.2663585368477,1146.3353931052673,552259
2020-02-28,1105.318115234375,1135.070705148349,1101.104574198834,1128.1914887535106,681998
2020-03-02,1113.8740234375,1139.370138473263,1108.198691288617,1118.044527101607,638567
2020-03-03,1134.94189453125,1142.76698353586,1114.4762852090805,1121.0974901433203,463353
2020-03-04,1128.578369140625,1141.4768994975304,1108.327739461389,1135.543659508161,596703
2020-03-05,1155.020263671875,1160.867638951773,1126.5145978457483,1128.5782785624178,615834
2020-03-06,1135.844482421875,1147.5391276977061,1110.9932956054226,1126.4715303739192,488488
2020-03-09,1087.0882568359375,1135.930740978992,1070.6641467526563,1135.8447717576341,645388
2020-03-11,1075.006591796875,1100.6746475447428,1071.4379772193356,1093.8384680884137,349929
2020-03-12,1036.2249755859375,1078.317137656165,1007.8051717169261,1051.660174923038,1631263
2020-03-13,1032.6563720703125,1098.43887757232,932.6067915586738,1006.0853782659958,861712
2020-03-16,994.2186279296875,1031.5383948794527,984.1147796581723,1031.5383948794527,582975
2020-03-17,988.6293334960938,1028.3568707290378,982.6100192155124,1001.9578151173813,764213
2020-03-18,972.5924072265625,1006.0425182102323,955.4372956741877,996.5406620578958,938588
2020-03-19,956.6839599609375,976.8486187748313,915.7955801014043,945.8921484615444,924947
2020-03-20,1020.230712890625,1042.2012515589956,958.7907553533665,967.389775580751,693752
2020-03-23,941.5927124023438,1045.1249366592804,928.6941820954623,945.8922225046375,845164
2020-03-24,966.5299072265625,989.7472626492646,930.9299412513835,932.1768622088953,1053937
2020-03-25,964.6812133789062,982.7391586673359,950.1918830340379,972.5493391054271,847717
2020-03-26,1009.22412109375,1016.4042826381416,960.5106461140475,977.3647062876091,931492
2020-03-27,996.71240234375,1051.6601619719638,980.2882948880119,1023.025382949674,1162394
2020-03-30,1039.277587890625,1049.0804921718345,972.3342348551655,990.6071532638962,953364
2020-03-31,1077.199462890625,1095.5154220600464,1050.2415494403892,1074.8777688972198,635799
2020-04-01,1068.4283447265625,1104.9741834797849,1053.16508265904,1083.4766312720071,769391
2020-04-03,1074.79150390625,1103.1682691963645,1041.3843330356794,1063.69874739005,970935
2020-04-07,1134.081787109375,1139.2842364509315,1086.916181098904,1109.2736341911284,751753
2020-04-08,1152.913818359375,1211.6021406439377,1127.3747662537228,1134.081940105129,1129971
2020-04-09,1171.65966796875,1180.9465478232025,1156.7402823090226,1165.1673650175908,512970
2020-04-13,1167.2310791015625,1190.0614158499104,1146.5934296286077,1160.8677828536988,414943
2020-04-15,1193.7587890625,1222.7804776134521,1167.2308369659206,1169.4665608679993,1062751
2020-04-16,1211.51611328125,1218.4812994332121,1170.7136948604018,1183.2253126465066,789938
2020-04-17,1185.2030029296875,1237.914934075958,1178.0657741354778,1225.4893918033194,589307
2020-04-20,1173.2506103515625,1203.863108400028,1169.7679643719923,1190.1046728754563,449739
2020-04-21,1207.130615234375,1217.4923726034747,1154.7195190295834,1160.6959016317705,768656
2020-04-22,1296.6890869140625,1305.50308178872,1207.3023223433486,1211.6018320383034,3023704
2020-04-23,1272.095947265625,1330.2683360240485,1265.8187259203032,1296.6891224001004,1650152
2020-04-24,1275.7938232421875,1288.0903607882558,1258.552743452681,1264.0561381089003,1260764
2020-04-27,1334.912109375,1344.8009840312643,1283.017035976917,1285.5537053143755,1653242
2020-04-28,1294.8834228515625,1346.4346114152438,1279.0612048483629,1344.8867458073466,1206648
2020-04-29,1267.1514892578125,1301.2035853962786,1255.4568437616776,1294.883327073781,1056131
2020-04-30,1254.6829833984375,1277.1264045366224,1240.4086312354602,1277.1264045366224,1673537
2020-05-04,1188.9432373046875,1242.5580932046307,1174.3249067963977,1233.9590752585777,1632661
2020-05-05,1155.2784423828125,1208.1624202068117,1147.969274716081,1208.1624202068117,1052105
2020-05-06,1153.300537109375,1181.5053651051096,1126.6006426039337,1166.0271288810252,1337377
2020-05-07,1118.646484375,1151.4087281632412,1106.6938260986492,1151.4087281632412,1355414
2020-05-08,1169.036865234375,1178.0658369776343,1123.8920065180787,1126.6866882481352,1384496
2020-05-11,1164.9954833984375,1183.1393979035315,1152.3119265924051,1178.0659541874136,981611
2020-05-12,1151.194091796875,1162.1148079538657,1128.3207138424605,1157.98734029773,744629
2020-05-13,1138.42431640625,1176.174036447169,1134.0388370550586,1169.5097957269884,699751
2020-05-14,1160.4808349609375,1173.7662794330504,1142.1648796021605,1154.848434636327,873326
2020-05-15,1162.4156494140625,1173.5083020391955,1135.930623916714,1164.6513737815887,1056371
2020-05-18,1186.7509765625,1206.4427574605872,1145.4756719594293,1154.0746937517358,1741222
2020-05-19,1160.4808349609375,1199.1333895013836,1155.3214227436492,1198.7894076931957,1145755
2020-05-20,1161.7274169921875,1196.9833933775906,1157.5138768695024,1167.7467300335977,1405133
2020-05-21,1148.05517578125,1183.9991225137612,1107.639780493689,1171.2725305209128,3173326
2020-05-22,1129.352294921875,1156.654184007282,1124.8808464134004,1136.7904683750655,1360020
2020-05-26,1099.1697998046875,1136.8764838541579,1096.3751181310201,1136.2745944041574,2248218
2020-05-27,1099.4276123046875,1102.695176531918,1080.9397215207355,1097.2348204801237,1423632
2020-05-28,1116.4539794921875,1125.7838971939584,1101.3197220489913,1107.554012882374,2090931
2020-05-29,1196.5537109375,1228.069142283958,1113.5731625325636,1116.4538134264938,2541704
2020-06-01,1201.8602294921875,1219.6063053876603,1179.590691944128,1203.948021866278,1874704
2020-06-02,1188.85498046875,1212.1683568511808,1184.4184888525365,1201.860009986873,937315
2020-06-03,1185.766845703125,1204.8177761817362,1176.5458789067136,1199.0764275114814,1507076
2020-06-04,1172.0657958984375,1199.598294304385,1166.1939405782384,1191.769153877453,769580
2020-06-05,1183.1138916015625,1194.0311315211845,1170.3262292097425,1178.633861302961,577515
2020-06-08,1178.6336669921875,1193.770027027142,1166.8029866415914,1191.769204135633,1028211
2020-06-09,1196.2056884765625,1214.3867142472507,1178.9816426328975,1178.9816426328975,1721555
2020-06-10,1179.80810546875,1206.5576717309907,1175.2411063508064,1197.945595013535,575532
2020-06-11,1164.9761962890625,1191.7693004091068,1161.5401155994598,1180.4605406242028,418536
2020-06-12,1178.2421875,1183.9401048374436,1136.09535409089,1136.09535409089,637256
2020-06-15,1157.799560546875,1190.0295705586518,1153.2325610984592,1187.4198565881284,995561
2020-06-16,1156.755615234375,1179.286165093878,1147.2302025593544,1178.7207058789834,512329
2020-06-17,1167.0205078125,1172.6313497624838,1154.1894155209595,1156.9730676439935,519004
2020-06-18,1176.50244140625,1185.3319943912832,1161.4096177365036,1165.9766169160523,647602
2020-06-19,1180.199462890625,1193.5090450082894,1172.631335766162,1177.8507630766937,995230
2020-06-22,1198.032470703125,1203.2954355611078,1180.2865033247576,1186.5497734360029,602456
2020-06-23,1224.82568359375,1239.6140618757768,1205.948796144856,1209.1674007068982,1308215
2020-06-24,1207.7320556640625,1230.915034981298,1201.4687848876724,1230.915034981298,792906
2020-06-25,1215.7786865234375,1236.1344760509937,1208.0800518056424,1212.2120987875157,750246
2020-06-26,1210.2547607421875,1236.1344222926493,1203.3390617280422,1236.1344222926493,504571
2020-06-29,1208.3843994140625,1224.8256167863863,1188.7245776552534,1204.8178119667223,924702
2020-06-30,1223.6947021484375,1234.3945707128778,1210.9071475914911,1216.1265749517993,639599
2020-07-01,1195.94482421875,1216.1265674109925,1184.3750511659987,1216.1265674109925,1061320
2020-07-02,1196.9451904296875,1208.4279948493536,1188.2027129241,1197.815095028623,569436
2020-07-03,1202.7734375,1214.3866409444825,1197.858456003261,1200.468169415033,504427
2020-07-06,1202.860595703125,1213.473389436013,1196.1188349967795,1212.951467909556,395719
2020-07-07,1210.733154296875,1219.1711856712366,1198.7284294362926,1203.0779520394722,623705
2020-07-08,1209.602294921875,1221.3460065230581,1192.639155942388,1209.1673426403497,763562
2020-07-09,1201.5557861328125,1217.8664981617646,1193.5091681985293,1213.0820226332721,606788
2020-07-10,1211.0809326171875,1213.5167075525944,1196.1186185554247,1201.5555213670402,418529
2020-07-13,1245.8338623046875,1249.9223713444412,1213.5168860022777,1214.386790580057,1612853
2020-07-14,1243.9635009765625,1258.186419068006,1234.3945509690504,1250.4877850725934,1457755
2020-07-15,1229.7406005859375,1260.8831200722102,1227.000379988258,1249.1829462340577,992628
2020-07-16,1215.3433837890625,1239.961720132347,1203.773719289421,1239.61373714367,1298797
2020-07-17,1240.484130859375,1246.5299261882378,1220.3458153512042,1222.2161317373225,638924
2020-07-20,1251.8795166015625,1259.6216877156176,1225.3039984370153,1243.0935025867523,782597
2020-07-21,1229.7406005859375,1266.4940681892724,1225.0430947312757,1251.8796291279957,1180919
2020-07-22,1211.037841796875,1242.2674415701895,1204.8180019927233,1238.3093327340373,632846
2020-07-23,1208.2103271484375,1220.910911041426,1203.208376497573,1215.2565320447968,740823
2020-07-24,1204.1217041015625,1212.8642863498717,1185.2883576029456,1205.6875745963223,946383
2020-07-27,1205.7313232421875,1224.8256868937328,1196.118834857161,1202.208167107343,587367
2020-07-28,1210.6029052734375,1219.6063977421138,1202.2083036231106,1215.256874212363,552787
2020-07-29,1259.404296875,1265.1891832997237,1205.557184650004,1216.9964505806424,3482395
2020-07-30,1247.8345947265625,1282.1958259786059,1229.1751837756299,1266.581081087981,1394338
2020-07-31,1238.1351318359375,1265.6240931201871,1229.653562861539,1250.9226856599935,765088
2020-08-03,1227.6964111328125,1254.097994648496,1223.9993165627054,1238.1352663895857,846590
2020-08-04,1252.4013671875,1256.1419987176555,1230.914770211553,1236.6126867120095,926583
2020-08-05,1255.5330810546875,1263.1012069677424,1241.4841035547145,1256.1419716676446,485491
2020-08-06,1250.0528564453125,1268.7993422449879,1242.571698444922,1258.577963634527,614528
2020-08-07,1267.4075927734375,1276.541591997925,1245.747050992711,1249.792022840497,567495
2020-08-10,1259.4913330078125,1274.4102178885769,1245.572859638381,1271.8005041318083,562254
2020-08-11,1260.709228515625,1293.0696368252427,1253.3150394920729,1265.7111799139102,999631
2020-08-12,1257.447021484375,1271.3219565199306,1244.5723917252958,1256.1421646651245,477583
2020-08-13,1247.7476806640625,1267.3205347741432,1243.7461406172408,1264.8413278247722,525726
2020-08-14,1227.56591796875,1257.316613308334,1222.8684118126241,1257.316613308334,666454
2020-08-17,1236.351806640625,1241.1798192320734,1219.8236206591498,1235.264425983949,512659
2020-08-18,1245.35546875,1251.7927843619707,1237.8743100396696,1240.484023975101,540055
2020-08-19,1235.9603271484375,1256.0985309004961,1234.1769804893706,1251.401131662049,433653
2020-08-20,1243.9635009765625,1252.662546437937,1228.9576475556914,1230.9149327845007,445053
2020-08-21,1227.130859375,1252.6625363608398,1222.3028467069685,1252.6625363608398,675974
2020-08-24,1234.3946533203125,1237.6567956388124,1224.8692402261047,1235.1775887146582,366480
2020-08-25,1229.91455078125,1239.6140079409379,1222.6073311807463,1236.2213588918266,335735
2020-08-26,1227.2178955078125,1235.2645129336124,1220.6500734033768,1230.0450854141748,327729
2020-08-27,1221.6072998046875,1237.5264932362409,1216.9967620900718,1230.04533352063,377515
2020-08-28,1209.3411865234375,1227.4352424959945,1207.166425285847,1223.0857200208138,751159
2020-08-31,1185.8973388671875,1217.866330030488,1176.9808175223216,1209.2977917321052,1002180
2020-09-01,1198.6849365234375,1204.8178060988828,1183.3746376260779,1191.7692378017828,411891
2020-09-02,1210.3416748046875,1216.126561302004,1196.11875664539,1207.3405465820035,655317
2020-09-03,1201.77294921875,1218.4750715095065,1197.4669648406732,1215.1694984464941,478999
2020-09-04,1184.853515625,1199.5983550330286,1181.373897481322,1196.1187368893504,403206
2020-09-07,1191.2906494140625,1194.9877434595055,1168.4991944803126,1184.8099035043258,1031617
2020-09-08,1186.332275390625,1201.8166181428403,1182.2002289685495,1195.5967796590762,811244
2020-09-09,1188.11572265625,1190.8993748477249,1173.4577454722096,1180.06910525863,583195
2020-09-10,1215.517578125,1221.4328649032518,1183.1570676023396,1192.5520785065503,684571
2020-09-11,1234.0902099609375,1238.135287680401,1207.5145813536005,1213.5169444673663,1410037
2020-09-14,1232.3067626953125,1242.1367265733832,1218.7798106740524,1242.1367265733832,755420
2020-09-15,1235.39501953125,1238.0481648058778,1222.91190995515,1232.3068157739267,291168
2020-09-16,1235.6126708984375,1239.6142113251583,1228.8273716869471,1236.1345924863508,271028
2020-09-17,1215.6915283203125,1234.3509372094236,1212.0379719274629,1230.9148569397082,423527
2020-09-18,1194.074462890625,1223.9556619716457,1185.6798630187297,1223.9556619716457,935110
2020-09-21,1189.5074462890625,1205.2091589554714,1176.110895618815,1197.0755730380224,872590
2020-09-22,1167.1072998046875,1187.4195470082834,1150.144163418855,1187.4195470082834,544716
2020-09-23,1177.8507080078125,1183.0701350743168,1165.6720448526357,1176.9808034967284,374428
2020-09-24,1195.2052001953125,1213.8211770306978,1165.6719860106236,1180.4603619525494,1302033
2020-09-25,1231.52392578125,1235.2645581161455,1197.8586595253046,1200.555342604413,1004354
2020-09-28,1253.445556640625,1259.5783203435165,1228.3052925176212,1235.2645293024236,654848
2020-09-29,1233.611572265625,1270.0605927051345,1230.0449849897673,1259.534769304865,668347
2020-09-30,1247.0081787109375,1261.3180661547628,1228.7401830688518,1238.5266093056835,561481
2020-10-01,1252.6624755859375,1259.621711561415,1231.8283053601576,1257.0119980706108,657159
2020-10-05,1263.1015625,1267.4510857868459,1248.5741971977486,1257.012229898416,529266
2020-10-06,1242.7021484375,1277.7158054778263,1239.178992644592,1265.9720944208225,574569
2020-10-07,1251.9232177734375,1255.7508192251885,1235.3514927808626,1241.7018387932808,756231
2020-10-08,1262.7098388671875,1268.2337108517622,1252.2709855333744,1257.0119222800115,428368
2020-10-09,1272.5399169921875,1285.240502855598,1255.4028389271818,1263.9713779596846,546450
2020-10-12,1255.228759765625,1279.6296254874735,1244.0070757377816,1276.1500071992682,343542
2020-10-13,1263.797607421875,1278.7599259847927,1233.0899286281929,1255.5769441839632,882074
2020-10-14,1258.621337890625,1269.9300966898584,1246.7906576154842,1260.5351915549747,611762
2020-10-15,1236.5694580078125,1271.6700893415664,1231.1760916622054,1257.0122172502913,645140
2020-10-16,1252.0537109375,1258.8824406878703,1236.221383786001,1242.2237466569122,385128
2020-10-19,1284.587890625,1295.2877581005605,1252.6624389958408,1261.3614837110897,1316074
2020-10-20,1270.9739990234375,1295.244249370194,1265.4065890432573,1288.2415819315056,1054292
2020-10-21,1241.1800537109375,1287.3719714950269,1222.7380105760035,1273.5404656912108,1350987
2020-10-22,1245.659912109375,1256.0553363156343,1229.8712277773514,1248.3131637485558,1392162
2020-10-23,1274.105712890625,1277.1503787976912,1240.0489287208234,1243.9634991727655,764520
2020-10-26,1268.5819091796875,1283.9791779845868,1247.5301543364146,1271.8005136947602,802970
2020-10-27,1341.871337890625,1345.3074184687775,1274.062212896833,1276.8024335322004,2426071
2020-10-28,1340.4359130859375,1356.8771299601106,1323.168329383103,1339.6529777701162,1100081
2020-10-29,1342.2403564453125,1359.8881386988398,1330.665989958378,1332.5143601142831,769307
2020-10-30,1334.978759765625,1357.6435610912956,1325.5608076295114,1343.8687289597522,636564
2020-11-02,1329.521484375,1341.316002977877,1313.3260340131856,1334.9785967782332,511514
2020-11-03,1311.169921875,1345.0571042096851,1307.0770329092838,1337.8835623044522,765519
2020-11-04,1298.1868896484375,1330.6657879663583,1286.8765163608693,1315.8786140744942,1043556
2020-11-05,1304.436279296875,1315.8346505004627,1296.5146014873799,1311.477770683093,1052295
2020-11-06,1326.6170654296875,1330.84200365725,1302.5000410016655,1309.7175274087222,774861
2020-11-09,1327.453125,1350.7340120276974,1323.6243356940622,1339.6436850073635,968991
2020-11-10,1291.6737060546875,1337.2233580399209,1288.3730066354676,1337.003311411973,1040309
2020-11-11,1319.7076416015625,1322.4361983335832,1289.2532093986042,1298.275121258195,717070
2020-11-12,1339.1156005859375,1341.3600114226294,1308.1770273648838,1313.2380991276073,513975
2020-11-13,1329.785888671875,1341.4043082060368,1314.5586183108371,1329.081696450863,444518
2020-11-14,1331.0618896484375,1337.6192353813683,1326.0888149761665,1335.9469671692211,31840
2020-11-17,1349.7218017578125,1357.247438509501,1323.6243607668193,1340.4358996381602,738588
2020-11-18,1339.819580078125,1349.2815830658085,1326.9688812302882,1346.6850763865712,603844
2020-11-19,1335.0667724609375,1343.4724881013356,1309.8494106504859,1333.3943968145632,943522
2020-11-20,1350.2938232421875,1362.5284346807643,1337.0030311886828,1339.6435901706222,1076384
2020-11-23,1379.3402099609375,1386.2496523332065,1355.4431255635395,1355.4871778653514,1523218
2020-11-24,1369.43798828125,1389.726327769178,1358.4356582866315,1379.2520881253754,1407662
2020-11-25,1321.4239501953125,1376.6115972078237,1318.563344254823,1376.6115972078237,881917
2020-11-26,1337.4874267578125,1341.0081727254474,1313.634286871373,1324.592673162421,676422
2020-11-27,1332.3382568359375,1355.4872046728165,1303.2041052893655,1338.7636612385415,5495157
2020-12-01,1323.80029296875,1355.7070487002109,1314.118242953686,1355.7070487002109,996320
2020-12-02,1337.7955322265625,1342.15241258455,1320.3238510454855,1332.602410195919,511249
2020-12-03,1354.2989501953125,1356.3673669363006,1336.1230778775498,1341.844290002849,552368
2020-12-04,1356.1912841796875,1363.1446709689812,1344.9248549820895,1359.007837756771,435490
2020-12-07,1358.743896484375,1371.3306067773262,1342.2844514348028,1342.2844514348028,416676
2020-12-08,1377.183837890625,1381.2326743286758,1347.1694995295563,1362.5287110790441,462002
2020-12-09,1380.0443115234375,1398.616223524994,1372.6507240951719,1388.9341728901452,661959
2020-12-10,1395.4033203125,1399.496208070308,1368.777684907389,1372.210432944409,816982
2020-12-11,1385.6776123046875,1406.5379888104414,1373.5309959566293,1392.455005192815,555892
2020-12-14,1430.6990966796875,1434.7039882136,1386.5137775665482,1391.5748499176084,1173625
2020-12-15,1412.6552734375,1425.6380242503767,1406.053874719088,1423.217511386959,340867
2020-12-16,1418.4205322265625,1432.4594637997543,1406.6260117417698,1416.8361535626948,447789
2020-12-17,1410.630859375,1428.7186267608113,1408.2983437542296,1421.5011407269255,369396
2020-12-18,1408.4742431640625,1429.862815796488,1395.9756391832746,1416.2199265106487,947388
2020-12-21,1356.851318359375,1406.9778882925423,1339.6436321434153,1405.6576087602066,1046264
2020-12-22,1361.47216796875,1367.8094661467971,1335.5066729550238,1357.6873240228024,592488
2020-12-23,1379.5604248046875,1383.6533139206733,1348.357853292416,1356.3675297403038,492967
2020-12-24,1380.8804931640625,1390.1224509062663,1366.9736116949562,1379.8243123999505,222933
2020-12-28,1393.6871337890625,1396.8557832640633,1373.6188413730138,1383.6529875810381,252972
2020-12-29,1385.941650390625,1403.6333776663218,1380.132440941915,1399.4965440673757,327938
2020-12-30,1389.814453125,1392.4550125672895,1375.8194665919382,1387.437992604795,271490
2020-12-31,1377.7117919921875,1395.9756601818299,1373.2668075995064,1384.8412804953625,372495
2021-01-01,1389.3302001953125,1392.4108526398663,1376.6115495092208,1377.4917359219505,186135
2021-01-04,1387.26171875,1396.1515796139797,1374.8511123997216,1395.0953989459401,561707
2021-01-05,1407.3740234375,1410.4987281844972,1376.6115512515155,1378.4599212316612,452175
2021-01-06,1406.185791015625,1421.5010560809026,1395.3595626094652,1412.6991919565626,498253
2021-01-07,1401.3448486328125,1421.5011401586646,1397.120018070021,1409.486573429387,379964
2021-01-08,1421.28125,1430.303162254219,1407.4183116581514,1407.4183116581514,738807
2021-01-11,1443.461669921875,1475.1924331960993,1422.117149334163,1427.1342763720738,1796997
2021-01-12,1420.268798828125,1451.3394227164836,1405.9657693721558,1450.7232277500625,591661
2021-01-13,1411.2908935546875,1434.0436904784472,1397.2079111715939,1427.2222458866363,476358
2021-01-14,1402.84130859375,1419.7408466799068,1394.215437781136,1418.2445725843877,523546
2021-01-15,1375.0272216796875,1404.249476126388,1371.3304815877925,1392.6750028833662,503985
2021-01-18,1357.8634033203125,1381.2764455679194,1346.0689924973767,1377.4916013849881,682469
2021-01-19,1369.658203125,1375.7315115169783,1348.4457297786378,1360.1082010055093,502059
2021-01-20,1358.5677490234375,1380.0443193145486,1355.5750936850263,1377.4917571892968,428051
2021-01-21,1353.90283203125,1377.4918732214612,1349.4579546707066,1364.2890757145462,902107
2021-01-22,1337.70751953125,1366.0935348746157,1335.3309514543216,1357.203565043924,511425
2021-01-25,1341.5362548828125,1358.5237896054143,1316.3629428579359,1344.3528086617462,621897
2021-01-27,1359.84423828125,1368.6901565474077,1334.230829830933,1337.883625692643,1047432
2021-01-28,1376.7437744140625,1388.0541497701217,1346.6413307956348,1364.2891135977734,1228045
2021-01-29,1411.202880859375,1469.031083655126,1379.6921651464409,1386.293563065802,3585003
2021-02-01,1407.5062255859375,1420.0049384852557,1383.565195509929,1411.8191609705991,776638
2021-02-02,1424.0977783203125,1453.0119922958356,1414.5477757905235,1421.5012709889343,871671
2021-02-03,1416.30810546875,1439.016960624538,1408.1224353132586,1434.7040251948395,677877
2021-02-04,1427.134521484375,1431.9755476037626,1401.7411605106993,1413.6676240289464,325128
2021-02-05,1399.2764892578125,1442.6256744101618,1395.095603380175,1431.1832499029426,528936
2021-02-08,1398.8360595703125,1416.7478290596848,1395.1832649826217,1403.8971307312559,459410
2021-02-09,1395.4476318359375,1425.0218753322881,1391.5747899322716,1398.8363282099067,631437
2021-02-10,1392.9830322265625,1398.880345814974,1379.692238530917,1386.2936368013998,400583
2021-02-11,1414.50341796875,1418.8602971191544,1386.777549879883,1389.8141495974844,370529
2021-02-12,1400.4207763671875,1420.2249726534512,1395.139657357517,1415.0757956633097,225028
2021-02-15,1407.022216796875,1427.3545040972986,1402.1811908946481,1411.5111465991017,441024
2021-02-16,1391.618896484375,1415.0318356881976,1380.0883674807292,1405.74582521754,298723
2021-02-17,1403.2371826171875,1409.7505835330335,1388.2740136634523,1394.1712196261901,390030
2021-02-18,1374.631103515625,1403.5892574237369,1364.553012262483,1399.1442731475,543931
2021-02-19,1368.513916015625,1390.1664808894004,1361.6484188252075,1372.8707959034373,363060
2021-02-22,1360.72412109375,1390.6065138183824,1352.3184054467567,1368.9098975855354,464359
2021-02-23,1368.5577392578125,1384.5331431679056,1359.0077387484082,1360.72405917118,478816
2021-02-24,1368.2939453125,1393.335207870922,1349.3258835540894,1371.990685577258,338317
2021-02-25,1382.6849365234375,1387.7019563857996,1358.2157098687355,1371.9906495066793,758926
2021-02-26,1391.7508544921875,1408.210406552376,1369.2621538246694,1379.2963014400577,1417384
2021-03-01,1393.4232177734375,1400.3767125680145,1377.7119103375767,1388.0541016466113,265854
2021-03-02,1410.1907958984375,1413.1393991289629,1393.8193487957747,1395.1835733782905,392377
2021-03-03,1423.0853271484375,1426.7820668236789,1411.8188989421228,1417.1000170179661,401834
2021-03-04,1426.077880859375,1439.1046818132709,1410.9387186218185,1412.6990913212842,476559
2021-03-05,1438.1365966796875,1452.0875297882114,1422.9533811083302,1431.5351986051844,980777
2021-03-08,1445.26611328125,1460.3613319947644,1436.8163450701154,1443.4177432732881,516286
2021-03-09,1439.7650146484375,1454.3321436678216,1421.5011454422904,1445.2661800719757,278713
2021-03-10,1450.1513671875,1452.3077812181173,1430.3031178663275,1443.5059158774013,418778
2021-03-12,1427.618408203125,1450.679358283485,1424.3177089263727,1448.786935875886,539038
2021-03-15,1407.0660400390625,1430.3470361506675,1395.887715081595,1430.3029838502334,375920
2021-03-16,1420.0487060546875,1425.7699176510762,1404.0293565626512,1407.0659566628826,345773
2021-03-17,1403.501220703125,1424.2295452711435,1399.4963297376607,1424.2295452711435,206352
2021-03-18,1385.1495361328125,1409.6628176011648,1377.491956095953,1404.381698280669,258831
2021-03-19,1389.6824951171875,1401.256969589852,1358.391928133649,1373.091000351865,926972
2021-03-22,1389.0220947265625,1398.6161476879854,1373.3107894463053,1388.7140509847193,871920
2021-03-23,1381.7169189453125,1398.5284609236894,1378.5481613413046,1395.0957118157805,593680
2021-03-24,1367.6778564453125,1388.0541966742605,1364.2891596988609,1377.4919580185274,485513
2021-03-25,1346.9053955078125,1377.0517832197174,1343.1646028720286,1369.5701979481498,682360
2021-03-26,1354.6510009765625,1363.804854115222,1337.0912168047205,1351.1302551710364,469032
2021-03-30,1384.6591796875,1392.7297880346089,1364.2821400496587,1373.333679252952,509874
2021-03-31,1390.58935546875,1402.7621062618819,1376.2764317153246,1382.2512808047786,458760
2021-04-01,1393.7998046875,1407.221063059497,1387.0223359148326,1387.0223359148326,228430
2021-04-05,1387.958740234375,1399.1950843405923,1367.5370693666657,1396.1185038938731,190999
2021-04-06,1398.83837890625,1403.4756746715889,1384.124089979061,1397.2777725048813,389788
2021-04-07,1383.00927734375,1404.5456659941785,1379.620597560397,1400.0867908640384,627405
2021-04-08,1418.011474609375,1420.4193325418908,1386.487248599907,1390.1881368015318,508957
2021-04-09,1427.8658447265625,1442.1342475415863,1418.011685488727,1418.011685488727,610142
2021-04-12,1390.4556884765625,1428.6237061932209,1385.8185015132742,1417.9224050232342,398803
2021-04-13,1373.021484375,1416.9859292444442,1368.2058773090507,1386.710209689147,590210
2021-04-15,1387.111328125,1395.6278225989358,1365.7979935126455,1377.792323268598,728377
2021-04-16,1400.8448486328125,1405.883399556262,1387.2007553608587,1391.1244785861975,428648
2021-04-19,1369.7667236328125,1398.3035303751628,1367.0467656964709,1386.7104526360831,827310
2021-04-20,1357.1031494140625,1382.7416789802164,1347.4719365029046,1373.3334098044163,429114
2021-04-22,1351.4852294921875,1364.4159690683252,1339.0003774876407,1353.3579355210154,703811
2021-04-23,1350.2364501953125,1363.523918920673,1343.9048697275698,1352.376731879137,440873
2021-04-26,1341.72021484375,1359.0651962788008,1339.4461448889494,1359.0651962788008,315394
2021-04-27,1333.2481689453125,1350.147260531784,1330.1714800836392,1344.9749223308306,463541
2021-04-28,1329.27978515625,1343.860284545861,1327.1841356908262,1339.446041866367,474599
2021-04-29,1324.9993896484375,1340.1595652331598,1320.7188259396364,1337.4842401299734,553504
2021-04-30,1321.5213623046875,1331.420042793391,1309.1256683326847,1320.718743052252,725194
2021-05-03,1331.46484375,1348.2747824509302,1311.399904193628,1318.0435850808099,673973
2021-05-04,1329.369140625,1349.121981494819,1324.2860659358225,1336.7709177358909,553145
2021-05-05,1331.955322265625,1341.7648487683114,1324.6428096891486,1336.3250422068575,321141
2021-05-06,1340.4718017578125,1350.3258515796929,1328.8340928255434,1337.1276450369614,283759
2021-05-07,1347.784423828125,1353.7147506671322,1334.9874715077055,1348.3640994787247,344324
2021-05-10,1354.3834228515625,1359.1543978285201,1342.7903466394996,1350.3258026336348,427845
2021-05-11,1363.167236328125,1369.7663930665722,1346.9369749539799,1353.536131692427,244884
2021-05-12,1363.8807373046875,1378.6841808642378,1359.9569054449953,1362.632230504887,317372
2021-05-14,1397.3670654296875,1417.9225267351871,1366.2441989428567,1368.8748921625863,1251953
2021-05-17,1423.807861328125,1462.5109158737052,1391.7485954659335,1412.1702635630925,3239980
2021-05-18,1409.851806640625,1452.4787001408833,1395.9401367948587,1452.4787001408833,1025939
2021-05-19,1432.1015625,1449.1344440396294,1406.3292420003052,1408.736991071314,935763
2021-05-20,1445.7457275390625,1455.3769420226236,1424.9674333269693,1431.2098589361349,684475
2021-05-21,1456.3133544921875,1471.4288987263067,1445.6565768494902,1445.7012091477027,537668
2021-05-24,1456.0010986328125,1469.0211016115525,1446.057893789512,1457.2496054901349,316920
2021-05-25,1524.5787353515625,1534.031529925935,1458.0523326490322,1462.5112082840446,2550735
2021-05-26,1497.4241943359375,1534.522017056039,1494.3921371969534,1531.2224927002208,741120
2021-05-27,1502.5072021484375,1516.0176162058895,1484.8054888134152,1507.0998655223252,1103542
2021-05-28,1525.960693359375,1536.3052607763263,1502.5069691548633,1502.5069691548633,774748
2021-05-31,1534.254638671875,1600.6027370265085,1519.6296121039557,1530.8213258356168,413842
2021-06-01,1528.3243408203125,1549.9052565449501,1523.776200333365,1534.2545586558065,226744
2021-06-02,1531.668212890625,1541.0763739362321,1516.9984486517474,1527.7443810724135,320396
2021-06-03,1528.8590087890625,1545.66894496476,1521.368077374805,1530.7763467193856,310067
2021-06-04,1513.0301513671875,1534.7448519338539,1508.7050641722296,1534.7448519338539,361378
2021-06-07,1525.470458984375,1531.9804607354472,1505.360995864851,1512.5397200793327,281761
2021-06-08,1514.76904296875,1540.0954755722469,1513.2084366675042,1527.2093699428058,567699
2021-06-09,1516.240478515625,1529.3941600672235,1507.6348277964569,1515.5716472502895,338196
2021-06-10,1519.272705078125,1534.7003493397654,1512.896491197775,1516.2406478980354,476038
2021-06-11,1517.0430908203125,1531.8911666142408,1513.6097787792507,1520.6993466154595,284256
2021-06-14,1507.14453125,1524.935400714632,1500.946629071888,1517.0877363953189,246040
2021-06-15,1527.3431396484375,1551.644010636927,1507.4566206321306,1507.4566206321306,839591
2021-06-16,1527.6107177734375,1538.7132740174027,1516.9094167732733,1533.8977756547392,420285
2021-06-17,1529.349365234375,1544.5541712607492,1522.3935861296939,1527.5658153830348,588937
2021-06-18,1506.966064453125,1540.987304788449,1498.1821018776586,1536.5284294852415,855999
2021-06-21,1486.5445556640625,1503.8450154962252,1478.6523672898484,1501.749365647372,458370
2021-06-22,1506.520263671875,1521.7695963150852,1490.1562121386746,1496.398637922619,487533
2021-06-23,1503.8447265625,1516.3742086652765,1500.7681464030823,1515.4378013858443,191960
2021-06-24,1510.3104248046875,1523.9991520614992,1502.5965477170041,1511.3359880347164,391957
2021-06-25,1495.4622802734375,1524.9354922492137,1492.4303318791885,1524.0437171075475,170928
2021-06-28,1488.327880859375,1501.7491384971283,1484.359525551348,1499.519700939977,252333
2021-06-29,1488.863037109375,1507.099792833989,1484.8054172003503,1493.5448559924391,512449
2021-06-30,1503.3544921875,1507.0999040265824,1488.3726271126425,1488.3726271126425,483447
2021-07-01,1523.330078125,1549.4144980165875,1508.1253790251164,1517.8011164267257,1193157
2021-07-02,1506.6986083984375,1535.7704538185976,1503.5327633660324,1532.0695655177008,277107
2021-07-05,1503.4879150390625,1516.9091714162792,1501.3031099819552,1511.5585217816538,287710
2021-07-06,1500.500732421875,1520.2982045739361,1498.1821389786414,1514.100302433437,166162
2021-07-07,1538.4903564453125,1542.7709204619766,1503.2652400532616,1507.9916916191921,662369
2021-07-08,1552.0899658203125,1582.900839794958,1540.0956339864183,1541.8791842284409,1091778
2021-07-09,1537.4202880859375,1556.5488206323953,1526.8972982548678,1549.7268281352042,294363
2021-07-12,1545.044921875,1551.5994467862076,1532.0695512240147,1547.2743595222992,151868
2021-07-13,1540.363037109375,1569.256460698476,1537.5092917270063,1551.5993806006093,458921
2021-07-14,1541.16552734375,1560.2495343123323,1535.0568903026283,1542.770765903999,580483
2021-07-15,1561.3642578125,1563.7274833658846,1543.2166580921946,1543.2166580921946,486018
2021-07-16,1556.6826171875,1572.1995259425642,1553.5168808484395,1565.9571001447207,209117
2021-07-19,1563.5494384765625,1568.3649372744103,1545.2680476158293,1557.0394362361044,224045
2021-07-20,1564.5748291015625,1593.1562654853515,1560.6064733273804,1566.8488992206899,710131
2021-07-22,1595.073486328125,1600.7362361996534,1564.57471389389,1564.57471389389,532351
2021-07-23,1600.78076171875,1615.807148738437,1587.3595043879484,1603.0101992249129,578168
2021-07-26,1610.501220703125,1626.0627617301427,1596.2774512039805,1605.106046588638,468781
2021-07-27,1602.5645751953125,1614.1130198321712,1594.5831222954967,1610.5012869346947,202503
2021-07-28,1598.373046875,1610.4120104851947,1590.03497162794,1603.2332863887475,181731
2021-07-29,1524.489501953125,1603.3669643747628,1517.8011888413096,1601.0483709345194,1057455
2021-07-30,1519.9415283203125,1525.158390973071,1489.2644425815106,1516.0176960410586,620960
2021-08-02,1496.2647705078125,1530.2860109973506,1494.6150084099995,1520.4764852858289,662042
2021-08-03,1492.56396484375,1517.0432570400149,1487.5700459769166,1499.9657418340814,800213
2021-08-04,1486.3660888671875,1502.3734077324623,1478.5630570522255,1495.5959390136045,554376
2021-08-05,1475.218994140625,1493.8124836444747,1467.9510051315062,1493.7679602039786,601272
2021-08-06,1465.36474609375,1475.887735424773,1462.5111094239442,1474.995960358051,373401
2021-08-09,1472.2314453125,1483.0219015979758,1463.4028505846532,1475.5756017352255,434183
2021-08-10,1475.263427734375,1485.563363680627,1469.7343574124868,1480.346501696499,888730
2021-08-11,1478.7860107421875,1487.30250620966,1465.6769607487836,1480.3466171156529,337034
2021-08-12,1463.67041015625,1486.5889850381502,1461.4409725662108,1475.887684605962,802666
2021-08-13,1464.294921875,1474.9962245927222,1450.2940943630256,1460.7278209690926,269358
2021-08-16,1482.8880615234375,1486.7672610657967,1457.96299340457,1466.8807435521799,479096
2021-08-17,1503.0421142578125,1509.4183272120063,1487.9265717119017,1491.9395591693208,996543
2021-08-18,1488.149658203125,1508.88342872191,1482.1301764396067,1508.88342872191,515413
2021-08-20,1495.551513671875,1518.113358969738,1466.9700774340872,1466.9700774340872,895522
2021-08-23,1479.0982666015625,1516.0177801970392,1474.1043474504152,1513.7883422849848,620470
2021-08-24,1469.868408203125,1489.5320940346417,1467.9065463938555,1489.264517942799,541399
2021-08-25,1477.582275390625,1496.398709380347,1462.912508782269,1466.9701292793034,645693
2021-08-26,1475.3526611328125,1487.4807800133476,1468.0846727200083,1475.5309725987029,335230
2021-08-27,1476.4228515625,1486.9012091136467,1471.5180884534525,1476.6904276394273,529815
2021-08-30,1515.2596435546875,1517.801180751779,1476.4227954153657,1476.4227954153657,753854
2021-08-31,1510.0426025390625,1524.979833309258,1498.1819518763418,1521.7248328919627,1586467
2021-09-01,1517.177001953125,1532.9167451813116,1509.9090132083475,1512.8072822466304,621889
2021-09-02,1538.846923828125,1557.0837879600422,1520.4763805331238,1524.0434805461048,1073611
2021-09-03,1537.8660888671875,1563.6384098377996,1532.9613260438941,1542.7708516904809,616300
2021-09-06,1518.291748046875,1550.7969070694019,1516.0176779861893,1550.7969070694019,453162
2021-09-07,1543.8857421875,1553.427692833773,1515.8394570139255,1517.8013188176894,708929
2021-09-08,1521.1900634765625,1549.7268676961962,1516.062356468347,1544.2424288633815,571056
2021-09-09,1547.6759033203125,1550.1282851895899,1511.871106257007,1516.0178828260048,589555
2021-09-13,1536.796142578125,1555.7908877479301,1529.3943653711049,1544.5545427537922,362485
2021-09-14,1545.4017333984375,1549.7269300494152,1538.2675320564847,1544.5099582306934,310843
2021-09-15,1543.0384521484375,1562.2116162153634,1540.0955508642278,1547.22975144727,452502
2021-09-16,1530.7318115234375,1558.8227244642987,1529.394149002444,1544.5543242403692,623108
2021-09-17,1545.044921875,1547.2297272256492,1525.381238282117,1534.7448764007736,395997
2021-09-20,1539.87255859375,1551.6885779372376,1533.8530770414072,1536.127146949329,236735
2021-09-21,1544.95556640625,1550.6184247847045,1528.5469933747006,1535.6365611323943,349084
2021-09-22,1534.2099609375,1548.0324755021754,1529.9740290547768,1544.955785977057,198413
2021-09-23,1517.4000244140625,1542.7709834596183,1514.2341791412903,1542.7709834596183,664900
2021-09-24,1507.85791015625,1530.3307080528118,1501.7492724765211,1521.3683247297772,413927
2021-09-27,1500.9464111328125,1512.0935981159437,1492.8312807809425,1505.405285926065,380728
2021-09-28,1497.6470947265625,1505.6284381680573,1487.4808370182543,1502.6410134147234,239198
2021-09-29,1496.7996826171875,1511.558602188153,1491.0924097907216,1496.3984274169443,284053
2021-09-30,1488.8187255859375,1501.526522435054,1480.4806490743383,1498.182365369497,332202
2021-10-01,1505.1380615234375,1508.8388411113515,1477.225457271848,1488.9076893425913,225346
2021-10-04,1500.5455322265625,1519.4957548499021,1498.0485181724828,1507.1000580444272,308226
2021-10-05,1498.6280517578125,1505.4501530274026,1491.3600629393507,1499.8765586665063,233339
2021-10-06,1498.31591796875,1516.017631482145,1494.6150296259264,1502.5072172885546,246220
2021-10-07,1505.6285400390625,1511.514234207595,1498.7619149856528,1507.5458783672545,166905
2021-10-08,1505.004150390625,1515.9729179385267,1502.1504049805135,1508.7941942662092,173046
2021-10-11,1513.4315185546875,1524.8462835150342,1502.1505416327955,1509.7306300735331,289928
2021-10-12,1521.5020751953125,1524.9353874829978,1508.8834360358082,1511.5587612770066,164346
2021-10-13,1511.38037109375,1537.5093142731312,1508.9725131865123,1532.9612833718027,311469
2021-10-14,1499.252197265625,1518.2024174162307,1496.3985605984146,1515.7946682819756,290813
2021-10-18,1487.346923828125,1508.392792223951,1485.2959066273359,1502.1058437394133,253523
2021-10-19,1458.98876953125,1497.2458361646034,1455.6446127374763,1488.7294488453556,384005
2021-10-20,1438.9683837890625,1470.0022030600398,1431.522082936702,1459.8805767139493,436745
2021-10-21,1421.088134765625,1450.5612340290834,1414.3998220774981,1435.7577903845472,592760
2021-10-22,1394.424072265625,1433.0824987327685,1386.7101963468917,1431.298948641004,483464
2021-10-25,1366.51171875,1403.6541779498161,1359.9571927404509,1401.7814717841277,902495
2021-10-26,1379.21923828125,1382.028351394862,1355.4980442782323,1355.4980442782323,642134
2021-10-27,1367.4481201171875,1401.8706212331172,1363.6134431947853,1379.2195092708537,1108929
2021-10-28,1353.0009765625,1373.9131654751318,1347.249071398262,1370.6581649770833,522816
2021-10-29,1375.6522216796875,1379.5760538179259,1338.5543999875285,1359.8678462495225,629238
2021-11-01,1378.8575439453125,1388.4282187766303,1359.7612729491823,1381.4307753069384,602533
2021-11-02,1378.722412109375,1390.4600619832595,1370.551157918137,1378.8578685743596,1130021
2021-11-03,1363.147216796875,1387.6608648949023,1356.2852293369017,1377.8192765901847,823099
2021-11-04,1374.117431640625,1376.3746716195942,1365.0884717247484,1372.7178987669458,71525
2021-11-08,1394.2518310546875,1396.9154401401197,1363.372834777566,1380.5278572019195,424429
2021-11-09,1389.78271484375,1400.2112080819697,1381.7018394580964,1399.4888471709032,246212
2021-11-10,1402.1973876953125,1404.003179566137,1381.4307811808294,1389.2408530655036,303908
2021-11-11,1387.9317626953125,1399.4888762113924,1382.5595752894803,1399.4888762113924,411684
2021-11-12,1375.020263671875,1394.0713461648368,1370.731507911329,1389.5568664168936,430703
2021-11-15,1376.14892578125,1378.6769683874961,1364.2758216369475,1376.9163653185606,554038
2021-11-16,1361.6123046875,1380.482742190639,1357.820075502802,1377.8192431794666,332867
2021-11-17,1340.0330810546875,1359.490423152684,1338.0918326683889,1358.8584400579791,486976
2021-11-18,1333.487060546875,1342.8320116557352,1327.7987719327211,1337.1889119261348,289239
2021-11-22,1333.9384765625,1338.49803490469,1323.6906297424543,1333.4870285949492,459055
2021-11-23,1340.890869140625,1347.2111413366306,1325.8125495597317,1336.466656560061,543685
2021-11-24,1328.4307861328125,1350.100287804196,1325.4511855662834,1344.4119995287438,597651
2021-11-25,1315.6998291015625,1333.577211569505,1305.5874393564686,1333.577211569505,547074
2021-11-26,1317.505859375,1336.240952231929,1306.490571757888,1315.7000672924044,454634
2021-11-29,1305.0006103515625,1323.961424881118,1276.6948449900835,1320.0338496290678,350533
2021-11-30,1295.0689697265625,1326.5800649478583,1283.0153291073043,1306.942075216624,1559824
2021-12-01,1289.74169921875,1310.1020473493877,1284.866149173241,1305.542378631992,395699
2021-12-02,1300.5313720703125,1303.7817755060548,1287.1233890123794,1297.3712361878531,368097
2021-12-03,1309.2442626953125,1315.5193452037704,1297.5968833745849,1297.5968833745849,466114
2021-12-06,1290.193115234375,1316.3770976132628,1285.1821088746963,1316.1513736272377,389583
2021-12-07,1304.4136962890625,1306.761313863044,1285.723794763693,1295.6104610369937,657587
2021-12-08,1316.9188232421875,1319.9885810453338,1302.11130884125,1310.8693547465214,367560
2021-12-09,1303.646240234375,1321.8396149008554,1297.5066141640875,1319.1309271654027,635865
2021-12-10,1298.6802978515625,1314.6164325560555,1295.3396271027973,1314.6164325560555,644945
2021-12-13,1287.6650390625,1311.275789426897,1285.8592472215028,1309.1990847230352,448160
2021-12-14,1317.2799072265625,1320.846412102091,1286.7169035651627,1287.5295319049528,634424
2021-12-15,1308.29638671875,1328.1149110850833,1302.924199265805,1327.2572039175725,547677
2021-12-16,1306.58056640625,1319.7177451498212,1295.6555486318737,1319.130840802207,209665
2021-12-17,1290.1480712890625,1309.1991541789282,1273.5347634271575,1305.5875703053312,586556
2021-12-20,1278.320068359375,1288.4324584242738,1257.598541177561,1288.4324584242738,490526
2021-12-21,1304.323486328125,1307.9350701807389,1276.4239790233248,1277.597787862141,381423
2021-12-22,1299.583251953125,1311.998071154467,1293.2179016926925,1311.998071154467,424759
2021-12-23,1322.78759765625,1327.256887988275,1301.6598129061424,1307.3931794605592,753097
2021-12-24,1316.1063232421875,1333.4870705396027,1313.7136268955485,1327.25706634808,643830
2021-12-27,1314.8421630859375,1318.3182902806102,1301.9758964256973,1318.228022733369,275692
2021-12-28,1322.020263671875,1333.4871088680186,1313.126760219112,1318.2281446028862,357678
2021-12-29,1313.803955078125,1323.9164564660969,1309.9215683859766,1321.7945626805115,317996
2021-12-30,1319.762939453125,1322.6973512315367,1308.296205205739,1310.101997069377,286903
2021-12-31,1337.459716796875,1340.710119935289,1319.7177906363547,1322.4715569519517,381239
2022-01-03,1321.6591796875,1347.075613352541,1320.033922836688,1338.091842437737,507553
2022-01-04,1322.56201171875,1330.8234213633368,1315.5645682116854,1330.8234213633368,313890
2022-01-05,1323.7808837890625,1331.2748538438886,1318.2280518014727,1322.7425314309298,233585
2022-01-06,1315.42919921875,1320.9368427535155,1304.8201712608868,1318.2281547642738,339061
2022-01-07,1327.166748046875,1330.7331428796194,1311.8625959206393,1318.2280563066436,214807
2022-01-10,1322.923095703125,1336.195732236496,1316.9189258369704,1336.195732236496,219992
2022-01-11,1313.3072509765625,1325.4511565187165,1310.1019265045352,1323.6453647523422,291821
2022-01-12,1308.6123046875,1316.4223771853542,1304.6847291034546,1316.4223771853542,248477
2022-01-13,1323.9615478515625,1326.263976773575,1297.4615718887055,1311.005012096312,355451
2022-01-14,1321.478515625,1333.57734362952,1311.0049444482486,1322.7425920225098,335984
2022-01-17,1324.6839599609375,1329.8756122412267,1312.1336828400088,1327.257191656503,388400
2022-01-18,1327.4373779296875,1344.863311177679,1320.4851242681136,1327.256842854104,686434
2022-01-19,1306.896728515625,1331.771556591561,1301.298817584805,1328.5211531408656,417436
2022-01-20,1295.2042236328125,1310.2374630505074,1288.432504094823,1309.018575577027,292254
2022-01-21,1304.594482421875,1311.9079181465725,1288.4778104948864,1295.700978660869,413268
2022-01-24,1267.756103515625,1312.5397178427015,1262.2484606021342,1303.7816717521328,378951
2022-01-25,1280.03564453125,1282.2928845831261,1242.0237441010142,1264.054429050686,337994
2022-01-27,1258.7725830078125,1280.2614434286409,1249.6081658177388,1280.2614434286409,556714
2022-01-28,1265.4088134765625,1278.229893293778,1255.5221458204594,1256.831301005619,590310
2022-01-31,1286.17529296875,1297.2357684611102,1266.447038317572,1273.0833015696296,387404
2022-02-01,1291.32177734375,1296.5586180772978,1282.8797220340289,1286.5364948137917,203626
2022-02-02,1319.8082275390625,1322.2460026514925,1292.9470715484438,1294.752863547813,258405
2022-02-03,1327.572998046875,1330.6428662277553,1304.6846084472309,1319.1309432120445,386232
2022-02-04,1313.803955078125,1334.299760525541,1310.8695430613257,1328.1600236036725,380906
2022-02-07,1297.5970458984375,1323.8712982134832,1293.85000534692,1313.8039854795313,224018
2022-02-08,1298.906005859375,1304.5942940554914,1292.0892080170652,1298.3642903685027,180086
2022-02-09,1322.697265625,1327.2117449919126,1301.0729535442013,1306.4903287844963,567872
2022-02-10,1317.189697265625,1326.308924058694,1307.393298529257,1321.7493657705531,238551
2022-02-11,1314.1651611328125,1321.8397773263055,1302.0212537133584,1313.7137131214306,164776
2022-02-14,1276.0631103515625,1307.393561134569,1269.517113584832,1302.066452067247,298756
2022-02-15,1287.0328369140625,1293.9400121649355,1265.679438374048,1277.5976194297202,329109
2022-02-16,1289.6964111328125,1298.7253693314224,1279.1324639103736,1295.6555015005401,246533
2022-02-17,1282.2928466796875,1294.8431230405042,1274.0765151770854,1294.075683488911,263567
2022-02-18,1273.4896240234375,1284.9564693977281,1270.6906684560051,1282.022057386414,290096
2022-02-21,1273.8958740234375,1279.990421476032,1258.2306518738299,1273.4895047298592,307113
2022-02-22,1284.640380859375,1287.7101388660303,1255.025350094178,1255.1156176443524,300023
2022-02-23,1293.172607421875,1295.7910274834007,1282.1121330347792,1288.4324041131197,268523
2022-02-24,1261.6617431640625,1286.6268403911527,1256.8312714557785,1276.6949840793613,477460
2022-02-25,1272.8575439453125,1281.16414245785,1260.4427248431682,1262.248516712571,280686
2022-02-28,1309.5601806640625,1313.623212044229,1262.2484154383258,1272.1802699231766,785968
2022-03-02,1306.9417724609375,1309.1990121370359,1283.105299437983,1295.6555740804458,394137
2022-03-03,1301.388916015625,1313.4425536129445,1293.0371293732096,1313.4425536129445,330843
2022-03-04,1299.538330078125,1305.1814303959504,1279.4939716191268,1298.364521125296,222087
2022-03-07,1265.182861328125,1285.6785538709557,1255.0252826020294,1270.3745126770184,406101
2022-03-08,1291.502197265625,1297.4612876079434,1253.2193926233997,1264.0541424155329,469997
2022-03-09,1308.3414306640625,1312.5849975755264,1288.9291675872792,1295.6105094960876,607334
2022-03-10,1351.5899658203125,1353.8923944390833,1317.1445756023752,1322.7424860641927,745076
2022-03-11,1352.9896240234375,1376.9163674579527,1342.3805962741712,1365.1787197353603,785111
2022-03-14,1371.4088134765625,1375.110665187153,1343.1933123031556,1356.6012964173983,401454
2022-03-15,1371.0474853515625,1386.4869838874022,1363.4631374096514,1363.4631374096514,448667
2022-03-16,1382.017822265625,1384.1396058803334,1356.6464660146357,1373.3048535838143,383351
2022-03-17,1384.816650390625,1391.3626459670436,1372.401831193969,1389.5568540838938,482251
2022-03-21,1373.4853515625,1387.389972010407,1366.9845444470925,1384.8167404529247,319535
2022-03-22,1358.9486083984375,1371.1828920323487,1335.4733148023397,1355.2467572208714,416218
2022-03-23,1379.4444580078125,1394.0261392314394,1355.337070335853,1358.8583865370144,524647
2022-03-24,1362.1990966796875,1381.3405572448712,1359.6710541107866,1378.7221369061442,432415
2022-03-25,1371.182861328125,1376.0133322819524,1354.4340985315494,1367.9775368414112,260395
2022-03-28,1371.5892333984375,1387.751093156501,1355.2468385347481,1377.7740486928292,251146
2022-03-29,1375.471923828125,1381.8372751245747,1365.1336974804772,1372.4020550826049,139509
2022-03-30,1381.8822021484375,1387.7510256139487,1371.9955359355604,1381.430754189552,255531
2022-03-31,1392.4912109375,1408.4724243859416,1379.9409358015632,1387.6607398840729,389176
2022-04-01,1399.12744140625,1402.6035685202767,1379.9860927302298,1390.4596629532746,184466
2022-04-04,1410.5491943359375,1412.53552133422,1399.1275385538374,1399.4887189762862,188494
2022-04-05,1432.6251220703125,1434.7018270772842,1411.2265297179329,1413.0323218224983,235997
2022-04-06,1436.7783203125,1439.9384560297062,1418.7204019284645,1431.0900319348139,248952
2022-04-07,1432.8505859375,1440.0737530443362,1423.9570834805647,1428.110382523639,279528
2022-04-08,1412.7161865234375,1435.5593881921327,1409.4205942245253,1428.381409393465,259668
2022-04-11,1409.19482421875,1414.5670109211433,1394.116506258723,1408.517652270543,239989
2022-04-12,1392.2203369140625,1408.5176525576144,1382.694850970749,1408.4724636743426,315688
2022-04-13,1382.017822265625,1396.7349613383171,1377.006705241765,1394.8840906177418,292236
2022-04-18,1394.432373046875,1398.5856719143042,1363.2372773367683,1363.2372773367683,208338
2022-04-19,1356.6915283203125,1421.1583257503128,1341.703476534285,1399.488821418669,449243
2022-04-20,1378.045166015625,1384.0494470951892,1342.6516831521028,1357.0528317913083,256564
2022-04-21,1405.7637939453125,1410.097738557128,1381.4759812593325,1384.906919711629,389662
2022-04-22,1446.755126953125,1459.0796772105423,1398.5856559400556,1399.1725602793188,1107083
2022-04-25,1454.3397216796875,1466.6642740355892,1429.2843578574857,1444.362676863768,539482
2022-04-26,1467.2059326171875,1472.5330408158945,1454.6105780823598,1456.6420939890606,302461
2022-04-27,1477.1376953125,1480.2978309687308,1452.0823340380978,1464.4971526875763,516094
2022-04-28,1487.0242919921875,1502.418710486225,1473.5260429768748,1480.7492098542123,441732
2022-04-29,1493.886474609375,1505.127484621967,1479.2594947115315,1491.448589518008,292396
2022-05-02,1483.4580078125,1509.6419896911138,1474.6999614087824,1498.8072385689288,192906
2022-05-04,1459.80224609375,1500.6130997870414,1453.9334222979523,1487.1599278117774,351311
2022-05-05,1437.20703125,1477.4115728254444,1423.3024567236537,1465.473680759128,342691
2022-05-06,1446.35498046875,1458.1556349798811,1420.649749763962,1427.0531935813142,414530
2022-05-09,1446.4464111328125,1458.2013935585414,1434.5543013899614,1445.3487225926588,338673
2022-05-10,1454.4051513671875,1468.2182729097196,1438.213518366552,1446.2636071465838,503559
2022-05-11,1441.6895751953125,1459.7106502183765,1425.2235775090717,1454.496462284611,286472
2022-05-12,1431.992919921875,1445.3486509452728,1410.7243400899272,1445.3486509452728,250393
2022-05-13,1465.88525390625,1476.1765014390576,1435.240205697445,1435.240205697445,328375
2022-05-16,1446.400634765625,1481.9397224426168,1440.3631248965187,1467.3490642866775,199524
2022-05-17,1441.094970703125,1460.8999294629084,1427.4647611755736,1451.7521528225645,301942
2022-05-18,1469.1787109375,1476.6340595602865,1433.593837498599,1442.3298971835559,419102
2022-05-19,1431.2611083984375,1463.5984764340203,1427.0073699344198,1453.5817056966328,318495
2022-05-20,1451.66064453125,1468.2180973139377,1438.9909966791442,1440.6833129625477,200359
2022-05-23,1449.96826171875,1484.0893987789,1446.3091513637407,1446.8122120372427,344451
2022-05-24,1418.8658447265625,1456.005793046826,1412.23370710983,1454.542171216571,216142
2022-05-25,1437.34423828125,1444.3879808123186,1417.6307372357226,1426.5041465503218,182392
2022-05-26,1471.923095703125,1477.7775836209314,1414.9324006030345,1432.5418712425096,662577
2022-05-27,1456.6004638671875,1487.5198807386123,1451.6606423353057,1472.791983239654,258565
2022-05-30,1471.7398681640625,1481.8482049588517,1456.8747326818334,1456.8747326818334,180376
2022-05-31,1488.5262451171875,1502.0649998927233,1466.4344527533788,1471.877335461262,1266977
2022-06-01,1485.4615478515625,1509.1085259118086,1481.985460055123,1489.4408079828265,233109
2022-06-02,1454.2220458984375,1490.904720519778,1451.6149518211637,1481.9398545107965,345177
2022-06-03,1429.614501953125,1462.4549290108353,1427.9678575785993,1453.6274143563526,367143
2022-06-06,1404.5953369140625,1435.9264722940143,1401.4393986010627,1435.9264722940143,306470
2022-06-07,1388.8153076171875,1399.6097279637831,1372.1663999644934,1388.1750079640792,199634
2022-06-08,1385.796630859375,1398.1918005383977,1372.1664220667408,1381.3141982138525,244570
2022-06-09,1388.8153076171875,1392.9775903639547,1366.494823511515,1379.484620764304,211096
2022-06-10,1387.8092041015625,1406.1505413595837,1380.2622881974764,1382.3205379894998,363989
2022-06-13,1387.8092041015625,1398.6950808905926,1373.0813057009677,1381.3143048690613,302836
2022-06-14,1379.210205078125,1390.9651871022174,1372.2579173379004,1387.7176818088267,128513
2022-06-15,1387.3060302734375,1391.6512239245742,1372.212199695805,1388.632413142172,224274
2022-06-16,1385.5679931640625,1396.9112583841745,1376.740366487366,1395.9506971825383,273678
2022-06-17,1352.7730712890625,1379.4845307994747,1344.7229842673923,1376.8774371430045,390197
2022-06-20,1359.1766357421875,1364.8939958809817,1345.226277003529,1352.956103244303,228789
2022-06-21,1371.937744140625,1379.2101815980482,1353.870886033089,1368.2786336378329,326861
2022-06-22,1361.8294677734375,1387.2603315750246,1354.1454247067786,1370.3369447407758,235701
2022-06-23,1368.3701171875,1375.8255773235899,1358.4905856272476,1361.1891350116366,115612
2022-06-24,1384.7445068359375,1388.632311396831,1368.369966469561,1372.166315609517,189653
2022-06-27,1382.22900390625,1395.3560406105714,1378.5698933730766,1388.9983807260592,194633
2022-06-28,1385.1561279296875,1390.2789715670526,1369.6964765971525,1382.2288844230634,197903
2022-06-29,1364.848388671875,1383.098159925907,1359.3597222294948,1376.740499297032,247598
2022-06-30,1360.1370849609375,1379.80480383428,1355.7918912563619,1369.7880335400816,300109
2022-07-01,1386.254150390625,1390.4621054816691,1357.850258108478,1361.9210858781357,437561
2022-07-04,1391.9256591796875,1406.8365796409028,1377.7466055102254,1377.7466055102254,511438
2022-07-05,1399.65576171875,1406.0134225082315,1391.605672733017,1395.6307172258835,245311
2022-07-06,1435.4232177734375,1440.225799920498,1392.3372174161022,1399.7468932524166,414490
2022-07-07,1436.200927734375,1450.7915867600852,1427.9679287855793,1445.3487043441482,301996
2022-07-08,1433.1822509765625,1445.0286897957296,1425.7725735623098,1438.0306177005777,144232
2022-07-11,1428.3795166015625,1437.8017710613024,1418.9115902596493,1437.8017710613024,260824
2022-07-12,1406.0133056640625,1434.3256304248364,1399.152473007927,1428.3795754561854,188353
2022-07-13,1428.5626220703125,1438.487937813359,1408.7118789170195,1409.5352011830712,361447
2022-07-14,1431.992919921875,1439.8599851821896,1419.7348773842175,1427.0530984016618,153253
2022-07-15,1436.200927734375,1440.2259717761142,1425.8182236157215,1435.194694640739,103944
2022-07-18,1420.55810546875,1447.6812826511543,1415.5725007306028,1443.5190000563618,165868
2022-07-19,1430.2550048828125,1433.7768768690382,1410.5872833574012,1418.820283065713,136459
2022-07-20,1439.585693359375,1443.4734987775687,1427.053282913491,1433.685421568057,196112
2022-07-21,1469.4530029296875,1472.791963565619,1442.9702355808959,1445.1657241954254,487017
2022-07-22,1469.0413818359375,1484.5011457321077,1456.3259507615542,1474.6215029067998,269822
2022-07-25,1431.718505859375,1477.365933826206,1421.4730406446101,1472.7920454861867,447129
2022-07-26,1402.90283203125,1440.7746450341556,1389.0439297789137,1440.7746450341556,323847
2022-07-27,1430.6207275390625,1437.1156262408315,1387.1687910359183,1397.7801889853536,790501
2022-07-28,1416.853271484375,1442.0554391745777,1405.0984015909612,1429.7973969314273,412609
2022-07-29,1451.3404541015625,1457.2407249878395,1414.566327374626,1422.4791759925238,297072
2022-08-01,1440.820556640625,1454.4964375977015,1436.8869681487986,1454.4964375977015,170756
2022-08-02,1449.96826171875,1455.1824493077638,1436.2008143411529,1440.7747022849146,119022
2022-08-03,1454.0848388671875,1468.218108704664,1432.4959972808294,1449.9225559482195,438650
2022-08-04,1459.0703125,1472.7461933327318,1449.0077586206896,1455.2282911402303,301517
2022-08-05,1476.5426025390625,1481.9398130806348,1458.8874606551474,1459.0703715207485,311701
2022-08-08,1461.128662109375,1487.0169153457928,1452.8042074822918,1478.2807437588042,179244
2022-08-10,1450.5628662109375,1485.827589073148,1440.7747900817042,1467.1204309100754,181950
2022-08-11,1441.643798828125,1463.5527906367827,1434.5086001288564,1452.5754587912672,164061
2022-08-12,1428.97412109375,1449.8767677170438,1427.0531103939657,1441.6437690032324,210455
2022-08-16,1433.9139404296875,1445.302877299238,1423.2567586665803,1430.2548298958957,210978
2022-08-17,1433.593994140625,1445.3488660660116,1430.941116293518,1440.7749772493469,180167
2022-08-18,1432.6331787109375,1439.8599440928715,1423.714097100451,1434.3712784864185,137660
2022-08-19,1433.6395263671875,1447.361191480454,1421.1529004478725,1432.541837825005,220325
2022-08-22,1453.6275634765625,1459.9852238886458,1415.206899690019,1432.5418926125435,538036
2022-08-23,1454.7252197265625,1464.5590798819221,1446.4007650912793,1454.496525304345,460248
2022-08-24,1453.170166015625,1468.3554535650273,1444.0223889777683,1454.4965490192342,287961
2022-08-25,1436.6583251953125,1462.0891889901307,1432.3589148297692,1453.673167458265,298780
2022-08-26,1437.34423828125,1449.9224297061455,1431.7183339650421,1446.2633194734487,204207
2022-08-29,1491.0875244140625,1503.8944111268213,1419.0487866547942,1427.0530908502685,1982748
2022-08-30,1532.206787109375,1536.735003497609,1495.6614644939687,1501.6989746777533,821116
2022-09-01,1535.2254638671875,1540.6683457666834,1512.173113664731,1512.173113664731,374367
2022-09-02,1532.8013916015625,1551.417094246387,1528.4105259288726,1539.5707684725512,291504
2022-09-05,1517.799072265625,1532.25260418391,1514.0485061350919,1528.9594268904466,211847
2022-09-06,1492.5054931640625,1529.508203786151,1486.9710438124332,1521.2752050815604,333950
2022-09-07,1515.3751220703125,1525.8492826108006,1488.3891785229393,1493.6491505703086,217834
2022-09-08,1498.4515380859375,1522.0985174343057,1493.099999628836,1520.360417607814,257782
2022-09-09,1495.524169921875,1517.6160717812425,1491.0875207977247,1517.6160717812425,177891
2022-09-12,1491.910888671875,1505.998486786546,1488.8464058840716,1497.3080991292923,281529
2022-09-13,1503.711669921875,1512.127580330031,1489.2581371913432,1494.6553481055141,216817
2022-09-14,1487.7945556640625,1503.3914493088982,1482.8547334781954,1491.1791886738422,196183
2022-09-15,1492.3223876953125,1507.3247623899667,1486.513572376693,1490.1726827086973,211936
2022-09-16,1430.0260009765625,1494.7465124552714,1422.753564141587,1489.9897138756521,707222
2022-09-19,1445.2572021484375,1451.1118013226987,1424.7661608721194,1434.462781431294,173971
2022-09-20,1458.10986328125,1468.080962497048,1445.3945426457637,1452.48406978689,147198
2022-09-21,1463.872802734375,1485.9647033281055,1442.6042242850237,1458.1096593909033,260088
2022-09-22,1459.2076416015625,1473.7068455260924,1446.629448475564,1458.613013774894,165969
2022-09-23,1443.610595703125,1462.7294710350839,1430.986731058486,1462.7294710350839,212676
2022-09-26,1430.1634521484375,1453.6731939381566,1420.6497419103823,1420.6497419103823,254530
2022-09-27,1440.8662109375,1449.3736874940464,1430.7122016606863,1431.6269792832315,133534
2022-09-28,1450.059814453125,1461.6317740608367,1430.6207893876465,1436.2009107200627,169232
2022-09-29,1468.1268310546875,1473.661169433368,1442.6502930897382,1457.332408954376,251687
2022-09-30,1490.538818359375,1496.5763288931075,1457.8355153288562,1464.5591091429494,337416
2022-10-03,1444.8455810546875,1499.320637283642,1441.9641206584627,1487.931699684395,148768
2022-10-04,1464.1932373046875,1486.5138366312376,1448.8250381786077,1460.9000597538993,268268
2022-10-06,1437.4359130859375,1479.6071426205303,1434.4172136835564,1471.5571658803144,276218
2022-10-07,1446.4464111328125,1458.3385208756636,1424.3088361245377,1437.573112376179,346498
2022-10-10,1448.0472412109375,1451.7521353726222,1424.3088057814573,1424.3088057814573,152612
2022-10-11,1406.1962890625,1449.9227094464413,1401.4394895091157,1448.0931539771084,244141
2022-10-12,1439.6314697265625,1444.34259742559,1401.6681934796031,1406.1962986301296,147412
2022-10-13,1421.5184326171875,1442.7413373362024,1415.2980126999387,1437.4813667809185,85646
2022-10-14,1420.4210205078125,1434.3713799106424,1416.990604261215,1434.3713799106424,124400
2022-10-17,1436.475341796875,1453.7645494864669,1415.6641509354424,1420.4209498940368,128056
2022-10-18,1444.2508544921875,1452.666763366227,1436.3380062751755,1441.369282848547,135038
2022-10-19,1443.1988525390625,1451.4775225294418,1432.9990603220695,1451.4775225294418,132719
2022-10-20,1468.2637939453125,1474.43854258718,1433.9596348238263,1443.51901583214,580006
2022-10-21,1451.6148681640625,1488.3432125528147,1445.394447244673,1472.7462092049143,311203
2022-10-24,1459.7564697265625,1468.2181631904325,1449.7396988875623,1461.3573306521596,23704
2022-10-25,1478.82958984375,1481.9398563200837,1457.3323141502178,1463.6443025383542,260588
2022-10-27,1481.93994140625,1488.983685349756,1466.342936244938,1488.4806245921939,514305
2022-10-28,1486.0562744140625,1495.6156560738257,1470.367815573267,1481.8483196085015,416786
2022-10-31,1509.4130859375,1523.4272701586483,1496.7864424725376,1499.6540041183173,285630
2022-11-01,1500.995361328125,1522.5947231832934,1496.9252191928094,1515.1945058166673,165589
2022-11-02,1493.9190673828125,1514.2696676815258,1488.415200196645,1498.4054271377186,294988
2022-11-03,1469.9608154296875,1502.197993276928,1465.0582386388478,1485.5937989109923,240224
2022-11-04,1464.2718505859375,1485.9175109728433,1455.6228683208833,1473.5684196815953,278089
2022-11-07,1468.8043212890625,1479.4884299206665,1463.7166720203659,1471.6256992326805,315410
2022-11-09,1465.6131591796875,1494.7052202645166,1460.2479561025616,1478.1935068672256,316319
2022-11-10,1477.638427734375,1521.6696985557203,1465.6130744935092,1465.6130744935092,745912
2022-11-11,1466.9544677734375,1487.9063579401663,1463.8556490148046,1484.6687625079062,220500
2022-11-14,1458.999267578125,1483.7437471518863,1444.8001215091917,1466.9544795490065,493884
2022-11-15,1462.514404296875,1469.7758457523948,1448.7314754477259,1459.5080656819223,149180
2022-11-16,1447.945068359375,1462.514246226413,1438.4172433805732,1462.514246226413,225806
2022-11-17,1448.5927734375,1455.530478291128,1441.2850350746708,1447.5289694429357,78780
2022-11-18,1464.179443359375,1468.8508764049259,1441.9787880966317,1450.9516206830135,172224
2022-11-21,1462.3292236328125,1472.8282597482944,1454.1427555127389,1461.404196434649,245084
2022-11-22,1461.1729736328125,1469.0357050001462,1455.9928437862416,1455.9928437862416,135705
2022-11-23,1469.5906982421875,1479.581037378704,1456.5478370327749,1462.1442968772942,137359
2022-11-24,1463.0693359375,1474.3546229377753,1458.3054231355288,1471.3945809791871,181196
2022-11-25,1461.54296875,1465.2893740587597,1457.0103129088125,1463.8555367385286,122058
2022-11-28,1460.7567138671875,1468.9431819385259,1457.8428556266479,1461.358004126086,102129
2022-11-29,1482.4486083984375,1493.918968573635,1460.6642849978084,1461.5430156943303,454895
2022-11-30,1509.7833251953125,1517.0447668921893,1486.565162627161,1490.403935574539,932072
2022-12-01,1487.8599853515625,1519.8197209378995,1483.7436593940297,1519.8197209378995,379505
2022-12-02,1496.6015625,1512.419505385497,1487.9062840443864,1489.2938248750154,854450
2022-12-05,1478.4246826171875,1507.008044911712,1475.2795676381475,1506.6380114579974,448032
2022-12-06,1467.509521484375,1486.7038380452645,1462.9769780287902,1477.6848218299067,777171
2022-12-07,1498.4053955078125,1501.3192539818388,1466.121921313562,1470.3308405447522,363949
2022-12-08,1514.0845947265625,1532.4925460195789,1499.145382580707,1499.191566190564,671154
2022-12-09,1532.72412109375,1535.5454998602447,1515.1948968500487,1517.2299119837144,476636
2022-12-12,1526.387451171875,1544.7492196033206,1520.744807499013,1535.5452435817285,504949
2022-12-13,1518.9871826171875,1527.1736509695284,1510.060647317975,1524.907379437073,155708
2022-12-14,1453.6802978515625,1517.0446633640233,1452.2927570009247,1517.0446633640233,1165291
2022-12-15,1442.0711669921875,1461.0805218935711,1440.2674090460844,1455.8540954170849,399638
2022-12-16,1463.208251953125,1466.075814045791,1426.9471134561138,1442.0712874718495,578851
2022-12-19,1481.1998291015625,1483.7436539446721,1463.2542785337714,1463.393055199795,593544
2022-12-20,1477.4072265625,1481.662329131946,1466.214419939057,1473.5683410689496,189010
2022-12-21,1457.8428955078125,1489.9412948037427,1455.160293992051,1480.0435487388959,300959
2022-12-22,1467.1856689453125,1472.8746090013408,1457.4266994063544,1459.23045734,371317
2022-12-23,1450.07275390625,1470.7009075934534,1446.742678253535,1461.543114859709,396239
2022-12-26,1448.40771484375,1455.2066425552114,1440.8224236342132,1447.713944405471,145924
2022-12-27,1451.0439453125,1468.8969025885242,1448.592600639623,1455.0214945364205,221619
2022-12-28,1444.152587890625,1457.334227027876,1441.1925456727668,1451.0441090853342,207700
2022-12-29,1429.35205078125,1452.1539949059097,1424.7732110955376,1444.4300400101815,349612
2022-12-30,1421.1192626953125,1438.8334423701722,1417.187897288495,1432.358252288355,180434
2023-01-02,1406.18017578125,1427.4095056860253,1399.5199119291742,1422.6918893647824,267873
2023-01-03,1403.5899658203125,1412.5165006708296,1396.9298153066925,1409.7414191370951,203514
2023-01-04,1399.0574951171875,1412.93290462115,1396.2362296024048,1405.0239889549143,234052
2023-01-05,1410.6202392578125,1422.6918898625484,1399.519912418833,1399.519912418833,412526
2023-01-06,1402.98876953125,1419.9631097174079,1399.5662139111066,1406.503918210071,174194
2023-01-09,1419.824462890625,1422.6457284791898,1406.272790003675,1409.7416424703836,203041
2023-01-10,1387.4022216796875,1423.5707677866799,1384.8583965160217,1422.6457404544376,503968
2023-01-11,1377.643310546875,1392.6287088087502,1372.740620306998,1392.6287088087502,269902
2023-01-12,1374.96044921875,1384.2569048044425,1368.1152253722287,1378.2905245467348,217182
2023-01-13,1373.01806640625,1382.175746340545,1366.820315745909,1381.8520093692548,168150
2023-01-16,1384.9971923828125,1387.5410175817124,1370.196754861941,1374.5443382163462,343090
2023-01-17,1387.4945068359375,1393.9696972516333,1373.2953618651907,1387.5408033633935,450363
2023-01-18,1391.2408447265625,1394.6634000415934,1380.2792954950671,1389.3907904117666,205821
2023-01-19,1387.6796875,1399.5662653857291,1377.596867630996,1391.2410199207777,186679
2023-01-20,1387.5872802734375,1394.1549516794653,1380.0019884779679,1391.2410930299363,218837
2023-01-23,1378.9381103515625,1389.34466717023,1368.99406716928,1387.6333892992784,333704
2023-01-24,1349.845947265625,1383.7482168715928,1346.4695753877818,1380.3718449937494,631318
2023-01-25,1342.3992919921875,1358.3098259774465,1337.589196204986,1346.8394672714105,622544
2023-01-27,1338.421875,1360.5762312186341,1330.6516239552755,1346.839599915802,678893
2023-01-30,1341.890869140625,1347.6259932068292,1327.0441358767412,1339.439524223255,372756
2023-01-31,1344.1109619140625,1350.4473763282308,1329.0329717737457,1347.2559643958127,492244
2023-02-01,1343.6483154296875,1359.7899950333172,1328.4315501152032,1350.5397229582607,562867
2023-02-02,1351.8809814453125,1365.2013959570168,1338.9306004041703,1343.6020330184983,508244
2023-02-03,1351.603515625,1357.8936328328737,1340.1331557633537,1355.8586181605767,370373
2023-02-06,1344.5269775390625,1353.3610320875518,1337.3117205211497,1351.6034578992546,149209
2023-02-07,1358.8648681640625,1361.1774360132185,1341.335649034801,1344.9894610691265,307007
2023-02-08,1348.6898193359375,1360.8076545254457,1341.4283775288116,1359.7901470670975,284348
2023-02-09,1357.1539306640625,1361.640290832109,1344.851021455904,1349.4299746958038,205978
2023-02-10,1356.9686279296875,1361.5475803951322,1350.308477148773,1355.1648700277117,136141
2023-02-13,1344.89697265625,1361.4549809379043,1341.2893442501138,1355.1647512595978,91760
2023-02-14,1334.490478515625,1352.2509551338114,1332.131614048642,1345.914541559625,181222
2023-02-15,1349.291015625,1350.6785564946822,1330.189180402035,1334.490579681723,110458
2023-02-16,1340.64208984375,1353.0373651329166,1336.8493876390664,1353.0373651329166,90494
2023-02-17,1346.0533447265625,1350.5397040364364,1333.2879242744912,1342.3532359483804,177938
2023-02-20,1347.0245361328125,1352.80595601547,1340.0868322736235,1348.6896302263608,166350
2023-02-21,1348.828369140625,1354.8872292570804,1338.5605903000376,1354.8872292570804,186405
2023-02-22,1348.273681640625,1350.2162165243387,1334.9994486120916,1347.76487142229,229296
2023-02-23,1345.035888671875,1353.314837211325,1338.5144015343728,1350.5397555218965,302216
2023-02-24,1354.7486572265625,1357.6624026284385,1345.035871438012,1345.035871438012,321998
2023-02-27,1350.26220703125,1356.3211805755911,1337.6818592443665,1350.5397603685342,224285
2023-02-28,1363.027587890625,1370.8903191407576,1345.035853903254,1350.5397206110026,885560
2023-03-01,1371.3529052734375,1375.4230477783271,1361.8713759115133,1368.115309881561,254165
2023-03-02,1385.3671875,1387.4484989686753,1365.8028371107762,1365.8028371107762,304127
2023-03-03,1388.3734130859375,1395.4035975565766,1367.3752268963808,1387.5408659826749,415588
2023-03-06,1395.4962158203125,1399.7976155142744,1381.389548953243,1392.1661399960237,335452
2023-03-08,1389.2520751953125,1395.496008783892,1376.8105045454124,1387.5407974621144,323768
2023-03-09,1377.226806640625,1391.5647290995541,1373.896731104805,1389.43723416312,397299
2023-03-10,1384.858154296875,1388.6507431120485,1367.282638058327,1369.872759302929,89786
2023-03-13,1389.4371337890625,1396.6060945006357,1372.2778342733736,1383.9331542659368,213854
2023-03-14,1387.9571533203125,1394.4786408878326,1376.3943121852558,1389.437287320296,225291
2023-03-15,1386.1534423828125,1390.131105035812,1367.699192471392,1387.911016878751,276294
2023-03-16,1387.6796875,1394.8948324852702,1375.0993391588581,1387.5409108252438,313224
2023-03-17,1376.301513671875,1389.0206359782323,1371.213864749332,1382.6379265644641,476167
2023-03-20,1385.0433349609375,1396.791135769935,1369.9653457452143,1369.9653457452143,328497
2023-03-21,1383.748291015625,1390.2234817897568,1377.7356138682171,1388.8821245212384,257004
2023-03-22,1391.7034912109375,1394.432276418515,1383.9332397630758,1387.0783549822538,114909
2023-03-23,1406.8740234375,1408.724078011573,1386.153389624208,1390.408492560902,305431
2023-03-24,1388.4197998046875,1414.2743828073692,1384.3497696704383,1410.6667534443927,234341
2023-03-27,1387.9571533203125,1398.5949671645647,1378.3831434441597,1392.119776128933,190364
2023-03-28,1385.64453125,1393.137342349058,1381.5282051332201,1387.633362431622,152380
2023-03-29,1383.3319091796875,1399.889918979791,1378.3830361428063,1384.71945000788,257945
2023-03-31,1394.33984375,1396.744892087126,1381.1582050494626,1392.674862402006,181517
2023-04-03,1410.2041015625,1413.3492169276187,1384.812147656125,1396.5599490547618,171813
2023-04-05,1425.605712890625,1428.2420178658374,1395.1259984500493,1404.1913103111017,241672
2023-04-06,1423.2469482421875,1428.8434084449545,1410.7128963684263,1424.5420090158757,509985
2023-04-10,1421.628173828125,1431.387256944619,1412.054163921405,1423.2469715922014,172372
2023-04-11,1421.90576171875,1429.4447569296576,1409.7416299267181,1422.6920123538664,319263
2023-04-12,1439.9437255859375,1447.0202068006247,1419.9631590938081,1423.8019319380294,408414
2023-04-13,1433.2373046875,1446.5114237058588,1426.623336985043,1440.082529212292,185104
2023-04-17,1442.302490234375,1451.0902493969688,1429.7684383376968,1436.2898129126002,310831
2023-04-18,1435.133544921875,1455.0679282028734,1431.0172186458012,1433.8847806631627,85701
2023-04-19,1414.320556640625,1441.3776072981896,1412.0079882083544,1424.5421542786128,253684
2023-04-20,1421.4432373046875,1424.3107993796114,1406.0878065552226,1413.904242150827,125079
2023-04-21,1424.4957275390625,1428.8896071587615,1412.5166693221786,1418.34438640618,60549
2023-04-24,1452.3851318359375,1458.2128481534253,1424.5418367022464,1428.8894192183463,143250
2023-04-25,1449.6566162109375,1461.5431949277825,1445.8177301722305,1452.3854016923447,284672
2023-04-26,1456.5479736328125,1462.4218744429998,1444.1988816797855,1450.4891125287502,265975
2023-04-27,1460.8956298828125,1466.168240216559,1448.1765047705237,1455.992940126728,256708
2023-04-28,1475.510986328125,1478.1935880139517,1443.227511790955,1460.80303004644,205265
2023-05-02,1457.24169921875,1475.4185078077035,1454.1428804223888,1469.3133503590695,144210
2023-05-03,1465.751953125,1471.5333733545513,1455.160323513444,1461.5430340305413,91876
2023-05-04,1465.6593017578125,1467.6944293486688,1452.5239606861855,1463.1154769580119,123754
2023-05-05,1449.933837890625,1480.043518385116,1443.042430425488,1468.0181647982367,418409
2023-05-08,1455.1602783203125,1465.9831644049227,1446.7425533111893,1446.7425533111893,149354
2023-05-09,1463.4393310546875,1471.6719828232185,1453.9115057004724,1456.7328838357732,192071
2023-05-10,1484.2525634765625,1486.5188351393901,1464.086923657044,1465.2432077540723,306721
2023-05-11,1504.233154296875,1506.869459496851,1484.2525873623588,1488.2301369691243,264887
2023-05-12,1505.6668701171875,1521.6235908204242,1495.4453863452668,1504.9730996518294,363165
2023-05-15,1548.1719970703125,1585.9130439842745,1478.2399542453356,1490.357789556546,1494783
2023-05-16,1536.423828125,1571.5748604770329,1532.8163125077651,1555.4331815774547,465682
2023-05-17,1538.6903076171875,1554.9707641826012,1517.6921218727464,1531.8450835731037,349926
2023-05-18,1512.974609375,1560.521034552631,1508.7658029664403,1540.1704342205871,388799
2023-05-19,1507.4927978515625,1520.1430870643028,1501.2613362138088,1517.8473395916133,257186
2023-05-22,1510.6788330078125,1517.050761961983,1493.7648818950329,1507.492811337217,177278
2023-05-23,1485.7061767578125,1516.6291056969533,1482.5201551412247,1513.349401112499,220030
2023-05-24,1493.671142578125,1505.3374743171064,1486.1277764357692,1486.1277764357692,300659
2023-05-25,1481.6767578125,1498.1221791697644,1469.307632174005,1493.6711515850536,360381
2023-05-26,1499.7620849609375,1502.1047311417574,1477.9754754793119,1481.6768106901993,189388
2023-05-29,1504.8221435546875,1511.9437646882113,1499.7620051958365,1503.041709674553,182418
2023-05-30,1490.7193603515625,1508.2892056767303,1488.5172959482109,1503.9787598343585,171987
2023-05-31,1491.2816162109375,1526.4682065677196,1470.2446998801424,1490.7194040214652,2804300
2023-06-01,1509.5074462890625,1522.719947261746,1500.183646287466,1501.12070471655,216289
2023-06-02,1508.2425537109375,1517.8005046515725,1502.9012516312691,1510.5383012800337,213634
2023-06-05,1506.321533203125,1521.7829983961897,1499.6215420753922,1508.7110781241354,277500
2023-06-06,1517.84716796875,1522.7198256560469,1499.6213143463863,1505.009399883323,295706
2023-06-07,1533.6834716796875,1538.6499270650932,1522.8136168750227,1527.4052260146784,497676
2023-06-08,1519.2528076171875,1535.6513293791018,1510.0695896757115,1533.683415258064,377866
2023-06-09,1496.060546875,1529.8883302613797,1493.0618915379744,1527.4051027690475,312959
2023-06-12,1523.93798828125,1526.9834278146761,1493.6709588557833,1498.449933400067,328864
2023-06-13,1544.1318359375,1563.013587707171,1522.720071956926,1524.5941889685653,601080
2023-06-14,1543.24169921875,1557.3912599910832,1534.4333262547525,1545.162600552227,294476
2023-06-15,1542.0233154296875,1557.3910964185611,1536.9163927876937,1546.00581372077,166696
2023-06-16,1555.2359619140625,1562.076534785811,1536.9165366920108,1542.0234598121754,376833
2023-06-19,1545.631103515625,1573.3212280609052,1543.0074083368984,1555.1891688876974,231067
2023-06-20,1540.805419921875,1555.4235104282834,1535.3704345756448,1547.1305651360256,289186
2023-06-21,1548.3955078125,1578.0065339086782,1540.0556641798769,1546.1465445067215,534788
2023-06-22,1534.1053466796875,1546.0528425587938,1523.891386148772,1546.0528425587938,145060
2023-06-23,1528.7171630859375,1540.3834949182317,1523.2821783748911,1536.7758427988206,174330
2023-06-26,1562.498046875,1564.8875916469922,1522.7199619319533,1528.3423125606253,374707
2023-06-27,1585.9713134765625,1588.7824886260041,1563.4350136070695,1563.4350136070695,608262
2023-06-28,1581.9888916015625,1597.6846202758265,1572.3840427113414,1590.0944698838841,346576
2023-06-30,1581.848388671875,1590.1413332977058,1570.5100040024831,1583.9099859489595,279881
2023-07-03,1583.1602783203125,1587.4707243865448,1568.2610258333832,1581.8483735904974,270926
2023-07-04,1598.0594482421875,1610.803419844063,1555.5169732060176,1587.3769594042133,280052
2023-07-05,1680.801513671875,1686.7050270212517,1606.0243261061362,1611.7872578258598,1739601
2023-07-06,1667.589111328125,1694.3889587801664,1657.8905797331588,1677.3345415980525,702267
2023-07-07,1656.8131103515625,1678.552936175628,1647.3488423825147,1667.0270708751386,528001
2023-07-10,1667.35498046875,1674.617183675501,1643.2726233314934,1658.6404052528612,668079
2023-07-11,1685.487060546875,1693.2646917702468,1641.9607394324378,1672.6494049861044,431848
2023-07-12,1684.8779296875,1694.9513076537837,1668.0576624976368,1689.5163230892624,334475
2023-07-13,1693.5457763671875,1700.761080651508,1672.8835918639697,1686.705203951909,330795
2023-07-14,1721.0484619140625,1724.187584911361,1692.7024431947316,1702.635240099969,368774
2023-07-17,1723.3909912109375,1737.774814873469,1711.537179491179,1721.3762927595376,218626
2023-07-18,1724.0469970703125,1740.0238896822602,1716.9253756008388,1728.82597237305,210334
2023-07-19,1713.7392578125,1732.4336418066914,1710.459553363029,1725.87423290775,127206
2023-07-20,1722.500732421875,1731.2154214347825,1706.1960075131014,1717.4874927798319,145356
2023-07-21,1717.534423828125,1730.840607814985,1706.4303042802644,1710.2253222997274,324784
2023-07-24,1769.728515625,1778.8648352535072,1710.3189887017154,1718.5651485827634,1204491
2023-07-25,1779.5208740234375,1782.6130982393813,1752.8147085166547,1777.5529597922718,848574
2023-07-26,1765.04345703125,1788.8447670129667,1756.235083808154,1780.3643414040598,442282
2023-07-27,1875.8973388671875,1899.4174831466567,1771.0404751589447,1813.208105519872,3728079
2023-07-28,1920.313720703125,1932.3081133272672,1867.0887607156262,1883.4872818260521,1770420
2023-07-31,1892.2958984375,1917.6901601137645,1875.5225289360858,1909.7720617918753,482515
2023-08-01,1880.067138671875,1900.260793383935,1870.0874436183813,1890.983892145659,428272
2023-08-02,1868.6351318359375,1883.4405867207865,1853.970144209041,1880.0671991765817,465498
2023-08-03,1869.056640625,1886.767067062111,1846.5672392793379,1865.7769362620909,277821
2023-08-04,1869.853271484375,1922.328545615721,1856.1722407489638,1882.0819302287198,544208
2023-08-07,1869.4315185546875,1890.890178913244,1864.793125203304,1870.368576959978,284428
2023-08-08,1852.5645751953125,1877.912052290046,1840.38281521679,1869.4785261510688,781262
2023-08-09,1844.693115234375,1868.8223686664476,1838.5554514401701,1853.360905302207,257110
2023-08-10,1840.945068359375,1854.4387333592517,1834.7605052639792,1844.693302282284,275588
2023-08-11,1839.1646728515625,1863.6219912199101,1831.0123096534626,1841.3199531571413,266692
2023-08-14,1839.49267578125,1862.8253401808865,1823.4688844303398,1841.2262110738104,343092
2023-08-16,1871.9615478515625,1876.365791029473,1828.669494880526,1828.669494880526,422079
2023-08-17,1879.552001953125,1895.809944196889,1874.2575985031203,1878.755410711344,795753
2023-08-18,1870.930908203125,1888.172806835253,1861.607222231873,1876.928105256085,496922
2023-08-21,1867.838623046875,1881.566437601241,1859.6393617458637,1860.0609922865378,262910
2023-08-22,1817.6590576171875,1885.7363742365098,1788.844511401578,1877.677694757677,1331093
2023-08-23,1823.2344970703125,1878.3335771665459,1817.893309904265,1830.496699725858,1375135
2023-08-24,1849.80029296875,1866.3392832267327,1836.6345758918605,1836.6345758918605,747557
2023-08-25,1848.25390625,1875.9908104400442,1841.3196516057376,1850.6902350744692,698079
2023-08-28,1813.957763671875,1854.7665898714085,1811.3339542998726,1854.7665898714085,339420
2023-08-29,1835.463134765625,1846.005041729818,1819.7674066189375,1822.953428045518,644187
2023-08-30,1817.846435546875,1855.3756710107618,1814.9884759989911,1844.0372870097656,409489
2023-08-31,1819.8143310546875,1847.3637568014901,1812.6925956284535,1827.263899660035,683068
2023-09-01,1817.3311767578125,1828.482195165368,1793.5298693034458,1819.8144045221827,661806
2023-09-04,1818.783447265625,1840.007842804308,1812.2709371707208,1817.3310753845874,568833
2023-09-05,1863.7623291015625,1868.4476212779782,1820.7514384316798,1822.2038103741593,410832
2023-09-06,1891.8272705078125,1903.6810824200982,1868.494492929336,1871.3056681945257,837776
2023-09-07,1888.7349853515625,1903.915400844911,1883.5343795961612,1892.858065401127,353631
2023-09-08,1888.547607421875,1910.427899171401,1880.7699765962539,1894.4979056528657,297448
2023-09-11,1884.237060546875,1908.7410459901273,1877.3964885298954,1885.7831153841964,306279
2023-09-12,1865.02734375,1893.7949903272327,1856.4063380020048,1893.6076244056064,186906
2023-09-13,1839.8673095703125,1873.1797821665493,1830.9184702887187,1865.683314804202,255460
2023-09-14,1826.608154296875,1849.8471361401366,1807.6327199368602,1845.9583205420377,554578
2023-09-15,1860.857421875,1874.1168212628372,1825.2492022710062,1841.3197768907376,932609
2023-09-18,1870.134521484375,1887.9855318561347,1859.9674595274544,1870.2751031382913,460618
2023-09-20,1874.72607421875,1879.692415539357,1845.958310199448,1862.6848956067702,334511
2023-09-21,1867.6982421875,1891.8742837618408,1860.1548752248286,1874.7261812010343,246295
2023-09-22,1875.3349609375,1887.9383502545038,1855.4224705824147,1869.431447453895,318790
2023-09-25,1876.3189697265625,1886.767194350681,1872.2427883350686,1878.7552988259713,199957
2023-09-26,1937.7430419921875,1952.5017123111843,1872.2427490384432,1876.318930344382,771432
2023-09-27,1921.3446044921875,1964.0745624364913,1903.6811895133264,1952.7360633860915,1085533
2023-09-28,1854.6260986328125,1937.6026728261436,1844.2247723778894,1922.8440017600033,1161967
2023-09-29,1879.317626953125,1885.6895558039728,1856.6407437488517,1860.0141313036559,283024
2023-10-03,1853.87646484375,1892.202178418901,1845.208674160274,1871.3057291785249,315987
2023-10-04,1865.26171875,1873.7889276548963,1850.409251004184,1850.6904142902752,421895
2023-10-05,1871.8681640625,1880.5828544601547,1859.4990367758596,1869.2912530121973,242827
2023-10-06,1867.1358642578125,1879.2238267788064,1856.968688544159,1875.991020874265,203842
2023-10-09,1874.5384521484375,1885.736368789815,1847.8791861157213,1847.8791861157213,332990
2023-10-10,1902.556640625,1915.3475116107636,1876.0379545710161,1883.3938406790057,690256
2023-10-11,1931.043212890625,1959.0144993073295,1903.072040860939,1906.9139576525158,865237
2023-10-12,1930.9027099609375,1963.1374287370302,1922.8908145566313,1943.5061002044665,418569
2023-10-13,1920.1732177734375,1948.1445038183945,1907.9446737193416,1922.843925846727,305161
2023-10-16,1943.646728515625,1957.5152403099698,1911.8336376459627,1911.8336376459627,638703
2023-10-17,1939.9453125,1954.7039835164837,1922.0007341705275,1940.7885736198966,598241
2023-10-18,1928.56005859375,1936.196993337349,1918.674046339387,1932.3082923376578,392639
2023-10-19,1957.0465087890625,1972.1799107517727,1907.429311239879,1919.0956428058414,467029
2023-10-20,1977.8961181640625,1995.3721667012376,1942.4752630919031,1962.2472878448011,714662
2023-10-23,1945.0989990234375,1980.5667514329818,1931.6990179748661,1974.6632376816221,305786
2023-10-25,1943.8338623046875,1969.696765772104,1923.4061721108567,1943.4591304525898,388909
2023-10-26,1906.3516845703125,1934.55712031312,1900.4481707322066,1933.1515326742392,536277
2023-10-27,1949.5499267578125,1958.4988798909078,1878.8020202592713,1906.960669858858,1000307
2023-10-30,1924.5306396484375,1959.2953699628754,1916.3313784270092,1916.3313784270092,522401
2023-10-31,1980.7540283203125,1993.5447835615903,1920.969658557713,1923.7808336677977,638945
2023-11-01,1959.38916015625,1985.1582667580178,1953.3920777658136,1980.754137929976,315462
2023-11-02,1990.9212646484375,2002.4471300350663,1963.137571435827,1972.5081565023465,338347
2023-11-03,1972.4610595703125,1999.12032565023,1964.1682298843841,1993.9198344802521,341571
2023-11-06,2003.6160888671875,2011.759768272876,1977.3852339241237,1987.6597946096483,374812
2023-11-07,2004.5155029296875,2028.757425672087,1996.7505138574368,2007.545714373698,446677
2023-11-08,2024.2596435546875,2034.0607269638208,2005.746845633525,2017.9624809869192,406481
2023-11-09,2015.879150390625,2035.0076074895937,1998.7391613600184,2024.2595688315116,157573
2023-11-10,1995.56689453125,2015.1214343954716,1990.9266735668036,2015.1214343954716,147774
2023-11-13,2014.6480712890625,2017.015460327005,1984.1087526996043,1991.0215749284637,142862
2023-11-15,2023.312744140625,2032.166872150131,2001.6749457492288,2030.841226685446,239749
2023-11-16,2015.926513671875,2031.4090989572774,2010.9549967912692,2026.295631213358,302808
2023-11-17,2050.5849609375,2061.9010341368476,2015.9736874661717,2020.6139086275114,398219
2023-11-20,2065.641845703125,2072.885964111156,2037.0435994826148,2059.865323633071,509750
2023-11-21,2062.84765625,2069.0976546853503,2047.1757285317358,2066.730266064429,297026
2023-11-22,2052.668212890625,2072.6016744992403,2047.0338733113629,2063.274300557862,280718
2023-11-23,2071.134033203125,2082.1662056434934,2052.9999243182447,2063.41643684938,234323
2023-11-24,2078.662353515625,2087.0427719560867,2069.2873542555308,2070.991920592851,270160
2023-11-28,2064.647216796875,2083.1128498867693,2055.8878780234636,2079.040894813498,678686
2023-11-29,2091.303955078125,2101.294382449512,2069.382026394404,2077.336360602627,886204
2023-11-30,2079.70361328125,2104.1351113067617,2032.6873653989655,2095.612511846023,2350203
2023-12-01,2158.3486328125,2167.581450261188,2071.2761083421733,2078.141536701454,637907
2023-12-04,2167.439453125,2189.36138314882,2142.5344741979993,2177.003566127841,416458
2023-12-05,2192.2021484375,2205.033442671819,2163.982826163393,2172.2686874155866,559406
2023-12-06,2207.401123046875,2223.357187822174,2193.71765946753,2201.6719948437267,239429
2023-12-07,2183.01708984375,2213.5564121255716,2168.6234089908558,2211.141628776843,220030
2023-12-08,2172.126708984375,2196.889504393335,2154.5132430985846,2196.889504393335,268098
2023-12-11,2165.119384765625,2179.418508079043,2146.369847163067,2159.0589608604037,445870
2023-12-12,2212.51416015625,2222.409799020296,2166.681605843663,2168.433334826979,199151
2023-12-13,2264.312744140625,2285.9507716340877,2204.5599857172447,2220.98952632693,392189
2023-12-14,2248.97216796875,2300.155164659617,2240.686306424587,2296.367342239428,277384
2023-12-15,2259.152099609375,2280.884686035596,2239.17147365184,2267.9588335937588,541517
2023-12-18,2237.845458984375,2272.5986837524283,2233.489601877646,2255.364137829422,187639
2023-12-19,2292.200927734375,2302.9961296158117,2232.1638011017308,2237.845534974138,264922
2023-12-20,2243.906005859375,2305.7894134988246,2233.1105736726245,2302.9959408119735,306604
2023-12-21,2267.627197265625,2277.854364264226,2229.1335435458645,2229.7963662459792,161608
2023-12-22,2278.990478515625,2286.4715660636043,2252.286378283713,2267.6270119326564,118737
2023-12-26,2325.722900390625,2334.1507125616754,2270.2312110240664,2278.990550123665,188878
2023-12-27,2328.042724609375,2352.237484099751,2310.7607865720074,2329.510551886227,333766
2023-12-28,2394.708740234375,2409.055024970627,2324.8233713379627,2338.980311193966,931064
2023-12-29,2395.513427734375,2400.3903875700285,2362.1806383461476,2382.3982319762913,252232
2024-01-01,2354.2265625,2394.8508679016713,2348.876124298388,2386.3282669482846,357687
2024-01-02,2369.85107421875,2381.2145409257396,2330.457630491725,2354.2734703223277,244582
2024-01-03,2361.13916015625,2369.5198102588415,2340.258972717197,2362.6543816947983,157313
2024-01-04,2369.708984375,2389.973972838492,2363.6959550561137,2369.2829005949734,336897
2024-01-05,2381.26171875,2393.382796218532,2367.3889122006335,2372.123690025035,158294
2024-01-08,2368.052001953125,2396.792199065008,2345.6091987721798,2391.015676991569,226675
2024-01-09,2315.25927734375,2376.811397441428,2307.6836317932666,2376.811397441428,324851
2024-01-10,2269.14208984375,2312.0866137332946,2259.5305841093705,2305.836615031625,360815
2024-01-11,2325.154541015625,2366.441895045976,2269.947217972209,2272.6459025476865,720231
2024-01-12,2321.319580078125,2356.4514922705903,2302.048942158588,2329.510653109883,400907
2024-01-15,2354.983642578125,2382.208614383509,2321.3195580458087,2324.8232473096555,615386
2024-01-16,2367.531005859375,2390.8736006558006,2329.510830112335,2354.983843867916,475637
2024-01-17,2367.10498046875,2380.409753524129,2338.9804440396215,2351.006734497627,353444
2024-01-18,2362.843505859375,2374.396317642947,2319.2361553675078,2358.8663386801554,348563
2024-01-19,2358.298095703125,2374.443734660616,2341.3476832128217,2368.335917377257,377303
2024-01-23,2309.056640625,2417.3885092714495,2284.151891161041,2400.2959129872524,722322
2024-01-24,2384.623291015625,2391.0626346460003,2252.7123437850137,2308.677506244336,440368
2024-01-25,2360.334228515625,2384.623547194903,2325.770349093695,2384.623547194903,215858
2024-01-29,2392.53076171875,2398.638579213777,2353.1847095721423,2360.334270722592,276386
2024-01-30,2358.39306640625,2398.6386818739334,2349.965253525627,2391.0630366094283,313301
2024-01-31,2432.82373046875,2443.997621624192,2365.400306629296,2374.017695086797,448037
2024-02-01,2370.6083984375,2465.9196119341686,2355.078420109527,2432.823562159836,432718
2024-02-02,2406.92431640625,2412.416704942006,2362.8908824678647,2370.6084778755594,249774
2024-02-05,2397.029052734375,2441.1570504333563,2386.47035777537,2405.2675212343893,229185
2024-02-06,2429.0830078125,2434.5280023846144,2388.0800162477944,2399.585434041436,144763
2024-02-07,2415.825439453125,2433.6756431641293,2383.4870014957637,2433.6756431641293,156794
2024-02-08,2365.73193359375,2421.649710514781,2358.7245543162217,2415.6838437296733,134032
2024-02-09,2399.727294921875,2407.066200374328,2356.0253891230705,2365.77907744633,114787
2024-02-12,2381.7353515625,2410.00206949022,2370.7508050090855,2399.727508466356,88296
2024-02-13,2416.299072265625,2422.7384163385195,2374.633027452019,2384.4341100149854,159612
2024-02-14,2457.16064453125,2465.8251965265067,2400.5326486331164,2400.5326486331164,199963
2024-02-15,2452.5673828125,2482.633220327647,2438.410444141855,2462.0843319490577,273088
2024-02-16,2442.7666015625,2461.137446548102,2414.736625124148,2460.001146139048,100974
2024-02-19,2434.906982421875,2459.5278280411253,2424.2063378954417,2444.5658833113607,85561
2024-02-20,2401.621337890625,2438.4106552035173,2377.8054971712745,2436.469349997231,187537
2024-02-21,2401.052978515625,2424.0166485705367,2388.2216857108,2408.0603564892513,254368
2024-02-22,2402.947265625,2410.5229105404087,2365.968602643594,2410.5229105404087,196344
2024-02-23,2411.32763671875,2424.2063252980283,2388.695490454795,2402.4263465941785,210277
2024-02-26,2387.51171875,2408.060608276685,2378.752379771938,2405.2671355974217,115895
2024-02-27,2397.45458984375,2421.3178222327497,2378.515479822273,2386.3278627061322,165839
2024-02-28,2364.1220703125,2407.019205609697,2349.39686436429,2405.1724572211097,195163
2024-02-29,2392.719970703125,2405.503870813738,2344.898714733794,2361.6123879578367,506654
2024-03-01,2400.200927734375,2419.0454829566484,2384.1026824762216,2399.5854990682847,92374
2024-03-04,2440.4462890625,2448.2586719846017,2390.967863889191,2391.062651915886,177073
2024-03-05,2408.723388671875,2445.986181984664,2387.7958097624273,2443.1453153389216,175510
2024-03-06,2420.039794921875,2427.425863561362,2372.1237496582357,2408.723490684815,106519
2024-03-07,2441.914306640625,2461.137551142714,2391.2521831369177,2413.647821306491,235648
2024-03-11,2468.5712890625,2485.6636526260236,2441.9143503084424,2462.0845507507356,222989
2024-03-12,2464.6884765625,2484.6219364713493,2445.1339375753587,2468.7130375174092,136343
2024-03-13,2435.9482421875,2518.901636683734,2403.373065377187,2470.5595120424,499489
2024-03-14,2544.848388671875,2555.501639179025,2397.3600538728865,2430.787632813388,603002
2024-03-15,2583.8154296875,2601.4286629592298,2531.4013512210445,2545.4163386091855,934404
2024-03-18,2588.92919921875,2597.499193580002,2570.1794322249843,2583.815731488782,208326
2024-03-19,2473.82666015625,2585.1413346181466,2463.457542812427,2574.3461335021743,333069
2024-03-20,2523.258056640625,2542.575858958813,2473.448098175203,2488.4100433226004,313081
2024-03-21,2537.035888671875,2562.88782162227,2509.432226654801,2528.3713377993654,215114
2024-03-22,2564.403076171875,2570.984371141705,2532.159192792972,2542.6230980738055,210480
2024-03-26,2599.8662109375,2613.1235873545916,2536.8936729563147,2543.5223611648607,356729
2024-03-27,2517.765625,2607.915752937552,2509.432369384355,2606.9687973264636,341735
2024-03-28,2566.5810546875,2593.5218937133,2490.6350350019625,2535.946950320828,780788
2024-04-01,2572.120849609375,2590.8706174208837,2536.8941462246153,2581.9693269278105,550701
2024-04-02,2634.998779296875,2657.820270839405,2565.397541791907,2572.1207879251247,762504
2024-04-03,2651.71240234375,2665.585209321001,2607.9157061171995,2634.4304627516517,253142
2024-04-04,2563.40869140625,2666.5320590313927,2552.3767516493226,2662.507497916329,502282
2024-04-05,2584.573486328125,2596.220855828148,2563.4089351520806,2582.063915150619,304332
2024-04-08,2553.79736328125,2601.6657850513407,2542.5758466773214,2596.552317165443,316430
2024-04-09,2483.20166015625,2556.7800623800094,2476.33623221097,2556.7800623800094,598732
2024-04-10,2514.782470703125,2535.047458645206,2465.2568792713455,2485.7583749159508,998348
2024-04-12,2520.701171875,2551.9507085681844,2506.591625056337,2518.902048602137,460825
2024-04-15,2531.49658203125,2543.4754785117516,2448.49578070444,2520.701148921337,736760
2024-04-16,2558.437255859375,2577.471155624402,2510.4266538612715,2528.2766279528296,402360
2024-04-18,2526.193115234375,2575.482194742534,2512.367703790183,2558.6737347897147,243323
2024-04-19,2509.10107421875,2522.6425869462582,2488.694363867023,2509.432601189389,244143
2024-04-22,2516.2978515625,2528.134796955117,2500.3415566971166,2514.167201391829,249401
2024-04-23,2547.54736328125,2566.2497368245286,2514.4039164956935,2516.2978277405823,366331
2024-04-24,2602.23388671875,2608.8625756587176,2533.153524646723,2537.840908444778,375717
2024-04-25,2651.144287109375,2662.839281836823,2592.1491351987643,2606.9688986119395,708101
2024-04-26,2703.699951171875,2715.347550265959,2630.547637502958,2630.547637502958,296695
2024-04-29,2674.01318359375,2721.2661740392323,2663.786017204314,2711.1337956828834,197280
2024-04-30,2675.0078125,2710.471256045421,2608.8628665825568,2673.9660687885644,628421
2024-05-02,2662.64990234375,2711.8442013737276,2637.6501348504044,2658.483158833022,269458
2024-05-03,2650.670654296875,2687.4599715420018,2631.5895915839405,2665.679992914283,282927
2024-05-06,2706.6357421875,2718.235947852434,2646.7881967501517,2654.695136999402,278606
2024-05-07,2710.755126953125,2803.840675211612,2679.1266719699665,2724.34380076766,868743
2024-05-08,2674.9130859375,2713.4067422686367,2652.564839172262,2699.865460850832,530022
2024-05-09,2619.1845703125,2690.348426951639,2610.7567574056466,2684.571904943337,262171
2024-05-10,2651.617431640625,2680.7837081673497,2620.2259483352855,2627.801592566107,361775
2024-05-13,2707.677490234375,2718.898774977762,2629.743000911167,2652.4225404797753,393882
2024-05-14,2670.367431640625,2735.2338910582353,2651.4757134205706,2715.7739069948852,326009
2024-05-15,2530.785888671875,2699.580701271762,2523.6837226438292,2675.1492038972247,1253241
2024-05-16,2543.806884765625,2556.7801302998205,2499.1106265036356,2556.7801302998205,653681
2024-05-17,2539.73486328125,2560.1418022500056,2520.795751698243,2556.306585916381,330676
2024-05-21,2567.670166015625,2576.6662444139833,2518.996739578537,2548.920398484137,445172
2024-05-22,2597.516845703125,2627.507386787681,2567.1903168379813,2581.585776558568,563903
2024-05-23,2608.21728515625,2617.094485004542,2584.320916582367,2609.4169067573707,225881
2024-05-24,2575.635498046875,2615.1749774512423,2566.6142034155673,2610.376491254084,194900
2024-05-27,2559.896240234375,2594.685264042526,2552.8906380531807,2576.787004824418,458991
2024-05-28,2593.86962890625,2602.6987962516087,2562.391514008774,2562.391514008774,242430
2024-05-29,2581.2021484375,2594.0619995167294,2554.330621990416,2589.2635126511786,182777
2024-05-30,2538.735107421875,2590.318832443688,2528.8982110223665,2555.721701173494,311328
2024-05-31,2550.251708984375,2565.1748145298757,2519.2054076684785,2556.4897414224115,854937
2024-06-03,2578.85009765625,2604.5700280841434,2553.178198945971,2592.1900285947513,383418
2024-06-04,2696.509033203125,2705.3862317286626,2563.0630993184823,2601.786972553007,1058943
2024-06-05,2840.751953125,2945.3589556360594,2697.709028060439,2697.709028060439,1085390
2024-06-06,2832.930419921875,2850.301035102029,2750.9243309405238,2850.301035102029,433141
2024-06-07,2844.06298828125,2853.1320810327247,2779.76326828299,2804.859259308139,582549
2024-06-10,2825.540771484375,2853.851842111766,2813.7364477184965,2833.0264573579393,157056
2024-06-11,2832.49853515625,2891.2799944892927,2818.9669438741184,2840.7039938907146,314112
2024-06-12,2836.38525390625,2850.6368519476155,2815.1280533028744,2850.3008641859456,238350
2024-06-13,2817.863037109375,2846.893879112672,2786.9608323164966,2802.315988417414,204635
2024-06-14,2833.602294921875,2854.523508275618,2817.8631188810464,2833.9860801151,251796
2024-06-18,2826.980224609375,2858.9381908232067,2810.953326928893,2852.3163733262286,371522
2024-06-19,2779.571044921875,2845.3583347876925,2769.5900534694833,2840.7037096511112,185905
2024-06-20,2740.51171875,2773.5252123320593,2712.2484456678817,2772.6615784777246,357825
2024-06-21,2712.34423828125,2758.793489499453,2706.346130722026,2744.7340191010617,424887
2024-06-24,2718.58251953125,2734.8493418638836,2701.5478925003863,2712.3444870974126,316253
2024-06-25,2717.046875,2728.3713498244388,2695.1179326160445,2725.540289693603,363459
2024-06-26,2688.975830078125,2725.540391729872,2673.2368877336476,2717.046976718301,327423
2024-06-27,2726.259765625,2763.0162144999767,2689.071499878993,2707.4018097477756,1760608
2024-06-28,2728.5634765625,2762.9206891776535,2714.072186894581,2753.6116715735516,287367
2024-07-01,2746.125732421875,2777.3639257168147,2718.054587008186,2725.5402726453885,329680
2024-07-02,2755.242919921875,2771.6058057669725,2735.13730832267,2771.6058057669725,227260
2024-07-03,2762.53662109375,2776.2123071797405,2738.2082015992883,2760.952980018928,263965
2024-07-04,2768.870361328125,2790.319688076419,2755.866651340465,2777.6036998160534,168128
2024-07-05,2793.19873046875,2798.3810016837365,2750.7321289146385,2768.7264516070586,163914
2024-07-08,2827.65185546875,2845.4542861388563,2789.3119975739746,2802.7957906621673,284372
2024-07-09,2874.821044921875,2898.2855950146754,2822.5175466012456,2846.9417939109385,449208
2024-07-10,2917.959228515625,2936.4814306497574,2850.3486101402104,2874.820887833731,596178
2024-07-11,2885.666015625,2934.9463330285384,2862.777140542859,2934.8505038760295,331899
2024-07-12,2912.4892578125,2933.7464581551317,2861.817196210527,2884.27401811428,320270
2024-07-15,2972.470703125,2979.476540767754,2891.6642316442503,2912.77757372859,470616
2024-07-16,3001.7890625,3027.8447484692474,2957.2109389049688,2960.7620060825484,579305
2024-07-18,2995.59912109375,3013.4495849671816,2974.2458557225655,2994.255638566117,241159
2024-07-19,2995.167236328125,3022.038760681054,2960.858057913225,2999.054057246536,306702
2024-07-22,3011.578125,3043.631920736348,2979.8600827341884,2995.1672076355185,329720
2024-07-23,3041.13671875,3075.8296805528057,2957.8829824667064,3011.5779966445325,498686
2024-07-24,3014.936767578125,3060.858137744199,2974.149636820852,3042.240105895426,310915
2024-07-25,3025.3974609375,3071.0311107083985,2966.951993832263,2985.9540456899867,223604
2024-07-26,3037.6337890625,3059.514933944657,3005.915747043288,3019.207648114771,578921
2024-07-29,3080.628173828125,3140.081371631039,3042.672100714044,3051.8372563157127,811215
2024-07-30,3230.868896484375,3286.915123423976,3119.064164345772,3167.0009962007744,3004331
2024-07-31,3274.583251953125,3282.1647669047757,3234.80361141628,3248.527329670283,676136
2024-08-01,3238.21044921875,3271.559929018034,3215.369607560749,3215.369607560749,653964
2024-08-02,3229.81298828125,3276.3583038272723,3210.4751828624585,3229.3811713889772,335100
2024-08-05,3232.404541015625,3264.0267561911915,3168.9206549288187,3168.9206549288187,445007
2024-08-06,3253.99755859375,3291.713709367953,3219.880506997934,3228.421719252926,428845
2024-08-07,3309.755859375,3315.562074542348,3268.7288023287424,3272.5675912921347,717365
2024-08-08,3327.51025390625,3345.360716282724,3303.373962051446,3326.310632356785,450828
2024-08-09,3313.258544921875,3349.5351462197796,3303.08589510465,3336.0035561768427,149732
2024-08-12,3320.45654296875,3352.846326340599,3294.160931077672,3294.160931077672,301676
2024-08-13,3318.009521484375,3348.7676322082293,3306.8289074678632,3320.9364107799233,257752
2024-08-14,3328.7099609375,3342.241786083399,3291.953508857762,3326.262686053528,471227
2024-08-16,3392.19384765625,3398.1441581465147,3331.109210393809,3331.109210393809,414583
2024-08-19,3404.09423828125,3426.119243701973,3390.610444817667,3398.9597641815967,336203
2024-08-20,3413.8349609375,3433.4607225529,3387.8273064233226,3411.147761816563,222338
2024-08-21,3430.43798828125,3454.910269355854,3404.574192986153,3413.8351781821816,795440
2024-08-22,3459.8525390625,3469.161790075762,3431.5414694351343,3452.510948625332,420818
2024-08-23,3389.122802734375,3477.846766534091,3382.5490171601264,3459.852443117393,457890
2024-08-26,3450.447509765625,3456.1096296696433,3370.50468410597,3370.50468410597,313122
2024-08-27,3397.712158203125,3474.775896688432,3388.979053531125,3452.9908152810353,453276
2024-08-28,3449.727783203125,3460.5721745446413,3381.0133672863526,3399.5355708279844,200695
2024-08-29,3461.771728515625,3491.378481431261,3406.973157911631,3449.151803810872,723322
2024-08-30,3493.634033203125,3545.9853315805894,3469.497506401918,3484.2769848671255,766656
2024-09-02,3483.269287109375,3516.7626282457923,3461.6760984480793,3516.7626282457923,121966
2024-09-03,3488.88330078125,3527.367254357414,3479.622316007725,3483.2692124303308,279293
2024-09-04,3523.4326171875,3533.893458467866,3470.121618952362,3483.3174569909806,463430
2024-09-05,3511.62841796875,3529.1428933636644,3498.7683338104575,3525.9278137488177,572579
2024-09-06,3507.309814453125,3559.4692216538447,3495.4094274605245,3498.0005632867765,470722
2024-09-09,3533.413330078125,3557.597653563145,3507.357409542191,3508.6530945311188,333069
2024-09-10,3522.808837890625,3553.6630121367284,3513.7397453329963,3533.6054324356824,222381
2024-09-11,3506.44580078125,3537.7320248991205,3498.144513276598,3522.8567175015664,291888
2024-09-12,3496.129150390625,3527.2234827639018,3485.8604363810587,3513.4517331106217,503928
2024-09-13,3478.66259765625,3524.0082925977654,3437.6835720508016,3524.0082925977654,255447
2024-09-16,3516.474609375,3542.8662839339354,3469.401646375296,3488.451496339911,330887
2024-09-17,3502.463134765625,3560.4287547659196,3475.351687536973,3521.9928331620736,454110
2024-09-18,3488.3076171875,3519.8335313238204,3452.2709385275166,3508.317164303922,145497
2024-09-19,3455.053955078125,3504.33450250349,3441.570396179086,3499.5360162615298,436216
2024-09-20,3512.73193359375,3537.9720186627014,3437.3956978756682,3464.5071457614745,1169327
2024-09-23,3532.981689453125,3580.5825341491577,3504.38266353554,3514.363421566666,632913
2024-09-24,3533.50927734375,3555.3423901908427,3489.5072981864178,3522.088973574938,756725
2024-09-25,3528.710693359375,3556.637976805943,3464.507041626944,3536.4363030132477,310534
2024-09-26,3549.34423828125,3556.541967702084,3504.2864989670466,3527.7990817417713,428178
2024-09-27,3612.3486328125,3686.1492607242744,3521.2254219486804,3550.8799745017836,3400300
2024-09-30,3651.168212890625,3733.2223283334292,3611.340776740024,3627.655630102921,989665
2024-10-01,3666.187255859375,3675.352411207082,3602.1274661693233,3649.824605634091,473188
2024-10-03,3683.414306640625,3717.1475730682128,3610.5731408754623,3639.0283064458517,527905
2024-10-04,3589.31591796875,3685.2376158224506,3574.9204585319435,3685.2376158224506,399655
2024-10-07,3546.321044921875,3612.8281071161227,3523.480204916639,3612.8281071161227,314481
2024-10-08,3593.010498046875,3598.864745085984,3524.0563901116816,3546.3213198077287,334258
2024-10-09,3563.163818359375,3622.8089057417983,3553.1350294589333,3608.461479432461,193656
2024-10-10,3494.6416015625,3601.6000514681655,3489.507361665933,3586.532616645529,184794
2024-10-11,3540.947021484375,3546.0814957195903,3486.82018790885,3512.3960270330467,133862
2024-10-14,3380.4853515625,3550.8796360953443,3358.9401963064065,3550.8796360953443,754939
2024-10-15,3351.310791015625,3405.7736093403396,3325.3509338349936,3381.013373708711,442217
2024-10-16,3355.3896484375,3365.6583624779128,3291.761671884585,3320.5525902975696,427908
2024-10-17,3234.419677734375,3361.387671590886,3218.872629044026,3355.389563739587,694550
2024-10-18,3259.083740234375,3295.4564055962724,3214.026002438135,3234.419568443453,254765
2024-10-21,3203.37353515625,3277.078334914319,3187.2027761753375,3259.0840104763674,212268
2024-10-22,3205.48486328125,3260.427530583833,3173.7187907360913,3209.22758881811,303928
2024-10-23,3196.84765625,3215.70561380503,3171.799463888868,3203.9973540209385,340586
2024-10-24,3083.21923828125,3224.5346551384355,3058.171281205039,3210.187228436581,1143823
2024-10-25,2957.978759765625,3109.4190297410055,2932.834739163121,3109.4190297410055,1485834
2024-10-28,2979.716064453125,3023.814105698668,2943.00764508326,2986.5778059874506,456926
2024-10-29,2968.82373046875,2995.359268281347,2925.5412865804897,2994.207678330008,375437
2024-10-30,2966.568115234375,3012.9215401230026,2943.1515956236894,2968.3436488999987,478504
2024-10-31,2939.072998046875,2985.7143808138712,2919.7351910617986,2973.813993645201,649666
2024-11-01,2942.431884765625,2971.798715496444,2935.617940300948,2955.8196150719027,37917
2024-11-04,2886.91064453125,2947.26812506452,2863.3091433890436,2943.3990497444483,726774
2024-11-05,2884.05712890625,2904.176368612158,2851.6536217934886,2885.4598576860553,271785
2024-11-06,2876.609130859375,2915.783519034232,2860.0205646476475,2901.1779011822673,456289
2024-11-07,2816.638427734375,2894.0683449555045,2809.915956582801,2894.0683449555045,381696
2024-11-08,2776.931884765625,2823.4576081922537,2769.6773688144626,2819.5885330183005,482003
2024-11-11,2778.624755859375,2797.8251369113373,2746.850115959679,2776.1099985496767,495888
2024-11-12,2698.0029296875,2783.460987067438,2689.104103896015,2778.624643034065,478409
2024-11-13,2672.467041015625,2708.255988864839,2659.9893671712894,2689.007432994976,356627
2024-11-14,2620.28271484375,2686.734032812323,2613.1250203302457,2672.4668183046406,540593
2024-11-18,2659.74755859375,2686.492448221587,2621.2986212525,2637.742191939324,448709
2024-11-19,2644.029296875,2693.988636541218,2631.1645744490147,2677.0132578149755,264874
2024-11-21,2602.2431640625,2648.3818361846656,2581.978930989984,2648.3818361846656,513165
2024-11-22,2636.436279296875,2644.4162474085156,2581.495596854007,2602.872097014809,414212
2024-11-25,2741.771728515625,2755.1682592379957,2653.992087981262,2670.000433292105,1200200
2024-11-26,2855.9580078125,2868.387270439802,2742.2071003030464,2742.2071003030464,1262659
2024-11-27,2918.781982421875,2925.988087672337,2829.84166447445,2863.1156163669807,663285
2024-11-28,2902.918701171875,3013.042349896809,2896.002823624734,2944.2212683710495,1068510
2024-11-29,2795.1650390625,2900.839156379769,2785.879164042053,2872.7883609362834,771701
2024-12-02,2792.9404296875,2797.8251846728604,2760.004877690726,2795.407012516704,383513
2024-12-03,2801.4521484375,2807.594399528355,2772.4824962817647,2802.661234388487,276052
2024-12-04,2820.314208984375,2830.0353083622185,2750.961078203778,2807.01426201583,905210
2024-12-05,2818.62109375,2860.21364935441,2776.15809074394,2846.575065731266,709778
2024-12-06,2792.3115234375,2831.727725687555,2779.7370294681573,2819.1048210499484,276158
2024-12-09,2712.463623046875,2792.311712385212,2686.5891817821857,2792.311712385212,834357
2024-12-10,2755.942138671875,2769.2904949588797,2708.400972975506,2719.959787574003,376930
2024-12-11,2798.8408203125,2809.9160013840724,2746.7532984259624,2762.519827866751,428322
2024-12-12,2749.80029296875,2823.3608987081493,2741.626682420268,2776.206543157449,495742
2024-12-13,2778.96337890625,2797.3414868767404,2739.305356443613,2747.140328511933,371174
2024-12-16,2739.20849609375,2795.1650921827236,2732.534435648826,2785.443993243678,213874
2024-12-17,2683.542236328125,2738.6765568307624,2679.3345226720294,2737.4674708548273,357057
2024-12-18,2685.573486328125,2700.566153140115,2661.923810748167,2677.400111973447,185022
2024-12-19,2689.6845703125,2697.0359083776766,2652.7349457367227,2666.518527496704,184038
2024-12-20,2660.8115234375,2700.275902306779,2650.3165622984798,2689.926173180281,397828
2024-12-23,2637.451904296875,2669.6620039659533,2616.945852076046,2662.2624917843737,280672
2024-12-24,2642.67529296875,2668.6947303122365,2627.1021701805125,2637.8389487673867,218913
2024-12-26,2630.197265625,2649.977865294123,2621.298439922344,2642.6751747963144,151732
2024-12-27,2637.2099609375,2659.0219195115415,2630.003855639098,2639.8699501258075,113287
2024-12-30,2669.806884765625,2718.99259772215,2604.85487928344,2637.0165668943478,912250
2024-12-31,2592.908935546875,2659.9891192503565,2587.2021442599603,2659.9891192503565,531777
2025-01-01,2613.27001953125,2633.2924360767133,2589.330117191116,2605.5802799488856,396200
2025-01-02,2689.587646484375,2695.0526205956835,2604.7579861151667,2617.3808908412825,454180
2025-01-03,2728.906982421875,2740.7560247026613,2690.119410781666,2727.5044899532527,669806
2025-01-06,2663.326416015625,2740.224290982674,2639.6767394349295,2736.4036261859346,640269
2025-01-07,2655.588134765625,2696.7454702885093,2647.9468055471066,2663.326285325994,485008
2025-01-08,2698.438232421875,2711.689768231356,2634.0664442231637,2655.588175801759,493094
2025-01-09,2795.9873046875,2843.2866548343573,2685.718660819115,2707.336976940387,1892039
2025-01-10,2738.0478515625,2785.734252489554,2718.9442920185174,2784.815394323691,498339
2025-01-13,2661.97216796875,2742.7875240367125,2655.346282179874,2737.370724256784,236490
2025-01-14,2624.490478515625,2708.255814786034,2602.4367026772507,2662.842591920919,299770
2025-01-15,2577.529541015625,2630.922731674459,2540.483098656367,2630.8261464839916,709371
2025-01-16,2565.72900390625,2606.499290975085,2524.7166634782548,2596.8266025934286,306605
2025-01-17,2595.810791015625,2620.95977952842,2550.0107555484333,2566.164097094038,360893
2025-01-20,2619.9443359375,2626.1347617262936,2571.3872538175715,2595.8107907360204,235484
2025-01-21,2642.433349609375,2671.064364224834,2619.9443501466567,2620.331163204452,385694
2025-01-22,2680.833984375,2691.57052674372,2652.2027324258443,2663.858369106652,672025
2025-01-23,2649.30078125,2707.385318795633,2625.651106777687,2690.941749513916,484671
2025-01-24,2661.826904296875,2675.4654887754214,2607.8534944191397,2650.7033131468684,390318
2025-01-27,2619.9443359375,2677.3515968659517,2608.191878463215,2661.8268855749966,227365
2025-01-28,2591.699951171875,2637.016589312337,2576.320471575758,2616.5105378009766,502503
2025-01-29,2642.4814453125,2673.8695056643755,2544.3520763083325,2563.262227898789,838694
2025-01-30,2680.591796875,2693.4081071563833,2630.970865310369,2642.481268386268,511147
2025-01-31,2729.197265625,2766.388702879597,2655.1527934980745,2690.264697341467,401316
2025-02-01,2803.725341796875,2877.6245811176695,2702.548934333704,2747.671927843322,588468
2025-02-03,2673.04736328125,2805.0311455138662,2659.9892343128054,2805.0311455138662,842245
2025-02-04,2629.85888671875,2686.9759207730717,2618.445067582082,2686.9759207730717,406002
2025-02-05,2615.01123046875,2655.007890262378,2610.3682929461515,2629.8589011770487,280698
2025-02-06,2578.83544921875,2625.119119736033,2573.9022838653646,2615.0112079782084,265587
2025-02-07,2526.699462890625,2595.5207783592246,2519.7351748962647,2584.2519553690618,397504
2025-02-10,2494.586181640625,2542.804624745207,2468.0347008806134,2528.1019503811895,495150
2025-02-11,2467.01904296875,2500.389816143587,2438.097800677067,2494.7311992758373,326576
2025-02-12,2446.609619140625,2483.5594763846348,2426.635612791641,2467.019085371233,313612
2025-02-13,2394.3291015625,2454.8315807076256,2389.15411862708,2442.353906693675,299852
2025-02-14,2401.196533203125,2424.943030935429,2390.1213519910034,2404.630384884514,433026
2025-02-17,2381.802734375,2402.792657450691,2357.1857892422513,2390.121340988837,357753
2025-02-18,2369.80859375,2395.8764410513277,2332.085110012755,2395.8764410513277,374090
2025-02-19,2379.91650390625,2395.8764393220263,2353.1232050139297,2365.939516787205,573419
2025-02-20,2400.6162109375,2409.9986712442264,2356.7020649009396,2378.514023981527,281363
2025-02-21,2378.272216796875,2410.4339051379,2361.10319520129,2406.1780167796855,401690
2025-02-24,2395.05419921875,2413.3354837742772,2344.6594038752896,2355.299359915978,443566
2025-02-25,2437.517333984375,2452.026365734282,2381.5607404090583,2386.1552671298623,376793
2025-02-27,2415.318603515625,2462.4729575008987,2393.2164169826838,2411.4011176469267,813793
2025-02-28,2383.9306640625,2408.4507852711536,2369.8568564707693,2405.355572490228,1038405
2025-03-03,2354.332275390625,2395.8764234064,2301.325897556181,2383.9307953340162,411814
2025-03-04,2311.91748046875,2327.3937816209195,2283.7216887669874,2312.739753427305,775523
2025-03-05,2330.779541015625,2352.156279363189,2309.8866732948054,2311.772800525556,645068
2025-03-06,2371.83984375,2377.353228505298,2334.3581789382088,2346.932672939584,371337
2025-03-07,2393.16796875,2404.6786089755014,2344.127488604968,2355.299490296047,286553
2025-03-10,2360.571044921875,2442.3052567626532,2350.4631334093565,2408.499260160205,468995
2025-03-11,2377.93359375,2394.66739171456,2335.9542210489667,2350.511664149195,294333
2025-03-12,2352.88134765625,2397.762525357249,2330.730986674643,2394.3770845692547,259045
2025-03-13,2332.76220703125,2372.2268228119287,2321.4452088679423,2369.760240047583,454119
2025-03-17,2305.4853515625,2347.900185970333,2274.049113288625,2335.95432096641,465223
2025-03-18,2305.4853515625,2305.4853515625,2305.4853515625,2305.4853515625,0
2025-03-19,2334.841796875,2358.0562471755425,2299.004441993618,2355.2994367425126,423270
2025-03-20,2339.14599609375,2364.004755002773,2333.5842009459325,2340.790305690143,208116
2025-03-21,2322.509033203125,2347.0775643915663,2306.9359122496953,2339.146008065741,1030473
2025-03-24,2346.88427734375,2358.6364985068253,2314.335541356774,2337.598402638641,464577
2025-03-25,2300.552001953125,2335.9057235540076,2264.763056625476,2297.505199716155,1354361
2025-03-26,2314.529296875,2326.2815186110474,2284.8823657692524,2311.240441188026,508577
2025-03-27,2315.931640625,2330.1504441752277,2278.8851998658515,2312.1109762507303,803990
2025-03-28,2311.5791015625,2362.0704873546542,2292.5239528051643,2330.972888870827,713552
2025-04-01,2273.5654296875,2332.7622360193177,2269.9865821759463,2311.5791426850137,330923
2025-04-02,2287.203857421875,2292.475425056262,2249.6737814332096,2273.0816387383816,349700
2025-04-03,2330.972900390625,2334.8419757371084,2263.4090776928106,2282.754454425228,345546
2025-04-04,2344.031005859375,2364.7788749640795,2312.594768988727,2321.4451842940016,349346
2025-04-07,2310.07958984375,2324.05657603715,2235.84171335657,2242.1773708925616,647807
2025-04-08,2360.0390625,2369.8085718888556,2321.4451316462255,2326.136479809605,319178
2025-04-09,2426.007080078125,2436.5502160091064,2362.9893732541755,2369.9054871727944,589111
2025-04-11,2410.09521484375,2441.3380443627198,2390.508021613,2427.1192402103197,528021
2025-04-15,2431.42333984375,2456.86255446836,2391.185102688668,2456.86255446836,544832
2025-04-16,2468.083251953125,2473.3064091982724,2428.135001868337,2432.681118159427,275642
2025-04-17,2486.364501953125,2515.9630223066747,2448.350790095014,2492.651749283487,413204
2025-04-21,2460.73193359375,2503.098356095453,2455.895589384643,2490.7172676902146,277896
2025-04-22,2571.7744140625,2586.670259594086,2451.156038115042,2462.666442739484,747000
2025-04-23,2600.59912109375,2625.1676553910615,2564.2297179225147,2571.9678687121714,713125
2025-04-24,2642.578369140625,2654.1855947737463,2575.450008688917,2588.2179096554287,712805
2025-04-25,2583.9619140625,2646.3507549510573,2563.7460895367544,2642.578500892063,437084
2025-04-28,2606.3056640625,2614.0438141135296,2550.977938427556,2580.6730420184635,391090
2025-04-29,2557.652099609375,2609.6912079919907,2552.235536049045,2594.214907277435,556023
2025-04-30,2502.711181640625,2566.4543368169093,2489.8466956077964,2557.6520963369244,570830
2025-05-02,2454.92822265625,2495.3601058621493,2448.1573410334786,2485.8808243603476,596450
2025-05-05,2535.211669921875,2542.949820764826,2465.5683123353147,2465.5683123353147,479629
2025-05-06,2535.59814453125,2552.622168573082,2506.193269713094,2524.5713755118395,345419
2025-05-07,2548.56005859375,2560.1672850004475,2488.782795369334,2520.7026679877517,438715
2025-05-08,2467.115966796875,2553.492884204986,2446.7065000692046,2548.463133530043,555347
2025-05-09,2467.01904296875,2471.1783459856797,2413.0453973864837,2418.17196919109,254167
2025-05-12,2526.119384765625,2539.4675057732625,2492.651788603917,2497.4881327804865,333871
2025-05-13,2513.8349609375,2548.463233564026,2507.0640788767123,2526.119464453201,226099
2025-05-14,2522.443603515625,2529.407891589506,2485.977617279801,2512.1904598585165,300928
2025-05-15,2568.4853515625,2572.934882284937,2510.5460477332913,2522.443500621897,283082
2025-05-16,2601.6630859375,2609.6914649536066,2531.8263193165553,2573.90251602726,455396
2025-05-19,2622.74951171875,2657.4743693041532,2586.4769294987786,2611.625919837959,324331
2025-05-20,2543.336669921875,2629.036786182981,2539.5644157922798,2629.036786182981,403620
2025-05-21,2572.258056640625,2589.281846423659,2545.36793583434,2560.844237173253,337502
2025-05-22,2405.6943359375,2514.0284419426857,2400.470942708198,2514.0284419426857,2392352
2025-05-23,2398.24609375,2417.8816970098715,2388.1865930023787,2405.6942521982837,616422
2025-05-26,2428.135009765625,2431.713857234097,2400.761254437163,2408.402583792809,638832
2025-05-27,2430.84326171875,2436.550053052083,2408.2090306119894,2428.1348619090177,604552
2025-05-28,2451.083251953125,2460.5676094603223,2415.1011306842825,2439.5454741122608,742342
2025-05-29,2431.625244140625,2453.2341377306984,2419.9898329547545,2451.083083399816,530352
2025-05-30,2401.314453125,2439.3499951649924,2394.567909746996,2431.625439324329,869858
2025-06-02,2419.305419921875,2438.5675133227487,2401.0211001831194,2401.3142413103365,680858
2025-06-03,2420.185546875,2424.7810357735048,2390.950207131616,2420.087912728229,606721
2025-06-04,2426.93212890625,2434.6564454361805,2405.5187422419203,2434.6564454361805,331408
2025-06-05,2398.67431640625,2431.136354465511,2393.785448062558,2429.767566814987,387297
2025-06-06,2378.4345703125,2409.9188363061535,2374.0345885791367,2402.878913275629,385685
2025-06-09,2396.523193359375,2400.0432739516077,2374.0343996232405,2389.6787778744647,231846
2025-06-10,2395.447509765625,2407.180793272305,2384.7898727327624,2405.616498699973,393905
2025-06-11,2378.043701171875,2404.247847453174,2375.110379837613,2404.247847453174,590039
2025-06-12,2352.91455078125,2389.3855577602094,2346.6568945481686,2389.3855577602094,582682
2025-06-13,2318.4970703125,2334.6303372018024,2294.1505994016347,2334.6303372018024,455362
2025-06-16,2332.381103515625,2335.1189174013484,2304.221414160366,2318.4967658196338,272139
2025-06-17,2329.056884765625,2338.2478617890656,2303.6347693147827,2332.381219761948,441232
2025-06-18,2345.092529296875,2355.45702681007,2311.5550797454493,2329.057134853295,300348
2025-06-19,2346.363525390625,2354.479094930793,2325.14588361521,2350.176986090222,277544
2025-06-20,2348.906005859375,2358.781377835796,2327.1016027628957,2339.12826803264,394282
2025-06-23,2356.239013671875,2380.780989309947,2333.358966798719,2344.701236740722,420574
2025-06-24,2370.90576171875,2390.656743100898,2356.5325357914303,2366.2124001244065,325700
2025-06-25,2366.016845703125,2394.5677899845846,2361.323484202847,2384.59454599292,239813
2025-06-26,2322.896728515625,2361.2254064659714,2300.799188053715,2356.4344112400263,1200717
2025-06-27,2326.4169921875,2342.1590053938326,2321.7236307249223,2332.1857614822793,905150
2025-06-30,2353.59912109375,2363.9633788752976,2328.079132554834,2329.252413228218,328578
2025-07-01,2356.14111328125,2377.9455133878164,2341.767888389729,2363.1810358082944,460578
2025-07-02,2380.488037109375,2406.3990411564573,2341.7681016136785,2364.159024719592,714558
2025-07-03,2390.949951171875,2413.6342520813555,2369.1455510606133,2385.86557594093,504145
2025-07-04,2392.31884765625,2401.9010775934544,2372.56786679443,2401.9010775934544,248938
2025-07-07,2410.60302734375,2436.514028704576,2386.8433189541042,2391.6343142860596,379303
2025-07-08,2396.523193359375,2413.1453452513006,2371.101078701136,2413.1453452513006,439515
2025-07-09,2384.399169921875,2412.9501157710506,2378.9235414185064,2388.99465881883,579978
2025-07-10,2357.705810546875,2389.1900764780894,2353.6968428231576,2383.8123210368663,350043
2025-07-11,2323.2880859375,2380.878858949586,2317.4214439852626,2357.7056709811036,804235
2025-07-14,2325.24365234375,2340.985665149589,2304.123645656605,2335.6079099825565,729605
2025-07-15,2349.4921875,2358.3900231226958,2331.0123611627305,2331.0123611627305,577248
2025-07-16,2327.492431640625,2357.412402496052,2325.1458702345963,2356.3367559349567,509306
2025-07-17,2344.701416015625,2349.5902846895524,2324.3636745892286,2327.4925027976838,458153
2025-07-18,2340.98583984375,2351.5458439753543,2317.3237630859,2349.590296495957,620121
2025-07-21,2338.834716796875,2356.4346435955135,2332.1858078189766,2340.985771218296,338704
2025-07-22,2326.612548828125,2356.4346470585338,2299.7237717351336,2343.2347019401564,1095174
2025-07-23,2234.506103515625,2306.665844478637,2220.5238929943403,2297.768009043021,2151512
2025-07-24,2209.279541015625,2238.9061300697304,2206.1507131084454,2230.3995471390563,1156360
2025-07-25,2166.648681640625,2211.5286384303226,2162.8354596342174,2209.866470856101,695695
2025-07-28,2156.7734375,2200.870891459763,2151.102301870391,2166.74668224763,934936
2025-07-29,2165.7685546875,2173.4928707512454,2145.2353087965575,2158.826266543429,1047287
2025-07-30,2187.377685546875,2190.21313385052,2157.7510940738075,2172.6132068820784,875237
2025-07-31,2195.395263671875,2209.7684888431772,2163.1287326400943,2170.657542137988,671856
2025-08-01,2207.81298828125,2235.67953839906,2190.897455730039,2198.0352513978078,605397
2025-08-04,2204.097412109375,2213.0928823465742,2185.422077792394,2207.8129998874715,383404
2025-08-05,2180.92431640625,2218.0797183445766,2177.8931223413542,2207.61758712059,369067
2025-08-06,2191.19091796875,2193.4398452793575,2164.400013386485,2181.4131807176623,631492
2025-08-07,2190.506591796875,2196.2753614675726,2167.8222884162,2191.288858543994,160148
2025-08-08,2158.33740234375,2195.1017860954644,2155.0130675075293,2190.6039319389174,364214
2025-08-11,2163.226318359375,2170.755366403023,2148.2665725508996,2158.826336953525,338195
2025-08-12,2152.666748046875,2183.270874946611,2147.777879377359,2160.879951925945,266482
2025-08-13,2123.43115234375,2160.879933780634,2109.0579263189265,2160.879933780634,784548
2025-08-14,2106.12451171875,2134.47994850605,2103.191190671788,2123.235551159362,609379
2025-08-18,2175.54638671875,2193.0484396924867,2137.02220012054,2151.1020452949438,685912
2025-08-19,2222.968505859375,2227.3684875072163,2160.9777487955016,2182.293024473618,466365
2025-08-20,2304.123779296875,2312.4348559461528,2215.0484976053694,2219.546352218929,1013700
2025-08-21,2298.257080078125,2315.368119814933,2281.2439131969545,2304.4171021262323,697500
2025-08-22,2248.195068359375,2307.3503759518157,2243.012820116686,2302.657014548734,621255
2025-08-25,2232.061767578125,2259.1460503238973,2219.546216937999,2244.0884313863266,511478
2025-08-26,2233.3330078125,2271.7593233225953,2225.9018321929557,2229.3240401493254,1429053
2025-08-28,2212.408447265625,2235.092748788778,2195.688660647262,2219.5462428378705,698267
2025-08-29,2279.97265625,2305.492405414454,2199.9907235359287,2199.9907235359287,1598897
2025-09-01,2307.741455078125,2322.603567678832,2268.4349998070834,2275.279415754777,746148
2025-09-02,2360.05224609375,2369.9278555902106,2302.7548525866696,2306.8614542344244,626993
2025-09-03,2328.959228515625,2360.932621508493,2320.257137518447,2356.434766717007,521555
2025-09-04,2409.821044921875,2448.3452314323463,2389.9721919880953,2433.6786266114655,2735551
2025-09-05,2369.43896484375,2415.589833985789,2349.59011174574,2405.323210526226,749248
2025-09-08,2335.705810546875,2391.634417204719,2331.990222826351,2377.6522058616883,447969
2025-09-09,2345.581298828125,2355.4569089591237,2323.0925031012425,2336.977080999706,449814
2025-09-10,2353.892333984375,2363.865816797871,2339.0302213351306,2348.905831291912,321014
2025-09-11,2321.821533203125,2360.1502146603534,2314.390357566375,2354.479079433811,193347
2025-09-12,2301.385986328125,2326.1237095020047,2282.710651266876,2326.1237095020047,350502
2025-09-15,2313.021484375,2318.007986852952,2298.4525134940636,2302.1681011751075,251023
2025-09-16,2303.439453125,2323.874829059813,2295.0305033705467,2313.4126976543616,186971
2025-09-17,2295.6171875,2312.434847740711,2286.328337160238,2307.643851998549,374522
2025-09-18,2313.021484375,2316.7368333417694,2290.8258311412424,2297.7681196693575,283950
2025-09-19,2285.93701171875,2326.3191128118538,2282.1237898178765,2313.412547861652,695716
2025-09-22,2292.683837890625,2305.39489609257,2278.2127392717075,2286.034928934443,350851
2025-09-23,2273.22607421875,2292.683914886836,2260.710761309493,2291.6082682863725,484250
2025-09-24,2267.45703125,2291.90137181975,2256.70152139931,2259.048082608301,460442
2025-09-25,2223.65283203125,2279.0925513639345,2215.635135682052,2276.941497033312,380998
2025-09-26,2174.862060546875,2229.324007190201,2161.8576227620765,2224.43513875338,525358
2025-09-29,2169.093017578125,2189.7241375344656,2159.9020405508527,2176.5241929679487,439155
2025-09-30,2173.004150390625,2186.9863618825952,2152.5687757814776,2185.3241943545772,484173
2025-10-01,2175.44873046875,2184.6399469877997,2158.2400556215493,2175.44873046875,492344
2025-10-03,2164.693115234375,2179.457593701196,2142.8889525317168,2179.262086702581,941401
2025-10-06,2179.26220703125,2192.6576598188335,2161.955659198282,2169.191089546525,439536
2025-10-07,2181.80419921875,2192.559710217114,2174.8621489847433,2185.324280122112,296066
2025-10-08,2168.31103515625,2180.2398264573967,2152.079896381157,2170.6575965316533,629452
2025-10-09,2159.51123046875,2169.9733619997824,2152.0800543772757,2161.857792016427,406979
2025-10-10,2178.2841796875,2183.2706820612893,2153.1554446890946,2159.9019873712737,334097
2025-10-13,2171.8310546875,2182.391059168271,2153.15571887033,2170.6577739039253,315128
2025-10-14,2153.44873046875,2175.546511872813,2146.311173333809,2174.7642451593947,350132
2025-10-15,2177.599853515625,2187.768604279975,2153.9375395392535,2153.9375395392535,235033
2025-10-16,2234.9951171875,2243.0128135908717,2171.9287150616888,2178.5776238038543,444481
2025-10-17,2244.283935546875,2278.1147610448475,2228.346177103369,2234.799578762348,571653
2025-10-20,2194.31982421875,2249.466407505538,2190.2132221700404,2242.328611315428,437117
2025-10-21,2210.355224609375,2217.492781334411,2196.8619003992526,2207.81291761534,75777
2025-10-23,2236.070556640625,2258.6572243700375,2195.101934506811,2206.835218789253,652999
2025-10-24,2189.626220703125,2196.861888956157,2151.102034301792,2195.1018486397834,1809292
2025-10-27,2167.235595703125,2194.026501941864,2159.902292311393,2191.1910534494486,1093964
2025-10-28,2183.075439453125,2187.0844073791645,2155.404394134395,2167.724439070855,638072
2025-10-29,2217.29736328125,2226.390706399387,2176.622120745122,2186.2041119971113,436074
2025-10-30,2205.173095703125,2229.030678739218,2192.559671616714,2229.030678739218,358683
2025-10-31,2193.146240234375,2213.288472389197,2181.6084637198924,2205.1729035612148,812536
2025-11-03,2174.762939453125,2201.942535658005,2165.472555814273,2201.942535658005,526150
2025-11-04,2165.27490234375,2182.274455823731,2154.600685550604,2180.8908638285257,476899
2025-11-06,2148.275390625,2165.2749444354426,2141.356947922228,2150.5484001904338,411132
2025-11-07,2141.94970703125,2152.5249920968727,2129.9908300116654,2152.5249920968727,226568
2025-11-10,2145.9033203125,2156.3799163274853,2136.2174517640287,2142.5430301999963,184755
2025-11-11,2156.67626953125,2162.4085002162137,2126.1361432009,2144.7171511102965,166130
2025-11-12,2152.031005859375,2170.4143936905107,2149.757996207086,2163.4959507233734,179841
2025-11-13,2148.670654296875,2160.5308419010894,2140.9614840949084,2153.6123991319646,202651
2025-11-14,2147.3857421875,2153.217145842906,2139.775503436813,2148.670644097751,96584
2025-11-17,2161.1240234375,2169.030815450375,2147.5834490785373,2147.5834490785373,135290
2025-11-18,2155.29248046875,2163.989999380888,2141.949769808032,2158.653011635052,253424
2025-11-19,2157.9609375,2162.902682104787,2142.443907700193,2161.321468608929,260816
2025-11-20,2154.30419921875,2184.2512212351835,2149.955560274111,2162.4086125043777,387157
2025-11-21,2155.19384765625,2169.425976220977,2142.147448293094,2154.6007417593305,289673
2025-11-24,2131.572265625,2179.309571157196,2122.7760559378803,2155.193951786205,1732504
2025-11-25,2142.444091796875,2145.606760356477,2123.2702176011708,2131.473562609242,334902
2025-11-26,2159.54248046875,2163.4958763140016,2135.4268623311677,2142.4439951788095,457001
2025-11-27,2146.002197265625,2171.9958238046243,2135.2290485621047,2159.542530087495,264052
2025-11-28,2143.333740234375,2149.8566988637376,2137.0081618498543,2146.00223427803,120973
2025-12-01,2127.81640625,2141.752223279874,2122.973592803493,2136.316303931448,363407
2025-12-02,2133.0546875,2135.624491326847,2111.113388741409,2111.113388741409,296042
2025-12-03,2077.41064453125,2133.6478468120163,2073.9514230679674,2130.880421382162,561527
2025-12-04,2113.18896484375,2115.85745872216,2071.776999485731,2077.410540183736,529258
2025-12-05,2139.182373046875,2141.7521768379524,2100.735695371051,2100.735695371051,401612
2025-12-08,2121.39208984375,2147.287025371658,2108.84010643749,2125.049173995796,398132
2025-12-09,2133.74658203125,2147.978952558678,2112.101835221977,2120.996976315565,272053
2025-12-10,2118.03173828125,2149.6589037618846,2113.3865466105062,2143.7288102342654,218360
2025-12-11,2129.002685546875,2138.4906912054144,2110.1251230563444,2116.549391580872,131300
2025-12-12,2136.11865234375,2143.531269532772,2116.845847652292,2129.3978311664764,248587
2025-12-15,2139.182373046875,2146.199747117496,2121.0957802803023,2135.8220831318945,396185
2025-12-16,2135.22900390625,2168.2400040598723,2128.0142495106907,2134.8337608393626,355988
2025-12-17,2063.07958984375,2117.2411628766913,2051.12071181556,2102.1193750364814,387671
2025-12-18,2065.6494140625,2071.282955114351,2039.9523400119617,2071.282955114351,225926
2025-12-19,2086.503662109375,2089.7650207594734,2053.8881452392598,2065.649401773966,399228
2025-12-22,2083.63720703125,2089.270747784051,2065.846925940638,2086.5035637624155,172009
2025-12-23,2081.66064453125,2094.212628746828,2073.259677914253,2085.4164190427837,117770
2025-12-24,2068.910888671875,2087.3929656291575,2063.7715224323924,2081.660493505988,112477
2025-12-26,2063.07958984375,2090.2591871298287,2057.742601804213,2068.6144407186443,186844
2025-12-29,2045.9813232421875,2064.364469521488,2038.9639489546687,2056.062434594854,262247
2025-12-30,2029.4757080078125,2051.0217641265285,2027.1037669637556,2045.8823976669792,344034
2025-12-31,2051.515869140625,2055.4692649442572,2029.1793276277813,2032.4406861288733,327024
2026-01-01,2069.405029296875,2075.5327443781953,2054.8763483454527,2061.7947908267133,340463
2026-01-02,2065.748291015625,2080.4745942378563,2056.062422792725,2080.4745942378563,157949
2026-01-05,2066.934326171875,2083.7362592874083,2061.201853673229,2065.7483556229486,734989
2026-01-06,2064.760009765625,2072.0736959086144,2048.6498726710465,2068.614474379551,459339
2026-01-07,2052.405517578125,2078.9920077044317,2037.0861089166472,2064.6609479888557,199951
2026-01-08,2022.7550048828125,2053.6902556680593,2009.3134828409375,2052.9984596390486,398895
2026-01-09,2032.04541015625,2059.5215588057204,2018.0109035398825,2018.505078007333,302010
2026-01-12,2072.073486328125,2087.3928944073455,2018.5050237554938,2018.5050237554938,478911
2026-01-13,2082.15478515625,2093.8173515881194,2064.562124738292,2066.63775415188,324283
2026-01-14,2067.922607421875,2090.3580808818047,2058.434360749063,2090.3580808818047,224914
2026-01-15,2067.922607421875,2067.922607421875,2067.922607421875,2067.922607421875,0
2026-01-16,2080.27685546875,2085.4162215944975,2064.265651220946,2067.922493966413,299076
2026-01-19,2152.6240234375,2184.152258575455,2071.381787616578,2076.8177068676832,1131606
2026-01-20,2089.270751953125,2162.6064371876696,2081.8581348172447,2149.658969405213,302491
2026-01-21,2098.36376953125,2107.2589101544495,2063.277381517518,2084.526884117384,398862
2026-01-22,2154.20556640625,2158.554205466572,2095.299869775244,2098.3638481787493,602028
2026-01-23,2141.060302734375,2160.4317966898934,2132.856958480993,2159.5423791848793,342718
2026-01-27,2128.8046875,2140.6648747919917,2103.2065464465686,2132.8570146765483,460915
2026-01-28,2129.298828125,2134.0429512256137,2095.299721613495,2120.9967936710186,286443
2026-01-29,2088.084716796875,2129.1011970116847,2080.474478365641,2128.9035754867414,395656
2026-01-30,2089.5673828125,2100.241600145408,2005.7554609931863,2058.730942636652,1227051
2026-02-02,2102.613525390625,2113.880848550259,2056.0624331691924,2075.5328598331616,244044
2026-02-03,2113.781982421875,2134.734933204325,2079.3873885659273,2125.9387235213235,506465
2026-02-04,2091.5439453125,2134.734745044526,2084.328949905995,2113.7817961089104,313947
2026-02-05,2089.666259765625,2127.717694823562,2086.4046599300036,2091.544026276005,144168
2026-02-06,2108.345947265625,2115.0667684338937,2063.6726226588644,2089.6662484927692,233294
2026-02-09,2130.485107421875,2136.909375639945,2102.5147836901274,2116.0551161366798,260857
2026-02-10,2157.565673828125,2168.5364432643437,2110.619100531361,2130.485010171177,351502
2026-02-11,2148.07763671875,2165.07743268733,2140.7639505805614,2159.5425817260048,149215
2026-02-12,2113.9794921875,2148.077531277853,2105.183282969601,2148.077531277853,142131
2026-02-13,2097.47412109375,2105.18329126465,2076.026996855116,2103.2065933385798,374088
2026-02-16,2093.916259765625,2103.5031966774995,2076.224668125804,2095.892957739048,154505
2026-02-17,2125.938720703125,2135.8222108040227,2093.916309294674,2093.916309294674,179259
2026-02-18,2178.22216796875,2181.879252143458,2123.66535384779,2134.5371923655807,379137
2026-02-19,2141.94970703125,2204.5122412215774,2134.833643146652,2189.1928331341824,409293
2026-02-20,2172.2919921875,2186.030186936971,2141.9497286385113,2141.9497286385113,349127
2026-02-23,2170.414306640625,2185.536093921528,2164.681834438541,2172.2920731379363,183758
2026-02-24,2210.244873046875,2213.901716014994,2160.23431812201,2174.2688253839488,444579
2026-02-25,2243.947265625,2248.2961456006246,2208.0703932787887,2214.000486730542,822577
2026-02-26,2268.557373046875,2274.487466694209,2236.040548102983,2256.4006328106148,444641
2026-02-27,2228.232666015625,2274.783997206657,2217.4597591809725,2274.1908913293205,577821
2026-03-02,2189.093994140625,2213.8027179053447,2171.402644443538,2173.181720813824,226434
2026-03-04,2158.257568359375,2178.716343502633,2152.7229589798603,2172.8851811768996,272457
2026-03-05,2174.9609375,2186.4256412887876,2141.7523140993367,2165.472690443769,258081
2026-03-06,2178.914306640625,2194.1347847551538,2170.8096517861463,2174.466736130986,233352
2026-03-09,2131.177001953125,2167.449362078892,2115.7586609985387,2167.449362078892,309055
2026-03-10,2172.6875,2184.9429302074677,2134.042960337728,2134.8336877405604,368736
2026-03-11,2031.6502685546875,2172.687620348763,2022.1620217873763,2172.687620348763,1659346
2026-03-12,1952.7799072265625,2016.2318616729256,1939.338264963624,2016.2318616729256,836489
2026-03-13,1934.396484375,1971.756122320294,1928.2687692465634,1946.7508460436736,660968
2026-03-16,1918.484130859375,1947.7392357739502,1896.6416431012665,1937.1639502232842,358075
2026-03-17,1910.3797607421875,1935.4838488740565,1908.0076990690536,1927.1816933421221,289862
2026-03-18,1918.978271484375,1933.2105203033375,1906.12973530649,1910.4784947578482,214981
2026-03-19,1867.6829833984375,1912.652861125285,1860.6657299047406,1907.6123055536473,340333
2026-03-20,1874.0084228515625,1899.4090632945213,1867.9795183768904,1877.566454947429,317292
2026-03-23,1827.6549072265625,1871.932990314778,1816.6842575481016,1871.932990314778,336417
2026-03-24,1855.4276123046875,1867.979596253086,1818.5621466167609,1850.1893143840089,294115
2026-03-25,1898.025390625,1905.240265734293,1855.1310210955219,1871.9329536254227,693562
2026-03-27,1855.32861328125,1896.3450949848136,1850.28805773163,1896.3450949848136,492401
2026-03-30,1767.8597412109375,1836.1547510476603,1761.237851420491,1828.445580879859,907544
2026-04-01,1798.49853515625,1823.5038118379696,1789.2081515493487,1800.771785999339,407513
2026-04-02,1808.1844482421875,1814.608716574286,1761.3366827369632,1795.830086065075,273131
2026-04-06,1808.382080078125,1823.5038677282698,1789.9988131834862,1814.312173956916,349804
2026-04-07,1828.8409423828125,1833.0907705281754,1779.7199266102805,1800.7718077482323,295165
2026-04-08,1884.781494140625,1893.4790133743868,1847.8172183692393,1863.0378167042884,453684
2026-04-09,1884.48486328125,1905.635554588167,1859.9738821188193,1884.3860525175107,604795
2026-04-10,1916.5074462890625,1919.4724931722847,1881.7176111184829,1903.3624774956177,434312
2026-04-13,1893.5777587890625,1905.5367568366926,1856.2181205877068,1888.2406503820025,419082
2026-04-15,1924.0189208984375,1928.7630442858087,1894.4673827644997,1912.4552860328156,336213
2026-04-16,1954.3612060546875,1973.7328210298242,1917.3969317966246,1933.309325503056,374401
2026-04-17,2081.462890625,2097.1775424260813,1946.256705880731,1954.3612396670655,2100901
2026-04-20,2104.19482421875,2122.9734534626,2064.8584894381984,2094.3113351430397,582891
2026-04-21,2082.055908203125,2113.3865203589794,2046.3764160700293,2104.1948272461204,450952
2026-04-22,2093.61962890625,2112.1017060108056,2069.503769750161,2090.358029112239,450554
2026-04-23,2125.14794921875,2129.8920726281476,2033.626977557749,2085.7129210514227,649058
2026-04-24,2146.002197265625,2152.426465661766,2114.0784768224953,2125.147937184311,738058
2026-04-27,2116.05517578125,2164.5832074378927,2110.5203249496813,2154.600786176144,371678
2026-04-28,2100.439208984375,2111.5086693272215,2080.4746078005755,2107.8518263518354,364158
2026-04-29,2107.654052734375,2150.449608840445,2080.0792146355716,2110.1249250119067,391370
2026-04-30,2071.777099609375,2115.2644550650657,2065.649384145301,2090.555730374332,366494
2026-05-01,2071.777099609375,2071.777099609375,2071.777099609375,2071.777099609375,0
2026-05-04,2147.583251953125,2154.600625738888,2074.7419854798004,2085.6138234995838,509820
2026-05-05,2153.513427734375,2159.542452839702,2133.8453801743326,2158.554103891034,303160
2026-05-06,2131.967529296875,2172.3909031787966,2126.827921930347,2172.3909031787966,216927
2026-05-07,2141.752197265625,2159.5424785534797,2119.909588721528,2146.693942067807,209531
2026-05-08,2171.7978515625,2180.1988175034703,2132.1652040774807,2136.019668402534,273342
2026-05-11,2114.078369140625,2178.5186713573084,2107.555169659889,2171.3036758822223,588255
2026-05-12,2100.439208984375,2132.066376418873,2093.3231445708407,2114.9678907653697,299031
2026-05-13,2109.630859375,2121.985221399918,2086.9977646638035,2103.0089695888705,310715
2026-05-14,2121.590087890625,2138.2930896923895,2099.9450997275603,2109.729899734254,144948
2026-05-15,2134.833740234375,2140.763833957248,2110.3226379206058,2117.636564956495,287530
2026-05-18,2126.13623046875,2133.74646918712,2088.974454420764,2124.950259978221,357195
2026-05-19,2162.80419921875,2197.7916578545055,2126.9270816912162,2126.9270816912162,334394
2026-05-20,2159.937744140625,2166.955118351346,2137.8977551299918,2161.519199012266,205812
2026-05-21,2139.676513671875,2184.251147175675,2128.4094323270665,2169.4259131450713,329867
2026-05-22,2131.769775390625,2148.1764646457327,2105.6774593640366,2144.025447272794,204566
2026-05-25,2072.56787109375,2170.117869986144,2056.359043870702,2160.23437989986,1433773
2026-05-26,2052.899658203125,2082.3522632684844,2027.3012761486536,2075.4338207612423,932673
2026-05-27,2063.07958984375,2074.841087628865,2046.0800354367761,2056.062456776665,199944
2026-05-28,2063.07958984375,2063.07958984375,2063.07958984375,2063.07958984375,0
2026-05-29,2035.89990234375,2084.329000816612,2026.5105873337054,2075.5327916940746,1193673
2026-06-01,1990.0999755859375,2053.0,1979.0,2049.699951171875,689578
2026-06-02,1998.800048828125,2004.800048828125,1976.5,1985.0,299055
2026-06-03,2018.5999755859375,2022.800048828125,1984.5999755859375,1997.0,308158
2026-06-04,2004.4000244140625,2032.300048828125,1995.0,2018.300048828125,321958
2026-06-05,1999.5,2020.9000244140625,1991.0,2016.0,174541
2026-06-08,2005.5,2020.0,1972.800048828125,1986.199951171875,313988
2026-06-09,2023.4000244140625,2028.800048828125,2001.0,2005.0999755859375,138499
2026-06-10,2056.300048828125,2100.0,2024.300048828125,2024.300048828125,1111107
2026-06-11,2028.5999755859375,2064.800048828125,2022.4000244140625,2050.0,397135
2026-06-12,2079.0,2082.5,2042.0,2042.0,262833
2026-06-15,2057.699951171875,2136.5,2052.0,2100.0,420009
2026-06-16,2096.89990234375,2103.699951171875,2065.0,2067.5,711308
2026-06-17,2034.199951171875,2092.60009765625,2028.0,2080.0,603600
2026-06-18,2027.300048828125,2043.800048828125,2015.300048828125,2032.5,376697
2026-06-19,1997.800048828125,2026.0,1990.0,2020.0,417545
2026-06-22,1982.0,2019.9000244140625,1975.300048828125,2005.5,640289
2026-06-23,1980.5,2003.4000244140625,1975.300048828125,1982.0,330176
2026-06-24,1965.300048828125,1995.0,1957.800048828125,1985.5,672675
2026-06-25,1993.0,2001.4000244140625,1970.0999755859375,1970.0999755859375,685326
2026-06-26,1993.0,1993.0,1993.0,1993.0,0
2026-06-29,1999.199951171875,2029.0,1990.0,1993.0,551311
2026-06-30,1997.9000244140625,2005.0,1980.0999755859375,2000.0,479375
2026-07-01,2071.89990234375,2077.0,2000.300048828125,2005.0,578144
2026-07-02,2061.5,2071.800048828125,2036.0999755859375,2064.199951171875,223137
2026-07-03,2047.0,2086.60009765625,2033.0,2065.89990234375,136722
2026-07-06,2079.60009765625,2085.0,2035.0,2047.0,225585
2026-07-07,2077.199951171875,2083.60009765625,2057.60009765625,2083.60009765625,330465
2026-07-08,2020.0999755859375,2081.89990234375,2008.199951171875,2077.0,176528
2026-07-09,2063.0,2073.800048828125,2028.0,2028.0,271151
2026-07-10,2052.39990234375,2071.89990234375,2047.0999755859375,2069.39990234375,120766
2026-07-13,2025.0,2044.9000244140625,2020.0,2038.800048828125,141476
2026-07-14,2008.699951171875,2033.5,2002.5999755859375,2026.0,180202
2026-07-15,2011.800048828125,2021.9000244140625,1996.800048828125,2014.0,121471
2026-07-16,2001.0999755859375,2028.0,1996.5,2013.800048828125,208566
2026-07-17,2042.4000244140625,2047.0,1986.300048828125,2001.0,423366
2026-07-20,2113.10009765625,2124.0,2024.5,2040.0,726077
2026-07-21,2092.89990234375,2126.39990234375,2080.0,2120.0,320482
2026-07-22,2107.10009765625,2114.800048828125,2065.300048828125,2085.10009765625,248087
2026-07-23,2085.800048828125,2120.0,2075.60009765625,2111.0,143728
2026-07-24,2086.10009765625,2103.800048828125,2065.0,2065.0,197445
2026-07-27,2136.60009765625,2156.0,2088.800048828125,2088.800048828125,381885
2026-07-28,2138.10009765625,2171.5,2130.60009765625,2143.5,327640
2026-07-29,2166.39990234375,2213.39990234375,2097.60009765625,2145.89990234375,1771147
2026-07-30,2084.800048828125,2183.10009765625,2080.199951171875,2169.699951171875,625770
2026-07-31,2076.10009765625,2109.5,2047.300048828125,2109.5,322106
2026-08-03,2077.0,2116.60009765625,2050.10009765625,2076.10009765625,515125
2026-08-04,2010.0,2080.199951171875,2010.0,2080.0,562942
2026-08-05,2040.0,2040.0,2016.5999755859375,2026.9000244140625,237174
2026-08-06,2028.4000244140625,2041.5999755859375,2025.5,2040.0,280296
2026-08-07,2030.0,2037.5,2009.199951171875,2026.0,222982
2026-08-10,2019.5,2031.199951171875,2005.699951171875,2028.5,212214
2026-08-11,2008.0,2019.0,1999.0,2018.0,272703
2026-08-12,2005.0,2008.0,1994.0,2008.0,318454
2026-08-13,1995.5,2002.4000244140625,1977.5999755859375,2001.0999755859375,225592
2026-08-14,1981.0,1989.199951171875,1971.300048828125,1985.5,153432
2026-08-17,1964.0,1981.0,1962.0,1981.0,126002
2026-08-18,1903.0,1958.9000244140625,1901.699951171875,1954.5,721820
2026-08-19,1879.5999755859375,1913.5999755859375,1863.9000244140625,1905.0,571246
2026-08-20,1910.0,1914.9000244140625,1875.0,1889.800048828125,555231
2026-08-21,1889.0,1907.9000244140625,1880.0999755859375,1907.9000244140625,382856
2026-08-24,1879.0,1896.800048828125,1873.300048828125,1889.0,129484
2026-08-25,1876.800048828125,1878.5,1861.4000244140625,1878.0,193846
2026-08-26,1860.0,1883.4000244140625,1860.0,1876.9000244140625,227479
2026-08-27,1845.0,1876.0999755859375,1841.0,1864.800048828125,290751
2026-08-28,1826.9000244140625,1851.9000244140625,1825.0,1851.9000244140625,283459
2026-08-31,1897.5999755859375,1897.5999755859375,1803.699951171875,1826.0,1166774
2026-09-01,1859.800048828125,1873.0,1842.0,1872.5,374486
2026-09-02,1861.5,1862.5999755859375,1831.9000244140625,1848.800048828125,274685
2026-09-03,1850.0,1871.9000244140625,1845.0,1863.0,338701
2026-09-04,1829.199951171875,1863.9000244140625,1829.199951171875,1860.0,562995
2026-09-07,1813.5,1838.9000244140625,1807.300048828125,1836.0,289793
2026-09-08,1819.9000244140625,1841.300048828125,1799.0999755859375,1814.0,214109
2026-09-09,1800.0,1815.0,1789.800048828125,1815.0,518477
2026-09-10,1808.5,1810.0,1796.9000244140625,1804.5,125826
2026-09-11,1797.4000244140625,1799.9000244140625,1782.0999755859375,1799.0,280878
2026-09-14,1797.4000244140625,1797.4000244140625,1797.4000244140625,1797.4000244140625,0
2026-09-15,1820.300048828125,1846.5999755859375,1788.800048828125,1797.4000244140625,670867
2026-09-16,1860.0,1900.0999755859375,1830.0999755859375,1833.9000244140625,1465173
