Price,Close,High,Low,Open,Volume
Ticker,NAUKRI.NS,NAUKRI.NS,NAUKRI.NS,NAUKRI.NS,NAUKRI.NS
Date,,,,,
2006-11-21,27.86229133605957,29.33169744281328,21.20881976719532,21.20881976719532,57994640
2006-11-22,27.580163955688477,28.917911833177506,25.86154716788232,28.917911833177506,100797140
2006-11-23,28.875593185424805,29.52918473408475,27.84113092852674,27.930471967704673,93050680
2006-11-24,27.446151733398438,29.16477016095387,27.04882558222566,29.15301419581089,41987360
2006-11-27,28.323089599609375,28.859128522649808,26.566855585005527,27.497870839819146,57133640
2006-11-28,28.05272674560547,28.306640559960307,27.272178266954768,27.742388237074678,28889060
2006-11-29,29.113048553466797,29.76428852415303,28.414786513059546,28.44770106500998,68838040
2006-11-30,29.66790008544922,30.258012335256105,28.776851933375237,29.247061926424802,47462980
2006-12-01,29.82070541381836,30.42257339914653,29.576197890059856,29.764280738620865,21571080
2006-12-04,28.337200164794922,29.99939213813198,28.118552483155575,29.62322456587839,12508020
2006-12-05,28.130308151245117,28.960228353240794,27.8505326815369,28.447699480926993,18913680
2006-12-06,27.827030181884766,28.910864462564387,27.56606346739607,28.327803226431453,15686620
2006-12-07,28.20789337158203,28.539390426360832,27.556651639874836,27.97748972578502,16543780
2006-12-08,27.41559410095215,28.435948936527595,27.18519041249803,28.419491658331502,8768020
2006-12-11,26.371723175048828,27.580162537056914,24.984603539560407,27.580162537056914,10573980
2006-12-12,25.17504119873047,26.70087198698403,23.74795406966429,26.334108799311696,11724160
2006-12-13,24.996366500854492,25.856851764164826,23.88667048189448,25.579427759424824,8204880
2006-12-14,25.520648956298828,25.83333724906928,25.156235481835434,25.45246828974786,4404220
2006-12-15,27.16402244567871,27.41323308481534,25.696968259342427,25.814520718362825,13356500
2006-12-18,26.592721939086914,27.460259807969994,25.720482760276237,27.460259807969994,13036360
2006-12-19,26.414045333862305,26.696172398793593,25.87330493173428,26.33175894589812,5545780
2006-12-20,27.16402244567871,27.83171955193465,26.193039779905163,26.64914210118275,10420580
2006-12-21,27.68360710144043,28.42418803232255,26.404635634614383,26.943026170558312,14336360
2006-12-22,28.008060455322266,29.058980184284366,27.648350060836492,27.648350060836492,12781600
2006-12-26,27.902254104614258,28.812110860116626,27.775297222890092,28.20083658654656,5327640
2006-12-27,27.66715431213379,28.44770277945818,27.509634404919428,28.165577518963545,3501480
2006-12-28,26.898361206054688,27.949278943657976,26.637394538801047,27.94457763336262,3859600
2006-12-29,27.288633346557617,27.587215864306547,27.02766669066049,27.42734620930071,3318800
2007-01-02,27.73297882080078,27.977488176411057,27.13111074158063,27.370916993861048,2501280
2007-01-03,28.9672794342041,29.613818019026642,27.874041104762505,27.874041104762505,26269880
2007-01-04,31.015045166015625,32.05891173794415,29.07307953338674,29.153014356933756,60186600
2007-01-05,32.338680267333984,32.99462137112522,30.972721348884125,31.104379521156478,37430000
2007-01-08,34.02439880371094,34.555734857789005,32.20938776112699,32.91940592646972,35139820
2007-01-09,32.08241653442383,35.26573533192226,31.73916179873003,34.607440888243154,25716780
2007-01-10,31.941362380981445,32.39981636954168,30.963324813774772,31.8802363783125,14481720
2007-01-11,32.83711242675781,32.91469750135824,31.626323203639068,32.16236227595352,9857640
2007-01-12,31.828521728515625,32.91470587439689,31.565201642076044,32.91470587439689,4798320
2007-01-15,31.790889739990234,32.303416778624346,31.602805073665042,32.105929493320374,3683560
2007-01-16,32.719573974609375,33.949172554372026,31.66630420711823,31.974291291898766,10150980
2007-01-17,32.500911712646484,33.08867412622389,32.3081239190329,32.91469516033484,5591260
2007-01-18,32.750125885009766,33.84571600141474,32.53852924116824,32.77363423160274,8137500
2007-01-19,32.22818374633789,33.102774359673155,31.833205604468827,33.09807125666782,4360700
2007-01-22,32.992279052734375,33.431924174436695,31.83320974904151,32.44213431422715,3187820
2007-01-23,33.4107551574707,34.08785837032481,33.1497885931345,33.27674365183673,6579960
2007-01-24,34.19366455078125,34.5134074267342,33.31437074505643,33.709348927076825,5203760
2007-01-25,34.47579574584961,35.50085365037706,34.054959390312135,34.53692175205547,8103160
2007-01-29,34.894283294677734,35.50085461865209,33.620014638855956,34.640369466915146,4185400
2007-01-31,32.7313117980957,35.73595280626029,32.35044292273923,35.64191226015794,3674220
2007-02-01,32.1694221496582,33.11454538837525,32.06832511984179,33.11454538837525,1979120
2007-02-02,34.37470245361328,34.74851852985686,32.25640418006471,32.53852945293878,6468340
2007-02-05,33.895084381103516,34.41936747962906,33.66703226455304,34.32532692302604,2301220
2007-02-06,34.01969528198242,34.701501984526104,33.855122487374594,33.94916305931682,2805420
2007-02-07,33.03695297241211,34.60745252532945,32.6866452588509,34.60745252532945,921880
2007-02-08,34.79082489013672,35.025929809008275,33.11687901574445,33.2908579471793,4294340
2007-02-09,33.01579666137695,35.14349783723272,32.49151346450923,35.07766871777928,1708600
2007-02-12,30.671796798706055,33.14980167142563,29.858332001922378,33.14980167142563,1484400
2007-02-13,30.316787719726562,31.88023805447596,29.912408643952546,30.7987536663398,1491260
2007-02-14,29.870086669921875,30.37556091222968,28.711019114934484,29.284674012677844,824700
2007-02-15,30.82225799560547,31.4100203251371,30.300324759988055,30.300324759988055,1635760
2007-02-19,31.22193145751953,31.97426642051912,30.75172165721778,31.97426642051912,951740
2007-02-20,30.714120864868164,31.45705361796755,30.563653789707864,31.08088413635777,1273660
2007-02-21,31.078529357910156,31.736824050694242,30.803456948721077,30.9727328293632,708260
2007-02-22,30.21803855895996,31.67804185868197,29.91005165229467,31.504062906385613,2026840
2007-02-23,28.656940460205078,30.939810963616658,28.024507609378993,30.328536696017107,853720
2007-02-26,30.530731201171875,30.97742920413498,28.30663842546043,28.635785738466314,1161200
2007-02-27,31.393552780151367,31.598092867619222,29.867722686974524,30.751717494106465,924020
2007-02-28,31.064430236816406,32.25170782475403,27.5072898160492,29.623235186514524,1588820
2007-03-01,31.487606048583984,31.974275045128103,30.563645263725395,31.03385519085963,1263120
2007-03-02,30.91394805908203,32.06831052109311,30.51662015954011,31.26895520642185,1087800
2007-03-05,30.323837280273438,31.640426514857264,29.81131018023986,30.704709761749097,2239120
2007-03-06,30.302675247192383,31.410021081146013,29.341096913914342,30.93981120620321,1959960
2007-03-07,30.001747131347656,31.360653650950763,29.623227963868203,30.878687716594833,2873940
2007-03-08,29.216493606567383,30.516625587321112,28.44770114984869,30.093435927112665,1649280
2007-03-09,29.919452667236328,30.558936543900312,29.435135311573408,29.717262292230178,555120
2007-03-12,30.62242317199707,30.798751904273445,29.858331998799446,30.093436975167947,325720
2007-03-13,31.473501205444336,31.739170969682572,30.281520872262064,30.56364611895359,425360
2007-03-14,30.62476348876953,30.79874240911526,28.682798274137877,30.61536087107718,134640
2007-03-15,31.645124435424805,35.500843782089085,30.3285354164867,31.362995654640592,7893380
2007-03-16,33.178009033203125,33.71404802634784,31.880232306335298,32.369247440060775,3516580
2007-03-19,34.673274993896484,35.21872016795998,32.867670805444845,33.38490094771485,4682600
2007-03-20,34.34648513793945,36.528259031724865,34.1043272992645,34.69914260250499,6769240
2007-03-21,32.74073028564453,35.077675221806764,32.49622259482681,34.56044479273258,3695880
2007-03-22,32.71249771118164,33.6952381207847,32.54322188548366,33.38489791119964,1576300
2007-03-23,32.24699401855469,33.47659183453673,31.88023089083665,32.91469117862684,1506180
2007-03-26,32.294029235839844,32.77364195082643,31.88024564668635,32.44449632166096,2176600
2007-03-28,31.76032829284668,32.350444040389576,31.080875099645166,32.199977008977314,1020940
2007-03-29,31.995441436767578,32.20938786679006,31.598113377416656,31.598113377416656,485760
2007-03-30,31.842613220214844,33.14979609508398,31.598102076943178,32.115335807934535,1336760
2007-04-02,31.84967041015625,32.91469563182109,31.50406581902876,31.50406581902876,1461340
2007-04-03,31.941362380981445,32.39746661123731,31.315982279962224,31.849671583269398,859360
2007-04-04,31.786176681518555,32.58553536619127,31.53461634418666,32.336321198598476,405960
2007-04-05,31.431177139282227,31.943704139832242,31.3512423279441,31.668631815580667,173380
2007-04-09,31.76737403869629,32.679582230218,31.598098217848626,31.804991684977146,1089780
2007-04-10,32.23994827270508,33.384908420563505,31.8097057125697,31.960172761954414,2383100
2007-04-11,34.04085159301758,34.419370788977055,32.209385209565184,32.43508758949742,4229700
2007-04-12,34.301815032958984,34.732057575418246,33.295566008898746,33.80809672905127,1423640
2007-04-13,35.54317855834961,36.300217081238024,33.38491599288314,34.40527101506552,5561040
2007-04-16,37.71083450317383,38.792318764296795,35.81588908176521,35.81588908176521,4775880
2007-04-17,36.6505241394043,38.077613438484846,36.358992601536954,37.884825585842364,1280220
2007-04-18,36.11917495727539,36.99846518262515,35.87701714348386,36.99846518262515,1091560
2007-04-19,35.098819732666016,35.87702020433102,34.79553589689314,35.40916001803098,368880
2007-04-20,34.50165557861328,36.488291928518464,34.337082811224306,35.674830712245544,1050940
2007-04-23,33.82455062866211,35.06590457382719,33.638819282238295,35.06590457382719,478840
2007-04-24,34.64035415649414,35.26103093200206,33.384894885851125,33.84570205569632,1065060
2007-04-25,33.838653564453125,34.56042747934927,33.714048228561744,34.56042747934927,403480
2007-04-26,34.50635528564453,34.983618057796576,33.808093281576376,34.88957392324881,1425680
2007-04-27,33.754024505615234,34.56043288428828,33.63176890862252,34.32532789868088,260780
2007-04-30,36.61289596557617,37.13247952762552,33.38960883653821,33.51186083797099,2045380
2007-05-03,35.97574234008789,38.08698272362496,35.07764016131233,37.56034660931037,2329620
2007-05-04,35.34803771972656,36.34723395657544,35.05650623209328,36.30021008726027,652960
2007-05-07,35.29631042480469,36.3942502082812,35.030640659747206,35.68893529566884,312660
2007-05-08,38.76411819458008,41.378484959987325,35.31277451541467,35.31277451541467,23861540
2007-05-09,37.14187240600586,39.13556461118183,36.73279216154054,38.566607576211716,7205080
2007-05-10,38.30095291137695,39.68101798730515,37.39344755080008,37.4287118626109,11344900
2007-05-11,37.84013748168945,38.698272622191425,35.971054019716874,37.61678851735098,3667120
2007-05-14,38.02587890625,38.792319812283125,37.71083552194354,38.792319812283125,1644920
2007-05-15,37.609745025634766,38.22807228889637,37.38404265984164,38.18104842160214,976380
2007-05-16,37.73434829711914,38.50078922028202,37.616795810212224,37.85190078402605,662960
2007-05-17,37.80957794189453,39.32365073281958,37.61679017031169,38.08700004744058,2167440
2007-05-18,37.65675354003906,38.51018552345599,36.69987840817984,36.69987840817984,724460
2007-05-21,37.8730583190918,38.55721463487362,37.63325383540058,38.181045252249476,429320
2007-05-22,38.079952239990234,38.933384428214254,37.61679516255787,38.08700510208984,917400
2007-05-23,37.205360412597656,38.69827836333064,36.495342419520284,38.322108987383366,964320
2007-05-24,37.68967056274414,38.32210339521625,37.146578751191214,37.33466341171852,1087700
2007-05-25,37.54861068725586,38.36912461314685,36.81978395495494,36.81978395495494,676420
2007-05-28,37.22180938720703,38.69591452319811,37.14657409745501,38.08699369485893,410140
2007-05-29,38.77351379394531,39.0274276088787,37.05254716484216,37.616797695304776,2738920
2007-05-30,37.80722427368164,39.28133323036823,37.61678984905745,38.55720959528389,2221640
2007-05-31,38.079952239990234,38.693576354576145,37.854249890551344,38.32211007185583,513820
2007-06-01,38.761756896972656,38.93338611527922,38.188100171899166,38.55721671238658,897960
2007-06-04,40.5414924621582,41.14336047570186,38.46316585682267,38.978042611631736,6033860
2007-06-05,39.53759002685547,41.56654643228766,39.13085956025383,40.34400168757073,5547900
2007-06-06,38.61128234863281,39.87614804291148,38.32445404184533,39.87379828503888,1042300
2007-06-07,38.13871765136719,39.19198661232277,37.99295375948144,38.32209918871252,2291700
2007-06-08,38.110511779785156,39.02741960049273,37.42870530901331,39.02741960049273,1351700
2007-06-11,38.29389953613281,38.83934121353274,38.11286770062159,38.505492578998336,185620
2007-06-12,37.92714309692383,38.3691380898187,36.58234211153721,38.3691380898187,554460
2007-06-13,37.35582733154297,38.134024183085735,37.14658405850755,38.134024183085735,155420
2007-06-14,37.623844146728516,38.46317052424307,37.42870661144572,37.94593677413601,198840
2007-06-15,38.39029312133789,39.02742923735113,37.710839828112036,38.08230615134319,1105860
2007-06-18,36.90677261352539,38.78526238255838,36.68812674047495,38.36912563273922,462940
2007-06-19,36.544708251953125,37.334660903156724,31.76267518234992,36.906768239522314,587700
2007-06-20,37.976505279541016,38.651255391246565,36.77511874685972,37.08545902727858,792020
2007-06-21,37.379329681396484,38.317395944955855,37.1512776393354,38.08699414534325,190880
2007-06-22,36.77041244506836,37.837790918314354,35.0306372642278,37.59327976335559,274280
2007-06-25,36.74454879760742,37.61678968693658,36.441265009219805,36.95849514993186,182240
2007-06-26,36.76335906982422,37.61208806403553,36.44126644342665,37.09956100633964,624940
2007-06-27,36.692840576171875,37.38169653245086,36.53531706278676,36.864466228730684,540740
2007-06-28,36.589378356933594,37.193596111261435,36.4412611153946,37.193596111261435,436000
2007-06-29,36.666969299316406,37.05254127086333,36.46477890037004,37.05254127086333,335440
2007-07-02,36.589378356933594,37.33466049248107,36.4412611153946,37.33466049248107,150080
2007-07-03,37.8636474609375,38.79231116218534,37.00551236459694,37.05253621775689,1105000
2007-07-04,37.54861068725586,38.08699940908142,37.14657967058558,38.08699940908142,206500
2007-07-05,36.87384796142578,37.66380048979414,36.7704012418013,37.66380048979414,243500
2007-07-06,37.1019172668457,37.60504179339135,36.44127283016942,36.72339809588725,556660
2007-07-09,37.40754318237305,37.85894418884269,36.78216324727202,37.38168149821725,258340
2007-07-10,44.890953063964844,44.890953063964844,37.80488790921113,37.80488790921113,9119980
2007-07-11,43.53203582763672,48.1494971593244,43.028911350110256,45.375257877320855,15051460
2007-07-12,42.45996856689453,46.77414358427137,40.485084222261094,44.12450897194927,10519700
2007-07-13,41.91450881958008,48.43161810609224,41.47251038015307,43.137053801862166,8853880
2007-07-16,41.74760055541992,42.56576502901035,40.82833905672589,42.56576502901035,2540780
2007-07-17,40.44041061401367,42.22486032819963,39.87381027846508,42.17313694011206,2743680
2007-07-18,39.638004302978516,40.84985404328947,39.061495004456255,39.89213976158422,1202640
2007-07-19,39.3203239440918,40.35097986628053,38.93676728531505,40.35097986628053,924720
2007-07-20,40.90631866455078,41.41458948818278,38.66852026378099,39.296797980264344,3139300
2007-07-23,40.31333923339844,41.41458908328634,40.00272809181067,41.08515628816128,809140
2007-07-24,40.36275863647461,42.120526131554904,40.125096625201365,42.120526131554904,834160
2007-07-25,39.082664489746094,40.4262871133403,38.826177271321654,39.64976284980423,515480
2007-07-26,39.270912170410156,40.09684953334795,38.840294149906434,39.53210658971412,520000
2007-07-27,38.93677520751953,39.2967994904577,36.87310395347549,39.2967994904577,987260
2007-07-30,38.58382034301758,39.86155322285238,37.70140694294957,38.96737718322292,9280500
2007-07-31,40.4498176574707,41.03809309513345,38.59086871067578,38.59086871067578,1116500
2007-08-01,38.854408264160156,40.426281829886825,38.826172196992154,40.426281829886825,713620
2007-08-02,38.94618225097656,39.673293354813545,38.12024490398745,39.06148551890072,277060
2007-08-03,40.64748001098633,40.94396953224314,39.53210851388992,39.90860622167008,616020
2007-08-06,40.13215637207031,40.46864824336012,38.637935126981546,38.637935126981546,340000
2007-08-07,41.659324645996094,43.15589796402119,40.23805233064997,40.23805233064997,1906320
2007-08-08,43.53709030151367,44.18654510262181,42.30877088052234,42.30877088052234,1782100
2007-08-09,42.25935745239258,44.33243971518657,40.54865490398505,43.767696678139714,677080
2007-08-10,40.23802947998047,41.42163906574429,39.08971497508539,39.08971497508539,503020
2007-08-13,40.03331756591797,41.64989717156787,39.53210578996273,41.32046439287071,282920
2007-08-14,39.795650482177734,40.37451501739152,39.15560660200145,40.238034702738716,379700
2007-08-16,38.842655181884766,39.6732998737905,38.63793287292924,38.63793287292924,199860
2007-08-17,38.89676284790039,39.62622205232785,38.02611613781734,38.87323040010865,299700
2007-08-20,38.96736145019531,40.238034797040605,38.826173926969005,40.238034797040605,217740
2007-08-21,38.91089630126953,39.53211510936619,38.5908742734289,39.296804900381865,787020
2007-08-22,38.670875549316406,38.87324245522082,37.71080954855235,38.637932266520274,496980
2007-08-23,38.29438018798828,40.000379001995796,37.79316835296644,39.99802360223239,458120
2007-08-24,38.59087371826172,39.249743012049116,38.360270722128206,39.249743012049116,1280900
2007-08-27,39.49917221069336,39.76742570794154,38.66146843299022,38.873246186931304,102060
2007-08-28,39.78153991699219,40.6616013151033,39.602705466223256,39.62623433075814,178880
2007-08-29,39.593292236328125,39.76742307374559,39.155615128699274,39.43328302671368,31200
2007-08-30,39.19325256347656,40.238030058788844,39.15325027440077,40.002719941485985,176240
2007-08-31,39.3626823425293,39.76741609535904,39.07325185795794,39.72035478258656,50320
2007-09-03,39.423866271972656,40.0027308989398,39.20267771718037,39.362686917312885,115820
2007-09-04,39.76271057128906,40.66159712267723,39.30856367750209,39.53210761555183,1346060
2007-09-05,40.04978942871094,40.94396877524547,39.65211467473952,40.61453597993978,308520
2007-09-06,40.27803421020508,41.64989268837723,37.69668181679461,38.355550893816314,574100
2007-09-07,39.419158935546875,40.849845136562934,39.16031632380703,40.00272712591261,212000
2007-09-10,40.27803421020508,41.085149816957255,39.06148127836508,39.108542585892145,257620
2007-09-11,42.9958610534668,44.47360816996581,40.143903837256765,40.943956727905025,1146740
2007-09-12,45.25486373901367,46.81967528326103,42.640567022010046,42.640567022010046,2219120
2007-09-13,46.97967529296875,47.48559432667544,45.226615196490634,45.41486405576409,2792640
2007-09-14,54.58960723876953,56.37561055450874,47.1090949774965,47.499710718622204,9240880
2007-09-17,50.382259368896484,56.42737805789217,49.67397706769588,54.47195116910384,3368000
2007-09-18,49.17747116088867,53.18009565162855,48.77038200278559,50.35637375862172,1515520
2007-09-19,50.3704833984375,53.08596417700148,49.28099640065991,50.74462562517173,2224740
2007-09-20,51.52350997924805,53.88602221165604,48.94450925774872,48.94450925774872,1620220
2007-09-21,52.52829360961914,53.88603443456866,50.827001912082224,51.67412004683637,1182860
2007-09-24,51.737640380859375,53.88602315155385,49.113933702930815,52.46475145700458,1221800
2007-09-25,49.963409423828125,52.14473573113973,49.41513629031267,50.40343829800926,324760
2007-09-26,52.27415466308594,56.9450631376632,50.215190603356376,51.20349622446527,1267920
2007-09-27,52.87417984008789,54.12132411386465,51.349371366059195,54.12132411386465,545860
2007-09-28,50.563446044921875,53.829548476561015,49.88575166577004,52.003543010071596,259380
2007-10-01,49.32571029663086,55.53319292607123,48.26917006814898,52.003540833312464,423800
2007-10-03,47.74208068847656,51.763530669174685,46.68553672282422,49.46219747257053,383800
2007-10-04,48.191524505615234,51.292910885273734,47.085567402429604,48.379773363519845,556960
2007-10-05,47.09025955200195,49.330412875330964,46.12078301714731,49.32100205047447,372840
2007-10-08,46.05960464477539,48.47388520766693,45.65016373925915,47.76795484056499,250000
2007-10-09,49.07628631591797,49.60338236606471,44.00299984899242,44.70893032785326,494620
2007-10-10,51.74705123901367,52.52121998221969,48.53271402080152,50.262244902125495,675640
2007-10-11,53.290687561035156,54.5425356356493,51.67410805221495,53.886021926516605,591360
2007-10-12,53.10950469970703,54.06015979808787,51.76823744758383,52.23885778801641,664100
2007-10-15,57.23685073852539,58.498113474772616,52.803604120704755,52.803604120704755,1667740
2007-10-16,56.043819427490234,57.415678067929896,54.73549553452837,57.415678067929896,521180
2007-10-17,56.56386184692383,57.415683543969536,47.544422275728714,47.544422275728714,184560
2007-10-18,55.00609588623047,57.886293232339156,51.29760944979649,56.70974255688511,1039600
2007-10-19,54.551963806152344,55.533206904057344,51.29997513601918,51.768243724121255,175700
2007-10-22,53.926025390625,54.35664338597705,52.2388520852247,52.28591339602074,73140
2007-10-23,55.74497604370117,57.41567963318102,52.47416622212855,52.70947638455962,229220
2007-10-24,55.98733901977539,57.415673270920635,54.591951634645845,56.4744327254957,138360
2007-10-25,55.02963638305664,56.47444068016904,54.126046193905516,55.95675902537714,882860
2007-10-26,54.2907600402832,55.909695079259066,52.975377116389346,55.909695079259066,129220
2007-10-29,56.16147232055664,59.29815700908552,55.58731498772704,56.94505554047102,516760
2007-10-30,56.75680923461914,63.486677580489484,55.533197134510715,57.415678393307694,561280
2007-10-31,56.48855972290039,57.650992555444844,55.768511165879296,57.36862106511967,2450000
2007-11-01,58.436912536621094,64.00435066582858,56.48854509036099,56.48854509036099,741140
2007-11-02,59.50522994995117,59.7687761604234,56.4744341673292,56.4744341673292,89240
2007-11-05,61.52417755126953,63.157230241415746,58.827525780211104,58.827525780211104,251500
2007-11-06,63.58313751220703,64.09846718463757,62.9689816232275,63.01603933264805,516780
2007-11-07,61.142982482910156,63.76904435959771,57.947470530260915,63.76904435959771,1939460
2007-11-08,62.62544250488281,67.76931858680251,60.710014567343926,60.710014567343926,615200
2007-11-12,62.90546417236328,63.533745481810286,60.01115197285273,61.65126413420109,268280
2007-11-13,62.74310302734375,64.71029247155286,61.65126046380673,62.9054604273004,156820
2007-11-14,63.53612518310547,65.83980744297831,60.28649108834421,62.74313076109149,485440
2007-11-15,63.74082565307617,64.47499229962925,61.18300502724525,63.536106935990844,69100
2007-11-16,64.03964233398438,64.94558765598418,61.418291551893795,63.759622740255445,211240
2007-11-19,63.53372573852539,65.41620650114837,61.888910470133716,65.18089640582049,44980
2007-11-20,63.15724563598633,64.38086134290867,62.12188236610384,63.533743328969834,610540
2007-11-21,65.74565124511719,65.74565124511719,59.37580766451493,59.37580766451493,1140340
2007-11-22,63.58080291748047,67.29870026973381,61.6559605080771,67.29870026973381,504760
2007-11-23,63.91024398803711,66.82808867715852,63.0631259347834,66.82808867715852,175960
2007-11-26,64.75736236572266,69.6518110828927,62.63957081252659,64.00436694103654,166060
2007-11-27,64.4749984741211,65.8868597545763,64.4726430740357,65.6515495411671,19460
2007-11-28,75.41220092773438,77.42645527652472,61.44654181668449,65.41622297561803,1978540
2007-11-29,68.77881622314453,75.34632437102734,68.05170861070178,75.34632437102734,1269000
2007-11-30,66.1739273071289,70.59305208009926,65.4209318791692,69.88712155929827,1389780
2007-12-03,66.41160583496094,68.60234340402735,65.88686146027844,67.29872277728441,584540
2007-12-04,68.85411071777344,72.71084814904586,66.8398560814009,67.53402400898433,1628760
2007-12-05,70.37422943115234,73.84034438630539,69.41651510939981,69.79301289875514,1378440
2007-12-06,68.93880462646484,72.47551536498646,66.92219521898282,70.59303444641539,412540
2007-12-07,68.62113189697266,70.59303173233775,67.07514277857177,70.35772162656329,211520
2007-12-10,68.56468200683594,69.6518138991238,65.98097362227492,65.98097362227492,130140
2007-12-11,68.83997344970703,72.24020759151779,68.00462538745487,69.65179624459044,366640
2007-12-12,68.79292297363281,70.57657072981723,68.23994269146557,68.94587313310141,143120
2007-12-13,66.68926239013672,69.88712703834129,66.35747415761698,68.71057607809985,219440
2007-12-14,65.96682739257812,68.9458538863974,65.4162026635443,67.53399339725617,117860
2007-12-17,61.343017578125,67.25165334620962,59.76879174085637,64.33380825649755,290180
2007-12-18,61.343017578125,61.343017578125,61.343017578125,61.343017578125,0
2007-12-19,60.175872802734375,63.0160648779462,59.6111297930952,63.01136125942562,121620
2007-12-20,60.78532409667969,62.35719428964999,58.82754178268867,61.41595362112697,84940
2007-12-24,62.9854621887207,64.6632172911213,61.18063043131516,61.83949588659906,309180
2007-12-26,64.79972076416016,65.88685268447853,63.298440614731156,63.298440614731156,224620
2007-12-27,62.32191467285156,66.45160625879586,61.6512790938175,65.88686315369809,422960
2007-12-28,62.78779983520508,64.00435638649806,61.69831994795209,62.59249558385472,136660
2007-12-31,63.03487777709961,64.23496085735117,62.592493590716316,64.23496085735117,100000
2008-01-01,66.41390991210938,69.181158552145,62.83249046444508,64.2255291976931,728500
2008-01-02,68.8282241821289,70.54598553714175,65.41622674404046,66.92221038394297,548880
2008-01-03,66.99044036865234,69.88710744622897,63.21841933480844,65.66093959251046,285900
2008-01-04,65.87980651855469,67.9575927256695,64.80443702541184,67.9575927256695,540660
2008-01-07,63.882015228271484,66.54572121575177,63.15725579599548,65.83979062075682,367740
2008-01-08,63.23017883300781,65.41621180660411,62.357180319244925,65.27032068464369,136340
2008-01-09,62.54072570800781,64.23966512417674,60.71001319427692,61.65125370891687,138220
2008-01-10,61.128875732421875,64.7102968104091,60.71002391667472,63.95730139326756,177360
2008-01-11,60.726505279541016,63.33609454621208,56.23913802418938,63.33609454621208,118560
2008-01-14,60.36882781982422,61.825398505343415,59.768789693372966,60.28647499622692,37440
2008-01-15,59.06755828857422,62.3101284660877,58.592230752617176,62.3101284660877,94380
2008-01-16,57.65097427368164,59.486393764585834,56.992105278158704,59.486393764585834,37580
2008-01-17,60.667659759521484,62.119519247853205,57.1803618910955,57.1803618910955,222300
2008-01-18,56.52149963378906,60.61118776722052,56.05087931445602,60.192339560806055,119540
2008-01-21,48.109161376953125,55.533197625017394,42.89939459083825,54.59195698730524,339680
2008-01-22,40.767478942871094,48.09738786203698,32.943417327572604,44.11594099874177,428760
2008-01-23,45.35368347167969,48.00327469405828,41.183986970814686,47.06203401378263,494220
2008-01-24,43.148826599121094,53.41541091137004,41.88991928923943,53.18010073114374,87240
2008-01-25,47.17027282714844,48.23857929610902,44.70892715249129,46.96790596062578,179720
2008-01-28,47.63854217529297,49.50925726850737,45.28308871677665,47.06203298928388,474260
2008-01-29,48.9656982421875,50.3563823741588,47.34911833083377,49.36337305131234,166100
2008-01-30,47.146751403808594,49.08570872746989,47.06203958892658,48.28565190012893,37000
2008-01-31,46.297271728515625,48.47389060266439,43.327658802706374,47.06202971132465,995640
2008-02-01,46.539649963378906,49.88576121514831,43.34413709241065,49.88576121514831,77200
2008-02-04,48.93274688720703,51.2693786351326,46.59141152129212,46.59141152129212,408520
2008-02-05,51.43644714355469,52.19179433891792,48.944513404545205,49.36807241173262,189120
2008-02-06,48.770389556884766,50.26225891691718,47.67384678073893,48.99628892315626,53260
2008-02-07,47.53028869628906,49.79161891540716,47.1090816038825,48.770370346044615,41560
2008-02-08,45.04071044921875,47.109084802056486,44.70892232183584,47.06202349666931,68220
2008-02-11,41.426353454589844,45.17954970408524,40.23803645520091,45.17954970408524,268200
2008-02-12,40.00273513793945,41.41459637810202,39.53211472455193,41.03809861117248,25720
2008-02-13,38.57204055786133,41.36752637585865,38.07318417330753,40.02625919721531,36640
2008-02-14,40.96750259399414,43.28766104557506,40.23803962078974,42.2617085467096,62060
2008-02-15,41.11104202270508,41.414590566905346,39.209735388540444,39.209735388540444,37860
2008-02-18,41.061614990234375,42.8264408494135,40.75571112320051,41.17927004751298,40660
2008-02-19,41.207523345947266,43.76769961201269,40.9957455904958,41.88521790827021,27760
2008-02-20,40.527469635009766,41.17927981224859,40.23803913082576,41.17927981224859,19200
2008-02-21,40.95337677001953,41.85932228028469,40.70865579479365,41.41458624210221,20160
2008-02-22,45.26896286010742,48.23857547968657,41.649891999534255,41.649891999534255,1737700
2008-02-25,46.38198471069336,47.01496960097132,44.002998904380085,45.932541453735276,655740
2008-02-26,52.30473327636719,54.1189758845302,45.93959380130395,45.93959380130395,1535080
2008-02-27,49.81280517578125,52.80359510839931,49.17982031116425,52.70947248660666,539720
2008-02-28,49.963409423828125,50.826997327178745,49.273948750406745,50.59168715436773,1227180
2008-02-29,49.30924987792969,50.21048831539112,46.59141652896377,49.462200061628614,2106140
2008-03-03,49.876338958740234,50.59168020599797,48.00326866057482,48.00326866057482,394980
2008-03-04,48.04798126220703,49.69750416090664,46.75612721494213,49.69750416090664,315180
2008-03-05,49.41983413696289,49.88574718551198,47.062025646709415,47.1090869542466,239100
2008-03-07,48.942169189453125,49.65045159015594,44.76070598145935,48.00328021038773,161580
2008-03-10,44.62656021118164,47.1090825500666,44.23829997211338,47.1090825500666,492760
2008-03-11,44.49480438232422,46.12079870873635,43.791229189769645,46.118446899358936,1429620
2008-03-12,41.84285354614258,45.88548029143239,41.66166372117681,45.81488652672058,1764480
2008-03-13,39.995670318603516,41.64519333570685,39.06148864626524,41.64519333570685,252960
2008-03-14,39.68976974487305,40.00273273181721,38.3085000636382,40.00273273181721,223120
2008-03-17,37.64725875854492,38.4967282405759,36.80249289264118,37.74373315680639,1895660
2008-03-18,36.2236442565918,37.55079332933384,33.42580677919112,35.02591648156929,310700
2008-03-19,35.96479797363281,39.53210026394391,35.20709909799675,37.6496192989942,646580
2008-03-24,34.94590759277344,36.14363893398311,33.931721464036066,33.931721464036066,920260
2008-03-25,36.621315002441406,37.17664702741125,34.92002025532111,34.92002025532111,62160
2008-03-26,36.09186553955078,37.17428988278824,35.30828244849071,36.19069535411503,734580
2008-03-27,37.6778678894043,38.77441427773385,35.06121962727081,35.20240718279473,796740
2008-03-28,40.70394515991211,40.93690348051025,37.88963802426328,38.82617133349982,200820
2008-03-31,40.35333251953125,41.132208418080886,39.10854001264137,40.00271915901109,121140
2008-04-01,40.18861389160156,40.943960958082954,39.53210023539044,40.7086508376342,77260
2008-04-02,39.539161682128906,41.08044378391631,39.53210266532534,40.991024783674234,50120
2008-04-03,39.56740951538086,40.47335524041191,39.53211442086745,39.57917574373492,105520
2008-04-04,39.534446716308594,40.35097301147392,39.53209490801814,40.35097301147392,108460
2008-04-07,39.685054779052734,40.23803505965901,39.53210462001587,39.53210462001587,40640
2008-04-08,39.55799102783203,40.09684971284627,39.53210676668431,39.99801987679533,27680
2008-04-09,39.88270950317383,45.09717850688727,39.781524294709016,40.37921394984791,15400
2008-04-10,39.925071716308594,40.41922445510961,39.626226827965205,40.282744140673636,8800
2008-04-11,42.00286102294922,43.97005398534903,39.62622711428308,40.66159391007386,340000
2008-04-15,43.43121337890625,44.003015547314064,41.18399983471697,41.18399983471697,149340
2008-04-16,45.127784729003906,46.0690254218029,43.344133185284015,44.70893290795222,141920
2008-04-17,44.36772537231445,45.88547498048243,43.82651135956335,45.880767772567,94460
2008-04-21,44.69952392578125,47.01968247291428,44.29008291491714,47.01968247291428,98120
2008-04-22,45.02189636230469,45.65017410076383,44.85482455766165,45.50898655907822,29180
2008-04-23,44.25478744506836,45.17955473253673,43.86887530146813,44.37950155370076,129600
2008-04-24,43.41707229614258,46.591407352287,42.40759338335071,44.61950724567452,419060
2008-04-25,42.78879928588867,44.235958946310085,42.50407599864898,44.235958946310085,48040
2008-04-28,44.614803314208984,46.774948643699375,42.87821335795752,43.48060673287734,504920
2008-04-29,44.58893966674805,44.941905034636726,44.23832610871418,44.803069261116306,35340
2008-04-30,45.51839828491211,46.63847336277395,44.47362059176082,44.47362059176082,1359400
2008-05-02,46.08784484863281,47.485587675483195,45.65016783810944,46.45022088977469,256580
2008-05-05,46.72319030761719,47.48088939945604,46.358458798475745,47.014976233040045,95440
2008-05-06,46.61259841918945,47.29029296979592,46.12080094432102,46.26198850588031,65080
2008-05-07,47.74208068847656,53.13774480347935,46.59141409017449,47.06203443451968,185140
2008-05-08,46.68082809448242,47.483232966654924,45.95607241111056,47.480881157782996,57800
2008-05-09,45.191307067871094,47.25027051780816,44.28536171367986,46.826711604283076,41560
2008-05-12,44.69952392578125,45.268974137562175,43.72063270313622,44.80305739020178,16260
2008-05-13,45.07130432128906,46.07372785312725,44.76304860084888,46.07372785312725,30100
2008-05-14,45.06660461425781,45.83842168205367,44.37949935100288,45.83842168205367,14900
2008-05-15,46.574947357177734,47.01497988403763,45.179559558849604,45.88549017695663,1048040
2008-05-16,47.03850173950195,49.17982573149446,46.16785482504448,46.82672402185358,194020
2008-05-20,47.23381805419922,48.572733740772215,46.591422178007655,47.20323016807984,1537900
2008-05-21,47.2149772644043,48.00326765475789,44.70892575688235,44.70892575688235,28520
2008-05-22,46.739654541015625,47.53264856865602,44.92776357957415,45.17954715436612,64460
2008-05-23,47.21263122558594,47.48559187792894,45.93489875679029,47.48559187792894,84620
2008-05-26,46.79143524169922,47.43853829910464,44.94424871434059,45.772541633173184,2600380
2008-05-27,47.05026626586914,47.2973426545623,46.638473481563246,47.06203249210179,265540
2008-05-28,46.84083938598633,47.06203150856427,46.59141119347863,46.68553382027653,1296700
2008-05-29,46.84553527832031,48.236218835191565,46.3702078695521,46.3702078695521,129740
2008-05-30,46.751426696777344,47.00556213214216,46.12314892207622,46.167858432540655,32660
2008-06-02,46.39374542236328,47.297335446779286,45.17954430737126,46.751414229602375,397660
2008-06-03,46.252567291259766,47.06203486543294,43.39119470970985,44.34420163384453,137780
2008-06-04,45.86195755004883,46.963211177297026,45.46193091938149,46.963211177297026,23900
2008-06-05,45.96784591674805,52.28357039854029,45.2266166822364,46.59141646861876,16220
2008-06-06,44.530094146728516,46.35609962092505,43.76768796696477,45.93254063216742,95380
2008-06-09,43.47355270385742,43.767690408213696,40.70865828290844,42.96763728858389,61480
2008-06-10,42.621726989746094,43.76768622747954,41.8852050994159,43.20294332527957,22220
2008-06-11,44.661869049072266,44.94424052272848,42.35582876487501,43.83828348975525,103720
2008-06-12,45.89488983154297,47.01496843752373,43.391189992509396,44.238307964213504,253520
2008-06-13,46.45022201538086,47.247923277538696,45.10424767472693,46.12078924272343,37080
2008-06-16,47.06203079223633,47.29734094619751,46.59141048431396,46.685533109679234,185120
2008-06-17,48.69979476928711,48.9445157682873,46.826724220621024,46.826724220621024,140040
2008-06-18,47.179683685302734,48.568012093189765,47.06202861376831,47.34910727555613,10740
2008-06-19,46.525535583496094,47.06204258168337,46.35611194295812,46.49965131645421,5760
2008-06-20,47.02908706665039,47.39146312046016,45.179549130498685,45.88783139458267,1121960
2008-06-23,47.01261520385742,47.391464704412904,45.652522768693856,45.74900079585568,95640
2008-06-24,47.0455436706543,47.156139698083294,45.697217886089526,46.82670701460136,75500
2008-06-25,47.069091796875,48.93980688173865,46.12079212361793,46.82672261530596,1716060
2008-06-26,48.01738739013672,48.238579499892175,47.0149674697118,47.53264906818644,24100
2008-06-27,46.71613311767578,47.29734959144137,46.30904748226725,46.30904748226725,53900
2008-06-30,44.82659149169922,47.53265869461019,44.00300582124805,46.26198509641925,16820
2008-07-01,43.91358184814453,45.414861849984725,39.532107724339035,45.18190349401182,76800
2008-07-02,42.17229080200195,43.532383356936975,41.41459173416707,41.83815077683073,51040
2008-07-03,41.73225784301758,42.73232601177367,41.41458769436995,41.41458769436995,43840
2008-07-04,41.400474548339844,42.07346182146739,40.943972214676954,41.50871522279793,49760
2008-07-07,42.09698486328125,43.3441293901519,41.51106488126686,43.25000676533252,10140
2008-07-08,40.52275848388672,47.01496401541134,40.049782831443885,42.82644304358825,60220
2008-07-09,41.72519302368164,43.377067513422745,40.628646981152684,43.23117638512447,15400
2008-07-10,42.162864685058594,42.35582070283426,41.50870285255861,42.35582070283426,53760
2008-07-11,42.36994552612305,42.68290846012005,42.35582749144691,42.35582749144691,34100
2008-07-14,42.65701675415039,43.43824804831827,42.35582009847172,42.35582009847172,5540
2008-07-15,41.74871826171875,42.353466953053946,41.41928555201488,42.120508657268694,12900
2008-07-16,40.699241638183594,41.69695429078452,39.81447325200826,41.22633403109046,17220
2008-07-17,40.43570327758789,41.744027394758724,39.8615458240269,41.69696607360016,45840
2008-07-18,40.087135314941406,40.93027849388115,39.82100138122975,40.50870690441128,119280
2008-07-21,40.42863082885742,41.45076822836805,40.03767385694641,40.03767385694641,1580
2008-07-22,40.49928283691406,41.27648180043927,39.56899291288534,40.42862740558872,82620
2008-07-23,40.706539154052734,40.97973827168167,40.037675322907376,40.744222534488095,1361640
2008-07-24,40.944419860839844,41.686293131640554,40.508714229616814,40.74423001002156,58840
2008-07-25,40.54874801635742,44.818649900233346,40.09655818785991,44.818649900233346,28260
2008-07-28,40.421573638916016,41.68393833746563,40.14130929149823,40.800754180654394,90580
2008-07-29,40.207244873046875,40.602909566211544,40.13187811605278,40.2260865622954,23000
2008-07-30,40.16721725463867,40.5087144190857,40.131887731201346,40.5087144190857,7460
2008-07-31,41.573238372802734,42.18086939777795,40.03767478085805,40.18369338596201,102180
2008-08-01,41.04096603393555,41.30945379764561,40.75363658231966,40.97973324350501,4820
2008-08-04,41.00093460083008,41.215254788213194,40.57465168343874,40.57465168343874,13980
2008-08-05,40.34855651855469,41.215252678482045,40.27318976011674,41.215252678482045,16160
2008-08-06,40.343841552734375,41.44134561595671,40.150716946949245,41.309453800606505,11700
2008-08-07,41.68393325805664,42.251523475802436,40.3250063948036,40.93263745188892,36260
2008-08-08,41.15165710449219,41.80403659734148,40.76776895859944,40.979731650351646,8380
2008-08-11,40.73245620727539,41.215264307905166,40.32266102211574,41.026850952331856,9040
2008-08-12,41.3565673828125,44.7479927654573,41.02684317464539,41.40366981435489,32940
2008-08-13,41.36127471923828,41.67215723311141,41.262358535829144,41.356566991708185,9500
2008-08-14,41.26707458496094,41.544981475852,41.07394992354671,41.35657172987832,6920
2008-08-18,40.74423599243164,41.20584857102445,40.55818007981527,40.55818007981527,11260
2008-08-19,40.09184646606445,40.74422612176035,39.5666473321141,40.5087103638311,4900
2008-08-20,40.91379165649414,41.68628293986235,40.27318860291786,40.32029102874573,4240
2008-08-21,40.35562515258789,41.2623586328121,39.83042244325128,41.2623586328121,5500
2008-08-22,40.26848602294922,40.27319734466007,39.80451966078198,39.80451966078198,4540
2008-08-25,40.49457931518555,40.923216118722095,40.27319393144993,40.508709685435015,4800
2008-08-26,40.058876037597656,40.74422778360993,39.33113317839803,40.51106588002322,51080
2008-08-27,40.96089172363281,41.12104427464703,40.03767057456729,40.03767057456729,55140
2008-08-28,40.29674530029297,41.21525526588729,39.67262642148421,40.979739521510794,1383360
2008-08-29,40.266117095947266,41.0692264471536,40.13187143004877,40.74421365071234,12280
2008-09-01,40.69712448120117,41.20112806923427,40.037679627424176,40.037679627424176,24240
2008-09-02,40.60291290283203,41.39424594787542,40.508708042532724,41.39424594787542,13980
2008-09-04,40.16014099121094,40.979734678550244,40.131876661520174,40.979734678550244,74780
2008-09-05,40.155433654785156,40.97502742344282,40.03767578482977,40.5087072646513,7880
2008-09-08,39.99763488769531,40.88081883170815,39.811575457693195,40.62646142459029,24900
2008-09-09,40.21195983886719,40.22609020866326,39.80216114635559,40.03767689278373,176400
2008-09-10,39.63023376464844,40.03767498027475,39.56664350991858,40.03767498027475,3060
2008-09-11,39.47007751464844,39.6608446673603,39.095608393126284,39.33112410633789,42360
2008-09-12,39.284019470214844,40.037668991314476,38.62457479162102,39.09560619151884,542660
2008-09-15,38.358455657958984,39.14272367175445,36.31653418507636,38.15355807015427,8440
2008-09-16,37.67781448364258,38.130004362067496,36.316533526410126,36.92887600822541,79300
2008-09-17,35.20724868774414,41.21525382268428,34.385297474925174,37.682517780739914,1109240
2008-09-18,32.62364196777344,34.85633022168755,31.55439847418506,32.73668851901736,203580
2008-09-19,33.311344146728516,34.38529525928937,32.0348493703998,33.34902752456549,573260
2008-09-22,32.9698486328125,33.4432339606415,32.59537588754566,33.4432339606415,64080
2008-09-23,29.82807159423828,33.39613574522369,29.34526356376428,33.39613574522369,113680
2008-09-24,30.164857864379883,31.55911068114028,29.20395316762235,31.55911068114028,1685280
2008-09-25,30.148374557495117,31.983044548093783,30.141311168232825,31.983044548093783,82100
2008-09-26,30.195472717285156,30.428630985338003,30.122461620600575,30.33442613270642,49320
2008-09-29,29.243982315063477,30.61703919642204,29.203945079664102,30.146007824169395,139560
2008-09-30,27.649547576904297,28.732919595735673,26.617987510291336,27.814407872241205,343160
2008-10-01,27.842668533325195,28.25717670107192,26.50493918014278,27.69664814096699,8620
2008-10-03,25.826656341552734,27.913324098858418,24.333485648510603,27.913324098858418,15960
2008-10-06,23.283090591430664,25.67122050169404,22.18558617355258,25.67122050169404,46160
2008-10-07,20.569944381713867,24.658497873747077,18.97550357279147,23.316058841030806,59640
2008-10-08,21.42722511291504,23.038152084729965,18.657559210477277,18.657559210477277,57560
2008-10-10,20.525197982788086,21.149315079988636,18.841260010023703,20.63117935160744,18340
2008-10-13,21.377765655517578,22.13848238334326,20.63353675656341,20.63353675656341,37120
2008-10-14,22.877992630004883,23.08053625517521,22.232680180680035,22.373989226955562,19260
2008-10-15,21.196420669555664,24.022610092163088,21.196420669555664,24.022610092163088,12360
2008-10-16,19.604326248168945,20.36033142504697,18.84125588782773,18.84125588782773,136940
2008-10-17,19.762123107910156,20.251994394800693,19.40649390034204,19.40649390034204,38980
2008-10-20,19.849267959594727,20.489871114105256,19.213376126514728,19.547808074376277,77980
2008-10-21,20.26848030090332,20.725381327894116,19.642009481486266,19.642009481486266,8200
2008-10-22,19.7432861328125,21.196417906970353,19.55016328597825,19.971736702193553,12660
2008-10-23,21.073955535888672,21.66745458834993,18.951957577978785,18.951957577978785,49460
2008-10-24,19.990571975708008,20.767774504700363,19.359389827626842,20.348556846057313,155940
2008-10-27,19.54781150817871,21.196422117302216,18.60574830296528,19.54781150817871,4389360
2008-10-29,20.070655822753906,20.772491867625767,20.018842061687618,20.48987363960968,5335040
2008-10-31,19.771547317504883,20.725386863481727,19.312292304607976,20.254355343857142,3453560
2008-11-03,19.89636993408203,20.48986879121695,19.547805858287436,20.48986879121695,9060
2008-11-04,19.66085433959961,20.254353200922946,19.312290261345137,19.69618026235981,11480
2008-11-05,19.020248413085938,20.254350176540747,18.60574027845022,20.25199451642766,21680
2008-11-06,19.62787628173828,20.188404760769878,18.60573907359702,18.84125475807293,45640
2008-11-07,19.057937622070312,19.45360422792284,18.841263522800407,18.841263522800407,20120
2008-11-10,19.382951736450195,19.547812083477254,18.88836710168298,19.547812083477254,4135140
2008-11-11,19.439464569091797,19.78331724850428,18.888356939954168,19.547801566974467,940140
2008-11-12,19.22515296936035,20.235515907186564,19.218087783273354,19.359396895541856,65100
2008-11-14,19.785680770874023,20.018840885125986,19.312293559768598,19.312293559768598,177780
2008-11-17,19.95760726928711,20.48987345054367,19.500707864771805,19.594912742012664,11520
2008-11-18,19.56193733215332,20.183698759256597,18.605743976213486,20.183698759256597,127440
2008-11-19,18.8765869140625,19.36646008434105,18.60574345378448,19.36646008434105,26440
2008-11-20,18.8765869140625,18.8765869140625,18.8765869140625,18.8765869140625,0
2008-11-21,18.52802276611328,19.59490877687729,17.720203709023753,19.17098152454882,49540
2008-11-24,19.314647674560547,20.960902307749915,18.841260501348238,18.841260501348238,189340
2008-11-25,18.84126091003418,19.594910627698482,18.84126091003418,19.076776671409608,2920
2008-11-26,19.43711280822754,19.971734518776383,19.029671603680185,19.029671603680185,14540
2008-11-27,19.43711280822754,19.43711280822754,19.43711280822754,19.43711280822754,0
2008-11-28,18.961376190185547,19.45360331411231,18.841262637753875,19.45360331411231,14240
2008-12-01,19.159212112426758,19.547813585236845,19.123884379108905,19.547813585236845,3580
2008-12-02,19.086196899414062,19.3146474680451,18.89307405321385,18.982569392775012,555840
2008-12-03,19.312292098999023,19.312292098999023,19.07677634169416,19.218085436708552,2400
2008-12-04,19.413562774658203,19.547806676344944,19.029672760287266,19.40649758986035,13160
2008-12-05,19.100322723388672,19.486568323854883,19.100322723388672,19.100322723388672,1320
2008-12-08,18.853031158447266,19.170976971391273,18.84125465555072,19.10032154769613,158720
2008-12-10,18.9731502532959,19.31229354418344,18.841261994325308,19.31229354418344,60760
2008-12-11,18.904850006103516,19.312293077495625,18.84126153902012,19.312293077495625,34960
2008-12-12,18.92133140563965,19.194530493553664,18.841256926187647,19.194530493553664,22560
2008-12-15,18.85068130493164,19.0767762148195,18.841260459080985,19.0767762148195,120400
2008-12-16,18.695240020751953,19.07677619144418,18.393780141270863,19.07677619144418,3095800
2008-12-17,19.281673431396484,20.58407512873703,18.37022691087811,18.37022691087811,438420
2008-12-18,19.568998336791992,20.018834179064623,18.935462335801326,18.940171859115257,81620
2008-12-19,19.28874397277832,19.971740137749933,18.940179805514855,19.218088515530493,40740
2008-12-22,18.93782615661621,19.98351507661035,18.864815037471867,19.31229541249585,42280
2008-12-23,18.994352340698242,19.307588830653177,18.864817913470798,19.307588830653177,45720
2008-12-24,19.173343658447266,19.491289654250608,18.8883679366638,18.8883679366638,145480
2008-12-26,19.298166275024414,19.40650333328677,18.93782736895019,19.189829216762057,36540
2008-12-29,19.1898250579834,19.312292463482517,18.98257003766428,18.984925698397724,22400
2008-12-30,19.156850814819336,19.97173691538522,19.05322510357651,19.97173691538522,6100
2008-12-31,19.272258758544922,19.38295147441365,19.029677766837533,19.12623831254998,28960
2009-01-02,19.500701904296875,19.736217619098323,19.2722513734447,19.312288613718792,31900
2009-01-05,19.474794387817383,19.995283884692984,19.33112966279264,19.50070125933609,12140
2009-01-06,19.255767822265625,19.77861306387629,19.07677535287582,19.77861306387629,62980
2009-01-07,19.09561538696289,19.359391848606943,18.841257973084083,19.312289422411187,342060
2009-01-09,19.326425552368164,19.547810974539427,18.84126358991752,18.84126358991752,1762280
2009-01-12,19.406494140625,19.64200984185384,19.312287500765024,19.312287500765024,180440
2009-01-13,19.328773498535156,19.5430936488112,19.312287471347936,19.406494111064415,147840
2009-01-14,19.411212921142578,19.41827810805404,19.406503395482623,19.41827810805404,8220
2009-01-15,18.959020614624023,19.519547533758182,18.94724410668526,18.94724410668526,3340
2009-01-16,19.284029006958008,19.78332304495594,19.076775793350368,19.123878224720375,10500
2009-01-19,19.406494140625,19.698533107032947,19.361745582402015,19.698533107032947,1100
2009-01-20,19.062646865844727,19.359395440248406,18.959019352777762,19.312293005313997,1120
2009-01-21,19.17098045349121,19.54780525567797,18.93546472751919,19.54780525567797,26460
2009-01-22,21.06688117980957,21.978327695285195,19.312289722535674,19.312289722535674,404800
2009-01-23,20.183700561523438,21.617992520348235,19.830426910176985,21.617992520348235,37220
2009-01-27,19.7833194732666,20.11068616366018,19.550159425447507,19.550159425447507,18860
2009-01-28,20.103622436523438,20.489868081906234,19.783320906668088,20.25435235682685,18180
2009-01-29,19.79273796081543,20.25434847794761,19.642008069378065,20.075356058049973,4320
2009-01-30,19.46537208557129,20.24021891921058,19.312286528114157,20.018833596215895,11080
2009-02-02,19.4465389251709,20.24493731842215,19.314650656290638,19.783326580498336,11840
2009-02-03,19.7833194732666,19.877526115841086,19.7833194732666,19.7833194732666,5060
2009-02-04,19.418272018432617,20.113044528613923,19.418272018432617,20.113044528613923,680
2009-02-05,19.521902084350586,19.957605900660425,19.359395627621407,19.54780896286807,7000
2009-02-06,19.813941955566406,20.023550856347242,19.312293990244207,19.312293990244207,18380
2009-02-09,20.108335494995117,20.249646392355846,19.783324384119386,19.783324384119386,13880
2009-02-10,20.13424301147461,20.34856322824943,20.018840785357344,20.11304745430405,27700
2009-02-11,19.90343475341797,20.96089987311426,19.813937626452493,20.725384144202863,2020
2009-02-12,20.157787322998047,23.54921366520261,19.87752486988022,19.87752486988022,5400
2009-02-13,21.31653594970703,21.337731509608798,20.395668292435403,20.395668292435403,45640
2009-02-16,20.784263610839844,21.316529674981204,20.023546996285674,21.196416147032135,1621220
2009-02-17,20.774843215942383,20.86669421082223,20.254353646009065,20.254353646009065,55460
2009-02-18,20.33443260192871,21.194065601384256,19.830428951214195,20.63118300271858,2560
2009-02-19,20.810176849365234,20.86670013992674,20.301461843782644,20.348566083286407,5300
2009-02-20,20.824298858642578,21.149311691725476,20.259060789528323,20.259060789528323,10200
2009-02-24,21.23880386352539,21.712190878298063,20.48986393738854,20.48986393738854,66460
2009-02-25,21.25293731689453,21.620343048933634,20.960898337554553,20.960898337554553,15240
2009-02-26,21.42957305908203,21.643893208758286,20.960897318777977,20.960897318777977,33260
2009-02-27,21.311819076538086,21.667448351510302,21.196416865607905,21.196416865607905,8680
2009-03-02,21.497879028320312,21.667450668875915,21.196419132596002,21.196419132596002,3660
2009-03-03,21.34479331970215,21.47903723503954,21.24352146800252,21.47903723503954,3080
2009-03-04,21.70277214050293,21.73809985491391,21.19641302552473,21.33772208632646,21960
2009-03-05,21.728681564331055,22.609509883770404,21.66980263234207,22.600089039031076,10960
2009-03-06,21.580305099487305,21.66744656405382,21.19641511700917,21.25058452402995,117740
2009-03-09,20.471025466918945,21.667445727459977,19.856329308512098,21.57323908231995,254920
2009-03-12,19.858684539794922,20.34855764646722,19.312288165996517,20.01883529402078,752260
2009-03-13,19.79509735107422,20.24728711060049,19.689114197007438,20.0188365704779,43480
2009-03-16,19.65614128112793,20.280258282796712,19.312288554198638,19.312288554198638,9380
2009-03-17,20.09184455871582,20.659438279859465,19.830421977992554,20.480445837913294,13920
2009-03-18,21.236454010009766,21.615634498111337,19.830424743760673,20.57465535044333,23960
2009-03-19,21.613279342651367,24.208663884554422,20.960901513134207,24.208663884554422,13780
2009-03-20,20.4097957611084,21.479035685076784,20.325009947345936,21.03155719747139,16340
2009-03-23,21.224681854248047,21.48845836685493,20.72538777463216,20.72538777463216,4040
2009-03-24,21.23880386352539,21.479029063904974,20.72773527471997,21.196410969712286,1980
2009-03-25,20.71124839782715,21.420149264059347,20.25434742738281,21.420149264059347,4000
2009-03-26,20.661800384521484,21.66745198495132,20.348563962627193,21.66745198495132,22500
2009-03-27,20.235517501831055,20.96090661130738,20.023552918303167,20.48987500206452,26660
2009-03-30,20.442764282226562,21.14931140999694,19.997639735478604,21.14931140999694,18560
2009-03-31,20.79132652282715,20.913795697855456,20.3980157196647,20.400371379872773,38740
2009-04-01,20.748931884765625,21.19641205416645,20.254349296203497,20.31558387858688,1067440
2009-04-02,21.128114700317383,21.617987821618083,20.725383040938407,20.960898757312705,38540
2009-04-06,23.90719985961914,25.200180584630623,21.24351599840032,25.200180584630623,109640
2009-04-08,24.269895553588867,24.729150486748694,22.421095722581878,22.421095722581878,26320
2009-04-09,23.99434471130371,25.65708718000259,23.695240490088082,25.200186035766343,13040
2009-04-13,24.128582000732422,25.105972484901216,23.603383012191774,25.105972484901216,9840
2009-04-15,25.739519119262695,28.2618928395735,23.610456309727027,23.610456309727027,181820
2009-04-16,24.865755081176758,27.790860472554197,24.729155505238904,26.37776587225483,40020
2009-04-17,24.875173568725586,26.236454283771625,24.738574005740524,25.765422795003165,493060
2009-04-20,25.845497131347656,28.026373414444723,24.733862536994206,24.733862536994206,229740
2009-04-21,25.17192268371582,25.85963003851239,24.40649649711045,24.540740402579843,37840
2009-04-22,24.599609375,26.330650871726373,24.49362804929268,25.812515354116996,301580
2009-04-23,25.343854904174805,25.435705920696552,23.565709928944496,24.493642738448532,986240
2009-04-24,24.997644424438477,25.435703913360438,24.507771177087044,25.105981466226098,12460
2009-04-27,25.176633834838867,25.435700798417198,24.65849811083965,24.65849811083965,13740
2009-04-28,24.69618034362793,25.15308144873166,23.55157371722347,24.335841553249207,9024200
2009-04-29,24.722087860107422,25.247286961400867,24.446534871706334,25.247286961400867,24180
2009-04-30,24.722087860107422,24.722087860107422,24.722087860107422,24.722087860107422,0
2009-05-04,24.634950637817383,25.435704662486447,24.25812574292689,25.058879767595958,1010140
2009-05-05,25.138952255249023,27.899197308792548,24.309937552985115,24.729155327228053,6189760
2009-05-06,27.668392181396484,29.15685170766515,25.52990865662059,25.52990865662059,579760
2009-05-07,27.458778381347656,29.298157473466645,26.848793496842365,27.790856426556132,165020
2009-05-08,26.742815017700195,27.55534366339663,26.142249116555778,27.36693033841413,50700
2009-05-11,25.50164031982422,28.732916088778307,25.435696209738172,28.732916088778307,31600
2009-05-12,25.40036964416504,26.28355358031015,24.96466592836858,25.164853927859674,283400
2009-05-13,25.237869262695312,25.906733146912973,25.061232445784544,25.76542405275288,52820
2009-05-14,25.44040870666504,25.932637523353293,24.964667716267595,24.964667716267595,287320
2009-05-15,25.673574447631836,25.998585561555835,25.393310107905226,25.75600460730357,100900
2009-05-18,25.673574447631836,25.673574447631836,25.673574447631836,25.673574447631836,0
2009-05-19,27.50823974609375,27.979271236288216,26.613279195987253,26.613279195987253,129480
2009-05-20,28.240692138671875,29.392363918371707,27.178515689799966,28.212429604116643,209720
2009-05-21,31.811111450195312,33.890712188498554,27.790856204758544,28.49740339640495,566340
2009-05-22,33.134708404541016,34.149780618984714,30.58171877109576,32.85915543354725,234340
2009-05-25,32.953365325927734,34.14978584040628,31.088080902990548,32.97220701832331,45340
2009-05-26,31.24822998046875,33.91191630176095,30.617049455131937,33.20772287056618,70220
2009-05-27,32.19736099243164,33.34903291013414,31.6062141374139,33.34903291013414,23300
2009-05-28,31.940637588500977,32.877992647411816,31.370690034585145,31.938283725263876,16580
2009-05-29,31.914730072021484,36.175211663869284,31.464897832307358,31.93592921546355,118860
2009-06-01,32.562400817871094,33.43851954783037,32.260940996130756,32.35985716323138,43460
2009-06-02,32.07018280029297,33.019311090481075,31.940648404700866,32.97691997575214,23140
2009-06-03,32.38813018798828,33.396137411385794,32.12435007788039,33.3490349754083,23020
2009-06-04,32.44229507446289,32.77908087730874,32.039561554386,32.039561554386,18920
2009-06-05,33.334896087646484,38.15354968458807,32.826184823052564,32.826184823052564,827360
2009-06-08,33.311344146728516,35.18604727305921,32.97220093356515,33.678748096427256,299260
2009-06-09,32.93216323852539,33.91190948668015,30.219021164283227,33.39612948990737,51240
2009-06-10,32.268009185791016,34.38058559182659,31.983037162197206,34.14978118042514,129660
2009-06-11,31.975982666015625,33.301934238252095,31.563829996761584,32.73669772932098,59120
2009-06-12,30.23551368713379,33.39613467861016,29.674985041918283,32.87800073788514,152120
2009-06-15,30.204896926879883,31.653317447302893,29.674986454478482,30.45218919940428,34940
2009-06-16,29.90814208984375,30.160143849409273,29.015537256321114,29.9104977502628,33460
2009-06-17,28.596323013305664,30.805461981682743,27.892131397337447,29.69853683678935,31660
2009-06-18,28.212430953979492,29.863396808759912,27.795567084345944,28.737630052485468,114880
2009-06-19,28.58926010131836,30.38153531273981,28.27366982179459,29.580781309469586,53360
2009-06-22,28.65755271911621,29.298155761381693,28.50917846322006,28.968433395881245,35780
2009-06-23,30.002349853515625,30.993872696127056,28.264244346208255,28.497404424749398,82440
2009-06-24,29.149784088134766,29.901079918543306,28.97079340878358,29.769191671265045,25200
2009-06-25,30.018840789794922,30.381535302829683,28.96844063758179,28.96844063758179,41980
2009-06-26,32.213844299316406,33.8671658860382,29.420627334399377,29.420627334399377,748720
2009-06-29,31.519065856933594,33.20771295690427,31.09042556755686,33.20771295690427,90400
2009-06-30,29.185110092163086,31.88882978322545,28.82712695769651,31.13518013337871,64720
2009-07-01,28.85066795349121,29.903423226717383,28.638703503035963,29.90106756703403,87340
2009-07-02,28.730560302734375,30.004701127179867,28.502109781764133,30.004701127179867,337580
2009-07-03,29.067352294921875,29.20395185581223,28.45501172828141,28.45501172828141,20540
2009-07-06,29.00847625732422,29.439470537231532,28.54450991416262,29.20395477293368,152320
2009-07-07,29.02495574951172,29.627877192126615,28.87422583806857,29.43946390440153,31500
2009-07-08,28.808292388916016,29.175696459436672,28.29251221542129,28.73292740530042,67540
2009-07-09,28.568063735961914,28.96843982785369,28.30899495043375,28.63871738914372,150760
2009-07-10,28.643428802490234,29.109749024248277,28.49740837716534,28.49740837716534,19480
2009-07-13,29.001405715942383,31.088075146004954,28.403195569481507,28.732917937974275,1422160
2009-07-14,28.956661224365234,29.62788256047975,28.638715315956706,29.439469238615573,148300
2009-07-15,29.06749153137207,29.4282723339899,28.956665417092864,29.4282723339899,858700
2009-07-16,28.786880493164062,30.182836237373657,28.720855826740763,29.425907513242738,424760
2009-07-17,28.41902732849121,29.003820600467296,28.20680569015667,28.83875892642103,137580
2009-07-20,28.645402908325195,29.145305053677347,28.31999300717899,28.999108071110204,109240
2009-07-21,28.782163619995117,29.711229630153746,28.723212767554333,29.0509793632021,81860
2009-07-22,29.305648803710938,30.095589902357894,28.86705429778042,28.966091302593806,95760
2009-07-23,30.47994041442871,31.69196951689319,29.28677601215933,30.60727624122724,361880
2009-07-24,29.798477172851562,31.126049705833328,29.635772246424615,30.65444289210858,49220
2009-07-27,29.73480987548828,30.182836717825964,27.75877793177153,27.75877793177153,27960
2009-07-28,29.793760299682617,30.02013135592407,29.428266095984977,29.428266095984977,38420
2009-07-29,29.26320457458496,30.277158218916675,28.76801774372181,29.734811422842693,37620
2009-07-30,28.664260864257812,29.35044962505013,28.53221153532342,28.815174897050596,107200
2009-07-31,28.532215118408203,29.567392035392746,27.836595717367757,29.006180517907275,260860
2009-08-03,29.102859497070312,29.428269388543384,28.80103138831191,28.95666251884902,49860
2009-08-04,29.465993881225586,30.838369654696077,29.1287949331528,29.23962282363674,212540
2009-08-05,29.33394432067871,30.607283083932337,29.032116246226312,29.80790967458077,60540
2009-08-06,28.77508544921875,29.994188461362228,28.54164061262546,29.52258171323366,429440
2009-08-07,29.793760299682617,30.416282953143163,28.81517579474748,29.14530092640523,191760
2009-08-10,28.862335205078125,30.13567386688278,28.76801348956721,30.13567386688278,22320
2009-08-11,28.942508697509766,29.46599253128005,27.869604311186237,28.57937124706518,49400
2009-08-12,28.624174118041992,28.999102453463248,28.546358565534565,28.546358565534565,30700
2009-08-13,29.310367584228516,30.086159299422953,28.768018966072827,29.18303351390403,56600
2009-08-14,29.456565856933594,29.805555746390983,29.10286069016243,29.711234008777836,32340
2009-08-17,28.58880615234375,29.758390900284148,28.30112569194408,29.239624095621913,29940
2009-08-18,28.71142578125,29.517873069989545,28.673696369384178,28.76801810001136,15760
2009-08-19,28.59823989868164,29.135871434922752,28.343571760766142,29.135871434922752,34020
2009-08-20,29.38346290588379,31.597656769944216,27.69510963583248,27.69510963583248,294720
2009-08-21,29.461284637451172,29.937606831345672,29.10757945022019,29.71123572740236,98140
2009-08-24,29.21132469177246,30.135675391705792,29.01325069831065,29.711228549948792,39080
2009-08-25,28.900068283081055,29.565033894717306,28.77745128902957,29.249058156829392,47780
2009-08-26,30.6827392578125,31.126050830110053,29.190105005727833,29.20189409707444,415260
2009-08-27,33.0172004699707,34.191500657505365,30.890252318160016,31.1260557709704,1363260
2009-08-28,32.580963134765625,34.432021706494055,32.116430037872256,33.484090804428746,255380
2009-08-31,32.87099075317383,33.20111765426627,31.248665895102874,31.248665895102874,124080
2009-09-01,31.970224380493164,33.153958418066026,31.715556284875444,33.153958418066026,128880
2009-09-02,31.908916473388672,32.91815469510688,31.13312130508721,31.644814229802932,30720
2009-09-03,31.482120513916016,32.724805829178855,31.22037851389055,31.885346037551372,31500
2009-09-04,31.720273971557617,32.682352263076126,31.597655197658142,32.67291811227462,21020
2009-09-07,32.081058502197266,32.753096142546426,31.857045955414215,32.06926761066659,58100
2009-09-08,32.02210235595703,32.54086911498688,31.88061887709692,31.88061887709692,44280
2009-09-09,32.04098129272461,32.300362988423316,31.833473057704904,31.927793020126987,41640
2009-09-10,31.94429588317871,32.305074898948675,31.83346796611731,32.30271815959165,122660
2009-09-11,30.970415115356445,32.484272385616656,30.802996730209273,32.484272385616656,35460
2009-09-14,31.345340728759766,32.30270544805522,31.137836206660946,32.300345111551664,14080
2009-09-15,31.61180877685547,31.852329294532773,30.890250821898537,30.89968137640109,624500
2009-09-16,32.96296310424805,33.7198937713596,31.649539742334724,32.069269600733605,2634380
2009-09-17,32.77667999267578,33.484090352229934,32.77667999267578,33.15396695700139,294360
2009-09-18,33.05256271362305,33.4840833747996,32.68942705454204,33.00775949116204,48200
2009-09-22,33.04313659667969,33.83071920839532,32.35694773524112,32.35694773524112,124200
2009-09-23,32.65406036376953,33.62557301301307,32.307429008507945,32.776679163785715,63120
2009-09-24,32.309783935546875,32.74130460347401,32.06926345219457,32.58803022960047,170440
2009-09-25,31.225088119506836,32.823835002614274,29.159451477121685,31.644817914890524,117540
2009-09-29,31.27224349975586,33.998130031341745,28.628889591443485,33.998130031341745,715060
2009-09-30,31.61180877685547,32.29328057854535,29.374034621808736,32.29328057854535,122120
2009-10-01,32.10463333129883,32.84505590628484,29.781971865540495,32.022104295360705,249880
2009-10-05,32.08577346801758,32.635192276845196,32.081056392100585,32.635192276845196,33640
2009-10-06,33.349674224853516,34.89890434056091,32.08105433808322,32.08105433808322,416120
2009-10-07,33.165748596191406,34.191494881877546,32.081055055335185,34.191494881877546,471560
2009-10-08,33.007755279541016,33.71988247636266,32.91815244412628,33.71988247636266,750300
2009-10-09,33.59255599975586,34.33297857707486,33.10679794369218,33.48408484597525,120360
2009-10-12,34.42258071899414,34.66310120419841,33.01247733733182,33.01247733733182,195520
2009-10-13,34.42258071899414,34.42258071899414,34.42258071899414,34.42258071899414,0
2009-10-14,34.8399543762207,35.41767202020471,34.427298402221474,34.89890522964916,229300
2009-10-15,34.615943908691406,35.370514157775666,34.615943908691406,35.087550764128416,52500
2009-10-16,34.14905548095703,35.13471212075874,34.02171961002696,34.8045887481158,86180
2009-10-20,34.340049743652344,34.52161576813222,33.741107102318864,33.955689056421576,36480
2009-10-21,34.06652069091797,34.42258256311049,33.95569279464503,34.097176287185924,43560
2009-10-22,32.79318618774414,34.47446227132256,32.35694838371775,34.24809298343126,131200
2009-10-23,34.842315673828125,35.365799608611596,33.012482239299665,33.10680217789623,1527640
2009-10-26,33.44871520996094,34.592359591743985,33.248280871858235,34.427297924051786,62460
2009-10-27,33.2789421081543,33.719893409042356,33.038421581272125,33.342606449151695,118820
2009-10-28,34.236297607421875,34.66310120300505,28.77980685449086,28.77980685449086,37600
2009-10-29,33.71753692626953,34.116041738114866,33.39448375005596,33.39448375005596,12860
2009-10-30,33.774112701416016,34.325895273128296,33.366173914724854,34.00755931245096,19900
2009-11-03,33.52180862426758,34.238649300489115,33.25299292092526,33.347312831613316,84720
2009-11-04,33.965126037597656,34.615945837125366,33.01248171969654,33.05964168825254,382060
2009-11-05,33.16811752319336,34.29289750379014,32.72952291754022,33.347326868163016,90760
2009-11-06,33.484092712402344,34.21508490803002,33.153969293904595,34.21508490803002,99240
2009-11-09,33.215274810791016,33.90382046753012,32.45834413718894,32.45834413718894,131140
2009-11-10,33.89202117919922,35.1347060864979,33.43692235092628,33.719885707175834,394180
2009-11-11,37.59177780151367,38.388794449249836,33.36618128220729,34.08302203896913,1049920
2009-11-12,37.0258674621582,37.728560901487135,36.62500222219509,37.68140091997547,133380
2009-11-13,35.693565368652344,37.25694331879328,35.278552611800606,36.549533002613664,71300
2009-11-16,37.752132415771484,38.93114962303387,35.99303715938302,36.535385794338715,689320
2009-11-17,37.88888931274414,38.657610714278334,36.83720814346369,36.83720814346369,236480
2009-11-18,38.93114471435547,39.61025609342108,37.11781590252959,38.42180848150038,1823600
2009-11-19,38.424171447753906,39.850783039492775,38.209589444772455,39.850783039492775,134280
2009-11-20,37.77099609375,38.435963570949276,37.53990971287038,38.018590443730055,83260
2009-11-23,38.1812858581543,38.671757358864916,37.02349030783581,37.53990032630767,130580
2009-11-24,37.74506378173828,38.43596623296005,37.315899732306306,38.43596623296005,149940
2009-11-25,37.90304946899414,38.42181636156094,37.37720516239562,37.96435707330854,299400
2009-11-26,38.90049743652344,39.148091791381944,37.082451160297005,37.082451160297005,820520
2009-11-27,38.03038024902344,38.90756937365736,37.77571209044503,37.964355570659606,46500
2009-11-30,38.398231506347656,39.1905312128033,38.152997510621496,39.14337124417231,59900
2009-12-01,38.56564712524414,39.09148770435961,38.30154486825516,38.34634809033697,26260
2009-12-02,39.1245002746582,39.4121807147573,38.08224966301821,38.08224966301821,55800
2009-12-03,39.33908462524414,39.82483909024368,38.68355141157443,39.33201081055577,73480
2009-12-04,39.55602264404297,39.709293423702135,38.912280332170084,39.339083935230576,91500
2009-12-07,38.89105987548828,39.82719982599225,38.48312092919655,39.82719982599225,288460
2009-12-08,38.23081588745117,39.61498103780468,37.92427067171026,39.61498103780468,21180
2009-12-09,37.69082260131836,38.67176581729509,36.01190318795153,37.85352755758314,37800
2009-12-10,36.577816009521484,37.917180963771116,35.37050395910109,37.7285375563745,292120
2009-12-11,36.575462341308594,37.4927373437194,36.5495238256384,36.78532720515865,82680
2009-12-14,35.997745513916016,36.785327954008935,35.84211441672666,36.785327954008935,37580
2009-12-15,36.313716888427734,36.78532360126446,35.70062672251053,36.78532360126446,289160
2009-12-16,35.528499603271484,36.92681570542302,35.377585563731095,35.84211857255024,762400
2009-12-17,34.91304397583008,36.02839283145671,34.47209285576054,35.46482295999308,92580
2009-12-18,35.304481506347656,35.60630953776224,34.332972755111584,34.693751630131736,128060
2009-12-21,35.967098236083984,36.80420116352662,35.002663034828984,35.002663034828984,100460
2009-12-22,36.55425262451172,37.247515358339015,35.139431893623424,35.139431893623424,119900
2009-12-23,38.079891204833984,38.200149639875015,36.089709993583185,36.089709993583185,209560
2009-12-24,39.33201217651367,39.61497556809943,36.97869499248869,36.97869499248869,123620
2009-12-29,39.933311462402344,40.32238567441683,39.35323345375785,40.08658224942024,42360
2009-12-30,41.466033935546875,41.82209581379379,39.48528299666756,40.086582453078684,371920
2009-12-31,41.7867317199707,43.34067562028137,41.12412099099957,42.208818320017805,187680
2010-01-04,41.256160736083984,42.350288269742194,41.12410782157994,41.97300142445012,112360
2010-01-05,41.980072021484375,42.86433462419172,41.501391487064694,42.19937101795414,388040
2010-01-06,41.76784896850586,43.26991517214443,41.291525189123,42.43517288767071,78700
2010-01-07,41.38349533081055,42.3974506368783,40.61477756755065,42.1993766509695,244740
2010-01-08,40.650146484375,42.11448712757598,40.32237991437411,40.89538042818696,23280
2010-01-11,40.50159454345703,42.67098890838992,40.159680300530006,40.55818866015017,57300
2010-01-12,40.42378234863281,41.26560236393304,40.138462198638464,41.26560236393304,13460
2010-01-13,40.40727233886719,40.92603911942081,40.086579558476394,40.086579558476394,23620
2010-01-14,40.77040481567383,41.17127345835144,40.55818320325855,40.56290027853366,24540
2010-01-15,39.67156982421875,41.17127976274397,38.90756542600127,40.69967290909547,44520
2010-01-18,40.308231353759766,40.746825795373184,40.086575595364124,40.44499774932461,28600
2010-01-19,41.06515884399414,43.340663711613324,40.08657621675595,40.45914600395117,375640
2010-01-20,41.218448638916016,41.59573204454943,40.55819818146314,41.31276859080549,235500
2010-01-21,41.218448638916016,41.501412092659955,40.79635839873315,40.79635839873315,100160
2010-01-22,40.145530700683594,40.56290374538504,38.95000568049496,40.09601040124803,61680
2010-01-25,40.735050201416016,41.263251279363836,39.567823722785036,39.61498369804857,137200
2010-01-27,40.96848678588867,41.25616724121772,40.27522416724572,40.54875699330851,28000
2010-01-28,41.21607971191406,41.26560001508507,40.096013425790325,41.26560001508507,56080
2010-01-29,40.10543441772461,41.73719317682369,39.61496301529028,41.73719317682369,103600
2010-02-01,40.15495681762695,41.21135857222817,38.796730616377815,40.09129249433926,87820
2010-02-02,39.69986343383789,41.35991790652375,39.37917064276425,41.35991790652375,23180
2010-02-03,39.83427429199219,41.117045610262366,39.48764653759071,40.18090564446869,36200
2010-02-04,41.211368560791016,45.807175342044324,39.09385106127445,39.3673839174992,586740
2010-02-05,42.37623977661133,44.23672886170388,39.185815773279494,39.2023237419311,1835380
2010-02-08,42.265411376953125,43.576477974068254,41.27975109186526,41.74192743377765,365880
2010-02-09,41.26324462890625,43.2770043925099,40.15260886036412,43.2770043925099,78720
2010-02-10,41.50612258911133,42.30313577101926,41.09346656838704,41.59572544977763,57200
2010-02-11,40.33181381225586,42.114490620824654,39.86492406619176,40.798707156394464,270980
2010-02-15,40.44500732421875,41.64288923971635,40.20684354535512,41.64288923971635,29360
2010-02-16,40.39784622192383,40.7939942657523,39.850780525503694,40.37426443918766,45660
2010-02-17,40.17383575439453,41.4542504586295,40.08658962248266,41.4542504586295,29400
2010-02-18,39.61733627319336,40.79399678204017,39.44284402325212,40.18090637383149,24800
2010-02-19,37.74269485473633,40.0394214623784,37.436149688916494,40.0394214623784,138700
2010-02-22,38.810890197753906,39.42633736561502,38.2591109708647,38.912287555455464,98840
2010-02-23,39.409828186035156,42.44461716171376,38.90756573157095,38.90756573157095,58500
2010-02-24,38.98538589477539,39.709300635228715,38.26382789357999,39.66214066354392,33380
2010-02-25,39.037269592285156,39.5583933049894,38.90522020984563,39.5583933049894,12420
2010-02-26,38.90049743652344,39.61026456224754,38.435964328268284,38.58216132340889,28100
2010-03-02,39.836631774902344,40.03942286727639,38.341638902184854,38.341638902184854,40220
2010-03-03,39.91680145263672,40.79399043657552,39.44991170249979,40.18090012373243,80420
2010-03-04,40.32239532470703,40.558198806138066,39.61734161992103,39.75646840850278,31100
2010-03-05,40.23042678833008,40.5581934402322,39.85313982872578,40.5581934402322,17740
2010-03-08,41.633453369140625,41.90226913763895,39.54895189425357,39.54895189425357,328440
2010-03-09,41.142967224121094,42.68040606325244,40.94253653681183,41.831512569726286,250780
2010-03-10,40.43085861206055,41.937642420165545,39.900300882473225,41.50140462549713,25640
2010-03-11,41.74192810058594,42.444621380423015,40.33653794283665,40.88831715724412,335740
2010-03-12,42.72758483886719,43.81228215872096,41.29154267784034,42.397461444863936,23890160
2010-03-15,42.17344284057617,43.48214893487282,41.572143403748875,42.91622216966749,311820
2010-03-16,43.40433883666992,43.62363429822837,42.25597369250679,42.44461715503301,610480
2010-03-17,42.47526931762695,44.33104099957645,42.20881031342651,43.31472888001212,1481280
2010-03-18,42.04139709472656,43.17561475416513,41.8315321602755,42.68042605135577,153960
2010-03-19,41.8173828125,43.15438793753225,41.517915022666514,42.02017392271032,177800
2010-03-22,41.40000534057617,42.204092213159505,40.680804239226504,40.680804239226504,181520
2010-03-23,41.15712356567383,42.16164834543234,41.029791313714995,41.973004907133735,46020
2010-03-25,41.362274169921875,41.68060659270676,41.26559391492623,41.68060659270676,52920
2010-03-26,40.84115219116211,41.89283704210981,40.55818880285018,41.89283704210981,38200
2010-03-29,41.26559829711914,41.784365098953714,40.70438500889444,40.71381916056986,188720
2010-03-30,41.088741302490234,41.92584406872683,40.98263049506852,41.878684109658764,35840
2010-03-31,41.209022521972656,41.73722371056636,40.93549316891592,41.312776648131795,31620
2010-04-01,41.65702438354492,42.3031233173044,40.79398318216485,40.79398318216485,60060
2010-04-05,42.197021484375,42.95866552703361,41.135906089471646,42.06732888316077,76740
2010-04-06,41.654666900634766,42.439892611609714,41.27738364004091,42.439892611609714,26380
2010-04-07,41.211368560791016,42.0201726396767,41.03215564212481,42.0201726396767,21840
2010-04-08,41.35521697998047,41.626389552626605,41.06753643605683,41.07696699244705,42080
2010-04-09,41.374061584472656,42.246533348642686,40.84586073141522,42.246533348642686,23940
2010-04-12,42.75586700439453,43.21803957552853,41.10995695936004,41.916404019585634,137760
2010-04-13,43.68730163574219,43.83585534706842,42.2606901923128,42.9162234271452,458180
2010-04-15,44.76963424682617,45.179933463438395,44.02449462965314,45.03844998237918,444460
2010-04-16,44.36641311645508,44.80265089333056,43.67079373009463,44.33104404182181,51200
2010-04-19,43.41847229003906,43.85942340623431,42.49648032156389,43.152013351295054,100540
2010-04-20,43.88772964477539,44.10466835083402,42.78652814865875,43.01054066919188,23560
2010-04-21,44.835655212402344,45.085606223318806,42.68041243028758,43.90658930535506,82340
2010-04-22,44.90876388549805,45.65154687136376,43.71795580827834,43.90659927761288,36260
2010-04-23,44.543270111083984,45.651549200695335,43.95847856457583,44.88754473004146,14480
2010-04-26,44.088172912597656,45.462907507078896,43.85944327006367,45.462907507078896,28260
2010-04-27,43.908966064453125,44.51969619284116,43.71796222992297,44.51733585535502,9500
2010-04-28,43.35010528564453,44.13297446493601,42.303137394339096,43.265215899915034,130500
2010-04-29,43.13079833984375,43.61655274092292,42.8737735117891,42.8737735117891,2060
2010-04-30,44.970069885253906,45.26953762521375,42.82190067713848,43.1543807505614,77620
2010-05-03,44.37348556518555,44.73662484458859,43.628349497280205,43.628349497280205,86580
2010-05-04,44.19192123413086,44.566847820511505,43.319449271545324,43.96554836046108,74520
2010-05-05,44.19192123413086,44.33104439288975,42.49885075280779,43.15202725478098,54700
2010-05-06,44.50082015991211,44.61400479010805,43.472717140606505,44.606930975600456,11420
2010-05-07,43.11665725708008,44.22493262356794,42.09798474447996,42.965743210555026,61260
2010-05-10,44.333396911621094,44.425360095716314,43.20390018398619,44.425360095716314,18900
2010-05-11,43.67787170410156,44.661171651359794,43.458576224344185,43.85944136668272,10740
2010-05-12,44.168331146240234,44.33103605639439,43.02232655958282,43.67078586359923,57200
2010-05-13,43.61184310913086,44.557417154279186,43.15202714604208,43.43499053886019,55120
2010-05-14,44.35226058959961,44.566842546881695,42.91621874884904,43.61183805840508,77340
2010-05-17,43.970272064208984,44.701264239250364,43.03884910432261,43.15203375918068,51240
2010-05-18,44.017433166503906,44.23673226387261,43.38783833547021,43.62364180468472,42800
2010-05-19,42.90914535522461,44.42300276448756,42.49177232617088,43.45856771372317,54240
2010-05-20,43.54347229003906,44.09525157996139,43.19919761968395,43.57648463392991,28100
2010-05-21,43.58119583129883,43.80756513084517,42.20881801025794,42.91622836797177,34780
2010-05-24,44.34990310668945,44.51968183948405,43.11193527893885,43.67078817551107,78660
2010-05-25,43.5293083190918,44.32868168720963,42.27954960130105,43.39489865636326,23000
2010-05-26,45.10211944580078,46.68907539494591,43.15202422866213,43.15202422866213,166440
2010-05-27,43.62599563598633,44.84981613532255,43.18032725280191,44.84981613532255,201160
2010-05-28,42.02016830444336,44.80029261338112,41.54856146915651,43.765115753849464,186260
2010-05-31,41.08402633666992,42.44696973274221,40.416702267273195,42.39745303250423,75620
2010-06-01,41.73720932006836,42.14279152899073,40.79399555012331,41.08167603780255,1091100
2010-06-02,42.213523864746094,42.392733145752295,41.21843327158375,41.55327365345212,216380
2010-06-03,41.600440979003906,42.586101194278015,41.50140396948208,42.5389376294892,40820
2010-06-04,41.100528717041016,41.737197105820094,40.796340350331434,41.64287719565799,40080
2010-06-07,40.07244110107422,41.02980258571553,39.90973613581812,40.55819565944294,20480
2010-06-08,38.98774337768555,40.605355264047134,38.726001392056006,39.61498144747531,2094100
2010-06-09,38.369930267333984,39.365020922150435,38.20015152825136,38.57743841467373,50180
2010-06-10,38.78730392456055,39.13864870014165,37.83465614015629,38.76843922012859,81760
2010-06-11,38.53499221801758,39.14336543791801,38.310979701692574,39.09620547628239,63960
2010-06-14,37.94077682495117,38.421817917927655,34.95079055706267,38.421817917927655,182000
2010-06-15,37.928977966308594,38.90756062771535,37.7285436389967,38.39586768638037,409740
2010-06-16,38.89814376831055,39.14337780514131,38.395881202920634,38.395881202920634,80000
2010-06-17,39.47113800048828,41.4919752248915,38.81324798066076,38.81324798066076,101420
2010-06-18,38.38407897949219,39.52065314832105,36.39154087487188,39.52065314832105,84600
2010-06-21,39.119781494140625,39.61497005910918,38.43595309306427,38.43595309306427,74000
2010-06-22,40.541683197021484,41.029798038695716,38.71892363644155,38.71892363644155,70160
2010-06-23,41.5579833984375,41.96356544534708,39.407454415316735,39.407454415316735,89340
2010-06-24,43.338314056396484,43.618920734765815,41.265603334899424,41.91877989229,576880
2010-06-25,43.180320739746094,43.85943573476504,42.07911920978734,43.123730222210924,441080
2010-06-28,43.472713470458984,44.33103767297012,42.680413929827616,43.152020713582615,409980
2010-06-29,42.50120544433594,43.807554676682706,42.28898022882178,43.71794823470511,33880
2010-06-30,42.27955627441406,42.91622482416863,41.59572415957965,42.44461795796897,30240
2010-07-01,41.98480224609375,42.680421658481656,41.973011354749914,41.973011354749914,44500
2010-07-02,42.437538146972656,43.0105386813721,41.649955655231935,42.421030181912094,739580
2010-07-05,42.416324615478516,42.72758329024671,42.215890249049934,42.44461987734608,467200
2010-07-06,42.43518829345703,42.60968053484125,41.55563887894092,42.44461884782581,345280
2010-07-07,41.32453536987305,42.44460123581825,41.12410109147453,42.44460123581825,163100
2010-07-08,41.99658966064453,42.161651331568585,41.50140104979779,41.94942609917374,26460
2010-07-09,41.7796516418457,42.20409855213717,41.70655315136563,41.73720874985403,41780
2010-07-12,42.43047332763672,42.44462095893101,42.02017402972668,42.44462095893101,36920
2010-07-13,42.43518829345703,42.44461884782581,41.79380265413278,42.35029891183839,182280
2010-07-14,42.54364776611328,43.62362773865539,42.020163945403475,42.020163945403475,768440
2010-07-15,42.628597259521484,43.091154332610394,42.36663763101348,42.39023542392864,14420
2010-07-16,42.62152862548828,42.8811260213456,41.925326934025136,41.925326934025136,611480
2010-07-19,41.7601318359375,42.904731427805004,41.37073390525636,42.904731427805004,11200
2010-07-20,41.99140548706055,42.45632496929357,41.65392780053204,41.77664859611876,18520
2010-07-21,43.209171295166016,45.07120822763124,41.91353563406679,42.430371797705625,3208320
2010-07-22,42.333614349365234,44.03753194864766,41.92533240086588,44.03753194864766,298560
2010-07-23,42.84101104736328,44.65112771402255,42.479931914178245,43.14073157527915,704060
2010-07-26,42.392616271972656,43.61273397249759,42.291134554728174,42.84101414528619,79680
2010-07-27,41.97724914550781,42.71592907129244,41.17249321860085,42.385531060339574,24720
2010-07-28,42.09762191772461,42.715939895359504,41.771941223638855,42.715939895359504,41780
2010-07-29,43.14780044555664,43.799157941695775,42.38552286695311,42.38552286695311,605020
2010-07-30,42.902366638183594,43.14072854408227,42.541287530369054,43.14072854408227,9760
2010-08-02,43.65757369995117,43.89593203450652,42.58377464233419,42.97553490001691,156380
2010-08-03,43.416847229003906,43.794448034031205,42.8575293225319,42.966087123256244,52220
2010-08-04,43.770835876464844,43.89591534716439,43.06047854276861,43.603274615132406,36300
2010-08-05,44.38208770751953,44.839927543875305,43.25165111864666,43.25165111864666,165420
2010-08-06,45.075923919677734,45.68952432445663,44.79272511788292,44.79272511788292,135460
2010-08-09,45.061763763427734,45.30956406123965,44.7455251667491,44.79272436607801,27840
2010-08-10,44.929603576660156,44.98152377510041,44.7927233808693,44.7927233808693,57980
2010-08-11,46.14028549194336,47.483123937407896,44.24049138724223,44.929609861675914,287120
2010-08-12,48.552207946777344,49.78176773207376,44.988615321915105,44.988615321915105,3916740
2010-08-13,52.977195739746094,53.52471660785035,48.98408244692365,48.98408244692365,2263380
2010-08-16,51.56354904174805,54.51590246317453,51.10098828486341,54.51590246317453,1914840
2010-08-17,50.6384391784668,52.863913822014695,50.26791805396933,52.863913822014695,46760
2010-08-18,51.10099411010742,51.919913026381714,50.59831379982836,51.919913026381714,447060
2010-08-19,50.7021598815918,51.910480441558164,50.36231983663465,51.910480441558164,26880
2010-08-20,48.47432327270508,50.881522414874254,47.306125807281,50.50392156090731,54560
2010-08-23,48.74808120727539,52.137035913722706,48.615921995497416,52.137035913722706,54800
2010-08-24,49.139854431152344,49.654332013136994,46.06713754088802,49.49857495869806,155440
2010-08-25,48.6324462890625,49.559923121829506,48.37992495226214,49.08792385400256,50780
2010-08-26,48.80000305175781,49.51272294044354,48.15336277118138,48.483764412796404,11520
2010-08-27,48.25956344604492,48.85192119409106,47.67192309761543,48.332722751855464,56660
2010-08-30,48.417686462402344,49.51508333563922,47.341528692270224,47.766325158640186,33540
2010-08-31,48.311485290527344,48.61592322528348,47.29432387193574,47.671924716054676,38600
2010-09-01,49.153995513916016,49.55283540689784,48.00231633433318,48.00231633433318,40480
2010-09-02,49.16107940673828,49.371118920824244,48.66312007319942,48.66312007319942,11420
2010-09-03,51.90103530883789,53.58607242921175,47.773400713483205,50.03191877539474,4624140
2010-09-06,53.951866149902344,55.450464979495386,51.4951095657694,52.627908312439075,310940
2010-09-07,53.81972122192383,54.75191912473901,53.33592121634059,54.75191912473901,470020
2010-09-08,53.937721252441406,54.46872047010718,53.713522302974084,54.04392037576078,163580
2010-09-09,53.914127349853516,54.704727735497855,52.911128688011594,53.57192852661545,103380
2010-09-13,54.08403396606445,54.279914088163004,53.79847643463379,53.807914835222455,153340
2010-09-14,54.05569839477539,54.18549886928274,53.80789814363727,53.80789814363727,79640
2010-09-15,55.783226013183594,57.25114385835992,52.91111122508737,52.91111122508737,1207480
2010-09-16,55.13422393798828,56.120704112391,53.57190777974883,53.930628170537815,39660
2010-09-17,56.7390251159668,57.26530323158522,55.46226637709436,55.69590728454545,132840
2010-09-20,57.66179656982422,58.008716353356114,57.2063153597095,57.819915907729325,261820
2010-09-21,57.97566604614258,58.759182892156865,57.253507803390725,58.480705076117744,73200
2010-09-22,57.11663055419922,58.02994795545878,56.40391067461411,57.3951083846656,201680
2010-09-23,57.38095474243164,57.67831300497157,55.69591738590095,57.1119152855425,61800
2010-09-24,58.26122283935547,58.52790355223776,55.8186290251349,55.8186290251349,310840
2010-09-27,62.266143798828125,69.91725525300662,59.4766299424661,68.72309765757662,1037340
2010-09-28,64.54117584228516,65.32468907272894,61.359898511314036,62.30389694994963,217200
2010-09-29,65.21142578125,67.39206026813831,63.83318867334389,64.54118763164662,418150
2010-09-30,66.4669418334961,67.40149838801969,64.67806053537355,65.69758070511061,2153900
2010-10-01,65.50405883789062,68.43989490588653,64.68277750625053,67.39677333872534,202740
2010-10-04,68.70420837402344,73.63188160286474,66.07989374616066,66.11293715005944,1106770
2010-10-05,68.91188049316406,72.21587476338426,68.06700512729043,68.91188049316406,2931330
2010-10-06,70.03996276855469,70.79043978699293,68.67588533419463,69.95500636743476,789960
2010-10-07,70.57331848144531,71.17747684772364,68.18027921331273,69.85587772068885,553530
2010-10-08,71.08782958984375,72.027110984224,69.57743295733071,70.79990966910383,817730
2010-10-11,69.47828674316406,73.63188149891484,68.26052783873328,73.63188149891484,2360670
2010-10-12,65.77308654785156,68.81747972279675,64.29572685617352,68.81747972279675,310100
2010-10-13,65.17365264892578,66.54244749529846,62.90333757093549,65.77309367020628,370110
2010-10-14,63.6821174621582,65.79667140540586,63.26675595107691,65.79667140540586,93740
2010-10-15,62.59180450439453,65.3152414831227,62.30388474890887,63.24788300268022,39950
2010-10-18,60.307342529296875,63.24789943840322,59.86838308318164,62.30390093932258,89620
2010-10-19,58.63646697998047,61.35990100150003,58.07006573317173,61.35990100150003,1144500
2010-10-20,58.99519348144531,59.92503270986691,57.96151742843177,58.52791516704004,265600
2010-10-21,61.78470230102539,64.09750307296645,58.999909455577104,58.999909455577104,859620
2010-10-22,59.934471130371094,62.05846432373099,59.66071067927711,62.05846432373099,270730
2010-10-25,61.02949523925781,62.3038915811728,59.736214897000906,60.79349564993519,830870
2010-10-26,64.87629699707031,69.63876781300522,61.35990394234054,61.737504791643914,3115040
2010-10-27,63.318702697753906,64.9471060311838,61.83190779573445,64.9471060311838,1023370
2010-10-28,64.05973815917969,64.94709904517839,63.2762176833356,64.94709904517839,576000
2010-10-29,64.2249526977539,65.85334895616148,63.247910621426406,63.247910621426406,609050
2010-11-01,65.08869171142578,67.0238914583309,63.45085378764633,65.1358945158427,786270
2010-11-02,62.76643371582031,64.82434992955872,62.31331864611937,63.90867059011475,125210
2010-11-03,62.08677673339844,65.13589498648876,61.45902408336558,64.47509893269796,391410
2010-11-04,63.729331970214844,65.0414891282393,62.37941401313708,62.37941401313708,299630
2010-11-08,63.07796859741211,64.85268287840462,62.58709263105614,64.85268287840462,82640
2010-11-09,62.95996856689453,64.05028548978338,62.41717240596738,62.49268679902686,269590
2010-11-10,63.03549575805664,63.58773396794199,62.5210183491211,63.077973958324044,257020
2010-11-11,63.5546875,64.00309248830972,62.308609937320824,63.672687296473924,104850
2010-11-12,64.12110137939453,64.61197743340956,62.879741039737105,62.879741039737105,244290
2010-11-15,63.073272705078125,64.56950971532015,62.610708176633686,64.20135081448524,64970
2010-11-16,64.1683349609375,64.47513897814643,62.11514131719145,64.06921909237653,102040
2010-11-18,64.80079650878906,65.04152081978005,62.313364777572,64.28631887501304,138410
2010-11-19,62.79005432128906,64.94709416771084,61.93573690365116,64.61668895904825,350380
2010-11-22,63.32343292236328,64.19190997587664,61.9735145274321,62.81367277300413,57350
2010-11-23,61.6902961730957,63.328134030972244,58.96214127714602,63.328134030972244,185790
2010-11-24,60.411190032958984,62.58238611554064,59.660712866592775,62.204785231148655,117560
2010-11-25,59.7645378112793,60.41589538703631,58.716699049489506,60.41117438691016,348280
2010-11-26,59.38220977783203,59.840049513070234,55.365499748267204,59.840049513070234,252180
2010-11-29,59.46247482299805,59.943912536061426,58.00871607991418,59.283112780017035,295020
2010-11-30,60.05717849731445,60.77934031381491,58.674220667391126,59.47190048496783,1114630
2010-12-01,60.661338806152344,61.17109880309402,60.066618809720396,60.32149880819123,155200
2010-12-02,60.72742462158203,62.294458370680296,60.4206207908914,60.69910581920931,45170
2010-12-03,58.9338264465332,60.41590379850479,56.73902922113945,59.934466149580594,244930
2010-12-06,60.411190032958984,61.846068352152066,59.23591277191901,61.83190894917443,143070
2010-12-07,59.75510025024414,61.63365872146316,58.773341013013415,61.63365872146316,543810
2010-12-08,58.85830307006836,59.939181748620264,58.62230345294528,59.75510233534973,34400
2010-12-09,56.035743713378906,59.925015982123284,54.99734334770225,59.37749880111428,50650
2010-12-10,56.823978424072266,58.33909529127153,55.50710033925769,56.734297431583464,779900
2010-12-13,56.998634338378906,57.583912440126845,56.6399138755346,56.828714308666804,23220
2010-12-14,57.58390426635742,58.905503509619145,56.734304238393705,57.11190505105941,86070
2010-12-15,57.25352096557617,58.9904786681725,56.852318648641905,58.9904786681725,55090
2010-12-16,57.11663055419922,57.56502840365368,56.639910300867726,57.02694954388092,104610
2010-12-20,58.10782241821289,58.80637922504571,56.63990460251233,56.64934300214276,36980
2010-12-21,59.646549224853516,60.227106312093134,57.32903107370242,58.15030879766192,64990
2010-12-22,59.27366256713867,59.84950218836069,59.009340556749464,59.50022017482285,32690
2010-12-23,60.48670959472656,60.79351347206968,58.43823428739088,58.99991462698183,77230
2010-12-24,61.326866149902344,61.926307282954404,58.77335178622726,58.77335178622726,160530
2010-12-27,61.29854202270508,61.73750508270417,60.132706867201904,60.132706867201904,84740
2010-12-28,60.897335052490234,61.171095435897186,59.94389471057442,61.07668983999867,83410
2010-12-29,61.01534652709961,61.53926599524742,59.79758756864424,60.8879047099455,191120
2010-12-30,61.27022171020508,69.55852741762993,59.7881443479678,62.303901223759375,102680
2010-12-31,62.38414764404297,62.77590793375074,60.79351228153355,61.171113168179176,102120
2011-01-03,61.77997589111328,62.44549650122636,61.35989688513894,61.87909889348311,20530
2011-01-04,60.892608642578125,63.719886185348706,60.42060948564962,63.719886185348706,263090
2011-01-05,60.548072814941406,61.359912229845804,57.84351870017842,59.15095524552859,21400
2011-01-06,58.560943603515625,61.8271809718509,55.88470886650938,60.415900698698074,1266350
2011-01-07,57.631103515625,58.99990196134178,56.73430428559896,58.6223011483619,87190
2011-01-10,56.71543502807617,58.04647284928616,56.262312551815626,57.63111117955877,47070
2011-01-11,57.21103286743164,58.33438986865395,56.828714599159476,57.659434348546306,173850
2011-01-12,57.635833740234375,58.5279121125744,56.36615449448248,57.58391353011352,35110
2011-01-13,57.838783264160156,58.97158208129624,56.85702404923767,57.01750565219047,252730
2011-01-14,55.988548278808594,57.48950592920867,55.33246965688251,56.753184703778665,28850
2011-01-17,54.973758697509766,56.63519463847187,53.91648128053387,55.884717484758355,77580
2011-01-18,54.90766143798828,56.1678982917056,54.46870208880871,55.223900001088694,408230
2011-01-19,54.10527420043945,55.507112587179805,53.90231437338498,55.412714175043654,16130
2011-01-20,54.18552017211914,55.50711602932399,53.33592000593338,55.50711602932399,421580
2011-01-21,53.95895767211914,54.94071704107837,53.33591876510054,54.65751819262787,638970
2011-01-24,53.55775451660156,54.93127043700141,52.46271642021247,54.93127043700141,205800
2011-01-25,53.62855911254883,55.22391537133602,53.241519849715544,53.80791754130177,130410
2011-01-27,52.80256271362305,54.18552079949568,51.63672387249647,53.62856148434055,159620
2011-01-28,51.9765625,57.579191701735475,51.67448324603761,57.579191701735475,99440
2011-01-31,51.46207046508789,51.976551448300604,50.23487330666925,51.976551448300604,129160
2011-02-01,51.53288269042969,53.789038723268845,50.97592338349322,53.789038723268845,295880
2011-02-02,51.5800666809082,51.91990664603491,51.089187131399385,51.64614627400865,81650
2011-02-03,50.48030471801758,51.4479043597051,50.0791061840499,51.43846596172349,223180
2011-02-04,48.37520217895508,51.344077896943666,47.71912350879796,50.64552102275135,55260
2011-02-07,47.67662811279297,49.559903435025106,46.48718841375474,48.80470562670483,1485890
2011-02-08,47.75688171386719,48.134482534170566,47.19992248450727,47.19992248450727,816420
2011-02-09,47.43119430541992,47.86071526704505,46.81287656174239,47.75687487627555,597860
2011-02-10,45.09480285644531,47.48311759553169,43.664645892887485,47.43591839694236,58210
2011-02-11,45.9821662902832,46.539125551985116,45.31192821633962,45.31192821633962,435380
2011-02-14,50.182960510253906,51.44791865423565,47.00640394832499,47.00640394832499,269550
2011-02-15,49.55520248413086,50.64552324953069,49.196485630722115,50.31512159898854,16320
2011-02-16,49.932796478271484,50.03191587948946,49.25311646869887,49.54103627269459,2068950
2011-02-17,52.06151580810547,54.70471074028526,49.6637588877493,50.031917706018895,419720
2011-02-18,54.119441986083984,55.12479920835107,52.53352403477295,52.53352403477295,105450
2011-02-21,54.548954010009766,55.2003116885545,53.52471648615257,53.812636321127144,42390
2011-02-22,55.077598571777344,55.70063749358132,53.60968048461357,54.751917907742715,46190
2011-02-23,54.20438766479492,55.695906900124555,53.807910056052535,55.695906900124555,6900
2011-02-24,54.327117919921875,54.7330376001057,51.919922245133975,53.6663181893155,23210
2011-02-25,54.3365478515625,56.41806239933665,53.062147882556665,54.46870704811095,100860
2011-02-28,54.37430953979492,55.223909589288226,52.67511304187664,53.52471309136995,412670
2011-03-01,55.75727081298828,56.16791146207891,53.807915182159626,53.807915182159626,16230
2011-03-03,53.963680267333984,55.54487718553804,53.439760761742875,54.426237559884534,52780
2011-03-04,54.959598541259766,55.31831540929045,53.718238102490766,53.718238102490766,24740
2011-03-07,57.97566604614258,58.339103867274176,53.71351359298491,53.71351359298491,45960
2011-03-08,57.54615783691406,58.05591798100386,56.27648207938985,57.39511819433958,97180
2011-03-09,58.070072174072266,58.52791206234387,57.11191418986781,57.678311898430714,37310
2011-03-10,57.67831802368164,58.5279182778196,57.63111880980046,58.348559824643445,63990
2011-03-11,57.74437713623047,58.244698708682556,56.45110040961534,57.67829754005022,8250
2011-03-14,57.62638473510742,58.065344166652544,55.983829417825795,55.983829417825795,23310
2011-03-15,55.23334884643555,58.055905853712126,54.8463096181202,58.055905853712126,100230
2011-03-16,57.76799774169922,58.05591762123968,54.75192230946181,55.69592096996977,16870
2011-03-17,55.79031753540039,57.885995644194885,55.79031753540039,57.58391637098997,5000
2011-03-18,56.59743118286133,58.055907121047966,55.22391165172855,56.61159058403697,19730
2011-03-21,56.69184494018555,57.58392346645741,55.176727386024304,57.58392346645741,20660
2011-03-22,57.645267486572266,57.914306916805174,56.16791112070642,56.828710795281374,38260
2011-03-23,56.7248649597168,57.86238117840593,56.27646715255803,56.828705361644474,31770
2011-03-24,58.62702560424805,58.99990543874915,56.46055080505003,56.828709638816875,98840
2011-03-25,59.56157684326172,59.934456622373204,57.96621733249767,58.721418890786595,85290
2011-03-28,59.15093994140625,60.415897948750946,58.53733953743699,60.415897948750946,18830
2011-03-29,61.0531120300293,61.33630728732807,59.09431062355863,59.471911502094706,94990
2011-03-30,61.74694061279297,62.280294826989916,59.58046234866914,61.326854398416096,135370
2011-03-31,63.33759307861328,64.09751230999785,60.51031441729614,60.51031441729614,249920
2011-04-01,62.2944450378418,62.89388596760183,61.45901173810606,62.86556717129017,282090
2011-04-04,61.91212844848633,63.436683706266344,60.90676794119456,62.303888612350555,200230
2011-04-05,61.35991287231445,62.955272911678854,58.27303682337895,60.24599416593152,136760
2011-04-06,63.77653121948242,66.26868648262173,62.303895982755485,62.303895982755485,169670
2011-04-07,66.22151184082031,67.02390931472377,63.24791442375342,64.191913146496,179190
2011-04-08,66.89647674560547,68.43991688788306,65.15952231196073,66.07047774868275,715660
2011-04-11,67.88766479492188,69.36502500896427,65.29638586912456,65.29638586912456,1866720
2011-04-13,66.95310974121094,68.26054273687103,65.60790873168435,67.49590610525799,61950
2011-04-15,66.50942993164062,67.44398662515604,65.52295302169999,66.2828650588005,238350
2011-04-18,66.83509063720703,67.21268424135306,65.42852781385862,65.60788981732343,157580
2011-04-19,67.4770278930664,67.7083029571368,65.14535003299359,66.08934870009104,64740
2011-04-20,68.28414916992188,70.32790734148479,66.10351434764218,70.32790734148479,119830
2011-04-21,68.60508728027344,68.81276088053566,67.03804646372912,67.03804646372912,80800
2011-04-25,68.32188415527344,69.85116415504135,67.87348635599423,67.87348635599423,78610
2011-04-26,69.77091979980469,72.68787117296749,68.53427709408507,68.53427709408507,197010
2011-04-27,70.27124786376953,70.61108788649166,69.66708942384945,69.95028464136008,29400
2011-04-28,69.08181762695312,69.85589618852424,68.28885506024204,69.85589618852424,18750
2011-04-29,67.00972747802734,69.87004149808287,66.60380787504722,69.87004149808287,429340
2011-05-02,67.11357879638672,68.43989562125667,65.70229835597891,67.02389778081687,28950
2011-05-03,69.63404846191406,70.39396753906831,67.11357420680751,67.11357420680751,94970
2011-05-04,68.53428649902344,69.10068413247586,67.93957006421888,68.9213293232002,305690
2011-05-05,68.48238372802734,69.14790453775723,67.24103033924055,68.7136660015037,22990
2011-05-06,68.10478973388672,69.85591066337612,67.03807369085123,69.85591066337612,22660
2011-05-09,67.66107177734375,69.38386555831198,66.5613130440341,66.83034877761966,4030
2011-05-10,67.62804412841797,68.43988332052892,66.75012533704849,67.49588492990094,20470
2011-05-11,70.57806396484375,72.21590232578929,68.43990743293756,68.91190679454402,201290
2011-05-12,69.61518859863281,70.22406460758563,69.0157473913943,69.02046479225145,41610
2011-05-13,68.40211486816406,70.13907545770797,67.49587737880282,69.19507717268975,60270
2011-05-16,68.31246185302734,68.8694248143775,67.04750709012283,67.23630394358555,51280
2011-05-17,66.37252044677734,68.81747987281928,66.02796307204719,68.81747987281928,11250
2011-05-18,65.91939544677734,67.49587069820922,65.61731631355606,66.39611194075847,199420
2011-05-19,65.94300079345703,66.83507884987337,65.66451583663013,65.71643602836377,14920
2011-05-20,67.84516906738281,68.4398854794698,66.26868623168033,66.37252663409596,24270
2011-05-23,66.90119171142578,67.22214781839448,66.0799102343151,66.10351164268366,19480
2011-05-24,66.20260620117188,67.02388741437058,65.70228819394163,66.55188820722712,11710
2011-05-25,65.50874328613281,69.83225620081436,64.79602733183592,67.69410113578991,36020
2011-05-26,64.8998794555664,66.83507874200458,64.28627915483221,66.83507874200458,9100
2011-05-27,65.6220703125,65.89111340418485,64.2155142391309,65.89111340418485,42470
2011-05-30,65.40965270996094,66.07989073747032,64.41845146804427,65.59844951692767,12120
2011-05-31,65.79669189453125,66.55189356764296,65.15949723484661,65.15949723484661,16740
2011-06-01,65.6314926147461,67.93956849956548,65.29637000147834,67.0238888655395,1467180
2011-06-02,66.09405517578125,66.174294184965,65.37189689099037,65.62677332003659,18900
2011-06-03,66.09876251220703,66.44804450089178,65.41908973751646,65.41908973751646,1510
2011-06-06,66.14596557617188,66.26868277164829,64.76301141950889,65.98548758159441,4420
2011-06-07,64.5789566040039,67.11830829133787,64.1966310683935,67.11830829133787,30500
2011-06-08,66.13653564453125,66.36310048048136,64.46566139168876,65.23029790714276,29220
2011-06-09,66.5849380493164,67.11829230752558,66.07989539179619,66.73597406510069,20070
2011-06-10,66.13653564453125,66.9106141620175,66.07989803661238,66.08934003864464,14600
2011-06-13,68.56258392333984,69.85586399823777,64.85267085805076,64.85267085805076,86730
2011-06-14,67.0758056640625,68.59092624385939,64.66388949763463,64.66388949763463,19660
2011-06-15,67.39205932617188,68.80805722298535,66.57077795325047,68.80805722298535,21010
2011-06-16,67.99147033691406,68.91186712174331,65.80139484797965,66.36307491727239,124840
2011-06-17,68.25110626220703,68.91190244590148,66.4669493640938,66.4669493640938,1438170
2011-06-20,67.7413330078125,69.76148918082212,65.23029359152497,68.39741166397025,76150
2011-06-21,69.06764221191406,69.57267759918896,67.21268165346157,67.30708725299952,838750
2011-06-22,69.37442779541016,69.85586890853976,68.26523419821092,68.26523419821092,1076260
2011-06-23,69.6954116821289,70.75268540335918,68.13781270108838,68.75141317266642,2574940
2011-06-24,70.04940032958984,72.02707805452451,69.71900234261489,69.95027733242938,2261790
2011-06-27,67.98677825927734,69.00629850962433,67.05694623338655,68.69477723277309,67680
2011-06-28,68.24639129638672,68.90247017217563,67.96791337980234,67.96791337980234,24470
2011-06-29,68.05758666992188,68.7231074745138,67.77910878504046,68.34550655829678,44880
2011-06-30,68.17084503173828,68.9118872766013,68.0622872259145,68.9118872766013,269060
2011-07-01,68.59564208984375,69.85587904346617,68.06228070867972,68.4398814952878,37100
2011-07-04,69.02517700195312,70.13909558602927,68.08117844602884,68.08117844602884,3630
2011-07-05,68.2133560180664,68.91191312077386,67.30711802484446,68.91191312077386,15700
2011-07-06,68.4446029663086,69.66708639592157,68.43988556696964,68.85996457650212,121240
2011-07-07,69.2234115600586,73.63188281549934,68.25109425983686,73.63188281549934,25860
2011-07-08,68.15670776367188,69.00630809025029,67.98678769835618,69.00630809025029,1403060
2011-07-11,67.34486389160156,67.9679064914665,66.70295168879069,67.9679064914665,10580
2011-07-12,68.77029418945312,69.19509786603345,66.48110198496403,67.25989792215503,8460
2011-07-13,69.7483139038086,70.02235638528322,67.61740668952824,67.75442432548692,11900
2011-07-14,70.14049530029297,70.63660668884887,68.28363010344202,68.28363010344202,13660
2011-07-15,69.99402618408203,70.67912895700127,69.73415762619982,70.67912895700127,6370
2011-07-18,68.88367462158203,70.3058609364971,68.24582336722503,69.03015121822474,5520
2011-07-19,69.52152252197266,69.92786037741288,68.46315231000905,69.45537483432226,5440
2011-07-20,68.82697296142578,69.83336954493514,68.33559113480071,69.52152733461425,3910
2011-07-21,69.62077331542969,70.44762332055564,67.75917843607365,68.51042899615086,95690
2011-07-22,71.20359802246094,71.62411003350317,69.45540226451774,70.68386804553734,101670
2011-07-25,70.59408569335938,72.93761057948393,69.45539349823024,71.81782184851018,84980
2011-07-26,69.06793975830078,70.87283816413522,68.56238392836673,70.77361301849994,14700
2011-07-27,70.06015014648438,70.447591721403,68.36392891281477,68.7938924529152,10670
2011-07-28,69.73416900634766,70.28697645993388,68.69942407672717,69.11521383719283,20330
2011-07-29,70.82562255859375,71.43985557539028,69.73891092452477,70.20194501614488,523620
2011-08-01,70.816162109375,71.1279972057001,70.40037236819494,70.68386668437405,78730
2011-08-02,70.18302917480469,70.75946235870128,69.92789004549387,69.94678630302937,30360
2011-08-03,70.87283325195312,71.52958788503892,69.45537658691406,69.45537658691406,1143610
2011-08-04,71.34534454345703,71.62883886255305,69.95623535709456,70.5940939702806,38640
2011-08-05,71.25557708740234,71.34535053630886,57.7613847885017,67.87257727869738,217580
2011-08-08,69.6585693359375,70.76891371112589,67.58908669283184,70.76891371112589,281380
2011-08-09,66.87564849853516,67.84897547050463,62.20749289159194,62.20749289159194,205870
2011-08-10,68.9545669555664,70.3720241119739,66.26139980030415,66.8094777548495,4188220
2011-08-11,67.86785888671875,69.45541143650706,67.8489626272422,68.86952645887959,14160
2011-08-12,67.57490539550781,68.98291073288595,67.21108939556868,68.98291073288595,22900
2011-08-16,68.24107360839844,70.291666046599,67.66464796241036,70.291666046599,17280
2011-08-17,66.37952423095703,68.98291806381408,65.77001358879288,68.98291806381408,5230
2011-08-18,67.09297180175781,68.03322097385781,66.62048608484403,66.62048608484403,10100
2011-08-19,66.61575317382812,67.09296107618236,65.39673935391663,66.90396970345323,38680
2011-08-22,65.89759063720703,66.1480075174726,65.03766307889076,66.1480075174726,13210
2011-08-23,66.15271759033203,66.42676015041343,65.59518794743353,66.14799532896419,65500
2011-08-24,67.2158203125,67.8962009471729,66.2472302910208,66.71498657018812,7390
2011-08-25,67.09297180175781,67.55600578565655,66.62520834657161,66.62520834657161,3830
2011-08-26,66.14327239990234,67.31503485808169,64.77778908420662,65.60936127879208,3831270
2011-08-29,65.81253051757812,66.90397854951036,65.3920185295307,65.61408738710672,5130
2011-08-30,65.7889175415039,68.97819631115286,65.48652695394922,68.97819631115286,4700
2011-09-02,65.93537139892578,67.09295975561444,65.77945027519175,67.09295975561444,1770
2011-09-05,65.01403045654297,66.14799316991792,64.69273645503263,66.14799316991792,5640
2011-09-06,66.14327239990234,66.33698604785945,64.73053763276775,64.82503332608621,28490
2011-09-07,67.65048217773438,68.17967093213285,65.86448725433937,66.99845697700081,13990
2011-09-08,65.74164581298828,67.56544050952994,55.469809922485986,66.39367824524372,253470
2011-09-09,66.44564819335938,67.44731529737223,65.67549440514703,67.44731529737223,6450
2011-09-12,65.67079162597656,66.05350389869876,65.10853247585489,65.33532359866068,35350
2011-09-13,64.91006469726562,66.03457536099694,64.62184823434538,64.73996961735274,5620
2011-09-14,64.67385864257812,66.10076056838949,64.6171554440489,66.10076056838949,9800
2011-09-15,64.63603973388672,66.14799240406789,64.5509885661108,66.14799240406789,6170
2011-09-16,64.76364135742188,66.33701295272007,64.44706948159343,66.33701295272007,1520
2011-09-19,65.64244079589844,66.24249970801617,64.18719105228168,65.10853680895993,9470
2011-09-20,65.71331024169922,66.51653446803682,64.3903488756117,65.02347796617292,9190
2011-09-21,65.61408233642578,66.13854171571523,65.5904638206989,65.96372432580513,1760
2011-09-22,64.6454849243164,65.6140746617176,63.790279910172046,65.6140746617176,5130
2011-09-23,63.20440673828125,65.58100895541362,62.840590773024125,65.58100895541362,12270
2011-09-26,62.59019470214844,63.59659176641393,59.87340134349399,63.587140031706696,42030
2011-09-27,64.36671447753906,65.67550167344892,62.99178679227302,63.12408219010234,25870
2011-09-28,65.83141326904297,66.05348205674441,63.369760354324974,64.44702684338169,33130
2011-09-29,64.55570220947266,65.6565943925777,64.16826060265096,65.6565943925777,1020
2011-09-30,65.43927001953125,71.33588958817403,64.49429861130697,65.95900717787848,16170
2011-10-03,63.33198165893555,69.9137113755119,61.53181224989685,69.9137113755119,36100
2011-10-04,61.3192024230957,64.4470559016664,60.119088139237995,60.119088139237995,26390
2011-10-05,61.895599365234375,62.97758796819279,60.66713420393386,61.895599365234375,504520
2011-10-07,62.580711364746094,63.78555099206324,61.541244568268425,61.541244568268425,3590
2011-10-10,63.251651763916016,65.85505231387498,62.50985304114965,65.85505231387498,13050
2011-10-11,63.889522552490234,65.94956067413816,63.50208078381009,64.25806085415364,30090
2011-10-12,64.32891082763672,65.19828980105495,63.691059600595395,64.71635247583674,10880
2011-10-13,64.74468231201172,65.10849813660113,63.60126835857245,65.10849813660113,19360
2011-10-14,64.17771911621094,65.7841672524394,63.502060967630804,64.73524865669985,12740
2011-10-17,64.86283111572266,65.39201275021087,63.308356459634034,64.73053570710061,313700
2011-10-18,64.73054504394531,65.2030307741931,64.13521561927475,64.72582278208446,115090
2011-10-19,64.35255432128906,65.2928035097466,64.26278087998406,65.2928035097466,500
2011-10-20,66.50235748291016,67.09296456535164,62.7035759008526,64.25805056963256,70790
2011-10-21,66.199951171875,67.38588731540776,65.25025780503017,67.10240030911667,430830
2011-10-24,64.95731353759766,66.47871763553772,64.73052248479421,66.1999528821379,23470
2011-10-25,65.66133117675781,66.13853908650475,64.35254391117927,64.35254391117927,22110
2011-10-28,65.68022918701172,66.24248827753216,65.22191751875013,66.14799258717657,357150
2011-10-31,64.41397857666016,66.14800029055831,64.35255312647405,66.14800029055831,6960
2011-11-01,64.06431579589844,65.20300773371584,63.78555104385244,65.20300773371584,8430
2011-11-02,64.01707458496094,64.91951657414468,63.31306846701375,63.31306846701375,7050
2011-11-03,64.73054504394531,65.67551650444086,64.25805931369754,64.25805931369754,5950
2011-11-04,66.10074615478516,66.62048330553158,64.06906342446271,64.06906342446271,193270
2011-11-08,66.61575317382812,67.28195244891148,65.2030185106561,65.8644955247668,136300
2011-11-09,65.65190124511719,66.71027204508566,65.20304117171689,66.1480127829012,153750
2011-11-11,64.55097198486328,65.58099420811489,64.29111070624525,65.58099420811489,2890
2011-11-14,66.06295776367188,66.62048746055436,64.55099767067793,66.62048746055436,29740
2011-11-15,65.11797332763672,66.14798854583371,64.5935139872124,66.03458939859976,16550
2011-11-16,65.36837768554688,66.3369672799794,62.86892512849031,65.10850919527296,86090
2011-11-17,63.58238983154297,65.297507634896,63.34614703459359,65.20301195802784,6860
2011-11-18,63.78556442260742,64.54154436625454,62.594898534708875,62.594898534708875,12680
2011-11-21,63.78556442260742,66.14799273455584,62.99651423156374,66.14799273455584,12030
2011-11-22,63.70521926879883,65.19827514249917,62.70355234040674,63.79026319612733,33300
2011-11-23,60.75221252441406,63.31308416815807,60.104905813929314,63.31308416815807,60500
2011-11-24,61.40896987915039,61.470395330083626,60.015134836063595,60.856162449431146,5810
2011-11-25,60.37421417236328,61.51762854976507,60.15214534601266,61.423132864193434,109050
2011-11-28,60.75693130493164,61.42786009924499,60.4781664865768,61.42313783792956,520120
2011-11-29,62.424800872802734,63.21858050235282,60.66715370332622,60.66715370332622,31510
2011-11-30,60.83252716064453,62.83586890296829,60.62936179265741,61.42313422045661,34210
2011-12-01,61.41842269897461,65.08490937196451,60.667164908264844,63.31308788270959,13830
2011-12-02,61.09712219238281,61.89562414596328,60.73330619971848,60.73330619971848,6080
2011-12-05,62.29723358154297,62.95398832289009,60.76165527462155,60.76165527462155,36010
2011-12-07,60.52067565917969,62.46259166362677,59.67965191122526,61.00261296505441,347520
2011-12-08,60.686073303222656,61.44677567943602,59.23081627005097,60.005692642564654,16870
2011-12-09,60.35532760620117,60.950660649793406,59.99151517137155,60.46872677959597,103420
2011-12-12,59.599342346191406,61.22941647181785,58.67327086213451,59.72218963018475,5480
2011-12-13,60.071834564208984,60.95065829781571,59.06071540486018,59.72219613835061,18370
2011-12-14,60.15686798095703,60.478158341336545,60.00567272929485,60.36948506446413,1960
2011-12-15,59.12212371826172,60.09072067110412,58.25747778228254,58.39922130394149,18610
2011-12-16,58.35197448730469,60.28916482220268,58.229127215887964,58.493721616230076,6340
2011-12-19,57.20383834838867,60.10017412805729,56.68883071255652,60.10017412805729,556340
2011-12-20,55.22412109375,57.0762675686199,54.250801814986204,56.41478694222204,5990
2011-12-21,55.34697723388672,56.58489112430296,54.42563151711317,54.83196952676201,48940
2011-12-22,54.89337921142578,56.13129282758453,54.10432909497284,54.10432909497284,24990
2011-12-23,54.425621032714844,54.85558108278955,53.86336197783787,54.85558108278955,183950
2011-12-26,54.869754791259766,55.46981355869191,53.50899747762869,54.71383727334131,34630
2011-12-27,55.276100158691406,55.75331171747593,54.293332657880384,54.713844635841674,8310
2011-12-28,53.09321594238281,55.08710243826646,52.85697310779768,54.07598339462447,14300
2011-12-29,52.975101470947266,53.01289758980406,52.564037587151645,52.564037587151645,16660
2011-12-30,53.612953186035156,54.33585573337529,52.441187058899246,53.54207960977479,19770
2012-01-02,53.216060638427734,57.638526874802196,52.45535840813646,57.638526874802196,2830
2012-01-03,53.074302673339844,53.86335267634646,52.18602753267157,52.729386635888694,53710
2012-01-04,53.73579788208008,53.86809329549271,52.45063625787792,53.86336742936236,5900
2012-01-05,53.20661544799805,54.14686099018829,53.112119749052844,53.85864442219161,1530
2012-01-06,53.88226318359375,54.335848968496364,52.93729189718512,53.85863745952178,7630
2012-01-09,55.21468734741211,56.76444009559692,54.12324637269984,56.03681157752862,9730
2012-01-10,55.75803756713867,56.50456222146695,54.1563113583518,54.1563113583518,18400
2012-01-11,55.276100158691406,56.49983997680623,55.08238289924328,55.375321721547245,12320
2012-01-12,53.863372802734375,58.58823006613213,53.485382779750545,56.21635330600966,122900
2012-01-13,53.57987594604492,54.798889845413626,52.06791963220463,53.872814755736904,7120
2012-01-16,53.14045333862305,54.69493131708887,52.918384541016664,54.69493131708887,12790
2012-01-17,54.690223693847656,55.091835846669355,53.178270787420054,53.239692635100525,560870
2012-01-18,54.19883346557617,55.55959096505423,53.877543049824155,54.997335441073034,7360
2012-01-19,55.85253143310547,56.87782448681906,54.09016187696621,54.09016187696621,71590
2012-01-20,55.65882110595703,57.00540473171178,55.29500507080043,56.50929326732736,4330
2012-01-23,55.776939392089844,56.89200595376677,55.46982296026885,55.56431866016152,53120
2012-01-24,56.14547348022461,56.6888327260256,55.3091718189604,55.3091718189604,4750
2012-01-25,56.783321380615234,57.241633004137526,56.32973562258325,57.241633004137526,74310
2012-01-27,56.79277038574219,57.17076032567487,55.37531351816347,56.698274703148634,31800
2012-01-30,58.15825653076172,58.72524146975469,56.698277612533104,56.87782086058554,20320
2012-01-31,59.0512580871582,59.53319186376189,57.40228057422075,59.055980348214135,9810
2012-02-01,60.48760986328125,60.9506437428061,58.399220725639786,59.0607013011687,358250
2012-02-02,61.177433013916016,61.51762322014827,59.83084978489586,61.04513762366548,7300
2012-02-03,60.99789810180664,61.423132287667045,60.48288328259166,61.32863660298236,28280
2012-02-06,60.823081970214844,61.80113082703593,60.005683730204495,61.42314082619358,1016250
2012-02-07,58.74886703491211,61.42313768277966,57.73774797990103,60.950652008296736,1032270
2012-02-08,59.462318420410156,59.7221869702103,59.145753899584115,59.34419700773363,5650
2012-02-09,59.594608306884766,60.194667046387586,59.06542673415938,60.194667046387586,3410
2012-02-10,61.90507888793945,62.84059856214276,60.2891750424231,61.423141451718486,85430
2012-02-13,60.73802947998047,62.27360778510473,60.12852258168071,62.27360778510473,9680
2012-02-14,62.467342376708984,62.840602936228976,60.7616685800575,61.51764143250159,13960
2012-02-15,62.353946685791016,62.71776274177911,61.616870049443605,62.462616392544646,639910
2012-02-16,62.21691131591797,62.84059587845809,61.801128817117274,62.84059587845809,93560
2012-02-17,62.71302032470703,62.8405934729904,61.801126451439224,62.74609778186013,7170
2012-02-21,62.70356750488281,63.12407940289249,61.23413699214191,61.23413699214191,34010
2012-02-22,62.396461486816406,62.65160780666106,61.90507952237299,61.90507952237299,13810
2012-02-23,60.440372467041016,62.36339280897756,60.00568646957397,61.89562935050544,23750
2012-02-24,61.41367721557617,61.664094010669906,59.53318651727813,60.4781577318381,21350
2012-02-27,60.043479919433594,62.17911717044708,58.876439735617495,62.17911717044708,34730
2012-02-28,61.002628326416016,61.41841804477915,59.81668822347172,60.06710506487874,18320
2012-02-29,61.43259811401367,61.64049299375427,60.47817489773197,60.9506606391205,17150
2012-03-01,61.66409683227539,62.264155599654565,60.634081621861874,61.404235504027326,37660
2012-03-02,61.42314529418945,61.801135322527266,60.95065956115723,61.37589383706218,65060
2012-03-05,61.47982406616211,61.890891441338404,60.95064250034945,61.423128101127354,55490
2012-03-06,61.42314529418945,61.89563102722168,61.42314529418945,61.89563102722168,162580
2012-03-07,63.20440673828125,63.7808398018361,60.478162548474344,61.32863815122402,48290
2012-03-09,63.761924743652344,64.06904468272967,61.59794001833588,61.59794001833588,511170
2012-03-12,64.3336410522461,65.25026427014515,62.509846347128054,63.31307042554045,63620
2012-03-13,63.837528228759766,65.20773355326384,61.45620403201031,65.20301129281391,87750
2012-03-14,66.185791015625,70.21137079045563,64.2580486897844,70.21137079045563,96530
2012-03-15,66.82837677001953,67.09296760139694,63.80919351633905,66.24249192228424,21550
2012-03-16,66.94650268554688,72.54073186878969,65.68496668083391,70.96735355921017,33800
2012-03-19,67.58907318115234,67.88673423598,66.6204761638093,67.09296181036115,59380
2012-03-20,66.81419372558594,68.06627774359073,65.31641516477245,66.35588209418981,137410
2012-03-21,68.07575225830078,68.51043831209921,65.51488018791996,66.62049518624819,1331970
2012-03-22,67.6694107055664,67.84895760031564,66.4645705831038,67.40481983513205,108580
2012-03-23,68.3355941772461,68.48206355873553,67.09295475051253,67.3858935134914,120110
2012-03-26,68.03792572021484,68.98289691077339,67.12603198191371,68.51041131549411,177970
2012-03-27,68.04264831542969,68.31669082718665,67.56544045729113,67.88200494253846,356910
2012-03-28,68.07101440429688,68.78446517544819,67.94816351513654,67.94816351513654,17660
2012-03-29,68.39703369140625,68.51043286538376,66.52126471136161,68.07102458414646,77100
2012-03-30,68.88841247558594,69.34199468372199,68.04265908466435,68.51042249576642,534290
2012-04-02,69.08684539794922,69.59240124382693,68.10879673985171,68.8884023099783,16800
2012-04-03,69.27583312988281,69.45537995655688,68.34503596458474,68.71357413861001,54390
2012-04-04,69.63021850585938,69.82393938206742,68.69942105726551,68.98291537413388,16300
2012-04-09,68.92147827148438,69.54988504030909,67.61742049538388,69.54988504030909,23520
2012-04-10,68.82697296142578,69.37033569932873,67.48039339613459,68.84114695193512,17270
2012-04-11,68.87895965576172,68.98290707880959,68.08518719927885,68.7466642463479,7340
2012-04-12,69.03015899658203,69.92787888219192,68.51042187782316,68.51042187782316,656400
2012-04-13,69.27111053466797,69.83336952322264,68.1465925575586,68.51040846948653,78730
2012-04-16,69.00180053710938,70.48540517646771,68.17495065699912,70.48540517646771,8790
2012-04-17,68.90728759765625,69.64436386699879,68.5104014848652,68.98760927218132,9080
2012-04-18,69.6538314819336,73.72665535064363,68.34504425364239,73.72665535064363,25720
2012-04-19,70.98151397705078,71.7705641117897,69.18606714617705,69.83337735996054,96930
2012-04-20,74.66690826416016,75.21499335998918,70.40036333163201,70.40036333163201,221990
2012-04-23,70.816162109375,75.12522957411406,69.32310550201016,74.46375244910935,139490
2012-04-24,70.66024017333984,71.34062075698147,69.76251298842831,71.34062075698147,15310
2012-04-25,71.3264389038086,79.3634174410817,70.87284949483565,72.55962677340109,372740
2012-04-26,71.69025421142578,72.28086134440956,70.92010741251556,71.817827370827,52830
2012-04-27,71.80364227294922,72.46984874622953,69.76250087640322,70.33421166493054,40340
2012-04-30,72.28084564208984,73.7077541840732,71.47289929704007,73.7077541840732,70380
2012-05-02,70.87283325195312,73.71246884214071,70.27750404807739,72.95176681018745,238440
2012-05-03,71.58628845214844,75.05906038883795,70.05543976949174,73.61325565096979,3998550
2012-05-04,70.34366607666016,71.81781900174234,69.92787639643333,71.81309674067026,270650
2012-05-07,69.28058624267578,69.93734113175029,67.57018296435179,69.93734113175029,122780
2012-05-08,67.72139739990234,69.82395797975553,66.76225170606412,68.1324577802439,54270
2012-05-09,66.34170532226562,68.09462287401793,65.58100321219628,67.09295570158804,37160
2012-05-10,66.185791015625,66.97011892845622,65.23609745028337,65.23609745028337,59100
2012-05-11,66.71495819091797,67.80167639738686,64.93368564946736,67.74970269852572,46450
2012-05-14,67.45677947998047,67.56544916275453,66.16216618030184,67.56544916275453,39080
2012-05-15,67.40479278564453,67.5654361482907,66.35587424909527,66.35587424909527,75440
2012-05-16,66.15271759033203,67.48985293248607,65.83143078789412,67.38590550591866,47920
2012-05-17,66.30390167236328,70.9673319953,65.97316321143829,67.09295171826925,21520
2012-05-18,67.11659240722656,67.50875638748253,66.05822188667219,66.05822188667219,34390
2012-05-21,69.96096801757812,70.58936771666333,66.62049032576127,67.5654618197437,184690
2012-05-22,71.28387451171875,71.62879406647296,69.0915424050647,70.40505132360217,66160
2012-05-23,71.49180603027344,71.81782229818282,70.11687099150744,70.11687099150744,46420
2012-05-24,71.37366485595703,71.60045589755211,70.87283133472083,71.3453168769523,23540
2012-05-25,70.61771392822266,71.81310213917851,69.31837828939591,70.68386163599874,159900
2012-05-28,69.62077331542969,71.79420328888199,69.45540043058054,69.5829735929053,13880
2012-05-29,68.25054168701172,69.93258922534099,67.56543902690227,69.64910219851532,14060
2012-05-30,67.57490539550781,68.45372906719956,67.4615062344781,68.0379393529834,38960
2012-05-31,67.4851303100586,68.26945826648566,66.71497634721858,67.19691375785632,15720
2012-06-01,69.80029296875,71.81780842136858,66.9039612553086,66.96537947843282,56260
2012-06-04,69.46012115478516,70.76890858117652,67.59380405501017,68.98291318640291,57370
2012-06-05,69.59241485595703,70.40036856674807,67.6835758200447,68.98291148151152,24480
2012-06-06,69.63494873046875,70.75945985787507,69.18608152231157,70.40037330090937,308030
2012-06-07,71.0571060180664,71.43981818396148,69.17188596027617,69.83809235771608,104270
2012-06-08,71.02404022216797,71.5343183355967,69.93259240909241,70.17356468385634,38920
2012-06-11,69.852294921875,71.81783746705747,69.19081772376587,71.81783746705747,25210
2012-06-12,70.16413116455078,72.33283894297884,67.71192906325,69.82866312280338,726780
2012-06-13,69.5309829711914,71.81781155624091,68.98289794217877,70.68384899443932,106970
2012-06-14,68.43955993652344,70.25862564636144,67.8489527821163,69.52627133298458,40480
2012-06-15,69.55461883544922,70.49486070709897,68.98290800104274,70.02237503585896,109900
2012-06-18,68.91204833984375,70.75473984942708,68.41593686893738,70.40037554300258,86580
2012-06-19,68.74664306640625,71.43980908482831,68.03791478737114,69.45537134544136,118740
2012-06-20,68.98761749267578,69.83337072499927,68.41591397365107,68.77972989183998,191850
2012-06-21,68.77499389648438,70.30584963813301,68.1229615456708,69.34197510131666,200770
2012-06-22,69.75914764404297,70.7811227653242,66.806777477946,67.86660433180948,190600
2012-06-25,71.06498718261719,71.8787812384551,69.07781850513237,70.91358749892653,107015
2012-06-26,71.5002670288086,72.67364880148092,70.02408590641976,70.02408590641976,524555
2012-06-27,71.1123046875,71.71791787010015,70.6486336738327,70.97036251856714,237200
2012-06-28,69.92000579833984,70.97036781962868,69.49418647921374,70.1376514362242,30860
2012-06-29,69.6361312866211,71.53813201793832,68.75609840366856,70.02409889121338,31655
2012-07-02,67.78141784667969,69.64557366154781,67.19473419859422,69.64557366154781,41900
2012-07-03,67.09064483642578,68.604677658088,66.25792136990309,67.18527053412755,24335
2012-07-04,66.59858703613281,67.75303944664692,66.18223247621862,67.0433358060337,46245
2012-07-05,65.4251937866211,67.75302020023588,65.29271638889742,67.73409795176538,894550
2012-07-06,63.0500602722168,66.22953994749578,62.141647821391075,66.22953994749578,170550
2012-07-09,62.056480407714844,63.778694074235716,61.621196428207135,63.1162997597413,69110
2012-07-10,61.6779899597168,62.46339720676575,61.16700237318424,62.24575153825959,122220
2012-07-11,64.42215728759766,65.35896393240968,61.337310567127325,61.87668496498608,163580
2012-07-12,63.83548355102539,64.4316393007977,62.10380472846332,64.4316393007977,115375
2012-07-13,64.00580596923828,65.20757486008304,63.0311474445323,63.77870282257836,60710
2012-07-16,62.188968658447266,65.841577491679,61.51711671091737,64.0058083379207,82800
2012-07-17,62.98384475708008,63.43805836923306,61.942947286101685,63.43805836923306,162225
2012-07-18,63.61783981323242,64.25184002234778,61.91454812660114,63.20147801883832,28345
2012-07-19,63.70299530029297,64.15720878409392,63.040608156706575,63.05006567341609,11920
2012-07-20,64.37483978271484,65.10347277641061,62.97436220592523,63.778691421990864,132100
2012-07-23,62.55801010131836,65.10348277335632,62.45391965766396,65.10348277335632,7410
2012-07-24,64.23291778564453,64.53572442855494,61.12914789094286,61.9902585682855,145945
2012-07-25,64.29914093017578,65.29272882177666,62.67156013115396,64.54517352400156,272545
2012-07-26,62.82297897338867,65.29274874251168,62.18897865305695,64.55465795532186,210425
2012-07-27,61.77260208129883,64.53571311593912,60.93988576413395,62.65263486103794,14630
2012-07-30,61.11968231201172,61.50764988794512,58.19569950936346,60.570843088028965,54110
2012-07-31,60.79793167114258,61.88614512160321,51.950296366007926,60.54243798425864,243045
2012-08-01,62.07540512084961,62.44445762496846,59.70026539088007,60.693849682544794,44070
2012-08-02,61.68744659423828,63.40019584335528,59.80436456224723,60.797948999038454,48815
2012-08-03,62.55801010131836,63.39073365055357,60.93988668561632,60.93988668561632,22220
2012-08-06,62.435001373291016,63.19201429770199,60.84526484670509,60.97774228896399,54320
2012-08-07,63.40018081665039,63.55158769887518,61.772592930121476,62.453909461178,40360
2012-08-08,64.46002960205078,65.2359720928149,62.17004664391081,63.40020271878369,70605
2012-08-09,65.49143981933594,65.86048507138925,64.34645234251958,64.72496232960638,62490
2012-08-10,65.292724609375,65.94565416570158,64.573556345847,64.573556345847,130295
2012-08-13,66.76890563964844,67.37451873964017,64.34645323968151,66.23899598202507,48065
2012-08-14,66.89192962646484,67.9233620187288,64.58302502946421,66.2390000302197,74500
2012-08-16,68.12208557128906,68.13154308758256,66.80676163920617,66.90138733848775,94560
2012-08-17,68.14102172851562,69.83484880337477,67.18528536594023,69.83484880337477,1661005
2012-08-21,66.57965087890625,68.13153527141928,65.03723122107898,67.41236704432289,67170
2012-08-22,66.22010040283203,66.56075159173952,64.41271789058001,65.3495249039068,40120
2012-08-23,65.529296875,66.4282518504759,63.6367540049639,66.4282518504759,35580
2012-08-24,64.37483978271484,65.8604855364522,63.778691421990864,64.59248537315682,67225
2012-08-27,64.49787902832031,65.29274374772496,62.558019261067024,65.29274374772496,96285
2012-08-28,63.059532165527344,64.93315291159537,61.52656973692623,64.53571339489824,47530
2012-08-29,63.523223876953125,64.06259851877572,61.73477073725291,64.06259851877572,9570
2012-08-30,62.64316177368164,63.967943134889275,61.88614900976129,62.43498813675093,339555
2012-08-31,63.248783111572266,63.8733257621519,62.07540848198821,63.778700056770354,525855
2012-09-03,63.40965270996094,64.31807244742845,62.434994258911786,64.31807244742845,53490
2012-09-04,63.61783981323242,64.14774957374925,62.65263878431502,62.66210352131826,32415
2012-09-05,62.472843170166016,64.34646397422138,60.86418445860202,64.34646397422138,35405
2012-09-06,62.87975311279297,63.67462511433419,60.98720966657521,63.67462511433419,216160
2012-09-07,63.57050704956055,63.58942929923673,57.978043738215966,57.978043738215966,34060
2012-09-10,64.03419494628906,64.43162722533268,62.482303115754355,62.84189088967995,104910
2012-09-11,62.349830627441406,64.83852215605307,61.64012697887941,63.96795407982529,37405
2012-09-12,62.46337890625,63.10684376527092,60.9398813315016,61.5076427437017,29255
2012-09-13,64.3843002319336,64.7249584780928,62.84188060922398,63.57997106940989,29200
2012-09-14,66.26739501953125,67.07172438740828,63.333954679314395,65.55769136208464,89240
2012-09-17,66.56075286865234,68.10318047496622,63.967970239052505,68.10318047496622,137955
2012-09-18,66.32418823242188,68.10317645691005,65.3400647828709,67.83822153193098,30205
2012-09-20,65.10348510742188,66.23900807229826,64.45055543190453,66.2106210810982,10155
2012-09-21,66.09705352783203,66.74998308116425,64.74388518451363,66.21060869086125,109070
2012-09-24,67.30829620361328,67.92337418654623,65.10348886586932,65.2927402977813,54775
2012-09-25,66.59858703613281,67.93283334583549,65.62392852480725,66.26739344774239,8230
2012-09-26,67.21368408203125,67.5448777646028,65.51985671175866,67.5448777646028,323545
2012-09-27,67.25151062011719,67.37452330769796,66.56072929575599,67.18527190842322,26920
2012-09-28,66.04975891113281,67.56379198926199,65.34005522893358,66.61752041299636,35730
2012-10-01,66.8067626953125,67.12849874132971,65.76586554780405,66.89193087964695,15170
2012-10-03,69.23868560791016,69.64557538969008,66.0592058249928,67.16634887830827,81080
2012-10-04,70.00518798828125,70.40262039484513,69.12515496261516,69.12515496261516,34720
2012-10-05,70.01461029052734,70.97033899091547,66.99600289521469,70.21331915388855,50110
2012-10-08,69.35224151611328,70.78111355231918,68.15993736314442,70.01463592086435,12620
2012-10-09,67.41238403320312,69.0683664856363,66.8067708112811,68.69931393465721,11700
2012-10-10,70.7243423461914,71.53813655709439,68.03693427817122,68.04639901629237,105565
2012-10-11,70.02411651611328,72.12484116671368,68.88859319013096,69.6456063342921,196875
2012-10-12,69.73075866699219,70.70541728996558,68.34920295467771,68.99266795132222,14745
2012-10-15,69.13459777832031,70.0240953538594,68.32080366016308,68.89802988861133,41740
2012-10-16,69.5414810180664,70.59183548868337,67.21364733444226,68.1315316239366,13155
2012-10-17,68.86018371582031,70.95144294398794,68.5100606484971,70.59185513985089,24820
2012-10-18,69.1819076538086,70.21334008933592,67.84766141759982,67.84766141759982,13960
2012-10-19,69.07781982421875,70.56346579741253,68.1315483197774,70.56346579741253,36380
2012-10-22,67.76251220703125,69.64559073497858,67.18528593342513,68.54791939498442,31815
2012-10-23,66.5701904296875,67.93282353306834,66.42824827817238,66.57965516498257,11410
2012-10-25,67.31776428222656,68.69932001829673,65.27382128210895,65.88889207609027,103510
2012-10-29,66.56075286865234,71.53814440271506,65.86051377996814,71.53814440271506,880500
2012-10-30,65.9456558227539,68.13154043480432,63.911170879763496,65.12239711015468,90735
2012-10-31,66.31468963623047,67.14740572093936,65.29271497353554,65.66176017626262,26605
2012-11-01,65.55769348144531,67.12850775939192,64.93315799683126,65.67124866932022,21125
2012-11-02,67.18527221679688,68.15046590869315,65.58607117351616,65.58607117351616,56145
2012-11-05,67.01494598388672,68.68985054787089,66.75945586063206,68.21671480745387,81210
2012-11-06,65.71855926513672,67.28937357532281,65.31166219124943,67.18528312250425,21290
2012-11-07,66.61750793457031,67.109565885488,65.32111351890738,65.48197792406529,33010
2012-11-08,64.50733184814453,66.23900315819078,62.73780159333492,65.86049312481973,63000
2012-11-09,64.75335693359375,65.67124141394002,64.5357113190822,65.65231194164595,12165
2012-11-12,65.51983642578125,66.99602487023303,63.96795174837903,65.86049474223331,26800
2012-11-15,65.34951782226562,66.0876085539625,63.6556979223355,65.4819952756738,32130
2012-11-16,64.74388885498047,66.42825082827711,64.72496660314165,65.5766123254484,32550
2012-11-19,65.79425811767578,66.93924579901672,63.69353417260377,66.14438118168071,33875
2012-11-20,65.91727447509766,66.42825471893143,64.82906083394084,65.6712418699151,331545
2012-11-21,64.8763656616211,66.74998623294447,64.43162416258157,64.91421738441811,6800
2012-11-22,65.92675018310547,66.20116260363825,64.17614188580286,65.48199414082917,17980
2012-11-23,65.79425811767578,66.42825830809551,64.73443862789445,64.73443862789445,18530
2012-11-26,67.62055206298828,67.75302947885444,65.59553188391682,65.59553188391682,34565
2012-11-27,68.14102172851562,68.32080842799527,66.6175238349127,67.75304689696776,109855
2012-11-29,68.53844451904297,69.61719344338309,67.38399214259654,68.32079889910695,38070
2012-11-30,69.07781982421875,69.45632986989102,67.58270911452654,67.66787730405515,54170
2012-12-03,69.95784759521484,70.30797062576195,67.44076932803792,69.4563248889434,107075
2012-12-04,68.89803314208984,70.23227956840377,68.41543982231958,70.23227956840377,31750
2012-12-05,68.68040466308594,69.81592786397512,67.44079099317587,68.14103005974151,49585
2012-12-06,69.5414810180664,70.96088792689842,67.63000900459892,70.96088792689842,49805
2012-12-07,69.25762939453125,73.79973653160097,68.51953860914048,73.79973653160097,133800
2012-12-10,68.50059509277344,70.02409282503866,68.1315497757133,70.02409282503866,135795
2012-12-11,67.70573425292969,69.03997342297723,66.61752049498901,68.50059891262113,49870
2012-12-12,68.16941833496094,70.97038187321968,67.22314657665135,70.97038187321968,19525
2012-12-13,67.34613800048828,68.88855771421078,67.2041886334894,67.57324110483596,133330
2012-12-14,67.85712432861328,68.75608653138097,66.41879491145443,66.41879491145443,179050
2012-12-17,67.7530517578125,68.69932345057379,66.90140579043133,68.2640393382412,48515
2012-12-18,68.207275390625,68.51008208811857,66.27687998679812,66.42827972580433,19060
2012-12-19,68.0653305053711,68.70879561477152,67.60165934726047,68.59524761983553,355930
2012-12-20,67.90443420410156,68.86962780604738,67.75302732251458,68.68037642354113,60135
2012-12-21,66.18223571777344,68.51006290666255,65.67124820516669,68.51006290666255,42155
2012-12-24,66.12545013427734,67.12850283827507,65.29273380934438,66.23900531382765,17835
2012-12-26,66.38094329833984,66.62697589544813,65.29272969289593,66.23900113772052,48040
2012-12-27,66.35255432128906,66.6175091627818,64.91421772535999,66.23899915230162,196065
2012-12-28,65.33057403564453,67.53538798564944,65.31164456597901,65.5103679000802,30675
2012-12-31,65.2548599243164,65.6712215551388,64.34644045482078,65.2927116379799,125535
2013-01-01,64.94258880615234,65.48196309264567,64.72495047658069,65.29271174349849,74340
2013-01-02,64.89529418945312,65.48197783558403,64.3464550460912,65.29272644382783,73395
2013-01-03,64.33699035644531,65.10346779291544,62.95542791665609,64.89528695350948,116270
2013-01-04,63.721920013427734,64.91422413739528,63.58944257959564,64.91422413739528,113370
2013-01-07,64.6492919921875,64.9142469529761,63.40021344884034,64.06260085081186,39790
2013-01-08,64.89529418945312,65.67123644681806,63.40018364835456,64.3464550460912,47795
2013-01-09,64.04365539550781,65.27381123304434,63.40019048686201,64.3843137129955,49150
2013-01-10,63.40018081665039,65.28326601206426,63.21092943334692,63.60836166997072,75840
2013-01-11,64.34646606445312,64.58303395439596,63.40019450468176,64.32754380982848,952750
2013-01-14,63.98688507080078,64.86691790466665,63.9679555968154,64.86691790466665,18050
2013-01-15,64.42215728759766,64.91421522866202,63.58943385267347,63.68406676626227,47845
2013-01-16,63.79762268066406,66.21061788904308,63.58944179592817,66.21061788904308,772735
2013-01-17,64.7249755859375,64.91422700850275,63.58944539210902,63.58944539210902,79005
2013-01-18,64.14774322509766,64.4126980791337,63.83547191020733,64.4126980791337,348225
2013-01-21,63.381256103515625,64.81958533137917,62.77563581762457,64.81958533137917,303445
2013-01-22,62.435001373291016,63.116310839417146,61.88616212994464,62.77565249661451,242915
2013-01-23,65.58609771728516,66.80678923483482,62.45394029456443,62.72835998946918,1901615
2013-01-24,64.6492919921875,65.76589305514035,63.22988422840749,65.57664157442883,879465
2013-01-25,64.73443603515625,65.19810704336467,64.3464612592727,64.3464612592727,141470
2013-01-28,65.16024780273438,65.67123521425896,64.73442856953606,65.11293134594447,265235
2013-01-29,65.32110595703125,65.86048030325034,64.42215111982509,64.7154929093283,164730
2013-01-30,65.49143981933594,65.86048507138925,64.79120103588575,64.79120103588575,45250
2013-01-31,65.3116226196289,65.9550872019665,65.12237130343105,65.49141642364931,12610
2013-02-01,65.61446380615234,66.18223249438175,65.30219969100068,65.30219969100068,11295
2013-02-04,65.8983383178711,66.14437089809583,65.30218994755336,65.67123520815163,59625
2013-02-05,67.1379623413086,67.18527880572388,65.48198715947737,65.67124579765968,2574830
2013-02-06,66.54180145263672,67.56377624959927,65.29272355173053,66.23899490755272,197990
2013-02-07,66.22010040283203,66.9960429509424,65.48200237167097,66.9960429509424,46460
2013-02-08,66.10652160644531,66.42825042208389,65.51037321421491,66.3714764474366,53485
2013-02-11,66.23899841308594,66.4187922904401,65.67123701344079,66.11598572933082,21105
2013-02-12,66.23899841308594,66.50395325162182,65.76586271013532,66.42824980647502,1183740
2013-02-13,66.36202239990234,67.19474599939429,66.04975826957198,66.42826112081838,28790
2013-02-14,66.23899841308594,66.4187922904401,66.106520993818,66.4187922904401,37485
2013-02-15,66.53235626220703,66.81624064013872,65.53877537840536,66.48504701220483,17795
2013-02-18,66.38094329833984,66.95816945724108,66.23900113772052,66.35255631011161,27495
2013-02-19,66.31468963623047,66.72158655455475,65.75639307499391,66.72158655455475,18135
2013-02-20,66.24846649169922,66.45664736661939,66.1727630427322,66.2295442391966,37010
2013-02-21,66.20114135742188,67.06225173277129,65.67123172303904,66.04974169880278,130175
2013-02-22,66.57965087890625,66.98654783666743,66.23899262499097,66.40932175194861,26630
2013-02-25,66.19168853759766,66.80676645649699,65.76586925038659,66.21061801050578,39210
2013-02-26,65.46305847167969,66.4282521633741,65.29272932379502,66.06867161538563,67770
2013-02-27,66.24846649169922,66.42825315864808,65.01831071415904,65.10347889911651,14735
2013-02-28,65.92675018310547,66.24847907309818,65.53877534807701,65.86996897585763,70250
2013-03-01,66.91088104248047,67.18530074283825,65.30222179981062,65.33060879993708,43525
2013-03-04,66.50395965576172,66.61751483441694,66.0686756334679,66.23900479171145,16650
2013-03-05,66.24846649169922,66.61751178106563,66.2295442391966,66.2579240082114,136440
2013-03-06,66.4755859375,66.80677958368408,66.23901801601424,66.33364374071255,28725
2013-03-07,66.28633880615234,66.79732641618614,66.2106353336702,66.25794458936116,52190
2013-03-08,66.55126953125,67.1947343743165,66.22954071945568,67.1947343743165,60965
2013-03-11,66.23899841308594,66.62697315485482,66.23899841308594,66.23899841308594,8075
2013-03-12,67.17582702636719,67.37453597934369,65.92674878558711,65.92674878558711,11545
2013-03-13,67.26097869873047,67.75303669298646,66.26739075446245,66.29577774381666,19440
2013-03-14,67.18527221679688,67.37452361694025,66.80676219703196,66.81622693288257,13250
2013-03-15,66.44718170166016,67.1379558102616,66.23900082965046,66.41879471356395,32910
2013-03-18,66.65535736083984,67.93282226161098,65.92673158526678,66.48502822610519,176590
2013-03-19,67.0811996459961,67.18529010963985,61.44142122989069,66.2390184179548,1033700
2013-03-20,66.8446273803711,67.18528574480453,66.49451149766088,66.50396901593766,21835
2013-03-21,66.74053192138672,67.09065499733532,66.29578313340524,66.42826057414707,22315
2013-03-22,66.85408020019531,67.1852737678312,66.32417049197787,66.61751233481561,75930
2013-03-25,68.09368133544922,68.13153305348284,66.61750042952308,66.61750042952308,76830
2013-03-26,68.03693389892578,68.13155962117033,66.88248131689473,67.37453940425428,8645
2013-03-28,68.01799011230469,68.13154528679487,66.88246724531609,67.19473856055536,18665
2013-04-01,67.3366928100586,68.0937057841011,65.1602651682922,65.1602651682922,7445
2013-04-02,71.13123321533203,76.61960351215981,65.57661698366762,65.57661698366762,3863105
2013-04-03,68.65199279785156,73.24140763326396,68.13154064127292,69.07781203906839,114375
2013-04-04,68.47221374511719,69.07782699325311,66.61752227026601,68.13155539060581,22340
2013-04-05,66.62699127197266,69.9294773551215,66.6175265338862,68.32081119597645,129880
2013-04-08,66.57965087890625,67.68678659439227,66.23899262499097,67.38398005974283,22880
2013-04-09,66.88246154785156,68.12208196713297,66.62697145136079,67.01493896373238,20675
2013-04-10,66.90138244628906,67.37451812757675,66.29576935179901,66.6553570900433,9520
2013-04-11,67.3366928100586,67.67734395571597,66.27686598302354,66.27686598302354,29225
2013-04-12,67.51647186279297,68.05584634324735,66.61751680186194,67.8476654526371,14050
2013-04-15,66.73104858398438,67.94228190661947,66.60803591457761,67.37451335372172,68480
2013-04-16,66.8446273803711,67.16636348877138,66.61752421057534,66.63644646660849,4780
2013-04-17,66.96765899658203,68.10318226315464,66.07816119876229,68.10318226315464,21115
2013-04-18,66.77838134765625,67.80982106584523,66.61751692079886,67.74358234775815,71220
2013-04-22,67.2420425415039,67.62055254071461,66.42824857001811,66.42824857001811,169175
2013-04-23,66.86355590820312,67.75304631874594,66.59859379113728,67.75304631874594,218075
2013-04-25,66.61750793457031,67.84765642160346,66.61750793457031,66.99601793807199,513470
2013-04-26,66.76890563964844,67.82873217437279,66.61750597438932,66.62697070955477,542305
2013-04-29,66.62699127197266,67.18528808791628,66.45666208381564,66.45666208381564,53865
2013-04-30,66.74053192138672,67.14742898065923,66.61751921769188,66.64590620935384,42320
2013-05-02,66.62699127197266,67.11904936027076,63.62730461279199,63.62730461279199,191720
2013-05-03,67.56379699707031,68.18833252956684,66.61752535066731,67.15689990033783,164945
2013-05-06,67.18527221679688,67.94229225632668,66.68374950888658,67.94229225632668,16305
2013-05-07,68.58576202392578,69.07782003113861,66.81623170630758,67.56378706339295,69365
2013-05-08,69.21029663085938,70.40260073711795,67.21366319700138,67.21366319700138,178405
2013-05-09,69.10619354248047,70.02407788062666,68.55735444263345,69.17243224629117,52295
2013-05-10,68.84124755859375,69.74020254270164,68.49112452526299,69.07781541961985,17635
2013-05-13,68.14102172851562,68.69931852184015,66.99603392875757,66.99603392875757,18205
2013-05-14,68.12208557128906,68.69930450275014,67.19473639158217,67.38398779014533,14390
2013-05-15,68.86962890625,69.83482974309251,68.14100313053584,68.86962890625,23390
2013-05-16,71.34886169433594,71.53811307776625,68.3775702137193,68.3775702137193,86645
2013-05-17,71.8030776977539,72.86290436018706,70.33636122738528,72.29514291296442,26295
2013-05-20,72.08695983886719,72.86290214435259,70.74325610342534,71.91663068793243,96020
2013-05-21,71.96395111083984,72.46547385523957,71.92609938416155,72.03964734471776,125940
2013-05-22,72.2099838256836,72.38977774076335,71.86932547052164,71.86932547052164,65655
2013-05-23,72.81558990478516,73.24141641654592,67.47861915875498,72.10588627132924,93555
2013-05-24,68.23562622070312,72.81557599502703,68.13153579678874,72.81557599502703,70090
2013-05-27,67.6395034790039,69.05891101193129,66.73107630478795,68.2356520438206,21475
2013-05-28,67.18527221679688,67.98960149662346,66.4566463848189,66.4566463848189,260735
2013-05-29,65.28326416015625,68.68983949932613,64.98991513903661,66.68374168362027,164025
2013-05-30,66.44718170166016,67.18527227007404,63.86386471221155,64.40323192499571,360180
2013-05-31,64.04365539550781,66.80676644226037,63.40019048686201,66.23900498627374,105215
2013-06-03,64.33699035644531,64.7344225665056,62.83241524767848,64.72495783212977,127885
2013-06-04,64.31806945800781,67.16634844859072,63.98687590549305,63.99633342165206,764705
2013-06-05,64.30862426757812,64.49788294044903,63.51375949996085,63.51375949996085,406465
2013-06-06,64.14774322509766,64.34645936562468,63.77869793276484,64.34645936562468,298145
2013-06-07,63.93954849243164,64.52623927028522,63.42856114774821,64.15719405792665,49940
2013-06-10,62.95542907714844,65.28326285207356,62.832416405903274,63.47588118525714,43815
2013-06-11,61.318389892578125,63.778694100109185,61.015583331950886,62.83242269571433,21400
2013-06-12,61.3846321105957,62.64316766357031,57.97805269422499,61.50764480118589,339705
2013-06-13,58.848636627197266,61.88616777818488,58.545829985900426,58.858097755476585,380335
2013-06-14,59.86113357543945,60.561376074587166,59.24605926552552,60.561376074587166,12945
2013-06-17,59.05680465698242,60.93042180924419,59.0473435301898,59.99361503798298,250835
2013-06-18,59.11357879638672,60.08823723740448,57.96858759539035,57.96858759539035,1324140
2013-06-19,58.668827056884766,59.056798188193966,58.29031705133187,59.04733706243766,60345
2013-06-20,58.67829132080078,60.17340195198154,58.10106876558377,58.29032016874259,82855
2013-06-21,59.68135070800781,63.40019462394448,58.290326747671045,58.2997914847407,322770
2013-06-24,59.075721740722656,61.072354902993354,58.66882476406376,58.96217018739004,259470
2013-06-25,58.67829132080078,59.23659162349321,56.08550955623799,59.23659162349321,274685
2013-06-26,58.5931282043457,58.668831655285416,58.10107021219447,58.668831655285416,6430
2013-06-27,56.77629852294922,59.236603348381074,56.39778842223362,58.10108026571397,17130
2013-06-28,55.88679504394531,57.419753834538874,54.949988297925614,57.20211182677936,279810
2013-07-01,56.587032318115234,57.173719609810334,55.83947700191747,57.173719609810334,348180
2013-07-02,56.09497833251953,56.78575615552444,55.6502331427567,56.78575615552444,60020
2013-07-03,55.26225662231445,56.77628956686857,54.126730109029225,56.587034546364485,1462500
2013-07-04,55.5461311340332,55.75430838453273,54.88374044124284,54.88374044124284,1073135
2013-07-05,56.71951675415039,58.54582478752995,54.91213819512849,54.91213819512849,8065
2013-07-08,56.63435363769531,58.10107750086661,52.300431600412615,55.167633384263695,10455
2013-07-09,56.568115234375,57.72256774437929,55.12032083787039,57.713106616641085,222760
2013-07-10,54.883750915527344,58.66883718556371,54.533631446276054,57.722565618054624,29865
2013-07-11,54.87428665161133,55.57452555008937,54.04156670907319,54.694492753828015,121270
2013-07-12,54.940521240234375,55.82055397036516,53.965859200028774,53.965859200028774,87820
2013-07-15,56.01350784301758,56.972544074496206,55.092450554703845,55.8235986383259,128670
2013-07-16,55.04497528076172,55.65268185038517,54.56070661781893,54.56070661781893,166940
2013-07-17,55.08295440673828,56.023003000005325,54.34231247533914,55.82359996035431,40760
2013-07-18,60.14402389526367,62.22352072851397,55.46277894035606,56.91557784973522,1052270
2013-07-19,60.34342575073242,61.349942114741424,56.23190856839219,60.305443181022525,1921945
2013-07-22,60.115543365478516,60.58081721146608,58.51081405177828,59.82118385520853,42795
2013-07-23,61.74874496459961,61.98613057940704,58.938103776828726,60.70424970833372,43840
2013-07-24,61.82471466064453,62.214023330541266,59.821179344319695,61.15054033419149,20695
2013-07-25,60.81819534301758,61.34043933117204,59.87814674657561,59.87814674657561,763990
2013-07-26,61.93864440917969,62.384923183187475,59.83065582420536,59.83065582420536,34455
2013-07-29,61.40691375732422,62.4893842912571,60.01108161973097,62.479894083057104,411375
2013-07-30,61.71076583862305,62.01461187264171,59.72621845401798,59.72621845401798,32710
2013-07-31,59.84016799926758,60.751727917971294,57.295393842890206,59.84016799926758,1553955
2013-08-01,60.637779235839844,61.34043859489685,58.273420649590555,58.301905762947314,9680
2013-08-02,62.18553924560547,62.47989508205421,60.06805280709986,60.96062139144863,22320
2013-08-05,61.71076583862305,62.28998003818182,60.07754812806276,60.96061922829058,106080
2013-08-06,60.960628509521484,61.710775234063476,60.960628509521484,60.960628509521484,1655
2013-08-07,58.301910400390625,60.29594818274413,58.26392783141584,60.0110861598675,359225
2013-08-08,58.91911315917969,59.63127005543621,58.21645371664826,58.320900352103365,947375
2013-08-12,58.42534255981445,62.289979827911644,57.086487924210964,59.821171043266716,27460
2013-08-13,59.82117462158203,60.00159000611997,58.30190814357151,58.54878758791684,24710
2013-08-14,60.115543365478516,60.70425876380092,58.691229464164024,58.96659406553282,21220
2013-08-16,59.84965896606445,60.58080708114274,57.92208896772341,59.63126463904891,1063080
2013-08-19,58.2639274597168,59.92562680848283,57.8271387859447,59.92562680848283,283245
2013-08-20,57.68470764160156,58.112002496723534,56.640212326607596,57.36186304242243,5060
2013-08-21,58.301910400390625,58.86214061500875,56.8016315258408,58.102507346598706,2116625
2013-08-22,57.333370208740234,58.08350956206812,56.49777189589124,58.08350956206812,1815235
2013-08-23,57.58025360107422,58.634246300360104,56.60222603646914,57.9125956319773,21860
2013-08-26,56.61171340942383,58.67222217488367,56.42180421660197,58.491806811705445,4215
2013-08-27,56.10846710205078,57.16245986848064,56.02300813119925,56.25089992754241,4023570
2013-08-28,56.54524612426758,57.333368012124325,55.67166890238051,56.86809428983735,390235
2013-08-29,57.22891616821289,58.87162395022248,56.41230919192936,57.884099066241625,32735
2013-08-30,56.73515701293945,58.871627360707045,53.23134694659861,58.871627360707045,138415
2013-09-02,56.40281295776367,57.931572987985646,55.85207669594917,56.39331912872592,1043115
2013-09-03,55.956539154052734,57.865117962741024,55.738144816297556,56.21291606069155,1755215
2013-09-04,56.07046890258789,57.44730588374909,55.64317416743908,55.833083341084794,11995
2013-09-05,57.89359664916992,58.21644118419505,56.307859084652904,56.963045606383716,33460
2013-09-06,56.44080352783203,57.73218187608274,54.64616882589014,57.73218187608274,2291805
2013-09-10,57.542266845703125,58.130985729980445,55.310843699007535,55.310843699007535,1378555
2013-09-11,57.16246032714844,57.93158744876646,56.21291780883108,57.16246032714844,88440
2013-09-12,58.72919845581055,60.52383670978851,56.97254639097558,56.97254639097558,66615
2013-09-13,58.4443359375,59.82117318769185,57.74167656659398,58.77667796187288,7665
2013-09-16,58.995086669921875,60.011097029614916,57.73219318939218,57.770175765246705,2704575
2013-09-17,59.71672821044922,60.951132681078526,59.517321541437155,60.72324089744346,764945
2013-09-18,59.26093673706055,59.764193013417255,58.87162452621136,59.11850393851375,7415
2013-09-19,58.871612548828125,59.821154686712454,58.871612548828125,59.631245534692425,60250
2013-09-20,60.011085510253906,61.72026125122914,58.87163380886472,58.89062509314653,1056825
2013-09-23,58.90961837768555,59.63126909381242,58.22594660919476,58.35888198146414,6960
2013-09-24,59.982601165771484,60.713745697823185,58.88112839657388,59.55530631948227,13825
2013-09-25,59.82117462158203,60.32443096325733,59.32741211067436,59.36539467817887,19180
2013-09-26,59.85915756225586,60.580808238255464,59.5553042647595,59.56479809558631,25190
2013-09-27,60.20098876953125,60.76121892260888,59.631261164144625,60.76121892260888,159525
2013-09-30,60.25796127319336,60.761221220314994,59.55530190886033,60.761221220314994,34170
2013-10-01,60.4478759765625,60.77072057450324,59.83067189684082,59.84016935037222,2276805
2013-10-03,60.39089584350586,60.865667048634734,60.39089584350586,60.39089584350586,47080
2013-10-04,61.122047424316406,61.72025653349105,60.03007220599099,60.39089571311374,313390
2013-10-07,66.1451187133789,67.7973202524188,60.390887569385896,61.48286264045817,734375
2013-10-08,64.44547271728516,67.93979052588065,63.71432070130011,67.51249191740666,180220
2013-10-09,63.67631530761719,65.11962390955352,63.15407129915968,63.28700666454407,27960
2013-10-10,64.46443939208984,65.1196260317175,63.23952870447195,63.23952870447195,23730
2013-10-11,63.78076934814453,65.28104085400143,62.546361314222665,64.56888404468505,136890
2013-10-14,63.63832092285156,66.27805456751433,62.47988541738589,66.27805456751433,156600
2013-10-15,65.30003356933594,66.27806106222349,63.144568308537714,63.23952109770897,261735
2013-10-17,66.01216888427734,66.27804677886526,64.5688679643881,66.08813399701674,153990
2013-10-18,66.21158599853516,67.89227263710616,64.54988701790668,65.1765811520673,402645
2013-10-21,65.88874816894531,66.65787521354946,64.18906636201685,65.26205393671364,232245
2013-10-22,66.47744750976562,67.22758667263044,64.40744534669471,64.40744534669471,60940
2013-10-23,67.256103515625,67.76885738452744,66.23059577782014,66.84779991137502,46235
2013-10-24,71.99430847167969,76.34321464357352,66.30655120862652,67.22760854682608,1271360
2013-10-25,76.30522918701172,76.91293575415654,72.08925853856509,72.08925853856509,676350
2013-10-28,74.90940856933594,78.48918791448541,73.32367430497516,75.96340134251814,847705
2013-10-29,75.0708236694336,77.86248078658616,72.35513168683453,74.48211198772886,138420
2013-10-30,72.43392944335938,75.20410208528418,72.15786288062337,75.00419331836648,101195
2013-10-31,73.65242004394531,75.58487858696992,72.3482451160586,72.43392444614497,139725
2013-11-01,71.68186950683594,74.78522264576466,71.2058942969972,73.96654470381762,65235
2013-11-05,72.09123992919922,73.60483827068043,71.79613023164347,72.61480853075696,59090
2013-11-06,72.3387222290039,73.1097997939681,72.09121307053417,72.34823650458698,26150
2013-11-07,80.18280029296875,83.56222048349254,73.23355817603874,73.23355817603874,2559870
2013-11-08,81.14425659179688,82.59122538340007,79.20227674799622,79.20227674799622,342205
2013-11-11,78.14562225341797,81.50600643943768,77.49829560690382,81.24897573091256,50175
2013-11-12,77.18415069580078,79.01189396986145,76.17507819554979,76.17507819554979,55070
2013-11-13,77.33647155761719,77.86956887952502,76.53683646896646,76.75578105917957,33510
2013-11-14,77.83148956298828,78.76439716140834,76.53683605828479,78.23130710516831,14750
2013-11-18,78.745361328125,81.63929226379233,76.15605431922228,76.15605431922228,309180
2013-11-19,79.71634674072266,80.63021850858556,78.09803351357512,78.09803351357512,207380
2013-11-20,82.88634490966797,90.8160957685968,80.15424386018292,80.52551130489279,1224290
2013-11-21,80.4969482421875,84.1524426784327,79.96385817842967,83.73358204959018,153910
2013-11-22,85.20911407470703,86.43713141963293,81.83920753200968,82.43893389277484,1021760
2013-11-25,88.1886978149414,90.2449144761239,85.69458477505664,85.72314939213385,405090
2013-11-26,88.14110565185547,89.86413383206789,86.29431925131419,88.54092314182637,477355
2013-11-27,84.65697479248047,88.16015360730675,83.8002177225596,88.15063206686115,1119550
2013-11-28,84.89496612548828,86.57991571666506,84.07628791923291,85.59940762989139,165985
2013-11-29,84.91397857666016,85.67554185381636,83.96202811161776,84.53320420088774,114560
2013-12-02,83.9906005859375,91.76803487005171,83.21951569838927,84.05723683421388,3222210
2013-12-03,82.99107360839844,85.17104187954499,82.34374675380991,84.09533279398566,143135
2013-12-04,85.45658874511719,86.80835652685946,81.35367771348403,83.10527017018516,201675
2013-12-05,83.72405242919922,88.34101865299161,83.200483956481,85.29477237296727,416250
2013-12-06,84.06675720214844,85.37093217041034,83.40039467109892,83.82876954637263,104015
2013-12-09,85.02823638916016,86.42760508277136,84.23812282644727,85.29478142359896,117690
2013-12-10,85.88496398925781,88.53138486954597,84.5427104744441,84.78069806817945,712470
2013-12-11,86.55133056640625,88.06493551301743,85.67553792183412,85.86592510098272,1300675
2013-12-12,86.24671936035156,88.87410494188039,85.48516326935626,86.51326435534024,153085
2013-12-13,83.93348693847656,86.91308959596182,83.44799011614674,86.24671984196266,87600
2013-12-16,83.41943359375,85.64700191140668,82.89586508923415,84.46658512839599,93980
2013-12-17,83.37183380126953,84.71408760943149,83.01008793153743,83.76213702644226,45595
2013-12-18,84.73312377929688,86.12297076472827,83.26711900383474,84.49513613255574,1673455
2013-12-19,86.19913482666016,87.57946037306938,83.96204497427627,83.96204497427627,201825
2013-12-20,90.29252624511719,92.8818334202153,87.57946808841797,88.60757663079065,1572935
2013-12-23,89.06448364257812,94.05270933423284,88.15061206298175,90.62568183223931,307355
2013-12-24,87.07491302490234,89.95932186552581,86.34190707586379,89.35007412915412,156045
2013-12-26,88.58851623535156,88.91218320038625,87.57945097216165,87.96023264634101,91030
2013-12-27,88.8550796508789,89.29298338780048,87.9507293421583,88.62661350412563,97520
2013-12-30,88.44573211669922,89.99740895174766,88.05542889168083,88.63611932809914,61965
2013-12-31,87.95069885253906,88.62658278019963,86.27526407728162,88.62658278019963,76180
2014-01-01,86.827392578125,88.3505117211068,85.86592066860322,88.34099744660423,89975
2014-01-02,85.25670623779297,88.53141911853402,84.19052605359471,88.28390989171322,655150
2014-01-03,87.1320571899414,88.70277749185067,84.73314432475532,87.00830619824019,48855
2014-01-06,91.96795654296875,93.23405270100355,88.86459526669623,88.86459526669623,376445
2014-01-07,98.92671966552734,100.89725741693,92.33922225398689,93.06270685368679,1761325
2014-01-08,97.52734375,101.83016486823264,96.2612548719657,99.93578505854202,955380
2014-01-09,95.09989166259766,97.09898700123789,93.96706782348446,95.30932201229676,770915
2014-01-10,94.6714859008789,95.67103695327465,91.62524683336005,93.86232932945735,968925
2014-01-13,95.10938262939453,97.67012466191372,93.67193526995247,93.67193526995247,194380
2014-01-14,94.6524429321289,99.00285663007273,93.92895848470799,94.81427278162379,217060
2014-01-15,98.29841613769531,98.97430015879769,94.3382983510147,95.18553376217166,333115
2014-01-16,103.41039276123047,104.50513742176584,97.32742890838202,98.222264811172,1154390
2014-01-17,108.8650894165039,118.99384491461096,101.906331689996,103.4960877149813,3566480
2014-01-20,111.55909729003906,113.88185190177742,105.92354400856526,109.47432307435102,1261595
2014-01-21,108.44622802734375,112.52057608770836,107.09445970129902,111.69238358088201,1298535
2014-01-22,108.06542205810547,111.18782592870299,104.56224378191877,107.87503485531087,3110405
2014-01-23,109.32201385498047,112.66336281356966,106.61847737901722,106.84694351124334,1276400
2014-01-24,99.7549057006836,109.83605921559239,98.44121646813093,108.52236998303972,430585
2014-01-27,97.57494354248047,98.98383372780219,94.50013968692127,98.26034918599876,499815
2014-01-28,95.49967956542969,99.95480846166171,93.90040233953084,96.57538107997823,557705
2014-01-29,94.07176971435547,97.44167612947902,91.43486941967019,95.67104721199364,292235
2014-01-30,95.11888885498047,95.89948794687821,89.10256219813782,93.08171543800817,309785
2014-01-31,94.14791870117188,96.20412828403703,93.08173138162262,95.38545016172021,278495
2014-02-03,93.03416442871094,96.71820975464601,91.95845526610232,94.24313887316508,109640
2014-02-04,90.75895690917969,94.18598450905287,90.43529722630606,93.2911487176631,112815
2014-02-05,98.2508316040039,100.71638771194617,90.65426902884674,90.65426902884674,1958210
2014-02-06,98.2508316040039,101.9729623547515,96.71819038461462,99.38365526950231,1732580
2014-02-07,97.87954711914062,101.28753154774752,96.71816638269202,98.37455816833221,740925
2014-02-10,100.30704498291016,101.6683347351921,98.00331883556646,98.00331883556646,164010
2014-02-11,99.79297637939453,101.85870729835307,99.02189150693242,99.9548062273558,170845
2014-02-12,101.98243713378906,104.25759786144268,99.91670664262318,99.91670664262318,328510
2014-02-13,100.97340393066406,103.9530068144252,100.32607720600075,102.42988724545476,235010
2014-02-14,103.94351196289062,104.33380802093954,101.01150170541531,101.09717379274007,157250
2014-02-17,107.83698272705078,108.52238844771723,100.44032839427612,103.09627193045459,594650
2014-02-18,108.84600830078125,109.47429906853858,105.9615996699808,108.3319614616412,226630
2014-02-19,112.02554321289062,116.84241076631835,107.57041426095137,108.12254733385988,1098235
2014-02-20,115.47161865234375,117.0899318788802,111.37822788478847,112.215941855978,553175
2014-02-21,121.59263610839844,122.80161000349604,115.94756955958597,115.94756955958597,1193290
2014-02-24,123.73452758789062,134.8057170579698,121.8496695787656,121.8496695787656,2942560
2014-02-25,122.07815551757812,126.79030828874482,119.94578085100585,123.79165505210126,1115475
2014-02-26,120.96437072753906,125.65748779714156,120.39320178102258,122.80163580175197,712560
2014-02-28,119.73634338378906,125.4290038132314,118.4797689024735,121.84967484391223,1169950
2014-03-03,117.24224090576172,123.56319239088072,116.16653206558611,119.94577715874814,420535
2014-03-04,115.28121948242188,119.18421560073936,114.51966333847112,117.8229259135547,537640
2014-03-05,120.8786849975586,122.42084751545379,111.83515470051752,116.1379680251591,1146065
2014-03-06,118.03236389160156,124.68649717390437,117.05185584401333,121.92584598614202,956315
2014-03-07,116.03324890136719,118.98429407605524,114.23406299029453,118.78438533735896,307100
2014-03-10,116.06181335449219,118.79391414274112,114.88139666497285,114.88139666497285,674265
2014-03-11,113.91992950439453,116.81386027475565,112.96797887978127,116.20461245602772,365375
2014-03-12,114.17694854736328,118.51784062695124,113.720009098709,114.19598436227106,399105
2014-03-13,115.09078979492188,116.13793364572412,114.2530689040367,114.31970513282945,205445
2014-03-14,113.72954559326172,115.26218672450184,109.47432501539673,114.23407827693572,420320
2014-03-18,113.18693542480469,115.6715272393663,111.94939665623423,114.9670785186442,1254265
2014-03-19,110.95936584472656,114.28167885456881,109.85510686335746,114.2340784167723,263285
2014-03-20,114.67196655273438,115.8999836784411,109.85509891861555,109.85509891861555,549150
2014-03-21,115.37641143798828,116.97568875899911,114.64341266131143,115.37641143798828,321625
2014-03-24,115.56682586669922,117.6230357698952,114.63391090890671,114.92902058870666,281720
2014-03-25,117.21366882324219,117.85148121265226,114.68148413222758,115.17649522350649,2415185
2014-03-26,122.40180969238281,123.4584754376921,117.35646861545007,117.35646861545007,3285845
2014-03-27,120.49790954589844,124.44849875367898,117.48974214241096,123.75357887792089,1506045
2014-03-28,119.97434997558594,120.70735610874239,118.42267289207449,120.6407198478016,217650
2014-03-31,117.96570587158203,121.41176934452865,116.55682317899155,119.37459582697855,206975
2014-04-01,114.30069732666016,118.80342642992557,113.03460140659963,116.73768830563512,217380
2014-04-02,116.64250946044922,117.85149082698103,114.61485723440093,114.61485723440093,116145
2014-04-03,114.5006103515625,117.66108586937409,114.05319243351585,115.20505172103688,703615
2014-04-04,115.7857437133789,116.5282712491098,114.2435884581684,115.73815054317981,265230
2014-04-07,113.22501373291016,114.99564254010247,110.42627647067577,113.11077703919199,464085
2014-04-09,110.30253601074219,114.24361153449001,109.85511799621877,113.32021814499407,410245
2014-04-10,108.51284790039062,111.7114025280698,108.14158774385704,111.7114025280698,158840
2014-04-11,105.12390899658203,107.43714933197114,104.71456993269648,107.43714933197114,245405
2014-04-15,106.46614837646484,107.5704145249924,105.08582295361187,105.10486603220384,227180
2014-04-16,106.1234359741211,108.50331202315427,104.82878282242264,106.16150759963695,173740
2014-04-17,108.67469024658203,109.96933645542833,106.23769163139532,106.23769163139532,1085980
2014-04-21,110.06450653076172,111.60666151190539,108.80793230847924,109.47429467529378,126925
2014-04-22,110.54048919677734,112.12072317180979,109.52190250276564,110.98789980884894,187745
2014-04-23,110.82609558105469,111.77804625382679,110.19781191368487,111.30207091744073,89930
2014-04-24,110.82609558105469,110.82609558105469,110.82609558105469,110.82609558105469,0
2014-04-25,111.18782806396484,113.28211638614926,110.80704638825685,110.94984042449815,81395
2014-04-28,110.8355941772461,113.47249379932396,110.23586799215985,110.8260726389034,1431735
2014-04-29,110.9308090209961,115.1860296245471,110.42627633427657,111.73996562778066,308120
2014-04-30,111.36871337890625,113.00606978934839,110.99745317686504,111.8161313820861,206015
2014-05-02,109.89315795898438,112.7109303088551,107.95117824566701,112.70140877114325,91060
2014-05-05,108.5223617553711,110.6642504742271,107.59896856785973,108.96977967202558,731015
2014-05-06,107.97024536132812,109.66471642504014,106.047308165931,108.2082330334856,505055
2014-05-07,103.00106048583984,107.77033541765807,102.42989153142739,106.91357835463575,421070
2014-05-08,101.23995971679688,104.52419412651996,100.2023368966484,103.0010671327197,71095
2014-05-09,105.36187744140625,106.02823985978982,99.70728937213036,102.04908663748562,137240
2014-05-12,104.60032653808594,108.13206229884351,103.5151034639041,108.13206229884351,114775
2014-05-13,108.19871520996094,109.26489529808912,104.05772403988249,104.71457231760941,154835
2014-05-14,109.68373107910156,113.09172289268705,105.9711299200576,105.9711299200576,582315
2014-05-15,111.03550720214844,114.56724273215126,109.87412641479537,111.35917415307266,260220
2014-05-16,111.81612396240234,112.84423242112952,106.80886144331897,110.85465175954783,99740
2014-05-19,119.71730041503906,120.51693537227968,112.33016228539674,112.33016228539674,659035
2014-05-20,128.45623779296875,132.13076830514677,117.11850076276994,120.0981112877831,764825
2014-05-21,128.37054443359375,129.79847033596693,126.04778264163524,128.5038169367907,439785
2014-05-22,129.55093383789062,130.4172122374393,125.84784715173522,129.4652617831514,246845
2014-05-23,128.51333618164062,132.130751512617,126.19057429988904,131.35014501684861,1917555
2014-05-26,130.2458953857422,130.97888693050382,126.99021136819225,128.51333822405638,301070
2014-05-27,127.5042953491211,131.26449818872553,126.0382829497426,130.39821945505793,113360
2014-05-28,132.91134643554688,137.04282333737908,126.28577797955387,126.29529225692804,522355
2014-05-29,139.4226837158203,140.69829396458314,133.83472411905979,133.83472411905979,1012035
2014-05-30,135.1579132080078,140.8696155861672,133.492000014378,138.9847578685455,124250
2014-06-02,141.41229248046875,143.74456900624145,134.24410420796838,137.44265943707893,372065
2014-06-03,139.11805725097656,144.6679308782746,138.6991966714653,141.45986207023813,149380
2014-06-04,141.1171875,146.2196442127797,137.57592947038935,139.0038556266641,310795
2014-06-05,141.69786071777344,142.78308388276554,140.67926654526997,140.88869685128725,130630
2014-06-06,142.8687744140625,143.7445673861892,141.08863110853665,141.96442408066335,114975
2014-06-09,147.8855438232422,151.34111491130332,142.31662653970358,143.6779090386579,389985
2014-06-10,148.40904235839844,150.78891805064734,142.6021543846762,147.5522929194322,211080
2014-06-11,142.61167907714844,149.79890709794626,141.2694256025117,149.4562043922009,166055
2014-06-12,140.60308837890625,145.59131431447943,139.57498007803488,143.93491518658465,417505
2014-06-13,140.51742553710938,144.66793064227542,137.080883366142,140.88868568186814,240785
2014-06-16,136.47158813476562,140.28890340003963,135.19597828858724,140.18418829173496,174245
2014-06-17,136.12890625,137.3378873167338,135.17695585664336,135.17695585664336,126000
2014-06-18,133.35873413085938,139.56545508904964,131.17877400672424,136.37641529338893,595200
2014-06-19,133.89186096191406,135.157957143715,131.18832444356158,133.27309881338365,247305
2014-06-20,132.88278198242188,136.4621255675302,131.17879678411708,132.9874971304035,74925
2014-06-23,129.59854125976562,135.7291048403252,128.5133182643357,135.17697180396794,152940
2014-06-24,131.14068603515625,131.55954654854204,128.30387782033074,128.8940824388594,159055
2014-06-25,128.01829528808594,135.08176604066998,127.57087740461398,129.46526407134868,1774605
2014-06-26,128.4086151123047,130.03645702018508,124.70552788068892,129.04642026755218,648850
2014-06-27,131.2454071044922,132.49245990040612,128.56091432312834,129.4652643676329,348785
2014-06-30,128.3134307861328,131.12169702249662,127.60899655176551,130.22686102418822,253790
2014-07-01,128.38006591796875,132.11171074260096,127.80888971470684,128.31342239982203,215105
2014-07-02,125.98114013671875,129.65567006929433,123.76309347418557,129.465282852575,626285
2014-07-03,123.1728744506836,127.18059244163973,122.26852438200487,127.18059244163973,154080
2014-07-04,122.72547149658203,127.180607926426,121.94487954589462,121.94487954589462,435685
2014-07-07,134.97708129882812,136.49069392816241,123.7535891086312,123.7535891086312,1064250
2014-07-08,131.85470581054688,136.86197653260916,127.83747209786705,135.51972236011298,632705
2014-07-09,128.99880981445312,133.0541283285119,128.50380600219276,131.37868611590088,198670
2014-07-10,134.0822296142578,136.12891731610858,128.50379927468512,130.95030443117417,398545
2014-07-11,129.04638671875,135.13887765508227,127.75173366577023,135.13887765508227,210480
2014-07-14,128.73228454589844,131.1407185697627,126.98069880592708,130.41724129254348,94905
2014-07-15,131.70895385742188,133.73157126339848,128.90399451417068,130.51637009297204,291280
2014-07-16,133.2641143798828,134.5234902122204,131.7089945697173,131.7089945697173,293585
2014-07-17,133.53125,134.72383398466096,131.9093241345331,134.2277149708272,297590
2014-07-18,131.0316162109375,136.24083073924172,128.4937933751505,133.5694390467245,1618000
2014-07-21,133.83653259277344,134.3421869948033,131.66126075365017,131.85207126345054,707490
2014-07-22,133.2641143798828,135.48709295090651,130.97435866752036,134.5234902122204,852625
2014-07-23,132.19554138183594,134.5139321160508,131.1269908371594,133.760210918502,177130
2014-07-24,133.53125,136.62241837117884,130.8980152448062,133.47399374009188,586860
2014-07-25,132.73934936523438,135.19129404047743,131.67078440173378,132.81567647390636,722260
2014-07-28,133.6648406982422,134.5234954845531,132.99698191120885,132.99698191120885,359535
2014-07-30,134.48526000976562,135.47748305766805,133.76015993831405,134.48526000976562,744370
2014-07-31,131.69943237304688,134.71428827595832,131.27965502575313,134.71428827595832,462890
2014-08-01,132.939697265625,134.14183104771388,130.70718389589945,130.70718389589945,277020
2014-08-04,133.79837036132812,134.70473116098765,131.62309861898206,134.70473116098765,155825
2014-08-05,133.30226135253906,134.5234661214915,131.8997814985546,134.50438070256467,434060
2014-08-06,142.0415496826172,143.68254666563698,133.30228938847227,133.5694270779953,1329865
2014-08-07,141.4785919189453,144.00687825541425,140.51498947007812,143.87330945499792,295830
2014-08-08,143.5966339111328,145.85778283642384,139.28426110289976,140.05705312426295,1091790
2014-08-11,148.87266540527344,152.07833233778308,142.63307123627195,143.68255116217884,880085
2014-08-12,147.6991424560547,151.69668639536164,144.38852807260486,150.68537748199154,800505
2014-08-13,146.93585205078125,149.2733278251796,143.1100486575168,148.33833169225747,191410
2014-08-14,152.4027099609375,156.27622072271694,147.8804258896574,148.74863059361792,1238040
2014-08-18,149.30197143554688,152.53625844604815,147.88040616127824,152.53625844604815,336285
2014-08-19,148.14755249023438,151.18149373256858,146.06769299833252,149.07299883161383,318360
2014-08-20,145.7814178466797,148.8344288604411,145.01816145376313,146.92629515710212,156865
2014-08-21,149.2256622314453,152.26913909157722,145.20903269902203,145.60973919751592,463735
2014-08-22,148.74859619140625,149.98888625908273,146.3538785960389,148.52915028978816,229505
2014-08-25,148.92990112304688,155.2076507148608,147.30797517812897,147.30797517812897,888820
2014-08-26,150.5040740966797,156.2761825441402,149.21607778203952,149.22562776940762,722445
2014-08-27,147.0599365234375,152.00201282462615,145.01823303538734,151.21967063229536,643275
2014-08-28,144.43621826171875,148.80584734406432,143.71113250367912,147.49878007039135,260040
2014-09-01,141.09695434570312,145.9722368245788,139.1029580032386,145.01816991722862,1264780
2014-09-02,146.66873168945312,149.9793457019806,138.3397299552579,141.29734379815446,4632550
2014-09-03,144.56021118164062,149.02523698986937,143.224508875438,143.6824714387727,589220
2014-09-04,146.0963134765625,147.58465596383272,143.74930178346793,145.90548839221708,214395
2014-09-05,153.09913635253906,154.55885773316413,147.52738843185858,147.88038857185455,10482415
2014-09-08,161.10379028320312,167.61052111034218,152.67937503951794,154.53026776330995,1938915
2014-09-09,173.05824279785156,186.55828738446428,159.57726907287923,159.57726907287923,3450660
2014-09-10,169.72854614257812,177.05578968288182,164.35715779818435,173.44941689343645,1201010
2014-09-11,170.5013427734375,171.3218410854637,167.48648715641949,170.39639480708848,318035
2014-09-12,166.59918212890625,171.26456937954472,165.41614831450218,169.44231239428188,244135
2014-09-15,169.12750244140625,170.778034678001,167.2670742489543,170.33915734541483,289225
2014-09-16,160.2737579345703,170.54905143829882,158.98576136114403,170.53951600692244,792640
2014-09-17,158.32742309570312,161.23733049250444,156.48608068793357,161.23733049250444,507450
2014-09-18,159.16702270507812,163.95644382384987,158.27973269481032,158.37514523196919,539600
2014-09-19,169.08934020996094,171.79890235320815,158.68047723367465,158.68047723367465,2790615
2014-09-22,166.83773803710938,168.67909542939157,164.86282636790267,167.91583870551156,181740
2014-09-23,162.39181518554688,168.47875517170053,162.19145463022787,166.58017040221094,399500
2014-09-24,167.22889709472656,169.49958168169957,158.37515467283006,162.4776465307565,575075
2014-09-25,167.63914489746094,170.57765890088407,165.54973551511117,165.54973551511117,381120
2014-09-26,166.25575256347656,167.61052630190625,162.53489613806482,165.96954403683782,152055
2014-09-29,167.9444580078125,170.94976404281547,164.86282484533533,164.86282484533533,776420
2014-09-30,162.36312866210938,169.0225273611987,162.19140357553127,167.15254947920116,129075
2014-10-01,164.5670623779297,167.35293695331956,162.19142972522414,162.22958600909055,107365
2014-10-07,169.24195861816406,173.0391415176412,161.6189574135545,161.6189574135545,474160
2014-10-08,168.22113037109375,172.66707231846036,164.57658679457094,171.73209056824794,397085
2014-10-09,171.33140563964844,175.54838131337914,166.54198376890517,166.9617757056595,1670510
2014-10-10,169.10838317871094,171.73206754396597,168.77445389087902,169.61403754629112,568435
2014-10-13,170.5777130126953,171.1978655900625,167.89678580694797,169.06074926080407,483240
2014-10-14,166.5323944091797,172.8578485924675,165.81684417358414,170.5871790775543,628260
2014-10-15,166.5323944091797,166.5323944091797,166.5323944091797,166.5323944091797,0
2014-10-16,162.181884765625,171.73209197282162,160.66490688918697,171.73209197282162,1152985
2014-10-17,159.77760314941406,167.91579357091743,159.13838000038274,160.56948051377123,258665
2014-10-20,158.8808135986328,166.1985074574858,157.99353806838604,161.80980696319816,4706170
2014-10-21,158.73773193359375,172.2377792474772,156.72464922271385,161.80982999584486,1413410
2014-10-22,159.76808166503906,161.60942416518606,158.7567583186655,160.6648925030625,199590
2014-10-27,160.0066680908203,163.66073383363764,159.2911174601841,161.63811537623863,266760
2014-10-28,160.3310089111328,160.94161138647604,159.3292353580776,159.3292353580776,66875
2014-10-29,161.54270935058594,164.48122431706886,160.34057503365608,160.47414389576895,339160
2014-10-30,162.85130310058594,166.30910650874748,160.8740412124086,160.89314920544558,529150
2014-10-31,161.04595947265625,165.24881364276877,157.89381155750888,162.86082500631258,513695
2014-11-03,163.07095336914062,165.24879762852393,160.63520228097852,160.96952648773345,139345
2014-11-05,167.5603485107422,173.82642700020247,162.9563149984138,162.9563149984138,1275685
2014-11-07,173.81690979003906,174.80075989557244,166.48100146781547,168.87855127315186,938290
2014-11-10,175.47897338867188,179.55764771841098,171.2856656867553,175.12554113922096,373365
2014-11-11,179.8633270263672,181.29612036766838,174.4187152444482,175.75598319961162,370050
2014-11-12,178.70750427246094,183.39751719458155,177.68545277132705,180.53193098841624,709925
2014-11-13,178.45916748046875,184.92584475104496,176.32908571029625,180.90446549781714,315660
2014-11-14,184.7347869873047,188.21169770654978,176.7111513506238,176.7111513506238,652420
2014-11-17,182.14622497558594,184.9258472679566,180.84715856429807,184.14257999307853,304535
2014-11-18,181.04776000976562,183.2065113032138,180.55106881271118,181.86922877428188,179605
2014-11-19,183.03451538085938,193.9046423604763,181.9933560208943,182.2512628282211,903265
2014-11-20,177.2747344970703,186.98907126527138,175.822847788982,184.84944261119296,299075
2014-11-21,183.66494750976562,185.3078845594989,177.01679651444235,177.0931993108326,872075
2014-11-24,183.89419555664062,187.39976041221487,179.83461570119016,184.31448380310695,278145
2014-11-25,186.9794921875,190.0838771152618,176.9977035655677,184.44823030722097,1024065
2014-11-26,182.66200256347656,186.35861847630906,181.48711636488608,185.42251653991644,271185
2014-11-27,182.7001953125,186.04337860998592,181.8691655531845,182.94854082469772,274125
2014-11-28,184.99270629882812,188.3645451669425,181.6017594401366,181.6017594401366,242415
2014-12-01,179.34747314453125,186.45412885977083,178.62152992769873,184.92582504931428,185400
2014-12-02,178.89852905273438,183.20646936992546,177.89558560450402,181.48711484062105,294820
2014-12-03,178.49737548828125,181.48714201820047,177.6663600809752,181.1050696545285,520280
2014-12-04,180.96176147460938,182.2512810651555,178.62153571317825,178.62153571317825,1981450
2014-12-05,177.81915283203125,182.82436665882022,177.093195107445,182.38498500195033,88915
2014-12-08,179.46212768554688,184.3527237766168,177.86695301639128,179.20422083031633,347095
2014-12-09,174.64791870117188,180.91399802320333,171.95427532529388,179.75821978262042,148460
2014-12-10,171.20924377441406,175.46940747036638,169.37527019441478,170.97999161124176,238405
2014-12-11,170.4641876220703,172.12621838870942,170.02479129891654,170.45462633942233,484420
2014-12-12,170.50241088867188,173.08143603750858,168.13352993327123,173.08143603750858,131475
2014-12-15,166.49058532714844,171.35252712158896,164.52288484924927,171.1710376371974,319060
2014-12-16,157.05325317382812,164.82854449613833,154.044392971724,164.82854449613833,2058400
2014-12-17,161.4853515625,162.3736909712235,156.84310077289746,156.84310077289746,739695
2014-12-18,164.34133911132812,165.24877164754741,162.0011137573555,162.0011137573555,151030
2014-12-19,166.3759307861328,169.06958885892848,165.0577710213688,165.0577710213688,188735
2014-12-22,166.11805725097656,168.76393836113823,163.3479814833971,167.54128925514695,264365
2014-12-23,162.478759765625,166.204016371487,161.42803888954774,165.58314512888555,474300
2014-12-24,161.04595947265625,165.4016484135322,160.09076401807377,163.52945890949513,2005720
2014-12-26,161.99160766601562,162.94680320327635,160.0907778749482,162.94680320327635,70980
2014-12-29,161.08413696289062,163.13780105530122,160.19581231807194,161.99156959499942,2603215
2014-12-30,160.90267944335938,163.71095655207094,160.0907720115008,161.8101122554962,61655
2014-12-31,162.4596405029297,164.48465015073273,161.14146614533115,161.14146614533115,657735
2015-01-01,163.48171997070312,166.96819263148404,160.76896798363808,162.4596682648921,154345
2015-01-02,163.18557739257812,164.86673061182805,162.38321676073159,164.48464370966897,287810
2015-01-05,162.27813720703125,164.10256382107127,161.81008623912524,163.92107437279904,112950
2015-01-06,159.98568725585938,164.10257721268036,158.56244082311275,162.7652948703017,230500
2015-01-07,161.1223907470703,162.93727117647248,158.8012723784426,158.8012723784426,85480
2015-01-08,162.05848693847656,163.33844552821077,159.82333276085808,161.44716234523574,380605
2015-01-09,165.56402587890625,166.91085493525375,160.66386865162633,160.66386865162633,454685
2015-01-12,162.96591186523438,168.52514233588727,162.38324200210408,168.4964876356618,497120
2015-01-13,163.39572143554688,168.81167755957117,162.38321665197222,165.82192589347574,247960
2015-01-14,161.41848754882812,165.97475944173948,160.5014934855583,165.97475944173948,1016555
2015-01-15,161.5426483154297,164.2840691421436,160.5779061670796,162.38322496753716,550140
2015-01-16,159.76596069335938,164.00703015903568,159.51761516230687,162.19216491837625,1124635
2015-01-19,154.52197265625,163.71094825859757,153.40439572421795,161.04595935530972,2052945
2015-01-20,154.20675659179688,155.98342072115463,153.78646825956426,155.12373606655356,311040
2015-01-21,152.64024353027344,155.6299955286099,152.44920734565514,154.5506345267096,1180825
2015-01-22,149.47853088378906,154.3595798788572,149.01047989860106,154.01570895762467,1337590
2015-01-23,148.7335205078125,153.59546284975528,148.24636140008627,149.96571647856052,1045085
2015-01-27,152.0957489013672,154.16852102644518,149.2492708880255,150.5387904185477,366310
2015-01-28,155.11416625976562,156.0789082786315,151.30293171471837,152.63065261648129,1628450
2015-01-29,166.27088928222656,169.5663108739357,156.07894037296805,156.07894037296805,1486110
2015-01-30,162.27813720703125,167.80871186292887,159.17375232376787,167.02545925606245,216150
2015-02-02,154.64614868164062,163.13783626175436,151.1119281766953,163.13783626175436,280565
2015-02-03,151.67550659179688,157.36847891901002,139.8788493905931,154.6461655628938,623410
2015-02-04,152.35366821289062,154.35958440812615,143.2793117989567,154.35958440812615,573470
2015-02-05,153.41390991210938,156.36545974093957,150.61518024641154,152.82169352027393,178545
2015-02-06,153.64320373535156,157.40666180462853,148.4373765416232,152.449209346905,394410
2015-02-09,154.0443878173828,154.74167647602312,151.73281637459576,153.02232160015296,84475
2015-02-10,155.8496856689453,157.94156593645386,152.84081140022235,156.45144886258976,408225
2015-02-11,153.6909637451172,157.60727147236034,153.04143774359554,155.3148078991772,114865
2015-02-12,155.1905975341797,155.84968469105374,153.25155204156113,154.14943804802,285495
2015-02-13,155.6586456298828,156.07891935422643,154.40732743823816,155.69684703205047,198490
2015-02-16,156.62338256835938,157.32067109221396,155.60131654869465,155.8878780684686,159555
2015-02-18,158.35227966308594,158.56242380039757,155.9451833653223,156.07891012769116,343410
2015-02-19,156.53741455078125,159.68954746370042,154.9708948005286,158.93494956988087,618580
2015-02-20,156.61383056640625,158.18035030306154,154.8180587066585,156.92903219486303,1021050
2015-02-23,155.0950927734375,156.65206614366213,153.02232023262502,155.69687061839588,911965
2015-02-24,155.35299682617188,158.08485656184695,153.20380693333712,155.69686779203053,264835
2015-02-25,153.43304443359375,156.26997598692603,153.15602960070757,154.84672956913673,798805
2015-02-26,153.8628692626953,156.3463684362671,149.96567047211212,152.8312565320888,467555
2015-02-27,156.00254821777344,156.4610380124811,151.40804526148685,153.56679658786075,999780
2015-03-02,154.60794067382812,156.65205841403053,153.78647197962755,156.65205841403053,2925310
2015-03-03,156.09803771972656,157.35890270194983,153.99661065781356,154.18764683160097,2047680
2015-03-04,160.4823760986328,163.14737946309833,156.6520477393678,156.6520477393678,648955
2015-03-05,176.57740783691406,183.91330091501894,160.759375634017,161.20831860144062,2675105
2015-03-09,173.15780639648438,177.6090200845032,171.55308525538038,175.37386653434098,1467740
2015-03-10,165.5258331298828,174.99182468187226,163.37664310754099,172.8617426518759,515635
2015-03-11,162.83218383789062,168.6302131498805,160.66388589479618,165.4398635645293,173885
2015-03-12,157.55946350097656,164.2935933528477,156.9767937787551,162.38320273246575,171500
2015-03-13,162.09666442871094,167.1592032124562,157.71232082534013,158.18037184138032,2292180
2015-03-16,160.03346252441406,162.76532249121507,158.170834041397,162.76532249121507,383210
2015-03-17,158.4477996826172,162.00112733445482,157.23469758088333,160.66384518073588,99105
2015-03-18,160.45372009277344,162.00114656036274,157.8078393143225,158.88720021116927,1088635
2015-03-19,156.12667846679688,161.9724839732119,155.12372042512214,161.9724839732119,793260
2015-03-20,162.02981567382812,168.11440628263057,155.93566378204227,155.93566378204227,723855
2015-03-23,157.46397399902344,161.42802924207743,155.76372728307553,160.4728338027752,167630
2015-03-24,165.57357788085938,167.73232895300544,153.78646937810794,158.9349723351526,961030
2015-03-25,160.82626342773438,169.06960534682048,159.5558516498419,166.94907014764684,468280
2015-03-26,156.10755920410156,160.95995302493193,154.93267307877133,160.60653543177227,473715
2015-03-27,156.2412872314453,157.81735349523018,151.31247645815404,155.1428039967303,3047180
2015-03-30,156.16488647460938,161.42800738551873,154.36911462781964,157.76006089325026,473920
2015-03-31,160.45372009277344,161.04595115511324,156.2699741288658,158.54332928227447,299850
2015-04-01,160.13851928710938,161.16058546524806,157.71232913710165,160.4059728603346,75705
2015-04-06,160.9790802001953,162.82261490817973,158.9445093265189,162.17307445467674,426190
2015-04-07,161.1128692626953,162.5647709185099,156.46107051281038,159.7756010107153,218490
2015-04-08,157.63587951660156,163.33839663531816,157.2251525328177,162.5742374787247,169010
2015-04-09,154.60794067382812,161.21789163350255,153.49991042116199,161.21789163350255,554900
2015-04-10,152.77398681640625,157.22520181685815,152.07669810843626,156.27000621548024,455555
2015-04-13,159.99525451660156,161.42804784063082,154.16855583549824,155.6013491595275,773215
2015-04-15,164.48463439941406,167.04456548604367,158.5624262148482,160.50147158628488,606550
2015-04-16,168.54417419433594,177.4370383337711,166.13707843681823,166.13707843681823,2104665
2015-04-17,161.3993682861328,169.60449329352892,160.47282757992917,169.60449329352892,221725
2015-04-20,158.49554443359375,165.9938331463211,157.05320482040318,159.2501568602889,296110
2015-04-21,161.43756103515625,162.09664815940573,155.9165330720548,159.49851563851982,139635
2015-04-22,161.71458435058594,163.6822845451888,159.34570383646331,162.927686591238,328165
2015-04-23,158.97320556640625,169.83379005440474,157.41624656277412,164.78079688689206,500210
2015-04-24,156.9003448486328,164.09296292175893,155.9642577139491,161.36110430104782,456950
2015-04-27,153.10826110839844,159.89970084592045,152.1721737166589,157.63589245845472,239370
2015-04-28,149.80332946777344,154.16856583230629,149.01051536138655,153.78649341784126,776545
2015-04-29,149.09646606445312,151.6850523513916,149.010501965196,151.6850523513916,282165
2015-04-30,146.9186248779297,150.08031980918824,146.14491881621714,149.10603084450517,951635
2015-05-04,147.76870727539062,151.9906686746734,147.1000734927211,149.52626309701432,346150
2015-05-05,148.0361328125,150.7297899959354,147.10004569366498,148.0552407955719,332315
2015-05-06,141.56948852539062,148.0552575899886,138.52241347264808,148.0552575899886,865535
2015-05-07,141.42625427246094,143.24113460708585,138.49381144104677,142.9736664374033,234090
2015-05-08,139.7068634033203,143.05960833212976,137.16605490835133,141.6077073527732,592545
2015-05-11,138.79946899414062,141.9038546648448,137.82516541029915,140.40420516606352,765290
2015-05-12,139.52540588378906,142.2477041615795,137.1851653794703,138.7994480162776,472250
2015-05-13,136.01026916503906,141.27339044592253,133.16379102225793,139.98388543188608,887215
2015-05-14,136.9750213623047,138.23588634925707,134.27183107157884,136.59294901329685,856010
2015-05-15,137.72962951660156,138.9236237879153,135.07418742320985,137.54814005534183,779715
2015-05-18,136.5738067626953,138.48419717874972,135.84786365163862,137.54810995591725,563845
2015-05-19,142.2095184326172,144.80765149982653,136.879525503936,136.879525503936,1138840
2015-05-20,145.84878540039062,147.6732120804272,142.20949332222992,142.89723516417956,710545
2015-05-21,156.28907775878906,160.8835656263399,145.29478317276536,146.90906584517538,2277125
2015-05-22,159.62269592285156,171.36204039081363,152.83125638427057,156.07891475238657,2151270
2015-05-25,151.5226593017578,160.85490837906286,149.27794415821924,160.2149291748707,518920
2015-05-26,150.88267517089844,157.79828069345618,149.01048573197988,152.82172071024686,1058670
2015-05-27,149.63134765625,151.48442899090907,146.83263224110738,150.68206838470346,690225
2015-05-28,148.74302673339844,155.49625053605345,147.31023365382558,149.10600564426352,1189565
2015-05-29,156.02159118652344,160.4728046222903,148.24630230747215,149.4880590677883,2702330
2015-06-01,154.7321014404297,158.35228543772695,153.27065370727377,155.8783329561231,289120
2015-06-02,149.9847869873047,155.6968514439049,149.22062774617459,153.81511532486118,168455
2015-06-03,150.15672302246094,151.866531053667,148.07440392091505,150.15672302246094,161300
2015-06-04,151.31251525878906,154.3213751067034,149.16332548881425,150.15672234721387,885895
2015-06-05,150.6820526123047,155.20968340218462,148.28451775122292,149.01046090345187,406485
2015-06-08,149.6409149169922,152.6402278910888,148.05528705437976,150.15671402012657,445650
2015-06-09,149.90838623046875,151.41759689091222,148.05530460213782,151.41759689091222,132785
2015-06-10,153.10826110839844,154.1685285636276,148.5424283561818,148.5424283561818,287460
2015-06-11,155.57266235351562,157.34932629166676,152.07665844145163,153.59541555346604,494015
2015-06-12,156.8430938720703,159.26929853742493,153.42349232708804,156.44191352211723,410735
2015-06-15,155.7350311279297,158.54330756673605,155.36250555391192,158.54330756673605,126840
2015-06-16,154.75123596191406,157.32071449202178,154.1876740484685,155.69688486550538,141270
2015-06-17,156.02159118652344,156.3463540788009,154.35956075244277,156.3463540788009,126320
2015-06-18,161.93429565429688,165.24882528114858,156.02163304198575,157.39711692547922,416890
2015-06-19,160.568359375,163.30021891778227,158.6197525143472,161.93428185882826,136940
2015-06-22,165.05776977539062,166.0129651854622,157.1009902604795,159.91881380516554,327040
2015-06-23,161.5903778076172,166.20397258883935,159.8996781433515,164.8857984870265,229455
2015-06-24,165.8696746826172,171.5530989488236,163.9210824878643,165.99385474813516,460145
2015-06-25,169.06956481933594,171.36202766480304,165.17236632194323,166.58605125747715,437380
2015-06-26,167.61766052246094,171.55307491363578,166.27084627991158,167.20693355579203,395245
2015-06-29,161.81011962890625,165.63090181211658,160.6925425893325,165.5927004033405,248575
2015-06-30,163.1569061279297,166.20398145325922,161.0745873793447,161.0745873793447,273715
2015-07-01,166.22311401367188,167.92336072537756,163.14738354078278,163.14738354078278,189605
2015-07-02,167.12098693847656,170.47371741184915,165.91743145434958,166.0033955388945,281575
2015-07-03,161.68594360351562,169.60450775016557,159.75644464544703,167.44577120409474,473570
2015-07-06,162.98497009277344,165.22967018411495,157.60721617383305,158.56241142337143,143030
2015-07-07,169.43258666992188,172.69935361219152,162.38323904047698,162.7653114199332,650850
2015-07-08,164.52288818359375,169.05050580116492,163.33844044443615,168.4582892191499,256295
2015-07-09,161.8960418701172,167.28334228749068,160.7402492495354,166.01293090540807,162780
2015-07-10,160.9790802001953,165.1341860358408,160.4728278023052,163.4912487756643,386955
2015-07-13,167.455322265625,169.71913095676337,161.43758764695943,162.23996295120781,306265
2015-07-14,164.7903289794922,170.55970328975374,164.09302578208636,169.3657089347626,101085
2015-07-15,166.30906677246094,168.11438544221613,164.37002133365445,166.17534000340962,179145
2015-07-16,167.61766052246094,168.87852526456862,166.20397561550146,167.68453118687106,659670
2015-07-17,169.6569061279297,174.27145897709437,168.49847270040775,170.41322807200328,288905
2015-07-20,167.2060089111328,171.9354570709098,166.39224663386662,171.9354570709098,100800
2015-07-21,166.18161010742188,169.8387850430953,165.81780193477348,167.81871766749322,190795
2015-07-22,170.20260620117188,171.37060816291148,166.77519228490272,167.6751296595307,148790
2015-07-23,172.52908325195312,179.6041055727332,167.39753696106283,170.9877041997894,878190
2015-07-24,171.7822723388672,176.15749540526997,170.06857269714214,172.31841611769872,232785
2015-07-27,168.63253784179688,173.66834019103763,161.31817148179616,171.9450717076473,1617620
2015-07-28,158.4843292236328,165.18597444266982,157.2205980072823,165.18597444266982,490555
2015-07-29,156.1387176513672,158.86724980106172,152.0507255982013,156.24402977735176,1658235
2015-07-30,156.19613647460938,158.34066737747978,155.19090176579732,157.96729072918401,283710
2015-07-31,159.44166564941406,160.07353839748507,155.6121550915392,156.84718042717097,306230
2015-08-03,161.72021484375,162.5627117668772,159.06827492594076,159.7575879342408,148560
2015-08-04,160.77243041992188,162.8499528878368,159.4991309321893,162.8499528878368,155940
2015-08-05,165.68382263183594,166.58376022557545,160.00657850515915,162.54362418246484,441035
2015-08-06,166.14332580566406,167.4836634005376,163.71159278498587,164.29559378802952,275530
2015-08-07,163.0893096923828,167.876198563795,161.79684385373133,166.4114117378169,145110
2015-08-10,160.87771606445312,166.14329255640072,159.78630624864087,161.0308999775129,219255
2015-08-11,159.92037963867188,161.8734385112929,159.1544890932938,159.1544890932938,89005
2015-08-12,159.92037963867188,159.92037963867188,159.92037963867188,159.92037963867188,0
2015-08-13,159.2310791015625,163.71160009203714,158.97258301105802,159.5087122295669,75585
2015-08-14,160.83946228027344,162.94569041225867,158.51304135576356,159.75762074619223,106015
2015-08-17,160.8968963623047,163.5201165590803,158.92470060777302,160.83945603678234,85905
2015-08-18,162.246826171875,163.04145154412655,159.2502288125734,162.73508361863966,289715
2015-08-19,158.99169921875,161.98828106323077,157.22054488027413,161.79680847193072,166925
2015-08-20,156.87588500976562,160.83942745924588,156.05253973724453,160.83942745924588,83485
2015-08-21,155.056884765625,156.62698346798965,153.94632322754626,154.7217967574109,182935
2015-08-24,147.89569091796875,153.94632449948773,146.4883446453187,152.22304185864857,1113675
2015-08-25,143.42469787597656,151.82090129128446,140.52384568608676,148.3934886393776,442100
2015-08-26,139.48037719726562,145.21506100053193,134.03289505380218,143.41520062925358,3009530
2015-08-27,143.83645629882812,145.71290874136514,137.24969188535496,141.6727729654763,773950
2015-08-28,147.34042358398438,149.5423952365524,143.34816029013328,146.07669260438,181930
2015-08-31,143.6258087158203,147.34042431166625,142.00783804213702,147.34042431166625,237980
2015-09-01,143.5204620361328,145.71285004531603,142.0652441710716,143.80767820282423,115465
2015-09-02,144.8895721435547,150.0211184228947,140.73455544131014,147.53194457470372,862695
2015-09-03,142.8407745361328,145.1289070491428,140.80156961741568,142.26635658218967,162050
2015-09-04,141.84507751464844,144.1044893750407,140.16008348480918,143.41517629163806,202135
2015-09-07,140.00694274902344,141.6919225144864,139.59526267506567,140.82070516057087,630640
2015-09-08,145.06185913085938,146.86171909863745,140.00690653360235,142.64926347039759,603650
2015-09-09,155.06646728515625,156.6269976113299,145.90435568130707,147.2446932267721,535560
2015-09-10,149.8870391845703,152.60598814356052,147.43615479289332,152.60598814356052,161600
2015-09-11,146.6702880859375,153.6591495216937,144.46831604338044,150.13600594034412,424420
2015-09-14,144.23851013183594,147.96270834462115,143.85555033365927,147.43614775239237,96615
2015-09-15,143.61622619628906,147.24469592767463,140.9738689540441,143.12796881921625,179420
2015-09-16,144.0758056640625,147.04366839382686,140.7345515286013,146.861764255183,185245
2015-09-18,151.9071502685547,165.0806649680306,141.69192978629715,145.521441402143,2848055
2015-09-21,148.90093994140625,150.70081454014814,147.426584835585,148.96796338679152,174295
2015-09-22,151.63906860351562,155.47814830845283,149.5232572455402,149.5232572455402,284875
2015-09-23,151.61993408203125,153.64000204514397,147.81914263196404,150.30833102738083,191500
2015-09-24,152.84536743164062,156.05258906249193,149.8009128901963,152.78792709816832,273335
2015-09-28,152.70176696777344,155.0856430716331,152.04117391438905,153.9463610935848,167075
2015-09-29,153.1900177001953,154.13782698853709,149.54241059141722,149.54241059141722,331865
2015-09-30,152.88365173339844,154.90371932397042,151.68692957330663,153.36234059743518,182640
2015-10-01,152.69215393066406,154.88454213872245,151.50500048458062,153.09425075713852,112175
2015-10-05,152.66346740722656,154.88457626307454,150.5763762479746,154.88457626307454,163255
2015-10-06,152.2135009765625,153.9463524491944,150.49978654177536,152.80707053511907,438765
2015-10-07,152.7113037109375,153.18042401852674,151.26566871829516,151.26566871829516,156090
2015-10-08,152.0028533935547,153.18042381124502,150.40403447303564,151.64861372976313,70240
2015-10-09,152.88365173339844,153.3814922423556,152.19433860051157,153.18043649175326,233070
2015-10-12,151.27529907226562,154.71229734351817,150.09772817162852,154.71229734351817,71580
2015-10-13,150.81570434570312,152.79748314987995,149.5711104434515,152.2230507000949,133020
2015-10-14,152.6538543701172,154.13779256180672,151.715628418795,152.96979072899995,1520570
2015-10-15,152.36663818359375,154.90369757177936,151.28481143651402,152.33791802445853,188150
2015-10-16,151.45716857910156,153.1804515810739,150.51894240352684,153.1804515810739,66120
2015-10-19,152.328369140625,153.18043472444273,150.69124681680069,151.63905601569104,140900
2015-10-20,152.18475341796875,153.5537964071591,150.96887974609518,153.5537964071591,1219590
2015-10-21,151.1699676513672,152.76880163240875,150.54767784703986,151.62951957081245,86950
2015-10-23,151.12203979492188,152.54852287877807,150.37528653545357,152.3857704615525,86490
2015-10-26,145.67459106445312,151.8401056512509,145.16718206352948,151.8401056512509,396430
2015-10-27,146.5458221435547,148.0106089617573,145.75119684210728,146.11499046067414,145955
2015-10-28,146.3543243408203,147.4648859789675,144.56403271631407,146.6702607348669,211970
2015-10-29,142.21849060058594,146.09587403455382,141.55789750929313,145.56931326552132,810475
2015-10-30,144.5448760986328,145.65543769856916,143.1183927239441,144.34383496924494,160020
2015-11-02,145.31076049804688,147.24466720117857,140.08348735908794,143.6161981776842,165285
2015-11-03,141.3472137451172,145.14800359496084,140.92596530708593,145.14800359496084,576735
2015-11-04,141.76849365234375,145.46397221298696,141.5004290610784,141.7589251342359,2252485
2015-11-05,140.67709350585938,143.6066671789621,136.27314986900095,142.84076203232252,3696505
2015-11-06,136.41676330566406,140.1600992729662,134.6073199100156,139.12614413981743,571530
2015-11-09,139.58566284179688,139.77713544812332,134.61687055256036,136.41674519056045,105325
2015-11-10,140.5430450439453,145.51183749447117,139.58566737281274,140.47602159492254,209615
2015-11-13,143.80772399902344,145.52142381226315,141.2993842601089,143.5779480708129,185750
2015-11-16,142.90777587890625,145.2725000081062,141.69190208819595,145.2725000081062,88595
2015-11-17,145.51187133789062,146.46924923169192,142.26636086224138,142.26636086224138,296945
2015-11-18,149.1116180419922,150.07856452756414,145.08105038181637,145.51188215278958,325155
2015-11-19,153.95260620117188,156.82843310684348,150.3098891952121,150.3098891952121,495510
2015-11-20,156.63662719726562,158.17040668876606,152.7063410195043,153.9429395812825,411065
2015-11-23,158.2183380126953,159.32073195187897,155.7930596447272,155.7930596447272,288600
2015-11-24,158.4484100341797,158.75517180912863,154.460609350289,158.17041997443792,247060
2015-11-26,157.14468383789062,157.94992609176825,153.37735946703978,156.88587007537748,570715
2015-11-27,156.21493530273438,161.0079804937862,155.69727823086146,158.17049130470974,93775
2015-11-30,172.5591583251953,174.27507620382676,155.94646669141312,158.93733598130663,1780285
2015-12-01,171.0061798095703,172.13734551239145,165.8392802751047,170.6323230576222,743085
2015-12-02,168.65756225585938,172.8179191524768,167.1908925912583,171.18828781705372,149205
2015-12-03,165.17787170410156,168.65762615430154,163.55782057299237,168.65762615430154,322780
2015-12-04,164.8519287109375,171.59094626851316,161.50637929722618,164.29593394541715,618205
2015-12-07,163.66323852539062,166.78831185297418,162.96345835864474,165.26411309635492,124010
2015-12-08,163.97003173828125,165.51339243087426,162.96348961229296,163.15520843933623,747645
2015-12-09,164.00836181640625,165.24497525208582,163.42360991417823,163.97002390371296,370995
2015-12-10,163.97958374023438,166.02142472604768,163.73035077160242,166.02142472604768,324370
2015-12-11,161.496826171875,164.88071407545615,160.08767006163475,164.88071407545615,2954105
2015-12-14,158.4484100341797,161.04624579215496,157.15429719253092,160.85452699641513,121675
2015-12-15,158.6688995361328,159.3207463629444,156.46409683112904,156.53119182696838,173885
2015-12-16,160.4998321533203,162.90594911986713,158.1704202578547,159.12902886547806,227095
2015-12-17,166.7979278564453,172.54958054115033,158.26631555834987,159.2345051611466,1094790
2015-12-18,162.88677978515625,166.7787285574097,161.0558337561343,166.7787285574097,748720
2015-12-21,159.99179077148438,161.19005168087898,158.93732994754214,161.19005168087898,267015
2015-12-22,158.24710083007812,159.33033316982522,158.1704103909875,159.32073772293538,129500
2015-12-23,159.8000946044922,160.27939903619566,157.2118535987356,157.2118535987356,269570
2015-12-24,160.43275451660156,161.59267749330647,158.18961364257282,159.7042171617706,136120
2015-12-28,161.37220764160156,163.05936855123832,159.63712799202196,162.00489298271535,182895
2015-12-29,171.22666931152344,173.46982462897228,160.28895592785727,161.04625031180484,1377770
2015-12-30,165.39834594726562,171.40882685662518,163.90291864975038,171.0157937617835,472370
2015-12-31,163.60572814941406,167.7756814139332,161.6214159518309,165.77217832150907,232395
2016-01-01,168.71514892578125,169.48203889179487,163.13603868456133,164.68899488822154,187595
2016-01-04,159.67547607421875,167.94826013581346,158.7647860053952,167.94826013581346,410185
2016-01-05,157.58567810058594,161.49680321516436,157.02010249788165,159.1290386387367,212985
2016-01-06,155.56298828125,160.28893585532575,153.81832839416523,159.25363690627543,473670
2016-01-07,157.0680694580078,159.12907268100406,150.53034993282358,155.6780748924595,230190
2016-01-08,161.8994140625,162.65670845885518,155.26584397004558,157.06803290995884,287255
2016-01-11,157.9020233154297,160.34647838068662,156.8283862719819,158.28546093745882,182630
2016-01-12,157.21182250976562,158.57304507135356,156.5024468253293,157.20224168882194,247825
2016-01-13,160.44232177734375,166.4144640758781,157.5089817088922,157.5089817088922,344340
2016-01-14,155.0357666015625,159.89591928165032,153.37737779972085,159.89591928165032,409090
2016-01-15,152.6488494873047,160.41357091817835,151.2109364859717,156.3011461703373,242760
2016-01-18,153.38697814941406,154.33600606117534,146.66713619478153,151.69983204460246,538700
2016-01-19,152.02572631835938,153.2527440912498,150.11810466672168,150.11810466672168,204030
2016-01-20,153.4827880859375,154.3455297758143,149.5141499835388,152.20783718710854,127005
2016-01-21,154.0291748046875,155.77384893380298,150.8082649550008,153.48277567918774,158470
2016-01-22,152.40919494628906,155.294601724889,150.40569174562998,155.294601724889,650320
2016-01-25,153.37741088867188,155.29462852478028,151.49853116931334,155.29462852478028,1094780
2016-01-27,153.78958129882812,154.91116631023505,151.14382664588635,154.91116631023505,660520
2016-01-28,154.3168487548828,158.74563159347994,144.96083163391683,154.17306327810152,2400135
2016-01-29,152.21746826171875,154.14428110031776,148.00917667524172,153.59786712304106,809510
2016-02-01,151.34510803222656,153.95252420820563,148.58431099243595,153.95252420820563,861690
2016-02-02,147.35733032226562,154.43186719879844,145.80438891120542,150.11812805500193,69145
2016-02-03,147.48196411132812,148.19132523488503,142.8327057575966,145.76604623347302,484930
2016-02-04,149.945556640625,152.41876860341694,145.90022714650874,152.41876860341694,221915
2016-02-05,150.10855102539062,153.3582343273753,149.0061567375919,151.6423309822677,413320
2016-02-08,149.67723083496094,151.84368222991242,148.2393171220746,150.50163528210436,521525
2016-02-09,147.36692810058594,148.9294651398425,146.2645338212048,147.2423189019281,160930
2016-02-10,146.9834747314453,148.3830352517801,144.95122895425388,145.94817557310023,256600
2016-02-11,143.7338104248047,146.47543226587234,142.79437786627673,145.4209567011502,1734710
2016-02-12,138.68190002441406,143.72417583528483,136.8317925059362,142.85185315352692,1458395
2016-02-15,140.77166748046875,144.36644944240916,139.42960677168784,139.42960677168784,173475
2016-02-16,144.98960876464844,146.5137935379905,137.2728035214842,140.91552058448477,247130
2016-02-17,139.91851806640625,144.17472797494287,138.90238066083356,144.17472797494287,669595
2016-02-18,142.06582641601562,143.28326373203694,139.39131420244237,142.58348337813302,436695
2016-02-19,140.06228637695312,141.10716611543592,137.665765163623,141.10716611543592,171325
2016-02-22,141.59609985351562,142.0945658541654,138.42309271721203,138.42309271721203,32960
2016-02-23,139.41043090820312,141.56730009159608,138.42306529664853,140.19649692054264,1535975
2016-02-24,138.97911071777344,141.29894244194264,135.93074151379255,139.92813877061064,82795
2016-02-25,136.2854461669922,139.56388734549688,134.58870406178963,137.28240776499214,278480
2016-02-26,137.4356689453125,139.93763722352958,133.24655530457127,136.9084460757251,855890
2016-02-29,134.224365234375,138.99823143208013,133.25616129540256,136.12240595417504,748190
2016-03-01,136.3524932861328,138.73941935196083,131.92371158306628,134.8282944870013,393165
2016-03-02,140.92506408691406,142.06581081560645,137.65621943532676,138.03007625482013,2062675
2016-03-03,141.54812622070312,143.7720902025809,139.7651139314234,141.63439747005438,2559505
2016-03-04,147.7886962890625,150.50156056923785,141.49064495928747,142.12331556220025,1394710
2016-03-08,158.90858459472656,161.35303995590908,145.8810799087473,147.24231727431973,1234200
2016-03-09,150.5495147705078,157.78701412657847,148.80483973570628,157.78701412657847,1262850
2016-03-10,149.98391723632812,154.64275590456697,148.91026559165255,151.460168135347,157215
2016-03-11,148.4596710205078,151.4601198475599,146.2932214074686,151.4505390298182,512525
2016-03-14,151.57516479492188,152.217430706927,147.24226509358564,148.93899153374065,84475
2016-03-15,150.309814453125,153.16646366332716,148.76645419610077,152.8597165520702,71120
2016-03-16,150.34817504882812,152.03533561060064,148.74730038102405,149.87846617832218,36790
2016-03-17,150.338623046875,152.39962615969037,148.3926483117915,150.12772793622665,80810
2016-03-18,151.0978240966797,151.65524054473983,148.2050393555867,150.50197170875043,204400
2016-03-21,148.01284790039062,151.96280515581716,147.0421825627336,151.96280515581716,52660
2016-03-22,147.68603515625,148.9642462548346,146.33093752565208,148.9642462548346,123955
2016-03-23,146.74424743652344,149.15650265353932,146.1003390239641,147.96479769013266,248595
2016-03-28,144.64910888671875,147.75334267795347,143.5823318950833,145.91771489389996,509340
2016-03-29,146.60971069335938,147.61882665904787,140.89140644060762,146.08112474327376,249845
2016-03-30,147.23439025878906,148.57988306844655,145.43721273691855,147.61882306066775,71900
2016-03-31,147.4073486328125,148.48373085637837,146.31174110822354,146.31174110822354,263670
2016-04-01,147.09022521972656,147.81102016722807,146.08110936030232,146.08110936030232,66475
2016-04-04,149.06039428710938,149.54092423044034,145.12004288595142,145.12004288595142,56375
2016-04-05,148.61825561523438,149.71386297012762,147.05172377816737,149.71386297012762,64800
2016-04-06,148.57986450195312,150.40587242271067,146.3213679000492,146.49435164081967,124580
2016-04-07,147.2728271484375,148.56064391935578,146.75384658041276,147.45541621462783,184170
2016-04-08,150.98251342773438,154.82675295827264,144.63951233650224,147.04216204308864,192740
2016-04-11,153.70228576660156,154.05788786220256,149.27181419569274,150.1271568254968,53625
2016-04-12,149.61776733398438,154.7113866863359,148.96425377578595,154.7113866863359,96305
2016-04-13,152.10694885253906,152.46253630971032,149.7715657563293,150.30975693408357,82890
2016-04-18,153.53890991210938,154.15398760370778,150.88639011670548,150.88639011670548,77010
2016-04-20,153.63502502441406,154.73063264412974,150.61729774452286,154.73063264412974,143665
2016-04-21,153.88491821289062,155.21118566855455,152.15502199285592,153.7695957087847,57855
2016-04-22,155.5091094970703,157.40239878797922,151.27083156170903,151.27083156170903,89060
2016-04-25,153.7791748046875,155.71091440670324,152.86617091878702,155.32648168422327,626810
2016-04-26,151.8859100341797,153.19295216987695,151.08824317009373,152.6163249910939,95675
2016-04-27,151.89553833007812,153.48128148925898,151.57838676531955,152.80854241156445,211535
2016-04-28,144.17819213867188,152.23186311403205,142.3137338212426,150.8863852893967,673705
2016-04-29,144.49534606933594,147.13826050604763,143.49583567018047,145.1200290703516,127600
2016-05-02,144.255126953125,145.76398368533438,143.29406685261014,144.7164316952804,81495
2016-05-03,142.96725463867188,144.92782489866545,142.8134962113974,143.4285739143228,108640
2016-05-04,141.2181854248047,144.23591380831937,140.21867462379785,143.8130449820945,294825
2016-05-05,140.18017578125,142.9960738109367,139.5458728264741,142.9960738109367,347750
2016-05-06,138.59446716308594,141.85245993208795,138.3926381134081,140.12254902274805,152385
2016-05-09,137.52769470214844,139.61319318540532,136.56663468232802,138.58485192518364,143605
2016-05-10,143.98599243164062,145.98498399625885,137.42195195721888,137.441162595522,572055
2016-05-11,142.22726440429688,144.92784046286053,140.54540952579958,144.92784046286053,222605
2016-05-12,143.43820190429688,144.15899688874057,141.2854222714982,141.2854222714982,174385
2016-05-13,142.84234619140625,143.35170679576763,141.47764281136145,143.18832836272824,225625
2016-05-16,143.00572204589844,143.5727438911543,141.10282747024425,142.2176458558594,265885
2016-05-17,142.06387329101562,143.43818183000585,141.54489276266548,142.95765190762725,140075
2016-05-18,142.19845581054688,142.90002556246702,141.16050916496764,142.05428799985881,47135
2016-05-19,142.24649047851562,143.63041927503397,141.46803419662714,141.53531543808037,200620
2016-05-20,144.0917205810547,144.5434199599292,140.51659082733894,141.46803085400532,321235
2016-05-23,143.6016082763672,144.15902493252668,140.91063687803717,144.15902493252668,156975
2016-05-24,145.25460815429688,146.06189503668455,143.19794033605478,143.21716564219122,41570
2016-05-25,147.7917938232422,158.87281356507282,140.69916689702853,146.84033921997113,3317440
2016-05-26,152.63555908203125,153.5773937934827,144.16860800605036,147.5995993089703,988910
2016-05-27,153.74078369140625,155.69173449993392,148.33963068106007,152.61634514643808,1012865
2016-05-30,155.03814697265625,156.53739765320054,153.40433386552374,153.76954121859188,189515
2016-05-31,155.2207794189453,159.48788772813376,151.0978388937545,155.6917040499611,366810
2016-06-01,152.818115234375,155.5090856375073,150.5404081754788,155.2303847448063,280615
2016-06-02,151.16513061523438,153.61583670489,148.9739148482656,152.07814940531534,570580
2016-06-03,150.58847045898438,152.07811616154444,148.1569902081631,151.84745651795393,80640
2016-06-06,150.26171875,151.46304360516595,148.21465650412202,150.50198372103318,93520
2016-06-07,152.760498046875,153.57740498747853,149.56016619424489,150.88643380829333,71465
2016-06-08,155.31690979003906,155.65328666152223,151.0786315994893,151.46306440470036,141930
2016-06-09,157.1717529296875,158.5749070444497,154.33662873666378,155.31691408630277,449905
2016-06-10,155.73977661132812,158.38269162284072,153.76960066982363,156.26836254655302,77120
2016-06-13,151.96275329589844,155.6628389635121,150.9728629896322,153.96175920829631,456520
2016-06-14,151.47265625,155.11506693458253,150.11755822833354,155.11506693458253,136335
2016-06-15,157.392822265625,158.38271303056615,151.07865014565454,152.57790160849305,429270
2016-06-16,156.55665588378906,162.4191272909026,154.02907825350493,158.51722634255944,697840
2016-06-17,155.24961853027344,158.5748924238324,153.76959265341324,158.5748924238324,496490
2016-06-20,157.0467987060547,157.61382051645506,151.95317840278383,156.16262537510582,171335
2016-06-21,154.56727600097656,157.61383433165832,152.0204582938019,157.42162527149318,526220
2016-06-22,155.53794860839844,157.402407375449,152.61633262837074,155.33613421833905,222080
2016-06-23,154.79791259765625,156.1529958018281,153.93294995892816,155.6916911932719,90130
2016-06-24,152.83737182617188,153.76960120665618,148.96430116894817,152.98152496145835,96955
2016-06-27,153.89451599121094,155.69169318905156,152.99111740044316,153.84646006656408,141485
2016-06-28,155.1246795654297,155.66287075472007,153.96179065209074,154.18283031956142,45155
2016-06-29,157.1525115966797,159.88191806539055,155.11505473213234,155.672471207789,210265
2016-06-30,158.82470703125,160.1125380631718,154.730598341957,157.1620779998764,140010
2016-07-01,164.16824340820312,164.91786888512203,157.73875094765256,157.73875094765256,360460
2016-07-04,163.1975555419922,165.29267344493698,162.03468144426827,163.3801592427773,86395
2016-07-05,163.46665954589844,164.76409615510315,161.45804806271957,161.71753831748228,107630
2016-07-07,163.31289672851562,166.9937577916857,159.8434846745998,161.58300069358458,1240345
2016-07-08,163.1110382080078,164.57185292152707,159.68966834220694,163.197530053416,129330
2016-07-11,159.43983459472656,164.9178878612267,157.86369691515466,164.9178878612267,243105
2016-07-12,161.42922973632812,164.96592306709817,157.61382082727945,161.14090883847817,394870
2016-07-13,159.5359344482422,161.96741468564002,158.69019709102227,161.42922351817623,673750
2016-07-14,161.06399536132812,162.41909308945006,158.4018704887345,159.74734823428335,313345
2016-07-15,161.63169860839844,162.18978102019588,159.61107058167923,161.2853031349424,78175
2016-07-18,161.10252380371094,161.67023784215456,159.3897942555018,159.91901174110194,1266460
2016-07-19,158.92791748046875,161.5355080124518,156.8976577080936,161.5355080124518,198475
2016-07-20,159.6495819091797,160.88120722387458,158.00421411817047,159.09149939437543,188065
2016-07-21,164.97061157226562,167.31840219437993,158.7643709182516,160.11145667743182,217695
2016-07-22,166.71217346191406,170.84005451564394,164.29703636807344,165.3073578297498,406580
2016-07-25,166.9816131591797,171.77342081285647,164.77816272794874,167.43385221101826,2346425
2016-07-26,159.42825317382812,168.74241999316297,158.37944992948496,167.61663834343736,804130
2016-07-27,159.22621154785156,161.45854165744888,157.03237798890646,159.5341252245404,237485
2016-07-28,158.46604919433594,162.03583290746778,157.25365763112666,159.5437175330731,188330
2016-07-29,157.4461212158203,159.70730151499507,157.04199556254818,158.8028235224728,101000
2016-08-01,155.53131103515625,159.32241316029567,154.25157254688486,157.41724530264298,215255
2016-08-02,155.80076599121094,156.89768286463766,154.5402754688323,155.88736121439723,87470
2016-08-03,158.73548889160156,159.3416847595615,154.65572081328256,155.896977620807,733150
2016-08-04,157.1959228515625,159.51484775248557,156.45503323163632,159.51484775248557,185400
2016-08-05,162.24752807617188,162.9018372307863,156.28184068403905,157.8117480671678,467765
2016-08-08,167.85720825195312,169.92596457659448,158.8220743419103,162.22829940315202,861585
2016-08-09,167.93417358398438,169.31013876126192,163.6715988736551,167.80908183637823,113820
2016-08-10,167.337646484375,168.38644999204203,163.76784728440506,167.9245941259183,494890
2016-08-11,165.07644653320312,168.00156786199588,163.80633926627607,167.23179831851712,534010
2016-08-12,162.74789428710938,165.9231842820997,161.16987342710834,165.07643636820043,42235
2016-08-16,164.046875,165.86544784083532,161.07364061782744,164.5279790815134,102545
2016-08-17,161.4969940185547,163.96987573044078,160.97740813674207,163.96024425347142,109835
2016-08-18,160.89085388183594,162.89223419543902,160.46747988706608,161.49703511786254,59530
2016-08-19,160.380859375,161.0832819481053,159.74581310698187,161.0832819481053,54435
2016-08-22,161.84341430664062,163.13276975502004,159.8324027171655,163.13276975502004,755960
2016-08-23,160.9004669189453,163.19052728324633,160.20767579499093,162.03586562190043,34540
2016-08-24,163.45030212402344,163.5753938882202,160.25577853691505,162.45922885327124,69180
2016-08-25,161.33348083496094,163.57542817116308,160.68880296814257,162.4207810263819,178020
2016-08-26,162.1032257080078,162.80563362235287,159.9190088606724,162.04549556191546,33030
2016-08-29,161.2372283935547,163.55613890037432,160.11143192625414,162.4207403191739,40975
2016-08-30,161.02554321289062,163.11353318110883,160.22690866948582,162.29565036329637,49920
2016-08-31,158.47572326660156,163.5273174534012,157.5231463308002,161.02558437969586,521335
2016-09-01,160.92933654785156,162.6132010558261,157.6097208828427,159.14924533799658,3550910
2016-09-02,160.1884002685547,163.38293820581458,159.59183594524032,161.5451172123475,115250
2016-09-06,161.5066680908203,162.2283243116334,160.17881594624157,160.21729781787957,102930
2016-09-07,161.4008026123047,163.190510383492,160.6887632858301,162.90184499804926,200550
2016-09-08,161.83380126953125,162.81525775521638,160.6887711499206,161.4585406547299,659625
2016-09-09,159.99598693847656,161.84342502011987,158.95680026465232,161.84342502011987,79265
2016-09-12,161.00628662109375,162.30525877494188,157.22480107150614,159.44751416362368,82535
2016-09-14,162.87298583984375,163.5561454386538,159.48600887077663,160.9004560968708,255915
2016-09-15,163.03656005859375,163.57539430244893,160.70801797214415,161.660594695341,216940
2016-09-16,165.86546325683594,169.14658223929374,161.45854769872653,161.4681644956833,518000
2016-09-19,165.95201110839844,167.80906545816052,163.86402155839437,164.84547780676212,557765
2016-09-20,165.98089599609375,167.4242081351902,164.36439344772828,167.4242081351902,266370
2016-09-21,165.21116638183594,167.0393710076841,163.87369739805325,164.20084470467432,126785
2016-09-22,164.14309692382812,166.30806542143623,162.13208526531724,165.59604073434312,44020
2016-09-23,165.41322326660156,167.23179626615857,163.6812454855633,166.46202673212682,410160
2016-09-26,165.08607482910156,165.4998173249904,162.65167447367782,165.4998173249904,74670
2016-09-27,165.12451171875,167.03931088084803,164.15268694637805,166.0097412967987,393750
2016-09-28,163.62351989746094,165.97131043469352,162.6228150707062,165.61528338953408,23980
2016-09-29,165.9424285888672,166.84689194183863,160.40010009534436,165.28811939410113,231735
2016-09-30,163.56573486328125,167.0200578833907,160.97739312615292,166.50045736789951,214345
2016-10-03,166.41387939453125,167.41458398902572,162.64202559849522,163.9313808624307,130435
2016-10-04,171.69644165039062,174.54456983464885,164.57609182547975,165.22078427014472,267605
2016-10-05,181.04913330078125,183.78180159130613,170.89783189949418,171.94663551575317,1145760
2016-10-06,189.33372497558594,194.90490438629138,181.0491112021233,182.819570891253,1786295
2016-10-07,180.18307495117188,193.2113802275565,179.17276823992503,190.51719473926218,317980
2016-10-10,176.3824005126953,179.93295147653404,175.14115827013492,179.93295147653404,354965
2016-10-13,172.9857940673828,176.88274032748217,167.8668539287732,176.28617592436277,785725
2016-10-14,170.42636108398438,173.30336972145597,169.54113104525533,173.19752620149183,60010
2016-10-17,165.74998474121094,171.0517614955346,164.73967784342383,170.71498274151728,123225
2016-10-18,165.57681274414062,171.85041522568963,162.86337818061887,166.19262549384192,576570
2016-10-19,171.6483154296875,173.7748019525952,164.74928458970632,166.46201396343005,793700
2016-10-20,172.88958740234375,175.1219177975167,168.8675635904625,175.1219177975167,107245
2016-10-21,172.99542236328125,173.19749256474546,169.92599024470917,172.3507445694796,43050
2016-10-24,169.3390350341797,174.9583276848635,168.48267027981908,174.9583276848635,40365
2016-10-25,169.5122528076172,171.0325438481234,167.03938484351067,169.33906234228442,38655
2016-10-26,169.36790466308594,172.2352812113616,167.61667855530072,167.61667855530072,2009625
2016-10-27,172.85108947753906,175.08341966541252,164.0083933091163,169.9933297998927,792720
2016-10-28,173.5727081298828,175.89163303509162,170.1183847824002,173.38026945788567,497060
2016-11-01,186.77426147460938,197.25270971048076,172.44697987853345,175.872439219974,696135
2016-11-02,181.91506958007812,190.30552578068685,180.89513129531997,186.66838016644718,302095
2016-11-03,181.9054718017578,186.53369111483423,181.0972203990117,181.13570226870465,106400
2016-11-04,176.27725219726562,183.0716053822448,170.40809360100917,182.24279043803435,167390
2016-11-07,172.75958251953125,183.00411706159403,169.6178034986942,176.75910205030937,160005
2016-11-08,176.10372924804688,179.1009531207122,170.5911501979649,175.5544065823055,203895
2016-11-09,175.2749481201172,177.89631550146123,161.9079126559942,166.14835210527337,207410
2016-11-10,175.5062255859375,178.63837226235606,174.0124296145523,178.63837226235606,108805
2016-11-11,172.0271453857422,177.90595007382845,171.55490871228366,177.51081416575911,41885
2016-11-15,167.56504821777344,170.57191946509877,166.64950045847405,168.65407638820145,1282020
2016-11-16,170.50440979003906,171.44886827325274,164.79908645632386,169.22263735294518,461570
2016-11-17,168.22039794921875,172.5090272498103,167.88308391319094,171.35254509202258,17985
2016-11-18,171.59344482421875,173.27998525272463,166.15796654570988,168.85643417241238,113440
2016-11-21,178.8697052001953,181.16339069819668,168.68299166640142,170.5430128891275,214275
2016-11-22,183.94854736328125,185.8085681368232,177.3373084076212,179.24551899082354,259650
2016-11-23,180.0261688232422,186.56994000990184,178.38781800630753,184.77738766289943,338580
2016-11-24,177.4530029296875,180.02618046909862,177.1349677678994,180.02618046909862,21070
2016-11-25,175.39064025878906,178.29148562279025,174.92803554599067,178.29148562279025,154880
2016-11-28,173.39569091796875,176.93260662855255,171.26583876603482,176.4700166348813,313620
2016-11-29,172.81741333007812,175.67970013913802,172.50901027543082,174.0702602995484,28885
2016-11-30,173.0101776123047,174.8123622137919,171.93078150343854,174.53288478093677,188070
2016-12-01,173.45346069335938,174.4364770017284,171.29469823478118,171.93075377034577,471815
2016-12-02,170.5718994140625,173.3667321834848,169.63707289553525,171.74766029910776,35600
2016-12-05,168.75045776367188,171.91151588004576,167.20847173864962,171.15980173685125,16605
2016-12-06,167.85415649414062,169.6081657806514,167.3048337729091,169.6081657806514,37295
2016-12-07,166.46633911132812,169.23227515207205,165.37732596596985,168.2107012651651,182210
2016-12-08,167.8252716064453,169.57928116532491,165.78215252069046,169.57928116532491,153875
2016-12-09,165.12681579589844,167.43014833588816,164.81842737536786,167.43014833588816,51130
2016-12-12,165.57009887695312,166.5338363387451,163.32458882632184,165.7628434282182,37820
2016-12-13,164.33651733398438,166.42782587709112,163.54624555076796,165.20387517391126,62355
2016-12-14,163.4305877685547,169.12627925212422,162.5246722723634,163.6426111700235,146995
2016-12-15,164.9051513671875,166.81334781386823,161.52243747914395,163.64265738717472,60980
2016-12-16,168.0469207763672,170.58155537268306,163.45953508969205,164.77985089727864,233520
2016-12-19,162.8909454345703,169.81057486071782,162.48617737699763,169.81057486071782,97340
2016-12-20,161.63804626464844,163.5462422978134,161.32964322207374,162.4283033266798,45605
2016-12-21,159.21908569335938,163.64263747930255,158.0818677476051,163.24750155799578,266770
2016-12-22,157.7252655029297,162.86198757993668,156.14473676427104,159.2190614054007,102150
2016-12-23,159.25762939453125,162.9583780399542,157.29161127210904,158.2746129805862,69565
2016-12-26,170.50440979003906,183.11009606258207,158.44806086430694,159.05520539364042,143060
2016-12-27,175.2942352294922,182.9174033380455,165.82069265397166,171.73804105646565,560670
2016-12-28,177.0771484375,178.27217362651166,170.86102927530342,173.47276459037576,392965
2016-12-29,175.332763671875,177.52045200618298,173.85824641145396,177.13496287219795,163225
2016-12-30,172.6824493408203,177.3276703733541,169.91652788368032,175.59294022208704,138500
2017-01-02,171.59344482421875,174.30154453083085,170.0900168522537,173.45345092389036,380800
2017-01-03,170.4562225341797,175.59294443898827,165.80136931043612,171.77655272001405,104590
2017-01-04,165.849609375,170.57193270366344,164.8184177318935,170.56228591562132,127970
2017-01-05,166.06163024902344,167.69034921206165,164.92442689345197,165.5508504767116,126735
2017-01-06,168.54806518554688,171.3525450794408,166.1483533115755,167.29520338742364,705615
2017-01-09,165.40626525878906,167.30482923479224,164.27869419324605,166.91932542682883,269925
2017-01-10,163.67152404785156,166.72656983449835,162.95835307944733,166.53382529601402,146505
2017-01-11,163.45950317382812,165.56044367511623,162.40903292318407,165.30987724175503,581650
2017-01-12,163.9124755859375,165.76284981926392,163.7100842407526,164.0377661665504,638580
2017-01-13,163.68118286132812,164.79912195477812,162.29339842883405,163.84501648107144,194650
2017-01-16,164.06668090820312,165.09787240907636,162.92946298630832,165.09787240907636,20410
2017-01-17,166.14830017089844,167.24696007514228,163.1029015609271,164.28829429052772,74160
2017-01-18,169.55995178222656,171.04410083143776,165.30986653765157,166.14831332675067,138310
2017-01-19,169.56961059570312,171.15013951132272,167.90234883418503,170.00328953066287,150590
2017-01-20,165.53152465820312,169.56958657383717,164.35576389547313,169.56958657383717,107735
2017-01-23,166.235107421875,167.48795456390752,164.38473295552902,166.28328253851544,41100
2017-01-24,164.05703735351562,167.73852181576703,163.63299048294553,166.56276084026553,63940
2017-01-25,163.4884490966797,166.53386350199014,155.64362546634698,164.01850772821618,157165
2017-01-27,164.19198608398438,165.37739403455348,162.87167015005684,164.12453209230517,33660
2017-01-30,166.42782592773438,169.42505004550202,162.67888776034354,165.57010016826862,805820
2017-01-31,158.82395935058594,165.3773779687704,157.86022175101377,164.99187410566026,229150
2017-02-01,160.65505981445312,162.71745775231037,158.13007193220366,159.98044641524172,296630
2017-02-02,159.82623291015625,163.88357449519174,159.01669689165652,162.46687911008317,384065
2017-02-03,160.94419860839844,161.8693932863747,159.5949716878815,159.5949716878815,101780
2017-02-06,160.5972442626953,162.16814136587115,159.59496355928448,160.23101924343473,93435
2017-02-07,161.1658172607422,161.89826716884755,159.03596563067202,159.03596563067202,220345
2017-02-08,161.27183532714844,161.8982735472063,160.17317512717327,161.05017981197363,86420
2017-02-09,160.30812072753906,162.19705303384472,159.56605330851704,162.15849529192653,33805
2017-02-10,165.54119873046875,166.34110264060277,160.03825099418495,160.30809632465574,134055
2017-02-13,163.796875,166.52423990067018,162.34162158120452,165.9556381556101,19820
2017-02-14,165.18458557128906,166.14832297766873,160.95377894550094,164.2208481649094,45930
2017-02-15,160.70323181152344,165.76285380259088,160.27918494892108,165.76285380259088,67185
2017-02-16,161.6573486328125,163.2378776921179,160.7128752067204,160.8477978810952,16770
2017-02-17,162.013916015625,163.77755745211596,161.560958202159,162.64033952507327,13455
2017-02-20,161.05979919433594,162.24520685501665,160.2020734453653,162.24520685501665,446070
2017-02-21,160.9056396484375,162.25486643544755,160.44303500248913,161.7729976250198,92380
2017-02-22,161.77296447753906,162.67888000839505,160.8959598929473,162.6692332226629,31005
2017-02-23,164.39434814453125,165.35808566581088,160.95379813493864,161.99463642257672,433905
2017-02-27,164.66419982910156,165.34845996602414,161.93682077396372,164.7991224990692,185735
2017-02-28,165.1556854248047,166.1483338418462,162.58250814617085,164.9822197389373,64595
2017-03-01,163.0643768310547,165.0014985554495,162.64997677796464,164.22085885288436,31965
2017-03-02,162.8716583251953,164.33654363003018,162.66926695391143,164.33654363003018,251975
2017-03-03,162.07994079589844,163.6343177080822,161.27861458833883,162.97780327771372,178155
2017-03-06,159.2126007080078,163.54746825087145,158.5271237028253,162.07999266697573,58690
2017-03-07,159.50222778320312,161.7613804599808,158.33402514019548,159.29947651300157,103285
2017-03-08,158.9423065185547,159.8787957779343,157.94789251845017,157.94789251845017,76025
2017-03-09,158.89398193359375,159.17395633786523,156.44172730145266,157.5713183233274,256980
2017-03-10,158.3629608154297,159.57942403678345,157.36854724754812,158.33399845765575,101355
2017-03-14,157.42648315429688,161.02761229914447,156.07485725670776,158.73949748264806,315920
2017-03-15,158.7008819580078,160.19731961746433,155.26387784841458,157.3878676623817,139840
2017-03-16,161.77102661132812,162.36960173703113,159.23188483474385,160.22631328301938,651290
2017-03-17,162.19581604003906,162.96818001512466,159.71459916396444,161.62620331691522,2152200
2017-03-20,160.4193878173828,163.1612659101065,159.29946079980812,163.1612659101065,72645
2017-03-21,162.0992889404297,162.1958399759204,159.67601115845827,159.9077248046641,77480
2017-03-22,161.7227783203125,162.18620565527127,160.37115208906877,161.3172904509394,44200
2017-03-23,159.6663360595703,161.70343883252653,158.86500973610612,160.9310748686897,161900
2017-03-24,157.90919494628906,160.67038595061592,156.9823700496795,160.0718109244049,110295
2017-03-27,156.0845184326172,158.5367731183293,155.66938142210807,157.96714562417188,101580
2017-03-28,156.52862548828125,158.71054014387994,155.43766079467298,155.43766079467298,732675
2017-03-29,156.18109130859375,158.32439479007144,155.30252691909368,158.32439479007144,292445
2017-03-30,156.71209716796875,157.36859712775305,155.63078145241073,156.60589691193059,360720
2017-03-31,154.7039031982422,157.17545587495076,153.7577504301147,157.16579193486587,2789565
2017-04-03,158.3629608154297,159.78217527281726,153.7384560009252,154.70390721103286,234320
2017-04-05,162.7654571533203,167.5927144250716,156.61553610322764,157.85131278626636,392285
2017-04-06,162.0992889404297,163.88537997566957,161.33658879388418,162.18619076501918,291480
2017-04-07,162.3502960205078,170.21871831382694,160.57386914355894,162.19582027513368,1696795
2017-04-10,164.98597717285156,165.6714540989739,163.03576136165358,164.1267260785287,165755
2017-04-11,165.07286071777344,165.09217386880994,163.77915949906813,163.96259760487013,101930
2017-04-12,161.64552307128906,165.0921916882384,160.45802195768326,165.03426696049462,62290
2017-04-13,162.3889617919922,164.89914193148806,161.28834751917813,162.36964863446974,71915
2017-04-17,161.52967834472656,164.01089562093424,160.29390167794932,162.38892953852667,2112600
2017-04-18,161.86761474609375,163.63439289773203,161.03732580157995,162.176551589929,84240
2017-04-19,159.56979370117188,162.2923735068643,158.72985576315185,160.2649198331947,76710
2017-04-20,157.44578552246094,161.36551508865438,156.8472104847515,159.56977524390973,99990
2017-04-21,156.4610595703125,158.9905376542301,156.01696015318896,157.88992359091435,113520
2017-04-24,159.32843017578125,160.9600452637908,156.46103857658704,157.22375336916357,87675
2017-04-25,156.8472137451172,160.84418125919902,156.59618699638247,159.7049411441813,123595
2017-04-26,155.35076904296875,158.33400996339824,154.68460530252736,158.07333399287393,151930
2017-04-27,159.1546630859375,159.87875160819996,155.10941951783886,156.19072033029948,141660
2017-04-28,161.33657836914062,161.96411586442275,158.34367324175184,159.04846334573062,203355
2017-05-02,163.3060760498047,163.9336282128223,159.7435732463103,161.80963837006271,227555
2017-05-03,163.73089599609375,164.03018356683012,162.22479420037595,164.03018356683012,81590
2017-05-04,163.14195251464844,163.72122917297003,161.81928898047556,163.17091487440277,145445
2017-05-05,162.59169006347656,164.12675440734452,158.7298840774214,163.0357895021653,39285
2017-05-08,162.91989135742188,163.57639110771592,161.61652633391597,162.58197754195993,53725
2017-05-09,163.4605712890625,165.86455053597402,161.59725719115914,162.4275459697551,300940
2017-05-10,163.9529571533203,164.53221913079764,161.9061902510349,163.93364400125213,147660
2017-05-11,163.04542541503906,164.12672619112155,161.84826046179185,163.22886352489982,67525
2017-05-12,161.52005004882812,163.72127844228706,160.70907426842152,162.79443845637823,35580
2017-05-15,165.18873596191406,168.9153788543195,159.73392686057363,160.16837703249163,304620
2017-05-16,166.27005004882812,167.9692392989911,162.456519764182,165.09219810022674,182920
2017-05-17,169.40771484375,171.07794121209213,164.3680586510733,166.0189866031359,295475
2017-05-18,168.25888061523438,169.45604573858708,165.1115141338594,166.25073979458804,82070
2017-05-19,164.15567016601562,167.38993765369975,162.5144060342602,165.73900958148573,84665
2017-05-22,163.8467254638672,169.14704298873505,162.58197204949866,163.68258580022243,77045
2017-05-23,164.98597717285156,165.2852647280535,164.10741292707812,164.9473656015686,129230
2017-05-24,163.24818420410156,165.98041360985994,161.42348152984982,165.98041360985994,1324285
2017-05-25,164.60943603515625,166.414825135618,162.4082083916319,162.4082083916319,23160
2017-05-26,168.20091247558594,168.98292560555873,165.1693962385806,165.79693363799626,76955
2017-05-29,171.88897705078125,177.43067391492443,164.4163919354156,166.13489441161633,762170
2017-05-30,176.2238006591797,177.2954520457919,169.15670576413842,171.85030804312822,814465
2017-05-31,176.50381469726562,177.2568655368324,174.45704791263222,174.45704791263222,2006530
2017-06-01,175.44183349609375,178.270599089953,173.6460932628125,177.44997422063767,524565
2017-06-02,175.73147583007812,176.15627682217905,171.66691877197044,174.83359832738844,163005
2017-06-05,182.6633758544922,185.3473291847697,174.0032768543808,174.0032768543808,1864570
2017-06-06,203.27577209472656,207.37894007801185,183.43574513510606,183.43574513510606,3041770
2017-06-07,209.88912963867188,217.80584294814776,198.34233907993996,203.66197102024407,2826185
2017-06-08,200.52423095703125,209.09744316783542,198.1202666615335,209.09744316783542,595965
2017-06-09,200.60150146484375,204.15437046770418,198.78644802144657,201.58626607047628,509175
2017-06-12,197.5120086669922,205.02321783979616,195.4169813265094,200.81385000993856,479320
2017-06-13,196.79759216308594,202.53237532101866,192.32756260010703,197.91751922207723,1684755
2017-06-14,199.11468505859375,201.11316162571876,194.40327791427123,198.6898841217623,538860
2017-06-15,194.70254516601562,200.23457651461334,193.3605685636405,197.91749948644303,466255
2017-06-16,195.0211944580078,196.74934608540107,193.40889229142167,194.712242920362,173890
2017-06-19,192.94546508789062,197.5603215273409,192.6075512106629,196.932769288435,148120
2017-06-20,191.2269744873047,195.39771706282772,190.2711722548461,193.42820259997904,403365
2017-06-21,188.34022521972656,192.21167929732806,186.7182595143852,191.31381673650532,449205
2017-06-22,190.85043334960938,197.25138110293156,188.26303056481913,188.34026844771702,882910
2017-06-23,190.3387451171875,191.80623542786378,181.89104503432642,190.19393329412924,446810
2017-06-27,190.2132568359375,192.70412344991306,185.05773467920545,191.05319491878694,521870
2017-06-28,191.21728515625,193.09026306503975,187.0851547051876,188.66849427305618,372150
2017-06-29,191.73863220214844,197.14515059043472,188.35955268511293,191.70000590081932,589870
2017-06-30,199.6842803955078,202.5516717375739,189.36360435218378,192.11514626034557,611090
2017-07-03,199.8966827392578,204.57911242719294,196.62380361590212,200.8138584734623,372060
2017-07-04,196.5948486328125,200.32149115856083,195.60043499409366,199.1146770599586,146885
2017-07-05,197.8306884765625,199.17266559491537,195.02122081926984,199.17266559491537,147990
2017-07-06,200.95864868164062,203.9032776017882,195.9865812086486,198.8829346255252,407705
2017-07-07,201.6924591064453,202.74479761562344,196.96173832310905,199.2691666209935,192100
2017-07-10,200.68838500976562,202.551713939112,195.57150419133515,200.81389841039044,26690
2017-07-11,201.15179443359375,206.54866393829275,199.8967047337148,200.4759667040769,353420
2017-07-12,201.3738250732422,204.38602828276552,199.28844682128738,204.09638995916893,119060
2017-07-13,202.2730255126953,204.00366623739396,199.16945613698178,199.16945613698178,114765
2017-07-14,196.21090698242188,203.22051109452036,194.77998503240173,202.32134041280335,156585
2017-07-17,198.0478973388672,200.13627944769797,195.68880066994765,196.46227716427427,136075
2017-07-18,195.9014892578125,198.38627987251346,193.77444015649343,198.37660201228093,126560
2017-07-19,199.5948486328125,200.1362777483929,195.40842134242115,196.83934325543174,49945
2017-07-20,196.8973388671875,199.85588735085904,195.51476208889397,198.99539868566285,71630
2017-07-21,195.49545288085938,198.19295036979648,194.33524541106252,197.50648604649854,111415
2017-07-24,190.7385711669922,198.93738644771665,188.85323238967493,195.68879703417122,2381060
2017-07-25,192.8656463623047,199.16946060546672,191.06731957449128,191.821455186848,653490
2017-07-26,189.72340393066406,195.01203091783287,188.727557838286,192.9719936818972,120190
2017-07-27,191.5120849609375,193.01069316668227,189.810448175759,190.08116278356377,387600
2017-07-28,192.06312561035156,193.0203043429499,190.46784247552333,191.76340700041231,491425
2017-07-31,192.18882751464844,194.31587669774012,191.25098971185372,193.1750103619572,264915
2017-08-01,190.42918395996094,192.78826576448975,189.81040574432717,192.20816948580352,90325
2017-08-02,193.223388671875,195.1087277098133,188.53419885060893,190.48722391308704,276555
2017-08-03,193.09768676757812,194.70264803945798,190.68058175071263,193.36840134924,528205
2017-08-04,200.05894470214844,210.71354766402195,190.4678738405197,191.95680402802424,185505
2017-08-07,200.7163848876953,202.45668851016498,199.16943194234824,200.05892472243,188900
2017-08-08,201.21917724609375,202.26336850578858,197.70955038325164,200.13631879285762,77355
2017-08-09,200.54234313964844,202.0506141282428,197.5548052389452,200.19427946898537,602850
2017-08-10,191.715087890625,200.32965339077194,190.59356241670076,200.1362879471876,197110
2017-08-11,184.9084930419922,191.64738152419383,183.1778527225459,191.64738152419383,301465
2017-08-14,187.38363647460938,190.1874869888766,184.66681294823331,184.66681294823331,55020
2017-08-16,184.4541015625,188.55351664199372,183.24554915434186,187.38363141964837,2156845
2017-08-17,185.09219360351562,186.51345220709857,184.47341545148757,186.31040894108605,143270
2017-08-18,184.1543731689453,185.55629093756556,180.54805710486403,184.66679818262833,77730
2017-08-21,181.10887145996094,184.338120572624,178.28567951106476,184.15441821093145,314525
2017-08-22,181.9113006591797,182.72345908106553,179.34917548200013,181.76628027286267,371790
2017-08-23,182.83946228027344,184.20271282525377,180.81876636067994,180.91544169368058,235460
2017-08-24,181.09918212890625,185.44030824691788,180.1420179406742,185.44030824691788,46755
2017-08-28,183.08119201660156,183.60328017771002,180.79944442729862,181.7662863761077,112940
2017-08-29,180.61575317382812,183.68064056918357,179.19449424168525,183.67097746012428,68635
2017-08-30,181.8146209716797,182.72345471176578,178.83674617020384,181.7662759264511,528930
2017-08-31,186.06871032714844,188.52449687777465,181.31185021478487,181.7662670626684,295540
2017-09-01,183.88368225097656,187.55768479975643,182.49142741119994,186.79387135853875,99630
2017-09-04,184.3477325439453,186.40711039166573,181.77592969935745,186.40711039166573,22540
2017-09-05,185.44024658203125,195.495394663,183.7869407341117,186.02034276775984,658415
2017-09-06,185.6336669921875,186.9872399128702,183.6999829610189,186.9872399128702,4467910
2017-09-07,187.22897338867188,190.66126591568616,185.27596289961218,186.39748856313747,157830
2017-09-08,190.1197967529297,191.62806780508328,186.2717699977125,187.22893406774386,66920
2017-09-11,187.054931640625,198.18327826840067,185.07290249765626,194.43194116544532,441200
2017-09-12,192.57559204101562,195.3020936977629,185.24694229960767,189.55904957213684,192740
2017-09-13,198.81170654296875,204.1970083066387,190.85458700687892,194.335223781716,2489975
2017-09-14,214.0298309326172,217.53947247614096,195.89187844962876,197.68054223556845,2725695
2017-09-15,230.04071044921875,241.71050049445327,203.58792743783042,214.63892443907451,1881360
2017-09-18,221.61953735351562,238.2202136919585,217.56846677664888,235.7160963065042,995960
2017-09-19,219.70518493652344,229.14155769778156,215.40272616482181,226.2410316509742,387080
2017-09-20,211.2742919921875,231.50062237478667,209.2245771722936,222.37363265660107,911890
2017-09-21,211.3516845703125,215.16102997278816,201.13215670425976,212.11548332219516,887870
2017-09-22,205.6666259765625,216.60160634667707,203.2301800702566,216.5726022676718,291695
2017-09-25,195.72747802734375,206.3724021131436,194.45123962865208,203.6169115297012,329850
2017-09-26,205.09620666503906,209.6113572214749,193.3684079989918,193.3684079989918,281585
2017-09-27,198.99542236328125,210.16243537155503,195.33108301667377,206.13070610640045,1029405
2017-09-28,209.1859130859375,211.35164424272796,199.9332290652848,200.61003019435694,632845
2017-09-29,213.78810119628906,217.9068576135364,206.5271229895913,209.8047168235882,475735
2017-10-03,208.61549377441406,220.70101827061487,206.09203566949384,215.88613468928546,281165
2017-10-04,206.8268280029297,212.30882008456396,205.06718332685764,209.98840530761436,349240
2017-10-05,205.608642578125,208.38347465791918,203.78131161655625,205.93736534832817,71835
2017-10-06,205.76332092285156,208.62516497293785,203.8199590666879,206.90418739817076,81480
2017-10-09,202.7080841064453,206.51744369970052,201.77990935542812,203.6652481825161,109820
2017-10-10,202.25364685058594,204.75776367526436,201.1127658080212,204.0036282203638,63405
2017-10-11,200.05894470214844,204.49674593775148,198.20260983404333,203.0368198299956,52280
2017-10-12,203.82965087890625,205.16388289441238,195.70816869497924,199.17912816176008,326390
2017-10-13,207.76467895507812,209.60167287308687,202.06031699676615,204.29371967958716,295765
2017-10-16,214.83226013183594,217.3460548899202,204.1969995832021,209.61131994545923,252715
2017-10-17,217.29771423339844,218.60295668276478,213.07261990558553,215.60574093013506,126715
2017-10-18,214.19419860839844,218.00355895428487,211.76743017743243,217.53947886350463,51550
2017-10-19,213.68174743652344,218.69965983163553,210.7715582958457,214.83229178950992,24635
2017-10-23,214.4745635986328,216.57260897776433,209.06992033491352,216.57260897776433,57195
2017-10-24,214.18447875976562,215.7991029159354,211.73837000342328,215.7991029159354,27460
2017-10-25,212.2701416015625,220.82668354494734,209.55331822933908,214.02978618399234,2197355
2017-10-26,211.39999389648438,215.509072328407,210.44282977415864,210.96491795426013,45925
2017-10-27,216.01185607910156,218.1002385158299,210.78123687748786,212.70525793070138,172345
2017-10-30,219.73419189453125,221.40682447263453,214.63893027478107,214.63893027478107,114085
2017-10-31,219.81155395507812,229.9053729314335,215.4317604896736,221.3874965219066,837220
2017-11-01,231.4813232421875,233.9757775166311,221.4261717624431,226.24104106980033,551375
2017-11-02,238.07518005371094,240.743658670117,223.5338680716454,231.07523864320467,334510
2017-11-03,231.21058654785156,237.84312300718997,228.07801327527193,237.84312300718997,136000
2017-11-06,227.9813232421875,233.97574007876202,226.44404816003677,233.97574007876202,52535
2017-11-07,237.07931518554688,242.27125160769347,221.63884844580787,228.94817104652557,298310
2017-11-08,234.89950561523438,238.881346268193,226.71298563292336,236.39147811192032,448175
2017-11-09,235.6551971435547,236.5852537563388,230.6754752962807,236.5852537563388,114585
2017-11-10,231.86708068847656,235.99423767879097,228.64091682541448,235.33544891258254,63510
2017-11-13,228.70877075195312,233.86287253508863,227.6721288566464,227.8949527584198,42340
2017-11-14,226.93580627441406,235.99424062058443,222.82801493803103,226.50952422838606,189515
2017-11-15,226.04452514648438,231.45051424067645,222.45020541563923,227.07146941730213,134290
2017-11-16,227.2554931640625,229.41595171797806,225.1531465029619,227.59457036719064,54000
2017-11-17,229.0672149658203,230.57856791968058,223.0799150528561,229.04783447634,108330
2017-11-20,233.98878479003906,236.18798966499685,225.76351966473229,232.3224176637132,125545
2017-11-21,232.739013671875,236.39145962582018,228.15651123721577,233.87252832317222,336550
2017-11-22,233.4656219482422,235.19981343982704,230.97576882103084,231.74112809214006,56970
2017-11-23,233.4559326171875,238.12562484917498,231.57642447532837,235.0351097270346,126935
2017-11-24,236.08143615722656,238.32909980405532,228.6409250152726,231.93489853026608,289955
2017-11-27,234.04693603515625,236.08144393806558,232.1286815029897,236.08144393806558,104600
2017-11-28,245.440185546875,261.183467589941,228.6408961331431,234.26003975741796,683900
2017-11-29,245.382080078125,257.4922980809659,239.58855592480057,251.8731687540325,541845
2017-11-30,245.98275756835938,257.3760608401927,239.695141448549,246.8547021889693,1012565
2017-12-01,249.91616821289062,255.73877117963252,244.34548205454396,249.56740808474908,666550
2017-12-04,246.96127319335938,253.82048810434526,244.17107405466552,251.89255073482943,207435
2017-12-05,244.79110717773438,246.80624927946954,242.7565993704402,243.54133915203806,424155
2017-12-06,242.10748291015625,249.35424832140458,240.29579894883494,249.35424832140458,56140
2017-12-07,238.6779022216797,245.38211817495866,237.55407026861994,244.9170898706862,77040
2017-12-08,238.15469360351562,242.16559693434198,236.40112174158944,240.26670837973293,76820
2017-12-11,234.0372772216797,240.1505139775436,232.13838820093287,239.68547088084014,295525
2017-12-12,239.60792541503906,241.13864389131624,229.5418984814381,234.74445794909252,696975
2017-12-13,238.10626220703125,240.26672092124167,234.85103507419842,239.4916640261899,108955
2017-12-14,238.5906982421875,240.2473679468905,234.45384323268968,238.41630339891316,339870
2017-12-15,239.2979278564453,240.26674537813133,236.79837687653753,240.07298483039057,175655
2017-12-18,247.79443359375,248.01725745926402,232.67119320188738,238.32908333976152,454720
2017-12-19,251.89254760742188,254.4114789966888,246.07964266263522,248.98609513502856,3431695
2017-12-20,247.22283935546875,257.70545166567047,245.89556412819596,253.83018171581077,1656645
2017-12-21,247.8913116455078,251.8634690307049,247.04844521005091,247.24220573989402,56520
2017-12-22,249.05393981933594,250.9237506336312,247.04848035357512,248.01729792358913,90225
2017-12-26,247.3681640625,250.72027898168437,246.13776174793745,249.7611295905507,49655
2017-12-27,251.13685607910156,253.6363920463645,246.9515576741406,248.8795244700059,90110
2017-12-28,254.3242645263672,266.3860233879202,247.61035227328756,252.08629870300075,511970
2017-12-29,269.4474792480469,277.64366582956296,252.06689345627763,255.96155816302345,849720
2018-01-01,267.538818359375,273.7877000628435,264.4870506116611,270.2418261660699,160420
2018-01-02,260.6119079589844,269.8059765890684,254.81836865503396,269.33126547434074,193270
2018-01-03,263.1986999511719,269.11816151029507,260.81538728119745,261.5807614914397,142120
2018-01-04,266.8704833984375,270.881402387685,262.549565252458,270.881402387685,39185
2018-01-05,274.07855224609375,277.94415540876946,266.21175636776496,268.5563084745149,1009305
2018-01-08,270.26129150390625,274.07843439521747,268.55619299814504,274.07843439521747,242595
2018-01-09,266.046875,270.2612356999201,264.3805378124715,270.2612356999201,88540
2018-01-10,273.477783203125,277.27556054115547,265.47534176303753,265.6497513707248,408000
2018-01-11,268.31402587890625,275.14417761659433,266.0663621208547,275.14417761659433,256455
2018-01-12,271.2010498046875,274.36910164964996,269.098732587203,270.09661333435963,265045
2018-01-15,263.9639892578125,275.7060518037019,262.5495240854891,275.0860240214901,234895
2018-01-16,272.1893005371094,277.85685951098884,259.8659402072901,264.4871892437355,406745
2018-01-17,267.6940002441406,274.95043492021205,265.9888717334395,272.2377573495222,136580
2018-01-18,264.46783447265625,271.73396634574885,262.55926265135196,271.73396634574885,188540
2018-01-19,272.53802490234375,274.1656310652298,265.7078739466134,268.3527265698129,126310
2018-01-22,274.1851501464844,282.8948131872682,270.3001810933145,273.2066346534577,732085
2018-01-23,269.2924499511719,276.8201793369203,267.3935763109104,272.43143812576,90760
2018-01-24,267.4323425292969,272.0245271862489,264.66150960697155,268.81774420748036,376540
2018-01-25,269.4765625,271.27857829582996,265.4656737102497,270.98791532697396,181805
2018-01-29,269.2342834472656,271.2688054009635,265.6496776868964,269.4764877378022,158830
2018-01-30,265.4559631347656,271.19137505531296,263.5183283673586,270.88134639669744,75735
2018-01-31,261.88104248046875,270.3000684841961,258.926161085073,265.4559812353754,1300240
2018-02-01,257.0950927734375,261.77449781040224,255.02183871766525,261.77449781040224,349450
2018-02-02,265.3203430175781,269.3312616087376,250.3424329346411,263.9058777638581,6232510
2018-02-05,249.08297729492188,255.80657289780763,245.38208746599784,253.83017698177005,512580
2018-02-06,234.1728973388672,240.26675324529393,224.78505288106214,240.26675324529393,1830130
2018-02-07,227.2554931640625,236.41081417619574,224.77530832731767,234.8413200148446,875525
2018-02-08,240.26675415039062,244.10327818085284,227.86588646345135,232.12869258429632,2368790
2018-02-09,250.9365997314453,257.0087212342351,230.81898778212266,238.61770630507056,930070
2018-02-12,241.64414978027344,252.13945935687826,238.70507827573988,248.32740188499554,67740
2018-02-14,242.74020385742188,246.4455759118383,241.31431616118158,244.24369259573683,814875
2018-02-15,238.99607849121094,244.63172375273592,235.91151425960592,242.47834257936012,143245
2018-02-16,237.98728942871094,242.46864295535173,233.97152742150212,242.46864295535173,135565
2018-02-19,235.20338439941406,237.50227284923807,233.97150663865503,236.67777468101937,385005
2018-02-20,236.90086364746094,237.7447657604554,231.24581515626775,234.34008836851365,728295
2018-02-21,227.86056518554688,236.9105820314204,225.71687879060747,235.17429003714872,327410
2018-02-22,223.08819580078125,229.68412158872087,220.76991831451247,229.68412158872087,896740
2018-02-23,232.26429748535156,233.72899308726764,224.1939816081773,224.9990757600187,258675
2018-02-26,239.51011657714844,252.19759748844237,229.63561774914086,233.76777305659465,868275
2018-02-27,242.9730224609375,244.34069836207823,240.373439188943,240.75173504260087,697095
2018-02-28,248.7250518798828,253.94357747473651,236.9299454974662,243.6616839612884,376300
2018-03-01,252.0618133544922,255.30160891094604,244.90329079607667,247.15367671966214,124855
2018-03-05,246.06723022460938,250.72320328044762,243.44825833147323,249.6755967621332,50565
2018-03-06,239.07366943359375,250.64565430473004,234.7475033058633,244.0497277184639,130570
2018-03-07,234.6407470703125,240.16970596371388,233.2827659952673,240.16970596371388,29695
2018-03-08,233.66110229492188,242.5074143768086,231.43982969397737,236.09577407335806,67765
2018-03-09,246.3582763671875,251.96483719778365,233.86480405921228,236.4837764411127,170980
2018-03-12,238.32672119140625,249.21971302689937,236.74564635422848,246.38734185012544,256740
2018-03-13,242.6432342529297,244.30192531737424,237.68657982405435,239.53926612154407,45455
2018-03-14,249.48165893554688,252.00361146892965,239.88843520193774,241.52772210969954,2647285
2018-03-15,245.12635803222656,248.88020253044377,243.28336680874327,248.12362576408043,696495
2018-03-16,249.38465881347656,253.16761728940054,242.5171216718187,244.82568987981682,420950
2018-03-19,243.58409118652344,251.8678211187783,240.99421746042398,250.2576327974042,1047640
2018-03-20,246.8917694091797,247.36707025311827,240.86813453033162,246.1836802342391,125910
2018-03-21,245.8636016845703,249.4719691205127,243.46772290853093,247.54168184562778,865930
2018-03-22,242.0321044921875,248.3176406262928,241.55680367985772,248.3176406262928,823910
2018-03-23,238.71473693847656,240.55771350058686,237.6768396991905,240.55771350058686,227955
2018-03-26,232.58444213867188,239.19978790128948,229.94606541936912,239.19978790128948,349435
2018-03-27,231.42044067382812,238.97666359816026,229.30585272421467,233.76781697690888,135630
2018-03-28,228.02542114257812,230.85779228016145,224.55285257503098,230.85779228016145,698185
2018-04-02,234.1848907470703,235.69808895063167,225.06698240737404,228.0157629672059,138030
2018-04-03,238.78265380859375,246.37768419593706,236.89117454758173,237.62836229008516,242330
2018-04-04,236.68743896484375,240.84870759520064,234.92206348596835,240.1697170264024,67015
2018-04-05,233.2537078857422,240.9942309568612,229.88783835112943,238.61775626319766,131865
2018-04-06,233.20521545410156,238.56926406323853,231.83752470325885,234.73780288541025,89695
2018-04-09,234.26246643066406,235.10636846839432,232.2254946864014,233.3797860752592,31640
2018-04-10,235.72715759277344,240.55770741187723,233.28277674417933,235.5913594790118,160040
2018-04-11,238.04542541503906,239.30641630733624,235.3197538683663,236.4837397686084,67200
2018-04-12,240.4607391357422,240.73233540473987,236.87177575179868,238.04547125780667,185590
2018-04-13,241.7023468017578,243.46773750081138,237.41498841948354,241.90605142122087,231435
2018-04-16,236.862060546875,241.76051714480383,235.13547807249074,240.29582153500849,223555
2018-04-17,241.31434631347656,242.23583475181456,235.54290314610998,236.9881949836799,88790
2018-04-18,238.13275146484375,242.48801566924058,235.1451778984657,242.48801566924058,90960
2018-04-19,237.007568359375,239.3937524395087,235.7077841307842,238.61775677437413,215680
2018-04-20,233.71926879882812,238.4625229853839,231.8471937513751,238.45282840617958,299395
2018-04-23,235.2421875,236.28977940485535,232.62321513830466,233.96179246043707,1230380
2018-04-24,239.2967529296875,240.62565053206546,234.94150324560516,235.28099118129313,115705
2018-04-25,237.03665161132812,240.75171822277156,235.32947309886524,239.58773220059754,102575
2018-04-26,237.1143035888672,238.61779264088787,235.51382431468002,237.12401297170575,42825
2018-04-27,233.92298889160156,238.60804631204869,232.99179119524368,237.87084381884048,79585
2018-04-30,240.72262573242188,242.49771075122715,232.03151606759388,235.70777485019278,105200
2018-05-02,240.19882202148438,242.49769543795304,235.70775996569037,238.74383584885666,331020
2018-05-03,234.340087890625,240.00483095054938,233.69019579170876,237.1821688017366,60435
2018-05-04,233.8841552734375,236.70683179192483,231.8277797043926,233.76776112451304,83345
2018-05-07,236.794189453125,242.4977410591195,231.05184472095155,233.88421656041558,126680
2018-05-08,235.38768005371094,237.5895634486026,228.83054717306476,235.9017740250767,376425
2018-05-09,237.66712951660156,239.56830303257084,230.85779054207933,233.96175787490535,71505
2018-05-10,238.452880859375,240.0048575238664,234.9512128813793,238.7147825643463,78175
2018-05-11,241.0523681640625,243.07965984651486,234.12663559954234,237.01721835793342,91460
2018-05-14,234.06851196289062,240.5577537362566,232.79782619637734,240.5577537362566,146130
2018-05-15,230.70262145996094,238.40435121877144,224.45587798402238,233.35070715142567,1011885
2018-05-16,229.10214233398438,232.0509080198086,227.5598604272627,231.82781426748124,263560
2018-05-17,227.81204223632812,230.87721674824405,226.96815496788287,230.46982238413653,1111015
2018-05-18,232.535888671875,241.31430830908826,223.58287779633878,227.1330476510874,416875
2018-05-21,229.8878173828125,234.62137717744216,227.40464332690343,231.82779896410204,164195
2018-05-22,227.8411407470703,229.47073300417472,223.48587668226827,228.99543217900154,1093330
2018-05-23,226.97787475585938,228.91785659137955,225.58108546614298,227.94786567361948,180050
2018-05-24,228.50074768066406,229.79082246403695,226.92935246628264,226.97785496811957,21135
2018-05-25,226.880859375,229.49013719266935,221.94360938145226,228.11275192850462,280335
2018-05-28,226.8032684326172,232.40981438085728,219.50893307124485,227.46285510846388,563210
2018-05-29,242.93418884277344,246.37765908544378,225.53255181324266,227.95752877274506,430310
2018-05-30,251.62530517578125,254.13757767771128,234.66016155134392,235.02876277433504,1298850
2018-05-31,246.3291778564453,257.0087719799515,241.72172123553977,252.1976255653548,508420
2018-06-01,236.07638549804688,245.01970261039233,232.79781158198367,244.47649528395658,271990
2018-06-04,232.59408569335938,242.2455059224371,229.4707289573543,236.91055656203167,1602735
2018-06-05,232.6038055419922,233.75809700551486,227.9866396879015,230.08182344685596,876720
2018-06-06,235.0384521484375,237.6477295883861,228.92750757027363,232.797775923317,155550
2018-06-07,235.56228637695312,237.38585912996817,231.94420981089334,234.46619196837827,518470
2018-06-08,232.82687377929688,237.84172407818397,231.06149834684211,237.84172407818397,403555
2018-06-11,232.4777069091797,236.67776909588093,229.4707441331652,233.76779652502995,133185
2018-06-12,239.5392608642578,243.8266190642761,231.05184009704254,232.3710283740395,349795
2018-06-13,236.60984802246094,242.4782953048519,235.70776368561977,240.98451598976865,177275
2018-06-14,242.4395294189453,244.18551600995983,233.80660147482948,235.12578969905303,261770
2018-06-15,242.07090759277344,247.92966045637712,236.61956389990004,244.24369236616528,272440
2018-06-18,232.93357849121094,240.49950931367363,229.69381293316232,240.49950931367363,682300
2018-06-19,230.86749267578125,233.76777034153187,226.23093808295357,232.59407502369362,402220
2018-06-20,232.74929809570312,233.14699789060333,231.17791767795222,232.25460809775186,306840
2018-06-21,230.85781860351562,234.58257985566235,225.23186880342092,232.52620402287238,308090
2018-06-22,232.68141174316406,236.74567580614837,228.91784247800493,230.8578241939202,370890
2018-06-25,227.08456420898438,236.6777733652366,224.18428616606676,232.60381465273352,172000
2018-06-26,234.8735809326172,249.67563579289256,229.11183298647748,229.11183298647748,2720325
2018-06-27,229.2670440673828,234.73779201655975,226.02727809341653,233.5738059254152,289085
2018-06-28,222.6904754638672,228.72381903986175,220.18789758307244,228.72381903986175,444895
2018-06-29,230.1497344970703,231.4107255697719,218.47103630488652,222.70990640928255,1213770
2018-07-02,231.7696075439453,236.63896557612546,222.6904929297892,230.1497246601219,558480
2018-07-03,226.9293670654297,235.3197971929011,224.06789688358714,235.3197971929011,256515
2018-07-04,225.74598693847656,230.2273551382673,223.5538127461198,226.9681849933682,570710
2018-07-05,238.66624450683594,241.21731030188727,223.96118010582302,227.43374902168554,1012030
2018-07-06,236.07638549804688,242.89542021156493,232.57471782346576,238.81175208767434,687745
2018-07-09,242.58499145507812,244.1854851281318,235.70776035335913,238.6177327034006,649475
2018-07-10,252.68255615234375,257.0184154016772,242.58495026022453,244.82562622111183,907240
2018-07-11,257.87213134765625,266.7475436994834,249.34590157145487,251.70297276226353,1765170
2018-07-12,254.87477111816406,260.81110958964143,250.72321201968353,259.80231095211536,202240
2018-07-13,249.88905334472656,259.46285888427377,246.62018871631423,254.91359915102078,222115
2018-07-16,242.07151794433594,255.59925135750788,238.89594573608156,255.59925135750788,260870
2018-07-17,246.19876098632812,250.5493817608481,242.9746300463107,243.36308759108758,263150
2018-07-18,262.0474853515625,264.1451118550003,242.78043369025767,245.69379889454078,1191605
2018-07-19,252.13230895996094,260.06635593666107,249.06356110853605,257.12385863664827,244540
2018-07-20,246.0822296142578,251.3262807979887,242.80955427013197,251.3262807979887,387180
2018-07-23,260.3577575683594,267.83537756218135,245.1111336259479,246.567816309505,1107515
2018-07-24,262.9408874511719,274.8274060600541,259.2894608411111,262.00858939991474,1744785
2018-07-25,286.2187194824219,291.3365203542495,264.9123062562784,264.9123062562784,1867660
2018-07-26,270.97210693359375,284.34444306881494,263.77609104465125,283.76179371447506,1169320
2018-07-27,271.4090881347656,272.99199152234615,267.84505865606184,272.6812551193808,859345
2018-07-30,262.17376708984375,272.4967970995079,253.46280290790227,272.4967970995079,4261945
2018-07-31,265.4852294921875,268.9812732023879,259.14380658801986,262.20283372084043,607955
2018-08-01,266.76708984375,268.02953594841676,260.3770937309838,266.0872929342978,225445
2018-08-02,264.69866943359375,268.0296100105088,262.6690284793611,268.0296100105088,142915
2018-08-03,265.13568115234375,272.30256526431305,261.5813715668839,266.0873912499655,519695
2018-08-06,271.5742492675781,272.8561373631492,266.7283601871923,267.11680304261955,584020
2018-08-07,283.37335205078125,287.38409014738124,271.3314466948802,273.8369577356005,587945
2018-08-08,287.8890380859375,292.890308883565,279.29460516543395,281.6252913041428,691990
2018-08-09,285.42242431640625,294.2110651374673,283.77150532946297,287.6463016341321,432385
2018-08-10,288.69500732421875,291.1033993882731,285.5194505893946,287.5587820938763,147250
2018-08-13,285.6845397949219,288.69502262548053,283.84913541635376,288.69502262548053,195605
2018-08-14,286.6361999511719,288.3647948816675,282.7905674520542,283.5674527283072,222995
2018-08-16,277.27471923828125,287.0636447638061,275.7986245926242,285.8982866081949,190565
2018-08-17,288.7921447753906,290.32650385612544,278.12921898907683,278.7118978735596,674175
2018-08-20,287.6268005371094,290.5401654602961,285.509762472301,289.39424903655,97805
2018-08-21,294.31787109375,298.1343723964097,282.2079818829461,289.3554236211704,395885
2018-08-23,312.05047607421875,317.51789516797555,295.2209525743349,297.3574318487919,1197905
2018-08-24,304.90301513671875,314.643362487533,303.7765106529411,310.7588765308968,307055
2018-08-27,309.9529113769531,321.63550369024546,298.1343478066729,307.18520873553075,2007610
2018-08-28,300.3485107421875,308.77783977644026,295.2112687784272,301.04771953429906,1504520
2018-08-29,306.09747314453125,314.41026984927214,299.13451975733307,302.01875146318804,2963195
2018-08-30,303.80572509765625,306.8744733878892,299.1054993780692,302.79575017822015,259400
2018-08-31,318.1394348144531,325.9084074368511,303.087050358557,305.7090608368492,1100010
2018-09-03,322.6066589355469,328.6275960360835,318.1394929343203,319.11061468953113,768090
2018-09-04,324.0924377441406,329.7734756669418,322.0433556592315,323.70396537652965,1351070
2018-09-05,319.2660217285156,325.71425525701335,316.6342602359191,325.71425525701335,586980
2018-09-06,317.935546875,324.3157939061088,314.86679875353207,321.8297247305899,298335
2018-09-07,315.886474609375,318.5279268959144,308.88469524619427,317.5276727011743,907840
2018-09-10,312.409912109375,321.2082737307289,310.7589931039952,318.46970299129106,1282155
2018-09-11,315.24554443359375,318.6639120333628,310.17628760555846,314.0607746879982,452355
2018-09-12,310.2442321777344,322.12106052931836,307.84556053636885,313.11874394010465,269970
2018-09-14,316.78961181640625,320.4701714779027,311.40961876062846,312.56522635603176,201075
2018-09-17,305.1556396484375,316.5857335304582,302.21314153144334,316.5857335304582,184535
2018-09-18,297.8235778808594,308.2340030624337,295.4443476411257,304.9127836450623,207055
2018-09-19,288.70477294921875,299.1054778584091,271.9334825449376,297.2117787252473,1348735
2018-09-21,297.3768615722656,307.8066982141685,273.75917682711344,293.47296335635804,1237785
2018-09-24,297.8624267578125,306.4859915513993,292.5212578068214,297.1632180005952,511915
2018-09-25,295.0267333984375,300.0959893904074,292.3270165068538,300.0959893904074,410475
2018-09-26,295.8619689941406,301.00890264222045,292.11342346251524,296.81367902028666,214690
2018-09-27,283.7811279296875,297.13404864946455,278.2263117248092,297.13404864946455,264810
2018-09-28,276.410400390625,291.33653759141976,267.942217179183,285.25730569006754,1706190
2018-10-01,276.54632568359375,284.5386682281425,265.9416929384404,278.070993919572,409725
2018-10-03,270.5447692871094,279.6830273122414,265.1162029730622,278.20693311493204,209835
2018-10-04,267.1361389160156,277.546564519702,254.5601309313533,264.5335399241645,1028935
2018-10-05,278.3914489746094,284.5386358141812,260.50337562168636,262.20283846357995,309875
2018-10-08,272.8755187988281,296.19216387111345,269.5737104403091,279.294649629986,647035
2018-10-09,279.236328125,287.714201180067,264.6306501801985,274.82742752659146,871215
2018-10-10,277.4980163574219,289.3942567786937,272.8851884389696,281.4796211195528,413570
2018-10-11,281.6641845703125,286.4712198589694,268.3986567832396,272.06949612429736,240020
2018-10-12,288.22894287109375,293.2593763969576,282.5964481979513,282.5964481979513,150005
2018-10-15,296.3474426269531,307.53475171832525,293.2884158072154,297.1631811364648,365455
2018-10-16,302.465576171875,306.8744772764751,295.8133861644161,298.192646339586,172555
2018-10-17,291.6083984375,310.5646817628445,286.422612550712,304.2912444050675,462255
2018-10-19,294.6578063964844,300.4845375287074,277.9447779274313,291.3365566111509,350515
2018-10-22,283.35394287109375,296.44467657080463,279.87733955722393,296.44467657080463,1764415
2018-10-23,289.99639892578125,293.62838512134965,277.7408460549525,277.7408460549525,136335
2018-10-24,303.3008117675781,309.74904604583503,287.1121959689123,291.74446659534533,1914755
2018-10-25,312.2156677246094,315.6145941228555,292.8903492732672,301.4750626770545,313925
2018-10-26,310.18597412109375,312.7011756734175,300.0765940468509,309.088601899441,2212825
2018-10-29,308.7196044921875,315.57572181163164,305.9227690551696,310.5647299263554,1126855
2018-10-30,307.07843017578125,314.6434776432025,297.7750959446922,305.9033810420024,551775
2018-10-31,306.6705627441406,309.59361922113305,303.4172987738992,303.4172987738992,227935
2018-11-01,289.6370544433594,305.9033433349814,284.829990050725,304.16502714929953,356065
2018-11-02,285.6165466308594,294.05559532402543,282.0136939559909,291.3364668215356,481790
2018-11-05,273.80780029296875,287.84049236378036,269.4183108389869,282.79067684219984,545220
2018-11-06,267.2429504394531,277.64365428132265,264.54323362777296,274.8662607830689,8996085
2018-11-07,270.8944396972656,274.38076342521134,268.1461483893666,269.00074032063856,86920
2018-11-09,273.82269287109375,276.8483197666159,266.0592458187598,268.9097343746193,524880
2018-11-12,266.4192199707031,275.32093325281494,265.3976933940518,275.32093325281494,115990
2018-11-13,269.3280029296875,270.93322459875554,263.99669085591074,266.1759291293727,216690
2018-11-14,268.0439147949219,271.7991913846129,265.64093561683893,270.45663212947727,46215
2018-11-15,268.5400085449219,272.402284987503,265.0571638216728,266.74993994917173,177550
2018-11-16,266.681884765625,273.17091068130037,255.27989997551012,269.48374214182365,6646920
2018-11-19,269.49346923828125,270.84573678243385,265.94248657529954,266.37054975073573,368510
2018-11-20,272.46075439453125,273.9589758241578,266.5651908694404,269.38649534585124,455745
2018-11-21,272.7427978515625,275.3208850064807,270.8067756797993,270.8067756797993,105270
2018-11-22,271.1084899902344,275.1069536528238,269.51297603654143,272.74289719438025,193925
2018-11-26,283.0844421386719,287.50123057316273,270.1744966635867,272.75258455805863,907705
2018-11-27,287.880615234375,300.16791046292354,283.6097217118863,283.6291980219185,1297130
2018-11-28,289.7874450683594,297.1131211800531,288.55191655736564,289.6707059573363,399500
2018-11-29,301.32568359375,304.60423603095296,289.9625904213379,289.9625904213379,653795
2018-11-30,300.7321472167969,308.39833130685764,298.6696773224142,301.14076374752165,818200
2018-12-03,313.49615478515625,318.12700385257915,302.47360224104364,303.1254054699135,1552495
2018-12-04,316.9887390136719,328.4199081414543,313.58370991177924,314.430127799142,2134555
2018-12-05,307.2989807128906,316.9692648986188,301.5785275675872,316.95952674424746,637560
2018-12-06,301.9579772949219,313.65180909006574,299.8760310211351,304.5068799744202,440140
2018-12-07,294.7684326171875,305.1975492854863,291.90820640683097,303.5339580209291,777175
2018-12-10,278.1617736816406,291.47056931657414,274.5037891532827,291.47056931657414,329395
2018-12-11,301.4228820800781,308.67074138452716,269.67830814719326,269.67830814719326,1102170
2018-12-12,304.8862609863281,308.39829035742343,296.5293221965776,302.5610987418255,1274310
2018-12-13,302.73626708984375,307.61033255108066,298.70861951902646,305.86889506247843,678750
2018-12-14,304.39984130859375,307.4254381738416,297.60923075185275,299.25337550205586,467180
2018-12-17,309.95489501953125,315.2083617779315,300.761305925211,304.3998423889104,1872360
2018-12-18,305.46038818359375,326.2991551932146,302.5612376618276,307.6201512605928,1199950
2018-12-19,310.6164855957031,315.20841179461195,299.6814872303812,305.47975710959304,2347125
2018-12-20,304.2734069824219,308.738855825493,301.18941044923474,306.25803111967747,674340
2018-12-21,306.6763610839844,311.80335089250093,302.67786897721555,306.64717631048217,586045
2018-12-24,303.0476379394531,308.59298380002093,301.1991992157646,305.0906616612151,189180
2018-12-26,295.1284484863281,304.85710298056887,292.12229781034745,304.85710298056887,334545
2018-12-27,289.0675048828125,295.955378942707,287.04392819788,295.74134736429096,473770
2018-12-28,282.9579162597656,293.21192620525545,281.1872940516466,291.85962900656654,572760
2018-12-31,280.3117370605469,285.91545175712884,278.648145393561,285.91545175712884,475940
2019-01-01,279.99066162109375,283.58053746812124,277.67526681418855,277.67526681418855,384170
2019-01-02,278.32708740234375,281.81967098548336,271.61432138855326,280.9635445949479,447495
2019-01-03,289.9820251464844,292.44337366062933,278.4341164740869,278.4341164740869,1400545
2019-01-04,302.96002197265625,307.23088569926875,288.425410320196,289.33016802924766,1171975
2019-01-07,315.5975646972656,318.7107461970866,302.2790335243393,305.18792158064366,2710225
2019-01-08,315.09173583984375,325.65704269432905,310.23714567969483,317.5628229381568,2535020
2019-01-09,316.9012451171875,320.65652193850326,311.90073114965185,314.0215711263595,570690
2019-01-10,308.5929260253906,334.6559694978419,306.09265474680785,318.1075487356134,1985860
2019-01-11,310.45111083984375,319.87818037720456,308.00923850268504,311.1223904432719,960580
2019-01-14,319.1582946777344,321.75585896080474,308.9140208303606,312.28012758101687,1488530
2019-01-15,326.7951965332031,330.3558872034173,317.55297589904694,322.0184242006,1807975
2019-01-16,326.36712646484375,337.8372167733677,323.3804228401219,325.9098785819401,1464230
2019-01-17,315.76300048828125,332.67140966490564,314.34259531078055,328.3810687304737,854750
2019-01-18,307.30877685546875,322.99136488194677,303.1449134596309,318.1270370975801,1061950
2019-01-21,300.55706787109375,317.1541508114017,293.22165373865386,311.5115428261394,1116145
2019-01-22,317.5724182128906,320.8509695799332,294.1944658395813,302.43463625981735,1358285
2019-01-23,336.42657470703125,344.39434454496853,317.737839068935,317.737839068935,2328860
2019-01-24,333.8096008300781,348.2858440131221,326.2796314685345,338.3626041794069,3074745
2019-01-25,329.0328369140625,340.50292962802047,325.0440823719487,334.6949213264997,1033030
2019-01-28,325.6375427246094,331.08559548554746,319.2944703260059,329.6068209180148,1251795
2019-01-29,328.69232177734375,340.5029231335645,321.41530687851133,323.9642097242199,1681670
2019-01-30,331.7957458496094,334.2765705309217,323.18591047242865,330.7450642396456,3294775
2019-01-31,339.9872741699219,342.0594822322634,323.3804545861243,323.3804545861243,1137010
2019-02-01,336.6795349121094,347.1086531507849,332.7297037772459,340.5028887951011,799845
2019-02-04,336.17364501953125,340.4834615353546,334.97703951500364,336.02772113964954,1623785
2019-02-05,342.63348388671875,345.39641819130304,331.3482387724256,336.6503673302371,2256770
2019-02-06,338.1680908203125,342.19573899343186,336.2320680741553,340.4835157145343,415000
2019-02-07,342.3841857910156,346.6392755141114,338.83988230619786,339.43385831443106,1298410
2019-02-08,344.33154296875,346.24974433913377,340.42697369902703,342.47176156171685,319045
2019-02-11,332.74456787109375,349.1709836226813,327.6910312658913,342.744517967756,2087555
2019-02-12,316.0551452636719,334.94503083699374,312.42321212519084,331.829190271629,893655
2019-02-14,327.86627197265625,330.67054989130554,318.4505222667197,321.87798626291226,298220
2019-02-15,330.3492126464844,334.95485256673015,323.46513404497705,326.6978152711203,468400
2019-02-18,323.961669921875,330.24208463520483,317.272315385855,330.24208463520483,416630
2019-02-19,313.8156433105469,324.74062332130416,310.2323834662975,324.74062332130416,273315
2019-02-20,333.0172424316406,346.40570169507845,313.95205980001947,317.2237278428191,1277960
2019-02-21,329.67730712890625,337.8467133128674,323.48455230807485,333.98109997585306,1064560
2019-02-22,320.2713317871094,333.9810966750853,315.6462291363611,331.05997921145484,793240
2019-02-25,323.8156433105469,326.53229118896957,318.7913171209957,323.27037036425264,262750
2019-02-26,337.768798828125,343.2410203392463,316.6588357754025,320.9626282261684,1429470
2019-02-27,352.442626953125,359.2975257372981,331.4300638613658,338.8496990693218,2217990
2019-02-28,348.5185241699219,357.1552902160598,345.8603262444876,351.5078082302737,1289075
2019-03-01,349.83306884765625,352.481550192404,346.06483161521624,346.06483161521624,696385
2019-03-05,343.4552917480469,356.37635830385153,340.7970639517706,356.37635830385153,552390
2019-03-06,337.5838317871094,347.33060718856865,334.95481409276533,345.03267563422486,3282435
2019-03-07,332.38427734375,340.4076352663687,329.0347559263325,340.4076352663687,655470
2019-03-08,347.00933837890625,350.3393961561677,331.0600298342333,333.6890478395644,1329290
2019-03-11,350.417236328125,354.4288993354108,347.22348259964235,349.30719749001526,1063460
2019-03-12,358.4990539550781,362.9878538917443,347.6227750000951,350.41730635659235,4120285
2019-03-13,369.901123046875,373.5135633659439,358.3334930000009,362.2185697636195,2232450
2019-03-14,368.7132263183594,373.2214596757458,360.91383254859426,370.20299515712003,662210
2019-03-15,363.7278747558594,373.1241616951443,359.29752421595026,367.1455924218834,1846400
2019-03-18,357.33056640625,366.0939186362876,354.89630189790626,363.17280122627506,1235755
2019-03-19,369.7063903808594,371.76089553787375,358.93720565459097,360.05696148091107,1726050
2019-03-20,371.2059326171875,373.90308742013485,364.75997422229347,369.4337806441337,1392105
2019-03-22,370.30035400390625,372.9293719060126,366.50290681264465,366.5126533808103,778895
2019-03-25,370.81646728515625,375.8505407107936,366.11348007061764,370.78725729184174,2830160
2019-03-26,366.726806640625,373.7082603278521,364.662555175419,373.12406064157994,1181505
2019-03-27,364.1659851074219,369.7355837153176,360.28090830456046,368.96634777947605,919185
2019-03-28,364.1951904296875,370.0082154237666,363.0462246818482,368.62554007041456,723130
2019-04-01,357.505859375,367.67135127897893,352.09205698508276,358.898251670882,708530
2019-04-02,352.02386474609375,360.8456371188847,350.7288490771031,360.26140768247836,599645
2019-04-03,360.5048522949219,365.3344548116572,353.9420842309577,353.9420842309577,2766135
2019-04-04,360.5146179199219,364.1660151304545,352.4815440567501,362.7541296563233,997875
2019-04-05,356.9410705566406,363.1922750681334,353.4649633224737,361.8290928473676,218880
2019-04-08,361.5565185546875,363.5818139572383,346.0551059813282,356.3763955101717,2124790
2019-04-09,366.9215393066406,375.8504344643024,356.7657950614285,362.140670033117,1578220
2019-04-10,372.8417663574219,377.34028330286804,363.3578794687081,369.2098322962205,1209525
2019-04-11,371.3422546386719,375.16891210942975,368.75219309769693,373.9420627485515,490125
2019-04-12,369.9108581542969,376.0354764644617,368.2945028264327,371.95564644690313,587770
2019-04-15,377.30126953125,378.5573583954057,370.9819280866,372.91959321526656,852275
2019-04-16,377.5350341796875,380.95272199810114,372.92939414978366,379.355859626465,1034905
2019-04-18,371.0695495605469,379.38500563249704,368.8495014664947,377.79786038213877,565870
2019-04-22,369.18060302734375,376.6294475620233,366.50291167914776,372.8904202998145,322045
2019-04-23,376.26910400390625,378.7715349008232,361.78035776021824,370.0081831936062,589385
2019-04-24,392.1892395019531,400.5046957478536,372.9488024742494,377.99262134053646,822800
2019-04-25,384.1561584472656,391.42974215806225,380.04711867182647,389.87180689301135,532340
2019-04-26,370.88458251953125,389.482371711799,366.11342940909105,385.3927949227664,1376455
2019-04-30,376.4833679199219,385.1980473245972,363.2020353322507,371.7414250971756,961390
2019-05-02,380.4561462402344,385.53889261741887,373.9225577542621,376.8242122566894,963725
2019-05-03,386.9896545410156,389.2291661049799,380.5437265827666,382.8221947008848,604405
2019-05-06,386.5417785644531,389.13183982216,381.89718240754473,386.3664889190851,616560
2019-05-07,381.887451171875,388.8396955784922,380.71899225077635,386.56122742598006,150045
2019-05-08,380.2613830566406,386.56126173498285,378.7716141433459,381.5953554522849,238145
2019-05-09,371.7803955078125,380.0471491263917,367.86607875487147,379.9984757172355,1406670
2019-05-10,378.3529357910156,386.3665169042283,372.7346333279581,374.6236252864531,1680535
2019-05-13,374.0101318359375,377.4278488056885,372.2574732292232,376.9020393376167,1073930
2019-05-14,369.66741943359375,373.9030458175243,365.7725960396612,373.9030458175243,561135
2019-05-15,370.9527587890625,373.5136102046122,369.2390267997659,372.9099172670593,396860
2019-05-16,368.907958984375,374.18545817159605,367.476610086275,373.35780219246465,526865
2019-05-17,353.0560607910156,373.89336359129425,351.3131187020578,369.2487965922256,1537985
2019-05-20,355.8310546875,362.2185624437044,350.9235690696355,355.40262175255947,1230940
2019-05-21,365.2370910644531,371.56617944965507,359.29747909838824,360.07643193666235,1250380
2019-05-22,374.6430358886719,377.79783302675105,360.2711294327265,365.2370347273951,1063840
2019-05-23,370.6898498535156,379.72583946169993,366.89237305257535,378.77159697751733,1416900
2019-05-24,383.0850524902344,387.49593842281183,368.75210242219936,375.45120284852925,790480
2019-05-27,375.8406982421875,384.55537717757704,369.0929240719367,381.70242626959765,1155400
2019-05-28,384.0782775878906,389.7452229505967,369.03451058687983,374.34121926106,1382575
2019-05-29,399.199951171875,402.1405322599555,378.77159091797256,391.2350144143052,2325940
2019-05-30,421.1180419921875,426.47342427444994,392.2087123494537,398.24570062642573,2421210
2019-05-31,399.8620910644531,445.34388790434735,396.298323703172,417.7198547141543,3085710
2019-06-03,449.9981384277344,475.92792914903697,393.37715098082504,400.38784476555054,4168725
2019-06-04,438.82977294921875,447.7099661053691,428.62535401704247,444.00989552868856,2225510
2019-06-06,448.85894775390625,466.5803769603249,434.6622993673988,436.6097111295423,3595540
2019-06-07,450.86474609375,456.85303087572805,447.9046721143196,450.0273436461836,1085425
2019-06-10,443.70806884765625,457.6417986813599,440.8940443754724,457.60284212293294,918965
2019-06-11,441.24456787109375,452.77324212629856,438.24553706771104,444.594118534143,747905
2019-06-12,430.7674560546875,442.6466791441179,428.88821092218194,442.6466791441179,628770
2019-06-13,426.39556884765625,438.11899660566615,420.4559567110729,429.823003035664,783550
2019-06-14,426.6195068359375,433.2601583277127,422.00412077672775,426.67792681129436,937840
2019-06-17,431.84832763671875,441.0887874273994,427.9827138960449,429.27772971161966,1049935
2019-06-18,410.13458251953125,439.1412845581457,406.03528971340745,434.5453923205058,851500
2019-06-19,391.8289794921875,430.37799100284684,378.58657382599404,412.8512854868938,2089390
2019-06-20,403.2214050292969,408.1775950582732,383.64019029067714,393.1824978585473,999460
2019-06-21,412.86102294921875,423.73730054738564,404.08792381725584,406.79482486530543,1886355
2019-06-24,423.50360107421875,426.8726148064266,415.4413182760419,415.4413182760419,379955
2019-06-25,432.17938232421875,438.9369038454779,419.4822486958539,426.14239368123003,917105
2019-06-26,431.51727294921875,436.22025954780383,426.4929467511094,431.35172986535065,1431785
2019-06-27,429.6185302734375,435.24654934254966,424.5357841462005,433.0070375966444,465795
2019-06-28,437.61260986328125,440.7966469874047,405.0810940846608,430.5727356364788,2031420
2019-07-01,436.9991760253906,440.2805897188696,427.1160675359302,438.16763493794963,382920
2019-07-02,445.3146057128906,447.8170367432573,425.50943336422637,435.4412443814393,924320
2019-07-03,442.7635498046875,452.3837688895272,438.43054664632626,446.93100988472355,716885
2019-07-04,446.0157470703125,449.85215090764575,440.1150913641902,445.7431105917016,580590
2019-07-05,439.472412109375,447.2815226369748,437.23290045208904,445.37306741593096,300305
2019-07-08,435.7236022949219,452.75373707461273,417.2718950716459,437.7586438668058,1444765
2019-07-09,432.9388732910156,449.4431710090009,430.6798683971851,441.86774004679665,502320
2019-07-10,433.29913330078125,441.2737871425624,430.8356585180366,434.2728392183111,299965
2019-07-11,449.121826171875,451.6047642191251,434.55519488337563,436.0060071002662,593970
2019-07-12,427.52508544921875,455.6554353436306,424.555264425039,450.82586207447804,1414040
2019-07-15,434.86669921875,437.58334650948893,425.3243950077108,428.6544816591141,776145
2019-07-16,439.6087646484375,443.2017419128627,430.37802172041995,434.8570749483225,421665
2019-07-17,436.7655334472656,441.59510658254743,432.3254367443998,437.38871951124884,410305
2019-07-18,431.4978332519531,439.92038470266465,430.39754065302867,436.0255604743448,207240
2019-07-19,419.005126953125,436.2202400075003,413.825004471401,433.4938753935117,682670
2019-07-22,425.7431335449219,432.70515409874616,402.7247428541953,420.0566949841405,964690
2019-07-23,421.78021240234375,428.22614092942456,419.8912205136337,428.099554403612,517370
2019-07-24,417.8756103515625,424.2825818342905,416.7461079883934,423.56204900689517,367305
2019-07-25,437.2231140136719,440.4947809522612,419.5990330975653,422.3935639880449,1401720
2019-07-26,433.6107482910156,445.6944429054903,430.37803734942514,436.22027315054856,532380
2019-07-29,435.0030822753906,440.1150379148888,430.38772612114695,433.2990970622246,424315
2019-07-30,434.2436218261719,442.0624790220306,431.35171411180517,436.2202436164531,497985
2019-07-31,437.1744384765625,440.1150192796076,427.66131384302656,433.6885550904609,607155
2019-08-01,431.7703857421875,439.0342529094543,430.3779934831415,436.97971807692414,813965
2019-08-02,425.5873107910156,431.32245211928085,423.1822563170887,430.3779563206502,468855
2019-08-05,419.7495422363281,431.73708366135446,418.30712673911563,424.7297228766821,567565
2019-08-06,419.28173828125,426.48403076460414,417.3228168015792,417.9075517254413,259800
2019-08-07,419.73974609375,427.84840640106705,418.8041405944019,420.98723000700164,219415
2019-08-08,423.9109802246094,425.50933462699044,419.08673976274457,420.4414150133075,526345
2019-08-09,430.16796875,438.55924127860544,423.95003021473894,424.14496166580614,475485
2019-08-13,424.4569091796875,433.11134415658773,417.6542341920024,433.11134415658773,630535
2019-08-14,424.8076171875,430.3725612937222,412.8395595522317,428.8034733951206,904545
2019-08-16,426.42559814453125,428.99852128323477,422.975513051227,422.975513051227,1214090
2019-08-19,424.86614990234375,438.5689920294756,420.84105639449507,424.7394474347571,1024795
2019-08-20,421.572021484375,426.87383588942276,412.5472363496128,424.8759222987582,1478475
2019-08-21,416.9913635253906,425.89920090532775,415.1786260541639,419.27194834882573,575675
2019-08-22,400.257568359375,419.26222524561456,397.44096647272056,417.12785370823235,2213425
2019-08-23,378.0172424316406,394.7218629338857,371.3607525706166,392.7629118460794,1363125
2019-08-26,371.7701110839844,384.9466938858072,356.99520317294144,382.4322146177953,1992255
2019-08-27,390.4823913574219,393.7375447174374,366.66321671839347,377.94904711647456,1297720
2019-08-28,390.6870422363281,399.19529232359673,384.05978863681275,392.15869453324683,776220
2019-08-29,390.3070068359375,397.6359728837975,386.1357287022434,389.7612343505846,387935
2019-08-30,395.05322265625,397.5091983955354,390.2289516678931,390.2289516678931,503795
2019-09-03,396.9537048339844,404.847953614573,390.93069707061267,396.2325119199658,1355155
2019-09-04,412.8396301269531,421.98136216333796,393.5328502708,399.4291550081315,768355
2019-09-05,423.8915710449219,430.56757194754687,413.3464156726047,415.76342893260005,1220570
2019-09-06,400.5694885253906,423.7551509278161,394.54645095739886,423.7551509278161,1080515
2019-09-09,404.54583740234375,408.35651874780956,387.2954724748854,398.6105397800814,1818510
2019-09-11,382.6466064453125,403.48351341881136,380.09316481482233,403.48351341881136,1851760
2019-09-12,362.9986572265625,382.57832178556896,358.65195973803355,380.1905752251215,4090990
2019-09-13,369.9086608886719,372.4913693957338,357.8334070731506,366.44884986798365,2369570
2019-09-16,378.4265441894531,380.03462442443043,362.76475222217476,368.3979256629884,1117745
2019-09-17,375.2591552734375,380.7851082914648,373.46589884257367,378.9431338662441,708990
2019-09-18,386.5838928222656,389.4394566907849,369.79156523952526,375.4150125028174,1413665
2019-09-19,375.90240478515625,394.65365800850947,374.2455765337634,388.9912468471145,1661975
2019-09-20,405.9297790527344,408.9412829813423,372.364625145671,377.1596301367558,4577780
2019-09-23,408.4441833496094,412.25486426926716,399.20498561334495,409.33107090565534,1274775
2019-09-24,405.86151123046875,416.34819310235645,401.93388327630146,405.2377543605676,765490
2019-09-25,400.978759765625,408.3564721403131,393.7472608526588,403.4737277172125,538420
2019-09-26,403.044921875,408.1323237521316,399.54611922417985,399.5851114653559,623840
2019-09-27,399.7312927246094,408.35648944050115,394.9070513272351,405.22803874424886,387160
2019-09-30,393.9617004394531,403.28857927932677,389.83914081805045,400.55971719054685,403220
2019-10-01,402.31390380859375,404.84786368350575,390.0339970358886,395.8815830199807,938815
2019-10-03,413.6192321777344,420.8312487602095,404.4580203166249,405.4228624619938,965305
2019-10-04,442.51611328125,453.4608571362847,416.19224727973216,416.20197303279434,3078580
2019-10-07,455.07879638671875,467.44644749175416,436.2690667229924,441.8827310261329,2542390
2019-10-09,466.4035339355469,472.09518167889877,446.9408141312391,450.0692648295615,2837420
2019-10-10,445.1280822753906,469.31757806569533,442.4674194643117,467.8069633102855,1665985
2019-10-11,440.41094970703125,451.03405822489975,434.09554617942507,445.1279988000662,1226875
2019-10-14,441.5318298339844,447.16500436454703,432.76044895469096,440.5084842193134,766300
2019-10-15,451.09259033203125,461.76441822281237,439.16349322949924,443.05215861297677,1438640
2019-10-16,440.25506591796875,460.0003967182629,436.6880344736693,453.77273236936617,1733485
2019-10-17,445.5276794433594,447.92518184811894,441.1224780865165,443.00344481581226,1970615
2019-10-18,448.3052673339844,459.53265389737095,445.58616067523513,448.2955415800366,1255200
2019-10-22,467.3683776855469,477.1631037267831,445.4594374926043,449.27011857866773,1513370
2019-10-23,457.93426513671875,470.29215814598547,451.2387829859645,468.9764749052528,2942045
2019-10-24,449.669677734375,462.73900760906395,448.31497256268807,460.70210184628667,629990
2019-10-25,441.444091796875,451.8235525686454,437.67237327269294,451.8235525686454,668490
2019-10-27,449.3967590332031,451.2387630767406,441.49278547249133,441.49278547249133,81215
2019-10-29,469.1616516113281,473.65453321590945,448.31499028666326,448.31499028666326,2467190
2019-10-30,474.02490234375,483.9073089787758,462.0763233036144,470.71127563506434,964590
2019-10-31,500.7483215332031,506.28402971983786,469.07389405854406,474.04434862611714,1662935
2019-11-01,509.9679870605469,520.3961940415985,492.85405432994276,497.2397438512963,1819630
2019-11-04,492.6397705078125,510.2604879291908,489.56976324598287,510.2604879291908,944555
2019-11-05,485.73956298828125,499.38396264460107,476.39317316630684,495.0762270565546,1089910
2019-11-06,491.9964599609375,501.0114894538471,482.26996337917427,486.1293622720607,716970
2019-11-07,485.6518249511719,496.2944459614937,479.88222265925907,491.99646611553857,1457525
2019-11-08,490.23248291015625,511.6638805016092,484.121735245051,506.79089116349866,4658185
2019-11-11,499.67626953125,514.4121824932263,490.41759106913594,491.39218880199,2932280
2019-11-13,506.7712707519531,523.3589419124835,501.19660070547656,506.9954686627172,4548295
2019-11-14,508.8374938964844,522.384427278379,503.86706884873496,508.7205469178123,2068545
2019-11-15,514.2952880859375,519.3632087116742,505.92346653182693,512.0147029847002,1436295
2019-11-18,531.5943603515625,534.0795727438449,516.3418816061369,516.3418816061369,2303435
2019-11-19,514.383056640625,531.3898036255098,502.8925676432824,531.3898036255098,2372370
2019-11-20,505.0755310058594,521.1661494575804,493.3413954508064,513.8079483046805,2363960
2019-11-21,502.6952209472656,511.1726570054828,498.1102056361902,508.7045743653853,1718760
2019-11-22,508.2559814453125,513.1239130844197,501.15402667519,507.06585206517565,2137385
2019-11-25,513.4652099609375,518.9867343572344,503.33911064375144,507.6705060715777,2406175
2019-11-26,505.5146179199219,524.6449257330898,487.76955898245296,514.8895345534409,35445400
2019-11-27,497.1639709472656,500.8417722202421,483.799074050271,488.1499996496138,2123240
2019-11-28,496.13958740234375,500.3344227610766,492.452051352446,497.5053657528205,813265
2019-11-29,513.8651733398438,519.7671724398681,494.4129231054818,497.1054202988991,2123440
2019-12-02,490.5302734375,509.8361990228983,485.83793312236725,509.8361990228983,1905210
2019-12-03,498.1199645996094,499.4759781272256,489.91570764181944,492.0618756226819,902145
2019-12-04,477.2336730957031,499.9539541320079,462.01525930313466,495.7493835788683,2022210
2019-12-05,477.8970947265625,486.9891262009639,475.19483239063214,479.90670287260485,893270
2019-12-06,476.93133544921875,485.4282728624504,475.17534716768364,481.72120633771505,1541305
2019-12-09,484.95989990234375,493.3983055496686,479.8968505597319,479.8968505597319,1007875
2019-12-10,487.6622009277344,492.6471908859835,483.8771048759691,486.559837103566,554215
2019-12-11,500.18817138671875,511.5044612986512,485.08684433600206,487.5549572048267,1376570
2019-12-12,492.79351806640625,504.9389607086666,488.94989203898774,503.3098272565235,902520
2019-12-13,511.4751281738281,524.6254354721787,493.73983482929305,495.37873334003575,2171315
2019-12-16,515.6016845703125,521.0159144092607,509.63133078358203,517.0356983988333,778915
2019-12-17,508.4704284667969,522.4986845872496,504.0219728381726,515.0846117202683,1299295
2019-12-18,513.094482421875,515.4455050691973,504.3536320825165,510.40198542018027,1088115
2019-12-19,505.86578369140625,509.8947649003064,498.5004754633487,509.8947649003064,772190
2019-12-20,515.5333862304688,521.3280905515344,499.6711117989567,502.4123741394335,2047325
2019-12-23,505.8267517089844,516.060146601614,502.5977199030508,514.635838183371,815865
2019-12-24,500.16864013671875,507.29006318473273,497.9639123905764,505.846284466237,462005
2019-12-26,493.41790771484375,503.2903284319961,489.91572607459767,502.1197291979585,422835
2019-12-27,500.79290771484375,504.2365888680041,494.01292971863654,495.9445076017733,678920
2019-12-30,496.3249816894531,503.3781395955642,493.1642447582758,503.3781395955642,499560
2019-12-31,493.6325378417969,501.6222052635035,492.052169300552,497.13471955542843,1170830
2020-01-01,500.5686340332031,505.32926975488635,493.6228001852751,494.2666595841347,303145
2020-01-02,494.6373291015625,500.3442385081294,491.89606674801865,497.524916358641,940085
2020-01-03,500.9294738769531,503.3780861093876,494.21776129878765,494.63726566323703,625645
2020-01-06,491.64239501953125,500.9295156574749,487.9841237397773,500.9295156574749,414525
2020-01-07,495.4957275390625,502.9878293197551,492.0618115828515,492.0618115828515,578670
2020-01-08,497.46630859375,498.30525775686385,492.4130242414214,492.6471440504607,445030
2020-01-09,499.2418212890625,501.42701900466994,494.59824637231065,499.5149412324274,414765
2020-01-10,497.290771484375,500.9295129105202,491.86677701169054,497.9151009650637,679170
2020-01-13,493.49591064453125,501.03680808361844,483.47713580211894,500.3832136234701,3977580
2020-01-14,496.7152404785156,497.91513447896176,488.8621331164748,489.52549253782115,769115
2020-01-15,492.04241943359375,499.08581297528195,486.49159953441267,495.5738662367092,736480
2020-01-16,503.5439758300781,511.1824632795191,481.91629171771456,494.9494791631153,1626790
2020-01-17,507.3681640625,510.2069566860361,498.5004873165668,498.5004873165668,777875
2020-01-20,505.66094970703125,511.1824746661253,501.2612589574881,508.2558574447543,278655
2020-01-21,501.017333984375,521.9133625963293,492.65695764781765,507.28027766372196,1363470
2020-01-22,493.97393798828125,502.285549729613,488.686533020647,501.3880704773844,1216085
2020-01-23,505.6219177246094,508.0607655426349,493.6910932523273,495.3397567589998,796495
2020-01-24,528.361572265625,537.9999006847113,506.8119528203,508.0508466476962,4057170
2020-01-27,526.791015625,536.5464048032408,521.1523720997351,528.3518540766504,1105545
2020-01-28,539.5413208007812,547.296867168801,526.9861395899579,526.9861395899579,2280180
2020-01-29,552.711181640625,556.0279787749547,542.3997264583957,542.3997264583957,1264205
2020-01-30,551.0917358398438,561.9104900499542,543.3752481906674,555.0817167333748,994685
2020-01-31,555.5987548828125,572.6413926212977,551.1892995522325,554.525626258217,1228710
2020-02-03,548.467529296875,570.5439824874827,522.0304451871871,522.1279752741041,2464880
2020-02-04,577.8605346679688,583.9771835884363,546.2628699692792,546.2628699692792,2271985
2020-02-05,582.845458984375,590.0058807534242,572.64130124423,581.0894414320059,1396735
2020-02-06,599.2346801757812,603.8977262914715,577.5191694465321,581.4213259968466,1244705
2020-02-07,600.6004028320312,610.6875037734313,593.1277991920866,602.9612504294512,504400
2020-02-10,588.0060424804688,610.297081410477,581.4211552357683,604.3463182358364,685100
2020-02-11,585.1965942382812,596.6396480277162,577.723991453305,591.6741876995092,3727040
2020-02-12,576.6898803710938,594.8738813444855,572.2511304666598,588.0451086203384,1493880
2020-02-13,558.9349975585938,573.6070804679089,552.0866957591993,573.2266060252389,1314640
2020-02-14,556.0864868164062,578.8848269278271,550.2039584674429,558.9350438302808,975335
2020-02-17,550.1259765625,556.0572707893972,540.8388850899277,553.3257732974643,662700
2020-02-18,544.4608154296875,568.6745237578979,537.4281925644685,550.0966907756489,1261390
2020-02-19,556.7385864257812,566.7405123995261,548.6999405355269,553.2320818724367,1128525
2020-02-20,554.8826904296875,564.5622698987396,551.8645025826779,557.7347876266136,679240
2020-02-24,529.2333374023438,554.7069762683869,526.3811797997814,554.7069762683869,1130485
2020-02-25,517.6000366210938,548.9342352850524,513.9763274215137,539.3620843865896,1632140
2020-02-26,509.9229736328125,527.0551764351417,498.1433508962661,517.4732449525494,1401145
2020-02-27,501.5032653808594,520.6085213013812,499.11998946530167,506.15261180761763,1302515
2020-02-28,506.61163330078125,517.678243384916,453.8573103151498,487.39894990391144,2511040
2020-03-02,524.5645141601562,537.2134612156549,513.380694726155,517.2877017168142,2311025
2020-03-03,544.7929077148438,547.9575729290002,530.2783952246428,530.4150951217129,1849855
2020-03-04,518.528076171875,547.4790056173559,515.7248040705588,543.0738467106642,2004170
2020-03-05,528.276123046875,534.8691968964268,499.73546753169796,512.8532354591597,1786715
2020-03-06,517.3461303710938,521.5852577607911,498.1432237041264,507.7153756873627,1228040
2020-03-09,494.373046875,507.5591928813541,492.28278423721974,503.0270513535083,1217475
2020-03-11,497.7916564941406,509.3759151560574,481.63617808712513,489.35250909527275,1706985
2020-03-12,461.8374328613281,484.2734176716311,459.0732390270028,484.0780852420069,1925860
2020-03-13,447.8307800292969,459.0731991906176,416.3989243109957,416.4868283679125,2627740
2020-03-16,426.43994140625,443.85543765408636,424.42783566504596,435.8265389887054,1286045
2020-03-17,410.6067810058594,429.7608627111054,404.21881815037153,426.0589961622329,1973615
2020-03-18,387.5456848144531,423.81247304922994,384.84009387018693,410.49934523564445,1709855
2020-03-19,386.3931579589844,404.33607990021176,339.90955336209845,357.68644422553734,2049865
2020-03-20,381.24566650390625,404.76583036402536,362.69713457459727,381.03077997376494,1977930
2020-03-23,330.3861999511719,361.08549291390517,308.8683652678878,351.63054540257764,2703775
2020-03-24,346.3268127441406,363.3515855248719,327.0847948132693,327.4071395252183,1781120
2020-03-25,357.1589660644531,363.2538860394063,332.0955183660886,341.86303361215,2446155
2020-03-26,396.22900390625,428.5887847957164,362.4724755721181,376.83070426035636,2077405
2020-03-27,400.5559997558594,428.98925005091223,386.79357536102003,419.8077625468817,2412385
2020-03-30,419.18267822265625,421.9566489116789,371.16557080193974,390.7201251432768,2560965
2020-03-31,397.54766845703125,423.37298250921407,394.20716495179687,422.3473754696342,4162870
2020-04-01,393.42578125,410.3528731877465,387.0573418065444,400.07745719270537,1676310
2020-04-03,391.9996643066406,401.26905626212766,377.2214392285801,396.17041226676446,1554220
2020-04-07,460.65557861328125,470.3937931263383,400.4681506018748,400.4681506018748,1427635
2020-04-08,440.2902526855469,469.59279700414345,430.16134463537963,451.25918250638705,1868660
2020-04-09,437.9656066894531,457.22711709499595,430.74739900593784,447.3521740243073,1047865
2020-04-13,422.2105712890625,461.00713823516577,418.14728187282407,434.0683178294132,1603490
2020-04-15,461.40765380859375,472.35702973973275,427.03576625696587,432.70091301427794,3459030
2020-04-16,458.7703857421875,472.747696448827,454.38478131991786,463.03878476107803,2895595
2020-04-17,485.7483215332031,493.06418126357,470.7942573614123,470.7942573614123,2583280
2020-04-20,477.6021423339844,497.3325329124776,462.78481019861067,487.39895786998954,3098430
2020-04-21,466.3304748535156,480.7571139990812,461.6127780888921,468.8505104882564,1135000
2020-04-22,487.72125244140625,489.8310389947711,462.9801531532275,462.9801531532275,1631380
2020-04-23,481.1184997558594,499.31538520642505,470.7942291128658,490.34878366585275,2139875
2020-04-24,454.5997009277344,479.5752143858225,449.89175149530297,472.74773086909136,1363495
2020-04-27,453.74993896484375,469.79799023397914,449.7257271855241,461.0755758858654,968835
2020-04-28,467.3267822265625,472.27888983772385,447.21544195939777,462.98022598761946,1563715
2020-04-29,475.6291198730469,488.32688843932175,469.90534100373566,472.8941979893041,2438400
2020-04-30,497.6744079589844,503.5153925942883,472.55235846884295,482.9938342712068,1671435
2020-05-04,488.5221862792969,497.6645945004352,480.7863322079581,486.0314822368923,1403110
2020-05-05,506.260009765625,519.4363764572994,493.4059579165827,495.2422552961726,2981630
2020-05-06,517.06298828125,522.5621045432146,504.5898513068426,509.50294045691555,2413095
2020-05-07,506.6018981933594,523.5387951481132,500.0967595444663,519.6122351073249,1791035
2020-05-08,527.04541015625,535.6798607199217,504.6484440125022,509.47359919203114,2819360
2020-05-11,502.2358703613281,531.0890890248087,498.16280337567576,523.4606619788995,1992030
2020-05-12,493.3474426269531,512.5699360116525,488.37578075582985,502.05030261699306,1610695
2020-05-13,511.065673828125,517.678300632247,503.0270279728437,517.4829384068854,1577950
2020-05-14,526.6253051757812,529.887681371473,503.44701148070976,510.1182408253454,1570995
2020-05-15,506.27960205078125,527.2504273266325,503.0367800426169,527.2504273266325,1432765
2020-05-18,469.6025390625,505.95722753026035,430.7473693838703,505.95722753026035,5052560
2020-05-19,481.06964111328125,490.7688062242091,471.7709775049655,478.58871374930385,4099280
2020-05-20,468.26446533203125,479.7998987816954,452.48993372175033,476.66453464463,3856915
2020-05-21,479.79010009765625,486.4222511859957,469.8174755431003,471.19469874692305,1792645
2020-05-22,473.39239501953125,478.23707421000313,462.1988309522867,470.7942324006811,1266155
2020-05-26,467.8834533691406,479.9658934447128,464.3476180064105,473.431424075745,1205290
2020-05-27,475.0723571777344,476.73281669551835,456.14291001838404,468.58671348543675,1717560
2020-05-28,502.2260437011719,505.5665169030851,475.52166315122423,480.0245027489097,2936485
2020-05-29,524.2811279296875,543.0738166507396,493.46460120431084,502.22606307173714,3024390
2020-06-01,523.8416748046875,538.2292075259049,509.09274874241845,528.4519735911508,2145880
2020-06-02,508.4089660644531,528.3639933609988,504.00380697267224,525.1113939606785,1762985
2020-06-03,502.2358703613281,517.1313311572293,494.73442578330145,513.3805790601248,3251840
2020-06-04,491.110595703125,503.866966698749,485.09383326483385,496.18971494469145,3977630
2020-06-05,488.395263671875,496.3753363687927,483.0817332428473,496.27765525930016,2402230
2020-06-08,520.2080078125,523.5191494539495,492.2826615539503,494.04080199340916,3194440
2020-06-09,528.0610961914062,531.9192760134205,515.7247216596847,524.5545325535513,7599615
2020-06-10,536.5882568359375,542.8492681189783,524.9063455893946,531.3528824491035,3651155
2020-06-11,535.2794189453125,541.1105972512121,523.5388458985428,538.1901195710766,2305475
2020-06-12,550.9854736328125,555.7227539740039,517.678272760185,517.678272760185,3598360
2020-06-15,544.3142700195312,548.8268567038481,538.2095737889972,546.9514510981827,2163720
2020-06-16,549.6082763671875,561.6320843447737,539.5575253978675,554.7850471344343,2591085
2020-06-17,546.7659301757812,551.8645438947619,539.7625796774003,547.9770923795464,2191895
2020-06-18,538.9520263671875,546.7855336587769,534.9473090381932,544.6366682159247,1315525
2020-06-19,523.1383056640625,546.5900565707834,511.9642673252101,540.1532982654376,2992780
2020-06-22,540.9737548828125,547.9379973380139,520.6085114430041,523.1383238741917,2229810
2020-06-23,577.2015380859375,583.1206498352968,533.3161000186063,533.3161000186063,5916455
2020-06-24,529.7996826171875,574.3298036592289,520.5108271968143,573.3530522924615,3731415
2020-06-25,536.7543334960938,550.4971759980303,519.6318493919032,529.799807281401,7309880
2020-06-26,538.444091796875,549.3251188326145,534.439374502549,534.8691475873989,2212105
2020-06-29,540.0166625976562,542.9078688504947,534.6249745858884,534.6249745858884,1398685
2020-06-30,539.5283203125,546.7855781355793,537.2329777126774,544.8320747770268,1319450
2020-07-01,538.9520263671875,542.8590327664874,532.3296219046048,538.1901315035545,1413545
2020-07-02,544.9296264648438,550.887786120744,539.1667693947707,539.1667693947707,1291530
2020-07-03,540.905517578125,552.6362539544243,539.4403902108609,550.3701831391136,619215
2020-07-06,543.6011962890625,549.1198654805071,541.5109936259832,544.0407463371182,1265000
2020-07-07,569.074951171875,575.3066304784402,541.5207700397671,541.5207700397671,2427720
2020-07-08,558.0472412109375,572.0538190656175,553.2025341320318,569.0747400347925,901220
2020-07-09,559.2000122070312,573.3140833406899,556.5725482807898,560.6553624070949,775445
2020-07-10,561.1240844726562,569.2506626848312,554.5798982605236,558.701760253626,1086145
2020-07-13,553.6619262695312,571.3997098342896,551.4251268578703,568.4694549120625,801480
2020-07-14,565.6759643554688,567.844324400653,549.9014013763679,554.7949366768438,1131015
2020-07-15,593.21044921875,597.771861600855,567.6879301624783,567.6879301624783,3766285
2020-07-16,593.4448852539062,600.7021413688603,582.5931909591742,594.8416326725787,2538515
2020-07-17,607.59814453125,615.3535552149559,588.2486962352496,593.8650183661797,1190495
2020-07-20,635.9531860351562,648.1332491160147,607.5296804681875,607.539457522171,3983315
2020-07-21,626.3321533203125,644.3825028564962,623.9488771577104,640.7490157124316,1693110
2020-07-22,622.8646240234375,632.5247100087927,614.8748044512181,625.1697430986528,1638625
2020-07-23,639.2448120117188,643.4838801622541,619.4558169636398,623.1674607628154,1484990
2020-07-24,618.43994140625,646.5606546952939,613.3119961316019,632.9349596137074,1579255
2020-07-27,607.9888305664062,630.952210913332,603.63249691005,623.2359089393723,1816435
2020-07-28,611.3781127929688,622.2591397639444,606.3771494442182,612.0325196627591,1767545
2020-07-29,613.4390258789062,619.2604866155409,607.5394679414297,613.380423170183,859065
2020-07-30,620.110107421875,627.0059693749189,611.1142062787324,618.8696141649746,1508820
2020-07-31,624.0368041992188,638.7857285713109,620.1297980486054,628.05123871109,1714060
2020-08-03,617.043212890625,634.4977576207442,613.399948832223,627.1624038516325,820750
2020-08-04,622.4055786132812,629.4773097371976,607.9594450094817,623.1576963652757,866985
2020-08-05,655.0973510742188,668.0979088754376,636.8418663549493,636.8418663549493,5512930
2020-08-06,648.3676147460938,672.1026635761943,643.4838573894401,661.6514705258986,3576470
2020-08-07,647.176025390625,657.7444837717594,639.7917864372337,654.032780379801,1422080
2020-08-10,688.82470703125,700.2136636142432,648.5630363143703,648.5630363143703,3025875
2020-08-11,662.423095703125,690.6121294100626,660.2840075543594,690.514478107488,2239510
2020-08-12,633.8433227539062,667.1798551143966,631.6651860582042,667.1016983044539,3636310
2020-08-13,639.2349853515625,650.428518586145,633.3353685594114,639.7526326091033,2515475
2020-08-14,634.1362915039062,650.125707131409,632.9642375184,632.9642375184,1672705
2020-08-17,639.1570434570312,647.3422279627706,633.3258640744082,643.1422073243502,1016190
2020-08-18,640.0946655273438,653.4468436825547,634.8885626213162,644.6560789693364,1481930
2020-08-19,643.48388671875,654.5309439783664,641.1494362879849,646.5704548938976,2137335
2020-08-20,638.7466430664062,648.4848267183937,634.3512614009206,644.6462005511445,1233025
2020-08-21,632.7982788085938,648.5826180880834,629.0280319313002,646.8049230178135,1917535
2020-08-24,632.7005615234375,640.0359748310245,629.8093556200367,640.0359748310245,1843720
2020-08-25,641.7745971679688,644.4606639437101,630.5907799421001,630.9815044104996,1198175
2020-08-26,635.1229248046875,647.3225422499002,633.4233866289602,646.6095326883141,2075860
2020-08-27,640.2313232421875,646.6095396127466,635.0936600594156,639.7722786198625,1090530
2020-08-28,662.227783203125,665.1678149487567,639.7722742899201,643.8746427811229,1938695
2020-08-31,637.554931640625,668.3909809470042,633.0325678226839,663.9761050929396,2479440
2020-09-01,645.2420043945312,654.0327677220654,633.4233353228738,643.6792258716636,962855
2020-09-02,678.59814453125,683.5112334809401,646.2969633727762,649.1490612279687,3658290
2020-09-03,670.8621826171875,694.4702473282068,666.906351359439,682.3976142985688,1717130
2020-09-04,652.0596923828125,674.1538034709654,646.6484516709799,661.2606735407329,2001505
2020-09-07,643.27880859375,661.5245197995372,639.8698957176856,660.10821817493,1989395
2020-09-08,647.410400390625,670.8231039282098,642.7024512684256,662.2374801823596,6613640
2020-09-09,640.6903686523438,645.8280909795534,632.9349595107287,645.24200432141,1960035
2020-09-10,661.5928955078125,670.051537372385,632.9838055609825,643.2885220915053,3166500
2020-09-11,661.2313842773438,670.9891811011715,653.0657566634475,668.0979754182401,3339485
2020-09-14,670.8526000976562,674.9354149909814,660.4795019621698,661.2315602213404,2029065
2020-09-15,690.2799682617188,695.2907074582647,666.2030236293303,673.9584317356893,3185315
2020-09-16,691.5009765625,699.6861584657335,684.7027650228459,695.5837904610487,2487815
2020-09-17,687.0274658203125,706.787129328739,683.2278882273083,691.5400529217789,4558590
2020-09-18,681.2451171875,699.1196575708907,671.7803928437702,687.0274693285888,3215905
2020-09-21,664.7184448242188,700.0475895281699,656.5918651844572,678.8422929861586,2651800
2020-09-22,654.2964477539062,668.0979496407793,639.8503161818294,658.3988155082685,2540340
2020-09-23,661.9835205078125,679.8092345328764,649.1489921018839,654.4234737968669,3312720
2020-09-24,659.453857421875,673.9585946338243,650.5165565596044,659.5026830779592,3207870
2020-09-25,673.9878540039062,682.2413563370917,664.1910080198473,664.1910080198473,2290515
2020-09-28,698.484619140625,706.1521527394308,673.9974564993414,682.7491697508151,4367680
2020-09-29,709.7955322265625,723.4016731284604,703.251285416455,703.2610624698001,4655450
2020-09-30,710.039794921875,720.4519405184791,706.1913913175993,712.8332901287462,2029565
2020-10-01,705.0485229492188,717.5118811153724,700.6335872735626,714.9820686032671,1447060
2020-10-05,681.3525390625,712.8332202783582,678.1390481456684,705.409932854986,1990105
2020-10-06,676.1365966796875,703.0656396980329,673.9584601537575,688.932075678398,2025950
2020-10-07,675.8338623046875,679.8190250058726,667.1700815110478,679.8190250058726,1888785
2020-10-08,676.0390014648438,687.6330366747096,670.4129034443712,682.7492793119632,2215850
2020-10-09,675.3064575195312,684.7028021897017,673.313905919349,681.77254768675,869020
2020-10-12,679.6529541015625,692.6241818982597,675.6775686867607,679.8092080969166,1882135
2020-10-13,699.23681640625,714.0052932148052,681.7724961202928,682.2218232385851,5538105
2020-10-14,730.7175903320312,739.5767340756246,695.447106045394,695.447106045394,6660980
2020-10-15,704.7847290039062,735.8845194229093,697.2051286959089,735.8845194229093,3726485
2020-10-16,703.3197021484375,714.97234071163,694.8121748864243,706.5820784797444,2090535
2020-10-19,679.0767211914062,709.6588090765308,676.1464666142962,709.6588090765308,2427300
2020-10-20,678.7349243164062,686.6563653758016,672.464136206817,679.233077164159,1935690
2020-10-21,682.3096313476562,690.3678298402264,672.0049167137249,683.1399057499262,1527005
2020-10-22,663.7905883789062,686.5097785425734,656.8947250669373,682.5539468296488,2400855
2020-10-23,712.0812377929688,717.8538134386384,664.4548208918833,666.9259714055585,6380510
2020-10-26,685.7869262695312,712.0811174610332,683.7259950779642,712.0811174610332,2969680
2020-10-27,698.9242553710938,701.1317231557102,678.8422482255015,689.7818762352484,2340380
2020-10-28,695.9158935546875,713.8002112355712,683.7456079506317,698.5726886500356,1902565
2020-10-29,703.7396850585938,710.6843739784941,684.1167806312533,691.3838142415983,2567295
2020-10-30,693.2883911132812,729.6333340757175,683.9213780809563,708.2620075533085,6842265
2020-11-02,693.81591796875,708.9653434531588,688.6098157190806,696.4238278123469,2035685
2020-11-03,693.3080444335938,706.7774274118614,690.8173397997431,701.3076423486527,1175370
2020-11-04,705.234130859375,713.0285886831447,694.9196374954003,699.3540678042898,2221725
2020-11-05,707.959228515625,716.7109431230549,704.2378078104555,711.0750680804599,1461665
2020-11-06,702.4308471679688,716.9258056734614,688.8442007642032,709.121570925964,3284150
2020-11-09,709.5709228515625,713.4193261825461,693.4935715479359,708.1448441862725,1583195
2020-11-10,690.8953857421875,716.7401905384141,664.581699718515,714.0052984457151,3300885
2020-11-11,692.3701782226562,701.1023377724268,673.9974875115561,675.9119416404521,3869905
2020-11-12,718.2639770507812,727.679875927716,688.7465749946883,695.251713828909,4779495
2020-11-13,754.0423583984375,757.1581979749124,711.1824990907726,713.1457790856539,5056920
2020-11-14,758.818603515625,763.8195657239613,751.1217980073226,755.028803458596,759970
2020-11-17,766.7986450195312,771.2819600034236,742.5654461064901,751.5125219698544,4701895
2020-11-18,774.4271240234375,779.174121662545,756.9823578018476,767.7266235254866,5126620
2020-11-19,749.0121459960938,773.3918252656257,739.2055227882196,771.6336844900237,2633210
2020-11-20,777.572265625,792.7314067052259,745.2808669573564,749.0120644325237,6239415
2020-11-23,792.8193969726562,795.7008257102356,772.6104068291038,786.2849273039551,2601600
2020-11-24,790.7584838867188,798.9729376441162,787.0956658181175,790.2896026349357,1502140
2020-11-25,789.5668334960938,799.1780945512907,781.6551701398196,791.1687202746567,1400585
2020-11-26,816.466552734375,819.8754057221879,783.5402402224123,788.2384122652695,2378590
2020-11-27,841.2467651367188,854.8040804303625,806.9920836247849,813.6925844607806,7169200
2020-12-01,821.799560546875,864.7180203327747,816.56418724277,855.7318953441886,2343160
2020-12-02,821.4480590820312,829.6527960037594,807.8125858903774,829.6527960037594,2910805
2020-12-03,812.2177124023438,831.4890603803991,808.9748902105077,821.4480261653692,2280915
2020-12-04,827.50390625,829.2620470767496,813.8488793527712,813.8488793527712,1362395
2020-12-07,843.1025390625,846.6969772729464,825.3647588215312,826.3317332260797,1736990
2020-12-08,833.9796752929688,848.3965356811901,828.9591587244421,840.2015770217889,920750
2020-12-09,856.2886962890625,866.7692801229099,837.8574007812142,840.0062659429085,3090330
2020-12-10,896.8824462890625,903.2997103366536,850.4281506734064,854.266776638498,5691815
2020-12-11,883.2470703125,925.9408388856674,874.21211922054,897.6346003796009,4237150
2020-12-14,912.7840576171875,917.1696623319216,875.3647098804972,890.7973717217385,3289310
2020-12-15,906.2398071289062,923.3817840363174,901.736997020306,910.3323982999017,3102285
2020-12-16,898.8359375,920.0998349278983,896.6578009169965,913.262575008052,2246150
2020-12-17,890.9439697265625,911.309216144409,885.0931777361002,898.8360795000658,1645520
2020-12-18,907.2555541992188,912.7937778059894,890.3382716646828,898.6015507200691,2394030
2020-12-21,875.1400146484375,919.9436608929474,860.2641083498618,910.8989324456601,2522025
2020-12-22,903.4267578125,904.4718890715243,853.085006960344,872.2586436761546,2601940
2020-12-23,911.4263305664062,914.0440173625459,894.9192068108413,898.6113559979901,1672410
2020-12-24,903.1727905273438,918.1464076769894,900.3109157935263,906.4253897066449,1270165
2020-12-28,904.3448486328125,915.1770483053738,902.0201754423609,908.378836838821,1277295
2020-12-29,918.7813720703125,928.8809497421087,904.8626624416623,906.4254410798093,2576820
2020-12-30,933.3250732421875,936.1186277398979,913.0086546969515,921.4673557674423,2536490
2020-12-31,929.4572143554688,942.5652028675837,918.9278045097408,932.797687811961,2520275
2021-01-01,928.8319702148438,937.6813354333491,926.3510431433323,933.7743298690434,762755
2021-01-04,944.0596923828125,947.4489916029853,925.4818590579137,929.9162895774049,3517955
2021-01-05,1073.3328857421875,1084.0478230046488,940.6509119359345,953.3096351098781,12350115
2021-01-06,1027.50341796875,1148.659706073206,1012.1195826195553,1074.4265958167744,20797695
2021-01-07,1037.554443359375,1058.7890147561886,1022.6883118170574,1046.8824693381184,4780065
2021-01-08,1057.274658203125,1064.6589555298833,1033.1196167571306,1043.951874913431,3640945
2021-01-11,1070.3046875,1078.1186987714905,1042.3890559238962,1061.5334789249277,2758740
2021-01-12,1048.9725341796875,1080.8245081154032,1042.1060611915989,1059.9707665047367,1743560
2021-01-13,1027.4547119140625,1059.0134911289963,1010.634960333821,1058.7986344130557,2810005
2021-01-14,1011.92431640625,1037.3296320921036,1006.054030437632,1029.300763494086,2170025
2021-01-15,979.4082641601562,1038.0915723082437,975.1203702578213,1011.934137756084,3411060
2021-01-18,956.5133056640625,988.4628113503318,948.8262159646584,984.565582126338,2477010
2021-01-19,962.5690307617188,976.0872974946949,948.9531127270795,964.6202446422573,4814460
2021-01-20,1009.8829345703125,1021.0960224995803,960.1467062138948,961.1234576952925,7228550
2021-01-21,1017.3356323242188,1050.0079242269858,1001.1703463559631,1019.7286259469518,4379310
2021-01-22,1043.561279296875,1050.1641286771376,1024.612277206546,1025.5890286624149,4093340
2021-01-25,973.9873046875,1063.6726371612112,970.6663852613127,1052.5474229470742,5049195
2021-01-27,919.640869140625,1001.326601919748,913.6533776715787,981.6352582790593,7662835
2021-01-28,886.2554321289062,925.8041496583545,879.2716948119064,910.332379973607,4983570
2021-01-29,852.5086669921875,914.1612147127437,845.8667689513709,903.4951054041778,5974205
2021-02-01,888.7657470703125,911.6217570167181,822.6201612122587,859.5413576042976,7558185
2021-02-02,949.6954345703125,959.0331761622964,882.2409809898826,908.3202569482696,6230605
2021-02-03,939.644775390625,966.984041947085,933.0907509778241,959.1700294869065,3534655
2021-02-04,935.7377319335938,950.2229736479071,921.4674065538007,935.7279548798181,1876790
2021-02-05,941.12939453125,959.8341498498128,925.9604152313664,947.439171020771,2191250
2021-02-08,988.1892700195312,1003.2116530677123,947.4489439671204,950.1740591585619,5572260
2021-02-09,970.7738037109375,1003.7000592362235,962.0123115919711,986.5190334155627,2519885
2021-02-10,1000.1251831054688,1011.3285541118169,952.7429570291437,970.510069676034,4772375
2021-02-11,1058.5447998046875,1067.5308670894606,1006.0541768538358,1006.0541768538358,6099365
2021-02-12,1049.773681640625,1076.3706117347356,1038.2870719457944,1061.5338104311386,3669185
2021-02-15,1078.499755859375,1091.7933295796533,1022.6881603663958,1045.1241138966152,4825210
2021-02-16,995.3488159179688,1084.4090095336628,977.1812620685071,1081.732719992313,9010940
2021-02-17,960.4788208007812,1001.1702609818619,943.1511995721489,1000.1935095077333,8574580
2021-02-18,1036.7042236328125,1046.8037979500434,967.4916458919732,972.0628344872292,10501095
2021-02-19,1009.990234375,1029.4959303600829,998.3473152749881,1021.6819195034598,4327230
2021-02-22,975.5110473632812,1008.0075902061162,968.5468041073881,1006.8355360499856,3467180
2021-02-23,990.6505126953125,1025.588927916855,979.4764747531715,1009.9609061581219,4721480
2021-02-24,964.3564453125,1002.0297548615135,958.9745354317587,990.650576934084,2292175
2021-02-25,968.6347045898438,988.5995077822779,966.0072406507471,975.7747557230499,3131760
2021-02-26,959.2383422851562,969.9142289096462,928.7734609481507,957.2164595482913,3507240
2021-03-01,959.1309814453125,980.4045993801288,952.420703010519,961.1235331619929,1844925
2021-03-02,969.416015625,984.1747154001027,951.463319601883,968.7420547547633,2597600
2021-03-03,986.6558227539062,996.2865787068552,976.7515477518189,996.2865787068552,2502550
2021-03-04,973.8211059570312,984.370008722198,967.364793775067,967.9605977968084,1476255
2021-03-05,966.0463256835938,978.3240997464757,960.547209721194,962.1296020694733,1110010
2021-03-08,956.0150756835938,978.8319761997509,954.2862064677796,967.1988325597963,1183905
2021-03-09,950.183837890625,973.6258736590592,932.6023110642994,966.9839754479054,2598860
2021-03-10,951.3169555664062,970.8910350527258,942.9950133316329,961.6314494897638,2593270
2021-03-12,938.3846435546875,970.304934053533,935.3371837378673,949.597790968238,3561205
2021-03-15,931.6549072265625,947.6345475836998,907.4021505992846,947.6345475836998,1968855
2021-03-16,942.5065307617188,952.3326477994951,932.797619126685,937.6813762948875,1766455
2021-03-17,930.1995239257812,946.2768150152411,924.9836448294154,937.681413977021,1483325
2021-03-18,875.17919921875,940.0257514032943,862.4716515302079,940.0257514032943,4937545
2021-03-19,899.0608520507812,908.0274251119554,841.5789812418913,864.3470599917074,5038875
2021-03-22,913.9072875976562,923.8115621733974,902.5183912722451,917.7556909147847,2340585
2021-03-23,932.5241088867188,944.411216869656,910.3518988273283,910.3518988273283,3087960
2021-03-24,914.7473754882812,932.1042098942061,908.7891552974081,920.099954874705,1657120
2021-03-25,860.0882568359375,912.9012150392757,853.9445116600565,912.6765812823235,3680250
2021-03-26,873.4014282226562,878.8809898426532,857.8710554896786,875.5600705045554,2444210
2021-03-30,812.3544921875,885.2006388677631,786.0701344286787,875.1791585102663,8742545
2021-03-31,836.206787109375,856.933486792641,830.2388492187577,833.9504933273221,5776215
2021-04-01,832.7881469726562,844.7338592871058,814.6108144497143,840.1919406118653,3903680
2021-04-05,866.066162109375,872.7862183566912,820.9500001651651,834.2338586239907,6298070
2021-04-06,879.0763549804688,883.1591691196586,860.3324912046269,869.9339751965553,3378800
2021-04-07,916.4664306640625,920.9204151419086,866.2125538120366,874.1925969148066,6183520
2021-04-08,945.8861694335938,961.1234688741511,917.4724422781361,924.0069121493362,7044360
2021-04-09,936.00146484375,950.9261969037813,925.960430713495,947.4489639157069,3378520
2021-04-12,928.1288452148438,933.0028856109069,879.6624372381692,908.3789571493649,4317215
2021-04-13,890.1820068359375,937.6814368928345,882.9833530740859,933.7744309057811,2970890
2021-04-15,894.8018798828125,902.283828541928,854.1788249848195,890.7972232301103,3771925
2021-04-16,913.0965576171875,924.0068544170882,891.7740571699806,896.8531765382146,2904880
2021-04-19,917.4625854492188,935.3371242892287,869.6213205709994,879.0762670448295,3685220
2021-04-20,933.1882934570312,943.541834251416,909.3555359089735,913.262541433824,4006550
2021-04-22,943.0634155273438,946.6676311962642,918.9864655406717,937.6717277972683,2990010
2021-04-23,952.586669921875,966.7495665602664,931.8209236569274,932.016285878624,4825190
2021-04-26,955.7122802734375,968.6444604070539,946.0814653149944,961.1136849895871,2683340
2021-04-27,966.9937133789062,971.3597637483698,949.5782183180037,955.7122460450073,1994815
2021-04-28,980.824462890625,995.993441154284,971.8872231111845,985.376157921478,4527575
2021-04-29,978.4998779296875,987.5055578908517,962.1100185221424,986.470203670467,2374360
2021-04-30,960.0880737304688,985.3175804049531,950.5745241353275,966.114613491236,1431355
2021-05-03,950.3694458007812,957.0211212246019,942.5652107447069,953.3094773956828,1860850
2021-05-04,935.4349365234375,959.3653486072894,928.3143798347436,950.57458498465,1718335
2021-05-05,945.2611083984375,949.5978877514838,912.6766903491624,937.6815066808444,2889850
2021-05-06,929.5645141601562,953.1139753946337,922.4440181311531,953.1139753946337,2128180
2021-05-07,913.7119750976562,937.1051257131146,908.9649175230197,930.8735060210606,2274160
2021-05-10,902.322998046875,921.7505991357771,899.6174370080272,912.285874986018,1578250
2021-05-11,875.96044921875,902.3229608259738,874.495322070965,902.3229608259738,2535060
2021-05-12,850.6821899414062,875.5600820328596,847.8203151559392,875.2084061791053,3568020
2021-05-14,838.3750610351562,869.3087617407502,836.0992135394182,863.4482532346328,3291885
2021-05-17,831.508544921875,845.6519472641402,828.2852768761356,840.0062949451375,3263475
2021-05-18,868.8497924804688,877.1228490894096,835.8941467143729,840.0062920009935,5939865
2021-05-19,859.4825439453125,884.311545375012,856.2201683621828,870.2854109718313,2827840
2021-05-20,858.5158081054688,871.076819042369,848.8166721271627,859.5413853351885,2342555
2021-05-21,846.589599609375,878.4610063521541,842.3602488517142,869.3088494146895,3983405
2021-05-24,850.94580078125,864.0049617569421,843.5224546404254,853.8760548751137,2619000
2021-05-25,849.0510864257812,860.3227781766622,844.9584949283743,851.1413491110656,2440415
2021-05-26,883.0809936523438,886.6949860697126,844.0890910676341,851.3365703930677,5345650
2021-05-27,876.0386962890625,893.9816171717367,869.3088639222749,889.0392568019495,7787120
2021-05-28,871.604248046875,888.795111614337,869.5042679208382,876.0387383717897,2470330
2021-05-31,848.885009765625,875.9605334442995,846.2868173220055,874.1828385134498,3881735
2021-06-01,864.9720458984375,869.2892707857112,850.9459088294009,852.1375170297796,2640370
2021-06-02,884.4680786132812,897.0486432893974,859.5413600933942,859.5413600933942,2845395
2021-06-03,894.6751098632812,904.2571000276434,885.9136768676904,898.6114473189361,3185465
2021-06-04,893.0244140625,901.6490871158961,884.38990433907,886.8903858616981,2153020
2021-06-07,910.6644287109375,917.9509560182195,891.5982222596213,891.7740303581058,3298725
2021-06-08,910.097900390625,918.820283299907,903.5146054470043,910.3323111896825,1975445
2021-06-09,913.7218017578125,921.0767700111048,886.1090742287245,906.6208580783886,3754205
2021-06-10,924.5050048828125,927.5036389246964,910.8597564151171,918.2439948359579,1878870
2021-06-11,915.9781494140625,925.9605222086007,913.2627513344321,924.417237979054,1726745
2021-06-14,915.0794067382812,921.6627023870747,894.7239386240769,911.8951872722639,1141770
2021-06-15,956.53271484375,959.1699557696111,918.1463935065524,920.4906209109131,5693795
2021-06-16,956.5621337890625,976.5562098540103,952.5281450270292,959.1700437940156,3739770
2021-06-17,966.60302734375,968.9374777118461,942.5651874918665,942.5651874918665,2676185
2021-06-18,976.5072631835938,986.1282411299294,945.6907668263167,971.8676937911235,5218225
2021-06-21,973.9539184570312,981.0565111357078,941.1313871711505,968.1427116937273,5104155
2021-06-22,953.4483642578125,973.8071421770413,948.9676548999254,972.2515916035752,4545860
2021-06-23,935.8092041015625,963.231460901517,931.3578732672648,954.8374835177001,2276520
2021-06-24,936.9931030273438,943.811945337046,925.2337110249659,939.1845240295336,1557440
2021-06-25,969.3557739257812,973.4255469241784,932.4438279092869,939.1844472836295,2508200
2021-06-28,974.0321044921875,980.2737726117042,960.619355029388,970.4906012283539,1291470
2021-06-29,969.0917358398438,979.853225704688,961.9108608750428,973.4256741381851,1114565
2021-06-30,961.8325805664062,978.5128769101005,959.357409384905,969.3264640569395,1065640
2021-07-01,1040.3719482421875,1046.7994399204097,964.6305850267047,964.6305850267047,17632710
2021-07-02,1049.75390625,1054.6259066367243,1022.6349830266915,1040.293536247178,4764655
2021-07-05,1071.5802001953125,1101.3896178357625,1061.1904756827648,1073.2140330101283,8211250
2021-07-06,1058.4217529296875,1089.6398863271795,1053.4617375727994,1076.119476565912,3312110
2021-07-07,1043.3848876953125,1064.7806760051271,1037.2116500164298,1058.734624314947,2096355
2021-07-08,1052.16064453125,1079.0839550654844,1042.886215865645,1060.0067681898934,5436030
2021-07-09,1053.041015625,1066.1700747321902,1049.7342988906978,1052.6692503321442,1810210
2021-07-12,1056.61181640625,1063.0197215766327,1051.6908528702565,1062.8241059315337,1196335
2021-07-13,1009.026611328125,1062.452500352994,1004.2034548897639,1062.452500352994,5798765
2021-07-14,1018.7216796875,1025.2469785420724,1009.0363161735052,1009.0363161735052,2541215
2021-07-15,1019.5435180664062,1031.293117387365,1013.536636027855,1023.1241925164328,1500970
2021-07-16,998.3825073242188,1030.7549904226878,993.9702871453147,1023.7111542674312,2011040
2021-07-19,1002.3348388671875,1011.5798877508396,981.8390238394275,997.8834482648514,1663995
2021-07-20,1015.63037109375,1021.3535036109444,991.4170170857333,1005.7102189996452,1919980
2021-07-22,1022.4097290039062,1028.0057931938047,1008.7230832678147,1027.2328845223217,1693630
2021-07-23,1006.2089233398438,1048.7069605561167,1001.7967036944989,1028.79823158907,6899070
2021-07-26,995.134521484375,1013.5268737601198,980.4695555260614,1012.5583492408123,4335995
2021-07-27,1013.6931762695312,1020.2576464199012,997.8835369900155,998.0792123709895,3469545
2021-07-28,1028.2701416015625,1030.754986101036,993.9702829778902,1023.3197992075524,2513310
2021-07-29,1019.1913452148438,1034.6096342028438,1014.9747406605372,1028.9647247185071,1806410
2021-07-30,1020.3456420898438,1032.5648140453363,1013.9279435254052,1021.5294870789444,2222115
2021-08-02,1037.3486328125,1046.6035930052483,1018.4084296860655,1027.2328682909476,2158880
2021-08-03,1050.145263671875,1056.5825476828963,1029.5810175712525,1038.9728385548483,1450875
2021-08-04,1047.0538330078125,1059.4979998074025,1037.0162884356785,1046.7994609680904,1364815
2021-08-05,1046.398193359375,1054.62587392196,1037.2117811100723,1054.62587392196,800810
2021-08-06,1054.7725830078125,1056.474845172039,1038.3857719283594,1046.3688727345934,1095730
2021-08-09,1041.9371337890625,1054.7726499075645,1038.004279772794,1054.7726499075645,1143390
2021-08-10,1068.8309326171875,1075.9139383067918,1038.9824707043854,1046.9459855990046,3313085
2021-08-11,1051.7008056640625,1073.2139918073983,1013.9377848051272,1072.0400589111887,2640655
2021-08-12,1061.796875,1064.1546526936495,1043.8643652142166,1053.451920742838,958555
2021-08-13,1062.1685791015625,1074.9748354272333,1058.3434453742816,1059.9087287886891,910645
2021-08-16,1065.5439453125,1071.2474913301328,1042.5925436625757,1069.2908570213554,1163660
2021-08-17,1067.392822265625,1071.9908644464092,1045.8698480307894,1059.6738867205888,1429980
2021-08-18,1072.6466064453125,1096.4979849813776,1060.3002479392262,1067.3930477650533,2738965
2021-08-20,1055.0858154296875,1070.0834958644716,1046.9951123616554,1066.3658424059513,737175
2021-08-23,1074.01611328125,1079.6610225138231,1038.972844463476,1056.993489899449,1439055
2021-08-24,1127.1781005859375,1134.8480748254885,1076.1490364724461,1076.1490364724461,6315980
2021-08-25,1134.0552978515625,1154.21851759337,1126.4342891460374,1139.543761662399,3725600
2021-08-26,1134.1727294921875,1149.5028803281564,1123.4992576692666,1134.055216806607,1419390
2021-08-27,1153.5631103515625,1170.4488739802403,1126.043044037885,1134.1825902112714,1954445
2021-08-30,1186.3072509765625,1191.2282144827873,1153.5532146972528,1153.5630074217956,2621840
2021-08-31,1209.65966796875,1216.4785092235034,1172.5032050930993,1187.8921133576184,3030980
2021-09-01,1216.04833984375,1225.8804759602342,1194.2905737917363,1209.3957347847816,1890900
2021-09-02,1230.077392578125,1232.4841342502561,1211.15677017249,1211.15677017249,1438735
2021-09-03,1210.002197265625,1231.7013247790744,1199.416857965961,1231.7013247790744,1724980
2021-09-06,1216.8115234375,1221.9183110960535,1204.3966147657763,1209.787152657638,1268660
2021-09-07,1209.9339599609375,1229.0111479287873,1201.334512399909,1216.831144918715,1057120
2021-09-08,1313.928955078125,1320.7184190807316,1213.113320474164,1213.113320474164,13743655
2021-09-09,1307.9808349609375,1326.1678393170557,1288.5514679656658,1310.9451650031435,3126375
2021-09-13,1292.2298583984375,1307.051388129363,1282.5738722379335,1307.0318026772534,1422750
2021-09-14,1315.3472900390625,1356.4953629956808,1291.7013236548364,1300.574726285534,6366335
2021-09-15,1304.5272216796875,1314.8485158444812,1291.3786959172576,1314.8485158444812,1894400
2021-09-16,1341.89892578125,1366.709033927455,1313.0972073039302,1315.8365430439706,4574945
2021-09-17,1294.255126953125,1356.9261951346082,1284.579673235515,1344.2080692970092,2815045
2021-09-20,1290.488525390625,1325.6199328427717,1283.5522892175031,1294.2550230863274,2487090
2021-09-21,1316.227783203125,1324.6412859500194,1290.51758246264,1291.574121884391,2264215
2021-09-22,1330.0516357421875,1344.2078572217429,1320.7282439951623,1330.511416172904,1422945
2021-09-23,1337.7412109375,1350.077776872158,1329.9733100341223,1342.0262451801643,1754565
2021-09-24,1301.45556640625,1347.7299035558206,1299.7923553236883,1340.2947158779857,1551695
2021-09-27,1314.4766845703125,1328.5155117132447,1285.0587405730357,1311.9232911532479,1135495
2021-09-28,1321.79443359375,1327.771936818068,1295.6832071941778,1312.9015644830306,1216030
2021-09-29,1260.4248046875,1306.4057156858707,1254.3983369563696,1306.0535358047875,3222310
2021-09-30,1258.3896484375,1272.389302930103,1248.3423135080752,1263.9855931449001,1681750
2021-10-01,1257.8515625,1276.5081355341579,1252.2458249071938,1261.0506783635726,1657970
2021-10-04,1280.5389404296875,1288.883895045053,1257.137550963272,1269.180692529623,1428630
2021-10-05,1270.4036865234375,1284.520737353095,1257.5289982670047,1283.552212843929,1546170
2021-10-06,1284.618408203125,1301.533549614904,1276.7038560513117,1283.9434267059535,1971140
2021-10-07,1291.5447998046875,1295.3797260223487,1278.0929410242513,1295.096095299661,1108530
2021-10-08,1305.2608642578125,1345.8806102890553,1297.4441200034378,1302.1400899605148,3166830
2021-10-11,1297.6888427734375,1319.9553524960038,1268.3882894860596,1319.5543284163664,1081810
2021-10-12,1303.30419921875,1306.0533275911043,1283.5716197565055,1297.6886686225357,900580
2021-10-13,1331.665771484375,1338.3378418043496,1303.1184249147616,1310.7493463435637,1542260
2021-10-14,1371.3758544921875,1404.8636364111362,1334.3954129509632,1336.381425722571,3378535
2021-10-18,1373.4595947265625,1395.3933907780943,1359.8609612295686,1371.3757742320552,1104140
2021-10-19,1356.2509765625,1460.7058038222574,1295.5463464566915,1421.6905090602063,4271780
2021-10-20,1353.404052734375,1387.038603204427,1311.9233791292595,1365.691654796625,2533730
2021-10-21,1316.726806640625,1377.8422474546114,1289.539336109962,1366.9339878623261,1483675
2021-10-22,1230.6546630859375,1340.2946240563892,1218.0049685767917,1325.6198653988374,2781590
2021-10-25,1165.312744140625,1230.5274010232306,1148.730196228264,1226.8097479569974,3348025
2021-10-26,1187.608642578125,1203.3301473224183,1155.0110468320438,1160.8515718122892,1231345
2021-10-27,1216.331787109375,1224.4517465951112,1189.9758648999475,1203.1147148206926,1550185
2021-10-28,1201.4810791015625,1226.809724832633,1191.8055080095048,1226.809724832633,949235
2021-10-29,1188.723876953125,1218.9832817502931,1182.814922028056,1208.8087585636663,1040590
2021-11-01,1231.92626953125,1237.757001453272,1193.908879911628,1194.9752121525698,1472355
2021-11-02,1200.5810546875,1238.4517955699623,1198.43859729398,1231.9263767048933,2195875
2021-11-03,1183.5484619140625,1220.8321113826557,1176.1327420403873,1211.1565411616223,1631120
2021-11-04,1196.354736328125,1201.177892617005,1193.5469707721822,1193.5469707721822,165035
2021-11-08,1204.513916015625,1214.8743814445868,1186.111831057996,1207.439074973333,1104290
2021-11-09,1216.8603515625,1220.9399776533683,1195.503728118923,1213.1134393350774,1908570
2021-11-10,1199.7593994140625,1226.281567140265,1197.479963092879,1216.8603667451353,855725
2021-11-11,1202.8604736328125,1207.2433151830955,1180.2417867995139,1202.8996445327714,719070
2021-11-12,1253.5179443359375,1258.536716621959,1197.4701106827415,1207.0478748074033,2567475
2021-11-15,1241.034423828125,1281.3997973046041,1236.592825937174,1265.922753761061,2227330
2021-11-16,1278.3570556640625,1287.4652447721517,1238.5493920072524,1242.0713095216313,2597150
2021-11-17,1280.616943359375,1298.6473780799631,1269.8750418879952,1279.2472756849936,1931695
2021-11-18,1269.0533447265625,1310.1621262448396,1246.5715189338146,1290.7915205949457,2358550
2021-11-22,1188.048828125,1283.835897165289,1165.9975205553574,1275.9212251522129,2940405
2021-11-23,1173.2371826171875,1180.7507117285775,1142.6745609350974,1179.850616855931,2642145
2021-11-24,1167.8953857421875,1200.1896419221011,1156.7719253831667,1193.5468307713954,2029700
2021-11-25,1164.7552490234375,1178.0702534117247,1156.3711217782072,1177.287551752794,1215405
2021-11-26,1146.5289306640625,1177.893835466618,1139.7394670420347,1164.7549837422832,1878795
2021-11-29,1143.8289794921875,1169.5194798122818,1102.8080859232216,1136.8046093083021,1642805
2021-11-30,1135.836181640625,1166.3890119090713,1123.1082639732504,1145.6095619448397,2888075
2021-12-01,1163.89404296875,1174.9588669743503,1141.833063456915,1151.4792559773607,1413725
2021-12-02,1150.17822265625,1171.7696306602236,1144.044154719746,1170.0673682903357,1441175
2021-12-03,1137.822021484375,1158.3177180999417,1133.1848077263344,1153.3381172225525,1816290
2021-12-06,1104.4124755859375,1148.2508055246697,1096.801139402254,1140.7178111449916,1225265
2021-12-07,1112.552001953125,1120.9558322113382,1088.9452044736338,1111.9552428256518,2187805
2021-12-08,1123.069091796875,1133.5175731286533,1115.9078616925203,1116.2600415904233,1330775
2021-12-09,1122.3255615234375,1126.8063311993872,1106.6724846853226,1121.8755737798613,1692690
2021-12-10,1104.7156982421875,1118.7741111682117,1102.759063906354,1110.9769520015511,1419905
2021-12-13,1074.1923828125,1114.1077759541668,1067.4517623636675,1113.5500682225427,3133555
2021-12-14,1049.93994140625,1077.1274192036703,1040.25469502851,1073.21414974244,3715205
2021-12-15,1071.9224853515625,1078.1053966042734,1042.2598453119504,1050.7125190136023,2583705
2021-12-16,1078.5262451171875,1084.9537363470502,1063.4405514353998,1079.4751841059185,1529470
2021-12-17,1059.5076904296875,1080.453494241625,1049.6462964598102,1080.453494241625,1447380
2021-12-20,1006.23828125,1047.7775859859005,994.4788909157735,1047.7775859859005,1979280
2021-12-21,1013.2236328125,1027.233082882235,1005.9057196777605,1015.5324471251118,1124370
2021-12-22,1033.9931640625,1037.016130475975,1015.7964898086542,1024.865389049079,771225
2021-12-23,1053.87255859375,1056.5825161921105,1035.0595390104195,1042.886076167398,1016260
2021-12-24,1056.494384765625,1063.4404118429768,1050.0667749559998,1063.4404118429768,790985
2021-12-27,1059.517578125,1061.7285846563148,1037.5152328016575,1055.6043091383888,553925
2021-12-28,1069.408203125,1077.7141058454583,1060.4957485725186,1065.524312855054,829830
2021-12-29,1068.96826171875,1074.7403579286508,1060.9949514865273,1066.3659041471126,630140
2021-12-30,1069.770263671875,1074.9749780088684,1058.7348170878674,1071.2475321852203,837030
2021-12-31,1091.15625,1101.8786874997606,1064.4090917398912,1064.4090917398912,1268290
2022-01-03,1102.1622314453125,1114.694530855908,1091.1561640384086,1099.6284235875403,1075155
2022-01-04,1097.50537109375,1111.3877521066968,1086.1275390472406,1111.3877521066968,944060
2022-01-05,1099.2271728515625,1104.324285667819,1079.1912596487568,1097.6716822484432,1208575
2022-01-06,1090.109375,1093.7584785442755,1072.6268538273985,1086.1275576687647,949060
2022-01-07,1102.4951171875,1109.0987586615292,1091.2248832973978,1102.5635468490418,973170
2022-01-10,1087.3311767578125,1105.4886825344454,1082.4102124054127,1102.4950938963439,875580
2022-01-11,1103.189697265625,1109.9596957455692,1076.4913808342835,1077.518661734008,1857355
2022-01-12,1102.181884765625,1114.6554285948823,1082.4101331153124,1111.3682972577546,2546040
2022-01-13,1093.9151611328125,1104.5298785512234,1087.105992416123,1104.5200858256367,910975
2022-01-14,1114.5477294921875,1124.6732873500819,1076.1389915118334,1089.8452233085775,2440655
2022-01-17,1107.513427734375,1128.9295006371112,1100.2832891935197,1128.6845774068538,1776735
2022-01-18,1047.380126953125,1114.8908160952549,1031.9206597776156,1111.755845819792,2226635
2022-01-19,982.9652099609375,1053.169984675817,979.7615946868759,1053.169984675817,6071595
2022-01-20,980.927490234375,997.1120388424885,969.8961367281119,989.6859486487789,3783040
2022-01-21,933.17724609375,979.6930531213204,928.7490143590118,979.6930531213204,4904760
2022-01-24,883.4088134765625,933.6475032117712,863.5015027544424,933.1772696690232,4755690
2022-01-25,885.3682861328125,911.5162993276998,846.494068180336,875.6105803931426,4011090
2022-01-27,860.9837646484375,881.331951112044,839.6068525205694,881.331951112044,3421265
2022-01-28,863.3251953125,897.7124618053407,858.2112256152345,866.0977437544941,2713910
2022-01-31,960.2559814453125,978.5076690404335,891.5207385094697,899.3582834633991,10351140
2022-02-01,979.7420654296875,989.2940730838459,951.4681371243518,979.3991967655189,5116490
2022-02-02,1002.24560546875,1007.1244577344289,970.1312385133668,978.9093097881723,2361125
2022-02-03,978.8113403320312,1001.2365294680005,971.8555433253098,993.4087912619598,1876335
2022-02-04,949.302978515625,979.4971263210324,946.8145796267695,971.8555322803911,2201665
2022-02-07,939.829345703125,960.7457685870467,932.2856971923649,950.0867631209799,1374335
2022-02-08,935.6460571289062,963.5085307020036,931.7175381084755,940.5053563297358,1766215
2022-02-09,962.666015625,971.4244742078827,944.6004727227646,944.6004727227646,1931810
2022-02-10,957.8458862304688,983.6803866166333,948.5486089543398,971.8554845833638,1320025
2022-02-11,900.46533203125,948.3429294829559,897.3988878165162,940.505384611196,4628675
2022-02-14,883.9574584960938,895.292454267402,843.025854876386,861.5420771179312,1905985
2022-02-15,917.4923095703125,920.9114286049461,882.7034012479323,891.1287372083722,1916575
2022-02-16,897.42822265625,926.7797871629607,894.5674759949954,926.7797871629607,1845155
2022-02-17,891.1092529296875,907.607250994236,886.6222418579252,900.3281385487231,1735975
2022-02-18,867.5476684570312,888.7579884124864,858.8969615523629,884.6628783879049,2627850
2022-02-21,870.4866333007812,892.7942018219579,852.9794647144147,858.2110515442163,2680920
2022-02-22,874.04296875,883.6831751526922,846.8467385546379,859.5141631471384,2682330
2022-02-23,864.44189453125,887.0140593482276,861.1501404273457,886.4262076752852,1660440
2022-02-24,838.6859130859375,854.2140254283283,830.8092017710183,849.3939519249135,3393985
2022-02-25,872.0541381835938,888.9636489950893,843.9075773213906,843.9075773213906,1790215
2022-02-28,872.7693481445312,879.6566190824545,851.3924383248002,862.1298958265535,2279210
2022-03-02,895.1553344726562,901.1118250055747,864.108860150713,868.9877122755337,3077645
2022-03-03,899.2210693359375,916.0130229525865,895.4394684263787,901.3764060549698,1564950
2022-03-04,850.3441772460938,897.3890582649194,847.4345174891462,895.0475774436586,2617875
2022-03-07,840.1651611328125,852.1369811965183,824.5978246143957,841.5563084855293,1643320
2022-03-08,859.4063720703125,861.1502545300108,838.6173127163701,843.9076794952531,1170275
2022-03-09,894.2050170898438,903.2671777232977,859.1907973555757,871.7308563270494,1745505
2022-03-10,904.5211791992188,925.5845787913084,897.8298592371639,916.9926520091154,1507605
2022-03-11,904.2567749023438,906.9999037554703,881.919783104421,895.4787027766143,1141470
2022-03-14,886.9552612304688,911.114463600338,882.6642012311456,898.0061668564954,1181770
2022-03-15,870.4181518554688,889.4927477820999,858.4071049000507,881.7237886861627,2325670
2022-03-16,876.7274169921875,884.2710063515732,862.325915840746,881.7238280997967,2566790
2022-03-17,897.1343383789062,919.931815824764,881.3318839794301,891.5207160815073,5026460
2022-03-21,909.7625122070312,932.6677394145456,899.3581772925976,905.0403847542574,3114995
2022-03-22,932.7559814453125,938.9280356956152,893.5388399871557,912.2803728004494,3317510
2022-03-23,906.4609985351562,942.4647182824322,902.2973030541788,940.1134310337103,3413470
2022-03-24,887.5921630859375,908.2734705649071,884.6628902149997,901.3176733087483,2379835
2022-03-25,880.8027954101562,900.3378764265167,875.8553576674998,896.0664292527664,1924825
2022-03-28,860.6798095703125,885.6423650615354,853.2243012957975,884.6430591875694,2991300
2022-03-29,880.4893798828125,885.142922175231,866.2544700273588,866.2544700273588,1314195
2022-03-30,905.1090698242188,907.1958209346484,887.6509314078515,889.561344933759,2146895
2022-03-31,883.5753173828125,909.1550867772662,880.7439903154766,901.317542925738,1634705
2022-04-01,901.0726928710938,904.2566953194015,876.1296860111224,887.9840079268689,904455
2022-04-04,918.0017700195312,921.3228838792562,900.9256682320755,901.072646101887,1137525
2022-04-05,929.83642578125,941.484990113965,912.8779420348135,922.6748722128985,2234650
2022-04-06,926.5643310546875,936.5865719948558,917.0318768522699,925.026205764105,1689930
2022-04-07,944.0419921875,950.10629447293,919.1480184497306,930.6985778191623,2306225
2022-04-08,950.3317260742188,956.542946839865,939.1435878242524,956.542946839865,1154000
2022-04-11,956.787841796875,963.5379414040783,941.1029461697267,950.1063278800981,1504290
2022-04-12,937.9385375976562,956.1804174167653,926.7896258978074,956.170610918944,1361650
2022-04-13,931.4628295898438,940.5053777853785,927.3774663021691,937.5662984797992,593090
2022-04-18,914.3573608398438,927.5734111347341,902.4932918008011,925.6140249431543,1161980
2022-04-19,903.6591796875,935.9792471640072,891.5207671985156,926.1039234614669,1263765
2022-04-20,909.7528076171875,922.6749621738219,900.8082047088387,904.3546889954308,852365
2022-04-21,907.597412109375,920.7155163993992,901.3176059692056,920.7155163993992,1208775
2022-04-22,912.300048828125,919.9220301831062,896.4192018782267,901.954491906474,1435985
2022-04-25,882.2037963867188,908.3518066197374,878.784677165508,905.2951690480367,1022655
2022-04-26,889.3848876953125,900.621937466594,885.2309990301533,893.4799971735389,1045930
2022-04-27,877.8833618164062,892.5003653268171,874.6699399220664,881.7237418157359,1221455
2022-04-28,913.7106323242188,916.9925797115258,878.0792053513497,890.5408706813856,1730135
2022-04-29,911.3593139648438,953.1627929778957,907.851996664137,915.0331623146079,2586490
2022-05-02,887.6117553710938,917.5315611278289,881.9785200443625,901.3176522769903,1279555
2022-05-04,827.9191284179688,896.2233081530824,820.600789277363,888.9148353073086,4524985
2022-05-05,808.81494140625,849.197857052072,795.1580189705633,849.197857052072,4338180
2022-05-06,763.778564453125,793.5514537157297,735.2009319306343,793.5514537157297,6743955
2022-05-09,748.6226806640625,763.8079233262093,736.7977780736011,758.282440032365,2641395
2022-05-10,725.7664794921875,761.8191754248527,722.033850985435,744.9586945957997,2739745
2022-05-11,719.1339111328125,755.3923628118926,713.608487420297,734.5738841608525,3125905
2022-05-12,693.5247192382812,719.0946833802457,685.78512038988,719.0946833802457,2521825
2022-05-13,679.0253295898438,714.2747314098226,674.8322738086907,705.3791004557163,3003140
2022-05-16,695.033447265625,709.2977758353469,675.6061171321953,686.9607860140405,1884755
2022-05-17,713.46142578125,717.8896572667628,686.372890468729,707.3383445438551,2856160
2022-05-18,706.172607421875,723.4054360053013,698.8151023984739,714.9800391528559,1761345
2022-05-19,666.5928955078125,691.9963879110247,665.211554671996,685.7851079092743,2313570
2022-05-20,683.8060913085938,686.1671848907126,668.1506165252266,684.6094467326876,2708155
2022-05-23,689.7822265625,697.0809509735751,678.4275590016618,685.5891120492465,1935845
2022-05-24,686.2653198242188,694.6025190061226,673.0492673585419,694.6025190061226,2044975
2022-05-25,661.341796875,693.0250971614091,650.5162003790409,687.7347306496772,3455880
2022-05-26,695.5233154296875,699.2559437146401,649.1446181907422,668.1506880747945,2919110
2022-05-27,723.6600952148438,729.8713759186859,702.8416163715256,706.554691573314,2782455
2022-05-30,745.5758666992188,759.6246322318939,728.8916645466943,736.7292093267663,2683045
2022-05-31,815.9666748046875,820.1303698719113,739.677989027234,745.5463402723132,12505260
2022-06-01,799.48828125,827.8405995605044,789.652184883455,821.9624414571161,3907150
2022-06-02,768.6768798828125,796.4903774003212,762.593024863439,796.4903774003212,3451470
2022-06-03,750.2882080078125,787.8790283726721,744.5667738564815,779.110762958244,3900060
2022-06-06,727.2947998046875,750.2784226561515,718.722484732489,750.2784226561515,3149225
2022-06-07,709.8463745117188,724.7670801207146,703.4195906712309,722.0925373019561,3723130
2022-06-08,724.4340209960938,726.9322262565652,696.6009086049005,707.3383657105661,2937990
2022-06-09,740.7752685546875,744.5666756589251,708.3474543620388,713.804291719994,2224490
2022-06-10,721.2304077148438,740.4519801815169,708.9352721463803,732.0952297286375,2897445
2022-06-13,708.1318969726562,712.5307089879797,685.9810525299879,685.9810525299879,2114875
2022-06-14,706.8681640625,709.4839278205264,692.6528080281383,708.1221401002089,2151840
2022-06-15,713.9512939453125,720.6230010722044,705.4671786354398,710.0716880291138,1141870
2022-06-16,707.5833129882812,728.4997359129147,700.32381371966,721.1618444566476,2583875
2022-06-17,705.0361328125,714.7350582052038,691.6632986581171,708.592423395207,2886770
2022-06-20,704.5364990234375,711.2571792310389,694.9942979492785,711.2571792310389,1172210
2022-06-21,720.0744018554688,721.9162295989743,702.185196944098,710.1304933401293,1908710
2022-06-22,714.5194702148438,717.135233627489,691.9767260494855,713.4319656043562,2012040
2022-06-23,736.1119995117188,738.6787906491836,715.175962755533,721.0541213535237,1994240
2022-06-24,768.0009765625,775.9169133301853,738.6885765794946,742.2448672159155,4002755
2022-06-27,769.2059936523438,781.1974265731459,760.3201708422811,781.1974265731459,1583775
2022-06-28,766.531494140625,775.8973582195478,755.1768840701623,768.07942605328,1306405
2022-06-29,740.5989990234375,760.2418334041824,734.7698132128052,758.282447235615,2291875
2022-06-30,736.4939575195312,744.3706670529028,714.3136955075543,742.6072317598448,3634980
2022-07-01,730.1653442382812,739.4724298197593,706.5547615761917,739.0609754105401,2069205
2022-07-04,749.7003784179688,753.197890147723,730.1652945661709,730.1652945661709,1273265
2022-07-05,749.48486328125,771.978579451879,743.3617811710876,753.1880722476998,2082535
2022-07-06,765.5419311523438,769.7056266760964,739.6682636313299,746.3301645101901,1487815
2022-07-07,769.4605712890625,773.9573879927017,760.8392857617033,768.2751811539224,1105250
2022-07-08,779.5711669921875,781.7950894514483,763.3866777313004,771.802207927887,1205510
2022-07-11,768.2263793945312,774.5453521443485,749.6611829218692,768.3831039826806,1485250
2022-07-12,750.1117553710938,763.954822970042,747.5057981646725,758.7134890637146,1295330
2022-07-13,760.6434936523438,765.884887616096,748.8871764493846,750.2489642097005,1184485
2022-07-14,752.4140014648438,765.7279953355124,746.7415409444621,761.2214316276878,824470
2022-07-15,745.2818603515625,759.2424860435666,739.6682384184599,754.9514257840511,654605
2022-07-18,778.5228881835938,785.9098123855593,750.6408609827284,755.5295199570833,1219745
2022-07-19,809.10888671875,811.9695736317472,776.6516517581788,779.8356541148033,5216095
2022-07-20,809.4224243164062,827.6348849553755,805.35667416805,827.6348849553755,1561785
2022-07-21,813.5960083007812,817.0641005825481,795.9027521116501,809.4225058455975,1659680
2022-07-22,804.2398071289062,819.8071442720803,799.8311883394219,818.0437087154304,977215
2022-07-25,788.564697265625,804.2397858807644,781.5795409135637,804.2397858807644,1168140
2022-07-26,757.998291015625,796.1475387499052,754.3636084665559,796.1475387499052,1592070
2022-07-27,767.4523315429688,770.0387355400297,749.1614790840747,760.8492099683755,1334105
2022-07-28,800.6344604492188,803.3482290894295,771.6649323783986,773.9574402203041,1885780
2022-07-29,849.668212890625,853.1068852506619,802.36860396934,803.3482970144796,3273650
2022-08-01,850.5694580078125,861.5028053649445,843.4568773989026,855.2131931701351,1929535
2022-08-02,863.0606079101562,870.996097729542,843.5646922165977,847.8263928790756,2399840
2022-08-03,842.8396606445312,873.8861334035789,839.0678666103462,859.7785306500787,2022015
2022-08-04,834.3163452148438,860.1606514573216,817.2403033218216,850.1775773495953,2609635
2022-08-05,844.5051879882812,848.3357613784317,833.8265101741135,840.5766094189039,1619505
2022-08-08,836.0308837890625,851.8431446666834,830.7797431596866,844.4562802692939,1176970
2022-08-10,830.7896118164062,844.9755497348358,821.3551618379289,843.6529878781513,1933165
2022-08-11,862.4434204101562,868.0080699358385,839.0581513457681,842.1441486740898,2447085
2022-08-12,868.6448974609375,897.202915002293,864.2852512749115,868.0080730375992,7599290
2022-08-16,867.7631225585938,880.695082830211,858.2502814780353,873.8862041459392,2288875
2022-08-17,878.1576538085938,885.2506219706233,859.2006170828458,869.3796422912617,2265785
2022-08-18,876.2647705078125,885.2585730846246,864.0735918270562,882.3162112509343,1161460
2022-08-19,873.7735595703125,887.3574389142314,865.250516050851,876.4314546816302,1819045
2022-08-22,832.5020751953125,868.9775576920325,821.899766756121,868.9775576920325,3689490
2022-08-23,836.1309204101562,843.4671896414176,801.3031567370136,815.0341777826907,2670070
2022-08-24,867.2513427734375,871.5178033977271,830.1775952248987,839.5539193124392,2547225
2022-08-25,883.3067626953125,890.9274985408612,868.9774757966368,874.8621991090293,2411555
2022-08-26,870.2427368164062,907.2086123333904,867.4180646197976,887.6125013491103,3128505
2022-08-29,815.5442504882812,853.2849255088073,812.4841989926983,824.1751664979384,5192040
2022-08-30,852.1666870117188,857.2079472009291,823.861184952838,823.861184952838,3992960
2022-09-01,835.1697998046875,847.4001881379078,824.0966733861147,835.6307410804368,2115345
2022-09-02,834.1300659179688,852.2060267941257,832.0998890816074,843.0160554676967,1842890
2022-09-05,834.73828125,843.2809002366023,831.0799039506375,839.5342856041149,902660
2022-09-06,821.0856323242188,839.3283108029614,817.5842147136416,838.9163370634802,1503975
2022-09-07,822.8314819335938,825.6267016734234,812.2880189118621,813.0726367456298,1354440
2022-09-08,824.2241821289062,834.453786032848,821.9095385700813,830.7268064298664,1415220
2022-09-09,840.4070434570312,847.4295126650696,819.1534036131035,833.276702034238,3170615
2022-09-12,844.5853881835938,852.8926280354626,841.3291671033874,841.5155190883618,1300465
2022-09-13,856.53125,861.5234830870324,847.8022201506698,851.7156112844136,1236260
2022-09-14,830.7268676757812,839.5441361856257,824.16539805017,830.7268676757812,1383055
2022-09-15,823.4493408203125,842.00581803341,816.9957442304375,838.5730628055511,1283990
2022-09-16,808.4923095703125,825.3029562718015,804.4710462311301,823.6650584493472,3707545
2022-09-19,787.6702270507812,815.9953679981157,777.9604690635914,815.9953679981157,1896040
2022-09-20,797.5663452148438,810.1302268468671,792.6918017044685,797.9684416271684,1206210
2022-09-21,798.8021240234375,806.2070551978279,789.5336732776782,797.772309465575,1476880
2022-09-22,792.1426391601562,800.3224315277735,781.6874729505337,798.792405744353,1049680
2022-09-23,764.7492065429688,798.135242114012,762.9739840538359,798.135242114012,2182710
2022-09-26,726.9301147460938,761.0909535597693,724.7626131001508,761.0909535597693,3137355
2022-09-27,760.5319213867188,766.1224212083497,728.7249950707005,729.705782412653,3037655
2022-09-28,760.9437255859375,768.9371652152543,747.5658336662129,755.206144407839,1400110
2022-09-29,766.2203979492188,771.0066444794136,751.4791968297375,765.0140487975004,1639980
2022-09-30,757.285400390625,763.0524338571054,748.428923192994,762.0716466670577,2427690
2022-10-03,746.3006591796875,765.788898136352,744.5744639453014,754.6177762305924,1359485
2022-10-04,774.32177734375,776.3912242370616,758.4134356311732,760.894796440391,1812545
2022-10-06,786.4738159179688,796.3993797534815,776.0088309775393,778.1959677536167,2547390
2022-10-07,768.9764404296875,786.5815841461613,767.9564432050511,786.5815841461613,1280955
2022-10-10,748.4878540039062,757.9818679105846,739.513626239158,755.0100536493871,2487690
2022-10-11,738.27783203125,761.9736870241898,733.8250791830145,755.5985694929569,1552395
2022-10-12,741.6712646484375,747.1931011652415,730.0293258123866,739.5135209172934,1205530
2022-10-13,740.7199096679688,744.6038485921737,732.6480500397295,740.4943477643852,814730
2022-10-14,738.1502685546875,763.0524708854165,735.8061726897228,755.245382923286,1319965
2022-10-17,743.3386840820312,747.7522267269932,729.7057173003698,738.3366331669058,894520
2022-10-18,757.2266845703125,760.4240609326381,744.456814024156,750.3023282233011,1231205
2022-10-19,758.1976318359375,768.7410956105197,754.2254551305732,758.9332223318386,1098145
2022-10-20,779.6964721679688,782.1975277404032,749.321517402049,754.4902857684034,1523230
2022-10-21,749.7431640625,784.0413241216712,747.1342964084179,782.6681980747853,2035550
2022-10-24,756.6184692382812,764.7786258101202,755.2061332957995,763.052430784587,166450
2022-10-25,746.5752563476562,766.0831288473706,744.8490612335283,756.5792981318049,2073735
2022-10-27,770.3298950195312,774.8022824263114,751.6753624759561,756.1869598217203,2544455
2022-10-28,749.576416015625,766.7794015162808,743.0443399064973,755.5984636377041,1355765
2022-10-31,769.270751953125,770.5064936902845,754.205813241125,754.2254481435031,1140580
2022-11-01,784.7769775390625,787.7683668144048,769.8591812411186,770.1141955156569,1205285
2022-11-02,782.226806640625,791.8091165844753,777.5680675165421,784.4335778046643,982815
2022-11-03,771.2420654296875,778.2743534353989,762.1796004024591,772.6446439404543,1064780
2022-11-04,763.3761596679688,772.8407207453756,761.0909086061426,770.898781139727,655125
2022-11-07,773.3800659179688,781.6873037622232,764.2293056883383,767.2010594160523,967100
2022-11-09,761.6400756835938,777.7347666631191,759.1292629448394,772.9877903248089,1128530
2022-11-10,748.3701171875,763.9449635001051,742.4755762914577,761.6401374289001,781930
2022-11-11,804.28466796875,809.7280845076324,765.0336071746375,766.9657291142074,5936610
2022-11-14,855.4132080078125,863.0927890170448,807.7763635941327,809.1494897034795,10521145
2022-11-15,814.9754028320312,853.2261075965915,813.0726730723196,853.2261075965915,4430075
2022-11-16,813.6218872070312,825.3619419848541,807.6979536328967,816.015010545921,1995060
2022-11-17,766.4950561523438,812.1016634455415,765.2102272446054,812.0918459950049,5380795
2022-11-18,765.9443969726562,776.927882036189,756.1605135650525,772.4833302935699,3204445
2022-11-21,762.7190551757812,775.7871978915389,757.1437407980453,765.0101692738691,2021080
2022-11-22,757.8516235351562,765.4034470182838,750.565371210837,765.0101016228422,1401860
2022-11-23,756.7700805664062,773.4567731773981,754.5674901959757,761.647287826707,2033040
2022-11-24,759.5136108398438,766.9277594051696,754.4004794354637,761.0770901841264,1524760
2022-11-25,777.7144775390625,779.7204553218133,755.7671336738176,763.3189582430954,1674230
2022-11-28,774.8629760742188,786.633092178708,773.0733561955767,776.2199399380672,1356580
2022-11-29,779.0026245117188,788.5308391961897,774.7252776786663,774.8432693143304,1267880
2022-11-30,785.3842163085938,786.4462009926127,769.5333672045384,777.3997959416811,2519100
2022-12-01,792.4149169921875,798.4327306000431,786.3381075652782,794.5093585927355,2723215
2022-12-02,795.0206909179688,797.3805836820119,788.8062046119647,792.4149122239063,1006440
2022-12-05,797.7444458007812,801.1860087880275,786.0923208361143,796.6726783651952,1684195
2022-12-06,797.0953369140625,805.7189279863115,794.0962731824261,794.5092438561647,1244840
2022-12-07,780.8316040039062,799.6225219224203,777.5964966589869,796.0825928536057,1246905
2022-12-08,789.6617431640625,794.3029080178362,777.7932597980816,781.3331292622787,1232035
2022-12-09,789.5928344726562,795.4926563989775,785.8661352283232,792.1493999676252,2083700
2022-12-12,796.4661254882812,799.7110155774341,761.7063649597713,787.8229078843948,2645900
2022-12-13,818.1085205078125,827.9415556100698,798.2457775980359,799.2290811082617,3548220
2022-12-14,825.7390747070312,828.728296168207,811.5500103772658,823.7330968702144,1976450
2022-12-15,814.1163940429688,822.041818746508,805.7190028113266,822.041818746508,1831225
2022-12-16,813.4281005859375,820.8225632278376,794.5191906303535,805.3256881248386,1768830
2022-12-19,824.6574096679688,833.0057080392722,799.4553924259927,805.5813549378056,1762525
2022-12-20,831.39306640625,835.611417396509,811.225499240733,822.4351846912232,1430215
2022-12-21,815.42431640625,844.6579175609196,803.752505746015,831.8749688667498,2580295
2022-12-22,805.3649291992188,838.580952388403,791.5593687707963,817.3219341427028,2321770
2022-12-23,756.2785034179688,798.0099129967189,751.7553306049125,798.0099129967189,1960130
2022-12-26,766.6228637695312,768.4419514958515,750.299987347032,757.3404750136315,1572110
2022-12-27,773.6731567382812,779.7598088447878,761.6768399836044,772.8668405284651,1796120
2022-12-28,773.5354614257812,783.1030467003242,767.9601465644477,771.2050365889664,707965
2022-12-29,771.0280151367188,774.4498924644788,766.0131907759608,773.6337936868922,928625
2022-12-30,773.27978515625,782.7096934225286,768.8549187989619,778.7666362437928,1393825
2023-01-02,769.2384033203125,777.173670667534,763.2402752962313,773.8599422978633,768415
2023-01-03,770.3201293945312,778.7765170632757,766.121403462285,769.435132073249,1047400
2023-01-04,752.63037109375,772.2866601846284,749.6706777144242,771.1066838786176,1433190
2023-01-05,731.371337890625,756.5930983698318,727.6446389805564,756.5537878329754,2539200
2023-01-06,725.097900390625,733.1511594876428,720.7714004461833,731.5778976925894,1107320
2023-01-09,722.00048828125,737.2515362412263,715.2648228229707,728.726251085177,1427110
2023-01-10,725.1175537109375,728.5689588884193,711.9117937986201,724.0949395908306,1381040
2023-01-11,718.9130249023438,730.5946781236981,710.4074235530111,725.1176690951864,1224080
2023-01-12,730.9092407226562,740.4177697505592,718.8932394965005,722.5118495664252,2180210
2023-01-13,733.996826171875,735.7962285465997,718.204972771362,733.996826171875,1091795
2023-01-16,739.4542236328125,741.8043338752044,728.4313675709885,737.6744463398422,1368325
2023-01-17,733.5149536132812,744.0363140781056,726.6613563670413,742.5908866018505,946560
2023-01-18,737.2515258789062,739.2476008878451,729.8079107631886,733.5444522701948,671990
2023-01-19,730.8207397460938,734.5278136466213,720.1716046152522,734.5278136466213,923910
2023-01-20,721.85302734375,733.5346794948373,720.1716165143048,730.7912839199955,799365
2023-01-23,736.7304077148438,739.4148074399126,719.9749353386163,724.773461890623,946965
2023-01-24,732.8562622070312,744.1052593439763,728.8345835370709,737.2811290176393,1308070
2023-01-25,721.4006958007812,733.1511255742431,711.6856516246859,733.1511255742431,1468810
2023-01-27,716.602294921875,740.791543227182,707.9787018072108,724.291737468435,1044180
2023-01-30,733.10205078125,742.374597334342,715.8450831025327,715.8450831025327,1169200
2023-01-31,721.9317016601562,735.2063007966243,714.2029494556746,733.7411879759887,1439525
2023-02-01,713.8784790039062,731.8040860690608,698.9224082718733,731.8040860690608,1353280
2023-02-02,716.9168701171875,724.606251690844,706.4053519101811,708.175286441243,2013045
2023-02-03,719.1980590820312,732.3645086791482,710.3385440667755,719.6307150663217,1161455
2023-02-06,720.8795166015625,733.1315008283159,714.0160768103773,717.8116142297034,1591080
2023-02-07,723.032958984375,730.5945659777084,719.778226508321,721.7448336845732,805135
2023-02-08,744.8427124023438,750.8506836239678,724.1048709145456,724.9111271368629,3682605
2023-02-09,752.1092529296875,754.9018015096289,731.7548566619344,749.2773337959434,1732460
2023-02-10,750.0245971679688,758.1565364255118,737.7922990657764,752.1190384519161,1143990
2023-02-13,681.2032470703125,737.6842076657033,659.0100778479181,737.2810195848999,12909105
2023-02-14,691.8426513671875,696.9656250463752,664.7132768700978,681.2327664222308,4415375
2023-02-15,703.2783813476562,704.9106989543985,684.1826419859224,689.2958327772167,2162005
2023-02-16,705.8153076171875,715.845016277034,696.9754179116153,707.5852420827866,2432390
2023-02-17,691.262451171875,707.9786128645093,687.919194826912,698.3422493037383,1410645
2023-02-20,690.3184814453125,699.8565389724267,683.4943516286032,694.7237226631681,1609535
2023-02-21,702.9933471679688,707.9787044134788,688.3126292908822,690.2792368031419,1435015
2023-02-22,688.912353515625,698.145589162067,684.7726835732866,698.145589162067,1639190
2023-02-23,689.06982421875,695.982418735288,675.2347325289812,690.2792686895066,1912370
2023-02-24,699.2665405273438,701.5871226328214,689.4925002865176,689.4925002865176,880770
2023-02-27,692.1868286132812,697.6441522998653,685.5396858101526,693.8190863945002,878250
2023-02-28,686.6803588867188,701.0464120968078,682.8749182053798,695.1957428517665,2001365
2023-03-01,690.4462280273438,695.5889463387025,686.0017368493901,688.9024342717499,874225
2023-03-02,689.118896484375,693.8190568954948,684.8611747191184,691.8524495233238,1041230
2023-03-03,691.390380859375,699.7189349384707,686.7393732575994,694.6058033750239,929665
2023-03-06,698.5585327148438,703.0620800460775,694.0156748450639,694.0156748450639,895705
2023-03-08,688.627197265625,693.2290509979786,671.9994994688475,693.042220909832,1985765
2023-03-09,690.613525390625,701.0856734573064,688.5092411348038,690.3087036538354,1308840
2023-03-10,679.8364868164062,684.1335189939236,674.3594782478979,680.6428030166485,941725
2023-03-13,673.6612548828125,680.7410526224226,670.6327230849386,678.7252922979171,1415660
2023-03-14,663.8872680664062,677.1618673841858,650.593043486506,674.5364634347308,1788480
2023-03-15,664.998291015625,672.6778888184052,657.2400721457715,668.6463685439113,1112555
2023-03-16,673.7301635742188,677.6437530196725,657.8301599214312,664.7132856605194,1239315
2023-03-17,686.4345092773438,690.0432170672789,674.5463410863923,674.5463410863923,1436615
2023-03-20,677.5945434570312,692.2457923295342,659.7967708140873,659.7967708140873,1072585
2023-03-21,680.357666015625,684.3597194492348,668.8923707860084,681.5277998697571,929015
2023-03-22,690.6036987304688,696.9263342673979,683.8484071684636,685.7363334523883,1182665
2023-03-23,691.8720092773438,697.1621869499858,685.6968944574336,688.6271197051938,673020
2023-03-24,683.5140991210938,697.9489909949771,680.5051920413566,694.0157759879429,765800
2023-03-27,701.2036743164062,703.0818179581707,682.412755355929,683.287910036833,1755145
2023-03-28,702.7572631835938,710.1221976592411,698.9321977164101,698.9321977164101,1871055
2023-03-29,708.3916625976562,711.518561284649,699.1388008239912,702.6688276367498,1289160
2023-03-31,732.276123046875,765.010281748816,709.1586433621472,710.9285780262134,1653480
2023-04-03,726.8089599609375,738.2545695127587,723.485388625758,736.887822970521,667130
2023-04-05,735.9044799804688,737.9890789294018,718.7851297246,718.7949723637323,1073485
2023-04-06,736.2092895507812,740.0342950962845,726.3270399607326,732.5513688033996,617710
2023-04-10,734.557373046875,736.6911252168396,730.5946304294185,736.2093160187276,592300
2023-04-11,738.765869140625,740.4276547238494,732.1678799874253,732.1678799874253,492725
2023-04-12,759.16943359375,763.0436524773328,737.4777569046387,739.4443642563843,1550015
2023-04-13,751.33251953125,759.2677272485862,746.5339928720061,756.3571868270102,1085690
2023-04-17,720.5945434570312,742.9843302621433,708.7555272471053,742.9843302621433,1747790
2023-04-18,728.5394897460938,731.1845789973023,719.2177902362414,722.7183488720331,681375
2023-04-19,710.6728515625,727.6348390754334,709.1585855874278,724.4391022976345,619735
2023-04-20,709.2962646484375,719.129300917622,707.7917812915288,714.6945919576453,1054975
2023-04-21,713.376953125,715.3042498785497,706.9953220597474,712.6984712080542,554975
2023-04-24,721.8628540039062,723.1215114544547,706.4643456089246,713.8784333522727,698015
2023-04-25,721.1941528320312,723.8982375747319,714.8616756157545,723.5147347891792,466840
2023-04-26,718.2738037109375,725.9632456196957,715.3731058945103,719.974959872624,518840
2023-04-27,730.6635131835938,732.5612821892126,717.0742483711186,718.1853863923712,791235
2023-04-28,742.6301879882812,745.8652951847566,731.2042051617867,734.9211215110764,818715
2023-05-02,748.1563720703125,751.1751213620832,736.5042482706881,742.4335378446458,744230
2023-05-03,745.8161010742188,749.1790426237361,741.8042655668654,747.3107417628931,572210
2023-05-04,747.8613891601562,755.1378598605411,739.0608098716891,743.3775271115555,524315
2023-05-05,750.5261840820312,754.1545768928779,743.3775474562382,746.3766115373342,408140
2023-05-08,765.5313720703125,777.203180872261,749.4740076549539,749.4740076549539,1163805
2023-05-09,768.2158203125,776.4165391563477,762.2570025855266,770.5167172478159,1015635
2023-05-10,770.9396362304688,778.7666953484319,765.0692818759009,769.5334591116039,749250
2023-05-11,764.6069946289062,773.3682024028976,760.0739198837178,771.8932471535596,795330
2023-05-12,763.5941162109375,771.893199636977,755.6293823612424,764.7937776149128,881155
2023-05-15,781.7559204101562,787.6852101410775,761.086858726757,763.0436233645115,2313045
2023-05-16,773.525634765625,782.6211936676252,770.9100734235901,781.7559416571593,670010
2023-05-17,754.429931640625,777.8620759408639,743.3776075020326,777.8620759408639,1186915
2023-05-18,736.130615234375,761.0770239974485,728.2248755056208,759.1104167002974,1648005
2023-05-19,753.0237426757812,758.5990573955227,734.0754627171522,742.0107301308415,1968575
2023-05-22,764.7742309570312,766.1901905665187,748.6185597275003,753.0237407276435,1482185
2023-05-23,777.5375366210938,782.7490340836735,765.4133855310604,765.9935611050888,1360645
2023-05-24,762.6699829101562,775.3742494418611,757.2519701200797,770.7133996780552,774085
2023-05-25,767.0457153320312,772.4440429782085,753.2106252357564,764.734915654876,1000760
2023-05-26,825.5325317382812,835.8080664406816,734.5277948602226,770.6543598000372,8426265
2023-05-29,827.3713989257812,844.6578951205314,806.5057228039874,816.1322446128959,5830830
2023-05-30,799.4749755859375,829.9082338420109,797.3412235901612,829.9082338420109,2459320
2023-05-31,801.166259765625,819.0918644364393,793.132626479078,799.4257932614948,6982350
2023-06-01,829.6427001953125,842.0913569747783,805.3354648028998,806.3089257326128,4149250
2023-06-02,839.0234985351562,846.6244163080108,807.0955988046975,807.0955988046975,3349590
2023-06-05,813.5657958984375,845.6214715581356,810.979702443103,829.9082981048546,3263885
2023-06-06,809.5145874023438,825.5817357300809,802.7199254467627,813.5461084351153,1867550
2023-06-07,822.8973388671875,825.975084160645,812.2088327579676,815.7487019693616,1243065
2023-06-08,810.4190673828125,824.2148442266697,807.2724841953022,824.0083288869107,913260
2023-06-09,814.78515625,830.8916766290197,802.9462005935311,812.4645737818583,2280505
2023-06-12,839.4658813476562,842.6026220856886,817.4693856450592,819.0918605156603,2931625
2023-06-13,852.5045776367188,856.4476348682306,838.7284839240671,840.8229254958372,2002200
2023-06-14,847.5684204101562,858.3650750864772,843.8416612338498,852.5045638328191,1475780
2023-06-15,849.8694458007812,857.1557604260273,841.7080364227988,850.51845990517,1284510
2023-06-16,868.6307373046875,874.1568987248103,851.7474313295467,855.4642877220576,3766155
2023-06-19,873.4981689453125,880.84341857746,865.3367604597842,868.6308037590459,1418805
2023-06-20,876.2612915039062,877.1069182993003,865.4055800240707,873.9603343918683,929995
2023-06-21,879.879638671875,885.9564470557438,873.6749960326496,877.1067156201148,1162580
2023-06-22,866.1626586914062,879.810917797277,848.0993759152294,879.0734400790899,2351965
2023-06-23,846.9981689453125,865.2974368961827,842.1504887743888,863.3406720825348,1210960
2023-06-26,866.8018798828125,869.6239566453521,839.7708713008552,845.641165467363,1308375
2023-06-27,863.694580078125,875.9268798913967,860.3906942161968,869.4272571652369,1126155
2023-06-28,871.5414428710938,885.8091293902319,866.2118935137423,866.2905746156036,1251275
2023-06-30,881.7578735351562,883.7834766780373,868.4538061979462,871.6003899192616,860875
2023-07-03,880.3321533203125,886.9399252863392,875.3369537880294,881.6300613724223,1054385
2023-07-04,871.5806884765625,897.7562266697424,867.1262941630183,882.6035439278843,1667395
2023-07-05,873.380126953125,891.2664221406861,863.4487244152762,871.993635244634,1293530
2023-07-06,878.6505737304688,881.9151487680189,861.3739228924421,874.0290349720066,702320
2023-07-07,866.2708740234375,876.3989501416671,864.8352890323969,866.2905593025789,736275
2023-07-10,851.90478515625,871.8068415863639,850.5675065855837,867.2738261280376,523065
2023-07-11,865.7792358398438,873.5670444747886,855.6709048572922,859.3877616918876,1518195
2023-07-12,877.2445678710938,879.7519802758618,858.6502614954015,867.2836966961171,1261075
2023-07-13,909.6541748046875,913.6857557447559,878.1098371948908,879.673256375967,2752530
2023-07-14,928.39599609375,931.749095323768,906.8026852262608,914.4724420922022,1983485
2023-07-17,930.8739013671875,937.8258654432299,915.3868687268406,929.2219584208149,2027465
2023-07-18,922.3289794921875,930.8050521394837,916.5569918777921,930.7952095004257,859075
2023-07-19,920.2738037109375,926.2522460005887,918.4055029853683,924.3053242036898,556725
2023-07-20,915.0133056640625,925.760808603556,909.3199984758185,920.9622814335438,745620
2023-07-21,914.187255859375,916.2423268739451,892.8397120631728,902.6727485396395,1366015
2023-07-24,898.35595703125,916.2422513074252,896.7826953312058,911.522406191206,637315
2023-07-25,907.2745361328125,909.3591349122573,898.2182885937474,899.7227718724691,1820575
2023-07-26,892.8986206054688,919.1921479709185,889.73241197725,912.466385287433,835540
2023-07-27,898.8870239257812,904.6393260688046,892.0333665188281,893.8229863005906,456640
2023-07-28,902.3255004882812,911.3010550073532,895.9509433000956,900.5126258545165,621450
2023-07-31,903.8821411132812,915.0942177749725,900.5126249342277,907.0645187427442,1146460
2023-08-01,917.4096069335938,918.4834887878236,902.4831422626773,902.4831422626773,862505
2023-08-02,900.8574829101562,917.6460727372598,890.6996235593177,917.2618132918934,1065390
2023-08-03,894.14794921875,899.8722120917471,881.0639455666837,894.650433072967,1140550
2023-08-04,962.9180297851562,972.3960686357588,894.6012104487558,894.6012104487558,5693785
2023-08-07,950.917724609375,982.1894082390564,947.5186821608114,963.5682793993188,2038875
2023-08-08,929.0650024414062,958.8095095071749,924.1585084943582,953.1246947546969,1299545
2023-08-09,924.2274780273438,939.2130549446005,922.1978786014413,933.8138790844879,1109745
2023-08-10,916.1976928710938,930.7990099395686,909.9709462307464,922.1879906738133,1063115
2023-08-11,878.9949340820312,924.9467116057319,870.0982153366292,918.2470669211897,4059975
2023-08-14,848.14697265625,872.3840025443117,831.7427019526992,871.940630874594,3085660
2023-08-16,851.9993286132812,854.1865407036232,841.4769333977271,845.3390717597148,1041200
2023-08-17,847.0927734375,857.9501170457904,845.5360717078623,856.1766905881575,729090
2023-08-18,825.53564453125,846.5213213886681,823.2104239103937,846.5213213886681,1629845
2023-08-21,825.0430297851562,831.3781390328959,820.9148566202655,829.1810048732488,1056335
2023-08-22,822.5798950195312,830.2746450302999,821.5059530502887,829.5553763201755,786115
2023-08-23,818.1463012695312,826.6193720905584,817.032971201963,826.4223113456399,1147395
2023-08-24,837.2797241210938,843.171461611353,818.2743967084215,822.6685446822949,1919980
2023-08-25,828.9445190429688,835.3978524261947,822.1463744626182,831.545576510779,1079820
2023-08-28,823.4468994140625,833.6244221905663,818.4517073003591,829.5652234948242,1062575
2023-08-29,839.693603515625,844.3537866188012,825.6341577439387,826.6095393111617,1256755
2023-08-30,861.033935546875,869.9503781353397,844.6493296031309,847.3193614181397,3332075
2023-08-31,853.5165405273438,866.4134060410482,848.2947613404175,866.4134060410482,1745070
2023-09-01,861.56591796875,866.2261609580736,849.0730366857456,853.6051931998861,576275
2023-09-04,874.5022583007812,876.5713060905229,853.1421827302524,866.058772958914,1594125
2023-09-05,882.265869140625,884.7487021134244,870.3543083743475,874.502145206643,1396900
2023-09-06,885.2906494140625,890.6602392105391,877.3890364134105,882.2560822038714,917580
2023-09-07,876.9555053710938,885.2906277694146,874.0982748675599,885.2906277694146,573495
2023-09-08,882.3348999023438,884.7191725927609,872.9356975433875,882.9162200894422,954905
2023-09-11,888.581298828125,902.2466217342384,879.1032609109596,880.2165909070159,1076900
2023-09-12,889.8326416015625,894.5913853389231,871.4776074550306,891.645516403486,1309595
2023-09-13,866.2360229492188,884.3250805064334,854.2061772816437,883.861984757462,1638485
2023-09-14,872.9949340820312,878.4433007327584,863.28044516932,869.4086324108275,1108470
2023-09-15,883.6847534179688,888.4828853765357,861.102984885408,867.4282325362649,4122270
2023-09-18,884.9260864257812,894.4041250148248,873.9307943463108,883.5763075091262,878125
2023-09-20,879.8028564453125,886.5123633049078,871.960355467486,874.9259484792522,2238185
2023-09-21,874.8865356445312,883.8916774135292,865.6449450111879,872.9259103207488,874070
2023-09-22,847.37841796875,877.8519934198102,841.7921039391912,873.9110192630435,1943915
2023-09-25,839.5556640625,847.9794851204608,834.8166445803735,847.3785009349904,1128625
2023-09-26,835.18115234375,842.9744027853397,831.3091521995837,835.4865754553408,1561230
2023-09-27,835.319091796875,842.9448675806659,833.5062171276485,836.0678865486316,1022540
2023-09-28,823.0724487304688,841.9792740105735,819.1412766296819,839.4274668715882,3432665
2023-09-29,820.7670288085938,826.8164389286432,814.5993942676213,824.2547694948175,2247510
2023-10-03,810.7570190429688,817.7325007485877,807.8997884203651,816.185661010716,1900290
2023-10-04,799.7517700195312,807.8997538532611,789.1801254103198,807.5056323585583,3329510
2023-10-05,829.3878784179688,831.5455642186553,798.2542059915421,799.0522508693579,2884130
2023-10-06,830.1465454101562,833.5160615874255,824.2547479604336,833.50619953019,844570
2023-10-09,830.2843627929688,833.515990296024,813.8800948093262,817.9491552228308,1336045
2023-10-10,834.373291015625,837.2600477145738,826.0283061051673,831.6343449190305,1038855
2023-10-11,840.471923828125,849.0829434838903,832.6392249872188,839.2305072398569,1269760
2023-10-12,835.4669189453125,846.3243235734279,833.5949920285872,840.6000601814138,579305
2023-10-13,815.2498168945312,830.3831464969828,808.8851206065011,829.3880406856779,1566170
2023-10-16,812.875244140625,817.7226259580095,808.5204841377774,812.4909846930063,819880
2023-10-17,813.3284912109375,820.510895736382,811.1116930091275,814.1955104295166,1606675
2023-10-18,828.491455078125,833.3191131489501,817.7522746464367,817.7522746464367,2636935
2023-10-19,823.4567260742188,830.7574148191416,816.2940459999514,827.6046232750041,868995
2023-10-20,828.1957397460938,835.4865663839029,817.9492424654798,823.2597198609774,644955
2023-10-23,802.5301513671875,830.5307572582253,800.0177922484788,828.5898562573531,947535
2023-10-25,804.0869140625,810.0673503023962,794.5005124816281,803.9588275757781,798250
2023-10-26,797.8206787109375,804.0868131779957,782.687292270702,796.0767784062919,1315550
2023-10-27,804.2542724609375,810.2642940069957,792.9239719934499,798.0472503186905,490445
2023-10-30,803.6534423828125,810.7964592640252,799.4956826661509,807.3087181869992,1404635
2023-10-31,804.7962036132812,813.6141457835611,801.012901897473,810.6288889714386,1179480
2023-11-01,807.2396850585938,817.2398718825144,803.7913323328627,806.3234156933252,555130
2023-11-02,815.6142578125,825.3681337495466,810.8752383183487,817.9394183662687,671480
2023-11-03,837.5260009765625,841.3980009545112,818.9443218514617,818.9443218514617,1455295
2023-11-06,849.5853271484375,858.1470956400537,838.6392862046408,841.3979560006957,1359720
2023-11-07,855.201416015625,871.664800186937,845.841600620936,851.4575018846504,3018840
2023-11-08,887.862060546875,894.601152960069,859.1323847810355,865.8320289657318,2534355
2023-11-09,900.3353881835938,906.9857830332691,878.0688449024981,887.7045569714775,1881305
2023-11-10,888.847412109375,894.2662523507147,883.3694596526007,892.6307743006912,598660
2023-11-13,889.231689453125,891.990359786364,881.310351753145,889.4681383196165,559960
2023-11-15,934.7202758789062,937.1735829468327,891.6750408828335,900.8082081296799,2726460
2023-11-16,937.9519653320312,942.2870614945091,916.4736655477568,930.4641375617523,1909425
2023-11-17,948.87158203125,954.8941961232777,931.662641104486,935.5822635955494,1232835
2023-11-20,940.98291015625,955.5754347767398,934.4172231892212,948.8123324738447,797230
2023-11-21,935.7897338867188,948.5458637022504,933.0252559444967,943.5105667453851,699535
2023-11-22,936.2635498046875,942.6909981524033,929.6583914890605,935.009697209798,423845
2023-11-23,911.7188110351562,942.8884392368619,910.3069539019756,936.2635155247751,809260
2023-11-24,907.72021484375,914.9670935184815,904.6002569490107,911.7188397540413,416490
2023-11-28,898.459228515625,909.5467885026566,896.148878270273,907.3450890174279,813305
2023-11-29,897.9951782226562,921.907986164703,896.7511481658154,900.4437070576475,1649670
2023-11-30,910.5045776367188,915.0462158633218,893.7201733698173,900.4339230243575,1279425
2023-12-01,902.9811401367188,918.4030395181726,892.6340085035686,918.0080882894742,1194030
2023-12-04,907.6116333007812,917.0503888504632,902.4775688016321,908.3323559953577,1509005
2023-12-05,926.63720703125,934.0026193599431,905.0544548351302,908.3323570942365,1339060
2023-12-06,939.5315551757812,951.715082834334,931.4948344175278,934.9504465733505,1221015
2023-12-07,948.9407348632812,957.5007630719717,922.154798892549,939.9265187855532,1225985
2023-12-08,937.0929565429688,956.1679438373798,924.4256521849078,955.88158310577,1349840
2023-12-11,964.2046508789062,978.4318728890829,934.5752360853642,940.0548374484176,3025410
2023-12-12,945.4653930664062,986.7254428913687,941.9011902368734,965.1031587594798,1822865
2023-12-13,950.5203857421875,954.598012817244,929.0659905988372,946.0478677289516,982120
2023-12-14,1017.4606323242188,1033.4156010545591,957.6982574955858,957.6982574955858,5919205
2023-12-15,1030.927734375,1033.7218005338186,1007.0642182850955,1018.9120326178613,2769755
2023-12-18,1025.8529052734375,1041.620342576495,1014.982525990176,1032.9220143769303,1702720
2023-12-19,1028.1632080078125,1050.318683737037,1019.8993622363307,1019.8993622363307,1935090
2023-12-20,986.8142700195312,1040.2182567106202,980.4065870630798,1028.982575192071,2100045
2023-12-21,988.324951171875,997.872298079071,964.4318467222029,981.2063676520264,1753780
2023-12-22,988.601318359375,1004.6945867283171,980.7126586413298,998.2177842576064,1534655
2023-12-26,1002.897705078125,1010.8554841457488,990.2896374726233,997.1909792615791,725110
2023-12-27,1017.7864379882812,1022.4663148341155,1004.1219930449348,1006.8568224409494,1106265
2023-12-28,1016.7594604492188,1024.9542455653907,1011.526748954251,1022.4070092882148,938230
2023-12-29,1014.992431640625,1021.8937739973119,1007.064240119065,1019.2971231455285,802710
2024-01-01,1016.838623046875,1026.0107234242198,1010.5197650428041,1021.8739197062064,531730
2024-01-02,1012.2377319335938,1021.8739636870464,998.9484723835686,1015.9599394713483,1438035
2024-01-03,1004.694580078125,1016.621456365754,993.2417175782814,993.2417175782814,796770
2024-01-04,1004.200927734375,1015.1996626802596,998.484379266983,1012.0007625944196,660840
2024-01-05,1035.92333984375,1044.5821354294887,1004.111992206183,1004.111992206183,2855755
2024-01-08,1015.9598999023438,1047.18876676436,1012.3265173654228,1045.5695511082904,1088690
2024-01-09,1025.754150390625,1039.6258933756637,1020.0770729553551,1026.8105274227273,1223875
2024-01-10,1035.380615234375,1046.3792308658717,1024.6484742041323,1029.377645112593,1734420
2024-01-11,1021.2123413085938,1044.0885373300928,1018.823109449566,1034.7189013744564,682085
2024-01-12,1048.1956787109375,1063.894053280624,1028.5875648566234,1029.880888292608,2244670
2024-01-15,1055.0673828125,1067.1719068489,1035.3309126216006,1050.5059800882668,2402910
2024-01-16,1029.2591552734375,1053.4583268832055,1024.046087784624,1048.946337065415,1085975
2024-01-17,1021.7157592773438,1035.4197330278885,1013.6690963561432,1025.8032687953923,1653915
2024-01-18,1008.8117065429688,1023.6412388701948,984.0004059306318,1014.9824426630069,1666250
2024-01-19,1006.6593627929688,1023.5227673646892,993.2416876349861,1010.0359727307087,1331415
2024-01-23,976.674560546875,1007.0543508804058,969.950928220551,1007.0543508804058,1295645
2024-01-24,991.6521606445312,993.6169134664419,960.1073442130262,969.5461001708442,983485
2024-01-25,983.8720703125,1002.1275667888788,974.4826683947027,996.1937771703534,1133705
2024-01-29,982.4306030273438,996.9540701239023,973.0116125431985,986.5477015402789,2064020
2024-01-30,966.1298828125,991.9186174460136,962.0522557118776,981.3938368175592,1012505
2024-01-31,993.5675048828125,997.1909442129354,962.0424558282834,964.6094579168691,1542135
2024-02-01,999.5606079101562,1026.8105562603175,996.8849548628285,1026.8105562603175,1454700
2024-02-02,1022.2985229492188,1029.7724656673947,1005.4844718855265,1007.0641562614983,1105710
2024-02-05,1023.5423583984375,1044.4241524665742,1015.2094546181812,1028.7653077507832,2028625
2024-02-06,1057.5655517578125,1060.379383559466,1022.5157676643664,1031.747165567637,2145525
2024-02-07,1066.13525390625,1070.212880924914,1054.1295571652813,1060.3792349666237,1338865
2024-02-08,1085.6546630859375,1087.9057766664066,1064.8222809520018,1069.8575777866959,1567325
2024-02-09,1084.58837890625,1093.7210686401738,1070.232739395229,1088.1328160946073,1792175
2024-02-12,1063.775634765625,1094.9354424482585,1061.909710179323,1094.9354424482585,603220
2024-02-13,1054.7713623046875,1075.0607925200102,1038.7768611946196,1063.5585153559566,1260450
2024-02-14,1009.5423583984375,1071.2003083312436,993.5083265699017,1071.2003083312436,3225445
2024-02-15,1019.573486328125,1022.4366114472892,1000.3503779841689,1009.5423040249948,1137505
2024-02-16,1040.781005859375,1046.3396094824066,1022.9006962888521,1022.9006962888521,937725
2024-02-19,1054.1492919921875,1062.3539608228007,1030.7597909842045,1041.8177022188358,1290430
2024-02-20,1049.8348388671875,1063.9337677062672,1043.002675987174,1048.5513978830415,941525
2024-02-21,1033.8697509765625,1058.404571653459,1028.9824560609368,1053.4581003475207,621940
2024-02-22,1054.5244140625,1056.8249415495084,1034.699117070912,1044.1280497730604,938065
2024-02-23,1053.8927001953125,1073.7969404167545,1049.9828397228705,1058.4046895454192,689965
2024-02-26,1038.05615234375,1052.1254320257,1028.2520328408752,1046.7741257692046,825820
2024-02-27,1055.5316162109375,1071.8421265263878,1032.754246231874,1032.754246231874,1062060
2024-02-28,1049.4990234375,1069.3440865018642,1046.5667185871366,1060.3792845419555,812005
2024-02-29,1040.1885986328125,1055.83755988666,1029.0911574589966,1048.531384889398,2600635
2024-03-01,1043.4468994140625,1052.9646584409684,1025.1518697858921,1044.108445795629,776675
2024-03-04,1018.4380493164062,1058.7501906327782,1016.0684625548422,1042.6075691355436,1844330
2024-03-05,991.7706298828125,1020.886622661031,989.8651137275525,1020.6892073065313,1432690
2024-03-06,1002.3152465820312,1015.3478547227324,988.3052033764702,990.7636152695665,2221830
2024-03-07,1004.7933349609375,1012.9880606311732,992.4518624873608,1003.1148826523118,1674355
2024-03-11,1019.1193237304688,1024.8359326734678,987.3376198539961,1011.062896816071,2163730
2024-03-12,1017.746826171875,1035.3408959026851,1011.8822166097289,1019.1192123018412,1219900
2024-03-13,1008.4859619140625,1034.1068725497714,996.0556034852623,1018.912036152622,2162255
2024-03-14,1027.432373046875,1030.7596287133097,981.304861008537,1001.6337579785945,1304705
2024-03-15,1034.9459228515625,1042.6075180425896,1019.1686048829143,1019.1686048829143,1370070
2024-03-18,1026.08984375,1042.6076521371438,1022.5157579451906,1034.9361731404238,1027705
2024-03-19,1006.0768432617188,1029.8612954371679,1001.0020152815235,1020.896493156054,710110
2024-03-20,1007.3504028320312,1012.790593523242,997.5858761083728,997.5858761083728,966685
2024-03-21,1047.0604248046875,1050.2988561606694,1012.9880773940346,1013.1854927480018,1489015
2024-03-22,1035.3211669921875,1045.0363402138373,1000.7551618275577,1045.0363402138373,1919055
2024-03-26,1030.1673583984375,1045.0264181352743,1017.3716384785724,1035.3211280978155,804335
2024-03-27,1081.2216796875,1094.7973006703828,1027.8473372437988,1030.740111168081,3792770
2024-03-28,1104.2161865234375,1112.075197180994,1069.2651143596008,1082.2976603423672,2866225
2024-04-01,1127.3489990234375,1145.74273378672,1104.2260941259208,1105.7958956243892,1998085
2024-04-02,1116.853759765625,1132.0782424384117,1113.2007324003241,1125.1670183791637,821715
2024-04-03,1108.5604248046875,1117.021684945059,1101.7479081828728,1111.7099105961295,673100
2024-04-04,1111.3643798828125,1135.0007092502412,1109.2910366874185,1113.6845525186625,1252785
2024-04-05,1120.5367431640625,1131.1601727538366,1107.0104157910985,1110.5352081421397,556115
2024-04-08,1229.28955078125,1232.903167521856,1151.212505864146,1151.212505864146,8509165
2024-04-09,1230.1781005859375,1254.880808964925,1217.767570005399,1229.0131331809723,3219045
2024-04-10,1201.2596435546875,1231.165538466107,1194.2497112363908,1225.2613972696638,1298645
2024-04-12,1179.558349609375,1204.527654054372,1173.4765590501238,1200.5783830574726,1930285
2024-04-15,1150.590576171875,1168.9843121887736,1148.1222815937738,1155.1618625514063,1489870
2024-04-16,1134.744140625,1150.7880562854687,1132.1573725824771,1147.263384459369,884165
2024-04-18,1129.0472412109375,1149.7907964125682,1125.2459715230596,1143.31393423671,895385
2024-04-19,1127.931640625,1130.1333400279557,1110.1401546460038,1122.9752860023184,1344265
2024-04-22,1145.35791015625,1162.0633736801935,1121.642633636905,1137.6667850865904,1294110
2024-04-23,1150.639892578125,1165.0744732244166,1145.4958851590166,1153.1673633399657,1203355
2024-04-24,1160.2662353515625,1166.0222544048802,1150.7583606662222,1155.6949493808913,1149375
2024-04-25,1166.239501953125,1172.9335455576438,1149.237918374661,1156.1491429696976,1329980
2024-04-26,1164.4130859375,1184.76169302747,1161.1055951364904,1166.417370163743,776600
2024-04-29,1198.3865966796875,1208.111652649382,1166.6541889599064,1168.9842444439394,2287260
2024-04-30,1195.3951416015625,1212.4263752935938,1191.287865411354,1207.8847370801595,1013830
2024-05-02,1196.8759765625,1204.902874919748,1148.842942551058,1191.6925582272117,803040
2024-05-03,1184.3568115234375,1204.5277680793195,1173.525963714478,1201.3979271300075,906315
2024-05-06,1182.0465087890625,1195.4444792624947,1177.0802711684928,1194.062210193177,494795
2024-05-07,1162.13232421875,1183.5867202990544,1152.9502206539676,1181.4244316888664,938440
2024-05-08,1184.791259765625,1190.7052838304367,1151.4099866195265,1162.1323641404158,659265
2024-05-09,1175.31298828125,1211.7351555255573,1170.346750939235,1180.8715921848336,1331495
2024-05-10,1190.19189453125,1194.6545904667933,1158.153478723065,1175.8955514429344,1402570
2024-05-13,1196.0367431640625,1205.8013301473618,1166.022259542197,1177.968780179894,1090010
2024-05-14,1188.1973876953125,1208.0326881830947,1185.4132046540296,1195.6418021403133,899390
2024-05-15,1173.24951171875,1190.1721543790288,1158.5484547758076,1188.7307088639557,797635
2024-05-16,1158.46923828125,1184.7812799785436,1107.7803795990462,1184.5838646407542,2250255
2024-05-17,1228.618408203125,1251.5439007168602,1185.8477296538322,1194.6546486334041,7714255
2024-05-21,1264.78369140625,1278.5764915051154,1224.9749720702066,1228.2232860481572,3397620
2024-05-22,1263.69775390625,1276.6019448198683,1253.301268307332,1264.7837794068394,3992780
2024-05-23,1272.5439453125,1292.3988901166415,1247.080982852271,1269.6806998319457,1982805
2024-05-24,1251.15869140625,1291.411656591352,1241.1078638955419,1272.5440282730815,1927485
2024-05-27,1235.6973876953125,1266.8176665981068,1225.2614907195173,1255.8485793992934,1253790
2024-05-28,1200.904296875,1253.469090432686,1196.945142589538,1239.4788734020487,1153325
2024-05-29,1169.2210693359375,1192.9956354711783,1166.5158285585408,1186.3707724643198,1837255
2024-05-30,1136.49169921875,1168.095754045706,1133.4409207305957,1164.0576576823507,1907345
2024-05-31,1124.9696044921875,1145.2885598645573,1117.6436635919645,1140.3519712444513,4191965
2024-06-03,1128.583251953125,1202.1581978986953,1121.2869585313586,1202.1581978986953,2059415
2024-06-04,1112.6478271484375,1136.2053351424747,1036.6836559613132,1136.2053351424747,1906825
2024-06-05,1183.9024658203125,1194.6741352462234,1099.7534008709563,1099.8718741693694,2760005
2024-06-06,1209.5037841796875,1217.2542044713994,1184.939313552915,1204.5276641149326,2082170
2024-06-07,1230.1585693359375,1255.8584831401681,1208.674522238729,1213.4136963568974,2114275
2024-06-10,1229.595703125,1240.4166674146263,1214.0256824682212,1234.147223623059,1489145
2024-06-11,1228.450439453125,1249.737069633945,1223.6817377411755,1232.172646940977,1190285
2024-06-12,1234.2459716796875,1247.57476213092,1228.2233571357915,1232.3207501567204,1895345
2024-06-13,1237.44482421875,1257.0529407334632,1233.4462595502723,1241.0584410151741,1115715
2024-06-14,1232.755126953125,1244.7115313277652,1218.7451448945021,1240.0711857682431,1280300
2024-06-18,1221.637939453125,1255.4733411099844,1209.4643538751725,1209.4643538751725,1342375
2024-06-19,1232.518310546875,1239.1629409146242,1205.0808272999416,1229.0134042179823,1213160
2024-06-20,1240.643798828125,1251.0798158122104,1223.1287901177752,1232.5181923485427,950670
2024-06-21,1260.74560546875,1282.5258952275815,1250.5268897613305,1250.5268897613305,1723335
2024-06-24,1302.094482421875,1305.2342062351736,1242.7863518143151,1259.8175848381857,2170130
2024-06-25,1312.8563232421875,1324.5166054401504,1279.573875547849,1302.2032451035166,2137185
2024-06-26,1332.47412109375,1338.802861582398,1305.2834723644858,1309.1833292465042,1525165
2024-06-27,1329.640625,1335.8706582919247,1317.763162705657,1332.4742223211802,967925
2024-06-28,1339.9581298828125,1346.6915841880873,1323.005840022299,1330.7069670014548,1530310
2024-07-01,1369.8736572265625,1376.1234553877646,1332.8986576532207,1332.8986576532207,1684055
2024-07-02,1332.2076416015625,1375.3040889937745,1311.5530297282032,1375.3040889937745,2899400
2024-07-03,1345.042724609375,1350.245908669306,1328.98904815318,1340.7577991279816,1071900
2024-07-04,1330.2034912109375,1353.415343270943,1327.9622604306023,1342.949677749262,371415
2024-07-05,1344.6282958984375,1348.4689770600367,1325.484187016149,1336.838343066983,363330
2024-07-08,1354.096435546875,1373.6354927362645,1346.464488486297,1357.4632228808596,1019840
2024-07-09,1371.3055419921875,1394.6851610237807,1348.6959392813228,1354.0077140979558,1824660
2024-07-10,1339.138671875,1379.5298792553813,1332.8791103916728,1370.5946044175794,1140440
2024-07-11,1306.0042724609375,1353.790478233623,1297.1578229904023,1339.7803759366193,1359895
2024-07-12,1354.896240234375,1366.3589852189293,1311.2567219635246,1311.8886198065682,3120320
2024-07-15,1350.3050537109375,1377.3081682455818,1344.3514991551338,1356.5744968956485,848915
2024-07-16,1345.1217041015625,1362.4885892860243,1331.151134069381,1362.301056767325,600455
2024-07-18,1368.86669921875,1379.282950092967,1345.6943796553987,1345.6943796553987,1580645
2024-07-19,1348.2022705078125,1396.057537086645,1339.1682882052494,1372.8160366633851,1115365
2024-07-22,1368.353271484375,1385.611565577827,1335.6137828422065,1347.6787761976013,1468170
2024-07-23,1361.5606689453125,1379.776634262114,1324.3485981554616,1368.3534202733367,877240
2024-07-24,1371.8482666015625,1385.0092883976586,1348.6561839621602,1353.612537994602,1189520
2024-07-25,1384.9302978515625,1388.3464991538074,1347.975062695375,1362.4984679423574,718270
2024-07-26,1419.2496337890625,1423.7123297233418,1383.7457227189595,1390.143523058575,1802930
2024-07-29,1403.9302978515625,1436.081685782117,1400.389832723487,1433.0060070537102,877015
2024-07-30,1386.494873046875,1411.5751111779073,1382.3709497810298,1406.1062046244515,694125
2024-07-31,1389.9464111328125,1405.8293109730755,1385.7531922959597,1390.292646856429,1231325
2024-08-01,1365.657470703125,1402.358097252262,1357.9632626062755,1395.4353139795078,1124665
2024-08-02,1428.1700439453125,1449.383500466905,1353.8589021706796,1360.8212822463304,7175560
2024-08-05,1379.3646240234375,1413.0291701307603,1346.9956853580338,1384.5666110409825,1667055
2024-08-06,1345.779296875,1409.2809639965294,1341.437708049941,1384.5567365579939,852965
2024-08-07,1394.1793212890625,1401.1516013898104,1352.761292594172,1364.7772907114927,2844655
2024-08-08,1367.269287109375,1394.6537776858372,1363.204639464297,1393.457163962293,545140
2024-08-09,1426.9833984375,1434.00505421338,1377.4755522046341,1387.6916792678542,2169800
2024-08-12,1419.90234375,1443.894741370676,1398.4516640670392,1443.894741370676,1373055
2024-08-13,1404.0096435546875,1442.9057503063,1392.2804858697539,1428.0316181280186,1155785
2024-08-14,1431.3843994140625,1447.6530135055186,1398.0363904132591,1404.3361187366695,1557105
2024-08-16,1467.2047119140625,1471.5858977792643,1429.060230034299,1450.817548415444,1665850
2024-08-19,1462.3785400390625,1476.1648309335014,1455.9799394629788,1467.2047136783613,621000
2024-08-20,1465.2069091796875,1470.2506263805165,1456.3555651684,1462.3783519137064,1148210
2024-08-21,1465.1773681640625,1470.3793547476484,1458.739170333878,1465.207066207682,482210
2024-08-22,1472.466064453125,1497.3089608292019,1448.246223374118,1472.5748365559461,1061190
2024-08-23,1462.21044921875,1473.0495107087138,1446.6737850301151,1472.4660528077404,818150
2024-08-26,1483.2359619140625,1491.1774119905328,1461.2314015732638,1461.2314015732638,1378060
2024-08-27,1482.2568359375,1490.109191584138,1474.7603739082024,1483.2359055564384,532205
2024-08-28,1507.7127685546875,1511.2730324085298,1478.0733999401173,1482.2567190226628,1212000
2024-08-29,1519.6298828125,1523.01220012007,1493.5408767892854,1503.0449747425193,961130
2024-08-30,1518.8189697265625,1527.9570331992522,1507.19858452262,1519.6298711500049,1409320
2024-09-02,1496.666015625,1532.2096219879504,1485.93572680607,1519.0463874924808,1332115
2024-09-03,1472.6639404296875,1511.9359848725226,1469.6080597608336,1499.2771322997469,642950
2024-09-04,1470.6759033203125,1474.6911752063907,1436.784038797592,1455.5546501606398,793615
2024-09-05,1478.5086669921875,1484.7687973524116,1466.057580983848,1481.3767012602011,610375
2024-09-06,1468.59912109375,1483.6018238224474,1461.6367409164834,1480.575520828209,669085
2024-09-09,1467.3531494140625,1481.0602461425713,1443.1927028064365,1450.0263921117444,664125
2024-09-10,1478.8447265625,1492.2156054554764,1469.6077908051748,1478.5085109379113,662835
2024-09-11,1517.02880859375,1538.2422641109818,1479.0524990941135,1483.4434630995581,2253665
2024-09-12,1540.5367431640625,1544.3541489712647,1507.1887378591475,1527.947187261394,852445
2024-09-13,1528.7581787109375,1548.7254042318907,1521.5881536913453,1547.736435263671,503730
2024-09-16,1563.3226318359375,1571.076114922552,1525.979153078716,1528.7582138907655,1205305
2024-09-17,1543.830078125,1575.3780920816964,1535.868829527901,1563.3226181347352,635125
2024-09-18,1531.230712890625,1544.7597417580048,1497.309026515368,1543.8301688074325,629850
2024-09-19,1562.9864501953125,1612.217235887492,1533.8909383870193,1562.7687852625077,4464010
2024-09-20,1603.3560791015625,1607.460324563547,1548.7254416356116,1560.7908150497844,2073445
2024-09-23,1611.2579345703125,1633.8459525876983,1604.3648496567255,1604.4044470480817,980735
2024-09-24,1599.0242919921875,1633.3810630123191,1592.3685503994334,1621.1475221594253,936650
2024-09-25,1569.73095703125,1610.031438932275,1560.197282531496,1610.031438932275,1110935
2024-09-26,1572.0057373046875,1585.801805814067,1549.5362710979705,1582.3503138498816,1058045
2024-09-27,1616.123779296875,1627.2595803344,1582.4394358796658,1592.3093275735132,2029940
2024-09-30,1602.2681884765625,1624.7177356229915,1587.8094670820196,1604.839483632844,971110
2024-10-01,1621.1080322265625,1631.7988450314128,1610.1601985483492,1610.9908987031686,848030
2024-10-03,1606.6788330078125,1617.9531024877442,1584.4567310445302,1602.1197009161353,577885
2024-10-04,1621.64208984375,1643.4489041904483,1601.8924082431997,1606.0856270697675,2141335
2024-10-07,1579.670166015625,1643.4487604402627,1564.5586923159046,1643.4487604402627,1893920
2024-10-08,1635.7646484375,1643.0533452414334,1579.9867719054178,1591.3995129581156,1217655
2024-10-09,1659.9744873046875,1675.709017140483,1641.6884610321747,1643.666398937033,852950
2024-10-10,1640.7391357421875,1669.2708666796775,1633.7767554891318,1667.401700820022,477895
2024-10-11,1654.208984375,1659.6483140822613,1633.72735351241,1640.7392309106956,717630
2024-10-14,1638.948974609375,1661.3194471689515,1629.6230651247618,1659.4799794302194,731080
2024-10-15,1639.3941650390625,1656.1274430517258,1627.8132560981878,1648.6014035403884,793755
2024-10-16,1618.4180908203125,1637.7326846070428,1609.0525832461706,1630.7802034758608,616890
2024-10-17,1578.3155517578125,1627.8331796637463,1574.41895087009,1618.418174860583,1370175
2024-10-18,1599.9244384765625,1604.1473555280224,1564.6874672959689,1580.3725015415644,703155
2024-10-21,1572.33203125,1613.9478004522489,1564.9246636064654,1605.4921885170359,551420
2024-10-22,1512.9346923828125,1577.9988794479455,1507.485463648204,1574.22107106494,756445
2024-10-23,1548.8638916015625,1571.8475210207218,1493.5409041276766,1507.1887243304056,1680480
2024-10-24,1526.2857666015625,1552.4043503075914,1514.784052594516,1548.8638848379971,609025
2024-10-25,1502.76806640625,1534.8699609349424,1470.4090302843006,1530.9239843541004,1835575
2024-10-28,1521.5584716796875,1552.681296463767,1503.2427468794865,1503.2427468794865,633990
2024-10-29,1522.8441162109375,1530.4592500672125,1480.1009043197373,1521.1233197812644,851900
2024-10-30,1518.9376220703125,1553.95704607696,1508.790791076829,1519.0760922089148,861150
2024-10-31,1471.773681640625,1528.4119541809505,1464.9696909842703,1513.2709019430272,1490795
2024-11-01,1477.2130126953125,1482.4545965607404,1471.7736833240676,1471.7736833240676,53670
2024-11-04,1527.511962890625,1532.3776126157677,1457.8489307934387,1473.5636611023797,1900525
2024-11-05,1511.3226318359375,1531.9129123751054,1503.2328126598838,1527.5120488117523,878455
2024-11-06,1581.7569580078125,1584.7436635436113,1514.121357234296,1515.1004268339454,1566415
2024-11-07,1563.1644287109375,1591.4193415763255,1540.813752719957,1587.0975517330126,839335
2024-11-08,1514.032470703125,1564.5489639548446,1483.8788154362574,1561.9776686898088,2896825
2024-11-11,1572.7574462890625,1602.129777249128,1502.599922773171,1517.078443395162,2827160
2024-11-12,1547.0045166015625,1589.273038151245,1543.3354805775655,1571.4715977736953,814435
2024-11-13,1506.1898193359375,1546.747445844268,1500.8592621808648,1546.747445844268,847625
2024-11-14,1536.5015869140625,1551.1086762233917,1493.3429715797051,1506.1995666992657,938055
2024-11-18,1501.185791015625,1557.7844684644015,1481.693129625378,1552.404414243014,1434895
2024-11-19,1510.5858154296875,1535.1313035428843,1503.3153218545863,1505.7718294877043,782945
2024-11-21,1488.8436279296875,1505.623356395467,1484.0197265429458,1503.2460478313683,738710
2024-11-22,1584.8460693359375,1590.7199950305312,1519.4806750042228,1525.3050255833389,4935000
2024-11-25,1623.546630859375,1646.2694495791372,1588.0259333219146,1588.0259333219146,2668425
2024-11-26,1633.8975830078125,1651.8163293358218,1614.7702919472688,1631.2132715458554,1295245
2024-11-27,1652.767333984375,1656.967193210116,1629.7571016322784,1634.3829441611888,1207120
2024-11-28,1624.8638916015625,1665.0202233571483,1619.7229515428692,1649.0428873142587,1275315
2024-11-29,1635.4329833984375,1643.8227868972317,1607.2819315842567,1626.1020989808542,1418705
2024-12-02,1673.449462890625,1680.2248096349213,1630.25224422981,1632.4017487997737,1541390
2024-12-03,1678.4617919921875,1687.832215708524,1655.4516800739098,1683.345183426993,1465260
2024-12-04,1673.1226806640625,1688.862297465186,1661.4046942937214,1675.3910446713228,1731295
2024-12-05,1688.178955078125,1714.873827985395,1678.4716626127918,1683.7017170246838,2150265
2024-12-06,1680.72021484375,1700.550747350478,1671.5676799814034,1700.550747350478,1050090
2024-12-09,1667.8331298828125,1690.2291116369,1664.2968522340577,1680.9378885360322,1309295
2024-12-10,1687.79248046875,1691.4177515953675,1666.2582587349161,1668.8435406359972,941320
2024-12-11,1695.211669921875,1701.7095171509923,1679.491883087065,1687.8717711453978,1242035
2024-12-12,1706.55322265625,1739.1121053123384,1698.3713933697436,1703.7004768406773,1705625
2024-12-13,1724.006591796875,1726.8692528789945,1679.0561020287178,1706.0977598841494,738150
2024-12-16,1745.1148681640625,1755.2281928170312,1721.163676303302,1728.473830159645,1714915
2024-12-17,1754.009765625,1772.552552696913,1734.4268683871142,1734.4268683871142,1391285
2024-12-18,1757.9918212890625,1762.954411791993,1743.7479217754983,1753.2471194876155,444065
2024-12-19,1722.9466552734375,1739.3795983745667,1707.6824758529344,1714.0219245402463,740435
2024-12-20,1682.9090576171875,1762.1419429537102,1675.3810157659937,1738.3889328922587,1713975
2024-12-23,1708.63330078125,1727.29506817791,1685.0090640269052,1685.078469192747,836725
2024-12-24,1718.192138671875,1721.4014628410475,1688.4760845758824,1707.692490407611,1170230
2024-12-26,1717.092529296875,1728.9591199885467,1711.545557134857,1723.5310071973247,997245
2024-12-27,1711.1395263671875,1738.458441792129,1707.632993305363,1717.0926521867,612490
2024-12-30,1726.056884765625,1781.9626244633403,1698.6983117586258,1711.1393690029086,5568265
2024-12-31,1719.0240478515625,1733.2383229123066,1671.0326718251624,1703.720329306034,1326490
2025-01-01,1729.553466796875,1738.3494232345997,1703.9382438736525,1721.143833554126,337865
2025-01-02,1758.9822998046875,1771.0766942420544,1725.5219963267741,1729.4742215585163,1426230
2025-01-03,1788.014892578125,1799.8022845022097,1759.1903452261554,1764.9354971970324,2013255
2025-01-06,1746.4619140625,1808.4991296657101,1731.970381307724,1806.7359482404988,1154600
2025-01-07,1671.755859375,1746.1154003535935,1656.7393127345363,1739.4787423392838,2787290
2025-01-08,1631.8272705078125,1677.9564338744194,1610.0255847193625,1673.8061501179013,2664430
2025-01-09,1574.81201171875,1635.7993213611444,1568.244759618938,1631.8173511854773,2041085
2025-01-10,1552.3072509765625,1597.5845734505563,1549.6426485790594,1568.0171237585012,2042585
2025-01-13,1436.9000244140625,1536.2408343327397,1428.4903905763601,1518.490400730892,3052805
2025-01-14,1477.4327392578125,1495.4901755481487,1444.309181237115,1448.1623774488742,1873135
2025-01-15,1476.9176025390625,1488.4770699533915,1447.1718039958678,1485.6046148498892,2254135
2025-01-16,1511.269287109375,1536.9737458159689,1478.2052202326288,1478.2052202326288,1047585
2025-01-17,1534.962890625,1541.2725942881557,1505.940164230338,1517.499752216873,1261450
2025-01-20,1539.35107421875,1554.9024273134796,1515.4494568186653,1536.5180373564372,838815
2025-01-21,1477.373046875,1523.0466015057586,1470.9444843572985,1521.2637110433673,2021495
2025-01-22,1433.205322265625,1490.4384718348083,1413.899802006115,1489.2497571145163,2445630
2025-01-23,1492.83544921875,1507.1982084015017,1423.3989617665018,1423.3989617665018,1310495
2025-01-24,1475.3128662109375,1498.4814959098153,1471.9648528519328,1490.854303354192,689375
2025-01-27,1388.6412353515625,1465.3977982856507,1374.882686921068,1465.3977982856507,2768045
2025-01-28,1416.1185302734375,1428.737937777589,1375.357986714645,1404.836320971655,2125700
2025-01-29,1474.9365234375,1484.8121294617686,1417.4755720497778,1417.4755720497778,1047855
2025-01-30,1511.338623046875,1522.0958193611455,1474.9364593466673,1474.9364593466673,1718675
2025-01-31,1530.119140625,1535.3293647877317,1509.5754528622601,1511.338634313663,1436990
2025-02-01,1542.144287109375,1561.6676951842333,1500.1059147045175,1530.1191765184524,508590
2025-02-03,1529.297119140625,1563.064427705535,1517.4601518444658,1533.3682039957696,1130980
2025-02-04,1526.791015625,1552.7429871909435,1512.5272858305793,1545.2347745720772,1350445
2025-02-05,1573.197509765625,1582.4788186227495,1527.91027495629,1532.357767789479,2737765
2025-02-06,1594.999267578125,1621.5059971559583,1585.4604095023024,1604.666900056599,2904470
2025-02-07,1557.1409912109375,1608.6289858322589,1541.2825147500741,1597.8420441945652,1030260
2025-02-10,1544.224365234375,1584.8561337087206,1525.6220873453863,1561.875768135915,819910
2025-02-11,1494.133056640625,1556.3089630735346,1485.4658746746052,1545.234727656098,1111755
2025-02-12,1501.3143310546875,1515.508654255886,1465.6054954844617,1494.2319815316082,1642770
2025-02-13,1513.81494140625,1526.8701257061264,1496.698466652875,1501.6511419230699,1595935
2025-02-14,1482.9300537109375,1519.124244461856,1472.9355885450414,1512.5470769781714,810840
2025-02-17,1453.8876953125,1467.4579783505603,1431.6699389425946,1466.0118357404276,1694895
2025-02-18,1497.47119140625,1502.5921805181606,1455.4129885878879,1455.987576334861,671955
2025-02-19,1504.632568359375,1516.3010995885013,1480.750784204295,1497.6889083900085,847695
2025-02-20,1520.164306640625,1526.1471775422967,1494.7967163706574,1497.6891224910873,1307395
2025-02-21,1493.15234375,1551.5641648743808,1488.7543053843456,1511.1602027057343,929070
2025-02-24,1416.82177734375,1478.8689107898274,1413.434103757509,1476.8878405811338,2614855
2025-02-25,1450.8663330078125,1461.0193169103957,1404.4994518367494,1412.2156373805676,2153680
2025-02-27,1462.2774658203125,1474.7087298991012,1440.4460331585728,1441.2285945934325,1437345
2025-02-28,1385.293212890625,1439.227805799257,1367.1366254120683,1426.5093677736045,4905515
2025-03-03,1379.2606201171875,1400.3788959091005,1349.3266787726002,1381.4992390896214,1307830
2025-03-04,1339.62939453125,1360.9060684345977,1319.8780624096914,1359.311321485726,1231110
2025-03-05,1345.1268310546875,1358.8160938012475,1327.3170293652645,1331.4277741988965,2036095
2025-03-06,1368.1964111328125,1392.6625792756522,1349.9012572002603,1349.9012572002603,1571540
2025-03-07,1353.8336181640625,1382.5888798663027,1339.9958724479661,1366.9383776117352,921590
2025-03-10,1305.14892578125,1368.6223749690387,1301.563193357608,1353.8337528208021,1378335
2025-03-11,1326.74267578125,1336.5984524670923,1272.3523551315666,1289.6768057755874,2072715
2025-03-12,1289.1220703125,1341.2441485203808,1257.8905874084576,1329.298235990859,2350725
2025-03-13,1264.4281005859375,1307.4965518295821,1262.9323827574765,1293.0446770862115,1444365
2025-03-17,1283.664306640625,1292.6484075039994,1258.5442281172404,1272.0551424571897,997630
2025-03-18,1283.664306640625,1283.664306640625,1283.664306640625,1283.664306640625,0
2025-03-19,1337.103515625,1347.3158695538632,1295.2633229870983,1326.4354333313931,1944145
2025-03-20,1357.0926513671875,1364.9871875263718,1327.8718643190462,1351.089950293722,1294700
2025-03-21,1370.108154296875,1374.1595300694005,1333.141436155188,1360.7972207331088,1884150
2025-03-24,1406.728271484375,1418.4462581462508,1372.9509279627762,1386.154838184287,1561740
2025-03-25,1415.6134033203125,1471.915386775234,1394.3069828033135,1422.4084598653087,3160400
2025-03-26,1395.53515625,1428.9558002461024,1386.7491149085693,1422.6262665618356,1214035
2025-03-27,1429.262939453125,1436.2659693557744,1378.0422875887086,1386.749129746106,2098130
2025-03-28,1422.6856689453125,1448.9051019309356,1408.937038017585,1430.3325702876575,2386050
2025-04-01,1348.098388671875,1422.6857271697904,1342.8683345275033,1422.6857271697904,1307065
2025-04-02,1372.6141357421875,1380.7761350014189,1338.5199962037002,1342.1750125529647,1617245
2025-04-03,1334.132080078125,1365.3438544897235,1311.4487993889657,1362.9764608074524,2204950
2025-04-04,1267.211181640625,1330.4865622094724,1253.0466037047413,1330.4865622094724,1717820
2025-04-07,1262.8927001953125,1273.4220940436285,1146.0492085191095,1146.0492085191095,1594280
2025-04-08,1315.95556640625,1329.2980445853002,1255.602212267333,1279.7613767826645,2649525
2025-04-09,1269.22216796875,1302.6032744861911,1251.27367620271,1302.6032744861911,2100820
2025-04-11,1296.6700439453125,1317.4117926261351,1278.543201740947,1317.4117926261351,1867970
2025-04-15,1334.349853515625,1349.604118747204,1311.5675454560392,1342.4723141553939,1264435
2025-04-16,1342.373046875,1345.2456226933143,1308.7940055249805,1337.024254354945,861615
2025-04-17,1334.1517333984375,1339.9959145970672,1299.8792435574758,1336.1328035732322,1275390
2025-04-21,1374.66455078125,1393.0884779925047,1342.0759244009303,1345.1465587836526,1372860
2025-04-22,1377.5369873046875,1392.6922212935503,1365.3534792548398,1374.664532513328,910595
2025-04-23,1403.6871337890625,1411.5123845248506,1377.0417179262765,1388.730079371116,1658625
2025-04-24,1417.2576904296875,1432.6109847070063,1392.9895801203775,1402.5977223666625,1647625
2025-04-25,1394.376220703125,1436.2759040635012,1382.8860376536031,1429.3421583197464,1061635
2025-04-28,1382.291748046875,1405.2721142668488,1372.188338275923,1387.7396911599226,1134175
2025-04-29,1398.4375,1404.9750074651122,1369.7119821522972,1386.3528992530435,593235
2025-04-30,1400.5177001953125,1417.4558274090368,1379.8154909718994,1398.4376005225636,1353645
2025-05-02,1411.710693359375,1429.342267969184,1394.0792396645052,1400.418689013815,585725
2025-05-05,1420.42724609375,1428.9458232471718,1409.3333020216085,1414.781244736752,394340
2025-05-06,1383.678466796875,1439.841757035105,1377.7352563625682,1427.1629806575393,431775
2025-05-07,1371.8912353515625,1387.2445307652442,1355.5474047499013,1374.3675733215111,523664
2025-05-08,1342.6702880859375,1386.7490987239487,1328.802797098698,1371.3958051309335,309901
2025-05-09,1361.985595703125,1386.7489701704546,1306.515636896307,1306.515636896307,661030
2025-05-12,1462.02978515625,1488.2789649032964,1378.8248380335365,1391.206526593464,1346700
2025-05-13,1450.6385498046875,1476.3924605557438,1436.7710594002726,1465.9918427524326,869690
2025-05-14,1440.2379150390625,1461.0391504006996,1413.988737082711,1457.0770103318164,631213
2025-05-15,1489.7647705078125,1495.7079810284554,1433.3042705617054,1447.1717617765387,945324
2025-05-16,1495.212646484375,1510.5659396413857,1483.3262259757214,1497.6889840903445,695066
2025-05-19,1453.114990234375,1500.66067498642,1439.2474988483618,1495.2127319419149,811543
2025-05-20,1424.8846435546875,1475.8971977034998,1418.941433362593,1461.0391722232632,783253
2025-05-21,1461.5345458984375,1465.0014187623103,1426.865817259708,1430.332690123581,672018
2025-05-22,1447.171630859375,1464.5059933097782,1436.27574589055,1456.086445833868,593809
2025-05-23,1474.9066162109375,1480.849826215817,1433.7994136771874,1449.6479736901995,759901
2025-05-26,1459.553466796875,1482.8310415981823,1454.1055237582711,1480.8499714023264,682762
2025-05-27,1438.752197265625,1472.9256573727946,1411.5124826874462,1472.9256573727946,1599274
2025-05-28,1419.436767578125,1441.2285393064703,1392.1970529176936,1441.2285393064703,2163499
2025-05-29,1434.294677734375,1442.2189577218578,1403.5880927828794,1431.323072739069,933946
2025-05-30,1413.98876953125,1446.1811583296849,1401.607081531852,1436.2758079301664,2388902
2025-06-02,1417.2576904296875,1425.2810006754937,1386.7491605320108,1397.645046793334,1199774
2025-06-03,1411.809814453125,1426.073424050829,1401.607253920801,1417.4558165093047,725977
2025-06-04,1397.248779296875,1411.8097177264176,1382.8860204350729,1406.559833362684,1169720
2025-06-05,1460.4449462890625,1466.982453634767,1395.4658692171927,1401.5081090228448,2207902
2025-06-06,1492.934326171875,1496.3021694057004,1454.105401951667,1454.2044312701787,1460702
2025-06-09,1505.316162109375,1526.6126670282538,1488.1799772119798,1495.7080198840392,1213694
2025-06-10,1520.3724365234375,1535.3294932097845,1496.2033545118577,1509.5755791301365,803990
2025-06-11,1491.6468505859375,1525.3250444219827,1488.675245247463,1522.4524684118044,1787307
2025-06-12,1454.5015869140625,1508.584772568397,1448.5583770418298,1498.877481411118,872560
2025-06-13,1445.9830322265625,1450.836556963952,1421.417716015862,1436.2757409219512,707752
2025-06-16,1474.3125,1477.8784022567752,1438.3560266997638,1443.2096729813147,814202
2025-06-17,1461.435546875,1486.0007454137199,1456.8791094852718,1477.8784057587666,579070
2025-06-18,1453.7093505859375,1477.9774615711096,1447.0728134988235,1457.077194252581,462408
2025-06-19,1455.3931884765625,1469.0624995344465,1444.2000941136905,1452.2234037868932,681928
2025-06-20,1490.8543701171875,1497.0947896771606,1455.3932857224568,1456.0866119335958,2392646
2025-06-23,1468.171142578125,1482.6330524174698,1454.0065625629916,1475.8973650699686,804202
2025-06-24,1491.2506103515625,1516.9054939221976,1481.8405267923863,1481.8405267923863,1050554
2025-06-25,1495.311767578125,1519.8770865029705,1488.7742600801205,1506.5048626100352,1007044
2025-06-26,1502.0474853515625,1509.5755281066408,1470.1521818281717,1502.6417822426338,980202
2025-06-27,1493.8260498046875,1522.6505987621028,1478.274696167077,1496.7976552830794,5582731
2025-06-30,1474.2135009765625,1515.5187680536187,1464.5062082139054,1508.1887838159935,1279001
2025-07-01,1435.7806396484375,1481.8405221897638,1432.8090343231906,1474.2134502209356,1499855
2025-07-02,1438.157958984375,1449.9453510467858,1417.3567215500964,1439.3465527575042,1091998
2025-07-03,1431.521240234375,1453.9074296333292,1427.3610412905464,1445.1906726182563,995080
2025-07-04,1472.331298828125,1474.7086070928829,1432.3136592686178,1438.157840152629,1069466
2025-07-07,1417.5546875,1474.9066911438504,1390.8102411192856,1470.9445509393001,2352128
2025-07-08,1445.091552734375,1457.0770021928142,1417.4556017253005,1417.4556017253005,1922385
2025-07-09,1433.4033203125,1446.6765148473894,1418.4462644720722,1442.2191068933919,1232488
2025-07-10,1406.6588134765625,1421.4178100425677,1397.8430272661358,1412.4039651862581,1335773
2025-07-11,1362.1837158203125,1408.1445650892792,1358.1225464073368,1406.5597332348154,2206874
2025-07-14,1385.758544921875,1389.6216558276585,1341.1844673511214,1362.4809710793702,3466969
2025-07-15,1389.9188232421875,1393.9801139404901,1366.7403983124796,1383.7775539029358,1554292
2025-07-16,1380.211669921875,1393.6829234639129,1372.8816858002724,1390.7113180833928,708852
2025-07-17,1366.2449951171875,1389.423417745782,1364.06574553434,1387.1452597592966,653294
2025-07-18,1351.88232421875,1380.2116032958684,1345.245666640329,1370.9005493700517,1994386
2025-07-21,1386.5511474609375,1401.4091746694132,1350.2974643403086,1351.8824173078272,1061489
2025-07-22,1444.99267578125,1453.6102829256374,1390.7113030511719,1390.7113030511719,4076845
2025-07-23,1461.039306640625,1466.982517379502,1445.2897739996142,1446.1812797934322,1600050
2025-07-24,1443.4078369140625,1470.9447636843656,1436.8703288140089,1454.2046947160134,683571
2025-07-25,1426.427734375,1440.826065143143,1416.9943452510443,1440.826065143143,1043310
2025-07-28,1399.6170654296875,1421.8600284917404,1374.693082335011,1419.9733264025917,1778107
2025-07-29,1399.517578125,1409.1495150746512,1365.458034749113,1409.1495150746512,1203324
2025-07-30,1385.8143310546875,1396.2407073305721,1355.130970914208,1380.2536212837588,2075877
2025-07-31,1382.53759765625,1390.183558743585,1360.3939110562226,1370.3237936186767,1082367
2025-08-01,1358.3087158203125,1390.0843413269124,1354.6345863924769,1385.2186744283358,432220
2025-08-04,1361.28759765625,1367.7420211934789,1349.471013399062,1359.4008957640294,2890882
2025-08-05,1332.2923583984375,1362.8764466337907,1323.653408643237,1362.3799524820115,3593587
2025-08-06,1313.1275634765625,1335.569071589012,1302.3039683189513,1332.292162184122,1704636
2025-08-07,1352.152099609375,1361.3869391484357,1302.0061912016463,1305.7795951715484,1124107
2025-08-08,1322.660400390625,1359.8974612124332,1313.0284624771402,1351.4570607594899,1636607
2025-08-11,1311.34033203125,1332.4910314246545,1278.075223796218,1298.7294290368607,4245522
2025-08-12,1311.9361572265625,1343.0167410126514,1302.006273744029,1322.6604798734577,2051386
2025-08-13,1316.60302734375,1321.9651876577802,1303.2969617391193,1315.7093137556824,1533006
2025-08-14,1355.8262939453125,1375.7853351931458,1310.248105223642,1319.681494385919,6756189
2025-08-18,1344.1090087890625,1390.2829671489806,1340.6335495576707,1380.2538090384157,1159319
2025-08-19,1371.1181640625,1375.288666044174,1334.1789300509522,1349.9674667776567,1022673
2025-08-20,1385.715087890625,1389.091272146994,1355.4289465931229,1355.4289465931229,1593082
2025-08-21,1402.8939208984375,1427.7186284368838,1377.3740488202793,1390.1836221529961,2432234
2025-08-22,1370.9195556640625,1408.0573405099526,1365.557394863531,1408.0573405099526,1083516
2025-08-25,1396.2408447265625,1410.341351520604,1375.8845842800272,1377.7712863203897,1646990
2025-08-26,1385.9136962890625,1401.3050146554806,1374.3950564641696,1393.1625592312605,1437602
2025-08-28,1376.28173828125,1402.0001586435246,1366.351855609668,1400.1134566930464,830602
2025-08-29,1348.5772705078125,1385.21855988308,1345.002537176797,1380.2536188082302,1215734
2025-09-01,1362.0819091796875,1368.1392343656432,1336.7607092668286,1348.5772934690394,773237
2025-09-02,1354.932373046875,1380.6507911790243,1341.527032602659,1366.9475057947413,559228
2025-09-03,1356.8192138671875,1365.2596142710272,1347.0878802099455,1364.4651751590275,600553
2025-09-04,1322.4617919921875,1370.8202709946172,1315.1136547428923,1359.301631605812,1350218
2025-09-05,1337.55517578125,1355.925458447882,1320.1778813668686,1333.384673607553,967418
2025-09-08,1327.625244140625,1343.4137810101552,1315.8086601331463,1337.555126295753,515700
2025-09-09,1340.03759765625,1367.5433227570686,1331.398648661744,1337.8530720665349,1229455
2025-09-10,1376.0831298828125,1389.0912513797985,1344.3075067014688,1349.1730520296057,1177741
2025-09-11,1362.280517578125,1373.3026622076316,1345.598267555795,1372.806168114281,681007
2025-09-12,1351.059814453125,1370.820305247561,1345.6976535580657,1365.4581443525017,593993
2025-09-15,1353.2445068359375,1365.160366463324,1336.8601998482811,1350.4640911037905,849889
2025-09-16,1342.9173583984375,1361.3869159474066,1333.5832444327987,1361.3869159474066,2612615
2025-09-17,1365.3587646484375,1392.070171268799,1350.7618867048566,1352.9464122425425,2281760
2025-09-18,1375.0902099609375,1381.5446337402477,1362.1813624023173,1370.3238177612297,1051506
2025-09-19,1366.451171875,1378.2677568575068,1361.5855049746276,1378.2677568575068,1100226
2025-09-22,1407.75927734375,1416.0011276242276,1355.6273985216799,1360.3937902140196,2045289
2025-09-23,1384.1263427734375,1423.5479277231257,1379.2606761166141,1412.8237273761204,1526034
2025-09-24,1375.5865478515625,1395.7441347902484,1365.3587213080143,1381.2465318832346,1082692
2025-09-25,1349.0738525390625,1375.6859869204138,1342.2222091663484,1375.586712335323,1099888
2025-09-26,1306.9710693359375,1356.1239870780541,1300.8145907509615,1349.0737948367082,1236310
2025-09-29,1306.573974609375,1322.759610191897,1290.0902728547298,1308.6592256703889,1577060
2025-09-30,1300.11962890625,1307.3683707633245,1290.6862400618334,1302.8999234159692,1322833
2025-10-01,1329.2139892578125,1330.6041969900814,1294.0621824974373,1300.1195075298667,1081395
2025-10-03,1324.547119140625,1333.2853434620683,1310.7445575118265,1331.5973118358784,785507
2025-10-06,1370.2244873046875,1384.126322570189,1318.6883737561307,1324.6463031556311,891973
2025-10-07,1373.8985595703125,1380.3529833884577,1359.4009549293567,1370.2245514211243,397410
2025-10-08,1357.911376953125,1378.267635254799,1354.2373690624777,1373.8984628886367,548172
2025-10-09,1337.05859375,1383.2325444439286,1323.2560337082941,1380.2535798830302,2141013
2025-10-10,1323.7525634765625,1343.8109981224763,1321.6673124706122,1343.0165590657423,462385
2025-10-13,1324.1497802734375,1327.7245135926044,1308.0634197299964,1320.773596110854,529298
2025-10-14,1313.0284423828125,1336.0657218395902,1310.7445208682714,1336.0657218395902,825533
2025-10-15,1325.4407958984375,1333.3847020861072,1317.0003955740385,1318.5891525686945,584131
2025-10-16,1339.044677734375,1353.3437330186875,1323.9513045652823,1330.3063325010762,595870
2025-10-17,1318.986328125,1337.5551597335425,1313.7234419654615,1335.7677324151825,904220
2025-10-20,1302.3040771484375,1329.6112537565823,1299.0271674697062,1326.4337398733885,692834
2025-10-21,1307.7655029296875,1316.7023970271568,1302.8005617644267,1314.7164205610527,52958
2025-10-23,1370.125244140625,1381.7431582502913,1313.127694002263,1315.7094392250349,2925254
2025-10-24,1368.1392822265625,1409.9440640081355,1364.1673291601064,1370.323807927358,2376373
2025-10-27,1355.1309814453125,1381.4451693937065,1350.265436116927,1374.8914713550962,487437
2025-10-28,1375.9837646484375,1383.4311764969664,1357.7128778848885,1366.0538821837324,1412055
2025-10-29,1379.3599853515625,1398.3260371170743,1373.3027811310278,1380.2536990398617,1035864
2025-10-30,1374.39501953125,1379.5586311859895,1363.7700936882834,1379.4592353889782,765573
2025-10-31,1368.6357421875,1384.225609098334,1365.358832503737,1374.3950012614303,507529
2025-11-03,1350.06689453125,1365.3589388896935,1329.7106339878037,1365.3589388896935,941920
2025-11-04,1329.313232421875,1356.620407461062,1317.1988250720594,1356.620407461062,606779
2025-11-06,1317.496826171875,1340.6333790990234,1308.0634380289612,1315.8086734597764,855886
2025-11-07,1335.9664306640625,1348.7760034745284,1292.9699904746972,1311.7374928514832,1077290
2025-11-10,1332.9874267578125,1343.5130777731736,1321.4687875105424,1330.6042307583537,689807
2025-11-11,1331.59716796875,1340.2361167695965,1317.6953332546839,1339.541073519645,565605
2025-11-12,1366.7490234375,1372.8062273950645,1331.8951608221005,1338.1509139398277,1917141
2025-11-13,1337.8531494140625,1374.2957705668944,1322.2631607909925,1372.806288156598,1870419
2025-11-14,1314.2200927734375,1345.3999514803038,1302.3042324687294,1335.5693424860397,1323927
2025-11-17,1322.85888671875,1328.5189924234098,1311.737466900728,1319.6813728319964,803936
2025-11-18,1315.610107421875,1324.2490563877468,1301.9068215990628,1322.858848646908,561417
2025-11-19,1352.6484375,1354.435864692823,1308.7584088454112,1315.6100514653983,862715
2025-11-20,1355.8262939453125,1364.3659693651261,1347.2866185254989,1364.3659693651261,729780
2025-11-21,1333.34521484375,1356.8209787536277,1325.984138327409,1356.8209787536277,792639
2025-11-24,1339.214111328125,1358.4124574057025,1325.7851654414583,1333.8425086878935,1774967
2025-11-25,1324.9893798828125,1344.7846659248858,1318.2251212642313,1344.7846659248858,608562
2025-11-26,1334.4393310546875,1347.0724390280188,1318.3246445061109,1322.9998585931676,590377
2025-11-27,1332.3504638671875,1340.9051758668254,1308.675679995143,1339.910439089476,977874
2025-11-28,1323.19873046875,1332.3503811086086,1313.1519139271434,1332.3503811086086,655737
2025-12-01,1357.9150390625,1361.7945364614309,1319.418777508677,1319.418777508677,939714
2025-12-02,1379.302001953125,1395.4168107286655,1347.0725058298742,1367.763079531372,2136679
2025-12-03,1369.951416015625,1382.485196322128,1354.3340974694077,1366.7683069577422,628631
2025-12-04,1388.851318359375,1393.6261030437145,1364.0824719143434,1364.1819212978048,1390101
2025-12-05,1381.390869140625,1391.437807406878,1374.9250802984513,1389.5477833059083,437945
2025-12-08,1364.878173828125,1383.678721358604,1354.4334386920607,1379.401305065089,668131
2025-12-09,1369.0562744140625,1372.5378531326924,1337.224697558018,1344.4862031716057,836641
2025-12-10,1335.7325439453125,1371.7419653865043,1330.4603906486218,1358.313019387434,550667
2025-12-11,1336.4288330078125,1349.7583298369616,1319.020939760595,1332.947254358369,986073
2025-12-12,1370.44873046875,1372.637224109277,1336.4287832184634,1336.6276819913196,594311
2025-12-15,1354.4334716796875,1364.4802881030314,1338.2193362635876,1355.4282083835399,932411
2025-12-16,1339.8109130859375,1358.014522213836,1334.9366788700725,1345.3814144350022,673471
2025-12-17,1331.1566162109375,1358.8103453088493,1327.973507311357,1332.9471908593398,336409
2025-12-18,1326.6802978515625,1340.805631950815,1318.424056038308,1331.1566130340639,429181
2025-12-19,1333.7431640625,1338.0204594908632,1315.638881255067,1326.8794557846225,1059063
2025-12-22,1338.517822265625,1352.2452387636358,1332.947320435937,1338.1199032575403,388453
2025-12-23,1358.4124755859375,1362.09307440157,1326.5808997248596,1341.7009711155667,484906
2025-12-24,1359.6063232421875,1381.6894318979325,1354.8315379733508,1358.4125662110616,560418
2025-12-26,1358.611572265625,1366.7683654680277,1352.3446818440927,1357.3183658523462,371678
2025-12-29,1352.3446044921875,1370.249865897748,1342.8946054170306,1358.6114945552638,327396
2025-12-30,1327.9735107421875,1351.9466412198342,1322.9998271813554,1351.9466412198342,443272
2025-12-31,1326.5809326171875,1340.2088992273098,1324.2931109021417,1329.46569353669,808514
2026-01-01,1333.842529296875,1340.9051359200878,1322.1045871027054,1333.5440597014301,249766
2026-01-02,1360.5013427734375,1366.2708642332097,1328.371420060612,1337.9208681424589,323120
2026-01-05,1336.13037109375,1363.6846522773653,1326.680371848056,1362.7893649053656,664124
2026-01-06,1328.7694091796875,1349.8577798666054,1318.8220416051363,1339.9104122920542,701865
2026-01-07,1352.2452392578125,1381.3909548362215,1331.9525841164022,1333.0467703181607,2475123
2026-01-08,1330.3609619140625,1360.799882365623,1325.9840959015903,1358.8104088533926,1070292
2026-01-09,1313.3509521484375,1336.6276944697167,1307.0840621832788,1330.3609259323814,420573
2026-01-12,1305.9898681640625,1320.6124494238527,1291.0688173161857,1314.1466607231062,562354
2026-01-13,1325.3873291015625,1327.9736204813532,1298.8277838352367,1311.659912768151,680921
2026-01-14,1298.9273681640625,1325.3873428838351,1295.2467691299285,1314.0473190245518,1122841
2026-01-15,1298.9273681640625,1298.9273681640625,1298.9273681640625,1298.9273681640625,0
2026-01-16,1322.1046142578125,1325.387294163827,1297.1367456629036,1300.0215065760938,768381
2026-01-19,1310.4661865234375,1317.9267119650528,1298.529345816853,1313.549846087074,590870
2026-01-20,1297.7335205078125,1317.2303362329408,1292.461488667738,1304.1993092868688,965514
2026-01-21,1325.8846435546875,1335.1356225092325,1262.2214913052885,1283.210412526947,2016669
2026-01-22,1312.5550537109375,1380.6945165220018,1288.8802720755282,1352.841889387552,1290603
2026-01-23,1294.0531005859375,1323.6961837548768,1289.7756838634555,1318.2251314682658,458295
2026-01-27,1272.268310546875,1306.9846476065497,1253.7662311763247,1294.0530697823829,1843448
2026-01-28,1293.0582275390625,1298.3302590575117,1258.3418933115443,1273.262943429863,1272598
2026-01-29,1261.6246337890625,1294.9483139946926,1254.3630071432738,1293.0582899362716,1625728
2026-01-30,1242.8240966796875,1252.1746462417887,1235.6619193558588,1249.090865231736,2685297
2026-02-02,1230.787841796875,1251.1799453781632,1204.6262164360917,1243.420950078542,2434794
2026-02-03,1244.1171875,1298.7282586075885,1240.1382405548616,1258.3419713999992,2093182
2026-02-04,1181.747314453125,1224.620446104368,1155.8841577395044,1224.620446104368,4194622
2026-02-05,1159.863037109375,1183.7367188337532,1145.5388037891832,1181.7472453567218,1433736
2026-02-06,1124.450439453125,1163.7425408323877,1112.7124973054051,1159.8630432460855,4100917
2026-02-09,1171.1036376953125,1178.1662444152525,1125.0472770741947,1133.8010091451072,1385586
2026-02-10,1188.01416015625,1198.4588961284878,1164.4388261050738,1174.9830114676724,1984470
2026-02-11,1165.5330810546875,1198.1604972555276,1160.8578665813206,1198.1604972555276,1456481
2026-02-12,1143.2509765625,1155.3867161419794,1122.7593027069179,1154.889347775151,1776803
2026-02-13,1135.093994140625,1173.689825653594,1098.3881865933613,1132.8061726476697,3638049
2026-02-16,1119.2777099609375,1145.8372532698227,1110.7229984454216,1116.0946010246878,1106994
2026-02-17,1123.7540283203125,1136.9840753181531,1109.6288154132983,1118.2829763393415,999467
2026-02-18,1113.408935546875,1129.02625454969,1090.5299894194363,1129.02625454969,2108227
2026-02-19,1088.639892578125,1122.5603905045273,1084.2630267168229,1113.4088612354774,1363289
2026-02-20,1071.4927978515625,1095.418947814503,1061.7229046054852,1091.0324626490255,1770081
2026-02-23,1066.408447265625,1081.561749354465,1051.1555989138958,1067.4053702308895,2983262
2026-02-24,1014.7679443359375,1060.7260702198691,1003.0042042777987,1060.7260702198691,3314462
2026-02-25,1039.989990234375,1045.871860077132,1015.2663736758258,1015.2663736758258,2557686
2026-02-26,1047.7659912109375,1056.4391719560244,1034.0084062069798,1040.7875307556792,1180849
2026-02-27,1026.431884765625,1062.6202379311662,1016.8614484136135,1052.7506760046822,2485232
2026-03-02,995.4276123046875,1022.5438691397638,989.1470095943184,990.9414588190881,2665892
2026-03-04,996.6239013671875,1004.8983498162443,981.9691215962308,985.7574166978936,1770489
2026-03-05,1012.1759033203125,1018.0577733220025,993.1346984798429,1004.8983776358721,2499934
2026-03-06,977.0841674804688,1018.4564702664145,974.9906536061434,1007.2909818068814,1548231
2026-03-09,976.2866821289062,983.9630014015088,945.4817979247468,963.027618392966,1324838
2026-03-10,973.594970703125,984.9599171631788,962.6288177792435,984.361787706271,817884
2026-03-11,953.5568237304688,975.8879226659192,948.4725409068101,973.594951150005,770663
2026-03-12,952.460205078125,954.1549254051208,935.0140535573632,944.0860280092203,2942812
2026-03-13,949.469482421875,967.1149707117265,944.3851386515757,945.9802519480297,889051
2026-03-16,946.6780395507812,952.3605127187468,929.3316161690468,947.0768330825981,2203285
2026-03-17,960.136474609375,970.404829734318,927.6368105818779,946.6780147030286,2216153
2026-03-18,991.8386840820312,1002.9045046753947,955.7500605117173,957.0460481991838,1721809
2026-03-19,967.6134033203125,981.6700536037016,962.6287885064899,975.0903255410465,1356584
2026-03-20,975.1900634765625,1000.4122025011935,968.111873866251,971.5014363103269,1956522
2026-03-23,971.7008056640625,976.7850883394073,951.3635532679882,967.0152556579001,1489512
2026-03-24,984.3617553710938,993.8325234942511,959.0398878397128,981.9691159273567,1408155
2026-03-25,994.9291381835938,1026.9303416359296,986.9537543103785,992.9352922152899,1878359
2026-03-27,988.3494262695312,1009.3844759478765,979.975249241247,985.9567868764937,10369509
2026-03-30,964.7223510742188,1006.2940502668649,948.3727903520637,971.1026214470648,2967583
2026-04-01,982.2183837890625,994.4306905146814,962.2799238288684,981.8694850786994,2137122
2026-04-02,990.7420654296875,995.8264092391202,957.0460801923841,973.8442084068205,1647880
2026-04-06,991.240478515625,1001.8577322881318,977.0343264566261,995.6767978193083,1355458
2026-04-07,1002.6552734375,1006.0448358621344,975.1900578831785,983.0657128091775,1573502
2026-04-08,1029.5223388671875,1036.799925483559,1015.017182157292,1036.799925483559,1747493
2026-04-09,999.3156127929688,1026.8306625176076,982.6669869690871,1026.8306625176076,3794166
2026-04-10,987.8510131835938,1001.8079350160946,963.8251326635212,1001.8079350160946,3704112
2026-04-13,991.5894775390625,1000.8608491877808,965.7691477279631,976.3864019232158,1105874
2026-04-15,1024.88671875,1027.777698037603,999.9137494113481,999.9137494113481,1440167
2026-04-16,1044.4761962890625,1053.1992726882806,1028.375986919412,1029.8713714449923,1321938
2026-04-17,1051.30517578125,1054.246049890298,1036.9494605501868,1047.6663825703483,1032427
2026-04-20,1064.614013671875,1077.3745540677962,1044.9745590745192,1051.3051169904984,1203100
2026-04-21,1074.3837890625,1077.5740154436744,1061.9721473071697,1067.7044541337516,619652
2026-04-22,1049.4608154296875,1074.2842229891837,1040.8873017888384,1062.719940285617,2100144
2026-04-23,1014.9174194335938,1041.7346108708866,1011.1789582887468,1038.4946112120192,2088219
2026-04-24,981.9193115234375,1013.1728229322478,976.3365062690175,1011.8768352142514,2114591
2026-04-27,997.8202514648438,1020.3506868452015,987.9008554809038,988.1500862300111,1333360
2026-04-28,1001.5087890625,1011.6275815241,988.3992885449998,997.5210971915009,1477347
2026-04-29,988.5986938476562,1017.9081928442697,983.2651194157133,1008.6866553129273,2058896
2026-04-30,969.8565063476562,991.9383749120249,965.2706849332343,988.5987072349296,1347139
2026-05-01,969.8565063476562,969.8565063476562,969.8565063476562,969.8565063476562,0
2026-05-04,973.6448364257812,988.1998873507212,964.6725297562665,973.1463749441416,724113
2026-05-05,960.98388671875,985.5580008484861,956.0491059627158,973.9937190047689,987377
2026-05-06,978.3802490234375,985.9568394262969,959.2891493811469,967.0651365519448,1896598
2026-05-07,978.8287963867188,992.9352807890776,965.719295804389,985.0097309868033,1114882
2026-05-08,975.3395385742188,985.7573955154392,970.3050898731292,978.8287688805468,1597738
2026-05-11,958.2423706054688,977.9315992562292,954.005447984419,975.3395630267069,1864026
2026-05-12,928.03564453125,955.3512982078961,925.7426729546236,955.3512982078961,1803634
2026-05-13,924.9949340820312,938.0048272470506,917.3685100290127,928.0355977549885,2370054
2026-05-14,934.864501953125,948.8712573149178,918.6645039187466,923.2004911989029,1119252
2026-05-15,925.2442016601562,951.9617864405856,922.7020602079285,935.1137635892171,1577568
2026-05-18,923.100830078125,931.2257157209718,911.9851146978965,919.6614336851175,3644001
2026-05-19,930.7771606445312,956.4977612493175,923.1506755411317,923.1506755411317,1411851
2026-05-20,939.3506469726562,951.0644916019253,915.7733949331033,923.150649081114,1512310
2026-05-21,923.39990234375,948.3728106101354,918.6645182291667,938.1045161732457,2267419
2026-05-22,957.9931640625,981.9691499189702,917.2688232148104,929.1322311923657,9364081
2026-05-25,935.6121826171875,966.3672310899057,905.5050975494345,961.4823451744205,9279351
2026-05-26,977.682373046875,983.9629756153755,934.2164948598124,935.6122113627457,4782697
2026-05-27,1002.5556030273438,1011.1789501570339,976.236812440332,984.0127993896108,2690729
2026-05-28,1002.5556030273438,1002.5556030273438,1002.5556030273438,1002.5556030273438,0
2026-05-29,991.9383544921875,1044.5759359511599,979.4768173754514,1024.7371445223764,8551128
2026-06-01,1000.9605102539062,1014.9672660143684,993.7826525972112,1001.9075992584962,1885527
2026-06-02,1012.5746459960938,1017.4595319113836,977.4829462114848,991.9383288938576,2238097
2026-06-03,1002.954345703125,1016.8614333582294,986.3556146964223,1006.9918715778716,2369632
2026-06-04,1005.7457275390625,1019.2041878159649,989.2964983117373,991.938368556884,934260
2026-06-05,985.4085083007812,1016.7617474451407,982.3180106279157,1015.7648244888644,1456438
2026-06-08,996.1254272460938,1005.0478998488459,969.2583414814329,974.2429562486299,1328261
2026-06-09,979.5764770507812,1008.7364736573854,969.4079115273828,1008.7364736573854,915803
2026-06-10,968.2614135742188,983.9131160326101,962.0306451471002,979.5764646989269,1186017
2026-06-11,960.8343505859375,967.9125402127985,946.1297367130984,957.5445169397891,878016
2026-06-12,969.20849609375,980.8725066811521,959.0398699189034,967.0152534525324,1035001
2026-06-15,979.427001953125,998.3187047494976,974.0934274577002,986.8540903848866,1077227
2026-06-16,994.5802001953125,1000.8608025779355,982.3179992966822,984.9598694392791,1165372
2026-06-17,1013.9204711914062,1023.8398666846463,1000.1629466907218,1012.8737142664075,1499058
2026-06-18,1003.7020263671875,1025.8337283017684,991.0410925753343,1025.8337283017684,1289480
2026-06-19,981.221435546875,985.4583581794117,952.061438605299,984.8103339084369,2539070
2026-06-22,981.5205078125,996.5241864923812,978.3802369338365,981.9691353229805,1305758
2026-06-23,1008.4872436523438,1021.6466997627614,989.944500904848,1006.8921912526652,4328910
2026-06-24,1006.6928100585938,1020.3506670136891,992.3371556974412,1012.0263844942368,2053511
2026-06-25,975.8380126953125,1016.7617487821467,973.2958713229348,1016.3629552601724,4379956
2026-06-26,975.8380126953125,975.8380126953125,975.8380126953125,975.8380126953125,0
2026-06-29,983.7635498046875,994.4306374840105,980.423882278392,985.707561716607,1396899
2026-06-30,974.9906616210938,992.8854410462881,967.0152778859518,990.4429676079311,1437793
2026-07-01,990.4927978515625,995.4275786885419,971.6010955307178,971.9998890549107,1002221
2026-07-02,1022.9925537109375,1040.7876047988746,993.8823901428781,993.8823901428781,2206568
2026-07-03,1031.4664306640625,1051.853457817958,1024.0891759507863,1034.8060984540434,2016558
2026-07-06,1021.99560546875,1032.064503111385,1009.6835702997024,1031.466373669241,1226901
2026-07-07,1155.88232421875,1163.5587043392015,1025.8337674851293,1028.8245364865438,16707549
2026-07-08,1175.3721923828125,1214.0528526505593,1168.3937315289706,1168.3937315289706,10975945
2026-07-09,1198.15185546875,1214.00295514067,1164.7549357420307,1169.4405467503602,4748967
2026-07-10,1200.3450927734375,1225.3179389498396,1197.4040971370614,1211.2613500902005,2000844
2026-07-13,1187.3851318359375,1203.036773519993,1176.668210091301,1187.3352370104094,1659497
2026-07-14,1184.2945556640625,1196.1579629666523,1172.1321444968528,1187.0360937438977,712150
2026-07-15,1182.30078125,1202.1894680844873,1171.3845230956279,1183.8460605753687,1057048
2026-07-16,1203.2860107421875,1207.0743666618396,1180.5561186136692,1188.0829356271765,1096469
2026-07-17,1183.5968017578125,1216.7444906678545,1178.412850967054,1209.5666939276198,1669004
2026-07-20,1187.833740234375,1201.9402248538995,1177.9144051813848,1181.3537408121983,3300086
2026-07-21,1203.9837646484375,1219.7351954994997,1190.276074466077,1190.3259692900717,4113918
2026-07-22,1185.6405029296875,1205.2798361981313,1180.1574267517803,1205.2798361981313,1736169
2026-07-23,1166.3499755859375,1184.3444838030807,1152.1438233180975,1184.3444838030807,857055
2026-07-24,1165.5,1177.5,1140.0,1150.0,1248750
2026-07-27,1194.300048828125,1203.0,1171.449951171875,1171.449951171875,2342436
2026-07-28,1236.1500244140625,1252.550048828125,1198.0,1200.0,3902008
2026-07-29,1247.8499755859375,1268.9000244140625,1237.1500244140625,1249.9000244140625,1977359
2026-07-30,1244.050048828125,1265.449951171875,1236.0,1248.9000244140625,1007603
2026-07-31,1226.25,1236.0,1204.0999755859375,1236.0,1990511
2026-08-03,1268.800048828125,1268.800048828125,1231.800048828125,1231.800048828125,937278
2026-08-04,1260.0,1276.800048828125,1251.699951171875,1274.5,1053721
2026-08-05,1242.0,1277.9000244140625,1230.5,1265.9000244140625,1282107
2026-08-06,1240.0,1257.0,1229.5,1245.0,1210220
2026-08-07,1225.300048828125,1244.0,1222.5999755859375,1236.9000244140625,747939
2026-08-10,1282.0,1298.5,1236.699951171875,1240.0999755859375,5801604
2026-08-11,1360.0,1391.0,1291.0999755859375,1297.0,9948602
2026-08-12,1339.0,1364.0,1329.5999755859375,1360.0999755859375,1787437
2026-08-13,1357.300048828125,1369.4000244140625,1336.5,1339.0,1173878
2026-08-14,1343.0,1367.0999755859375,1337.0,1365.0,1048678
2026-08-17,1355.800048828125,1374.0,1340.699951171875,1341.0,3063291
2026-08-18,1354.9000244140625,1368.800048828125,1331.0999755859375,1345.0,1540395
2026-08-19,1378.4000244140625,1378.4000244140625,1351.5,1355.0,826319
2026-08-20,1360.9000244140625,1390.0999755859375,1355.300048828125,1385.300048828125,1278109
2026-08-21,1350.0999755859375,1367.800048828125,1345.199951171875,1367.800048828125,600356
2026-08-24,1349.0,1360.0,1336.699951171875,1348.0,1123288
2026-08-25,1350.0,1350.0,1328.0999755859375,1345.699951171875,970768
2026-08-26,1323.5,1350.9000244140625,1322.0,1349.199951171875,805875
2026-08-27,1330.0,1345.5999755859375,1318.0,1319.5999755859375,982905
2026-08-28,1354.0,1369.4000244140625,1339.0,1339.0,1808851
2026-08-31,1313.0,1358.0,1313.0,1354.0,2345418
2026-09-01,1356.0,1371.699951171875,1327.199951171875,1335.0,1564601
2026-09-02,1343.699951171875,1352.4000244140625,1314.800048828125,1330.0999755859375,1456671
2026-09-03,1330.0,1348.9000244140625,1320.199951171875,1343.699951171875,450580
2026-09-04,1319.800048828125,1349.5,1313.0999755859375,1330.5,556306
2026-09-07,1302.5,1321.800048828125,1284.4000244140625,1319.0,856453
2026-09-08,1292.0,1298.300048828125,1251.9000244140625,1274.5,2345489
2026-09-09,1267.0,1286.5999755859375,1255.0,1281.0,1281379
2026-09-10,1265.0,1277.9000244140625,1246.9000244140625,1266.9000244140625,981803
2026-09-11,1250.800048828125,1262.0999755859375,1244.800048828125,1250.0,524171
2026-09-15,1261.5,1310.0,1261.5,1268.0999755859375,1716983
2026-09-16,1256.0,1274.300048828125,1250.9000244140625,1258.5,788080
