Price,Close,High,Low,Open,Volume
Ticker,SIEMENS.NS,SIEMENS.NS,SIEMENS.NS,SIEMENS.NS,SIEMENS.NS
Date,,,,,
1999-01-04,9.83407211303711,9.836070539355683,9.126498652326244,9.194457487131778,4901196
1999-01-05,10.03594970703125,10.353757928862915,9.474288023034136,9.754119651921604,3856051
1999-01-06,9.67417049407959,10.349763453409828,9.644188246729014,10.233833266038058,1715504
1999-01-07,9.536251068115234,9.794095466083899,9.476286590057848,9.63419149020879,1126917
1999-01-08,10.113903999328613,10.299791435936216,9.638190814724693,9.670171483897635,2797276
1999-01-11,10.193857192993164,10.593616604234853,10.003972219546727,10.593616604234853,2525555
1999-01-12,9.914023399353027,10.233830710537369,9.776106654713656,9.961994723345988,2132029
1999-01-13,9.594218254089355,10.493676560442477,9.484284648716018,10.393736387807431,2197616
1999-01-14,9.436311721801758,9.74012904196428,9.27440995540447,9.550243460414835,752981
1999-01-15,9.310388565063477,9.794096759604278,9.274410393055192,9.654180924602747,1053663
1999-01-18,9.194457054138184,9.462294878637598,9.11450506729711,9.412325130414034,481261
1999-01-19,8.458902359008789,8.794699739819599,8.458902359008789,8.794699739819599,1005111
1999-01-20,8.458902359008789,8.458902359008789,8.458902359008789,8.458902359008789,0
1999-01-21,8.195062637329102,8.275014654858554,7.84527296655808,7.87525456721129,1143101
1999-01-22,8.027162551879883,8.434916943960365,7.9232248776555645,8.37495310097632,629472
1999-01-25,7.655386447906494,7.995181317811514,7.561442862351297,7.895241153537021,773424
1999-01-26,7.655386447906494,7.655386447906494,7.655386447906494,7.655386447906494,0
1999-01-27,8.113110542297363,8.233038878530422,7.795302886801466,7.795302886801466,592845
1999-01-28,7.685366630554199,8.109110926786755,7.655385041410941,8.027160513726594,361158
1999-01-29,7.657385349273682,7.715350765051911,7.439516570003253,7.695362601063219,410562
1999-02-01,7.275616645812988,7.5954247417063,7.275616645812988,7.39754343366187,280238
1999-02-02,6.995785713195801,7.319589992056759,6.957808455662449,7.319589992056759,566440
1999-02-03,7.119709014892578,7.275614871569406,6.957807228747554,7.1956635165657366,496593
1999-02-04,7.411534309387207,7.4155318127808325,7.1956645798237036,7.215652096791835,948893
1999-02-05,7.755326271057129,7.755326271057128,7.379552563368138,7.535459069961747,1091994
1999-02-08,7.395541667938232,7.75532463919242,7.395541667938233,7.75532463919242,454003
1999-02-09,7.359565734863281,7.455508417701205,7.235640527248938,7.235640527248938,579216
1999-02-10,7.775312423706055,7.835275599885478,7.511471460944176,7.515468962724654,672061
1999-02-11,7.513473987579346,7.995183931312587,7.513473987579346,7.835279875992217,653322
1999-02-12,7.355565071105957,7.611411032965456,7.235637418556376,7.5354571994025985,500852
1999-02-15,7.373556137084961,7.635398746833557,7.22164777963275,7.22164777963275,534072
1999-02-16,7.965200424194336,7.965200424194337,7.203659477675332,7.355567851698564,857752
1999-02-17,8.602814674377441,8.602814674377441,8.279010465940324,8.510870814748673,1190801
1999-02-18,8.514867782592773,9.174469964899398,8.474892109246797,9.174469964899398,1236798
1999-02-19,8.354963302612305,8.790700779487578,8.215047479859267,8.514867285607867,749574
1999-02-22,8.125103950500488,8.634796310169651,8.101118282516326,8.432918832264349,705281
1999-02-23,8.035154342651367,8.155081980632898,7.79929721749692,8.09711723704644,839864
1999-02-24,8.195062637329102,8.195062637329102,8.045152685645444,8.047151762109507,239352
1999-02-25,7.8352766036987305,8.269015669268912,7.8352766036987305,8.269015669268912,264906
1999-02-26,7.715350151062012,7.895241014754689,7.599419978203757,7.839274679618126,557070
1999-03-01,8.075130462646484,8.314985732897267,7.835274542923527,8.314985732897267,596252
1999-03-02,8.075130462646484,8.075130462646484,8.075130462646484,8.075130462646484,0
1999-03-03,8.191062927246094,8.514867764115715,8.075132760374727,8.514867764115715,827939
1999-03-04,8.10511302947998,8.195059091466552,7.915227475928112,8.195059091466552,319421
1999-03-05,8.754722595214844,8.754722595214844,8.123103570212816,8.185066481768901,874787
1999-03-08,9.456297874450684,9.456297874450684,9.456297874450684,9.456297874450684,113288
1999-03-09,10.213842391967773,10.213842391967773,9.234432963191958,10.213842391967773,3148213
1999-03-10,11.031349182128906,11.031349182128906,9.993975021829801,10.993371939487721,3576664
1999-03-11,11.233230590820312,11.872845379785858,10.839468414250302,11.193255559534629,3107328
1999-03-12,11.59301471710205,11.632989747532912,11.037348155191257,11.393134369168003,3474449
1999-03-15,11.832864761352539,12.384532982621337,11.333167309283457,11.333167309283457,4499152
1999-03-16,11.193255424499512,11.952797896048937,11.193255424499512,11.792893876000386,2953154
1999-03-17,11.75291633605957,12.088714353901072,11.399130530417434,11.992771691962124,4465932
1999-03-18,12.69434642791748,12.69434642791748,11.632986600803903,11.792890576108045,4816017
1999-03-19,12.032748222351074,12.992169662287417,11.792892862366989,12.992169662287417,3534074
1999-03-22,12.272602081298828,12.592408755847776,12.044739906866745,12.38053788935165,3274278
1999-03-23,11.852855682373047,12.54443987102174,11.796889346863267,12.34256176755603,2642251
1999-03-24,11.81887435913086,12.408519846954905,11.397129145153798,12.34855537065637,1462522
1999-03-25,11.672966957092285,11.878843250378539,11.393135228251262,11.792894655317717,760648
1999-03-26,11.273205757141113,11.692953284390903,10.953397746204656,11.437107914797602,916525
1999-03-29,11.273205757141113,11.273205757141113,11.273205757141113,11.273205757141113,0
1999-03-30,10.471687316894531,11.393132038185236,10.371747812847142,11.393132038185236,2109030
1999-03-31,10.777505874633789,11.189257129821195,10.617601856616334,10.683562280285347,3164397
1999-04-01,10.59361457824707,10.95339694040162,10.553638904557092,10.95339694040162,1412266
1999-04-02,10.59361457824707,10.59361457824707,10.59361457824707,10.59361457824707,0
1999-04-05,9.754121780395508,10.50766761765825,9.754121780395508,10.395734941678123,916525
1999-04-06,9.60621166229248,9.834075199293908,9.204454455802665,9.204454455802665,1274277
1999-04-07,9.874048233032227,10.375745486898582,9.718141746832945,9.834072560645724,1700171
1999-04-08,9.4722900390625,10.073928110511973,9.394337119022943,9.993976114547554,880750
1999-04-09,9.194457054138184,9.398333548953653,8.978586754614511,9.394336047032443,811755
1999-04-12,9.238432884216309,9.594217776807124,9.058540712316788,9.118504553125819,850085
1999-04-13,8.754722595214844,9.19445825556421,8.754722595214844,9.160478510585408,873936
1999-04-14,8.754722595214844,8.754722595214844,8.754722595214844,8.754722595214844,0
1999-04-15,8.055146217346191,8.990582745010489,8.055146217346191,8.594820837395982,2038332
1999-04-16,8.700756072998047,8.700756072998047,7.595422848241673,7.915229565465123,6942936
1999-04-19,7.695362091064453,7.907234277202269,7.397541325049333,7.475494250177593,1156730
1999-04-20,7.615408420562744,7.955203214532497,7.475492611529429,7.813288979354283,1373084
1999-04-21,7.857263088226318,7.995180487614719,7.715349485542288,7.715349485542288,861159
1999-04-22,8.486885070800781,8.486885070800781,7.875252884395416,7.875252884395416,3051961
1999-04-23,8.65478515625,8.870655535625216,8.155086190228612,8.434917922947403,2955709
1999-04-26,8.510869026184082,9.034552802797196,7.97719052086668,7.97719052086668,4252984
1999-04-27,8.510869026184082,8.510869026184082,8.510869026184082,8.510869026184082,0
1999-04-28,8.954602241516113,9.074529903716968,8.414927761612272,8.414927761612272,2619252
1999-04-29,9.39433765411377,9.55424165515056,8.7147472733884,8.994578950466586,5073258
1999-04-30,9.27041244506836,10.145883636598562,8.676769388096837,9.418322628497773,7863720
1999-05-03,9.174470901489258,9.674169791952133,8.998576881654767,9.394338101546158,3712950
1999-05-04,9.39433765411377,9.630195503591498,9.156481378069708,9.156481378069708,3293869
1999-05-05,9.20245361328125,9.476288061679204,9.194458608087597,9.476288061679204,1676321
1999-05-06,8.99457836151123,9.250424356734136,8.918623868571313,9.194458024983113,1299830
1999-05-07,9.27441120147705,9.714145607859502,8.914627501615824,9.078529015400461,4546000
1999-05-10,9.27441120147705,9.422321404907056,9.176470108438755,9.394338235467544,1637139
1999-05-11,10.01396369934082,10.01396369934082,9.274409565299639,9.294397725507991,4103070
1999-05-12,9.430316925048828,10.221840068766316,9.234435377759066,10.221840068766316,2821978
1999-05-13,9.558238983154297,9.794096828323587,9.474289481564355,9.594217155415018,2260649
1999-05-14,9.414323806762695,9.74612359634366,9.394335648532236,9.632192523269014,1953153
1999-05-17,9.654179573059082,9.834071706861142,9.316383839301936,9.548243498380627,3408009
1999-05-18,9.63419246673584,9.973987962808081,9.574228632072781,9.674168789492787,3074108
1999-05-19,10.405730247497559,10.405730247497559,9.654182748482418,9.890040636555387,4587738
1999-05-20,9.993974685668945,10.553637278457963,9.91402270113558,10.553637278457963,3661843
1999-05-21,9.456297874450684,10.111903052789897,9.314383649770969,10.053937657847563,2563886
1999-05-24,9.384345054626465,9.494279316249717,9.208451664868761,9.476289577477822,1179728
1999-05-25,9.344369888305664,9.5542430267716,9.26441787630924,9.38434492009514,2614993
1999-05-26,8.954602241516113,9.55224147671236,8.714746267642084,9.46429448113358,3269168
1999-05-27,8.634798049926758,9.314389298689388,8.634798049926758,8.79470210239065,2747021
1999-05-28,8.275012969970703,8.594819676027118,7.9452108836291435,8.594819676027118,3688248
1999-05-31,8.594818115234375,8.674770101965644,8.279008969169592,8.279008969169592,2101364
1999-06-01,8.145090103149414,8.55484351818463,8.145090103149414,8.478889673327387,1890120
1999-06-02,8.364956855773926,8.432916336528404,8.193060377145049,8.235035121326716,983816
1999-06-03,8.362957954406738,8.554841931644548,8.354962301584312,8.394938617279708,873936
1999-06-04,8.582825660705566,8.74472872307966,8.458901142784335,8.458901142784335,2507668
1999-06-07,8.964593887329102,9.114503759969951,8.594816894252013,8.594816894252013,3001706
1999-06-08,9.094517707824707,9.274409856401629,8.714746548779813,8.854662375685265,2275981
1999-06-09,9.006569862365723,9.314384652608592,8.974589197719647,9.190459495921012,1564737
1999-06-10,8.99457836151123,9.270412517923031,8.948606110354655,9.234433697888548,764055
1999-06-11,8.894639015197754,8.9925801046829,8.758721325255946,8.958601006933655,1290461
1999-06-14,8.560840606689453,8.61480786673598,8.215048508656244,8.215048508656244,838160
1999-06-15,8.42092514038086,8.794699773595726,8.354964719968695,8.63479576347366,1581773
1999-06-16,8.664778709411621,8.714748473062317,8.402936732219587,8.48288874374419,975298
1999-06-17,8.976590156555176,9.15448324984848,8.634795554278458,8.634795554278458,2537480
1999-06-18,8.926619529724121,9.314385700469417,8.83467437786658,9.05454220269962,2310053
1999-06-21,9.178467750549316,9.394337432435467,9.074530736853163,9.234434084644315,3321127
1999-06-22,8.964593887329102,9.234431398293754,8.874648483322346,9.194455735343217,2088587
1999-06-23,8.872652053833008,9.154482802358329,8.798696633163285,9.074530803142514,1980410
1999-06-24,8.842670440673828,8.874651110395611,8.6427907678084,8.794699111354962,730835
1999-06-25,8.638792991638184,8.974591012534471,8.594819812409812,8.838672673199438,1491483
1999-06-28,8.7966947555542,8.894635809743287,8.718741857171262,8.754720018044589,902896
1999-06-29,8.926619529724121,9.074530363904175,8.83467437786658,8.954602695621556,2280240
1999-06-30,9.284403800964355,9.490278737092684,9.06253690756229,9.06253690756229,4634586
1999-07-01,9.028557777404785,9.354361675471871,8.974589874051242,9.324379434778534,1424192
1999-07-02,9.012567520141602,9.17446993846118,8.98658342996245,9.020562524893286,1688246
1999-07-05,9.468291282653809,9.586220509792575,9.074529232230619,9.130495557045997,3385863
1999-07-06,9.816083908081055,9.954001324434422,9.504271550786042,9.674169638468074,3015334
1999-07-07,9.764116287231445,10.073929586324251,9.594218189733246,9.993977578647007,3388418
1999-07-08,10.383742332458496,10.513664102589432,9.524260352724975,9.734134131276283,8465084
1999-07-09,10.541646003723145,10.713543158338336,10.315782240367925,10.425715832788336,6048557
1999-07-12,11.385140419006348,11.385140419006348,10.713545557085952,10.713545557085952,5770873
1999-07-13,10.875446319580078,11.990774277872905,10.717541387286555,11.513061328730158,3857754
1999-07-14,10.721538543701172,11.153277923660307,10.673567212829086,11.02935209381949,2125214
1999-07-15,10.39173698425293,11.033350117465108,10.193855733814285,10.873446765540969,2004260
1999-07-16,10.247823715209961,10.49367564822717,10.157877632604679,10.273807807121146,2203579
1999-07-19,10.795495986938477,10.987380047392357,10.443707243827973,10.513665177161947,5112440
1999-07-20,11.183260917663574,11.59301438519964,10.39773373169355,10.593615921504034,8858610
1999-07-21,11.241225242614746,11.740922802275362,11.07332623907529,11.193253913182792,7410568
1999-07-22,11.816877365112305,12.14068221690963,10.95739547937321,11.413121163110684,16408872
1999-07-23,11.573027610778809,11.9907761343356,11.353160376994726,11.87284621168118,10183995
1999-07-26,12.000764846801758,12.266605552739831,11.393131545403968,11.525052360491848,12054525
1999-07-27,12.618396759033203,12.95219573483075,11.836867047139798,11.912821554005337,11002564
1999-07-28,12.286593437194824,13.100102947102531,12.140680393984539,12.792288151775548,10611593
1999-07-29,11.878841400146484,12.472483868528204,11.716938318340183,12.472483868528204,5605626
1999-07-30,11.646980285644531,11.872843396245893,11.517058533045304,11.872843396245893,2294720
1999-08-02,11.533045768737793,11.992768183225419,11.275201401527585,11.277200477013277,4690804
1999-08-03,10.961394309997559,11.429111880906646,10.833471622173443,11.353158678035669,7346684
1999-08-04,11.453096389770508,11.644980391233332,10.993372598067628,11.313180566116992,2854346
1999-08-05,12.01475715637207,12.370543284483025,11.603005999164568,11.603005999164568,5351793
1999-08-06,12.304582595825195,12.672360572309286,12.032745965976968,12.23262626111215,6336462
1999-08-09,12.3385648727417,12.622393432351434,12.240624425092086,12.402526219992556,5239357
1999-08-10,12.596406936645508,12.912216759147991,12.196647618328008,12.312578431144084,5527262
1999-08-11,12.362548828125,12.612396940661377,11.792891442539164,12.11269811769926,4878198
1999-08-12,12.252614974975586,12.472483462777301,12.194650862657983,12.430508061882193,1093697
1999-08-13,12.128690719604492,12.392531092391064,12.07472216024502,12.316577891962009,1584328
1999-08-16,12.572423934936523,12.712339798139833,12.172665810292804,12.188655823531747,2572404
1999-08-17,13.579813957214355,13.579813957214355,12.572420053184754,12.662366772508939,8207843
1999-08-18,13.407912254333496,14.631174750576726,13.331957792355482,14.631174750576726,5085183
1999-08-19,12.788293838500977,13.5518344783002,12.632387967800108,13.511858147729987,3155880
1999-08-20,13.030146598815918,13.232026002677216,12.29658960168043,12.83226664601234,4267465
1999-08-23,13.1480712890625,13.591802349478135,12.952189190986227,13.232020759666618,2567293
1999-08-24,14.011554718017578,14.19144687626109,12.8322661547865,12.8322661547865,9396089
1999-08-25,13.78369426727295,14.503260393054305,13.291990358305549,13.991569618602632,7599665
1999-08-26,14.373337745666504,14.751109873690147,13.757709333136276,13.991568764367996,5505115
1999-08-27,15.524643898010254,15.524643898010252,14.591206585282272,14.591206585282272,7229989
1999-08-30,15.40871810913086,16.354148887938198,15.070922210619552,15.990367590433914,4689952
1999-08-31,15.564616203308105,16.070312207564182,15.034935187715163,15.510648953591739,4402048
1999-09-01,15.314770698547363,15.988364550874898,14.831061806222623,15.988364550874898,2073255
1999-09-02,14.934996604919434,15.546628070311549,14.831058951551015,15.150866915923897,1735095
1999-09-03,14.915007591247559,15.310770021931837,14.791083083774135,15.108890655212363,1254685
1999-09-06,14.719131469726562,14.960984634093952,14.431304745558242,14.715133317067357,979557
1999-09-07,14.387330055236816,14.831062644669789,14.311376846308757,14.831062644669789,1891824
1999-09-08,14.755108833312988,15.190846398696975,14.671159322609014,14.950989726010683,1379047
1999-09-09,14.517251014709473,14.891024971803313,14.353348863968357,14.871036809595022,1018740
1999-09-10,14.403322219848633,14.461287642337288,14.201442779347973,14.311377694012508,805792
1999-09-13,14.403322219848633,14.403322219848633,14.403322219848633,14.403322219848633,0
1999-09-14,13.80967903137207,14.551232433787897,13.63178591805643,14.391328409542211,1521296
1999-09-15,13.603800773620605,14.167460980985284,13.511856265274691,14.167460980985284,1576662
1999-09-16,13.477880477905273,13.779698168727396,13.39593003068649,13.591810953821575,390971
1999-09-17,13.735719680786133,13.831662327755858,13.218031800190582,13.361944471700555,1263203
1999-09-20,13.453890800476074,13.939598730897487,13.391928536126372,13.83166421255708,834753
1999-09-21,13.058130264282227,13.511856898089455,12.992169844519696,13.471880571216442,1708689
1999-09-22,13.501863479614258,13.767704247855722,13.23202715680099,13.351953545421386,1421636
1999-09-23,14.445290565490723,14.583207299208814,13.393924868238775,13.431902109269853,1919933
1999-09-24,14.551233291625977,15.590607562079638,14.391329257953476,14.751112359507808,3137992
1999-09-27,14.331361770629883,14.911013284751055,14.031543231308905,14.431302582681663,1966781
1999-09-28,14.317368507385254,14.631179228925603,13.899620137584867,14.039535952753267,2358605
1999-09-29,15.246810913085938,15.462679944232027,14.591206216783648,14.791085237980713,5713803
1999-09-30,14.771093368530273,15.390719737448773,14.591202554394428,15.390719737448773,1867122
1999-10-01,14.491265296936035,14.787088272409772,14.091505958640031,14.391325787098221,1279387
1999-10-04,13.499863624572754,14.271399192731302,13.391929101674219,14.091507022288896,906304
1999-10-05,13.801682472229004,13.991568723209593,13.192049990876823,13.391929024487597,2512779
1999-10-06,13.611797332763672,14.271400275852972,12.712339010177343,13.891629041825187,2483818
1999-10-07,14.359344482421875,14.471277149211078,13.799682447420608,14.24741311457742,1344123
1999-10-08,14.147469520568848,14.791082227902516,13.99156500687628,14.59120324738208,1332198
1999-10-11,14.30137825012207,14.751106627574853,14.041534783477712,14.395321817163591,2062182
1999-10-12,13.96158504486084,14.331360829387467,13.843655154173991,14.071517333008185,1361159
1999-10-13,13.971579551696777,14.351349428359368,13.711736047389406,13.989568637444535,1089438
1999-10-14,14.998958587646484,15.090903089123483,14.031542246248332,14.151469913346363,2310053
1999-10-15,14.67715072631836,15.670552313840306,14.591203464843673,15.3907206977856,1903749
1999-10-18,15.852444648742676,15.852444648742674,15.15086772422952,15.310771714946913,2439525
1999-10-19,15.852444648742676,15.852444648742674,15.852444648742674,15.852444648742674,0
1999-10-20,16.58400535583496,17.07570923123868,15.99036288795663,17.07570923123868,4420787
1999-10-21,15.66655445098877,17.02973309233595,15.470673615089662,16.985759922987857,1758093
1999-10-22,16.322162628173828,16.589999833176883,15.1528668817263,15.352745896990708,2849235
1999-10-25,16.683942794799805,17.669349499003992,16.212227141196937,17.125677506483406,3749577
1999-10-26,16.492063522338867,16.74990801005658,16.350149879640153,16.74990801005658,1914822
1999-10-27,16.024341583251953,17.109686512345338,15.750505856652284,17.109686512345338,1505112
1999-10-28,15.130876541137695,15.904409652355785,14.990960739571547,15.790479234536846,1270018
1999-10-29,14.699140548706055,15.430699731543262,14.031542703810569,15.386726555260468,1776832
1999-11-01,13.565826416015625,14.831063862930645,13.525851381439566,14.80707884218501,1733391
1999-11-02,14.651176452636719,14.651176452636719,12.796292839883783,13.236028716608645,1239353
1999-11-03,15.158858299255371,15.740507385499205,14.43129749735527,15.740507385499205,1982965
1999-11-04,15.904417991638184,16.15027063578005,14.871040892665254,15.230824014364078,2516186
1999-11-05,16.214223861694336,16.589996809524052,15.83045461164008,16.07031120476429,2755539
1999-11-08,16.214223861694336,16.214223861694336,16.214223861694336,16.214223861694336,0
1999-11-09,18.912595748901367,18.912595748901367,17.389514567146325,17.989152776540262,3860310
1999-11-10,20.425689697265625,20.425689697265625,19.388314728816834,19.388314728816834,3623512
1999-11-11,19.266389846801758,21.1072805424348,18.828653208111817,20.793469742229263,5374791
1999-11-12,19.03652572631836,20.175839224082385,18.388916058026787,18.610782309220294,8108184
1999-11-15,18.362932205200195,19.100487309461844,17.629373953862867,19.100487309461844,5488079
1999-11-16,17.711320877075195,18.39890674078118,17.429491493280675,18.308961330947234,3835608
1999-11-17,17.471471786499023,18.428895518494993,17.471471786499023,18.22901517142751,3337311
1999-11-18,17.489456176757812,17.739305569267845,17.113683199608996,17.58939567397291,988927
1999-11-19,18.460874557495117,18.88861710051047,17.39351727609916,17.565414443340217,6294724
1999-11-22,18.49085235595703,18.86462624796284,17.58939523016505,17.58939523016505,4061332
1999-11-23,18.49085235595703,18.49085235595703,18.49085235595703,18.49085235595703,0
1999-11-24,18.842641830444336,19.54821557712326,18.78867457689904,19.54821557712326,1506815
1999-11-25,18.932586669921875,19.328349114954406,18.6487581791226,18.948576678121793,1113186
1999-11-26,18.732707977294922,19.148457289912,18.688734804552883,19.148457289912,828723
1999-11-29,18.470869064331055,18.90860569918727,18.20502960067175,18.90860569918727,710937
1999-11-30,18.253002166748047,18.74670387559635,17.869232769401428,18.308968510133074,1265878
1999-12-01,18.334949493408203,18.748699769597586,18.109085081881936,18.384918599341525,858671
1999-12-02,18.4049072265625,18.588797541795667,18.201030047817596,18.201030047817596,438535
1999-12-03,18.33095359802246,18.98855745265781,18.229014998678107,18.7067279714969,1062505
1999-12-06,18.18303871154785,18.388914940853617,17.189637032355794,17.98915563802101,1845947
1999-12-07,17.64536476135254,18.548821126972673,17.229615400684303,18.548821126972673,1888826
1999-12-08,17.09369659423828,18.382919992446062,16.789879923551048,18.382919992446062,1247241
1999-12-09,16.845848083496094,17.749303188995565,16.590001412820918,17.749303188995565,1684362
1999-12-10,18.19503402709961,18.19503402709961,16.889820534282208,16.965775031656882,2159797
1999-12-13,19.266389846801758,19.652156998861834,18.40091195045156,18.588799134911657,3921298
1999-12-14,19.330345153808594,20.18782907533937,19.000544444877985,19.652150859358063,3918810
1999-12-15,19.01453971862793,20.027929684891685,18.268989570996734,19.98795335991164,5610209
1999-12-16,19.7081241607666,20.267787585072387,18.68873943611528,18.68873943611528,5446733
1999-12-17,19.498249053955078,20.347736888048054,19.348339130539888,19.947977525255823,5012985
1999-12-20,20.4136962890625,20.947375537868723,19.66814616025749,19.66814616025749,9526515
1999-12-21,20.201826095581055,20.86742494080558,20.0679074754295,20.747497256051926,2561211
1999-12-22,19.5961856842041,20.387709250507676,19.312357202303787,20.307756614125648,2515487
1999-12-23,19.14446449279785,19.388318035292755,18.918601338534867,19.188438976783655,838637
1999-12-24,18.40690803527832,18.96856921824207,18.195035831395785,18.96856921824207,1346168
1999-12-27,18.087095260620117,18.708722072528243,17.389516561612716,18.083098408167583,1492590
1999-12-28,18.668746948242188,18.79666961590648,17.98915599022673,17.98915599022673,1431875
1999-12-29,18.834646224975586,19.108480635607847,18.598787759039546,18.908601636498346,1146508
1999-12-30,20.169843673706055,20.34173952513035,19.028531078621235,19.106483350020902,5916393
1999-12-31,20.169843673706055,20.169843673706055,20.169843673706055,20.169843673706055,0
2000-01-03,21.784870147705078,21.784870147705078,20.58759119644871,20.907399189957694,9996874
2000-01-04,21.848831176757812,22.57839392563352,20.827447484955236,21.986747941808122,8737009
2000-01-05,20.887409210205078,22.06269952228588,20.187831396072287,20.187831396072287,3647413
2000-01-06,21.18722915649414,22.02672285029028,20.201823701678066,20.667543450107306,3454551
2000-01-07,19.500244140625,21.387106596081857,19.492249136857073,20.639557506973617,1574209
2000-01-10,19.14446449279785,20.347739594448438,19.028534950609373,19.947980178485235,1061721
2000-01-11,17.981163024902344,19.348338801385193,17.61338498892587,19.348338801385193,2447140
2000-01-12,18.566804885864258,18.988550054649547,18.18903158334151,18.288972366463323,1123680
2000-01-13,19.118480682373047,19.38831832464896,18.388920419298188,18.592797633555985,1638331
2000-01-14,18.558813095092773,19.540220324496417,18.42889135349246,19.30836130456888,1169029
2000-01-17,18.674747467041016,19.188438638734844,18.38891982089382,19.184440486099298,898535
2000-01-18,18.34494400024414,18.668748854114554,18.189036852983193,18.308965827474626,1223033
2000-01-19,18.87862205505371,19.14646057506545,18.588797595432187,18.7886766226846,910597
2000-01-20,18.520835876464844,19.14845734945759,18.468866400385703,19.14845734945759,795895
2000-01-21,18.25899314880371,18.58879518971627,18.189034589057872,18.506843474225075,979387
2000-01-24,17.969167709350586,18.468866519587692,17.873226358718078,18.3129606882333,551312
2000-01-25,18.53883171081543,18.78868120529228,17.581407845269595,17.64936735460442,1629592
2000-01-26,18.53883171081543,18.53883171081543,18.53883171081543,18.53883171081543,0
2000-01-27,19.94797706604004,20.021933786946377,19.028531981623455,19.028531981623455,3868521
2000-01-28,19.19843292236328,20.38571670364762,18.830653534897014,20.067909028868904,2871740
2000-01-31,17.683338165283203,19.188431655751646,17.66335000726945,18.988551374558597,1562778
2000-02-01,17.843244552612305,18.149060294269464,17.237608997938235,17.429494301762503,2143579
2000-02-02,18.05511474609375,18.586794827370028,17.909203007246244,18.586794827370028,1065912
2000-02-03,17.883222579956055,18.187039274732797,17.74930266967671,18.1050875481454,512198
2000-02-04,17.07170867919922,18.029130831218357,16.949781950076712,18.029130831218357,1055435
2000-02-07,17.15566062927246,17.383522813873878,16.436093306270344,17.06971205395533,824140
2000-02-08,16.78788185119629,17.259597544158765,16.7099282782346,16.911807677740708,1260733
2000-02-09,16.805870056152344,17.58340147320424,16.749903724382527,17.58340147320424,985179
2000-02-10,18.151058197021484,18.151058197021484,16.629974591545775,16.831852663741447,1963221
2000-02-11,17.335552215576172,18.708725206727465,16.949785096801484,18.708725206727465,1816492
2000-02-14,16.691940307617188,17.269592779501306,16.599995794306583,16.97377107598982,987956
2000-02-15,16.036331176757812,16.70992483133362,15.412707917483571,16.43009321553389,1897974
2000-02-16,16.09830093383789,16.663959012455358,15.990365098157959,16.190245457488754,1059966
2000-02-17,17.107688903808594,17.385520187020106,16.19024165992222,16.430095696758233,1239132
2000-02-18,16.428102493286133,17.165657791195624,16.190246167190484,17.06971640954065,1113152
2000-02-21,16.42609977722168,16.590000629564187,15.590604206322347,16.390121604704778,1409132
2000-02-22,15.71452808380127,16.470072273279133,15.590603561136918,16.362137760195072,1343612
2000-02-23,15.946389198303223,16.550025728397838,15.710530700208722,16.35014670203555,455060
2000-02-24,15.942390441894531,16.110289441167623,15.39072341480701,16.110289441167623,569080
2000-02-25,16.380126953125,16.747904969551847,15.790482681273954,15.830457705486827,672930
2000-02-28,17.499452590942383,17.6913366070676,16.12028370833692,16.190242274981735,1057121
2000-02-29,16.494060516357422,17.661357331184004,16.106294295526965,17.589399681764377,1299915
2000-03-01,16.89781951904297,17.189643121121765,15.710534345774233,16.190246458459594,753544
2000-03-02,16.316164016723633,17.749299993741182,16.05432146379809,17.10968538061485,931431
2000-03-03,15.132879257202148,16.270193726098768,15.036936599062928,16.02234337467467,625503
2000-03-06,16.168258666992188,16.34415271266594,15.230823015893016,15.230823015893016,1073561
2000-03-07,15.416709899902344,16.510051342004918,14.990966406671284,16.510051342004918,991091
2000-03-08,15.226821899414062,16.270192721756654,14.990963420608093,16.270192721756654,339983
2000-03-09,14.079512596130371,15.496658565042178,14.009555336403329,14.83105856503676,318398
2000-03-10,13.092109680175781,14.271398245068884,12.976178860513414,14.071517924633865,603646
2000-03-13,12.370543479919434,13.192048030482308,12.312578075187178,12.91221638585553,514923
2000-03-14,11.4570951461792,12.392531594790704,11.381141942670961,11.95279718933775,973050
2000-03-15,12.242621421813965,12.33256815663534,11.553037581852506,11.988775125241354,505945
2000-03-16,12.060729026794434,12.272601176616961,11.632986575723944,12.152673520133556,515741
2000-03-17,12.060729026794434,12.060729026794434,12.060729026794434,12.060729026794434,0
2000-03-20,12.060729026794434,12.060729026794434,12.060729026794434,12.060729026794434,0
2000-03-21,12.442498207092285,13.024147358110303,11.654972851390331,12.432504128295868,1138484
2000-03-22,12.42651081085205,13.032145098831565,12.312579068007594,12.99216877524865,498978
2000-03-23,11.58901309967041,12.412516665561812,11.473083597664443,12.412516665561812,412351
2000-03-24,11.65297794342041,11.792893797665373,11.31318303965118,11.782899715294667,278330
2000-03-27,11.626992225646973,11.782898070341837,11.499069547894505,11.499069547894505,364310
2000-03-28,11.367151260375977,11.553039389570166,11.195254068309604,11.399132586438924,459148
2000-03-29,11.40312385559082,11.792889013078875,11.313178449691858,11.792889013078875,215673
2000-03-30,11.369146347045898,11.543041255573616,11.075322482077446,11.349158187639109,134736
2000-03-31,11.345160484313965,11.732926635499748,10.793493497829774,11.233227826370277,366678
2000-04-03,11.926811218261719,12.08271836791687,11.39313324872539,11.39313324872539,693867
2000-04-04,11.001368522644043,12.072723876384535,10.973385355572669,10.99337351761576,1005247
2000-04-05,11.473084449768066,11.752914795682313,11.193252804909177,11.393131808982872,464054
2000-04-06,11.143282890319824,11.872842975629226,10.793493968466032,11.589014465721556,541721
2000-04-07,12.034745216369629,12.034745216369629,11.34316242469515,11.34316242469515,557104
2000-04-10,12.84825611114502,12.99816602589853,12.232627741192484,12.952193773275631,961976
2000-04-11,12.490471839904785,12.792290768768638,11.912820672876524,12.632386760712386,398416
2000-04-12,12.26860523223877,12.630386005235552,12.170663504512005,12.630386005235552,363935
2000-04-13,11.766908645629883,11.912820416606731,11.393133375812107,11.636986885431227,310051
2000-04-14,11.766908645629883,11.766908645629883,11.766908645629883,11.766908645629883,0
2000-04-17,12.066726684570312,12.552434607260944,10.82547519710527,10.917420353095629,868024
2000-04-18,12.174664497375488,12.672364359819122,12.04674049871949,12.672364359819122,614003
2000-04-19,11.856854438781738,12.588413690834658,11.700948581613881,12.472484160766971,614583
2000-04-20,11.329171180725098,11.672964180239271,10.913421839182192,11.533048349102996,381806
2000-04-21,11.329171180725098,11.329171180725098,11.329171180725098,11.329171180725098,0
2000-04-24,11.051339149475098,11.551038014798776,10.917420539411202,11.393133090224026,192027
2000-04-25,10.801488876342773,11.03334854113906,10.279802844502283,10.835467968443862,302078
2000-04-26,11.666967391967773,11.666967391967773,11.119297264418424,11.393131678720785,435605
2000-04-27,11.970784187316895,12.352554410156047,11.393131813007328,11.455095369426669,1319779
2000-04-28,12.330568313598633,12.472483225000978,11.792892210009684,11.908821731379593,839966
2000-05-01,12.330568313598633,12.330568313598635,12.330568313598635,12.330568313598635,0
2000-05-02,12.03674602508545,12.872241608562812,11.914819272528845,12.712337606901128,967087
2000-05-03,11.9967679977417,12.306581875818427,11.437106019752074,12.152673825189204,454140
2000-05-04,12.302583694458008,12.470482677131113,11.213240681785486,11.836863990063177,481993
2000-05-05,13.226027488708496,13.47187874824202,12.152674428336763,12.312578415246232,3003818
2000-05-08,12.544439315795898,13.423909335634487,12.432506649730556,13.272000346275883,1092607
2000-05-09,12.260608673095703,12.50046267445806,12.134683796120664,12.31257684521587,1249541
2000-05-10,12.044742584228516,12.71233924693,11.996771247646711,12.39253250129291,728722
2000-05-11,11.373146057128906,12.11270034732982,11.273206533929173,12.11270034732982,597666
2000-05-12,10.987375259399414,11.553034409949495,10.835466948702715,11.553034409949495,683765
2000-05-15,11.095312118530273,11.353157850469652,10.397732666353338,10.913422181814946,369966
2000-05-16,10.821478843688965,11.211244149251463,10.639588237865308,10.873447680991788,836968
2000-05-17,10.857457160949707,11.411122659459801,10.773507654499252,11.411122659459801,594429
2000-05-18,10.845463752746582,10.993373949469726,10.693555403879856,10.853458758088935,192265
2000-05-19,10.565631866455078,10.87144828381113,10.483681439601778,10.753519034669097,281107
2000-05-22,10.207845687866211,10.47368573924327,10.135890002829635,10.285798600074918,240153
2000-05-23,10.805486679077148,10.98737659918988,10.039947805536105,10.233830881583685,511397
2000-05-24,10.863451957702637,11.113300725413648,10.55763620872085,10.873446038305548,273679
2000-05-25,11.00337028503418,11.073328869264902,10.75352144585859,11.073328869264902,236269
2000-05-26,11.051339149475098,11.151278662750874,10.603609116822678,11.01336190062024,421226
2000-05-29,11.431111335754395,11.662971702221332,11.113302382861852,11.193255039609356,297325
2000-05-30,11.722935676574707,11.82887243424249,11.385139835943273,11.393134842361503,386950
2000-05-31,11.974782943725586,12.552435409869561,11.83686617513016,12.352556373948763,633578
2000-06-01,11.401130676269531,11.792895111811871,11.193256597473146,11.684960568914425,444634
2000-06-02,11.559033393859863,11.792892823708419,11.365150290192553,11.583019709146544,659012
2000-06-05,11.89882755279541,12.148678277432667,11.672964440944682,11.952796109467027,990494
2000-06-06,12.052734375,12.550434098998831,11.593011894873923,11.593011894873923,553867
2000-06-07,12.092714309692383,12.592411959899497,11.952798448056386,12.352557867167087,700443
2000-06-08,12.122694969177246,12.900226546615398,11.952798161858341,12.900226546615398,301652
2000-06-09,12.044742584228516,12.112700787019854,11.832869072746796,12.100708927083128,227512
2000-06-12,11.952797889709473,12.03274925021887,11.684959338216306,11.992772920491698,429131
2000-06-13,12.092714309692383,12.17266567393652,11.676964877521856,11.912822116461813,401635
2000-06-14,12.27060604095459,12.672364533596815,12.112701091005157,12.308583295912237,745588
2000-06-15,12.086714744567871,12.452494990495268,12.032747486712541,12.080718815565533,276712
2000-06-16,12.062728881835938,12.112697984214671,11.99277031998318,11.99277031998318,298279
2000-06-19,13.01815414428711,13.272000421379465,12.156673205266593,12.184656371941278,1225571
2000-06-20,12.786294937133789,13.391929277730647,12.684355043351898,13.192050240340135,656354
2000-06-21,12.478479385375977,12.992169184449748,12.432507131385583,12.992169184449748,489370
2000-06-22,12.472480773925781,12.62039028635361,12.304581804431045,12.452492615803383,303237
2000-06-23,12.22063159942627,12.472480038824976,12.112695811715719,12.312576082214687,498961
2000-06-26,12.366543769836426,12.472480485860615,11.796886472282942,11.796886472282942,393458
2000-06-27,12.47048282623291,12.572420103776869,12.320572925700644,12.320572925700644,549932
2000-06-28,12.388531684875488,12.548434357073045,12.19664639992714,12.548434357073045,214378
2000-06-29,12.388531684875488,12.584412523264723,12.312577201162146,12.584412523264723,322317
2000-06-30,12.1726655960083,12.392532820480863,12.112701099000327,12.352557788087216,160221
2000-07-03,12.278599739074707,12.472482826457084,12.23262748740558,12.472482826457084,114156
2000-07-04,12.344560623168945,12.39253065365379,12.198647558873699,12.212639791973691,273032
2000-07-05,12.58041763305664,13.1920491516009,12.442500874829376,12.550435390239038,538450
2000-07-06,12.658368110656738,12.928205659861929,12.472481349014279,12.504461364329062,390306
2000-07-07,12.9102201461792,12.992170581763288,12.5624302392721,12.69634886358417,608160
2000-07-10,13.200042724609375,13.751709697673041,12.836261595142176,13.070120985438562,1551602
2000-07-11,13.607796669006348,13.831661973573524,13.072119718188935,13.351950049953325,1329626
2000-07-12,14.633182525634766,14.697143874026736,13.639780600860357,13.751713285282541,2417293
2000-07-13,14.44129753112793,14.863042847323257,14.097504494280502,14.711135141982679,1252130
2000-07-14,15.18884563446045,15.310772384000012,14.153469749789847,14.153469749789847,2290325
2000-07-17,14.944989204406738,15.82645814649213,14.721125210257245,15.39072071498973,2115947
2000-07-18,14.857048034667969,15.030942992841512,14.471279565449692,14.79108760937215,761346
2000-07-19,14.763100624084473,14.909012373193399,14.39132448606859,14.791083788224858,472964
2000-07-20,14.39332103729248,14.990960160445974,14.271394322141893,14.511249601576585,571278
2000-07-21,14.403322219848633,14.55123309175414,13.381937053554907,14.435302246776828,828246
2000-07-24,14.027546882629395,14.191447741976589,13.711737022656623,14.079515067609284,679216
2000-07-25,14.635178565979004,14.990963411420882,13.531843261940933,13.71173541000098,717326
2000-07-26,14.175454139709473,14.903016405438528,14.081510567561601,14.79108374917252,403969
2000-07-27,14.623185157775879,14.751107825819382,14.187447676728237,14.187447676728237,418381
2000-07-28,14.84305477142334,15.310773646054052,14.591207545485897,14.751110257426681,936781
2000-07-31,14.407317161560059,14.7850905968617,14.351350822918693,14.709136094570582,400102
2000-08-01,14.51125431060791,15.270796708277517,14.393325708054924,14.79108599373773,849830
2000-08-02,14.329361915588379,15.39072175495225,13.91161353841457,15.39072175495225,870699
2000-08-03,14.41730785369873,14.791083048813334,14.071515821325624,14.071515821325624,2052506
2000-08-04,13.99956226348877,14.471276629525063,13.871638292505953,14.39732121297696,1309013
2000-08-07,13.693748474121094,13.911616603117483,13.391929537103117,13.67575808744155,379881
2000-08-08,13.72173023223877,13.90961609603434,13.481873588876255,13.481873588876255,579285
2000-08-09,13.93959903717041,14.187449398959632,13.431905156086815,13.431905156086815,290255
2000-08-10,14.079512596130371,14.191445250849323,13.843654131131261,13.991566252533827,299233
2000-08-11,13.949592590332031,14.107497512214854,13.795685820447787,13.875637169916459,470443
2000-08-14,14.079512596130371,14.191445250849323,13.811674114894194,14.071516293126496,226030
2000-08-15,14.079512596130371,14.079512596130371,14.079512596130371,14.079512596130371,0
2000-08-16,14.231424331665039,14.391328355308122,13.975578932992086,14.311376992959069,212129
2000-08-17,14.331361770629883,14.751109284412996,14.23142225752289,14.431302582681663,452078
2000-08-18,14.33935546875,14.471274978582997,14.199439656250256,14.389324566749837,225962
2000-08-21,14.169463157653809,14.583213535749257,13.711739591801974,13.711739591801974,230596
2000-08-22,13.851648330688477,14.30737258547479,13.791683860932986,14.18744494490822,273782
2000-08-23,13.969581604003906,14.191447878775316,13.791688509173579,13.953591592924393,364685
2000-08-24,13.945594787597656,14.03154336721676,13.715733515541729,13.795686165957564,221737
2000-08-25,13.789688110351562,14.025546596402739,13.743715858698968,13.991567501381825,321567
2000-08-28,13.777693748474121,13.889626403392217,13.355948515721337,13.355948515721337,168569
2000-08-29,13.6097993850708,13.791689344211374,13.511857638652858,13.791689344211374,359472
2000-08-30,13.561824798583984,13.869639600900856,13.511854399234142,13.731721558484216,229761
2000-08-31,13.403924942016602,13.657771289032214,13.234026819204265,13.631787191165,208892
2000-09-01,13.403924942016602,13.403924942016602,13.403924942016602,13.403924942016602,0
2000-09-04,13.595804214477539,13.831662686501884,13.371938898371624,13.39192705858746,291976
2000-09-05,13.895626068115234,14.151471439123743,13.363945863991187,13.591808066361587,495877
2000-09-06,14.365341186523438,14.970975451948343,13.995564103986702,14.179453107308246,2476986
2000-09-07,14.265400886535645,14.651167956868882,14.151469154273077,14.511252136268702,793595
2000-09-08,14.003559112548828,14.391325280347875,13.971579094020292,14.151469945605056,701584
2000-09-11,13.93959903717041,14.271398903606036,13.831664516458527,14.031543547171973,600290
2000-09-12,13.655768394470215,13.951590041684405,13.59780299090943,13.673757478479478,818126
2000-09-13,13.577818870544434,13.911617860849082,13.391930747850466,13.905621930710408,422487
2000-09-14,13.443899154663086,13.621792273703287,13.3959291148962,13.559829998128958,199506
2000-09-15,12.898224830627441,13.469881305759532,12.804282551167185,13.431904059215194,619966
2000-09-18,12.382534980773926,12.752312036630727,12.284594557443452,12.392529060576376,352606
2000-09-19,12.0047607421875,12.532442604423455,11.686953218769458,12.032743900766931,851397
2000-09-20,12.218634605407715,12.4924690249378,12.132686035483344,12.4924690249378,255860
2000-09-21,12.398527145385742,12.75231291866194,12.23262722771284,12.23262722771284,533509
2000-09-22,11.976780891418457,12.532446065700373,11.952795876987938,12.512457904202577,1009012
2000-09-25,11.680961608886719,12.212641877530988,11.24122716173529,11.992773355010279,1079694
2000-09-26,11.666967391967773,11.768904669703048,11.399128906077893,11.403125758704668,459949
2000-09-27,11.355154991149902,12.18865272962553,11.273204570420921,12.18865272962553,783016
2000-09-28,11.431111335754395,11.750918065909703,11.31318272578571,11.583020344418731,529710
2000-09-29,11.469090461730957,11.585021313377565,11.295195483206163,11.295195483206163,316763
2000-10-02,11.469090461730957,11.469090461730957,11.469090461730957,11.469090461730957,0
2000-10-03,11.461091041564941,11.571024621279939,11.273203898589324,11.273203898589324,621073
2000-10-04,11.646980285644531,11.790892972120107,11.501068523202406,11.54104354780965,252606
2000-10-05,11.728931427001953,11.992771801322764,11.601008742546721,11.632988764188116,750205
2000-10-06,11.660970687866211,11.74891703693719,11.439104440368673,11.593012499659917,501244
2000-10-09,11.493073463439941,11.648980622591472,11.433110270565798,11.593014283138329,401312
2000-10-10,11.243223190307617,11.481080765070715,11.193254083055594,11.407125343266301,233867
2000-10-11,11.079322814941406,11.273205921049502,10.993374232147657,11.19325456662534,124378
2000-10-12,10.875446319580078,11.313182292408033,10.83347156607905,11.313182292408033,237121
2000-10-13,10.52365779876709,10.8334717388465,10.393736033402318,10.8334717388465,214020
2000-10-16,10.767511367797852,11.233229869731431,10.633592098961252,11.233229869731431,289625
2000-10-17,10.599609375,11.193251699033787,10.461692642005065,11.193251699033787,221482
2000-10-18,10.495672225952148,10.66557027989244,10.453697481393379,10.513661309409867,103918
2000-10-19,10.579623222351074,10.70354904745021,10.11790226536768,10.11790226536768,155451
2000-10-20,10.699552536010742,10.969389500786736,10.633592114843802,10.741527290437665,393799
2000-10-23,10.471687316894531,10.869448205652322,10.433710721018818,10.433710721018818,277104
2000-10-24,10.327776908874512,10.833473098552338,10.095917167963709,10.833473098552338,325111
2000-10-25,10.62559700012207,10.67356833604233,10.393736625628273,10.513664315956447,416916
2000-10-26,10.815479278564453,10.913419691614545,10.113901834480494,10.193853165563334,150255
2000-10-27,11.051339149475098,11.189255911605732,10.763513117430795,10.793494711624572,183935
2000-10-30,10.935406684875488,11.269206869258886,10.873445079230784,11.131288828892488,197615
2000-10-31,11.433107376098633,11.672962684761922,10.953395459827496,10.953395459827496,742981
2000-11-01,11.848856925964355,12.152673570382223,11.197249167045367,11.197249167045367,1035588
2000-11-02,11.938804626464844,12.264608568212669,11.614999760820192,11.832867881389909,965179
2000-11-03,12.142680168151855,12.192650569241273,11.79289125735991,12.110700150610358,583612
2000-11-06,12.31657600402832,12.65237267256218,12.152673872885945,12.2326265121587,832999
2000-11-07,12.310579299926758,12.472482362179415,12.21263887138862,12.294589290970464,512964
2000-11-08,12.67035961151123,12.79228632660423,12.412515251187944,12.512454734414462,1139745
2000-11-09,13.487871170043945,13.685751119951398,12.472483432153082,12.592409808558044,6562663
2000-11-10,12.3385648727417,13.068125085806564,11.992772743181973,12.992170580025881,5183547
2000-11-13,12.179892539978027,12.524039134954322,12.088673577413864,12.524039134954322,2522336
2000-11-14,12.580015182495117,12.681600113875488,12.148793885186723,12.148793885186723,2549678
2000-11-15,12.337454795837402,13.226845780717394,12.231722925059758,13.226845780717394,2213681
2000-11-16,12.351966857910156,12.513675541117506,12.25867442319857,12.314649884025522,757700
2000-11-17,12.38928508758545,12.414163970883921,12.266968177756485,12.287700131411684,828995
2000-11-20,12.40587043762207,12.439040482915349,12.150869314847746,12.152942779498696,474157
2000-11-21,12.441112518310547,12.5592838224732,12.293916754210418,12.293916754210418,1127803
2000-11-22,12.418307304382324,12.54062553934094,12.337454316505639,12.54062553934094,693561
2000-11-23,12.17367172241211,12.397574861920226,12.107330300943064,12.34159806658309,395128
2000-11-24,11.908309936523438,12.192334198103614,11.860626982123826,12.14879682605842,730665
2000-11-27,12.362332344055176,12.478430190333757,11.945625253994208,12.14879513770133,896746
2000-11-28,12.470139503479004,12.770750138511499,12.314651197521485,12.356115105051648,1688757
2000-11-29,12.4494047164917,12.766600303436991,12.314648394966962,12.439038741968236,1194140
2000-11-30,12.252455711364746,12.602821390897791,12.16952790288413,12.602821390897791,377070
2000-12-01,12.190261840820312,12.476359593211118,12.070018385128222,12.43489702949697,674583
2000-12-04,12.534406661987305,13.14392040421138,12.10733356204352,12.10733356204352,1872829
2000-12-05,12.461845397949219,12.646358146128328,12.42038149572099,12.625626195014215,652402
2000-12-06,12.633918762207031,12.895138922302175,12.604894299974237,12.812212464757232,1120358
2000-12-07,12.584161758422852,12.77074796324642,12.542699205235674,12.56757673714798,694089
2000-12-08,12.864041328430176,13.143919982398552,12.60489462620471,12.71891901351026,2398792
2000-12-11,13.355385780334473,13.465263255210525,12.940750723802937,13.081726131057005,2579405
2000-12-12,13.195748329162598,13.475626979200536,13.1024558949101,13.471481397278449,982948
2000-12-13,13.060992240905762,13.475627236001296,12.876480833485855,13.185382604706376,1238825
2000-12-14,13.131482124328613,13.390628857783001,13.060993749364483,13.185384127531366,1240767
2000-12-15,12.298063278198242,13.123186221201351,12.148794054599133,13.102454272317006,1287496
2000-12-18,12.401724815368652,12.563432171417304,12.02440810034867,12.02440810034867,1092079
2000-12-19,12.21721076965332,12.521968308070566,12.169527819017768,12.521968308070566,1111142
2000-12-20,12.287698745727539,12.439040104150893,12.086600973598859,12.181966871833886,478824
2000-12-21,12.119770050048828,12.231720949040668,11.966355256342897,12.111477540562046,328944
2000-12-22,11.754891395568848,12.198549404643952,11.696842482638624,12.107330454199404,1013612
2000-12-25,11.754891395568848,11.754891395568848,11.754891395568848,11.754891395568848,0
2000-12-26,11.595259666442871,11.858553317247917,11.526844759583598,11.671967085151667,697717
2000-12-27,11.806721687316895,11.920746066119248,11.530989983171562,11.698916354661455,249812
2000-12-28,11.850259780883789,12.001601140434639,11.736235395069835,11.9000161949598,417513
2000-12-29,11.9497709274292,12.055504146432838,11.858551960242306,11.962210367420289,624838
2001-01-01,12.136357307434082,12.231723205041499,11.982942485432547,12.055504314565406,870818
2001-01-02,12.482577323913574,12.621479240449608,12.262821067651485,12.27318569590724,1042471
2001-01-03,12.654647827148438,12.828794560825912,12.397574654839838,12.604891425057714,1482897
2001-01-04,12.461845397949219,13.060991779288926,12.439039982267609,12.849529380854056,1291125
2001-01-05,12.472210884094238,12.521967295359577,12.397576940836416,12.397576940836416,622061
2001-01-08,12.432820320129395,12.667089469924477,12.35611291317424,12.561357602303039,779336
2001-01-09,12.35818862915039,12.439041632485242,12.28562679062462,12.39757907203683,1555980
2001-01-10,12.24208927154541,12.509528479747097,12.213064809132808,12.459772065999715,445196
2001-01-11,12.25452709197998,12.298064458270828,12.190259122095842,12.298064458270828,456712
2001-01-12,12.115626335144043,12.343675121997542,12.065869917746062,12.335382610311301,493083
2001-01-15,12.213062286376953,12.231720769268032,12.067940004290703,12.148792981058655,248075
2001-01-16,12.24001407623291,12.35611190946723,12.088672739081114,12.088672739081114,521857
2001-01-17,12.45147705078125,12.596599333658443,12.418305665860679,12.480501507356689,551465
2001-01-18,12.648432731628418,12.729285731402333,12.39757852602113,12.521968896449149,1262709
2001-01-19,12.973917007446289,13.019527833938563,12.687820693378209,12.845381079914272,2509048
2001-01-22,13.411361694335938,13.575142526879947,12.94697020007835,13.048556513087554,3823972
2001-01-23,12.385139465332031,13.060993338087252,12.32501706938172,13.060993338087252,3617107
2001-01-24,12.542701721191406,13.058921726983952,12.439041949229317,13.058921726983952,1377939
2001-01-25,12.264893531799316,12.60489457498444,12.194406512896398,12.561358554325606,1882863
2001-01-26,12.264893531799316,12.264893531799316,12.264893531799316,12.264893531799316,0
2001-01-29,12.125988960266113,12.27318335975715,11.858549806355747,12.190256918532903,802521
2001-01-30,12.30428409576416,12.356113975438504,12.148795804021598,12.252455563370287,1329711
2001-01-31,12.341602325439453,12.64013949870983,12.314651324179888,12.582090566482796,1178127
2001-02-01,12.225500106811523,12.314646938255931,12.17159812348986,12.273183045066881,1249149
2001-02-02,12.345748901367188,12.553065740648229,12.130139550188572,12.252456458418775,1717923
2001-02-05,12.548920631408691,12.729286477001907,12.389285392700629,12.389285392700629,1654652
2001-02-06,12.459773063659668,12.747944246270137,12.410016645928266,12.604895387342697,758620
2001-02-07,12.810139656066895,13.040260553854418,12.52196848356115,12.646358849887633,3102575
2001-02-08,12.990501403808594,13.20611067563708,12.68781876818012,12.68781876818012,2801791
2001-02-09,12.890992164611816,13.226846275692646,12.853675190856217,13.102455914080503,2699337
2001-02-12,13.077579498291016,13.423799614701151,12.940749684639936,12.940749684639936,3246783
2001-02-13,13.135629653930664,13.309776460772877,12.899288328805195,13.268312550396915,2206833
2001-02-14,13.270383834838867,13.475627193457651,13.164651958578126,13.185382563079056,2067259
2001-02-15,13.166723251342773,13.434163795837271,13.123187233152736,13.349163876681196,1330273
2001-02-16,12.667089462280273,13.26830927805018,12.563429711905847,13.26623581358662,2860649
2001-02-19,12.56757926940918,12.762458024136608,12.235870693393105,12.646360157259046,1116304
2001-02-20,12.397579193115234,12.708554462278096,12.277334398438995,12.50123761616952,2013391
2001-02-21,12.428674697875977,12.621479967766655,12.35611421222187,12.459772626276521,843629
2001-02-22,12.44318675994873,12.563430188754445,12.152942142444726,12.35611337469753,929557
2001-02-23,12.17367172241211,12.642208600972307,12.107330300943064,12.642208600972307,1663118
2001-02-26,12.202701568603516,12.34575044814023,12.107335648912374,12.148798213594999,2161501
2001-02-27,11.9497709274292,12.289771958035821,11.866844471142896,12.196478179023272,1531687
2001-02-28,12.184040069580078,12.314649473825712,11.278063382548835,12.065868758028046,1197309
2001-03-01,12.422453880310059,12.519893233706998,12.231722102290648,12.314648552257255,1612658
2001-03-02,12.05550479888916,12.563430886822715,11.982942966841167,12.563430886822715,1176781
2001-03-05,12.059649467468262,12.169526918625625,11.817087802929372,11.817087802929372,1145196
2001-03-06,12.059649467468262,12.059649467468262,12.059649467468262,12.059649467468262,0
2001-03-07,11.856476783752441,12.397575504230993,11.73415990788924,12.061721451208495,1472897
2001-03-08,11.700989723205566,11.889649390625934,11.692697212650883,11.889649390625934,945810
2001-03-09,11.649158477783203,11.771475337670065,11.410742455374526,11.528913734591345,578756
2001-03-12,11.38586711883545,11.773551065511857,11.323672618585503,11.547574436221666,397121
2001-03-13,10.08598804473877,11.195135932288837,9.953305179748622,11.195135932288837,600596
2001-03-14,10.465376853942871,10.527571341739492,10.067327012380405,10.527571341739492,359846
2001-03-15,10.631234169006348,10.770136776803472,10.20001478639168,10.314039184474039,514770
2001-03-16,10.662333488464355,10.863431309923795,10.4902601365129,10.531723375678428,453169
2001-03-19,10.672697067260742,10.718306552724991,10.490257778123286,10.614648141295167,157393
2001-03-20,10.861352920532227,10.987816719429775,10.500621353966903,10.65196268090062,204736
2001-03-21,10.861352920532227,10.898670559866636,10.53586485550485,10.697572155940344,110289
2001-03-22,10.867574691772461,11.112209826423081,10.710013616253242,10.780501306281264,138858
2001-03-23,10.757698059082031,10.900746923560636,10.614649194603428,10.82196671167575,179063
2001-03-26,10.67477035522461,10.730746492806139,10.573184730055441,10.604282659116318,52368
2001-03-27,10.66440200805664,10.850988193661218,10.577328634411868,10.697572720829871,170545
2001-03-28,10.519282341003418,10.894527596383327,10.49025854952659,10.739039294164495,347308
2001-03-29,10.349283218383789,10.828185548537629,10.241477869090074,10.635380268142518,1304737
2001-03-30,10.245621681213379,10.490256113108364,10.117085082822479,10.490256113108364,169369
2001-04-02,10.133670806884766,10.365866490028775,10.034158659954548,10.117085785883148,129727
2001-04-03,10.032085418701172,10.197939674248264,9.868304627645497,10.056963624397254,190920
2001-04-04,9.85171890258789,10.148182537993334,9.743913576818564,10.115011823981265,196678
2001-04-05,9.85171890258789,9.85171890258789,9.85171890258789,9.85171890258789,0
2001-04-06,9.729401588439941,10.054890364517032,9.70245126678996,10.034158415130678,135332
2001-04-09,9.33549976348877,9.702451784269781,9.329280043613105,9.702451784269781,138552
2001-04-10,9.258794784545898,9.443306901964874,9.246355341530455,9.246355341530455,181073
2001-04-11,9.194523811340332,9.37074337149314,9.080498756050682,9.128182377422112,146303
2001-04-12,8.918792724609375,9.080500077523103,8.844158769000053,9.00793958674306,227018
2001-04-13,8.918792724609375,8.918792724609375,8.918792724609375,8.918792724609375,0
2001-04-16,8.688669204711914,9.080498058164642,8.439887836178507,8.840010547103928,104463
2001-04-17,8.794403076171875,8.858671055302935,8.504158416740312,8.593304605771264,184906
2001-04-18,9.049400329589844,9.163424696446278,8.914644014708564,9.080497577987003,336933
2001-04-19,8.829644203186035,9.412206155815758,8.79025444459978,9.287815813572562,550681
2001-04-20,8.30098819732666,8.956110880859464,8.209768532001304,8.956110880859464,539591
2001-04-23,7.97964334487915,8.44403330327898,7.905008739191973,8.417082310848658,695469
2001-04-24,7.720497131347656,7.875985410227849,7.670741394072531,7.840741229692827,878791
2001-04-25,7.749522686004639,8.168303288034753,7.670742476848601,8.168303288034753,1646713
2001-04-26,7.9651312828063965,8.367326081680629,7.788911075324061,7.795130794337816,2880189
2001-04-27,7.596108436584473,7.8780605951587415,7.5463520148030545,7.774401495387507,946474
2001-04-30,7.442689895629883,7.735007212857932,7.341104311189499,7.550494524476827,999677
2001-05-01,7.442689895629883,7.442689895629883,7.442689895629883,7.442689895629883,0
2001-05-02,7.672816276550293,7.7536699610986295,7.546352423956014,7.546352423956014,564259
2001-05-03,8.566352844238281,8.86903624493056,7.971352018861854,7.971352018861854,3508691
2001-05-04,8.589158058166504,8.790256521740769,8.344523570795648,8.703183126867032,2445572
2001-05-07,8.489645004272461,8.902205843762568,8.42537636043017,8.761231136956763,2081807
2001-05-08,8.259521484375,8.60988776353073,8.110252269012447,8.500009653058944,1174515
2001-05-09,8.267813682556152,8.454399184270281,8.25122799026064,8.315496621650649,380102
2001-05-10,8.201473236083984,8.30513163592915,8.149643362521244,8.199399771685412,235247
2001-05-11,8.016961097717285,8.18488746130417,7.971350944158756,8.182813996925994,427376
2001-05-14,8.091593742370605,8.168301140232977,7.902935444043217,8.043911475374099,329625
2001-05-15,8.118545532226562,8.168301264197199,7.672813366900676,7.919521257063799,447359
2001-05-16,8.170376777648926,8.292694358103603,8.130986336130965,8.240864475242983,370681
2001-05-17,8.371474266052246,8.541474793704953,8.178668994946205,8.230498875940492,1097820
2001-05-18,8.276107788085938,8.477205556729075,8.251229581664477,8.45440081485949,516286
2001-05-21,8.303057670593262,8.45439899379479,8.27195975085483,8.35488686318392,394617
2001-05-22,8.228425979614258,8.348670099274281,8.2097674906236,8.29269463230231,453305
2001-05-23,8.344522476196289,8.383912912563567,8.292693273753118,8.292693273753118,254770
2001-05-24,8.415011405944824,8.500012011076597,8.369401916631443,8.375621637407008,470749
2001-05-25,8.433669090270996,8.491717337322266,8.292693043786047,8.454400366489246,374378
2001-05-28,8.719767570495605,8.790255937070842,8.327937319625756,8.327937319625756,915554
2001-05-29,8.703181266784668,8.767449229998501,8.564278018715763,8.748790745604799,609285
2001-05-30,8.663789749145508,8.83171676130804,8.582936102347258,8.769521596567845,557683
2001-05-31,8.72183895111084,8.781960653793254,8.458545382142821,8.601594872105942,230068
2001-06-01,8.514521598815918,8.744643785982833,8.500009370607913,8.744643785982833,279097
2001-06-04,8.444035530090332,8.603670083515716,8.34037711410205,8.603670083515716,183185
2001-06-05,8.674158096313477,9.119889670914263,8.54147454788306,8.54147454788306,937360
2001-06-06,8.634764671325684,8.951959517078057,8.585008273665704,8.86074057743476,420375
2001-06-07,8.49586296081543,8.661716513278854,8.338301243925093,8.582936328473753,272657
2001-06-08,8.487568855285645,8.657569317515105,8.458544402554761,8.52073956217237,314548
2001-06-11,8.589158058166504,8.624402243798334,8.439889477474424,8.533182593022078,222010
2001-06-12,8.529038429260254,8.62440435933193,8.44196501302774,8.62440435933193,452589
2001-06-13,8.66171932220459,8.703183228996906,8.553914646553192,8.66379278700032,177189
2001-06-14,8.58501148223877,8.786109264676396,8.514523787242972,8.728061010564724,410477
2001-06-15,8.597448348999023,8.657570049804029,8.41708189930391,8.541472229060515,424617
2001-06-18,8.840011596679688,8.877329244256522,8.605743103628475,8.694889282881512,738961
2001-06-19,8.887693405151367,9.080497970279493,8.842083925894432,8.852449900354683,685009
2001-06-20,8.912571907043457,8.931230393649805,8.500011063489444,8.500011063489444,168432
2001-06-21,8.790255546569824,8.935377181619646,8.748791644863989,8.85659698093092,592402
2001-06-22,8.531107902526855,8.748791358435096,8.464766470337729,8.71976689764733,525247
2001-06-25,8.354887008666992,8.748789957039094,8.23671571997132,8.686594790119292,536848
2001-06-26,8.419157981872559,8.493791933482878,8.251230243468822,8.29684040450644,494548
2001-06-27,8.417083740234375,8.47098640788883,8.356961352639738,8.47098640788883,126422
2001-06-28,8.417083740234375,8.427449715587947,8.30305935862548,8.30305935862548,758365
2001-06-29,8.419157981872559,8.479279701376397,8.34037710082588,8.34452335662198,154361
2001-07-02,8.398425102233887,8.458546815101492,8.334156460387659,8.334156460387659,77649
2001-07-03,8.406717300415039,8.645132699454297,8.334156150589191,8.500010399802603,102776
2001-07-04,8.307205200195312,8.415009856493473,8.292692970151313,8.298912016141482,29846
2001-07-05,8.398425102233887,8.45232776891393,8.350742155381589,8.417083588076943,82742
2001-07-06,8.489645004272461,8.506230026141306,8.342449230165323,8.342449230165323,929983
2001-07-09,8.475133895874023,8.50001210561269,8.340377543959843,8.383914242592438,3490871
2001-07-10,8.396350860595703,8.483424235564094,8.396350860595703,8.40049711555037,70068
2001-07-11,8.365255355834961,8.446109028409893,8.365255355834961,8.377694123292542,22333
2001-07-12,8.35903263092041,8.396349593521123,8.334154431306596,8.37976457620526,16115
2001-07-13,8.298912048339844,8.458546579443189,8.292693002325548,8.458546579443189,63356
2001-07-16,8.26988697052002,8.406716750858372,8.251228486590266,8.406716750858372,16865
2001-07-17,8.259521484375,8.33000916359612,8.234643281814574,8.240862327224605,15570
2001-07-18,8.224279403686523,8.288548053874797,8.085377474078841,8.261596380216366,70664
2001-07-19,7.971351146697998,8.211838665029207,7.674887498775414,8.126838748886964,102419
2001-07-20,7.815864086151123,7.919522494793998,7.670741775138929,7.670741775138929,50034
2001-07-23,7.915377616882324,8.043914254589346,7.913304151946907,8.043914254589346,1908
2001-07-24,7.70391321182251,7.878060001289496,7.674888746911345,7.878060001289496,23185
2001-07-25,7.3846435546875,7.668668462246302,7.343179651498047,7.668668462246302,46558
2001-07-26,7.811717510223389,7.898790900767891,7.131716755933333,7.4426926695635265,2937975
2001-07-27,7.442689895629883,7.795129582147951,7.382567526339863,7.784763609950362,34037
2001-07-30,7.554644584655762,7.668668978827276,7.430253540348334,7.668668978827276,178960
2001-07-31,7.776474952697754,7.878060587445161,7.419888835440826,7.668669596823678,258501
2001-08-01,7.529765605926514,7.674887914747176,7.473789473301285,7.674887914747176,41465
2001-08-02,7.967206954956055,8.012817121486343,7.4261080460575934,7.5463521731861025,1243220
2001-08-03,7.730862617492676,7.929887574926538,7.674887163983216,7.919521600504756,30936
2001-08-06,7.728790760040283,7.842815145168005,7.6811071372142825,7.7744002446352845,12402
2001-08-07,7.790985107421875,7.8158633116501575,7.58988668286668,7.58988668286668,12896
2001-08-08,7.735008716583252,7.79513109756137,7.650008805862591,7.650008805862591,22589
2001-08-09,7.699768543243408,7.8759881601660675,7.670744072348813,7.790988212677789,91891
2001-08-10,7.735008716583252,7.878058217623548,7.631350321735622,7.68110605486083,83151
2001-08-13,7.6769609451293945,7.960985851641229,7.654156202643394,7.958913060673532,10954
2001-08-14,7.670741558074951,7.766107453001417,7.658302118260077,7.766107453001417,6303
2001-08-15,7.670741558074951,7.670741558074951,7.670741558074951,7.670741558074951,0
2001-08-16,7.650009632110596,7.6583021429204186,7.6002532199712665,7.629277681445842,7086
2001-08-17,7.977571487426758,7.998303438788728,7.629277938018722,7.6748880962870105,108586
2001-08-20,7.772327423095703,7.878059296724616,7.73500977609004,7.878059296724616,9250
2001-08-21,7.757815361022949,7.832449309380524,7.722571177831745,7.832449309380524,6337
2001-08-22,7.757815361022949,7.757815361022949,7.757815361022949,7.757815361022949,0
2001-08-23,7.726718425750732,7.7744013819118045,7.712206192413,7.7744013819118045,21192
2001-08-24,7.668668270111084,7.735009705183781,7.654156039086419,7.6707417346746976,124787
2001-08-27,7.834524631500244,7.919524575869107,7.6292798775748585,7.919524575869107,296559
2001-08-28,7.869765758514404,7.898790219525984,7.724643453456504,7.878058942832131,47069
2001-08-29,7.917447566986084,7.960984252243674,7.753666799632308,7.878057810111198,100323
2001-08-30,7.795131206512451,7.878058327733686,7.768179538454481,7.878058327733686,32964
2001-08-31,7.755741119384766,7.90708313920573,7.6707412036843206,7.6707412036843206,25161
2001-09-03,7.69147253036499,7.793058141174973,7.6707412542283775,7.716350735369091,22367
2001-09-04,7.9609856605529785,7.965132589669279,7.631351276981388,7.670741714464584,85911
2001-09-05,8.280255317687988,8.292694759632962,7.776474759924313,7.776474759924313,199932
2001-09-06,8.292693138122559,8.313424414576644,8.106106934554541,8.106106934554541,112981
2001-09-07,8.29684066772461,8.31135290029149,8.168303365766352,8.292694411796969,57461
2001-09-10,8.354887008666992,8.375618955520284,8.213910982616742,8.2159844467581,66661
2001-09-11,8.222207069396973,8.354890643892762,8.170377853352845,8.292695449911736,32027
2001-09-12,8.236717224121094,8.271961405479798,7.714278265501522,7.714278265501522,117904
2001-09-13,8.224279403686523,8.240864427193,8.064645521055475,8.12269377696841,73049
2001-09-14,8.083304405212402,8.106108476830533,7.784767231071818,8.07293842819303,235468
2001-09-17,7.768179416656494,7.7868385743918225,7.339032261546379,7.670740741230429,345230
2001-09-18,7.880131244659424,8.00244880094326,7.484154790237668,7.795131331389052,178398
2001-09-19,8.37562084197998,8.400498375439065,7.878059394554697,8.068791192915693,896286
2001-09-20,8.334157943725586,8.354889897747887,8.008670442145341,8.008670442145341,306848
2001-09-21,8.319644927978516,8.354889111772817,8.043913198894463,8.087449894061457,765673
2001-09-24,8.093669891357422,8.582939571694158,8.087450843917608,8.582939571694158,83424
2001-09-25,7.9692792892456055,8.271962018629736,7.963059568864758,8.271962018629736,173799
2001-09-26,8.101961135864258,8.201473963012806,7.944400731372895,7.963059218053193,81771
2001-09-27,8.153786659240723,8.189030825747716,7.973421593972881,7.973421593972881,32606
2001-09-28,8.259521484375,8.284399013295324,8.054277492121667,8.189033131513778,149318
2001-10-01,8.118545532226562,8.178667238169448,8.085375493339543,8.164155009336321,289114
2001-10-02,8.118545532226562,8.118545532226562,8.118545532226562,8.118545532226562,0
2001-10-03,8.079156875610352,8.168302377732042,7.960985564585286,7.960985564585286,19080
2001-10-04,7.917447566986084,8.0646433153694,7.900862548015624,8.0646433153694,63475
2001-10-05,7.99208402633667,8.031474465984804,7.963059562768597,7.963059562768597,4412
2001-10-08,7.890497207641602,8.043912013632088,7.712204197558578,8.043912013632088,16030
2001-10-09,7.871840476989746,8.081231457255084,7.7972058480820055,8.081231457255084,14872
2001-10-10,7.99830436706543,8.03976760096134,7.882206503788527,8.03976760096134,56916
2001-10-11,7.950618743896484,8.085375050881177,7.878057603701645,7.878057603701645,10630
2001-10-12,7.9692792892456055,8.081230887899626,7.948547337069612,8.081230887899626,24872
2001-10-15,7.8987884521484375,8.023179452679626,7.83659328870286,8.002447506984423,89608
2001-10-16,7.9029364585876465,8.500010698944582,7.87805892660626,8.500010698944582,8279
2001-10-17,7.944403171539307,8.043915355613343,7.9091589782954,8.0024521139926,50749
2001-10-18,7.896719455718994,8.075012522894047,7.882207221487997,7.960987440427439,40204
2001-10-19,7.909154415130615,8.00244749700263,7.716349206597809,7.929886360799959,46950
2001-10-22,7.8987884521484375,7.9983012525733885,7.782690634079351,7.880129970478768,50851
2001-10-23,7.861470699310303,7.940251546128376,7.8407387556971315,7.898787658902036,17649
2001-10-24,8.016961097717285,8.251228890443713,7.836594621501494,7.882204775060022,76047
2001-10-25,8.207693099975586,8.292693696905518,7.944400818966051,8.292693696905518,1779882
2001-10-26,8.207693099975586,8.207693099975586,8.207693099975586,8.207693099975586,0
2001-10-29,7.9692792892456055,8.207693371068304,7.934035105274465,8.085377143606776,39761
2001-10-30,7.907082557678223,7.9817164930696185,7.878058099772655,7.923667577258483,14241
2001-10-31,7.9609856605529785,7.990010122525839,7.886351714702886,7.886351714702886,45451
2001-11-01,7.950618743896484,8.00244793728135,7.898788876871548,7.898788876871548,26746
2001-11-02,7.9319610595703125,8.292693363350981,7.898790342702685,8.292693363350981,100408
2001-11-05,7.91123104095459,7.9485480191614775,7.898791599125425,7.909157576102961,29097
2001-11-06,7.909154415130615,7.960983605663942,7.9070816247477005,7.921593851988234,99676
2001-11-07,7.938179969787598,8.064643778073536,7.909155511283944,8.012814580357048,51039
2001-11-08,8.04391098022461,8.160008128341126,8.002447761157285,8.081228618389261,99012
2001-11-09,8.11025333404541,8.230498107817946,7.960985446361301,7.960985446361301,101260
2001-11-12,8.197327613830566,8.417084561298475,8.168303149465386,8.417084561298475,94582
2001-11-13,8.170376777648926,8.247084195914313,8.101961871185129,8.245011404784053,32027
2001-11-14,8.15793514251709,8.282325470380117,8.137203196659906,8.253301015636074,9284
2001-11-15,8.23464584350586,8.271962822135274,8.126840490087204,8.251230867945461,71243
2001-11-16,8.23464584350586,8.23464584350586,8.23464584350586,8.23464584350586,0
2001-11-19,8.211837768554688,8.292692094288793,8.170374547225476,8.209764977990277,94582
2001-11-20,8.276107788085938,8.313424760898023,8.108180736791343,8.137205198676345,123696
2001-11-21,8.280255317687988,8.497938815321923,8.213913872782497,8.497938815321923,55707
2001-11-22,8.242937088012695,8.410864139659227,8.209766370594634,8.33830298479465,211175
2001-11-23,8.162083625793457,8.500011202071786,8.106107491421575,8.251229804770565,123322
2001-11-26,8.213910102844238,8.3693983403098,8.126836743754723,8.20976384864569,195570
2001-11-27,8.24708366394043,8.495865064703063,8.1786687618897,8.251229919573772,83475
2001-11-28,8.197327613830566,8.230499007653854,8.151718126194003,8.151718126194003,31925
2001-11-29,8.197327613830566,8.251230286743082,8.130986173464514,8.186962311106084,72044
2001-11-30,8.197327613830566,8.197327613830566,8.197327613830566,8.197327613830566,0
2001-12-03,8.28647232055664,8.311350522645803,8.126837807987922,8.25330160898445,84480
2001-12-04,8.238788604736328,8.415008119676802,8.209764150638836,8.292691258580247,36882
2001-12-05,8.17245101928711,8.417085529810977,7.042571591044989,8.230499954696876,71567
2001-12-06,8.195255279541016,8.41708503046239,8.147572324517576,8.410865309568807,94054
2001-12-07,7.905010223388672,8.209766401320255,7.714278429110936,8.08537671576714,192470
2001-12-10,8.016961097717285,8.085375991235004,7.87805851994382,7.87805851994382,226627
2001-12-11,8.46884822845459,8.554804772783884,8.423721095050384,8.46669901809054,583578
2001-12-12,8.488186836242676,8.593483462338003,8.468846739362759,8.56125020028776,315911
2001-12-13,8.434463500976562,8.509675369925239,8.251806503957662,8.509675369925239,368824
2001-12-14,8.389338493347168,8.432316415754022,8.350658991605073,8.432316415754022,177342
2001-12-17,8.389338493347168,8.389338493347168,8.389338493347168,8.389338493347168,0
2001-12-18,8.331317901611328,8.423719969944232,8.213127407101181,8.423719969944232,132606
2001-12-19,8.29049015045166,8.359255111152567,8.256107670101207,8.294787873214338,189727
2001-12-20,8.200235366821289,8.33776527965512,8.05840703324354,8.05840703324354,391431
2001-12-21,8.054109573364258,8.18304404541231,7.998237782610366,8.084194330058736,198330
2001-12-24,8.021872520446777,8.122871407391054,7.9079804705569225,8.122871407391054,169574
2001-12-25,8.021872520446777,8.021872520446777,8.021872520446777,8.021872520446777,0
2001-12-26,8.060556411743164,8.101385823670137,7.9595574871341235,7.993939966059734,119420
2001-12-27,8.0906400680542,8.122873332180482,7.950960960926204,7.959556404926691,268722
2001-12-28,8.077747344970703,8.084194278006297,7.950962084181031,7.9531105963602275,321618
2001-12-31,8.180893898010254,8.24965884292451,8.079894992402453,8.079894992402453,134531
2002-01-01,8.152958869934082,8.23461769055291,7.650114175476124,7.650114175476124,151005
2002-01-02,8.165851593017578,8.187340202082863,8.097085949262047,8.187340202082863,17495
2002-01-03,8.208830833435059,8.226022421709066,8.08419408775771,8.170150632629776,92725
2002-01-04,8.228168487548828,8.251806303430048,8.1228718735795,8.208828392896123,51737
2002-01-07,8.210975646972656,8.251804338043494,8.165848537448309,8.251804338043494,48057
2002-01-08,8.135766983032227,8.24106361314748,8.125022329188994,8.210978861685978,16933
2002-01-09,8.202381134033203,8.241062020041095,8.105680664635349,8.11857382780548,39880
2002-01-10,8.193787574768066,8.251807869739247,8.122873415415128,8.168000544253461,22385
2002-01-11,8.14865779876709,8.208827284338284,8.084190592547765,8.165849379608296,37683
2002-01-14,8.152958869934082,8.251808580210154,8.079896192392848,8.084193914807159,123441
2002-01-15,8.00898265838623,8.165853379246085,7.998238002378826,8.165853379246085,49114
2002-01-16,8.01757526397705,8.155105834608312,8.00253289054467,8.00253289054467,20153
2002-01-17,8.073451042175293,8.11857818486259,8.000388348502627,8.000388348502627,34753
2002-01-18,8.43661117553711,8.505376804788634,7.953107448939863,8.122871265117931,357581
2002-01-21,8.832013130187988,8.9824368966611,8.767545901449358,8.810524519441064,347189
2002-01-22,8.956649780273438,9.11137125536153,8.816969982267945,8.853501664715466,405042
2002-01-23,8.834161758422852,8.982436304928989,8.778289977663633,8.917969080437238,178586
2002-01-24,8.62571907043457,8.939459798669253,8.597782826522165,8.776142850735239,90698
2002-01-25,8.595633506774902,8.77829053812196,8.509676969214965,8.68159004433484,48977
2002-01-28,8.578441619873047,8.754652410969388,8.513974393520511,8.754652410969388,46303
2002-01-29,8.488186836242676,8.681589201539564,8.477442182809643,8.589185740614562,40698
2002-01-30,8.68588638305664,8.724566574410815,8.436612254360542,8.591334416274872,92163
2002-01-31,8.816970825195312,8.896481129476353,8.72456805261027,8.72456805261027,196524
2002-02-01,8.816970825195312,8.896481129476353,8.767545972702324,8.853502511135366,86626
2002-02-04,8.816970825195312,9.02541558800145,8.810524591043311,8.853502511135366,278620
2002-02-05,9.04045581817627,9.111369963001671,8.939456926955167,8.95020157898917,454787
2002-02-06,9.76034164428711,10.22880311401003,9.111371662520243,9.240305416231621,875486
2002-02-07,9.496024131774902,10.052591247399816,9.459492454144547,9.846296439984194,330323
2002-02-08,10.207316398620605,10.357739488326265,9.401475575183529,9.64859987093121,560681
2002-02-11,10.607011795043945,10.873476144674962,10.362036055383879,10.4436941697713,898467
2002-02-12,10.493119239807129,10.744541916847803,10.357737852035145,10.744541916847803,370511
2002-02-13,11.090516090393066,11.251684512031199,10.54254499297106,10.654287864064369,5761163
2002-02-14,11.82544231414795,12.420689700321917,11.217301064340925,11.217301064340925,2547651
2002-02-15,11.326896667480469,11.902804020187117,11.221600027985815,11.604105689033469,888825
2002-02-18,11.361278533935547,11.750230408382452,11.189365462857802,11.380618632238233,701244
2002-02-19,11.255980491638184,11.531040951995033,11.023897944548507,11.531040951995033,447700
2002-02-20,12.036029815673828,12.222985882923348,10.961576713786169,10.961576713786169,2012097
2002-02-21,11.932887077331543,12.270265559188012,11.655678095200921,12.124140229781394,1118110
2002-02-22,12.762365341186523,12.850471780960074,11.457979182898855,11.457979182898855,2171398
2002-02-25,12.568963050842285,12.85047043503001,12.420688520884026,12.82898112984807,1253970
2002-02-26,12.58830451965332,12.721535991921398,12.420689876043243,12.721535991921398,701227
2002-02-27,11.902801513671875,12.560367545790289,11.445084063657935,12.560367545790289,779438
2002-02-28,10.978774070739746,12.03388910130185,10.873478117158804,12.03388910130185,667274
2002-03-01,11.655679702758789,12.205800719482726,11.088367098778315,11.174323638563108,280783
2002-03-04,11.647085189819336,12.033888602415034,11.565426365755156,11.81899688664098,288739
2002-03-05,11.391362190246582,11.926439355544149,11.346235065800022,11.64708256211042,175059
2002-03-06,11.178620338439941,11.840484167927269,11.006707972842074,11.840484167927269,150988
2002-03-07,11.4730224609375,12.678559715311316,11.393512156831946,12.012398114985618,757888
2002-03-08,11.627741813659668,11.861972167761543,11.528891428808546,11.776014947065539,813527
2002-03-11,11.170025825500488,11.655679607999772,10.744542248785436,10.744542248785436,270221
2002-03-12,11.09266471862793,11.271024019577192,10.809008786236006,11.174322832017923,256064
2002-03-13,11.219450950622559,11.821145342327373,11.002411434781346,11.170026096554778,234191
2002-03-14,11.361278533935547,11.51814922875021,11.217301703488614,11.260279622133595,105707
2002-03-15,11.440788269042969,11.687913224282008,10.873476384801275,11.687913224282008,126712
2002-03-18,11.238789558410645,11.604104286214062,11.180769267401699,11.582615677460117,152811
2002-03-19,10.993815422058105,11.258131283060488,10.961582155142624,11.21730257140074,130136
2002-03-20,10.806859016418457,11.043237885189397,10.75098724118238,10.854134650522882,211005
2002-03-21,10.80901050567627,10.959433590559682,10.787521892549497,10.787521892549497,213236
2002-03-22,10.750988960266113,10.894965793695222,10.744542027948713,10.851987874160043,55860
2002-03-25,10.750988960266113,10.750988960266113,10.750988960266113,10.750988960266113,0
2002-03-26,10.660736083984375,10.890669484565235,10.61560894840545,10.755288077828457,54173
2002-03-27,10.576927185058594,10.766031144839172,10.529650845988993,10.744541836330361,109931
2002-03-28,10.907855987548828,11.303255418177763,10.701561877142424,10.733795135510956,423748
2002-03-29,10.907855987548828,10.907855987548828,10.907855987548828,10.907855987548828,0
2002-04-01,11.228047370910645,11.518150984417039,11.00671011351539,11.146389243213461,265605
2002-04-02,11.131346702575684,11.384917923862442,11.088368079756535,11.281770485944694,183816
2002-04-03,11.223749160766602,11.41070462848481,11.08836775964286,11.094814692529416,102538
2002-04-04,11.346237182617188,11.393512827572348,11.234493606497582,11.337641737761517,78211
2002-04-05,11.389213562011719,11.595509098339488,11.174322581992884,11.174322581992884,79488
2002-04-08,11.709402084350586,11.810400301219824,11.176472663709527,11.176472663709527,551772
2002-04-09,11.926440238952637,12.055376086777,11.733039260211669,11.859824501441613,276439
2002-04-10,11.995208740234375,12.05537825477397,11.522448767601139,11.823295642050097,471823
2002-04-11,12.25092601776123,12.377711256322643,12.03388652552108,12.119842359097031,656712
2002-04-12,12.188604354858398,12.377708260148813,12.076860820710104,12.205796634610198,342385
2002-04-15,12.121991157531738,12.626984281076103,11.69435842122864,12.58830408745547,207904
2002-04-16,11.760974884033203,12.119842698753992,11.64708350609061,12.04463151682947,88569
2002-04-17,12.287458419799805,12.407797438583914,11.821145420260338,11.823294630559609,192589
2002-04-18,12.388456344604492,12.648474461001584,12.250926447460035,12.416391886759179,400051
2002-04-19,11.911398887634277,12.506646310842882,11.303257599990399,11.303257599990399,174599
2002-04-22,11.74808120727539,12.029588634450848,11.696508542760432,11.818995366605732,73952
2002-04-23,12.014547348022461,12.119843287128083,11.763124665201534,11.945782396596734,106013
2002-04-24,12.358372688293457,12.463670028865506,12.111248414243645,12.24877832358459,452129
2002-04-25,12.889153480529785,13.49514559699048,12.424989692484846,12.461520681486695,1058348
2002-04-26,12.87840747833252,13.3232311201961,12.72583451090685,12.89344915581931,602726
2002-04-29,12.775260925292969,12.893450735590696,12.72583607014123,12.8913029217564,273986
2002-04-30,12.685004234313965,13.31893318173961,12.678558001047783,12.678558001047783,104650
2002-05-01,12.685004234313965,12.685004234313965,12.685004234313965,12.685004234313965,0
2002-05-02,13.09115219116211,13.280256176160819,12.7860062040405,12.850474138164111,1438042
2002-05-03,13.254464149475098,13.667053766794625,13.02238161692189,13.213634750391776,1775793
2002-05-06,13.269509315490723,13.538121473543354,13.237275353785206,13.366209804109491,234940
2002-05-07,13.542418479919434,13.602587976889122,13.237273971857517,13.325379007456498,839217
2002-05-08,13.38984489440918,14.053857073777975,13.32322777797113,13.88194405185329,388739
2002-05-09,13.5316743850708,13.559609924851918,13.33397500016113,13.495143402010703,366610
2002-05-10,13.53597640991211,13.559613536100018,13.108343566534503,13.40919114391022,497564
2002-05-13,13.765796661376953,13.979863573875326,13.542992526668998,13.757059439167369,454497
2002-05-14,13.468729972839355,13.80511952931139,13.457808086508921,13.76143198398965,52095
2002-05-15,12.994723320007324,13.499310475264028,12.800315453899419,13.499310475264028,226524
2002-05-16,13.156365394592285,13.237186497930253,12.844002867059016,13.106125287639841,170903
2002-05-17,13.387907981872559,13.499310079462123,13.062438913684812,13.154181901084032,773322
2002-05-20,13.053701400756836,13.318008500248984,12.975064953181109,13.11486339765639,162282
2002-05-21,12.380918502807617,13.280872415157802,12.057634129037144,13.280872415157802,170136
2002-05-22,12.658332824707031,12.800314492057637,12.232383564056912,12.472662197387923,113475
2002-05-23,12.398392677307129,12.584063289871798,12.234565833224497,12.581878629117064,78347
2002-05-24,12.704201698303223,12.874581093064874,12.450816556994662,12.610275487820456,228535
2002-05-27,12.518534660339355,12.778472408391554,12.457372670264391,12.71294109636861,80051
2002-05-28,12.134085655212402,12.450817459694699,12.081662314202331,12.374365689405519,85570
2002-05-29,12.551299095153809,12.669255174752495,12.123165157863683,12.442081659589174,72282
2002-05-30,12.326310157775879,12.686729538098408,12.254227701244183,12.450818800026646,34770
2002-05-31,12.155929565429688,12.315388509675204,12.040159578267142,12.315388509675204,49608
2002-06-03,12.197433471679688,12.581879859878738,12.066372267499684,12.385288763375128,134684
2002-06-04,12.271702766418457,12.313205649253003,12.059820449571651,12.232384544687388,385264
2002-06-05,12.457374572753906,12.669256909400948,12.234568929568704,12.407134460343434,118364
2002-06-06,12.284808158874512,12.450818255076761,12.276069515281936,12.450818255076761,185587
2002-06-07,12.435525894165039,12.48139666586879,12.199615215243377,12.276066974593778,89182
2002-06-10,12.732603073120117,12.885506646157724,11.926575225174366,11.926575225174366,117172
2002-06-11,13.455620765686035,13.630369492899076,12.868029359290771,13.103940070051745,2037378
2002-06-12,13.36387825012207,13.805117275517368,13.217525848907178,13.368247571754088,250255
2002-06-13,13.938360214233398,14.416734114784715,13.193496077284996,14.198297889086524,1393203
2002-06-14,13.549551010131836,14.189565880318957,13.42722701948775,13.977683557853219,700818
2002-06-17,13.547367095947266,13.715561882590375,13.3682504224278,13.499311645411092,275042
2002-06-18,13.224078178405762,13.674054371287431,13.020933138563,13.542993192633958,102521
2002-06-19,13.010015487670898,13.324562702671138,12.931377619271103,13.106126387500789,379625
2002-06-20,13.210970878601074,13.291791957804104,12.887686561788952,12.979429523549076,133918
2002-06-21,13.077728271484375,13.259029579288496,12.975063401854035,13.21315879686472,68330
2002-06-24,13.154181480407715,13.272136137777546,12.778472318245221,12.778472318245221,101362
2002-06-25,13.031859397888184,13.136707524299814,12.942299641813449,13.136707524299814,45707
2002-06-26,13.197866439819336,13.280872192674241,12.778471193077705,12.852738302867747,377530
2002-06-27,13.468729972839355,13.529891968476623,12.931377140074147,13.10612590182818,169250
2002-06-28,13.695900917053223,14.023554639946143,13.499309818943715,13.542995941005382,767053
2002-07-01,13.988603591918945,14.062872124842768,13.630370312065427,13.70463742545652,560698
2002-07-02,14.379607200622559,14.416740765723311,14.067243211183918,14.067243211183918,508228
2002-07-03,14.663570404052734,14.943168700934535,14.198302882491667,14.198302882491667,708160
2002-07-04,14.827397346496582,14.980302333127163,14.635174137522837,14.853609021547724,949591
2002-07-05,14.755314826965332,15.050202941277343,14.602409826228252,14.602409826228252,311891
2002-07-08,14.2288818359375,14.897294355655811,14.154614724546148,14.853606817520175,291891
2002-07-09,14.027920722961426,14.482266270203663,14.023552821088181,14.460423921772191,234395
2002-07-10,13.907784461975098,14.043215001267644,13.870650900030192,14.023555889704701,69897
2002-07-11,13.986418724060059,14.106558035857324,13.76579920895844,13.826961195276978,90511
2002-07-12,14.244176864624023,14.373053433269861,13.990791630598453,14.078165310784382,90851
2002-07-15,14.152430534362793,14.281307072709394,14.032291220027329,14.069424776957858,140630
2002-07-16,13.99734115600586,14.416737852807,13.411934360944105,13.411934360944105,549370
2002-07-17,13.984230995178223,14.065053491790492,13.717740758570137,14.021365962709783,690733
2002-07-18,14.139323234558105,14.167719565963175,13.979865710909694,14.023553248168362,415571
2002-07-19,13.98205280303955,14.110929356923968,13.96020903061177,14.110929356923968,125110
2002-07-22,13.971131324768066,14.110929768948342,13.761432238964701,13.848807331227087,334753
2002-07-23,13.698083877563477,14.062871113807434,13.630369332124355,14.062871113807434,254139
2002-07-24,13.6915283203125,13.81603693235683,13.542992701764286,13.761427518425336,125332
2002-07-25,13.379165649414062,14.023551044594027,13.324557655954154,13.979863514200147,105468
2002-07-26,13.283055305480957,13.414116482255901,13.062435823521925,13.10612193609191,256644
2002-07-29,13.65658187866211,13.84880506280727,13.10612399789213,13.28087273426029,734344
2002-07-30,13.36824893951416,13.997341888330117,13.324561396854904,13.71774502218969,41277
2002-07-31,12.86802864074707,13.106122579421214,12.758811224662303,12.996905163336445,81414
2002-08-01,13.18039321899414,13.280873428261636,12.892057717942869,13.280873428261636,240545
2002-08-02,12.990355491638184,13.062439371372768,12.887690615032348,12.887690615032348,51226
2002-08-05,13.06025218963623,13.189128716030135,12.909531895474014,12.975061779246339,44037
2002-08-06,13.108306884765625,13.134519972416358,12.77846998483203,12.77846998483203,120613
2002-08-07,13.224078178405762,13.278686174784074,13.160731539855703,13.278686174784074,1881841
2002-08-08,13.075545310974121,13.193501403107511,12.933562203792295,13.127970083085298,73185
2002-08-09,13.001276016235352,13.106124123434402,12.80249884762021,13.106124123434402,31618
2002-08-12,12.957588195800781,13.186944933577648,12.822157678337348,13.106123839171897,87155
2002-08-13,12.975061416625977,13.018748950941642,12.913899436397074,12.994720523161513,32606
2002-08-14,12.902979850769043,12.990354934961402,12.887690062755073,12.935745507341178,98381
2002-08-15,12.902979850769043,12.902979850769043,12.902979850769043,12.902979850769043,0
2002-08-16,12.863659858703613,12.964140056057245,12.844000751374974,12.931374403998637,54514
2002-08-19,12.852737426757812,13.018748921151408,12.80031266960549,12.953217619827864,94224
2002-08-20,12.752259254455566,12.844000809381797,12.542560215959519,12.756627156363532,185775
2002-08-21,12.894241333007812,12.953218657202738,12.715124699630778,12.931374888345504,118296
2002-08-22,12.889874458312988,13.060253881633354,12.844002256150125,12.931375919010295,12589
2002-08-23,12.96413803100586,13.018747442573325,12.811233098149355,12.975059913319352,15638
2002-08-26,12.857111930847168,13.09739062682757,12.778475473185674,13.062441720992746,128756
2002-08-27,12.898612022399902,12.972879140950791,12.715126047980945,12.715126047980945,40391
2002-08-28,12.87677001953125,12.93137803543151,12.584066568581497,12.80031680992465,108552
2002-08-29,12.889874458312988,12.951036448174944,12.756628593289955,12.800314714953645,58569
2002-08-30,12.889874458312988,12.975063460206776,12.809051939286382,12.951036448174944,40136
2002-09-02,12.863659858703613,13.062437012233069,12.756627098751311,12.887688287453118,32691
2002-09-03,12.728230476379395,12.811234805679714,12.66925315574525,12.811234805679714,34718
2002-09-04,12.660516738891602,13.324559932777735,12.533823446913711,13.280872394918783,14804
2002-09-05,12.844003677368164,12.88769122339877,12.669256332311635,12.715127120017414,31345
2002-09-06,12.7216796875,12.798131465010215,12.691098692589357,12.71731036557014,9880
2002-09-09,12.57751178741455,12.671439431992278,12.538193568645449,12.671439431992278,20323
2002-09-10,12.57751178741455,12.57751178741455,12.57751178741455,12.57751178741455,0
2002-09-11,12.673624038696289,12.68673058620885,12.549116805692204,12.669256135880719,64276
2002-09-12,12.597169876098633,12.922637485041776,12.540375793952913,12.922637485041776,41499
2002-09-13,12.453003883361816,12.566590644028853,12.450819222293962,12.566590644028853,16371
2002-09-16,12.238937377929688,12.71294212977504,12.188697269107976,12.71294212977504,31056
2002-09-17,12.286989212036133,12.378732177624851,12.284805971059551,12.297911095049015,7376
2002-09-18,12.243304252624512,12.625565935480363,12.232382368582977,12.625565935480363,4088
2002-09-19,12.461734771728516,13.368242315535575,12.241115345775547,13.368242315535575,26439
2002-09-20,12.442078590393066,13.062435572279893,12.286988990038243,13.062435572279893,30834
2002-09-23,12.404946327209473,12.538192175753766,12.276068380524965,12.319755916318535,289404
2002-09-24,12.238937377929688,13.106125775275338,12.232384814007869,13.106125775275338,226916
2002-09-25,12.276068687438965,12.315388322355778,11.795511459825754,11.795511459825754,16490
2002-09-26,12.190882682800293,12.315391341731136,12.07292658819576,12.079480572055067,8500
2002-09-27,12.418051719665527,12.649594528730159,12.05763380020711,12.05763380020711,178841
2002-09-30,12.214909553527832,12.931377660141083,12.037977543018298,12.931377660141083,23628
2002-10-01,11.9680757522583,13.062437499482769,11.926572875342467,13.062437499482769,39880
2002-10-02,11.9680757522583,11.9680757522583,11.9680757522583,11.9680757522583,0
2002-10-03,11.841384887695312,12.145009486056937,11.802066665869564,12.057635817503371,276116
2002-10-04,11.778036117553711,12.048895702683918,11.723427410363973,11.795510563166616,117308
2002-10-07,11.865409851074219,11.965889327598099,11.664448768727754,11.79550994299888,154190
2002-10-08,12.051081657409668,12.179958191826584,11.38048447502552,11.38048447502552,94599
2002-10-09,12.431158065795898,13.062436999471307,11.92657241881028,13.062436999471307,162385
2002-10-10,12.289175033569336,12.407131097345912,12.101321183158685,12.372180784496246,90545
2002-10-11,12.315388679504395,12.363444119752803,12.203985173308347,12.203985173308347,22981
2002-10-14,12.315388679504395,12.58187897145116,12.088215184549334,12.579695730169677,232112
2002-10-15,12.315388679504395,12.315388679504395,12.315388679504395,12.315388679504395,0
2002-10-16,12.433342933654785,12.4923202565657,12.352521842362203,12.407131263316373,243219
2002-10-17,12.45081615447998,12.562218226630291,12.343783403388803,12.562218226630291,108977
2002-10-18,12.238937377929688,12.581880914608274,12.23675271677811,12.581880914608274,10289
2002-10-21,12.169038772583008,12.319759106662454,12.166854111321062,12.193067207398434,14497
2002-10-22,12.044528007507324,12.145008212645019,11.926573354397698,11.926573354397698,24582
2002-10-23,11.9986572265625,12.013947013654583,11.933127336902137,11.970259474192517,21601
2002-10-24,11.976814270019531,12.145009037116003,11.819541388530137,11.970260286935586,204497
2002-10-25,11.954972267150879,12.013949606433162,11.446017858755994,11.850124137160055,96950
2002-10-28,12.013948440551758,12.669255932182699,11.911284981874937,12.669255932182699,25144
2002-10-29,11.985551834106445,12.042344505245719,11.90473143981083,11.928759162967172,6558
2002-10-30,11.874149322509766,12.013947035840891,11.795512177192649,12.013947035840891,33339
2002-10-31,11.363008499145508,12.053264030344096,11.192629099566252,11.970258281450137,489267
2002-11-01,11.314953804016113,11.793327802315376,10.96764170986937,11.793327802315376,830682
2002-11-04,11.472228050231934,11.664451241210118,11.419803285504653,11.664451241210118,207240
2002-11-05,11.660083770751953,11.795513598163277,11.424173016147497,11.51154739599235,38790
2002-11-06,11.660083770751953,11.660083770751953,11.660083770751953,11.660083770751953,0
2002-11-07,11.823908805847168,12.07947792220499,11.590182748729537,12.07947792220499,103015
2002-11-08,11.793329238891602,11.795513190196477,11.708139523140037,11.708139523140037,3134
2002-11-11,11.74527359008789,11.8741508546958,11.708140028404655,11.795513699231703,243969
2002-11-12,11.205737113952637,11.598921457582948,11.120547397592107,11.598921457582948,144838
2002-11-13,10.819106101989746,11.474412118962967,10.576642804733014,11.27126704077135,621618
2002-11-14,10.701150894165039,11.052831606232724,10.598486029874193,10.703334845241619,337581
2002-11-15,10.465237617492676,11.5071743733346,10.40189098570869,11.5071743733346,212317
2002-11-18,10.482714653015137,10.594117451261607,10.266463748837964,10.266463748837964,376099
2002-11-19,10.482714653015137,10.482714653015137,10.482714653015137,10.482714653015137,0
2002-11-20,10.325440406799316,10.78197132567677,10.26646308486521,10.26646308486521,513612
2002-11-21,10.768864631652832,11.271265611014062,10.44121166472892,10.572272851498486,2614874
2002-11-22,11.006963729858398,11.57708019342747,10.965461548115252,11.140208921328355,886849
2002-11-25,11.515913963317871,11.577075947370385,11.098701959211992,11.194813547042179,1511721
2002-11-26,11.778036117553711,11.856672542344329,11.452567115467494,11.577075024641397,898552
2002-11-27,11.472228050231934,11.924390403913561,11.446015667868293,11.795512443261936,185996
2002-11-28,12.075109481811523,12.468294513557764,11.933127811972838,12.013947491942801,1271006
2002-11-29,12.260781288146973,12.337233073047917,12.027055191558961,12.228015629103885,190477
2002-12-02,12.243304252624512,12.581878399314222,12.145007296250695,12.450817210348426,181328
2002-12-03,12.426791191101074,12.712940601094898,12.319757002873352,12.363444542519993,438228
2002-12-04,12.282626152038574,12.573144947818136,11.99210593672596,12.538196044026968,628637
2002-12-05,11.981182098388672,12.153746186473073,11.49625620052032,11.598921072871741,452794
2002-12-06,12.118797302246094,12.184327196025167,11.847937663529123,12.10132285317605,908075
2002-12-09,11.928756713867188,12.188694422338562,11.898175723486286,12.057633237782209,666201
2002-12-10,12.10350513458252,12.708572435848902,11.756193744084024,11.882886328857943,269233
2002-12-11,12.269516944885254,12.363444587655337,12.066371872132585,12.359075265861627,235962
2002-12-12,12.894241333007812,13.01874996377444,12.23456604336966,12.402762211850757,1874805
2002-12-13,12.787208557128906,13.182576798384861,12.636488255593676,13.106123607455796,472334
2002-12-16,12.75444221496582,12.883318740703146,12.592800037742958,12.756626875638043,123492
2002-12-17,12.688913345336914,12.837448989926635,12.278253887452518,12.669254236781402,140443
2002-12-18,12.653963088989258,12.710757173604758,12.514164667606478,12.514164667606478,37189
2002-12-19,12.525086402893066,12.62338194495286,12.472661640616943,12.4923207490289,22061
2002-12-20,12.621198654174805,12.669255519538652,12.01831737138734,12.01831737138734,46064
2002-12-23,12.501059532165527,12.664886402388941,12.459556649333841,12.664886402388941,74395
2002-12-24,12.516348838806152,12.621196940975071,12.41149931710457,12.621196940975071,200715
2002-12-25,12.516348838806152,12.516348838806152,12.516348838806152,12.516348838806152,0
2002-12-26,12.601540565490723,12.865847668293169,12.560037679965298,12.625569000121116,104548
2002-12-27,13.180596351623535,13.213853041284652,12.728309982812316,12.790388560523905,517649
2002-12-30,13.528678894042969,13.590757469934674,12.859118963676115,13.005445800444107,1159643
2002-12-31,13.761475563049316,13.812468580822044,13.612929870820835,13.612929870820835,1212522
2003-01-01,13.661705017089844,13.878978581858194,13.573020518027368,13.657270215814268,357070
2003-01-02,13.677224159240723,13.745953494471232,13.386785013605293,13.701612685035172,209506
2003-01-03,13.29366683959961,13.688309399529249,13.169509694489436,13.688309399529249,87206
2003-01-06,13.517592430114746,13.61071028774541,13.216069173715917,13.548631715991634,513015
2003-01-07,13.504289627075195,13.834636178225875,13.393434016026937,13.67943976356428,359557
2003-01-08,13.393436431884766,13.701613357219559,13.391220471908866,13.694961154873184,69335
2003-01-09,14.051911354064941,14.14059585322943,13.351312167341067,13.522027522942892,957956
2003-01-10,14.145031929016113,14.275841302232967,13.93440908468109,14.191591588176394,297444
2003-01-13,13.99648666381836,14.05634784345981,13.881197665542434,14.05634784345981,96575
2003-01-14,14.2603178024292,14.362303820993477,13.932188622560467,13.932188622560467,340221
2003-01-15,14.402213096618652,14.632791088353725,14.100688362997316,14.233715124941126,420562
2003-01-16,14.446552276611328,14.588445730191268,14.193803211666465,14.300224022254405,695503
2003-01-17,14.331265449523926,14.610619038509764,14.244799788689429,14.411080349003827,93611
2003-01-20,14.388912200927734,14.499766399911742,14.036394436168377,14.18937349011145,156167
2003-01-21,14.690435409545898,14.9830905505565,14.322398722138685,14.322398722138685,2064567
2003-01-22,14.459857940673828,14.756946424078356,14.351219709392986,14.721473774456543,1403152
2003-01-23,13.98983097076416,14.555188816559,13.745951511230762,14.411077964870001,239472
2003-01-24,13.349095344543457,14.408864493467954,13.302535692305446,13.326924218792612,314378
2003-01-27,13.373481750488281,13.788078034860202,13.169509709237749,13.788078034860202,222640
2003-01-28,13.173944473266602,13.353527988762215,12.903459058908387,13.353527988762215,109454
2003-01-29,13.349095344543457,13.391220195308822,13.125168127104889,13.169510378606576,162146
2003-01-30,13.371269226074219,13.657273637431159,13.193901624318713,13.657273637431159,224974
2003-01-31,13.852371215820312,14.145026255768652,13.080824014784385,13.35574273493121,116507
2003-02-03,13.850154876708984,14.096251735830455,13.792511112535031,13.865673797522762,598433
2003-02-04,13.918886184692383,14.074082618969143,13.790295676752294,13.878978735993522,551158
2003-02-05,14.082948684692383,14.229276935345991,13.750386181432102,13.790293624191099,256081
2003-02-06,14.357872009277344,14.610619682370507,14.078518407980951,14.100688093741974,285179
2003-02-07,14.293578147888184,14.765818314988964,14.10512498495458,14.366742300076448,807411
2003-02-10,14.158331871032715,14.386692434321914,14.029739926343222,14.386692434321914,113560
2003-02-11,14.153900146484375,14.62614173905516,13.972099192894325,14.62614173905516,87632
2003-02-12,14.393346786499023,14.4554253737402,14.105124980137342,14.142815036388605,277853
2003-02-13,14.393346786499023,14.393346786499023,14.393346786499023,14.393346786499023,0
2003-02-14,14.240364074707031,14.433250549691758,14.167199941270184,14.433250549691758,161686
2003-02-17,14.619487762451172,14.85449910928866,14.317963036286685,14.366740090782313,381772
2003-02-18,14.885536193847656,15.293480249396907,14.575144792037504,15.03186445405329,507223
2003-02-19,14.7037353515625,15.120547569981108,14.632788621636056,14.77689804116943,288705
2003-02-20,14.672700881958008,15.031869450423011,14.544110342021739,15.031869450423011,149931
2003-02-21,14.566276550292969,14.632789925981308,14.4554223649519,14.588447675522415,74156
2003-02-24,14.619487762451172,14.850064307677698,14.499765408630067,14.850064307677698,89182
2003-02-25,14.411078453063965,14.49532814290039,14.30465908136016,14.366737648523213,230460
2003-02-26,14.32683277130127,14.854499245935328,14.233714903870625,14.854499245935328,54957
2003-02-27,14.384479522705078,14.588451624743145,14.21598007799195,14.21598007799195,81771
2003-02-28,14.06078052520752,14.896623921321517,13.745954276668968,14.457640517684666,363254
2003-03-03,13.717133522033691,14.1672025260476,13.710482759891867,13.967663812922938,177734
2003-03-04,13.706048011779785,13.830205177624057,13.681660923293036,13.681660923293036,27325
2003-03-05,13.745956420898438,13.923324018821583,13.493208710482962,13.745956420898438,74889
2003-03-06,13.519807815551758,14.012001515034449,13.490985934563344,14.012001515034449,187836
2003-03-07,13.519807815551758,13.59075453829473,12.92784551233768,13.479900374059202,396882
2003-03-10,13.402303695678711,13.568585672414402,13.231586918152852,13.391218134509266,205196
2003-03-11,13.415607452392578,13.45551490293149,13.269280614018633,13.346878114331806,53117
2003-03-12,13.275930404663086,13.479902443970877,13.260410041251697,13.349094538902813,28773
2003-03-13,13.149557113647461,13.298102796891474,12.947802455707267,13.298102796891474,71720
2003-03-14,13.149557113647461,13.149557113647461,13.149557113647461,13.149557113647461,0
2003-03-17,12.914546966552734,13.247111013755918,12.85912058588979,13.080828990154325,218535
2003-03-18,12.914546966552734,12.914546966552734,12.914546966552734,12.914546966552734,0
2003-03-19,12.734963417053223,13.040921533595174,12.639628140458948,13.009882241737019,270170
2003-03-20,12.683969497680664,12.85911967210975,12.437872581296208,12.437872581296208,101090
2003-03-21,12.781519889831543,13.036484952148536,12.737179079519578,12.737179079519578,1477718
2003-03-24,12.708356857299805,12.947803017038403,12.553160405692038,12.947803017038403,139931
2003-03-25,12.750480651855469,12.834730352985513,11.70623187224538,11.70623187224538,277478
2003-03-26,12.759346961975098,12.859117012898105,12.726091719140076,12.859117012898105,78586
2003-03-27,12.788169860839844,12.947799631724791,12.668446091870198,12.668446091870198,30988
2003-03-28,12.719442367553711,12.814777639027486,12.548726991906245,12.701706041960643,346712
2003-03-31,12.42900276184082,12.721659328026094,12.327016732002013,12.637409623166318,243577
2003-04-01,12.393528938293457,12.491080157246893,11.52886372655965,11.621981585091264,231550
2003-04-02,12.581981658935547,12.593067220849457,12.460040477882535,12.460040477882535,4071
2003-04-03,12.644062042236328,12.761566998243133,12.597502387360969,12.61523871264383,39557
2003-04-04,13.076393127441406,13.080827929121781,12.593068902981123,12.726094222910964,416013
2003-04-07,13.080826759338379,13.21163466673023,12.593067776816705,12.619672262101,77580
2003-04-08,12.987711906433105,13.16951286664672,12.947804448864577,13.080829787695157,100102
2003-04-09,12.910114288330078,13.169512760433431,12.770436747160277,13.169512760433431,151345
2003-04-10,13.21828842163086,13.369051528139604,12.641846250131614,12.870206870232376,323373
2003-04-11,12.894590377807617,13.253758835136448,12.646276098013647,13.038701240844755,75281
2003-04-14,12.894590377807617,12.894590377807617,12.894590377807617,12.894590377807617,0
2003-04-15,12.812557220458984,13.169508253181961,12.688400088936913,13.169508253181961,40545
2003-04-16,12.723875999450684,12.934498808719866,12.69283671211359,12.730526760735001,31959
2003-04-17,12.746047973632812,13.014314574047809,12.681751993979987,13.014314574047809,37972
2003-04-18,12.746047973632812,12.746047973632812,12.746047973632812,12.746047973632812,0
2003-04-21,12.67731761932373,12.856902600070775,12.599720113602597,12.770435490672881,95638
2003-04-22,12.879073143005371,13.253760571505934,12.66179811972054,13.253760571505934,136201
2003-04-23,12.905675888061523,13.036483788213738,12.859117681189264,12.9478007347015,114122
2003-04-24,12.9766263961792,13.12295470175177,12.859121424133406,13.12295470175177,137972
2003-04-25,12.981057167053223,13.058656106682161,12.777086557553242,12.945584518724942,88977
2003-04-28,12.94780158996582,13.076392098092887,12.876854854308448,12.969972715009904,24293
2003-04-29,12.989927291870117,13.078610357060242,12.914545749934451,13.078610357060242,122095
2003-04-30,12.94780158996582,13.012096123626279,12.861335931261282,12.992142399247834,104736
2003-05-01,12.94780158996582,12.94780158996582,12.94780158996582,12.94780158996582,0
2003-05-02,13.273715019226074,13.342444362695032,12.992144001726503,13.080828512841368,124701
2003-05-05,13.967665672302246,14.043047230105284,13.346881203687424,13.479906549876784,362129
2003-05-06,14.68378734588623,14.98752810661922,14.100691476042336,14.145033739813158,852232
2003-05-07,14.648305892944336,14.803502297423696,14.50197908941169,14.765812256623663,625588
2003-05-08,14.637225151062012,14.761380862489826,14.417732733904112,14.546323246828658,191465
2003-05-09,14.619487762451172,16.62817049419412,14.501982809435548,16.62817049419412,192385
2003-05-12,14.996392250061035,15.14937129008247,14.415515378130632,14.415515378130632,285553
2003-05-13,15.728034973144531,15.838889181571524,14.81681133392948,15.07620980703896,571380
2003-05-14,15.277966499328613,15.86549569870348,15.1316381895902,15.825586799024036,375979
2003-05-15,15.204797744750977,15.608307013867329,15.120548050036634,15.608307013867329,215127
2003-05-16,16.173664093017578,16.40645798043489,15.16488817953276,15.189276700639837,459710
2003-05-19,16.135976791381836,16.583828361870264,16.051727086610992,16.189187207069015,544906
2003-05-20,16.492929458618164,16.53948911705965,15.78567794512632,16.306695147271387,233373
2003-05-21,16.337732315063477,16.526184002939512,16.273436338340428,16.40646165246724,359557
2003-05-22,16.073894500732422,16.492924086178267,15.958605533505448,16.492924086178267,322402
2003-05-23,16.184751510620117,16.335513132638923,16.020685485591653,16.229092316622094,166729
2003-05-26,16.109371185302734,16.406461091386042,15.949739949326034,16.406461091386042,117035
2003-05-27,15.772377014160156,16.58383055781462,15.74133772096643,16.58383055781462,199676
2003-05-28,16.005170822143555,16.13819615715525,15.61939634204514,15.785678371011366,219778
2003-05-29,16.005170822143555,16.495147304675882,15.759073880331599,16.495147304675882,277547
2003-05-30,15.940871238708496,16.02955573591137,15.741334001614238,15.89652899010706,440085
2003-06-02,16.067245483398438,16.273434918425163,15.796760077258712,16.184751863680603,114940
2003-06-03,15.949735641479492,16.08276091512835,15.745763651271627,15.963038601086108,260817
2003-06-04,15.728034973144531,15.91427073488898,15.608311160133693,15.83002101779414,308995
2003-06-05,15.541800498962402,16.0960730278226,15.475288544718602,16.0960730278226,79386
2003-06-06,15.528491020202637,15.956388743817614,15.430938378915034,15.430938378915034,124497
2003-06-09,15.798982620239258,15.861061211008312,15.519630402585058,15.736904029470205,216814
2003-06-10,16.011817932128906,16.34216451361385,15.570618611028522,15.830017018605337,476865
2003-06-11,16.787799835205078,16.95186442329465,16.140409644256216,16.271217546455883,1086219
2003-06-12,16.435287475585938,17.20461765733732,16.195842717299897,17.02503408862279,572794
2003-06-13,16.84101104736328,17.020594566279478,16.495144091069992,16.495144091069992,280988
2003-06-16,16.42862892150879,16.805533649585005,16.273432517993673,16.805533649585005,212402
2003-06-17,16.384292602539062,16.849881981376303,16.275655801213567,16.62817213587012,165928
2003-06-18,16.333293914794922,16.668073806688884,16.189183069509557,16.628166365324432,163696
2003-06-19,15.909835815429688,16.561660976734917,15.874363160581389,16.229096913096633,205230
2003-06-20,15.869921684265137,16.09606480664168,15.719160082949388,16.051722565922876,650954
2003-06-23,16.19805908203125,16.535056537545838,15.940876547937327,16.229098378228908,1210801
2003-06-24,16.175884246826172,16.308911006479153,15.836669467646072,15.836669467646072,286354
2003-06-25,16.25569725036621,16.450799666496962,16.007382988663867,16.448583706936443,202691
2003-06-26,16.191402435302734,16.84987817936296,16.184751674536592,16.402026668967952,343935
2003-06-27,16.082765579223633,16.450802228358047,16.056161093100712,16.362119167142126,138875
2003-06-30,16.142629623413086,16.537270793605437,15.745769611506345,16.162583349973197,790954
2003-07-01,16.127107620239258,16.581611364765767,16.06946384732043,16.393158241228882,348603
2003-07-02,15.97191047668457,16.317777421287882,15.765721038434588,16.184752116688482,698842
2003-07-03,16.650341033935547,17.02724584775564,16.11823978129396,16.11823978129396,988314
2003-07-04,16.8875732421875,17.426325366872945,16.78780459702473,17.07159160584616,1125060
2003-07-07,16.90973663330078,17.15805087277646,16.761190993326643,17.005071873272158,482436
2003-07-08,16.681385040283203,17.06715956613488,16.59491791390762,17.06715956613488,376082
2003-07-09,16.617080688476562,16.73680445253731,16.384286801879014,16.62816624886748,443782
2003-07-10,16.357685089111328,16.628169062319813,16.23574534498514,16.628169062319813,936729
2003-07-11,16.326644897460938,16.40645978870889,16.23352704406965,16.404242388217327,135349
2003-07-14,16.202489852905273,16.617084725343997,16.096069023621485,16.406461908360683,233611
2003-07-15,15.945305824279785,16.446367751637503,15.830016843958642,16.29560612555975,440818
2003-07-16,16.14484405517578,16.184752945324366,15.83001782102665,15.967477933833095,228807
2003-07-17,15.62382984161377,16.40646286040477,15.51962784786755,16.40646286040477,528075
2003-07-18,15.5018892288208,15.874360691636019,15.391035038451387,15.745768735794764,166388
2003-07-21,15.776809692382812,16.051728516990796,15.657087327022815,15.8521912413908,372896
2003-07-22,15.45311450958252,15.830019354965765,15.253575802728852,15.830019354965765,367223
2003-07-23,15.765725135803223,15.923139006131947,15.415426180603303,15.601660502798188,210272
2003-07-24,15.683690071105957,15.95860886511314,15.630479656599935,15.630479656599935,88671
2003-07-25,15.683690071105957,15.95639290514698,15.528495069938874,15.95639290514698,197444
2003-07-28,16.047292709350586,16.17366725850238,15.524059629712657,15.918700759517636,175553
2003-07-29,15.82336711883545,16.184753005771217,15.741334819146077,16.16258188031903,214838
2003-07-30,16.439716339111328,16.537267551881285,15.963041514404509,16.049508606419447,541056
2003-07-31,16.599348068237305,16.80553752034066,16.528401330404627,16.628169955355865,971091
2003-08-01,16.295602798461914,16.761190544197188,16.251260559513494,16.761190544197188,279642
2003-08-04,16.446369171142578,16.60156561173813,16.27343640613788,16.35990350904333,161124
2003-08-05,16.439716339111328,16.827706671329793,16.406459654428197,16.561656075476787,333288
2003-08-06,16.466323852539062,16.628171063985306,16.31777960557531,16.574960646861616,244497
2003-08-07,16.829923629760742,17.027243450591413,16.406459223508136,16.49514227286118,229131
2003-08-08,18.105390548706055,18.245044554451933,17.118807200132636,17.294500004908578,1437531
2003-08-11,17.77878189086914,18.425243607732224,17.614351570790554,18.2450452146561,438910
2003-08-12,17.49947738647461,18.199997386038472,17.348562330713737,17.884650527102654,515928
2003-08-13,18.247297286987305,18.357667938416107,17.56930237843447,17.56930237843447,612402
2003-08-14,18.157197952270508,18.560390445095226,17.80355954146522,18.245045089133768,547683
2003-08-15,18.157197952270508,18.157197952270508,18.157197952270508,18.157197952270508,0
2003-08-18,18.319374084472656,18.695535954713357,18.154942327390756,18.238283869333017,305724
2003-08-19,18.10989761352539,19.055936658761304,17.929699212213166,18.51534145482463,467359
2003-08-20,17.927446365356445,18.425244392539966,17.61435232105903,18.01979762489857,232385
2003-08-21,17.94321060180664,18.199992133517483,17.929695322095053,18.064843727806267,144991
2003-08-22,17.77878189086914,18.109896785799453,17.666158444122235,17.974748356942808,172657
2003-08-25,17.42964744567871,18.019795188821025,16.7584094816895,18.019795188821025,351976
2003-08-26,18.130168914794922,18.335143616447752,17.353064353681464,17.6594014744807,291550
2003-08-27,18.15945053100586,18.38019330226042,18.019796522799403,18.29009337549428,252095
2003-08-28,17.93645477294922,18.197741922874485,17.839597938254038,18.112147578902082,256763
2003-08-29,18.7360782623291,18.918529396502723,17.92969349156081,18.109891835378907,444157
2003-09-01,19.332988739013672,19.731675605663387,18.560388384469068,18.560388384469068,988109
2003-09-02,18.914024353027344,19.596524703045834,18.515336073228465,19.461376307293843,347410
2003-09-03,19.673110961914062,20.173160214038635,18.785635886162947,19.23387827335033,814378
2003-09-04,19.855560302734375,20.047021152468513,19.596525982612715,19.81952150887477,434548
2003-09-05,20.083059310913086,20.272267364094194,19.82177220849177,19.86682216319246,394719
2003-09-08,20.335338592529297,20.538061943596492,20.092072327810616,20.10333481752555,529983
2003-09-09,20.306060791015625,20.53581328535119,19.821778027225243,20.272273315071708,226541
2003-09-10,20.04702377319336,20.488507838497437,19.82177542691823,20.484003720576936,153526
2003-09-11,20.168657302856445,20.27227104644774,19.911875734782747,20.04702415963234,173185
2003-09-12,19.961435317993164,20.202450343773776,19.911881223442595,20.182178147648447,195690
2003-09-15,19.571748733520508,20.04476889399578,19.371278179999926,19.909620485831642,188364
2003-09-16,19.70465087890625,19.82177845596218,19.03566557423565,19.373535949577057,102572
2003-09-17,19.411823272705078,19.69113126185035,19.281180440970754,19.69113126185035,209046
2003-09-18,18.855457305908203,19.281174605303388,18.78563106165641,18.920779433905693,213901
2003-09-19,19.585268020629883,19.772223332444703,18.69553996429306,18.87573836664776,222947
2003-09-22,19.64157485961914,19.727167722233947,18.522094636283597,18.695534615757502,129829
2003-09-23,19.66635513305664,19.794746648598927,19.026653273846307,19.026653273846307,116916
2003-09-24,19.864572525024414,19.929894676946148,19.56048821014232,19.821775354027533,152419
2003-09-25,19.88484764099121,20.146134823322726,19.7316797974872,19.824031061826467,345605
2003-09-26,20.071802139282227,20.08982153910114,19.596529124594568,19.596529124594568,74173
2003-09-29,20.04702377319336,20.092073735208732,19.91187535094897,20.04702377319336,104429
2003-09-30,20.24749183654785,20.497516477958165,19.882592432783056,20.047022736312005,812828
2003-10-01,20.603382110595703,20.677713955329185,20.272268727166026,20.272268727166026,358875
2003-10-02,20.603382110595703,20.603382110595703,20.603382110595703,20.603382110595703,0
2003-10-03,20.966035842895508,21.173263347955867,20.159649342237337,20.497519701608923,267819
2003-10-06,21.10343360900879,21.17100855276746,20.677716147494753,21.083162882443283,987360
2003-10-07,21.60573387145996,22.074248464638668,21.3534564450249,21.3534564450249,1423169
2003-10-08,22.256698608398438,22.738728459893643,21.668802237165337,21.80395064317505,755366
2003-10-09,22.11029052734375,22.691428600770195,21.849003380629224,22.691428600770195,628092
2003-10-10,23.448259353637695,23.6509812428227,22.119298728907037,22.517987062706396,519148
2003-10-13,24.11048698425293,24.72991662703433,23.470783688044325,23.6487292768692,857155
2003-10-14,23.698284149169922,24.23437222748605,22.569794079256678,24.05642664369329,473799
2003-10-15,24.423580169677734,24.777217080818108,23.360412254124313,23.876228140611044,1312795
2003-10-16,24.191577911376953,24.55197470294042,23.88524078492819,24.23662787627284,406950
2003-10-17,23.63521957397461,24.597025280815352,23.470787773742007,24.597025280815352,406780
2003-10-20,23.12164878845215,24.01137518818368,22.975237892729,23.96632669520841,360630
2003-10-21,23.038307189941406,23.42122743019649,22.704941023737828,23.020286328994132,326422
2003-10-22,22.876131057739258,23.19598344760231,22.713953535736827,22.840092258983933,153219
2003-10-23,23.37392807006836,23.741080270180987,22.885139805907833,22.918927276187432,303151
2003-10-24,23.87622833251953,24.011376747826947,23.123903081049296,23.245536215685473,180340
2003-10-27,24.718658447265625,25.002472079117663,24.551976783390813,24.551976783390813,320920
2003-10-28,24.322223663330078,24.8673215373383,24.286183396520308,24.831282734330436,1602164
2003-10-29,24.173555374145508,24.416823103694,23.430238368826295,24.416823103694,264105
2003-10-30,24.89659881591797,25.227713674038473,24.05642644495753,24.108233312529883,593169
2003-10-31,25.410167694091797,25.678210297363798,24.95741965177053,24.95741965177053,516865
2003-11-03,25.54080581665039,25.83588187394043,25.272763247598554,25.407910195566924,291771
2003-11-04,26.842742919921875,27.70544043723309,25.27276851805673,25.27276851805673,719711
2003-11-05,25.770565032958984,27.345045102405464,25.682719347322347,26.804451313311702,328381
2003-11-06,26.06113052368164,26.876526631514754,25.723258739217645,26.173755427704116,302368
2003-11-07,27.64687156677246,27.930682213833045,25.903454523447536,26.061129382172652,1665231
2003-11-10,28.387937545776367,28.831674405931565,28.20548636901492,28.381180636933994,770443
2003-11-11,29.088459014892578,29.28216976517563,28.496058417619377,28.606429074981374,931636
2003-11-12,30.55482292175293,30.99405427229245,29.372272924387207,29.390292326794516,892436
2003-11-13,29.97592544555664,31.079637604204844,29.376768085742572,30.858896343516374,552419
2003-11-14,29.593008041381836,30.626893989724145,29.32721388714172,29.91285745852703,411243
2003-11-17,30.06602668762207,30.273254142397104,29.786718717984694,30.18315423071994,182334
2003-11-18,29.737167358398438,31.4400370240032,29.507414916048386,31.4400370240032,206814
2003-11-19,29.86556053161621,31.08414913475654,29.417318089285416,31.08414913475654,256644
2003-11-20,29.948898315429688,30.183156345642857,29.399296427456527,30.183156345642857,250477
2003-11-21,29.978185653686523,30.858905485921692,28.674005498236067,29.732668016689455,253918
2003-11-24,31.385982513427734,31.57969325575613,30.40840592772684,30.633655742812106,646082
2003-11-25,31.622488021850586,31.985136081113748,31.185508118226377,31.66978930618857,551789
2003-11-26,31.622488021850586,31.622488021850586,31.622488021850586,31.622488021850586,0
2003-11-27,31.96486473083496,32.2103852603489,31.539147285932856,31.579691665085278,394071
2003-11-28,31.91306495666504,32.21039242162261,31.309401789159566,31.7598985691931,311908
2003-12-01,33.771358489990234,34.230863504960105,31.759898385755243,31.759898385755243,1419899
2003-12-02,34.50340270996094,35.0485019408982,33.88172030574601,34.14751154912429,1132675
2003-12-03,37.69517135620117,40.63464979312803,36.264846471396766,36.94059018873383,2021926
2003-12-04,38.60966873168945,39.188552561877216,37.391080107832096,38.967811255185076,1393561
2003-12-05,39.65931701660156,40.499489399405746,38.652461538927795,38.742561458620536,990614
2003-12-08,39.45884323120117,40.54453604999142,38.742558296437956,39.64354570941315,503935
2003-12-09,39.35297775268555,39.868795061107654,38.66597471130679,39.50839834323508,514497
2003-12-10,38.6029052734375,39.37325131664826,35.138599405727106,35.138599405727106,244616
2003-12-11,38.94303512573242,39.19305832415298,33.39969392053626,38.83266154427469,431874
2003-12-12,38.837162017822266,38.96780630907986,38.292062801640185,38.292062801640185,289165
2003-12-15,40.6841926574707,40.949983893310495,38.83265638631426,39.233597494508416,1001397
2003-12-16,42.98172378540039,48.02276152983542,40.54454354161112,40.760782200138394,1225435
2003-12-17,41.238304138183594,44.05840305974795,40.686447960675515,43.06731268176406,488279
2003-12-18,41.062618255615234,42.977221395570446,40.544546553063924,40.589596520903505,362623
2003-12-19,42.792518615722656,42.977221140686446,41.22028997098571,41.5761812016831,1198706
2003-12-22,44.05840301513672,44.644046663442516,42.57176891346789,42.706918798893895,1314992
2003-12-23,43.657466888427734,45.00444567786093,43.292564497899384,44.59900183016696,845469
2003-12-24,43.81288146972656,44.1484989932979,43.25201414230507,43.25201414230507,235809
2003-12-25,43.81288146972656,43.81288146972656,43.81288146972656,43.81288146972656,0
2003-12-26,43.99082946777344,44.270137483284515,43.78810756080772,43.78810756080772,240766
2003-12-29,46.82218933105469,48.83364904060022,44.148499869216266,44.59899655825119,1401006
2003-12-30,46.3308219909668,48.294339976563776,44.893329994541354,47.83633784121883,745332
2003-12-31,48.52107620239258,48.974543047547385,45.61888014201326,45.61888014201326,877326
2004-01-01,48.09934997558594,49.428012114918566,47.387405447792126,48.52107549098188,308841
2004-01-02,46.661861419677734,48.92919872934057,46.25373887684514,48.52107913343263,246848
2004-01-05,45.371734619140625,49.20127437644805,45.029366861962146,49.20127437644805,547819
2004-01-06,45.958980560302734,47.568791060570625,45.34679827233483,47.523446734767866,1296321
2004-01-07,44.603111267089844,46.48046709120134,43.75966026773932,46.253733680400224,570698
2004-01-08,45.65969467163086,46.97928627124083,44.213131876716,45.07472128859214,472675
2004-01-09,45.60528564453125,48.97455218187325,44.89334097351299,46.02701124476723,1479694
2004-01-12,45.45563888549805,46.0270093147876,44.671138006216964,45.392153282243655,1006287
2004-01-13,45.312782287597656,45.75491519580305,44.89332595991268,45.75491519580305,411823
2004-01-14,45.70957565307617,46.480470484854614,43.98639689009528,43.98639689009528,245468
2004-01-15,46.09955596923828,46.48046953392628,44.90240031461506,45.52818856913076,453015
2004-01-16,44.9364128112793,45.75265493829198,44.439864854288544,45.34680153327751,190170
2004-01-19,44.36277389526367,44.89333228104494,43.759662229297476,44.89333228104494,328927
2004-01-20,44.428531646728516,45.206231009907384,43.75966811230776,44.67340636758455,392777
2004-01-21,43.05678176879883,45.346795316874605,40.50829349810326,45.346795316874605,1606679
2004-01-22,41.165828704833984,42.263222254593764,40.40853974970928,40.90281861067762,832862
2004-01-23,42.7484245300293,44.213125432661464,39.23178029533916,40.94815736684645,873493
2004-01-26,42.7484245300293,42.7484245300293,42.7484245300293,42.7484245300293,0
2004-01-27,42.383384704589844,42.62599024971934,41.90043979913748,41.95032238720194,744174
2004-01-28,41.06379699707031,42.621458824056006,40.40400120874004,42.39926070959909,229403
2004-01-29,40.7372932434082,41.93898410934068,40.40626229847968,40.630729516569126,287155
2004-01-30,40.36091995239258,41.94352454265258,40.1319203369107,41.48325323283547,141805
2004-02-02,40.36091995239258,40.36091995239258,40.36091995239258,40.36091995239258,0
2004-02-03,40.31556701660156,40.812114898317816,39.6784449581722,40.13191470238495,364821
2004-02-04,40.68967819213867,40.9481558525471,39.723791399682455,40.807578731838596,231346
2004-02-05,40.72822952270508,41.213440643311046,40.449347321681415,41.213440643311046,175877
2004-02-06,40.64434051513672,40.99351279427996,39.950534221047,40.94816551541007,55502
2004-02-09,41.204376220703125,41.351754884598655,40.358658856508605,40.766778493446324,127972
2004-02-10,40.65114212036133,41.49232406500031,40.58538739183058,41.49232406500031,46524
2004-02-11,41.36761474609375,41.628358607256935,41.03884997847297,41.03884997847297,103543
2004-02-12,42.202003479003906,42.85272864979112,41.26559164310429,41.49232508021317,254395
2004-02-13,43.090797424316406,43.53293041105331,41.99340691918403,41.99340691918403,96729
2004-02-16,43.76419448852539,45.34679595489349,43.079456009802605,45.34452977014271,102027
2004-02-17,44.58271026611328,45.12007020720115,43.30619971144682,44.4398669294653,207495
2004-02-18,44.444400787353516,44.666601853390596,44.30609277244233,44.57590730015713,208228
2004-02-19,43.80274200439453,44.566835341284325,43.69164294814082,44.2131307198824,341720
2004-02-20,45.25837707519531,45.5599329306163,43.07946222489577,43.12480950184774,336354
2004-02-23,44.89560317993164,45.57353732909851,44.439867158317206,45.57353732909851,210800
2004-02-24,45.655155181884766,45.89095626760099,44.258472251335085,45.34452874414618,212197
2004-02-25,45.3468017578125,45.70957702058929,45.12006832367374,45.165415599886416,178943
2004-02-26,45.02031326293945,45.655169337299576,43.764207067407355,45.34680898865317,242998
2004-02-27,45.09965896606445,45.6188775608421,44.031740745677915,44.89333006026187,175076
2004-03-01,45.50551223754883,46.02699996299484,44.539625379615316,46.02699996299484,143850
2004-03-02,45.50551223754883,45.50551223754883,45.50551223754883,45.50551223754883,0
2004-03-03,47.958778381347656,49.83613732395768,46.03153684609434,46.48047133911021,1128740
2004-03-04,47.68443298339844,48.521082635787856,47.156143655647185,47.840879330943224,509506
2004-03-05,47.67536544799805,47.93157404401556,47.38741257717001,47.52345441734384,116422
2004-03-08,47.80913162231445,48.02226204130499,47.614139523483296,47.614139523483296,115178
2004-03-09,48.5460205078125,48.97454757066918,47.38741051912032,47.38741051912032,670358
2004-03-10,47.800052642822266,48.88384286870317,47.750173007824145,47.933825309199726,80783
2004-03-11,47.70709991455078,48.74554304836703,45.349068212998645,48.74554304836703,1810035
2004-03-12,46.72306823730469,47.614132609111316,45.532714259018995,45.532714259018995,1247701
2004-03-15,45.46470642089844,46.34443417162507,44.666602590659366,46.34443417162507,148807
2004-03-16,45.408016204833984,48.88384859398187,44.031740667509645,45.346796799256126,151533
2004-03-17,44.95908737182617,45.798003154047336,44.34917415927437,45.35133778086296,75707
2004-03-18,45.308250427246094,45.80026595627537,44.75728757206385,45.5735296030179,102129
2004-03-19,45.26064682006836,45.39215334418726,44.505624029593726,44.505624029593726,32436
2004-03-22,44.16551971435547,44.71194733909569,43.44677361278627,44.487483029118835,172214
2004-03-23,43.897972106933594,44.213130956659946,42.5806467197895,43.80501137090463,326797
2004-03-24,43.67576599121094,43.89796702611502,43.124803140748256,43.306192221800444,185894
2004-03-25,43.53293228149414,43.714318443352354,42.72349163493958,43.53293228149414,110374
2004-03-26,44.219932556152344,44.439861523747965,43.53292785965366,44.39224806629865,476320
2004-03-29,44.41038513183594,44.80263549234982,43.02957722325231,44.439860268801944,80681
2004-03-30,44.213138580322266,44.530566616713,43.587353142977,44.439872050051335,250170
2004-03-31,44.560035705566406,44.668868581384466,44.21313257154148,44.25847984870939,150017
2004-04-01,45.729984283447266,46.70720511529749,44.122439851172125,44.84798742678326,745724
2004-04-02,45.57807540893555,45.800276496881,44.711950591547584,45.66423465361746,81277
2004-04-05,47.1674690246582,47.49849996196276,45.57352784669222,45.57352784669222,114020
2004-04-06,47.01557159423828,51.241892303256144,45.58261162873672,48.70247103439358,98194
2004-04-07,47.203758239746094,47.25137170601343,45.890968011000794,45.890968011000794,353271
2004-04-08,47.42141342163086,47.60506868985601,46.571160933723746,47.60506868985601,74787
2004-04-09,47.42141342163086,47.42141342163086,47.42141342163086,47.42141342163086,0
2004-04-12,47.65040588378906,48.067595972423376,47.16065958773312,47.840859666058066,115519
2004-04-13,49.14005661010742,49.51870101653012,47.61413627287687,47.61413627287687,146490
2004-04-14,49.14005661010742,49.14005661010742,49.14005661010742,49.14005661010742,0
2004-04-15,50.06740951538086,50.380302202844874,46.48047453539698,46.48047453539698,1221432
2004-04-16,50.54581069946289,50.96753919201421,49.65474909359361,50.15356324109194,231703
2004-04-19,50.856441497802734,51.24188746443135,48.20365227448209,48.20365227448209,251823
2004-04-20,49.235286712646484,50.919919659829006,48.74780941417435,50.919919659829006,305366
2004-04-21,49.20808792114258,49.77945540220533,48.793163842219116,49.028967931901704,105655
2004-04-22,48.70926284790039,50.334948438453594,48.0653392338028,50.334948438453594,1065213
2004-04-23,48.87704086303711,50.1082068178145,48.078940140880505,50.1082068178145,173935
2004-04-26,48.87704086303711,48.87704086303711,48.87704086303711,48.87704086303711,0
2004-04-27,47.589202880859375,48.06761252635582,46.48047256982423,47.61414270437908,123986
2004-04-28,47.920223236083984,48.502930310271516,46.480462249135066,47.20601262442417,212197
2004-04-29,47.59600067138672,48.50973879930919,46.757084955113264,48.50973879930919,101277
2004-04-30,47.62321090698242,47.83407219744583,47.160673421398684,47.61414027329766,104446
2004-05-03,47.46221923828125,47.93609344243934,46.48046038121604,46.7071937592856,265996
2004-05-04,47.598270416259766,47.83860684243657,46.813769649752174,47.614139604598456,406865
2004-05-05,47.4599609375,48.06760790618773,47.001955842471894,47.61413812779765,901363
2004-05-06,48.51042938232422,49.021639650993976,48.108759298122095,48.108759298122095,196848
2004-05-07,48.04942321777344,49.28865793238718,47.69796559798378,49.28865793238718,51856
2004-05-10,48.38033676147461,48.51955117056885,46.787363582945005,47.88053469706037,111124
2004-05-11,46.8261604309082,47.70024232814944,46.32864235389988,46.78964605023024,84548
2004-05-12,46.43362808227539,50.8930429311902,46.10042765112112,50.8930429311902,133492
2004-05-13,46.84441375732422,47.78924626777151,43.818220192590836,45.18753901743986,110374
2004-05-14,43.852455139160156,46.60250715557507,42.90762549645598,46.55686269561572,241363
2004-05-17,36.232200622558594,42.44891306302751,35.5566696184321,41.58852315089994,273816
2004-05-18,38.84531021118164,40.53185330610281,36.97162425087359,36.97162425087359,339932
2004-05-19,38.88410568237305,43.36178001664283,37.70192671242276,43.36178001664283,380783
2004-05-20,39.246978759765625,42.903062181621266,39.116894416642836,40.988296586532435,108586
2004-05-21,38.3044319152832,39.02332326793028,37.934714159002674,38.569165632892684,160051
2004-05-24,38.5509033203125,39.20817693708254,38.34094120333955,39.20817693708254,288961
2004-05-25,38.297584533691406,38.47787540015935,37.884506333853864,38.34094498985416,67342
2004-05-26,39.034725189208984,39.43639219342538,38.25193236961478,38.569156548725516,1164685
2004-05-27,39.01875686645508,39.25382523608045,38.432233876207576,39.02560590826642,86814
2004-05-28,37.3436279296875,38.40941486037589,36.743406805599044,38.34094816643215,192691
2004-05-31,35.52927780151367,37.33678129017809,34.23298754060232,36.74340625118975,245400
2004-06-01,34.81038284301758,36.97162790727457,34.59813965823167,36.97162790727457,89966
2004-06-02,34.942752838134766,35.37408827024752,34.78071617994941,35.23715784661432,102095
2004-06-03,35.62284851074219,36.058748978703065,35.1915130823188,35.37408796768061,93679
2004-06-04,37.3664436340332,37.519350184142,35.60230385223908,35.8761676139395,100834
2004-06-07,37.610633850097656,38.3409391479074,37.199839715536875,37.199839715536875,40068
2004-06-08,38.02143096923828,38.15836432498247,37.38469857724349,37.65627832015725,67342
2004-06-09,38.507545471191406,39.338266948097136,37.47371088907884,38.15837187071638,68552
2004-06-10,38.16065216064453,38.56916533209238,37.47371015589512,38.56916533209238,44020
2004-06-11,38.035125732421875,38.247371855165404,37.66312698323401,37.70192536327545,20204
2004-06-14,37.72475051879883,39.16253613333929,36.606473148182616,37.656283830907086,112163
2004-06-15,37.74073028564453,38.112729099318116,37.38242362436521,38.112729099318116,58569
2004-06-16,37.667694091796875,38.34094390833165,36.51518340335707,36.51518340335707,51567
2004-06-17,38.4984245300293,39.20134281547323,37.06291964802154,37.793225207667625,97035
2004-06-18,38.3706169128418,38.56916795456001,37.884509906002826,38.34094860504095,117529
2004-06-21,37.69051742553711,39.071247476017845,37.06519605085023,39.071247476017845,158347
2004-06-22,37.42807388305664,37.772685479067185,37.19985449913322,37.42807388305664,214787
2004-06-23,36.428462982177734,37.51935307429884,36.15231519673035,37.51935307429884,236507
2004-06-24,36.533443450927734,36.743405599137816,36.51290522316148,36.51290522316148,116064
2004-06-25,37.00129318237305,37.19984419904725,36.067874707119394,36.38281790365345,53969
2004-06-28,37.82745361328125,38.06708407406645,37.336781576138335,37.336781576138335,65332
2004-06-29,38.708370208740234,38.74716858346612,37.20211822957878,38.338652546463145,115332
2004-06-30,40.2009391784668,42.44890819501598,39.25382844566263,39.25382844566263,724361
2004-07-01,39.975006103515625,42.448910604068075,39.66462492710782,42.448910604068075,99574
2004-07-02,39.879150390625,41.03166121990797,39.84720104617096,41.03166121990797,35911
2004-07-05,39.89512252807617,40.83767110498921,39.39075541392996,40.83767110498921,38347
2004-07-06,39.28577423095703,40.21234665142511,38.34094462037336,40.09595446898057,178552
2004-07-07,39.34055709838867,40.16214862499624,38.569172113671556,40.16214862499624,83969
2004-07-08,39.324581146240234,40.166710908126554,36.560836472629745,40.166710908126554,221857
2004-07-09,39.60985565185547,39.71027170124379,38.340952498828116,38.569171871524425,40187
2004-07-12,40.93124771118164,41.581675418632756,38.843034157186736,40.166708838831134,102776
2004-07-13,40.53642654418945,41.25988302247402,40.21691824946495,41.03394469625051,63799
2004-07-14,41.02252960205078,41.170874101684774,39.99554108491898,40.16670484902848,48637
2004-07-15,40.77605056762695,41.125227116622646,40.410897864865106,40.98829374074799,65690
2004-07-16,40.83311080932617,41.12523181843873,40.62771368826853,41.07958735459535,93747
2004-07-19,42.816341400146484,43.364072015127675,40.62314976841237,41.94682442516961,127291
2004-07-20,41.85325241088867,42.78667099810057,41.59308371851653,42.220686184249985,45178
2004-07-21,41.351165771484375,42.17960321086757,41.12522747904243,41.98789826269597,25621
2004-07-22,41.939971923828125,42.12939583173408,41.627309758769506,41.80988759120652,29608
2004-07-23,41.44930648803711,41.992469099732276,41.18000473584208,41.992469099732276,30834
2004-07-26,41.76424789428711,42.220686594939956,41.129796379961874,41.99246724461353,43730
2004-07-27,41.30780029296875,41.766522930628014,41.30780029296875,41.766522930628014,19727
2004-07-28,41.004268646240234,41.89889170258914,40.85136208749152,41.627308961781075,28722
2004-07-29,40.700740814208984,41.12523015808184,40.3949276647851,41.07958569608127,24293
2004-07-30,41.60449981689453,41.98790682518772,40.71444158306984,40.97461030660045,36541
2004-08-02,42.884803771972656,43.10617703239504,41.99246465445599,42.90534496569142,204821
2004-08-03,44.02591323852539,44.502893211123684,42.448915760543564,42.905354534841806,315996
2004-08-04,44.08068084716797,45.18754722181312,43.82507422462258,44.639819592426605,372112
2004-08-05,43.82051086425781,44.54853237257953,43.368634217890815,44.32031301262922,89250
2004-08-06,44.614707946777344,44.886290691852935,43.863864325673944,43.909508783626535,71328
2004-08-09,43.8843994140625,44.45723312895603,43.818216738979366,44.046436030760525,81482
2004-08-10,44.43669891357422,44.60329762859082,44.04644294384442,44.092087402611895,158909
2004-08-11,43.2704963684082,44.904549020634974,42.93501196693802,44.904549020634974,89267
2004-08-12,43.41656494140625,44.22902637963069,43.41199990139782,44.22902637963069,85059
2004-08-13,43.82965087890625,44.02135589661637,43.453086921575945,43.453086921575945,10988
2004-08-16,43.92320251464844,44.36823003316785,43.590002134841576,44.20391236271374,37563
2004-08-17,44.67633056640625,44.73110213866895,43.77486138003426,44.22901901109684,43475
2004-08-18,45.06886672973633,45.287958947112806,44.46180254214548,44.50288196212391,178637
2004-08-19,44.90684127807617,45.75810110500018,44.776753952452076,45.23319566121963,62810
2004-08-20,44.56678771972656,44.959327731523,44.365955640483655,44.73110541478668,32368
2004-08-23,44.315738677978516,44.95475512480082,43.86614612891452,44.45723708378441,59369
2004-08-24,43.88212203979492,44.72653556621446,43.361778807577245,43.361778807577245,38858
2004-08-25,43.61738967895508,44.2746633758806,42.90534440988464,44.04644404258749,42453
2004-08-26,44.54396438598633,44.63068827095298,43.36635031220758,44.27466561838527,129931
2004-08-27,44.46409225463867,44.86804043067189,44.388779480634156,44.54853214190085,59063
2004-08-30,44.72198486328125,44.959334327767415,44.457251089759055,44.49833051955109,60630
2004-08-31,46.2624626159668,46.78508399221278,44.507449667820886,45.41576496716417,221090
2004-09-01,46.506656646728516,47.01786989022028,45.50705535765538,45.50705535765538,154207
2004-09-02,45.87904739379883,46.3286399520794,45.643979035557635,46.3286399520794,57870
2004-09-03,45.751243591308594,46.27842994018394,45.55268961406786,45.92240733541058,64463
2004-09-06,46.13237380981445,46.534040908547546,45.643982829580615,45.643982829580615,71959
2004-09-07,47.739036560058594,48.1543957613026,46.10041901634394,46.14606347134071,577223
2004-09-08,47.880531311035156,47.926175765377465,47.4697371544283,47.58384532404711,148875
2004-09-09,48.27535629272461,49.3867875766062,47.72078265210835,47.92617974747785,219727
2004-09-10,47.99464797973633,48.79341712409832,45.69647257531466,45.69647257531466,39420
2004-09-13,47.75730514526367,48.01747682108853,47.424104697006534,47.46974916289557,71345
2004-09-14,47.894229888916016,48.20004300913478,47.74360436519384,47.92617922952278,79523
2004-09-15,49.3160514831543,49.75195200840783,47.74361614051187,48.15441042812814,162385
2004-09-16,49.5260009765625,49.9801585797548,48.941759043330826,49.295497654181254,479370
2004-09-17,49.87746810913086,49.98016518517342,48.48760784829957,49.70630137199736,130306
2004-09-20,50.68535614013672,51.212545451551236,49.75193769808849,49.75193769808849,317087
2004-09-21,52.7439079284668,53.722967990050925,51.121263328054575,51.121263328054575,365605
2004-09-22,52.96299743652344,54.03563036947161,52.718798985031256,52.718798985031256,577581
2004-09-23,53.417152404785156,53.63168255209893,49.35940205369623,49.35940205369623,280698
2004-09-24,53.35554122924805,54.49892506300573,52.55449090416292,53.63169203931994,279114
2004-09-27,53.387474060058594,54.544549625406276,53.195772111141984,53.631672467041774,121141
2004-09-28,52.29887771606445,54.08355601430817,50.51876149104216,50.51876149104216,61873
2004-09-29,52.20758056640625,53.814248768755775,51.12125559069035,53.814248768755775,93986
2004-09-30,51.27188491821289,52.444936818504,50.89303710067726,52.444936818504,139216
2004-10-01,50.495941162109375,52.399298693031824,49.295504814736226,49.295504814736226,136081
2004-10-04,51.4544792175293,52.262375709821505,50.71048142784448,52.262375709821505,169557
2004-10-05,51.4019775390625,52.03414208049549,51.12126468459998,51.98849761745321,236541
2004-10-06,52.18020248413086,52.410702856224326,49.52372336696801,49.52372336696801,257444
2004-10-07,52.28746795654297,52.49058402695281,49.386790361157146,49.386790361157146,125843
2004-10-08,51.57542419433594,52.399296649185764,51.12126357665076,52.399296649185764,153935
2004-10-11,52.011314392089844,52.947019853809905,51.678116965809416,52.947019853809905,68262
2004-10-12,51.602813720703125,52.94702961950512,51.3494910834054,52.39930195191449,114463
2004-10-13,51.602813720703125,51.602813720703125,51.602813720703125,51.602813720703125,0
2004-10-14,51.52520751953125,52.03413670414577,49.52372115858053,51.988492245819636,100391
2004-10-15,51.207984924316406,51.57770269705513,50.20838662141073,50.20838662141073,106115
2004-10-18,52.23725891113281,52.4905874643964,49.526008023125335,49.526008023125335,385571
2004-10-19,52.39700698852539,52.4860119001756,50.93868022809315,50.93868022809315,54616
2004-10-20,51.872100830078125,52.85572878008705,51.810480220703546,52.262356779484875,158296
2004-10-21,51.59138107299805,52.262349745655264,51.486400023923835,52.262349745655264,44020
2004-10-22,51.59138107299805,51.59138107299805,51.59138107299805,51.59138107299805,0
2004-10-25,51.34491729736328,54.088123332666704,50.984329610729674,54.088123332666704,68671
2004-10-26,51.36773681640625,51.57769895538867,51.21254921486801,51.349482592241216,145451
2004-10-27,52.50883483886719,52.90137480245563,49.9870052447757,49.9870052447757,230783
2004-10-28,52.44266128540039,52.947028478526285,52.079789562918904,52.079789562918904,122129
2004-10-29,52.296592712402344,52.490584638911955,51.899490645589694,51.899490645589694,102095
2004-11-01,53.7206916809082,53.859903141324544,52.12543133230455,52.12543133230455,231669
2004-11-02,53.95347213745117,54.40306472922232,53.40346054718546,53.72068776444189,451959
2004-11-03,54.453277587890625,54.544566518495024,52.51341154244854,54.08355979193295,822930
2004-11-04,54.70659255981445,55.09228645788641,53.85989793218616,54.316336588841004,297189
2004-11-05,54.10409927368164,55.63545493441438,52.992667911422565,52.992667911422565,320869
2004-11-08,53.89870071411133,54.54000126144161,52.97212524153153,52.97212524153153,90460
2004-11-09,53.27337646484375,53.89641685580001,53.175241463156496,53.89641685580001,126150
2004-11-10,53.21403884887695,53.49475169632583,53.17524046301289,53.17524046301289,46013
2004-11-11,54.599342346191406,55.183584396816194,52.536235009464576,53.12960120738391,137751
2004-11-12,54.81157684326172,55.00100076561178,53.90554555240701,54.77278439013779,30170
2004-11-15,54.81157684326172,54.81157684326172,54.81157684326172,54.81157684326172,0
2004-11-16,54.2227783203125,54.97590608101116,53.175245532024775,54.77050598287276,82930
2004-11-17,55.0534782409668,55.45742629096643,51.214823832356785,51.214823832356785,1165401
2004-11-18,54.937103271484375,56.18774612175928,51.48641393575199,51.48641393575199,435945
2004-11-19,58.33757019042969,60.02182921552456,56.04852510551446,56.04852510551446,752436
2004-11-22,57.70311737060547,60.432630924020344,57.56162192994296,60.0218308198689,197598
2004-11-23,58.752925872802734,59.33717370222935,58.05914084484913,58.65251281917038,428841
2004-11-24,59.3098030090332,60.418950564149334,58.92639302550927,59.063326433726935,304463
2004-11-25,58.49733352661133,60.478287903512836,56.37032753866595,56.37032753866595,837769
2004-11-26,58.49733352661133,58.49733352661133,58.49733352661133,58.49733352661133,0
2004-11-29,58.05458450317383,59.200252232534936,55.229225431976865,59.200252232534936,533799
2004-11-30,58.196083068847656,59.15460489158968,57.059545473972975,58.42429944296609,385639
2004-12-01,57.33795928955078,58.80540994572637,57.0549625170398,58.19606781850333,174190
2004-12-02,56.874698638916016,57.785292142915345,56.233398007732,57.785292142915345,216916
2004-12-03,57.159950256347656,57.28318552527234,55.27941552874768,55.27941552874768,208313
2004-12-06,55.9617919921875,57.69397928029302,55.91386947275727,57.191896266312,195843
2004-12-07,55.86367416381836,57.45436651911383,55.68566431492622,57.45436651911383,99471
2004-12-08,55.57840347290039,56.27447269851955,55.13794089043934,56.26991062479285,152265
2004-12-09,56.2995719909668,56.530072369008145,55.00100070486425,55.00100070486425,99250
2004-12-10,55.81117630004883,56.493553230399456,55.22921836312605,55.91387929610383,92333
2004-12-13,56.80622100830078,58.196081165300384,55.685659604787766,58.196081165300384,104224
2004-12-14,56.74232482910156,58.37409967932608,56.14210661886421,57.054984086172375,1868723
2004-12-15,59.20481491088867,60.250063644650155,57.515987540117465,57.557069930712316,627581
2004-12-16,58.5954704284668,60.02184518928586,58.28737324283085,59.79362878704014,324276
2004-12-17,57.97926330566406,59.702326722662946,57.465772064188,59.097540634901534,307955
2004-12-20,60.1861572265625,60.43263969782815,58.35583444496758,58.74381237743851,370136
2004-12-21,60.13823318481445,61.391160008257316,59.56539934574012,61.34551554675877,242368
2004-12-22,60.22722625732422,61.112719144245425,59.56538762826455,61.09445899024813,167001
2004-12-23,59.58592224121094,60.61063242596075,59.10894545350262,59.33716770226991,188739
2004-12-24,59.32804870605469,60.22723385567953,58.65251784250795,59.67950628881661,180017
2004-12-27,59.58592224121094,60.250044832392426,59.291523252516455,59.77078404245444,124701
2004-12-28,59.97161865234375,60.52390821275394,58.880725748072585,59.61103104319994,680682
2004-12-29,59.58592224121094,60.471415074470706,59.1591519752421,59.93053368411822,179829
2004-12-30,59.515193939208984,60.386994864891605,58.88758554794494,58.88758554794494,150988
2004-12-31,60.38470458984375,61.07164359185804,59.18655240843541,59.78904857060039,119506
2005-01-03,60.01957321166992,60.70651242370842,59.79363485710198,60.38472305181726,150647
2005-01-04,59.33946228027344,59.83926736437766,58.65252320558199,59.49237182273431,213816
2005-01-05,59.8255729675293,60.14280022138154,58.743815751669175,58.743815751669175,185621
2005-01-06,58.75065612792969,60.15877054056793,58.46994328703089,60.02183715805755,465366
2005-01-07,59.739383697509766,59.962228783124196,58.81352701365441,59.493558365628566,104429
2005-01-10,60.71346664428711,60.88117820634668,58.859460503867844,60.871987304590824,1552181
2005-01-11,59.75774383544922,61.47849681858827,59.73247632078896,60.713466227587936,970563
2005-01-12,58.746883392333984,59.73247165905855,58.40456861396181,59.04324963782417,72793
2005-01-13,58.942161560058594,59.73017232830537,58.20239854284566,59.03635784388787,207223
2005-01-14,58.425254821777344,59.04326091548478,57.89915178338343,59.04326091548478,61754
2005-01-17,57.8991584777832,58.35634472854665,56.562070093717104,58.35634472854665,108688
2005-01-18,57.48789596557617,57.89454102798606,57.20991155676081,57.89454102798606,72538
2005-01-19,58.00482940673828,58.23916456897268,57.02154021838243,57.66481379824122,49591
2005-01-20,57.57749938964844,58.12427730380274,56.97557607689763,57.894540641618505,65451
2005-01-24,57.40290451049805,58.12428573689255,56.75963101346108,58.12428573689255,49011
2005-01-25,58.14497375488281,59.038659103464745,55.716616757824546,55.716616757824546,105059
2005-01-27,60.34587860107422,60.51359016383151,57.89455341626539,58.487279988042765,257853
2005-01-28,61.86216354370117,62.30556032166507,59.5027296451974,60.65143103581508,371669
2005-01-31,62.18608856201172,62.90287723024375,61.93797009670002,62.264196281168616,184020
2005-02-01,62.670833587646484,62.94881796421822,61.34063761675166,62.48474028270638,76950
2005-02-02,63.987266540527344,67.0841707132065,62.49855532070632,62.76504969042934,691124
2005-02-03,66.45236206054688,67.91121287651295,64.32726954081225,65.24622814545454,350783
2005-02-04,66.8819808959961,68.83936802014256,64.327274810298,68.83936802014256,148228
2005-02-07,67.1806411743164,68.41664104108864,66.87738328058171,67.31388832132326,222214
2005-02-08,68.75206756591797,68.92207832121986,66.24100488803221,68.23285634360865,360715
2005-02-09,70.64973449707031,72.3222457391745,68.69234709933157,68.69234709933157,1303425
2005-02-10,73.52379608154297,73.74204867483282,70.30053624671189,73.05741896721096,547002
2005-02-11,72.67144012451172,75.10668852453374,71.21948079124569,73.60878065753178,640716
2005-02-14,71.3320541381836,73.88446694918827,70.75999672279195,73.88446694918827,308790
2005-02-15,70.41996765136719,72.13842684157086,69.84102463678205,71.44920498573542,275843
2005-02-16,73.0987777709961,74.89534556482626,71.90872001789829,71.90872001789829,1264720
2005-02-17,72.04654693603516,73.51228960470033,70.98974262596252,73.05740271332243,243475
2005-02-18,74.84707641601562,75.67644323087899,72.18439066175567,72.68981853728731,1169472
2005-02-21,74.03152465820312,78.01981558774938,73.51690570316524,75.35482968944378,588756
2005-02-22,73.0114517211914,75.3548029263292,72.13844157166706,75.3548029263292,426729
2005-02-23,73.4962158203125,73.93042771552135,71.90870994690255,73.05741146007345,340647
2005-02-24,76.6574478149414,78.54361330416259,73.33310614792407,73.51689433774085,881091
2005-02-25,74.7069320678711,77.14677263884094,73.9786532705988,75.9980713776766,318705
2005-02-28,76.1451187133789,77.42247484115089,74.4197673577528,74.43584994211629,300340
2005-03-01,77.92560577392578,78.5711785253871,75.35481086009308,76.27377560960387,341976
2005-03-02,79.39595031738281,80.1334202274247,75.8625468942551,76.7355632100062,694855
2005-03-03,80.1977310180664,80.40679863789751,78.86983392197621,79.30633901991654,408075
2005-03-04,81.68646240234375,82.47217410613823,80.08747225848012,80.08747225848012,422555
2005-03-07,82.25621032714844,82.70420556689427,78.80091505950071,81.78754003781319,203305
2005-03-08,79.28335571289062,81.78752662479505,78.80090213628401,80.4090827156377,258211
2005-03-09,78.27940368652344,82.15512144633412,77.19273336393682,82.15512144633412,214531
2005-03-10,77.0893325805664,80.40907460751306,76.9629711541056,80.36312608370808,124872
2005-03-11,77.7326431274414,79.03067461589619,77.37654488360036,78.06346787950115,197819
2005-03-14,77.48678588867188,78.79860617803988,76.96297626570222,78.75495089712976,173134
2005-03-15,76.32429504394531,77.58326904947873,75.21694997021635,77.19271257519169,154787
2005-03-16,75.44209289550781,77.40637132303974,75.12505167464279,77.40637132303974,165349
2005-03-17,75.09061431884766,76.03944507716635,74.66559332036589,75.359413868394,181686
2005-03-18,73.85231018066406,76.54946057279591,73.14930474768953,73.56743403564039,104361
2005-03-21,74.07513427734375,74.66556140254238,73.51686036601106,74.66556140254238,96303
2005-03-22,74.4174575805664,74.89531869100892,73.2457820545748,73.47093223172209,157104
2005-03-23,74.08434295654297,74.66558534185053,72.78631180236582,73.97636927654996,405145
2005-03-24,75.46968078613281,76.2737741803882,74.20610801172967,74.20610801172967,122095
2005-03-28,75.6029281616211,76.13592878276553,74.20610821447734,74.20610821447734,68500
2005-03-29,76.62068939208984,77.60627183912523,74.89533784013297,75.3088687279801,191550
2005-03-30,78.04507446289062,78.34144074752402,75.26291849780574,76.73325980023688,124684
2005-03-31,78.2426528930664,78.61713289265673,77.19274011266299,78.02440031651825,76218
2005-04-01,78.75495910644531,78.9387532330306,76.41620631682588,77.46841813633417,40698
2005-04-04,78.31387329101562,79.67163648010356,76.96299581351097,76.96299581351097,96115
2005-04-05,78.68832397460938,79.03063869351928,77.65908657203069,78.57115941650935,52180
2005-04-06,78.04047393798828,78.80091202669344,77.74410768396278,77.9187109195438,45894
2005-04-07,78.15763854980469,79.07660326226767,74.48179761593958,74.6655857808357,39369
2005-04-08,77.13301086425781,79.20756300825295,76.96300006791014,79.03066649994136,46575
2005-04-11,78.61253356933594,78.80092019029587,76.96299654766588,76.96299654766588,160408
2005-04-12,78.83077239990234,79.49012844430668,78.34142711442945,78.34142711442945,87444
2005-04-13,80.10581970214844,80.8685628367256,79.16848530904197,79.33619085793953,234173
2005-04-15,80.26663970947266,80.40907775003708,78.364392248783,80.36312922443638,156150
2005-04-18,80.18624877929688,80.4090937981409,76.0899793056172,77.42706733466835,158296
2005-04-19,79.29485321044922,79.99555937635014,79.03065213333933,79.62797708663065,62572
2005-04-20,79.4786605834961,80.36086180900647,78.11170046548335,78.63780946112088,206269
2005-04-21,84.34913635253906,86.61208064090056,78.57117118669503,78.57117118669503,571755
2005-04-22,87.71943664550781,88.82448881757648,83.90115140837031,85.46338973596683,647411
2005-04-25,89.6538314819336,90.64631132657318,87.30128954041503,88.67973343730364,1481006
2005-04-26,88.17430877685547,90.42576284340396,87.62293239263941,90.42576284340396,475281
2005-04-27,87.40238189697266,88.67973790210962,85.46337661009342,87.85267032793668,451141
2005-04-28,85.35079956054688,88.53730091549622,85.04984086356637,85.46337764164181,333117
2005-04-29,84.11022186279297,85.46339259895282,83.8552056800831,85.44731001312458,135451
2005-05-02,84.77876281738281,87.53105282427248,82.98449447105226,87.53105282427248,144736
2005-05-03,87.34263610839844,87.76076527920719,84.3146559116526,87.76076527920719,622777
2005-05-04,87.31049346923828,88.22026729358419,86.93601947911348,88.22026729358419,514923
2005-05-05,86.77289581298828,87.41616929547423,86.1525965967338,87.29211303542057,73475
2005-05-06,87.24845886230469,87.30129907811168,85.97110278192785,86.15259769587342,64633
2005-05-09,90.78080749511719,92.26402880794235,87.65520759542774,92.26402880794235,654089
2005-05-10,89.96650695800781,91.34592144759303,89.5236154178521,91.3436129094684,319250
2005-05-11,89.9411392211914,90.14643723550618,88.23416999912644,88.23416999912644,250783
2005-05-12,92.02179718017578,93.60650979839014,90.33327828827865,90.42324532445798,761448
2005-05-13,91.5604476928711,92.26860525477397,90.88457968373108,92.26860525477397,322351
2005-05-16,92.2340087890625,92.72994874570517,91.80726501541874,91.80726501541874,566116
2005-05-17,92.12560272216797,92.72996009984669,89.0853535223757,92.26861817821535,278347
2005-05-18,91.50048828125,92.25939782590505,91.11526216268354,92.12560452862786,261243
2005-05-19,92.02409362792969,96.23154534532415,91.76113014416867,94.11167171187448,290051
2005-05-20,91.93875885009766,92.45315517055943,91.44512138658901,92.45315517055943,65093
2005-05-23,92.29630279541016,92.36088790628587,90.65391859623662,92.0379503594998,245911
2005-05-24,92.30551147460938,92.7299467007254,91.81418260893426,92.29628931454826,74736
2005-05-25,92.13945007324219,94.11400014758142,91.66887995258018,94.11400014758142,162436
2005-05-26,92.16712951660156,93.51424869237587,90.88459545376251,93.51424869237587,670494
2005-05-27,91.48433685302734,92.49698172084847,91.34593248048664,92.16712456211712,639659
2005-05-30,92.58695983886719,93.23745811129083,91.57662332312498,91.80729132369525,492947
2005-05-31,92.61231231689453,93.4219676469255,92.32166435382568,92.72995182810611,242538
2005-06-01,92.75302124023438,93.35276749676781,92.59155547608552,93.14285840565229,108023
2005-06-02,91.84419250488281,93.19131777280961,91.57892042246122,93.19131777280961,220664
2005-06-03,92.20172119140625,92.59155836900418,91.57660497891449,92.26861483820974,386644
2005-06-06,92.46931457519531,92.86837396909422,91.62274645600695,92.86837396909422,1032062
2005-06-07,92.14173889160156,93.55806003156749,91.86031909565476,92.72994841843753,128535
2005-06-08,92.13023376464844,92.68384535376612,91.34594818164643,92.68153681496588,117819
2005-06-09,91.84186553955078,92.63768762335063,91.48432993184187,92.03794138391795,174190
2005-06-10,91.96641540527344,92.360863574382,91.3920451930493,91.99871095030511,426797
2005-06-13,91.55586242675781,92.22250251121012,91.06914446985054,91.07145300877959,182027
2005-06-14,91.5696792602539,93.60651165322996,91.34593092503972,93.60651165322996,201141
2005-06-15,91.76112365722656,92.07253044323039,91.36898399937087,91.36898399937087,74122
2005-06-16,91.47972869873047,92.6838384625928,91.34363285131904,92.26862530447272,416252
2005-06-17,90.67235565185547,91.70806771775271,88.34718422254907,91.39666093697423,222811
2005-06-20,90.46937561035156,92.72995633105246,90.0080337074704,92.72995633105246,217172
2005-06-21,90.01495361328125,90.79231942913383,87.65749222473897,87.65749222473897,161414
2005-06-22,91.15216064453125,92.72995362397023,89.9618962912881,90.56164254638617,453952
2005-06-23,90.67466735839844,91.57659824141761,90.23870141896556,90.42324056584258,211465
2005-06-24,90.17874145507812,92.26862243523672,88.57788089570153,92.26862243523672,203748
2005-06-27,91.75190734863281,92.77608886654738,89.17761731455253,90.1787314380734,646065
2005-06-28,89.72892761230469,91.75191488152838,89.50056218791903,91.75191488152838,139557
2005-06-29,89.92961120605469,91.57660645019722,89.03921693800338,91.57660645019722,161720
2005-06-30,89.68047332763672,91.2075203844697,87.88585170199437,89.08534417003321,947258
2005-07-01,90.29407501220703,90.83845836425897,89.17762383508442,89.73123534480926,631397
2005-07-04,91.72884368896484,92.03794798566635,86.57564633439189,86.57564633439189,396473
2005-07-05,97.40567016601562,99.18876121228226,91.80727275879845,93.37583763106542,1476287
2005-07-06,99.1541748046875,101.71693451052478,95.08281808036153,101.26482071042761,882113
2005-07-07,95.10818481445312,99.6501052198817,94.57533217574934,99.6501052198817,313628
2005-07-08,96.76671600341797,98.95810070595732,96.3284414613917,98.95810070595732,602624
2005-07-11,100.29597473144531,102.87949274847556,97.20498006814489,97.25111485382426,981397
2005-07-12,98.97425842285156,101.95683654517511,97.36186101944237,101.95683654517511,350034
2005-07-13,99.15186309814453,101.449356650968,98.72742779040449,101.449356650968,360852
2005-07-14,98.13689422607422,101.49547552131953,97.71245898492388,101.02951057740859,1128280
2005-07-15,98.32603454589844,99.41941808857106,97.98925183578825,99.18413309832762,294940
2005-07-18,99.29949188232422,100.11145583114241,98.72742405621447,98.72742405621447,339557
2005-07-19,99.70085144042969,100.5727893470094,99.18875768782075,100.5727893470094,1138484
2005-07-20,99.99149322509766,100.57278915920085,99.43327068134796,100.11144727240058,300800
2005-07-21,100.86112976074219,101.95681600510754,100.15758322528619,101.49316557464014,1441057
2005-07-22,100.83575439453125,101.17253715569124,100.15758378798644,100.15758378798644,177870
2005-07-25,99.44019317626953,103.61765820313748,98.49674452330237,101.02951689171695,615094
2005-07-26,96.51990509033203,99.65011560838275,95.49803195518668,99.47250204110108,590647
2005-07-27,96.88436126708984,99.41944237935675,95.95936885347233,99.41713384082682,143066
2005-07-28,96.88436126708984,96.88436126708984,96.88436126708984,96.88436126708984,0
2005-07-29,96.62139892578125,98.49675371500958,94.67914448799695,98.27069682242553,528467
2005-08-01,97.54175567626953,98.26606700606834,93.69877124643348,96.74363708492436,240613
2005-08-02,96.73442077636719,98.935027511689,96.05163306805358,98.91196011629177,132896
2005-08-03,100.63738250732422,101.44935244942972,96.76671302685732,96.76671302685732,706678
2005-08-04,106.50106048583984,107.26227857515849,100.11145760499969,100.11145760499969,1120972
2005-08-05,105.79518127441406,107.26226024766594,104.95554497352259,104.95554497352259,452061
2005-08-08,103.3270034790039,105.18621019579999,102.92562963615566,105.18621019579999,193254
2005-08-09,105.6152572631836,113.02904634961591,102.83335495221353,104.16894916346634,1019574
2005-08-10,108.54711151123047,110.2148717242606,105.6475750825291,105.6475750825291,539506
2005-08-11,107.46295166015625,109.33831227258288,107.03159677319334,108.78469479637404,265741
2005-08-12,108.21033477783203,110.4455396436209,106.61638792413352,110.4455396436209,199983
2005-08-16,108.95077514648438,111.18367732974173,107.95427810301021,109.29217498081204,563135
2005-08-17,108.3925552368164,109.33831243050234,107.03159692778117,108.95077779811503,142606
2005-08-18,106.4295654296875,109.79045022154575,106.10893636575865,108.18497837443287,167904
2005-08-19,105.5091552734375,108.09267937790771,105.18621176227713,107.16999562414159,129744
2005-08-22,105.243896484375,108.41563652793886,104.72488905616574,108.41101945090524,88483
2005-08-23,103.83679962158203,106.56563596111621,103.47925798567,105.34769905222815,120630
2005-08-24,105.30386352539062,106.33957577073862,101.0364374192166,103.34085039472828,1518587
2005-08-25,104.50343322753906,107.4906339836075,102.74111298029398,107.4906339836075,412726
2005-08-26,106.021240234375,107.26226238267301,103.34084154161287,103.34084154161287,444088
2005-08-29,104.98091888427734,106.56102643245629,101.54161649322825,106.0166431110738,181754
2005-08-30,105.5322494506836,107.21615153052821,105.0017052883328,105.0017052883328,382828
2005-08-31,105.97511291503906,107.21613515077665,104.72488051080155,107.21613515077665,300681
2005-09-01,106.68789672851562,108.78469718196328,105.1862194849141,106.10891529882973,282521
2005-09-02,106.2703857421875,108.18496165162495,106.10891996385712,108.18264711692369,137768
2005-09-05,106.50106048583984,107.26227857515849,103.80220507273403,104.95556290687551,85996
2005-09-06,106.63253021240234,108.41562112463146,106.29343293537917,108.36948633807366,97649
2005-09-08,110.2656021118164,111.87569052047482,106.33956428223803,108.50788718791073,724975
2005-09-09,109.40522003173828,110.72235825357978,108.876978420575,110.72235825357978,234446
2005-09-12,110.84229278564453,112.10636444532555,108.41793175707127,109.56898697251918,311312
2005-09-13,115.3495864868164,116.0277569390309,110.36246129235911,110.72231736237856,684872
2005-09-14,117.49945831298828,118.0115460371195,113.2597111024204,113.4903850298147,1151125
2005-09-15,117.78549194335938,118.47289666536481,116.51218622522173,117.41180856691678,270306
2005-09-16,117.03352355957031,121.10257149689414,116.72672179188089,118.79585584933426,231771
2005-09-19,117.28491973876953,119.21101974713808,116.71976570729966,117.04270915493902,397104
2005-09-20,117.46024322509766,119.02649940569384,111.28055646312092,111.28055646312092,384174
2005-09-21,115.61717987060547,118.10381726016674,103.82755340176196,114.50533991969613,362283
2005-09-22,110.28406524658203,117.08888124642547,108.9323409976084,115.56644507193937,231976
2005-09-23,111.55736541748047,114.64374299983865,107.26226124910708,108.41561889694695,519012
2005-09-26,114.92977142333984,115.55258501959113,110.76846661663866,113.02904707851269,218484
2005-09-27,117.09809875488281,118.05769521437885,113.53883619813605,114.42461939034891,377172
2005-09-28,119.04496765136719,120.4105430484617,113.9517443840656,115.30116600878911,702573
2005-09-29,116.34383392333984,119.02653594751551,115.56646194921774,116.71981994865034,836082
2005-09-30,120.16375732421875,122.57888480945323,115.335804896489,115.56646691235389,717837
2005-10-03,117.69091033935547,121.77840173080976,117.41179910051993,120.87187183624688,527274
2005-10-04,118.68741607666016,119.81079272568373,115.33576642738974,115.33576642738974,240783
2005-10-05,117.19727325439453,119.76465546897619,116.71978362296116,119.76465546897619,266354
2005-10-06,115.82249450683594,118.47291256670731,110.79385006660208,110.79385006660208,404020
2005-10-07,116.5998306274414,117.63093763886872,106.1088984178278,106.1088984178278,153049
2005-10-10,116.65062713623047,118.95272612432451,115.79713931366224,118.54904961354778,130153
2005-10-11,115.27349090576172,117.18114714464812,113.02906388068787,113.02906388068787,498211
2005-10-13,115.02436828613281,120.4105420285848,113.02905961642568,117.64249062117776,664293
2005-10-14,111.88951110839844,115.56640609491694,111.58502397619544,115.56640609491694,517308
2005-10-17,109.57359313964844,113.02444428552911,106.84705940317409,110.03032396744473,382300
2005-10-18,113.75337982177734,114.59763339228026,109.5736057028945,109.5736057028945,579779
2005-10-19,111.00144958496094,113.90328813302379,110.26560752212505,112.15249274135286,342504
2005-10-20,106.3395767211914,113.94251103945227,103.80219922299939,112.56771347153423,606729
2005-10-21,107.2092056274414,110.12258072876992,105.87822847050252,110.12258072876992,510221
2005-10-24,105.43997955322266,108.73857551258207,104.50344438832879,108.73857551258207,181959
2005-10-25,108.57479858398438,109.15147749541173,102.8795082047107,107.17000794026366,456814
2005-10-26,109.88040161132812,110.21486986828252,104.9555633967112,106.57025717660046,227683
2005-10-27,109.46057891845703,112.79840206009175,107.54600285446476,110.03033825800988,681141
2005-10-28,110.77079010009766,112.79839448027624,109.07535143506266,109.07535143506266,350272
2005-10-31,108.50328063964844,110.72234362952261,107.53906713594456,107.72360629411222,475554
2005-11-02,109.9288330078125,110.99914336464896,107.95890022687668,110.12259433214562,158518
2005-11-04,109.9288330078125,109.9288330078125,109.9288330078125,109.9288330078125,0
2005-11-07,111.33362579345703,112.10406602160317,108.46176798954008,108.46176798954008,392095
2005-11-08,111.28516387939453,114.3669241112949,109.79962871188397,114.3669241112949,652232
2005-11-09,108.95077514648438,113.95174066260115,108.42023107346711,111.55275563876478,568007
2005-11-10,109.57823181152344,110.39942404803949,109.24606605173868,109.56900964857758,425571
2005-11-11,110.46630859375,113.25743375510446,109.79966259414299,109.79966259414299,548211
2005-11-14,111.05679321289062,112.23782923597855,110.39938156660342,110.39938156660342,419625
2005-11-16,112.01180267333984,113.02907068950655,111.41436488269318,113.02907068950655,502487
2005-11-17,113.58494567871094,114.22853006852691,111.9679378006275,113.02903775954574,575349
2005-11-18,114.47303771972656,119.0011301379151,113.9517278584557,119.0011301379151,599131
2005-11-21,117.95159912109375,118.56519070972837,114.13629825560008,115.28965616521302,1131772
2005-11-22,121.2132568359375,122.20976572376975,117.96540177779855,119.94918540166533,1829626
2005-11-23,122.68267822265625,123.17862429024258,121.10258241868966,122.26054543148135,1106031
2005-11-24,121.69078063964844,123.63995473082058,120.66660498572814,123.17861877580008,1189541
2005-11-25,135.591064453125,137.1988508381399,122.02527463791262,122.25594863759756,5757245
2005-11-28,155.06201171875,157.98230645600026,144.8617150081165,145.2976869309704,14055446
2005-11-29,152.7945098876953,160.31669841312637,151.87873380882434,156.85662552667605,12786518
2005-11-30,149.20526123046875,156.39529640390975,148.59860137561307,152.93522336849222,4493274
2005-12-01,155.02047729492188,156.90275729269248,146.24574212169637,149.9364768689752,7310824
2005-12-02,160.40440368652344,162.6234550225186,155.70330748996852,155.70330748996852,7461079
2005-12-05,162.1689910888672,165.20693117472865,160.6511723168416,161.9313975558101,4182524
2005-12-06,159.74696350097656,164.18047262702058,157.54867124938468,161.47008058803667,4287584
2005-12-07,160.69964599609375,161.82532536310435,158.70203462242216,161.10101989861946,1996884
2005-12-08,158.8150634765625,161.23942469427865,157.32722537727403,160.54740279028124,1271994
2005-12-09,164.641845703125,167.46756915733465,158.93272729796388,159.1633893001125,4033410
2005-12-12,162.33741760253906,166.07891707636867,161.700764630586,164.00748038271885,1931109
2005-12-13,166.85162353515625,167.83659579159135,161.56232503650497,162.3950537027212,3302132
2005-12-14,165.260009765625,168.80543298393516,163.77678886567404,167.0062001666604,2355300
2005-12-15,160.81956481933594,166.31416135954282,159.21179094405437,165.48374722028402,1477701
2005-12-16,162.91636657714844,163.7306268936554,159.67081403513617,163.17702150040506,1887804
2005-12-19,166.86549377441406,167.46754862906693,162.94638685957432,164.761773585221,1703323
2005-12-20,167.73281860351562,169.2575573119013,166.09274890962908,167.46754654369673,2712131
2005-12-21,168.42483520507812,170.2356047742689,167.7397329556445,167.92888919742293,1839694
2005-12-22,167.66127014160156,169.49741528923917,167.0984425869253,167.23683494141613,1017377
2005-12-23,166.64173889160156,169.3129156377852,162.8541050295134,169.3129156377852,927053
2005-12-26,163.84829711914062,165.89897470344727,161.008735028285,165.85283991434545,904992
2005-12-27,167.81814575195312,168.3856024255444,161.5623310753915,161.9337119086426,1093357
2005-12-28,165.86669921875,168.3902377099412,164.81713563780752,167.9289017555167,835554
2005-12-29,166.00279235839844,168.15496198479934,165.39843493075415,167.00622116454696,1575572
2005-12-30,166.76861572265625,168.1595671191112,166.31418741867242,166.31418741867242,457973
2006-01-02,167.27609252929688,167.92889926476226,166.77554140719548,167.92197964528282,339387
2006-01-03,172.7198944091797,173.64718308166243,167.23682328515218,167.88271019231533,2108536
2006-01-04,171.6357421875,174.74289034192316,171.16055513701673,173.00361987153553,862096
2006-01-05,171.0867919921875,172.91140094999795,169.77658539943397,172.91140094999795,788671
2006-01-06,172.60400390625,173.57035419201597,169.72353068441717,172.41167357384796,721567
2006-01-09,172.40704345703125,174.49497942893296,171.72574297977414,174.49497942893296,438893
2006-01-10,170.60643005371094,173.33859510950845,169.63081516137822,173.33859510950845,360221
2006-01-12,168.5370330810547,171.9250056430049,167.08405004008802,170.09430146722798,698262
2006-01-13,169.03065490722656,170.97259627328188,168.00869210428957,169.11639877430156,371737
2006-01-16,169.2090606689453,170.32370662455855,168.00865881549424,169.49177321441618,376150
2006-01-17,169.17196655273438,171.8879151743712,168.93791489248855,169.20904953056095,483799
2006-01-18,167.39454650878906,170.09427880458355,166.20574674193514,170.09427880458355,715111
2006-01-19,172.3954315185547,173.2922541490547,164.9984128245737,164.9984128245737,1546764
2006-01-20,190.10702514648438,192.52634632900205,172.64338654949123,172.82877736153134,8266548
2006-01-23,199.06826782226562,203.00082291414134,187.75258493405323,196.975681638882,6222594
2006-01-24,199.4320526123047,203.2672853200606,197.67549058730341,202.9521161666036,2737855
2006-01-25,199.07058715820312,202.72274297101873,197.90726818634306,201.1469450832671,2095589
2006-01-27,207.1604766845703,208.56249773126012,200.68346040098834,203.00082148689123,2881314
2006-01-30,207.7490692138672,215.37548792894003,205.27181079355353,211.76041587312756,3518520
2006-01-31,207.93682861328125,210.83351818559893,205.50359202376933,210.83351818559893,1395759
2006-02-01,204.66934204101562,210.41175943394708,203.46663885012117,210.41175943394708,1271738
2006-02-02,203.7400665283203,207.17206148922614,203.23254292170134,206.24513153513485,1045673
2006-02-03,205.3668670654297,208.00171067205116,201.70310919938296,203.92778705114654,1412812
2006-02-06,202.97998046875,208.46982870787826,202.07390503648898,208.46982870787826,1651074
2006-02-07,206.61825561523438,207.21845061639704,202.7946117857149,205.68898826548772,1683953
2006-02-08,205.84190368652344,209.48943311776387,204.85471082628007,207.26476738167187,1135861
2006-02-10,204.91729736328125,207.86265981986483,199.29305670683328,207.63324650025513,506150
2006-02-13,206.71092224121094,207.63553902918557,203.0008169607171,203.0008169607171,1334686
2006-02-14,206.2265625,208.56247689124746,205.55453893617045,207.17204592133768,766235
2006-02-15,205.68666076660156,208.09903054238399,204.39123817218086,207.40382700281654,447445
2006-02-16,203.89764404296875,206.70397537392375,202.76910691041954,205.54992110021453,370869
2006-02-17,201.27206420898438,205.079491293974,200.91519773612603,204.9473997370239,428705
2006-02-20,201.36709594726562,202.5373544380169,196.5608858302593,201.60809919891528,579625
2006-02-21,202.9498291015625,204.62297271719885,199.9882506891966,201.65674387253625,524054
2006-02-22,203.1977996826172,205.08645352201097,201.61039988913984,204.85470295903363,409608
2006-02-23,198.69981384277344,203.88143210286995,197.43917307018694,203.69604127354037,2188877
2006-02-24,200.57913208007812,201.84209769752977,198.13431834495836,199.8005101023555,715315
2006-02-27,201.29293823242188,201.79579938673902,199.80518533406985,200.68346651353556,561738
2006-02-28,209.46859741210938,210.64812063612712,199.75653012067423,202.3056298745898,1691739
2006-03-01,210.2796630859375,213.01182827787525,209.30403609723876,209.9529039455635,1392352
2006-03-02,225.0551300048828,228.9529390402217,208.65052606581514,210.87984199911068,4110497
2006-03-03,230.595947265625,234.5632719674703,222.46665438218034,222.46665438218034,4279645
2006-03-06,234.072021484375,238.0856824015072,230.63074934025207,231.7778400549597,2129916
2006-03-07,254.35816955566406,257.17144018552517,234.05346619144962,234.5169191253261,6624503
2006-03-08,256.3255920410156,273.8656960761843,253.98273816199585,257.4587794183854,12846825
2006-03-09,262.40631103515625,265.5625565209108,240.44933459894523,240.44933459894523,11630947
2006-03-10,266.76531982421875,272.91095029504055,262.83970447887555,268.81387134632723,4370003
2006-03-13,263.62066650390625,269.7871637430132,262.7887210439184,267.6551935660581,2764363
2006-03-14,261.5721130371094,266.450151365196,260.0310610068835,264.1791501479718,2434601
2006-03-16,260.96038818359375,264.7353593186607,260.146996080557,263.25225663376534,1594396
2006-03-17,260.6521301269531,264.1745073312927,259.7761621626987,263.48393017731985,1318365
2006-03-20,258.0357971191406,262.78870728294504,256.768205016677,262.78870728294504,1256491
2006-03-21,263.1108093261719,270.34329109264615,257.6905020695174,258.5571931787572,4391656
2006-03-22,261.1341247558594,265.2914665016976,259.1411856834439,263.5766136320961,1856713
2006-03-23,261.00439453125,264.4109210248532,259.544471816497,261.8618331720014,1034804
2006-03-24,263.0205078125,264.2255241238592,261.16659949424405,261.86182716134357,1015997
2006-03-27,262.25341796875,268.9992434737606,260.33233162180477,264.179154747977,1828553
2006-03-28,257.5399475097656,264.8280435744087,255.8482741688379,264.13283997316597,2434755
2006-03-29,255.23182678222656,260.14229788534993,253.98276400722207,258.6174861540364,1653238
2006-03-30,256.6128845214844,259.0808899933101,253.9826922530361,257.2270064774372,4469101
2006-03-31,263.0111999511719,266.9136355374237,254.44623609623827,257.22707414938657,3237106
2006-04-03,281.4111022949219,284.1085223762568,263.62304969803245,263.62304969803245,5505439
2006-04-04,282.03668212890625,288.27965775860764,279.7100687474073,284.10841330127187,3316749
2006-04-05,287.5914611816406,288.74320230150175,280.03918245323223,283.58939029982355,2677225
2006-04-07,279.6869812011719,290.504418972115,277.61989977814005,289.3781948855692,3031569
2006-04-10,283.3715515136719,285.7769576155237,266.5428650927185,280.6324226635866,1765027
2006-04-12,277.97442626953125,292.4509831561805,274.6073200337679,285.035422015492,2693409
2006-04-13,266.3203430175781,282.6716463238382,257.7368509158776,278.59309726512737,3013137
2006-04-17,269.1336669921875,271.59468534544607,264.17914954684966,270.49395455107816,1824192
2006-04-18,271.77777099609375,274.60728196898276,269.0919415152666,271.1312404250716,1401755
2006-04-19,268.934326171875,274.4125584318731,267.8868707186218,272.9850687625055,1358433
2006-04-20,275.84478759765625,280.6324689051804,269.0456613682942,271.13129636313744,2164993
2006-04-21,271.94464111328125,280.40066946874396,270.2042950691652,280.40066946874396,1522573
2006-04-24,264.9554138183594,276.92458815169005,263.48387756750964,273.39756121925683,1273595
2006-04-25,258.31622314453125,266.95997956970433,256.53185461477824,266.49652662588943,2326833
2006-04-26,268.6446838378906,273.4485800561158,256.76357713189645,264.1791366643831,4490140
2006-04-27,260.70538330078125,271.58770628234714,256.76817858990347,271.080206859945,3298997
2006-04-28,267.6436462402344,269.9725975316141,213.197244402648,231.7361352202696,2521620
2006-05-02,272.23895263671875,273.4486193174484,268.8138969561357,270.6677810815596,1575691
2006-05-03,277.5016174316406,278.54673568163844,268.87639197931384,273.4022016962086,1784124
2006-05-04,274.72308349609375,281.5129544217563,271.1311914168234,279.1955938113561,1774601
2006-05-05,274.3060302734375,278.7785416318279,273.124169821657,275.1634447429712,1145622
2006-05-08,274.20404052734375,278.3613824067887,273.038420520979,277.57348352124615,848297
2006-05-09,273.8355407714844,276.2293563237901,272.05811218248436,275.76590349347765,727070
2006-05-10,273.4648132324219,276.6789847828972,272.058165906298,272.2899164627175,441346
2006-05-11,277.93499755859375,283.1815045836784,271.17758190475365,276.4542083108438,1748928
2006-05-12,276.917724609375,282.0228640316204,269.8127061958211,273.4949817621211,1446985
2006-05-15,263.9405212402344,280.400717780763,261.4215285160252,276.92469962160766,1719234
2006-05-16,266.7977600097656,268.5821284818669,238.9199121653218,264.179156989347,3048026
2006-05-17,275.0035400390625,275.8123056625104,266.5891969485514,268.82545257140123,1329336
2006-05-18,248.82667541503906,273.4486464241407,243.78640109494592,273.4486464241407,2898026
2006-05-19,231.10574340820312,264.1791331867016,224.32052230785325,253.7510095082792,4355898
2006-05-22,212.72445678710938,248.00396099311124,169.16733981922226,231.92148925430845,6650840
2006-05-23,241.86990356445312,248.4210857221087,212.31662266724135,213.19721697633523,5082304
2006-05-24,225.0991668701172,245.6402712091337,222.466660717706,245.6402712091337,2511944
2006-05-25,218.68238830566406,227.10138162706738,210.87985436799113,225.24747352105516,2931007
2006-05-26,228.6331329345703,235.21212056535606,221.30795580287196,227.10135778724035,2121807
2006-05-29,231.4441375732422,245.1768174669408,229.41876565518123,231.7361269244255,2135691
2006-05-30,229.219482421875,232.89481843395257,227.6112277466192,232.89481843395257,855349
2006-05-31,227.8916473388672,230.53111769959455,214.03150034057876,226.35987167015747,3542984
2006-06-01,221.21763610839844,235.53660898265025,218.69635436989202,231.73614488098522,2788758
2006-06-02,223.99606323242188,227.56479964573361,209.02591419382858,221.53967151206473,1973919
2006-06-05,218.03353881835938,228.95525960405698,212.22392010449036,212.73373277245673,1148399
2006-06-06,218.51791381835938,231.27267918718817,209.2113845759611,214.95845281851524,3345914
2006-06-07,199.72634887695312,221.1688863874916,190.57973311290584,218.06362697956436,3551979
2006-06-08,185.33790588378906,198.13436624893467,177.04638942515027,198.13436624893467,3772558
2006-06-09,195.3141326904297,199.7565123607902,176.11942517727752,184.23018873369335,2751927
2006-06-12,190.20896911621094,197.43913788507527,186.42703542466657,195.35351552229744,2376322
2006-06-13,180.16323852539062,186.54755954467652,169.6308280578803,185.38887897577945,2454775
2006-06-14,176.3859405517578,202.7691108656743,173.36178578496094,179.59548614755815,2238192
2006-06-15,194.61196899414062,195.8169972254241,179.6186497054091,183.05993352479823,2236645
2006-06-16,207.05624389648438,220.26518462539983,198.1228101403918,199.29306873429724,5221878
2006-06-19,213.54483032226562,215.49140985813744,202.86179865609577,209.72118678490904,3195985
2006-06-20,211.14634704589844,223.62533625836977,198.15753311296712,213.42893823118553,5340709
2006-06-21,213.4521026611328,217.25256574765297,207.9831224283824,210.85665564027678,1994339
2006-06-22,212.36297607421875,220.1493185412168,210.41639648134588,217.8319572934145,1355323
2006-06-23,212.03854370117188,214.47175602433157,206.70859381807145,208.79422847628513,1194495
2006-06-26,187.49766540527344,214.5760234027012,181.95916938700603,214.5760234027012,3353362
2006-06-27,195.0870361328125,199.75651601521167,189.32839125190097,191.18227527961085,3943747
2006-06-28,193.5923614501953,200.10414846955405,185.38890108045186,190.02362390865702,2331303
2006-06-29,197.90261840820312,202.2592419600613,195.81698396044717,197.55500463507616,2442111
2006-06-30,205.5846710205078,209.25769326171644,203.00081374916928,203.92776778639995,2226986
2006-07-03,208.48138427734375,210.64810018378282,197.45073966607086,208.33073918663118,1682430
2006-07-04,205.3297882080078,211.57507849865104,204.3912441258483,209.95292079540482,1841565
2006-07-05,210.70603942871094,211.34329319016854,203.02398352571143,203.93934758000918,1661725
2006-07-06,210.10354614257812,213.61435792580002,206.2451566677831,210.70607839599086,1809091
2006-07-07,204.2174072265625,214.35587903639734,202.86177016215763,209.95288377474603,1782042
2006-07-10,211.1926727294922,212.2007321854182,202.36352630013047,203.9277581521193,1928117
2006-07-11,215.16697692871094,217.7855799884927,170.951713908347,206.7201773076189,2640520
2006-07-12,217.60018920898438,220.38102730177587,210.87985658820162,213.19721764961042,2425893
2006-07-13,216.41835021972656,219.9175720335702,214.5876458839781,217.6002107428339,1539244
2006-07-14,211.1232147216797,214.35594054706897,195.81703634389208,195.81703634389208,842791
2006-07-17,201.6914825439453,213.89239652489798,200.50963432160637,210.87983231098428,1530154
2006-07-18,199.98826599121094,203.69603425910935,193.15204565773638,201.61041159647823,2222199
2006-07-19,190.9505615234375,206.24516095007343,185.38889667141325,202.76911891158903,2446710
2006-07-20,196.26889038085938,202.63004354499705,195.1217997548802,196.97568383823548,1762826
2006-07-21,194.00942993164062,197.97211574182958,190.48704120616708,196.51218140076006,1559354
2006-07-24,190.53343200683594,192.34096845026377,185.40047475627523,192.34096845026377,2220233
2006-07-25,194.35707092285156,198.71370700299923,191.1822832488891,194.6583249815553,2028925
2006-07-26,194.68148803710938,197.64770475835354,187.93796380310854,195.7938208135449,2706097
2006-07-27,199.07290649414062,201.33234214220678,194.6583325980579,195.81701322094966,3447948
2006-07-28,203.1051025390625,204.50709946061414,197.9026301435882,199.29303712753963,1858976
2006-07-31,205.34132385253906,208.8405446993703,203.92773722920666,203.92773722920666,1557803
2006-08-01,205.5730743408203,206.69700908603824,201.15850106236616,202.76908063729346,1124781
2006-08-02,210.76397705078125,212.73373632275627,203.69601872754762,206.1292550215469,2038727
2006-08-03,209.9181365966797,216.23296608704982,206.4768647540557,206.4768647540557,2058529
2006-08-04,208.16851806640625,214.3442918092737,206.27986436801123,214.3442918092737,1610529
2006-08-07,210.0224151611328,212.27026066072406,206.24513162231872,208.33074209153398,1633667
2006-08-08,215.6072998046875,216.20980796951534,211.08842832971004,212.0385623811194,1404539
2006-08-09,216.7775421142578,220.9603775606625,214.5876460538465,216.6848466987347,1818659
2006-08-10,217.032470703125,219.4540932336645,214.61082407707866,217.8087797417308,1241588
2006-08-11,231.74771118164062,234.44744426251964,216.67329589053102,218.758906741263,5086518
2006-08-14,233.32351684570312,239.8468934535275,231.3073975847055,231.9678554313441,3370980
2006-08-16,233.81008911132812,239.15160381243143,232.4312722720806,236.3707902622177,1732400
2006-08-17,244.09925842285156,246.0342482227158,229.48829634237987,236.37086506741346,4959309
2006-08-18,244.8986358642578,249.53335659807342,242.92887714283643,245.61701902372906,2638421
2006-08-21,242.0135955810547,246.79896299172262,239.8932151844214,244.8987191341823,2057552
2006-08-22,238.09725952148438,247.95764653342624,236.19703973673296,243.3229241683155,3131263
2006-08-23,241.8513946533203,244.45843208437162,236.16227687878865,240.47257747969977,5282890
2006-08-24,245.31581115722656,246.5671870157407,238.6881743583025,242.3959421858613,1946669
2006-08-25,243.50828552246094,247.95764106266526,242.8594417544253,246.79896049695188,1141847
2006-08-28,243.49668884277344,246.79892924162664,242.15261762912252,244.4815684036771,1809422
2006-08-29,243.97174072265625,246.2195861198797,243.322897012718,244.50473325325024,1163881
2006-08-30,243.28810119628906,245.61705180831078,242.46543261426388,243.5545974331,1065588
2006-08-31,242.82467651367188,245.59392480456947,240.42620986606687,243.32292338266097,1684781
2006-09-01,250.13595581054688,251.31781629388,243.32292733855093,244.1339820770572,2933331
2006-09-04,251.38726806640625,253.7509884335293,250.29810327166325,251.89708065715823,1381680
2006-09-05,251.7233123779297,256.4623195652524,250.5298861999471,252.12886379228544,1498440
2006-09-06,250.64578247070312,253.98279340467667,248.8845936339845,250.87753306217084,849598
2006-09-07,247.26242065429688,251.8739872709329,246.1500998084517,250.64576704098107,710883
2006-09-08,249.5101776123047,251.66532709834306,247.14648159553505,247.957560136372,1049108
2006-09-11,242.75515747070312,250.27500329046188,241.492191552307,250.27500329046188,1457268
2006-09-12,245.15362548828125,246.03421983566585,238.0161512036844,239.84687952759364,1372989
2006-09-13,248.4326934814453,250.85434005292583,235.46707022431954,237.88871679580004,1084447
2006-09-14,246.3238525390625,251.89709380818263,245.6402390705232,250.27496056241986,889827
2006-09-15,249.23211669921875,252.33737606084748,243.91378205162513,246.32383804946383,949946
2006-09-18,247.28555297851562,251.20189120594873,245.64023985520714,250.27496136190916,594957
2006-09-19,241.94406127929688,250.62258704634218,238.9199068934908,248.88455426727344,690562
2006-09-20,242.54660034179688,244.45843423351067,237.78443666393036,241.70077576651923,765670
2006-09-21,247.74908447265625,249.7999494316792,243.5546591402559,245.4085433318374,441472
2006-09-22,249.12783813476562,251.89708582509635,243.55459704227187,248.65279534088708,642177
2006-09-25,247.19284057617188,252.12882779747375,245.89512924560646,252.12882779747375,444003
2006-09-26,247.94602966308594,249.69562825053586,245.89516499833522,247.95761960015557,1522059
2006-09-27,247.7953643798828,253.87844235141324,246.56716848765225,250.73841300408694,1495793
2006-09-28,245.454833984375,250.00844975349028,243.78631699572975,249.11626567731884,830539
2006-09-29,248.78025817871094,251.36411531334585,245.72135820869428,249.11629405911845,743353
2006-10-03,246.0342559814453,251.874019479286,244.9798605973168,245.94156055781264,760648
2006-10-04,242.39599609375,249.1742794855805,239.49928225665596,248.42112617737337,1349500
2006-10-05,247.3087158203125,249.78828731845564,243.0911118290926,243.0911118290926,982552
2006-10-06,256.1610107421875,257.66731677785646,243.57776277899242,250.2749381072698,1929923
2006-10-09,255.3731689453125,259.776164587337,252.82408142340643,259.19681227592383,1286317
2006-10-10,254.79383850097656,259.5444358500984,254.00593960456945,258.2698800525404,1593374
2006-10-11,246.8220672607422,259.3242345877476,244.71327724240413,252.59231316274503,802920
2006-10-12,254.7706756591797,256.92582590242836,245.64028606678443,249.64932044237938,824569
2006-10-13,263.86627197265625,266.2647382026955,254.28399698877246,257.22704565064936,2152621
2006-10-16,267.156982421875,268.7907300848027,263.0205067306106,268.7907300848027,2343647
2006-10-17,271.8843688964844,273.2168502805494,260.70311520787396,267.65519828008394,1879262
2006-10-18,267.7362976074219,273.44859456935154,266.77457376903936,271.13123359842484,689813
2006-10-19,262.9393310546875,269.94936339829013,260.70309972616616,264.1907068971932,854539
2006-10-20,264.9554138183594,268.7906462850825,263.49546750277614,264.17910501500137,1237350
2006-10-23,265.38421630859375,268.1186950536008,261.86183854183946,266.4965613478897,329707
2006-10-26,278.0485534667969,279.68230094258007,262.1630380824921,262.1630380824921,1679187
2006-10-27,286.68072509765625,290.82879033104297,277.15637446869135,278.08332853534444,2029994
2006-10-30,286.7734069824219,290.5970501599405,282.48628679343057,287.3527351751351,1008593
2006-10-31,281.5593566894531,288.4419246318745,279.9719688738733,284.1200583595622,1399551
2006-11-01,285.4641418457031,290.57390727304613,283.0656751134692,284.03896491370153,1225875
2006-11-02,293.0650329589844,298.93954084562756,286.2172353931964,286.66912246874614,2644751
2006-11-03,292.89129638671875,299.40308358350467,289.148757841925,299.40308358350467,1509428
2006-11-06,291.37335205078125,294.75669800948737,290.307366997915,294.1657798938343,766297
2006-11-07,285.7885437011719,294.30483487972185,283.87673405090777,293.81820206149297,803935
2006-11-08,277.8052673339844,288.51145524273073,272.39421163778263,287.81625167788457,1478158
2006-11-09,280.12261962890625,285.35985017040593,277.6777931960402,278.59315737799784,1120283
2006-11-10,286.4374084472656,288.97490604737413,273.77302803573156,280.40066527239526,3375883
2006-11-13,288.4534912109375,291.97589241661456,285.5336221703195,287.3527363162565,2002424
2006-11-14,283.2045593261719,294.30470290632906,281.8373087011757,294.30470290632906,2196523
2006-11-15,280.5628967285156,284.7341417807146,278.31505121908197,283.8767273523502,986832
2006-11-16,279.6590881347656,287.35270945455187,278.56992327917044,282.7180120411815,1290546
2006-11-17,276.63494873046875,287.352724717387,272.33623876069737,282.2545500632379,2060274
2006-11-20,271.07330322265625,276.92465575315924,268.35041473082225,273.4486140491447,1684471
2006-11-21,281.0032043457031,282.3472757263751,271.59470468099954,273.44861285813687,1565405
2006-11-22,308.1510925292969,314.5122579927472,281.55936409965955,283.87674941487916,7682599
2006-11-23,296.738037109375,326.05264916916695,293.44738666180046,316.34290874718613,16883023
2006-11-24,272.7649841308594,301.025205675255,270.22748638534864,301.025205675255,19531243
2006-11-27,267.1801452636719,274.6072956849808,264.8975298375679,274.6072956849808,8331468
2006-11-28,266.10260009765625,276.1599447431597,260.57569290408094,266.49656165674054,8115594
2006-11-29,263.7040710449219,271.1196306141309,262.38317969224926,268.77908988129724,5405095
2006-11-30,261.2940368652344,272.0118377694718,258.38575765627843,272.0118377694718,6316509
2006-12-01,273.2284851074219,274.0974896103428,261.1434552605763,265.33788084898504,6102707
2006-12-04,276.7508544921875,280.8641744754036,271.3630026418044,273.9120904716459,5507354
2006-12-05,272.35943603515625,280.5628950295221,271.4324819867234,278.5467759980567,3411260
2006-12-06,268.8486022949219,274.6072586621697,266.4964957480972,274.1437816765508,2523259
2006-12-07,274.8505859375,276.66970004683907,266.72823276492005,268.84861295072756,4448160
2006-12-08,271.0153503417969,279.17244915344986,269.04559116495386,276.6928773247543,4433465
2006-12-11,260.7146301269531,272.86919523949916,254.9096628585765,271.1311868586677,3447045
2006-12-12,242.0251007080078,266.4500796848846,234.2851210183528,266.4500796848846,5903000
2006-12-13,257.25018310546875,260.7030682399388,231.73606065772333,241.00550308403228,7100537
2006-12-14,263.4491882324219,266.26477204869394,246.79895354994474,257.4819846917407,4012736
2006-12-15,262.9856872558594,267.1917017862046,261.17813904205764,265.3378179211399,2738751
2006-12-18,269.3352355957031,271.1196037626355,253.7857346851498,264.17911180850257,3735212
2006-12-19,261.9081726074219,271.13128250108025,256.53188647461565,270.89953190488563,3975649
2006-12-20,258.91876220703125,270.9922008522145,255.37318083387325,268.58214427936804,3192840
2006-12-21,256.4970703125,260.70308465643575,243.69363649285245,243.69363649285245,2387576
2006-12-22,260.00787353515625,262.76553155863957,256.76358273455975,260.70310108110823,2181650
2006-12-26,263.1131286621094,264.41084002160983,258.66377405475015,260.7030726268941,1285674
2006-12-27,262.7076416015625,266.0330624115526,261.63006646901005,265.3378588668107,1173997
2006-12-28,258.77972412109375,264.17918996149035,257.4588325084776,259.556033174073,3277924
2006-12-29,263.3216857910156,265.80125744415665,259.5444027262638,261.8385835926746,1399701
2007-01-02,266.8114929199219,269.7947170975918,262.896027847304,265.69279899927193,1790751
2007-01-03,264.8655090332031,269.42190494039164,263.3622521939588,269.18885069382515,1652454
2007-01-04,260.9732666015625,265.9258801616364,259.98274388954775,265.9258801616364,1903541
2007-01-05,261.2063903808594,265.28499691486195,259.05054788233645,261.4977021093105,1434665
2007-01-08,253.049072265625,261.4976185975252,252.2916038529921,261.4976185975252,2726148
2007-01-09,248.9122772216797,257.58224880046015,244.95018548810927,254.03968862785496,3151144
2007-01-10,244.28587341308594,248.2130192148257,233.0638678073481,247.51380822455334,1349163
2007-01-11,248.95889282226562,249.61147866219005,240.05586648579563,246.58165218432632,2062468
2007-01-12,260.2507629394531,263.00093318688306,250.54366959761774,250.54366959761774,3718885
2007-01-15,276.2156066894531,278.73269820489776,260.33230072802326,262.4648540972912,6933079
2007-01-16,278.6045837402344,282.9395813302072,270.610511240794,278.744435661545,4547360
2007-01-17,285.165283203125,288.5330699817418,278.9774366468003,279.688279763235,3847594
2007-01-18,283.0793762207031,290.16449462170345,269.6548788585659,288.53306691458863,4987987
2007-01-19,275.1202697753906,285.22360738166293,271.75250672901126,284.33796744028683,3389866
2007-01-22,269.17718505859375,276.64686784119135,268.27988867823956,274.54930699375734,2387784
2007-01-23,266.2055358886719,273.61695893154655,264.9935912071064,269.6548684383106,2327416
2007-01-24,267.9069519042969,269.88799752294034,266.217242225705,268.02349112703087,1255067
2007-01-25,264.97039794921875,270.1210980540584,262.89612544341406,269.18885681303027,3551413
2007-01-29,267.8719482421875,269.3985173517671,265.01691940599835,268.0234564822277,1311272
2007-01-31,267.61553955078125,273.6052758453888,265.22664368503126,268.0234145971043,1354345
2007-02-01,272.8828125,275.01536605075586,267.14944227879283,270.07440910859606,1970127
2007-02-02,275.2134704589844,281.4246300445649,273.61698744530355,275.01538530052983,2705498
2007-02-05,277.101318359375,279.21055959060953,273.61701605202757,278.5113727066786,1031087
2007-02-06,278.1268005371094,281.9606961528487,275.06200562018495,277.346043492826,2140724
2007-02-07,281.30810546875,284.30298649348845,273.6170016822943,278.12679562051244,2972745
2007-02-08,280.08453369140625,285.73633453401067,278.1850582832329,283.17261706850223,1872424
2007-02-09,277.2877502441406,283.60379287591815,274.10644047184917,280.14277929114024,2470550
2007-02-12,263.9565124511719,275.3649969628817,261.26462366414705,275.015403534288,1937425
2007-02-13,258.9573059082031,271.4728286132794,254.73884770110988,261.0315780910907,1566413
2007-02-14,260.2857360839844,261.4976566402343,253.3404207570364,260.3323372283489,994689
2007-02-15,270.8551025390625,271.50768800615157,262.1967917516445,264.7604840220154,1026379
2007-02-19,279.3270568847656,281.0750482174119,271.9855466014958,272.6847576746938,3066496
2007-02-20,279.0939636230469,283.17256910580386,276.6467857932552,279.210502824531,2775184
2007-02-21,279.7582702636719,283.1726345911931,276.67016246191764,278.3132710719289,2436635
2007-02-22,270.6803283691406,281.7741610631926,267.1960271975267,280.8419202663445,3649560
2007-02-23,261.8356018066406,273.4188571453466,258.9339476833004,273.4188571453466,2260298
2007-02-26,266.3104553222656,269.1887970735495,259.1670302631796,261.334528835424,1528389
2007-02-27,264.5041809082031,270.5638318610305,261.4976438860536,266.50851468940624,1878274
2007-02-28,256.47515869140625,262.8960846551642,240.6501304087253,257.5356195918216,1702492
2007-03-01,265.121826171875,265.75109917632426,249.4599391316892,256.37028583545674,1773872
2007-03-02,254.5406951904297,264.52749193629654,251.25450286922285,258.3745902707649,1017960
2007-03-05,235.2197265625,251.13797969028457,233.06388441993735,251.13797969028457,1910945
2007-03-06,235.3595733642578,244.25096588209345,229.80099902661485,235.39454240085385,1900894
2007-03-07,231.59555053710938,242.82923644395822,228.44918597571436,239.5896453683899,2147347
2007-03-08,240.69667053222656,243.78477745038396,225.3843799465159,231.8985307916724,1688754
2007-03-09,242.17674255371094,244.20438971286848,235.66261313892554,242.6195626053332,1085759
2007-03-12,243.0389862060547,248.90055198808375,239.40320049654989,242.15334640801586,732750
2007-03-13,243.411865234375,245.83573018262754,238.00477629591302,242.38639789101455,998634
2007-03-14,236.02378845214844,238.1912626342427,232.0150723241754,233.06387673296845,1114505
2007-03-15,240.70838928222656,244.25097332278114,238.6690861240315,238.6690861240315,1057946
2007-03-16,235.48776245117188,242.15337439456013,233.53000536056697,241.45418755041277,783700
2007-03-19,239.904296875,240.52191351375225,237.25903361531718,240.00917974451738,319042
2007-03-20,243.45849609375,244.67041647842044,240.06739697140503,242.19995033775172,683251
2007-03-21,244.92678833007812,247.0476853969763,238.07472458891866,244.7170468554954,905332
2007-03-22,256.8247375488281,259.1670328529779,246.5815970145645,247.97997069653294,1661183
2007-03-23,251.68572998046875,268.02351766216896,250.5437230320275,268.02351766216896,1035230
2007-03-26,252.967529296875,256.0672686367037,250.78837456698145,252.87430277812118,521083
2007-03-28,252.5014190673828,263.0825208320843,244.71708887944524,251.70900570457226,558641
2007-03-29,250.3105926513672,262.5930596155472,248.24797707044232,255.90413546639076,1212345
2007-03-30,254.20274353027344,255.6710307991496,251.24283207261936,252.641205516037,593397
2007-04-02,241.4425048828125,248.2130231949709,239.14683519918813,244.95011929992157,993224
2007-04-03,241.43087768554688,244.46070353468855,238.94875466634818,241.73386996388754,728170
2007-04-04,244.7869873046875,248.91221845646197,243.0856214690281,244.01786244687906,861608
2007-04-05,247.7468719482422,249.3783237729081,243.78478158364257,247.04768523297437,694610
2007-04-09,257.08111572265625,258.7125435249012,249.35504335848563,249.37835604762807,1043714
2007-04-10,259.5399169921875,262.6513127113086,254.76210026065627,256.3702637857715,914913
2007-04-11,259.5166015625,264.85377735651383,258.02500149485826,259.8662191832676,811823
2007-04-12,261.2296447753906,262.66298747199187,244.48400870291982,255.20496229852213,498824
2007-04-13,267.21942138671875,268.5129122481846,256.9529435130035,258.0017238169326,810535
2007-04-16,262.3483581542969,272.2186164820375,261.1480696793683,269.2120792391137,2617702
2007-04-17,259.353515625,267.79043253127475,257.57057928277584,265.69287176798446,1664440
2007-04-18,247.30404663085938,263.22229732978667,245.48614182436745,260.7285185090437,4234047
2007-04-19,245.06668090820312,248.21304588503193,240.99970701155496,248.21304588503193,2626894
2007-04-20,249.0172119140625,250.54378172974867,245.71933741002584,248.21314189970448,1071534
2007-04-23,248.16636657714844,253.57345547101573,246.34846182256197,251.70894958009742,1450556
2007-04-24,260.8450927734375,264.29442559884205,238.07475119389989,244.20431621816874,5609217
2007-04-25,260.5421447753906,262.4299639796283,254.73885947357923,261.0315901543715,1444069
2007-04-26,268.51287841796875,270.30747074760274,259.1786670350398,262.2084925759264,3392851
2007-04-27,272.7663269042969,278.51135408805465,265.0169415026,266.8581593563369,2834912
2007-04-30,274.30450439453125,275.94761270586764,259.30686080041943,259.30686080041943,1322072
2007-05-03,277.7188720703125,280.60886971759317,274.0830865583118,274.0830865583118,1619521
2007-05-04,278.8376770019531,281.99569882574747,261.96384266151904,261.96384266151904,1499807
2007-05-07,278.87255859375,284.0582504569417,262.4299158800529,262.4299158800529,1106341
2007-05-08,282.8812561035156,287.7639311627488,276.4137303057683,278.97742309125664,1858652
2007-05-09,290.66558837890625,291.7959386694888,281.0866669504265,283.172570845073,2008659
2007-05-10,281.9490661621094,295.99115909413524,279.67670865609824,291.56295908055495,1697248
2007-05-11,285.47991943359375,287.13465977445486,275.248412457144,278.51131623194743,1024937
2007-05-14,285.70135498046875,291.5629213587881,281.07504614108257,287.8338845190201,928689
2007-05-15,288.9408874511719,291.3297833919549,282.71809681575604,291.3297833919549,880423
2007-05-16,290.1761779785156,291.0967868960161,282.39184785431075,290.164521633539,918191
2007-05-17,287.46099853515625,293.1943692695174,284.80405467517767,290.1645193075372,2395657
2007-05-18,289.2788391113281,293.6604367319931,283.4056415241267,285.503225938734,983465
2007-05-21,289.9314270019531,292.23875291285617,288.12517845377477,291.32980046709145,788760
2007-05-22,292.3902587890625,294.82575599009726,285.79453755547047,290.86368979291336,879622
2007-05-23,290.1878662109375,298.3217906439805,287.85722703220665,294.8258318758842,1478481
2007-05-24,293.45074462890625,295.85129743789474,286.9016476657193,290.1295828832167,1252774
2007-05-25,292.5650939941406,294.68596714074164,288.5447455512934,290.3975954683712,622572
2007-05-28,297.0748291015625,301.81767650355374,292.72820044234163,292.75151312922515,754007
2007-05-29,300.8621520996094,301.81770578535384,297.62256071674585,300.6523863644314,976682
2007-05-30,299.626953125,306.4324173831121,296.0494242744854,299.4871012076927,1293568
2007-05-31,297.87890625,303.91526865721147,295.2919007136416,301.5846299823852,1528815
2007-06-01,301.3166198730469,307.178185846082,298.3217391099697,301.57298674572127,1089012
2007-06-04,304.7659606933594,316.37252858001966,301.8176812304158,302.9830005565316,1358123
2007-06-05,304.4862976074219,307.411240307675,299.48705876828603,307.411240307675,1133207
2007-06-06,305.4534912109375,313.61072649674526,299.72012109368364,313.61072649674526,933728
2007-06-07,300.22125244140625,306.4790137455761,296.71363748755505,302.7500009236673,478491
2007-06-08,296.5387878417969,301.35157338781437,293.94012598257416,298.3217237480262,867673
2007-06-11,297.3428955078125,301.7711192146039,293.67214036630656,299.85998751725265,821339
2007-06-12,292.6116943359375,298.0886981257111,291.51628873126975,298.0886981257111,1150232
2007-06-13,292.87969970703125,295.5016743447956,290.01301454492085,291.3531306071447,674535
2007-06-14,304.870849609375,307.6443084270744,293.68378781388293,297.14480133878976,812624
2007-06-15,304.0667724609375,306.01287308698636,301.3515954337693,305.3369747411451,749400
2007-06-18,308.4250793457031,313.2611536561837,301.8410138140457,306.24592454981945,990944
2007-06-19,312.7834167480469,314.1585021117168,299.6502767662465,308.3435604739102,552041
2007-06-20,311.4082946777344,316.9668687417324,310.0099210197989,310.0099210197989,594419
2007-06-21,312.4221496582031,316.94360010647125,308.1687466936056,313.8205476371573,495956
2007-06-22,305.7331848144531,315.52187245420305,305.0805991761861,315.52187245420305,594770
2007-06-25,316.81536865234375,319.2974914626871,306.0128696855338,306.0128696855338,959656
2007-06-26,323.1896667480469,325.8232977878243,315.82484429896607,318.13217039887024,851554
2007-06-27,323.4576721191406,326.05633398261534,319.2974721754234,323.25956274399925,793121
2007-06-28,324.7628173828125,330.95066371907467,320.6958682099756,324.9842394441045,1029414
2007-06-29,324.926025390625,330.1116934395357,323.25960423708136,328.6200689962445,760910
2007-07-02,323.4927062988281,329.08622566898515,322.0943082811132,325.81168908210856,793987
2007-07-03,328.1889343261719,328.82986373145684,322.8168127482461,326.27782669007144,628446
2007-07-04,329.05120849609375,335.3788824047061,328.62002072281666,328.8530991246252,751837
2007-07-05,328.4452819824219,335.37894157211997,323.2829264714249,331.88298303029654,1039796
2007-07-06,327.6878662109375,329.73882582635053,325.64856294204435,329.3076621729597,462698
2007-07-09,331.49835205078125,333.0482337117366,324.8909988000392,329.7154162286306,543274
2007-07-10,327.0701904296875,331.88295206075765,326.0563550347588,330.2515000467651,382674
2007-07-11,328.1889343261719,332.3258224782739,322.793500055873,326.21954495913866,417812
2007-07-12,340.3315124511719,341.6716285107584,328.62003706786845,330.9273873460133,781860
2007-07-13,344.4800109863281,348.3721876110946,340.3314917428321,340.3314917428321,1162018
2007-07-16,339.1778259277344,346.96215487799765,335.6818680710129,345.61038256804704,2628308
2007-07-17,313.5874328613281,339.1079203930561,312.07252006813945,339.1079203930561,3326421
2007-07-18,308.8096008300781,320.46279422870606,307.18982948488235,317.4329687917754,1689524
2007-07-19,315.5801696777344,318.5051127237199,310.4411025672283,314.4031938052475,723891
2007-07-20,313.1911926269531,318.36520321086454,304.14829409740344,315.8014863706204,544368
2007-07-23,309.217529296875,319.7636626610957,303.7521813766339,312.30561275203945,1209990
2007-07-24,311.1402282714844,321.62810195142976,308.80958967594097,321.62810195142976,2933620
2007-07-25,313.41265869140625,316.6872192771016,306.0128908914933,308.80963825929297,1177960
2007-07-26,312.2240295410156,316.9668776939841,308.80964124731923,315.1023713528882,1746475
2007-07-27,300.47760009765625,308.8096330349201,295.3152448194581,307.64431357352964,1625558
2007-07-30,293.6255798339844,300.41938823674735,290.1878784189853,298.3218031942181,524024
2007-07-31,298.96270751953125,305.0107273245592,288.30003493553517,291.32986089415,1274723
2007-08-01,284.4544982910156,298.32179430455307,283.1726394569141,298.32179430455307,731728
2007-08-02,281.3664245605469,290.1179661252873,279.7000031709221,286.66860834507327,874055
2007-08-03,292.5301818847656,293.61393135854286,282.0073358169136,282.0073358169136,741602
2007-08-06,287.1929626464844,288.9991871189078,277.4159311789767,279.6766561475535,324027
2007-08-07,288.42822265625,290.86374454934474,287.1347075810503,290.86374454934474,231318
2007-08-08,294.2781066894531,298.3217434570751,289.58186003604555,290.1412191665209,820092
2007-08-09,291.6794128417969,298.32171091577584,288.99915669235907,298.32171091577584,549118
2007-08-10,284.09320068359375,287.36776106268456,273.8500607814615,285.50325485726836,778044
2007-08-13,285.4682922363281,290.86372581899974,284.5709960299997,288.533086951486,371703
2007-08-14,285.36334228515625,288.99912740101877,283.1725316019345,288.99912740101877,198245
2007-08-16,276.1807556152344,279.6767145470728,272.4517182144652,279.6767145470728,550927
2007-08-17,279.30377197265625,285.2701971090867,263.4204626918941,279.67667808747683,704061
2007-08-20,279.5834045410156,286.43546843104497,276.7050632140593,283.17256470865635,326170
2007-08-21,262.7096252441406,284.3379622746965,258.7009328892731,284.3379622746965,718992
2007-08-22,286.6451721191406,288.7427318580364,262.6628931094456,265.45966366153004,926726
2007-08-23,281.0750427246094,301.93425368954325,278.51134961820264,290.86373098886594,2051395
2007-08-24,279.4085998535156,290.16449733853113,275.94761079428764,280.84196666214774,1983899
2007-08-27,289.5469055175781,291.99408366090995,282.0072859233116,285.5032685472516,623503
2007-08-28,287.26287841796875,291.5162809304601,284.8040440456434,288.7428221922917,359686
2007-08-29,282.997802734375,286.2024493667434,275.0153875992496,275.0153875992496,592181
2007-08-30,293.1827087402344,297.62256439910607,284.3379422230766,287.8338762955331,1795899
2007-08-31,298.6597595214844,299.7201962548607,284.5710412108181,293.6605196971024,1159905
2007-09-03,296.9583435058594,300.88546535741284,293.97511899726163,295.9911092401497,506542
2007-09-04,295.6182556152344,300.65241564774857,293.6604984412063,297.17976973589333,325690
2007-09-05,292.4019775390625,298.2751763791421,288.9992212234889,293.7071247590023,431070
2007-09-06,300.47760009765625,302.0041693190848,291.32984111406245,298.93939876481573,762133
2007-09-07,298.275146484375,302.85485399125656,296.29410104474294,301.81770589313334,484177
2007-09-10,299.25396728515625,301.1184732286328,292.9728948643587,296.69027464207113,265972
2007-09-11,297.5177001953125,301.67790077623425,295.5483109530423,299.2540352293197,216991
2007-09-12,295.2802429199219,300.5824495141495,293.89352575899807,299.25398983806326,136334
2007-09-13,294.9773254394531,299.46380684654355,293.4857009299372,298.06540886887234,381550
2007-09-14,292.1339416503906,298.3217646236433,291.0967934931841,291.0967934931841,108095
2007-09-17,290.3626708984375,296.9001122776625,289.523656280575,291.5629595594833,116092
2007-09-18,299.24237060546875,301.1185332658173,288.5330974628885,290.1645253427299,737492
2007-09-19,305.0456237792969,307.6442857004187,300.30277618216866,302.98300827717657,1107868
2007-09-20,317.70098876953125,319.99668262820836,303.21607945797484,303.6822120358963,1435002
2007-09-21,320.9989013671875,324.8910788767507,310.2430020677803,316.5007877358821,767639
2007-09-24,323.1080627441406,326.26608354567514,315.91803774526954,322.0942274648733,880031
2007-09-25,317.79425048828125,322.0709658681364,314.6362291857965,315.80154864290523,300552
2007-09-26,317.35137939453125,320.4627748157499,311.722892413004,320.4627748157499,629046
2007-09-27,315.02081298828125,320.392934353356,308.80965283312986,317.7243581894057,1086450
2007-09-28,314.9042663574219,321.6281601648994,313.47092360406873,317.9923739605555,346235
2007-10-01,313.9369812011719,323.41104326301394,312.30552943232453,320.22970989040556,473877
2007-10-03,320.4278259277344,326.7554995432963,300.65234339831284,318.808030467787,1032695
2007-10-04,331.7547302246094,333.74743182336175,315.80150955822313,321.16199778434316,940045
2007-10-05,331.94122314453125,342.6038949271403,327.4780547288674,333.5726752253429,1673197
2007-10-08,317.25823974609375,337.9426563804567,311.14030584899956,331.883004214598,945745
2007-10-09,326.6739501953125,329.0745026809528,305.52340559194863,305.52340559194863,598031
2007-10-10,330.8574523925781,335.2157618883904,323.07312282976153,328.71326667708,735223
2007-10-11,333.8173828125,335.48380391323906,326.2894196978955,330.9506974683449,457254
2007-10-12,327.55963134765625,333.3745723816926,323.95879004763026,331.88297217671175,562538
2007-10-15,353.0801086425781,355.42237946572425,323.95875684316434,326.28939555594656,1786700
2007-10-16,395.25299072265625,400.8348768051176,350.76109087274995,355.28254049436293,2342186
2007-10-17,407.3607482910156,419.5150457189559,339.1079710559216,339.1079710559216,1660130
2007-10-18,384.2174987792969,443.5206258206555,371.7136320867589,414.8537690950693,2527579
2007-10-19,373.613037109375,395.7424499694795,358.91836077033753,385.27788777236526,950937
2007-10-22,366.29486083984375,386.88604935522375,362.414339881234,373.6247149133328,814194
2007-10-23,387.5036315917969,393.6448771637009,374.3355248492167,377.2837802534202,1266232
2007-10-24,398.55096435546875,407.8618897211665,390.6151486909577,400.17076041385417,1490461
2007-10-25,399.657958984375,405.53115757150925,392.94572164183614,401.80214490350966,882440
2007-10-26,402.54791259765625,413.0824122047333,393.17873234960837,400.86983527248856,846951
2007-10-29,449.9764404296875,456.8052166529182,407.6054094674448,418.279761620666,1428781
2007-10-30,462.223876953125,470.5559085550441,427.0312203191929,452.14387855604315,2237453
2007-10-31,458.7745666503906,470.7890345470509,445.1520079133006,459.13584062261896,1109803
2007-11-01,433.7551574707031,477.76927125103356,426.50689846190323,464.0301490444034,1053121
2007-11-02,444.3597106933594,449.3472705439408,403.2006128773787,403.2006128773787,621482
2007-11-05,435.15350341796875,444.21971535931476,426.506871378024,444.21971535931476,285172
2007-11-06,414.8537292480469,447.4826742450843,412.42983955964456,435.8294796032852,437158
2007-11-07,410.09918212890625,429.4434795148261,405.58941272715674,424.17626582399413,391714
2007-11-08,408.3628845214844,416.71823055455394,398.53925092055306,409.95939189032583,310524
2007-11-12,416.8231201171875,421.5659684504847,386.41995351887056,403.74823830825284,384991
2007-11-13,412.6861267089844,427.55559641762375,407.86170970480254,414.38746797980815,1316219
2007-11-14,439.10394287109375,442.56493165294654,418.11651542815224,430.0027865258668,628913
2007-11-15,458.4016418457031,462.84152139337004,434.83891231909803,440.4907123532987,719513
2007-11-16,459.19415283203125,465.661655632285,445.3850909407302,454.707647191232,817033
2007-11-19,483.53759765625,487.10351822204154,454.47457441769427,454.47457441769427,1050416
2007-11-20,466.5589294433594,492.9300881679456,463.7971270349906,477.7809600109199,860242
2007-11-21,451.7710266113281,474.2849773370615,443.0777200326638,468.4584044997338,725741
2007-11-22,448.99761962890625,460.522620165562,420.21424703667816,452.14400923670564,546027
2007-11-23,461.05859375,523.9275853210532,454.5444661498712,501.0873536311662,3680347
2007-11-26,453.6705627441406,474.2850409868823,449.1141673429333,470.52108324985676,1168028
2007-11-27,449.137451171875,455.6399477455818,444.51116595945825,455.6399477455818,1023684
2007-11-28,428.4179992675781,455.63985215867586,425.3415483576574,455.63985215867586,1433244
2007-11-29,421.880615234375,445.851247934678,418.8391087197416,434.6641610446845,1971006
2007-11-30,423.2557067871094,434.19808390703787,419.7480915939414,426.50697929112476,2234782
2007-12-03,429.19873046875,439.55843292145164,426.5068663760467,428.60442658857846,1746975
2007-12-04,434.0930480957031,449.2771667882064,430.2824661697311,433.49874426755997,2275899
2007-12-05,441.4929504394531,447.016555967735,434.0931821082319,434.0931821082319,1470962
2007-12-06,453.01788330078125,459.11252771153374,442.82136891380003,442.82136891380003,1892253
2007-12-07,450.95526123046875,459.60194214093065,447.24956161189675,456.8051950276125,1200113
2007-12-10,454.6027526855469,457.73746141758926,447.71571855135664,454.47460558708036,555847
2007-12-11,457.0499267578125,461.2334155113293,452.1439385042184,452.1439385042184,583649
2007-12-12,457.1430358886719,459.13576151368756,447.71559950844454,459.13576151368756,627257
2007-12-13,453.0295715332031,459.1358481578479,452.14393168843907,459.1358481578479,794750
2007-12-14,447.902099609375,454.47453252964453,445.9094222419727,453.30918898190356,733690
2007-12-17,436.6917724609375,449.5335740136104,433.4988065889024,444.13816494788665,759956
2007-12-18,441.6560363769531,445.1053934956265,427.672203323322,441.4229579525872,702566
2007-12-19,436.6335754394531,450.9786353955133,434.6641619205595,448.41491788073756,580324
2007-12-20,435.3516845703125,442.5766312207399,433.49883464511555,442.5766312207399,637745
2007-12-24,437.0414733886719,444.45292290059484,434.908919267648,441.65612663801113,854119
2007-12-26,441.8890686035156,445.1053469615735,437.92697813916186,442.8213337363855,867547
2007-12-27,440.956787109375,445.15195581806967,440.2809130882936,444.9188774267193,847053
2007-12-28,440.37420654296875,443.707048900983,434.8972267156577,442.8214089910289,644235
2007-12-31,440.5606994628906,447.7157574619311,440.0246529302822,443.2875575114997,408027
2008-01-01,447.6458435058594,451.9109028419918,439.5585205709883,444.63928177449543,544777
2008-01-02,446.9815979003906,453.2976409015066,440.49078241499006,445.38509051482964,598331
2008-01-03,442.8564147949219,452.07408916890563,438.3932213607895,448.64804404340526,732927
2008-01-04,456.4206848144531,460.18469101755915,445.15207583153824,445.15207583153824,1662798
2008-01-07,471.9310607910156,478.4801820715837,449.8133272052183,456.8052442084082,1770587
2008-01-08,466.9435119628906,484.2834529280147,464.03020103294836,477.78100535805163,1485231
2008-01-09,476.77880859375,488.5019420829318,460.3944454058975,463.79717749759243,1305997
2008-01-10,467.0949401855469,485.70505613050165,464.9623866752102,475.45028483904593,961128
2008-01-11,469.64703369140625,474.9841857032114,459.13587003114594,468.458425767819,755285
2008-01-14,467.360107421875,479.7160041797694,464.5402363800978,472.70732651238217,543911
2008-01-15,458.9355773925781,473.1752797105543,455.1679634317713,470.3671371634813,889145
2008-01-16,448.9550476074219,458.5963855179881,437.6053867478429,458.5963855179881,1170273
2008-01-17,467.1844787597656,473.8304577039987,444.8595917763294,449.5398613801332,927060
2008-01-18,455.2030334472656,473.64326938447,451.6460400445549,473.64326938447,1327367
2008-01-21,427.1916198730469,458.6664782396121,416.7780260086247,456.32634314655286,1617221
2008-01-22,416.0057678222656,425.904537633362,386.1222213243173,410.05009623107156,1571149
2008-01-23,417.24609375,444.157623731151,397.822952475313,432.9250041729967,2477409
2008-01-24,390.5802001953125,425.48330677471586,381.453664442423,421.2242778446964,1557401
2008-01-25,415.923828125,421.2242303469798,402.66693415346845,402.66693415346845,671874
2008-01-28,407.6047058105469,411.3722954152213,386.35627810061595,409.523624293574,671111
2008-01-29,415.24517822265625,427.6947029480722,407.41745250274244,415.84195224886884,265206
2008-01-30,406.0133972167969,420.75624281580775,398.2909566013439,420.5222633815813,555557
2008-01-31,391.31744384765625,425.6706245297968,386.11062177947406,400.3971664902928,2109262
2008-02-01,380.693115234375,403.6732220475407,370.9113353848289,397.822885143485,1593558
2008-02-04,384.8468933105469,406.0134196415246,382.84609651559987,388.46240621326103,1919071
2008-02-05,387.9007568359375,393.8212928050406,384.0512161731728,386.12223581181433,2070819
2008-02-06,378.5987548828125,383.7821443185281,374.42160361972725,374.69071892149475,1440570
2008-02-07,370.8177490234375,392.9086330709739,366.5119047229582,391.97256938291196,1054062
2008-02-08,365.6109619140625,378.86783344972764,362.72089257697394,377.2297341198057,833227
2008-02-11,348.7268981933594,368.5712298951576,316.44474462258887,368.5712298951576,1127026
2008-02-12,346.9600830078125,355.7004648190392,345.1698582323219,353.36033002199093,705002
2008-02-13,343.9296569824219,355.7005318775757,340.7236809523329,351.0202614011299,637571
2008-02-14,363.7272033691406,367.4012113461096,351.0202645324223,354.53046742106955,930239
2008-02-15,365.90350341796875,369.74131616732257,355.9345338746307,368.5712486340959,682440
2008-02-18,374.4215393066406,383.0800428322515,367.5181490267381,371.61339704518986,1423401
2008-02-19,378.4933776855469,383.78207640473164,374.7491718015208,382.61200902443585,595264
2008-02-20,369.3902893066406,379.0784638174948,367.4011721155714,376.76171215245995,814675
2008-02-21,365.5408020019531,374.42160704143816,360.6148239839149,374.42160704143816,1119983
2008-02-22,367.0033264160156,369.74126998907826,355.70046134396256,366.23106782779934,1985149
2008-02-25,373.95361328125,376.5277523591063,368.337278870264,369.7413503068571,1769326
2008-02-26,377.1477966308594,382.6120041711623,374.48005179725266,377.90835136794004,2337289
2008-02-27,391.31744384765625,398.9228719078342,381.5473649433673,381.5473649433673,3620221
2008-02-28,400.6778869628906,403.75514461802493,391.97256769823804,396.5124400673721,5271360
2008-02-29,382.4014587402344,400.1630676404039,376.76171723264315,400.1630676404039,2779516
2008-03-03,354.2496032714844,382.4014195756779,339.3195218280052,382.4014195756779,724106
2008-03-04,349.2884826660156,366.3948679593796,341.7766394478093,366.3948679593796,902258
2008-03-05,340.2322082519531,354.76445786006667,336.34758024134146,347.51002472810995,1103723
2008-03-07,320.80908203125,335.9029450553184,309.8338506511213,335.1073030709555,1364127
2008-03-10,307.6575622558594,326.54244933848366,293.9443852672102,320.59850483178417,1091501
2008-03-11,326.051025390625,329.9590370402433,301.47960592671177,301.47960592671177,1412667
2008-03-12,320.92608642578125,346.5271482067823,313.5780473816027,346.5271482067823,1525704
2008-03-13,302.4156494140625,317.3223258392884,298.6480351194699,313.57809489097,1296851
2008-03-14,312.3377685546875,316.339410201453,293.45288535378376,304.966346467563,926672
2008-03-17,292.3530578613281,304.21753842921237,288.60885143718525,292.5168629383848,842876
2008-03-18,306.7682800292969,311.70596145569056,284.09237341769114,297.19711963942865,1315798
2008-03-19,305.55145263671875,320.5985022148725,301.4094127924923,314.93537690420027,1236844
2008-03-24,303.63250732421875,312.64202960359887,292.56366914273804,307.0725111640374,1436457
2008-03-25,316.0820617675781,321.0665347314034,309.41267391552714,309.41267391552714,1085193
2008-03-26,318.445556640625,322.938614010109,309.4828495786607,315.45020128250536,967968
2008-03-27,313.3441162109375,318.2583908297818,305.27065636129754,311.70601656055334,1741306
2008-03-28,309.6700744628906,318.2583563585009,307.9617762884758,312.22083005170526,1807596
2008-03-31,288.4917907714844,308.8977587174866,285.9644433272202,308.4297512393126,1021210
2008-04-01,285.75390625,302.2986577564483,280.90980642699066,299.0692740959794,919924
2008-04-02,285.7771911621094,301.8773128943199,285.4261734357733,294.7633276861248,430797
2008-04-03,279.8800964355469,291.81477350412484,272.9064834485006,287.83653970383205,1084060
2008-04-04,279.5758972167969,289.24066358945896,275.1998542048774,281.07359912382606,992263
2008-04-07,274.333984375,286.4324663958042,272.9064813135431,280.8161578384161,823046
2008-04-08,270.70684814453125,279.41214478984296,263.0311974219653,274.24045883171624,1146587
2008-04-09,276.6975402832031,278.35904730430013,267.31361706202074,271.4556564444135,562484
2008-04-10,280.6055603027344,285.2156312891839,271.45564135420886,276.1359110327297,856821
2008-04-11,290.2468566894531,293.92086322157076,281.3777344059242,290.1298426728235,823833
2008-04-15,297.99285888671875,300.00535989948656,284.56047490689406,290.1065869484154,656225
2008-04-16,301.4561462402344,304.2174974982055,294.154922796426,298.6011886176387,1053769
2008-04-17,301.7135314941406,306.55760569568497,297.1970673742198,305.8087791759314,785395
2008-04-21,313.0867004394531,314.9822115519977,304.68560617528817,306.55770960769684,641935
2008-04-22,310.3721008300781,318.7263786927461,308.89780648218766,312.6420372126553,377864
2008-04-23,304.4046936035156,315.68415042942814,301.43272210436714,315.68415042942814,680603
2008-04-24,299.88824462890625,313.57801005183035,299.53720254209315,313.57801005183035,1958001
2008-04-25,301.4561462402344,306.5576322815171,294.9505647295837,304.2174974982055,754251
2008-04-28,271.8768615722656,290.1766997206042,253.67060545977242,290.1766997206042,9981400
2008-04-29,269.27935791015625,277.25921081218553,266.7754175810962,275.8317317211254,2449753
2008-04-30,267.64129638671875,275.5977670722718,266.77545547050454,272.0641560286742,2476491
2008-05-02,270.5430603027344,275.1999235964484,269.1155810618859,269.1155810618859,751511
2008-05-05,274.68511962890625,276.1360066515289,270.0750470461071,271.9237430164197,1191638
2008-05-06,272.8362731933594,276.13587899318884,272.15764536157286,275.6678472131812,866508
2008-05-07,273.21075439453125,275.66790349198465,269.13891357562966,272.9065275923422,555032
2008-05-08,274.10003662109375,275.12970687440315,269.11556344505505,273.2809868208563,738060
2008-05-09,272.8362731933594,280.76933278451617,270.58974498162206,275.1998154331735,784528
2008-05-12,266.3307800292969,274.7318741683475,260.26984556129077,274.7318741683475,691225
2008-05-13,265.06707763671875,270.75358542745187,263.96720889294795,270.75358542745187,846910
2008-05-14,274.2170715332031,277.07203004504,263.49924894074445,265.37135248404223,1065919
2008-05-15,276.6741943359375,278.94410658382014,266.8222135904833,273.1873747544096,918442
2008-05-16,272.5788879394531,280.3481432358023,270.21534547296045,278.4760402685247,654010
2008-05-20,272.298095703125,273.795797690517,269.1155276445253,273.795797690517,473937
2008-05-21,275.1296691894531,277.02518001054733,268.2964768958209,268.9985125334919,455952
2008-05-22,273.42138671875,278.00805063418903,269.583549504483,273.3277803395653,486976
2008-05-23,275.1296691894531,275.73809845328105,271.45566159764456,275.1998678867594,829080
2008-05-26,271.4088439941406,275.6210821175444,268.670875831161,273.6553726154429,521276
2008-05-27,272.2044982910156,275.19987803211586,268.3198701317757,272.859742932073,911692
2008-05-28,269.46649169921875,273.5617150062066,268.1794103936857,270.05151317208873,1423488
2008-05-29,263.1014404296875,272.3917846400162,260.01247780902696,272.3917846400162,787370
2008-05-30,261.9079284667969,268.6006995362071,257.6722823137901,266.72859625103587,1499536
2008-06-02,258.4913635253906,265.83938015527474,255.54277433513226,262.09517312920957,333335
2008-06-03,252.57080078125,264.9033151682652,245.71422382139383,254.13870176234667,479635
2008-06-04,240.98712158203125,257.41488411178295,238.693801630926,255.0747488016758,536850
2008-06-05,241.61891174316406,247.11823108861603,238.71713868164343,241.12749656279183,1098772
2008-06-06,243.81871032714844,246.65026107351022,240.09788670008476,245.7142214957686,388688
2008-06-09,233.82630920410156,239.1617999857174,225.12098866762176,225.12098866762176,736176
2008-06-10,230.3394775390625,236.35364468807077,227.13350170392593,236.35364468807077,672763
2008-06-11,224.6529083251953,233.9198398203177,222.82759663200957,231.67331171035767,1013552
2008-06-12,224.84014892578125,230.26924500462624,200.17511549948654,220.6981099279656,501022
2008-06-13,220.39389038085938,228.81836603126732,219.97267389802965,225.23796509645905,324376
2008-06-16,227.83554077148438,232.09459449605512,222.3128374352422,222.78084499557738,646622
2008-06-17,231.15853881835938,233.07745747933643,225.63583528841554,229.33325087149973,488525
2008-06-18,230.0118408203125,237.75768855315323,227.9291174189614,229.35659625608582,610911
2008-06-19,221.9617156982422,234.4814365937344,220.9086625665259,232.09451129538485,322754
2008-06-20,211.0099639892578,226.05703678646003,207.49976140355312,222.7808379735472,578145
2008-06-23,204.90219116210938,209.53566971803355,201.25157943590148,206.8679004892402,480184
2008-06-24,193.99716186523438,210.09727332171028,189.90192618945255,205.4638193241934,423371
2008-06-25,201.53240966796875,204.94901783731208,186.274729532915,187.98302753451088,989552
2008-06-26,204.3171844482422,214.35635221563714,195.518270688147,201.53241314466203,996648
2008-06-27,192.28884887695312,201.7195982706037,189.59769647948897,198.443412214293,1187023
2008-06-30,180.7286376953125,193.7631991840849,175.51013643035577,187.67884493284186,518770
2008-07-01,174.48043823242188,182.48369722159595,169.51936175243705,177.85023085069776,468976
2008-07-02,189.17652893066406,191.8910775363989,168.5599360039027,174.4804728086911,569291
2008-07-03,180.3542022705078,189.08290544035196,175.97814684724344,188.6148735681812,488686
2008-07-04,200.50277709960938,214.35637560266082,178.80972320618534,181.59448264744069,1946984
2008-07-07,213.25648498535156,225.58899677866032,201.25159549475748,201.25159549475748,2071645
2008-07-08,214.98817443847656,221.70435205597934,200.61974338610287,205.9318620252325,1045707
2008-07-09,226.9228515625,233.47524843905344,219.13021293289847,221.3767413575648,744608
2008-07-10,225.19122314453125,231.62658315946177,222.31285716472883,228.39719931210368,592724
2008-07-11,220.74493408203125,232.60941467634026,215.3860358881571,224.65296992423978,1338328
2008-07-14,223.01486206054688,226.75906835158338,212.95228636262016,216.22846078420108,581618
2008-07-15,209.09107971191406,222.2660256228514,203.5917474672603,222.2660256228514,433310
2008-07-16,201.76641845703125,210.5185285708511,198.95825179140482,209.09104972946403,540218
2008-07-17,219.55140686035156,223.24882139467775,204.10652856852516,208.271974879152,606228
2008-07-18,220.69808959960938,225.58895472162916,213.04584917852668,222.31278096987367,886620
2008-07-21,226.6888427734375,230.17563720588475,217.91332534173594,220.908704618755,894312
2008-07-22,233.8965301513672,237.31312692373314,227.4611455190757,227.4611455190757,1278851
2008-07-23,260.4335632324219,263.0311091799485,245.71412808567126,245.71412808567126,1798141
2008-07-24,256.8766174316406,264.9032604665008,247.42247113214114,259.2869511097203,1181605
2008-07-25,258.42108154296875,264.20122019946933,239.62980332269393,245.71416876775365,1340568
2008-07-28,256.15118408203125,265.8393345232881,254.18545018184585,259.7549930672474,711736
2008-07-29,240.1680450439453,254.55987316512724,235.88560812293196,248.99035466719866,729792
2008-07-30,245.2227325439453,249.92641016446564,229.35661061938643,243.84204463736427,1504018
2008-07-31,256.3149108886719,257.41477939008035,245.94811130251242,246.2289303453591,1607004
2008-08-01,269.18572998046875,272.39170575903006,250.3944508449327,250.3944508449327,869794
2008-08-04,272.15777587890625,279.8334034227962,266.7754686584007,273.7958757283586,1107108
2008-08-05,272.41510009765625,275.153043864773,263.49918451614656,266.7753831651309,1189500
2008-08-06,262.492919921875,280.8161904622742,258.3976959771184,280.8161904622742,1224651
2008-08-07,263.6396179199219,275.1062904254292,257.4148785682278,275.1062904254292,696297
2008-08-08,254.86412048339844,263.499218051199,252.80480439394992,261.6271147273646,1297006
2008-08-11,262.3291015625,263.4991689634609,252.73455860754186,252.73455860754186,547405
2008-08-12,266.70513916015625,272.11085190641444,260.80801125458447,263.4991637907344,1256914
2008-08-13,260.2698059082031,265.3712923830808,256.94681618005114,264.4352529895796,600208
2008-08-14,260.9016418457031,263.9204047683875,249.10736060702936,255.54271961742504,530683
2008-08-18,254.162109375,263.96727551062895,246.97789787930432,258.35094066329924,310993
2008-08-19,258.2807312011719,260.6442742481656,251.79855574814505,252.73461962783793,376984
2008-08-20,262.6098937988281,264.4352055706784,257.50840823875615,264.4352055706784,230274
2008-08-21,258.701904296875,264.4352520147634,255.1215031404014,264.4352520147634,325047
2008-08-22,259.3805236816406,262.56309126939533,253.99821879149607,257.4148144463096,380417
2008-08-25,260.7144470214844,272.34492399126424,250.41784269834898,261.72070950897927,214926
2008-08-26,261.7440490722656,263.2651585540937,258.3976763426873,259.75495644003917,197604
2008-08-27,261.0187072753906,263.9672720824058,259.193394823868,263.9672720824058,291657
2008-08-28,251.7048797607422,271.3620211403939,248.639301817802,271.3620211403939,672443
2008-08-29,256.502197265625,260.64423675591763,254.2556686098207,257.41485333396804,735225
2008-09-01,251.4475555419922,264.3884996771532,249.57545198338804,264.3884996771532,438436
2008-09-02,265.79248046875,267.47739499500824,250.39441631826006,251.37727095909344,757745
2008-09-04,259.80181884765625,266.21379564439474,257.9999141139743,266.21379564439474,335209
2008-09-05,256.17462158203125,258.35095203951164,252.7346412771824,255.0747768445637,447652
2008-09-08,257.99993896484375,276.9784353648727,256.47885325081717,276.9784353648727,1474922
2008-09-09,256.7127990722656,263.8268106960214,255.16833035702473,263.8268106960214,582046
2008-09-10,253.78758239746094,257.32119186302606,245.71412557123855,245.71412557123855,558630
2008-09-11,250.41781616210938,260.87822445635254,248.6159118131199,260.87822445635254,635702
2008-09-12,243.4208526611328,256.4788090685976,241.68914676742747,256.4788090685976,1694098
2008-09-15,234.083740234375,240.98713240967075,219.9727290335238,239.16181997272926,1192237
2008-09-16,223.3892822265625,231.67336095522325,217.8665549633542,229.33322599607956,669310
2008-09-17,224.5359344482422,231.39253402682107,220.1364837934847,231.39253402682107,641436
2008-09-18,230.43304443359375,236.2599978299487,206.8678924351528,215.33918295078695,718693
2008-09-19,237.4066619873047,244.31005216811346,229.4736018150564,235.27714764765858,1421602
2008-09-22,229.07583618164062,243.37408457628246,222.31286571871956,240.70631461498044,976135
2008-09-23,225.6591796875,233.5454490801409,222.42979657084007,225.12094916805668,1136367
2008-09-24,227.83554077148438,232.04777914063843,221.00234813584873,221.00234813584873,596124
2008-09-25,213.4671173095703,229.19281839067068,210.63554264172242,229.19281839067068,1186234
2008-09-26,200.40916442871094,215.2924326637945,197.5776018854467,207.1487507052661,915048
2008-09-29,194.34823608398438,205.46387900408814,169.89381679329455,201.2984312651926,2468600
2008-09-30,186.78956604003906,195.49486118091366,173.16997293869892,195.49486118091366,1622609
2008-10-01,187.56185913085938,195.63531935950235,182.06253823629828,186.78961246417296,1090767
2008-10-03,185.71310424804688,194.16098792107326,183.70057945284654,191.89105169063626,715857
2008-10-06,180.21377563476562,182.99853459496356,173.2167667225705,182.53050276713577,562669
2008-10-07,167.6707000732422,186.74280127473227,162.03096982919217,183.46661412653864,1136980
2008-10-08,153.41921997070312,164.27744836717167,149.3941951064396,164.27744836717167,1359703
2008-10-10,139.00401306152344,156.508221933476,131.09434771470495,141.34414800251255,1781756
2008-10-13,148.1071319580078,152.1087618077206,140.40809905280537,140.40809905280537,1332111
2008-10-14,147.56887817382812,162.73294999835656,138.06793017324688,154.44887248470076,1175924
2008-10-15,142.65463256835938,148.73897400355258,138.5359885281592,146.11803197740954,780661
2008-10-16,138.98060607910156,142.7014289268209,121.68701753854188,136.05543738827123,1265064
2008-10-17,125.61846160888672,146.4924676169483,122.62309362321123,140.408125255468,1259450
2008-10-20,132.3814239501953,135.72782116211002,122.15503174620832,131.51557113669867,650176
2008-10-21,143.45030212402344,146.02445362233647,132.03044373699078,135.56404252294018,1331335
2008-10-22,137.55311584472656,142.74820819907222,128.70741180470924,128.70741180470924,693281
2008-10-23,132.24102783203125,140.36130193122028,131.04756477826805,135.72783494892047,761777
2008-10-24,123.76972961425781,131.4687746270676,116.07068460144802,128.70742315303065,968028
2008-10-27,121.3827896118164,123.98034814457996,96.46035503254092,121.68701639908934,1207902
2008-10-29,120.09573364257812,139.9166719006484,117.00675956975174,135.77463212523307,1556774
2008-10-31,123.91010284423828,135.6809850873843,118.3171785077076,121.75718125291051,2612429
2008-11-03,133.6217041015625,141.81217692854491,119.46389165281103,119.46389165281103,1520977
2008-11-04,149.76864624023438,151.6407617700063,126.83532528821762,126.83532528821762,1960107
2008-11-05,149.0900115966797,157.86551853652264,144.10551440857265,154.4489099750831,1413493
2008-11-06,140.50169372558594,149.30060762182762,137.59993266193044,140.40809951876653,850481
2008-11-07,138.5593719482422,146.02440003769942,137.2020919017681,146.02440003769942,951079
2008-11-10,151.28970336914062,152.81078846524608,139.4720160338438,140.40807963097046,2153555
2008-11-11,145.55641174316406,151.5939629040665,142.81845532511616,148.6921892248731,787450
2008-11-12,143.5438690185547,152.03855567594533,141.9057697432548,142.74821488984983,1736127
2008-11-14,138.30198669433594,151.781172367961,137.13191904266708,151.781172367961,824264
2008-11-17,132.0070037841797,143.21625112786379,128.56701223303335,140.87611618623706,1048786
2008-11-18,126.88216400146484,131.98366473642034,124.09740368956172,131.04761279256198,909726
2008-11-19,122.59967803955078,133.15369443398467,117.07696220869889,117.07696220869889,714380
2008-11-20,126.46084594726562,128.7073860604499,114.73677898405582,118.87881716755622,767285
2008-11-21,129.01161193847656,131.74956735420488,123.2782775526451,123.2782775526451,1746652
2008-11-24,132.17080688476562,139.94004968046647,124.63556782528649,139.94004968046647,772094
2008-11-25,125.52484130859375,139.65925865794995,123.79314761540923,133.38769204504695,1374735
2008-11-26,104.83805847167969,130.57954723774114,102.17030077485572,122.15505757198119,7302117
2008-11-27,104.83805847167969,104.83805847167969,104.83805847167969,104.83805847167969,0
2008-11-28,104.95503997802734,107.64620483174201,99.5493330107013,102.96593505644888,3245268
2008-12-01,104.81462860107422,107.62278279174691,103.246728216056,105.77407550396624,1667953
2008-12-02,103.08293151855469,105.9612967924891,99.59613096247537,101.28102726309001,1348084
2008-12-03,105.32946014404297,106.19531292870485,101.98306912664583,104.37000099530138,806373
2008-12-04,108.3482437133789,109.75232712172597,104.62743302248818,106.00810875485105,1216466
2008-12-05,108.44184875488281,112.79449631783329,107.66960228145659,109.05027799688432,808917
2008-12-08,112.49027252197266,116.44509877087626,109.51830091684796,112.25625661484656,1179566
2008-12-10,115.8366928100586,116.88974635409456,110.05655349248974,114.19859329779857,1549762
2008-12-11,116.00048828125,116.77273478256807,113.49654819571595,116.30470291323832,1348825
2008-12-12,112.39668273925781,114.66661912400332,110.03315214400601,114.66661912400332,1205196
2008-12-15,125.3376235961914,127.16293576315525,114.19858650690327,114.66661838718946,1487485
2008-12-16,130.5093536376953,132.45165582829915,124.02717799902464,124.02717799902464,1936655
2008-12-17,129.76048278808594,133.38768729287935,126.3204910361352,133.38768729287935,1658149
2008-12-18,131.8665771484375,135.2129740613543,127.09270151253733,127.09270151253733,1243936
2008-12-19,132.9664764404297,135.68103714020694,127.93518824072247,127.93518824072247,672509
2008-12-22,133.0366668701172,137.62333056071165,127.44375290184412,131.53898920888577,1034917
2008-12-23,130.71994018554688,132.77925610492957,129.8774949760089,132.45163379216118,688555
2008-12-24,128.1223907470703,130.5795276209643,125.01000926270329,129.87749199018086,1794941
2008-12-26,125.92269134521484,130.1115352226527,122.15507627370822,129.17548337562786,638414
2008-12-29,127.09272766113281,128.70743160014896,120.98497840444848,125.85246140063853,542715
2008-12-30,130.60293579101562,133.2941010242394,125.03341689287754,133.2941010242394,670157
2008-12-31,134.30032348632812,136.10222771629853,129.66685720442572,131.98359642845222,889479
2009-01-02,140.73573303222656,144.0587233261547,134.3471639297179,138.02118426366562,1109529
2009-01-05,142.13978576660156,144.10549516546675,138.06794525049364,142.74821499343076,552317
2009-01-06,146.18821716308594,148.57515519504418,139.3082221688889,141.3441424068256,1281283
2009-01-07,139.5188751220703,150.4707141017498,133.4345201333595,144.713981503319,1345938
2009-01-09,122.24867248535156,137.59996286192666,115.13465957508129,137.59996286192666,1517474
2009-01-12,110.87556457519531,142.09295347190206,110.45433600481371,122.62303970990493,1721185
2009-01-13,98.14527893066406,111.34363405760901,96.57738404878049,110.45438550995077,3532796
2009-01-14,108.68023681640625,110.07142273830554,101.70033973284255,102.85166386302303,3047074
2009-01-15,100.78884887695312,104.93841954609228,97.50278046709862,104.09890969571013,2461334
2009-01-16,103.1155014038086,104.53067344730601,101.70033559534579,102.18005292423207,799239
2009-01-19,104.93843078613281,106.97722460820873,100.74088731965334,104.0989208458301,1402672
2009-01-20,99.58958435058594,105.05837761800856,98.65413574203,101.24461216920403,1616003
2009-01-21,95.87174224853516,101.94018246525029,94.07279774205955,95.94370077699827,1921531
2009-01-22,94.3366470336914,98.34229486372251,93.1133645023299,97.86257756878419,1223500
2009-01-23,90.11511993408203,95.22412543931918,89.39554090355138,94.52853258430734,822148
2009-01-27,94.64846801757812,95.89573681668787,90.66680607274907,92.99344042319447,854516
2009-01-28,98.05448913574219,98.82203448705323,95.1521922988186,95.94372383204785,977948
2009-01-29,94.4805679321289,100.5010361275982,92.58567861683667,99.30173972399902,1408037
2009-01-30,98.98991394042969,103.1394787685139,91.38637715747207,93.30525254407978,2563532
2009-02-02,96.61530303955078,98.8220062043268,94.16873812424092,95.36803440684247,1531756
2009-02-03,94.96028900146484,98.34230274873315,92.82553782702705,98.29433039188952,1471205
2009-02-04,95.320068359375,97.7666334364537,94.19273052739312,97.38286084525802,704271
2009-02-05,97.9345474243164,98.72608510527742,93.7370096968551,95.36805118228743,886418
2009-02-06,96.11161804199219,99.87741083781475,95.00826624787432,97.81461809248154,1771498
2009-02-09,97.47879791259766,99.63752870082853,95.03223302725134,97.14299146596296,1114026
2009-02-10,99.08585357666016,102.08409426642311,96.78320572452762,98.34228838919084,2511177
2009-02-11,106.18569946289062,107.93667163731544,96.13559129847906,96.47139153349123,2495697
2009-02-12,108.560302734375,110.28729501480676,106.52149638680389,107.45695105829063,2122707
2009-02-13,112.11021423339844,113.40545526497117,107.69680773770952,110.33526215276758,2094216
2009-02-16,106.20967864990234,112.2541327174622,104.17087237277617,112.2541327174622,1357004
2009-02-17,105.56206512451172,107.43297452688044,101.22061057858373,104.09892698065757,1557238
2009-02-18,104.60262298583984,107.88869794091528,103.13947871178394,104.09891952207711,1112983
2009-02-19,108.10456085205078,110.23931169564958,103.73912070106893,105.53807133383853,1040304
2009-02-20,106.88127899169922,108.75218826786787,101.964168979076,107.40897486884296,1458589
2009-02-24,106.04180145263672,107.88871866455166,102.75572586636056,104.00299479479754,821636
2009-02-25,110.33525848388672,110.766997166676,106.04177677571266,107.67281174637029,1246181
2009-02-26,106.85730743408203,112.54197553218259,106.08976220445004,110.33527208568006,1964698
2009-02-27,104.50668334960938,106.49751736011146,101.86822878713757,105.05835919239331,1164104
2009-03-02,101.31655883789062,105.96982762380506,99.85342064280036,102.6597723745571,958861
2009-03-03,98.48621368408203,103.11549595083518,97.38286201548085,101.70033021720945,1076128
2009-03-04,98.29431915283203,100.7168979562972,97.5507601768442,99.20578759360835,1060733
2009-03-05,94.62448120117188,100.30914929358838,93.88092215039903,100.06928751267158,1414008
2009-03-06,95.8957290649414,96.63929429565728,92.2019015577448,93.54510872625532,720561
2009-03-09,92.6336441040039,95.41600930945944,91.7221756626261,94.50454710311561,661387
2009-03-12,95.00824737548828,95.91970955130375,92.84951034034036,92.84951034034036,706346
2009-03-13,101.1966323852539,101.79628687886144,95.94371513656709,95.94371513656709,818912
2009-03-16,104.33878326416016,105.20227943791353,100.74089397108447,103.47529332544136,852169
2009-03-17,104.2668228149414,106.47352621228445,102.22802266066756,105.44213928139133,923845
2009-03-18,106.97722625732422,110.28729371668533,104.96241234559282,104.96241234559282,1306108
2009-03-19,107.84072875976562,110.79099733573082,105.05835718663572,108.4163845338213,941614
2009-03-20,105.32220458984375,107.9366793014595,104.14690056633052,107.9366793014595,740767
2009-03-23,107.45696258544922,108.41639730191268,105.53809315252226,107.40899022612254,834775
2009-03-24,114.1010513305664,116.30775464025787,108.41638358490354,109.32784582672073,2352889
2009-03-25,114.91657257080078,119.35397174490906,113.30951738997757,114.84462027362954,2690980
2009-03-26,120.7931137084961,127.60511235604773,111.82237185454714,116.33173519073814,2644770
2009-03-27,120.40934753417969,124.72682192915298,118.29858892511814,120.88907106808843,1536626
2009-03-30,117.7708969116211,119.92964041514887,114.7486759587924,119.09013043822905,1031258
2009-03-31,128.61256408691406,131.82668760900927,117.69896949051584,118.49050727976262,2760857
2009-04-01,123.6474380493164,130.6992984836511,122.32821716594584,130.48342914966213,1639040
2009-04-02,130.48342895507812,133.21781541508497,124.87071404912959,126.64567847726788,1702062
2009-04-06,129.38009643554688,133.81748321837404,126.74164181463001,133.31377971902535,966697
2009-04-08,135.37657165527344,136.67181272201265,123.76737440783565,125.87814547923152,1535500
2009-04-09,137.51132202148438,142.42844500356972,135.52050036705677,136.71978436041258,1202118
2009-04-13,135.66436767578125,140.94127565229365,133.88941588227033,137.19947021859565,1164622
2009-04-15,145.78646850585938,147.9212196423207,129.54799434910151,134.32120012488696,3108622
2009-04-16,144.58718872070312,154.80518949227056,139.14238180433057,149.43234735320235,4035637
2009-04-17,143.7236785888672,150.87148463446619,141.58892750512794,144.39527908607465,1183345
2009-04-20,153.91770935058594,158.5469858157034,141.56494554204056,142.95613146401755,3707297
2009-04-21,146.2182159423828,153.2700772708362,144.46724369895801,151.11133377696635,2087415
2009-04-22,141.92471313476562,150.51166362264917,139.11836196617588,149.192442764445,1348437
2009-04-23,146.6979217529297,148.3769416389754,139.19032955889256,142.95611562665198,1251837
2009-04-24,147.8252716064453,150.58365083868745,142.95612122816374,147.8012791939551,916251
2009-04-27,146.721923828125,149.57624784634427,142.09263510089062,147.75331078113774,1326461
2009-04-28,141.08517456054688,151.01534876393043,139.16629351101727,151.01534876393043,899670
2009-04-29,147.80126953125,150.05594512455284,139.28627061664525,139.31025055749888,1165299
2009-04-30,149.2404327392578,149.2404327392578,149.2404327392578,149.2404327392578,0
2009-05-04,161.4972381591797,163.58401682868723,151.11132963514976,151.11132963514976,2021167
2009-05-05,156.48416137695312,166.94202072830885,155.57269925960165,166.94202072830885,1425006
2009-05-06,159.57833862304688,168.28522559143423,156.43618124532318,158.30707773362866,2357593
2009-05-07,162.4806671142578,164.7353428127532,160.75367483984186,161.25737832194886,1093610
2009-05-08,160.87362670898438,165.2150814999918,157.1078277488466,163.32019204783745,1043672
2009-05-11,155.78858947753906,163.9677946324285,152.83832093461302,163.10429227591231,894118
2009-05-12,155.66867065429688,158.04327104839462,150.6795956213588,155.42880887962315,1792863
2009-05-13,158.0432891845703,163.08033715046696,151.7349923721247,153.9896683726542,1198777
2009-05-14,164.87924194335938,167.13391739664763,151.15928735837755,152.11873433430216,2022350
2009-05-15,176.24856567382812,179.15086162991986,165.98259515915058,171.73921472205703,2391618
2009-05-18,204.45606994628906,211.07619340572336,193.87827035451153,211.07619340572336,9252
2009-05-19,219.83103942871094,233.0712604243121,191.88742183236351,223.06914237657838,2891038
2009-05-20,231.6081085205078,238.89983159000926,209.876868845689,215.87335081270868,1731936
2009-05-21,221.5340118408203,236.50123668188476,219.47123802435578,232.0398451599894,1229033
2009-05-22,218.53575134277344,222.06168767809976,211.55583095770965,218.27190966885834,1121670
2009-05-25,214.12237548828125,222.54141759282473,208.3897353188884,220.6705332030024,1344479
2009-05-26,207.3103485107422,219.71107014229867,205.31951467603102,215.8972994640917,1032465
2009-05-27,222.42147827148438,229.6412231189078,209.2052273351539,213.1868948083606,901675
2009-05-28,229.83314514160156,235.4698407157354,218.75164341254904,218.75164341254904,2322238
2009-05-29,234.96612548828125,241.20245614986814,221.91777102663463,229.35339796469094,1227726
2009-06-01,236.40530395507812,244.65647445953113,231.75202278091234,239.85928868581482,1027014
2009-06-02,229.04159545898438,242.25784685606206,226.4271211073275,237.4606617698034,1015726
2009-06-03,231.6081085205078,234.5823695617826,226.42714411058083,229.78518398816684,855557
2009-06-04,238.15623474121094,241.05854310075642,227.48250573769533,227.86628452310308,1043121
2009-06-05,239.7393798828125,249.06991080664127,228.945710616761,249.06991080664127,1249232
2009-06-08,228.63385009765625,240.81870358939796,223.1410840254237,223.1410840254237,472358
2009-06-09,233.14320373535156,235.85362311761259,219.03948085077843,219.03948085077843,702051
2009-06-10,245.56793212890625,248.49420841240425,226.01940296398234,226.01940296398234,1771386
2009-06-11,243.98489379882812,258.1845635754398,239.93127277929392,258.1845635754398,1510817
2009-06-12,240.69879150390625,249.4056938026705,229.54533625135676,249.4056938026705,1285803
2009-06-15,231.96786499023438,244.08076448150257,230.26487779918375,243.60104099806074,1088239
2009-06-16,236.78903198242188,237.46064482982433,218.82358160043847,218.82358160043847,796288
2009-06-17,223.3089599609375,236.98094270020897,221.62994016135409,230.3368407328191,702302
2009-06-18,217.6962432861328,227.36256530663275,214.67402280545355,215.92127889965113,901924
2009-06-19,225.1559295654297,227.86634930281156,215.9213434417753,218.2719767005879,461824
2009-06-22,221.27017211914062,229.30546044918526,218.27194360561575,224.65217946898747,565175
2009-06-23,223.93255615234375,228.9216300198463,214.6740060433325,215.92126204014218,763457
2009-06-24,232.3996124267578,234.7022852341887,220.19079271813627,225.63559834540294,1072925
2009-06-25,229.3054656982422,235.01411366886524,227.8663199692286,232.66350565279132,1689398
2009-06-26,239.06768798828125,240.77070005010773,226.90682911401026,230.2648684212062,944407
2009-06-29,238.70799255371094,244.4166415983682,235.30199207278218,239.8113444709112,1134018
2009-06-30,226.33119201660156,242.44975297492118,224.50826754374032,240.3389694440814,901292
2009-07-01,233.83877563476562,236.93294847796454,226.4271163524906,226.4271163524906,897179
2009-07-02,232.80738830566406,236.0214984202732,227.00279617089384,234.10262931574462,547409
2009-07-03,234.96612548828125,267.3950848327492,230.50473436136642,267.3950848327492,770235
2009-07-06,219.85496520996094,240.6747648428936,215.03381279307746,236.02148446982622,1101854
2009-07-07,220.1907958984375,224.89203640124026,212.65919916568862,221.6299414837327,810373
2009-07-08,206.9745635986328,217.79222373436832,204.4560461179543,213.49872910575672,680186
2009-07-09,204.64791870117188,208.67754633870467,202.4891753581302,207.23838826669956,721407
2009-07-10,197.02040100097656,211.43595002225607,192.41510488125573,205.31953098132107,1135726
2009-07-13,184.81155395507812,194.28598719757048,180.37415517235928,192.8468291504633,1607406
2009-07-14,191.5276336669922,196.6846059235425,187.28212372237607,191.11987486797264,1119876
2009-07-15,204.52798461914062,207.07049434101882,192.9188001083596,196.68458610402936,1531088
2009-07-16,203.18475341796875,214.43415053676145,201.50574618132228,208.6775311381348,733850
2009-07-17,217.26455688476562,218.75166260394207,204.00033055355522,206.27898643147216,1749570
2009-07-20,224.05250549316406,226.28320089336881,216.71282379198277,219.71105179366447,864542
2009-07-21,222.85321044921875,226.78689298991117,219.73504533060972,224.5082377017174,521833
2009-07-22,221.893798828125,227.86631328465606,213.54670895246377,223.40492175137018,940837
2009-07-23,226.33119201660156,230.26490002030255,214.91389670956104,223.98058413109874,2653828
2009-07-24,224.86802673339844,230.26487214434846,221.34209039185868,227.86627972617816,980166
2009-07-27,225.37176513671875,229.3054481171915,221.94177314672706,225.46770984063937,433002
2009-07-28,229.11358642578125,233.35909644261977,224.5082899607502,225.683594020855,1051460
2009-07-29,229.18551635742188,233.86278960767103,219.7110826194598,230.1209710074717,1003873
2009-07-30,228.58587646484375,232.1837654698732,224.9879874598143,229.3054492778224,868900
2009-07-31,231.0803985595703,236.69310104586643,229.4013788135509,232.6634736075276,934919
2009-08-03,234.17459106445312,235.46983212684157,227.98621987083462,232.66349311842444,662027
2009-08-04,232.975341796875,236.74112862750766,230.26494694674395,235.11009323414694,972992
2009-08-05,232.95130920410156,234.5343844317552,226.30723163463068,232.66350001738044,1698764
2009-08-06,225.22787475585938,240.81872974179797,223.06915595265988,235.0621213264588,2041865
2009-08-07,217.50437927246094,226.9068607138728,215.87334420817626,224.98799153116082,1189464
2009-08-10,213.3068389892578,221.1502380079004,211.1960803008942,218.4638359973561,871501
2009-08-11,215.849365234375,220.33472441046365,210.66840066041433,213.47476478468914,594789
2009-08-12,212.4193572998047,215.87334174132596,207.3583302239327,213.81054305290417,940988
2009-08-13,216.13720703125,219.47125472025922,213.95447098829433,215.87336529861562,858080
2009-08-14,218.12803649902344,222.73333312811138,216.59294593604085,218.22398121796863,1153474
2009-08-17,207.02255249023438,215.3936481119356,203.88039413902695,211.07618566588857,771222
2009-08-18,217.5523223876953,219.7110656394474,201.50575233814786,206.27894498553428,975505
2009-08-19,211.43592834472656,222.5413962599867,210.47648135976175,220.3346931347024,784607
2009-08-20,216.7608184814453,219.71108708067507,213.0669846293926,214.4341780148659,372792
2009-08-21,222.99717712402344,224.0045842130596,212.9950585385629,215.87337519586922,770380
2009-08-24,233.9347381591797,234.82220797187992,220.67052615023985,220.67052615023985,1150162
2009-08-25,231.77603149414062,236.50126530038932,224.17250597335374,224.17250597335374,722506
2009-08-26,233.3350830078125,236.02150986042,231.7280403426812,232.18377146534468,535658
2009-08-27,237.0289306640625,239.7153576736587,229.06561928790282,233.74286790650433,1101854
2009-08-28,244.05677795410156,245.85573482532996,237.7005102306797,237.94035950811386,1272227
2009-08-31,248.1103973388672,250.4130451700817,239.9312052911424,240.43489625477392,1152322
2009-09-01,241.8740692138672,253.2913637880564,240.3389540172467,247.05503312219105,793723
2009-09-02,238.34815979003906,245.83177240461217,236.9809663675968,241.87409673327394,662380
2009-09-03,234.4624481201172,242.95346815086097,232.66351587977616,239.95523943691285,407022
2009-09-04,241.99398803710938,243.4571509841516,233.5029691628153,238.13225740966945,462782
2009-09-07,252.11602783203125,254.25077842552443,241.92199830245136,242.25781717903743,795341
2009-09-08,246.95909118652344,256.64940621310984,246.09558887875957,256.64940621310984,590152
2009-09-09,243.36117553710938,250.2451260111169,241.77810061713058,250.2451260111169,554290
2009-09-10,252.4998321533203,256.0737284822722,244.75237890229786,245.66384105652,1631066
2009-09-11,251.3245391845703,259.0480260667945,248.54216750676414,255.68998612320675,704048
2009-09-14,247.70262145996094,250.41301523195966,246.11954658899015,248.49414642538036,355814
2009-09-15,255.85784912109375,256.6493991163569,248.73402386439886,249.45362157103847,666704
2009-09-16,268.2106018066406,277.7570121206743,257.1291012400576,277.7570121206743,1333377
2009-09-17,269.3380432128906,275.35851917154883,257.1291942456785,266.24386917868566,1089227
2009-09-18,269.1220703125,270.8970348257244,263.8451865339299,263.8451865339299,677958
2009-09-22,268.45050048828125,272.91186707322754,266.7474881512427,270.2734250055741,548141
2009-09-23,266.5315856933594,271.04096169363453,263.17357104353715,263.17357104353715,382523
2009-09-24,269.43389892578125,274.2790440540379,262.4060180496266,263.8451885878235,1446786
2009-09-25,268.4264831542969,273.24766065279886,264.87655421745046,268.64236496293086,464581
2009-09-29,265.716064453125,270.99297304561173,264.08502950168065,268.6423653179499,369928
2009-09-30,267.2751770019531,269.361968214493,264.32490833745135,266.2438025421174,711329
2009-10-01,268.2106018066406,273.43955052151944,266.19578805637735,268.54642072510785,890653
2009-10-05,267.4190368652344,270.5132093188756,263.1735281887574,266.2437331761881,614699
2009-10-06,266.5315856933594,271.47270037743596,261.92628993235974,267.9227713857588,692712
2009-10-07,266.65155029296875,273.43958246325775,264.9005780268752,266.5316131694961,729796
2009-10-08,281.2589416503906,284.1852174244101,267.7068969489108,268.1626280130592,2011068
2009-10-09,274.73486328125,290.2297756018359,271.7845939067749,283.034020363253,1897354
2009-10-12,278.3326110839844,280.97107743145807,271.7364950955623,274.3989289090062,1324549
2009-10-13,278.2366943359375,278.2366943359375,278.2366943359375,278.2366943359375,0
2009-10-14,281.49884033203125,283.94541800284236,278.7164686413645,278.7164686413645,522029
2009-10-15,284.5449523925781,289.0303348780471,280.6352629106349,283.99327673352224,950038
2009-10-16,283.82550048828125,286.3440306316204,280.27557086109044,284.54507340348107,554865
2009-10-20,278.47662353515625,286.2960303423443,276.0780306539227,285.2406634410791,539538
2009-10-21,277.39727783203125,282.7940996095498,275.8861547654534,278.476637199507,408053
2009-10-22,271.88043212890625,281.54677916877773,269.12205330169087,277.39721472347105,439652
2009-10-23,278.2607421875,279.7478727693071,273.58349354287793,273.91928756839366,656172
2009-10-26,281.4508361816406,283.4656498641741,275.406370193906,278.23672626520545,848624
2009-10-27,267.5390319824219,280.15562365664323,263.8691656812869,276.7975838851901,735092
2009-10-28,261.5425720214844,267.77890361423005,258.56831082611507,267.77890361423005,503397
2009-10-29,255.37814331054688,263.3654714041122,252.90759833577485,258.56828604177815,1026327
2009-10-30,247.1510009765625,265.1884067056241,242.78555413739454,262.88575863510266,635012
2009-11-03,239.09170532226562,254.20283389974392,232.80738964030257,245.61587029111882,682288
2009-11-04,244.72837829589844,247.96648054593143,236.5012018339727,240.81866318730545,568511
2009-11-05,248.18235778808594,251.37250042318246,236.30933185614296,246.57531520541127,654819
2009-11-06,251.27662658691406,256.409607239097,250.19726709055246,251.85229496103065,544066
2009-11-09,254.68252563476562,256.4814574123137,249.30967282959182,249.30967282959182,502019
2009-11-10,253.36329650878906,261.8303220856727,251.9001586551202,258.3283782240653,1060273
2009-11-11,263.43743896484375,265.71609466196765,253.0755100008483,255.25824592769757,740964
2009-11-12,263.773193359375,268.45046611422913,260.24728189666035,260.4871311665944,654940
2009-11-13,268.0427551269531,269.60183808204937,264.157031476354,264.157031476354,436802
2009-11-16,273.7273864746094,277.27731576505215,268.1626681768149,272.95985374327006,448259
2009-11-17,273.1756591796875,278.23671044754934,269.6497479057678,278.1407657566863,454480
2009-11-18,276.29388427734375,277.94891169997277,270.0815208697175,273.17569389806357,399807
2009-11-19,266.6275329589844,277.4691844998891,264.49280698955624,276.2938806081525,537271
2009-11-20,269.6257629394531,271.52063946113003,260.5830691015347,266.24375613842125,613756
2009-11-23,273.1756591796875,276.29384916267145,270.1774312354484,270.1774312354484,338068
2009-11-24,270.15350341796875,275.3584604964979,266.603598887563,273.48755104742344,407388
2009-11-25,270.177490234375,275.2625100802739,266.81945026100124,266.81945026100124,431015
2009-11-26,262.3580017089844,274.83066071509325,259.76752023783735,271.3047497705924,852418
2009-11-27,249.64549255371094,259.95946059040926,236.06947951301075,251.85222067022215,2640027
2009-11-30,252.81166076660156,260.96688608880754,249.93334447993257,249.93334447993257,819106
2009-12-01,257.4648742675781,258.80807488162776,253.38726267401262,254.25076481598563,494801
2009-12-02,253.2674102783203,260.9669050335912,246.21556105119924,257.63285737901174,1854659
2009-12-03,262.95770263671875,266.09986057489,252.33193247038713,253.26738711642426,1763640
2009-12-04,258.8321838378906,266.243845308561,257.8487691051379,260.1034327475778,810947
2009-12-07,258.23248291015625,261.42262583664404,256.4095583465278,259.5517164475843,914733
2009-12-08,265.42828369140625,266.7235249249255,255.8339115735272,260.00746943043816,1020827
2009-12-09,263.5812683105469,266.2197346235648,261.0147792148928,261.78233667906255,379993
2009-12-10,261.6145324707031,264.8046506669429,261.0148717541863,262.88578126634025,346092
2009-12-11,261.9502868652344,266.0998516038269,259.0959631405441,262.7178444853648,602649
2009-12-14,268.64239501953125,271.04098783220564,258.8561343486087,261.44661658150807,1552773
2009-12-15,266.6275329589844,274.7108054988054,264.61271916168295,268.690331577245,1455650
2009-12-16,271.8084716796875,274.111119368046,263.84516193335327,263.84516193335327,1130237
2009-12-17,268.57037353515625,272.9598121244749,267.29912504070603,272.1922545700293,419758
2009-12-18,265.54815673828125,270.0575075525936,263.84516956602744,268.0666862934517,348177
2009-12-21,264.4687805175781,266.1717675797205,261.97424353263983,264.32485101337323,319354
2009-12-22,263.9650573730469,268.23455852438394,261.66240983055314,268.23455852438394,365252
2009-12-23,274.0152893066406,275.7662619786242,263.1736591793417,263.9651845214122,897752
2009-12-24,277.972900390625,279.5799680544744,272.07236305253036,274.8787271260749,873704
2009-12-29,277.6370849609375,282.2663732345407,275.4063893217274,280.58735340243834,553934
2009-12-30,277.972900390625,280.51542274565594,274.49494828455045,278.2367670492765,356167
2009-12-31,279.3640441894531,286.871648061843,275.1185350390862,283.20180708715094,794317
2010-01-04,280.58734130859375,283.96934829767093,277.0374373315702,280.1556026338552,576077
2010-01-05,281.9305419921875,283.94538066680434,279.723838860123,281.8346222335311,367720
2010-01-06,284.8328552246094,289.7019926550023,281.83462698210144,283.0339232671317,1054668
2010-01-07,295.3387451171875,302.7024212499133,278.716490885252,278.716490885252,1756389
2010-01-08,302.702392578125,309.3944799836707,298.3849305094614,298.3849305094614,2120361
2010-01-11,308.8907775878906,311.3133629160931,302.7024058729594,302.7024058729594,1092150
2010-01-12,300.6156005859375,309.2265565139858,297.90518146615267,308.8907375877374,864811
2010-01-13,306.1802978515625,306.9238629445793,299.0084885769595,299.82400595056106,698661
2010-01-14,315.966552734375,318.5090746554821,306.5401050138649,307.0198035437641,1285486
2010-01-15,314.3355712890625,321.0756186029413,312.3207573126962,317.57367408684325,649687
2010-01-18,312.75250244140625,318.2932534599077,308.5549773947382,314.21564059847816,365957
2010-01-19,313.53887939453125,318.253761161501,311.25436859272526,316.91706344823564,734888
2010-01-20,324.64556884765625,329.36045082051,314.9728057002693,317.4031515012599,1727669
2010-01-21,306.7096252441406,325.66631777004073,302.3350077797483,325.4232932938023,1060985
2010-01-22,305.8103942871094,315.4588724481449,289.21114347274545,299.19986094055895,1631015
2010-01-25,308.16778564453125,313.7575749012511,301.3627984412601,305.4457958172818,806970
2010-01-27,288.79803466796875,307.6818255616373,285.8087092817966,306.22360264746527,1031397
2010-01-28,299.7831115722656,302.7724362002857,291.64147643181235,298.4464391611617,1430111
2010-01-29,312.5181579589844,319.29883656519456,289.6486119716986,296.5021953943594,2483077
2010-02-01,319.73626708984375,324.20809910546,311.08422230284845,311.08422230284845,1303958
2010-02-02,315.4831848144531,323.23598689837087,313.51460307374913,321.2917151875068,1417369
2010-02-03,323.794921875,325.5204788932573,317.88920272731144,317.88920272731144,874074
2010-02-04,312.6154479980469,324.69427540636923,311.0843201327995,324.2082010626156,537336
2010-02-05,302.1405334472656,310.11207371205654,297.1097228430368,310.11207371205654,630618
2010-02-08,305.6889343261719,311.03570115114815,302.6023940711919,308.5081400304487,840963
2010-02-09,309.74755859375,312.05637947767474,305.2027963687149,306.2235395632027,600688
2010-02-10,310.6954040527344,318.8613497946557,306.34507141043485,311.1814529980966,781733
2010-02-11,311.2786865234375,316.38242818875256,310.1850384252848,312.3480498620744,416170
2010-02-15,313.00421142578125,314.4867187665835,309.1885732212035,312.2993975260384,396291
2010-02-16,320.8785095214844,322.21518185192787,310.5981486030289,313.51454297512123,781169
2010-02-17,328.5098571777344,332.81157014261424,322.2638724490736,322.2638724490736,1532355
2010-02-18,329.239013671875,335.6065243994672,326.9301921268609,331.4992404176655,1208237
2010-02-19,325.4719543457031,327.6106559249995,319.88213798515903,327.12458164099957,561332
2010-02-22,323.43048095703125,330.52709053955977,321.3160891571404,328.5828184417983,352892
2010-02-23,327.9508361816406,329.0201994137077,319.8334855479042,319.8334855479042,626796
2010-02-24,329.5062561035156,330.429784463275,321.8263847007329,328.09665353590947,554121
2010-02-25,323.2359619140625,331.9852218421346,321.82638461712185,331.49914763441404,508859
2010-02-26,332.5927734375,335.38766835736743,323.2359403273796,323.2359403273796,922668
2010-03-02,329.7250671386719,339.7624069383008,327.391935706618,334.41564003600524,947622
2010-03-03,338.984619140625,342.6787326279402,329.04449622387347,331.54777210942484,849617
2010-03-04,341.3663635253906,346.81034448109705,340.22412064752365,341.70662812906045,837458
2010-03-05,345.03619384765625,348.9004524892734,342.7273727826906,344.81747939116553,729274
2010-03-08,357.8684387207031,359.64259080945516,345.5951837416698,347.58807556407004,1252568
2010-03-09,357.1879577636719,361.3438613488294,352.40017023764875,361.3438613488294,882767
2010-03-10,357.1879577636719,362.07296014754377,354.0042027570025,357.7469368787267,428250
2010-03-11,356.9692077636719,359.59395812378983,352.5216600475503,352.5216600475503,362347
2010-03-12,357.5766906738281,362.996360223077,356.33720799239734,361.34373349469894,534835
2010-03-15,351.6467590332031,357.9413641782412,350.52880081063995,355.438113193411,292039
2010-03-16,354.660400390625,356.7261971885074,350.6989517505795,351.9141248510807,600416
2010-03-17,357.28509521484375,361.0764485792383,353.56667193076305,355.31651372263076,392894
2010-03-18,354.3201599121094,360.61476514493046,352.54600769633015,359.69121135356943,321715
2010-03-19,356.1671447753906,358.7676101266831,353.03201044558716,353.03201044558716,330475
2010-03-22,355.4624328613281,357.16365500286105,352.40017741189996,352.40017741189996,302591
2010-03-23,358.5245361328125,361.5381704504326,354.879018085132,356.04557071983623,767247
2010-03-25,369.3395690917969,370.8706962897296,355.80254982238966,355.80254982238966,1273191
2010-03-26,361.3194274902344,372.280291557538,359.7397055442999,369.8985409916354,776750
2010-03-29,364.1387023925781,365.9614491163989,354.0527697999703,354.1013645864656,417005
2010-03-30,359.9099426269531,366.05871279199545,358.8405792081051,366.0101179990176,321879
2010-03-31,359.76409912109375,362.07292015208577,357.86842223759464,360.2744581156969,449409
2010-04-01,358.1114196777344,365.4753869320737,356.8476520310345,360.66329026894994,732811
2010-04-05,362.3889465332031,363.28816509443493,358.8406165456985,360.46895923988956,268277
2010-04-06,355.8998107910156,363.0936330650265,354.9033776441411,362.3645344077866,433574
2010-04-07,360.4202880859375,361.6840558107637,357.01779375397376,357.7468924621659,368584
2010-04-08,359.6911926269531,364.0658357635671,357.86844571194933,360.8091508069028,317976
2010-04-09,364.1630554199219,367.46830994146836,358.71907409345346,361.635494466226,1081096
2010-04-12,364.8921203613281,370.4332907584641,363.0936583500101,363.0936583500101,786719
2010-04-13,359.42376708984375,368.3917402896601,358.71897853324504,368.3917402896601,267518
2010-04-15,358.3301696777344,364.1143896344008,356.8233522531793,361.87847352578353,320552
2010-04-16,358.5245361328125,361.8540996803152,355.75395151388153,356.67747972019185,478690
2010-04-19,345.2306213378906,356.62894222249696,342.19270156343975,354.97631507817016,718148
2010-04-20,340.7587890625,349.2163797549472,339.4707112795835,344.1369734416856,1177333
2010-04-21,349.3136291503906,350.9419716974079,340.75882276389143,340.75882276389143,541715
2010-04-22,352.66754150390625,357.6983537027976,345.109142918851,348.0255634787357,734610
2010-04-23,348.341552734375,353.46958030421416,347.5395237337415,352.4002167268051,296511
2010-04-26,347.10198974609375,352.3029209570754,346.32427095929233,350.941938350474,211134
2010-04-27,348.90045166015625,351.8168718391462,342.99470648351945,347.53944378382045,401606
2010-04-28,346.71307373046875,350.62592651452263,342.75162616532646,344.6715875188143,500985
2010-04-29,344.08831787109375,350.45582658041747,337.8666440538292,350.45582658041747,1569447
2010-04-30,346.0326232910156,348.46296903004816,340.73445239612136,345.1090696723201,1096873
2010-05-03,339.738037109375,345.1577078871522,335.9223986469987,343.0676013443115,1149992
2010-05-04,332.9087829589844,341.6580184776584,330.52703174194534,339.7623667864702,1125915
2010-05-05,327.9023132324219,329.94380003421765,319.2745764847736,323.9165292191022,1190842
2010-05-06,322.19097900390625,328.77720331092934,320.8056610006334,327.61065031959254,819077
2010-05-07,322.4096984863281,325.18030926563347,301.65454138964014,318.8613941241451,582014
2010-05-10,340.2726745605469,342.0954464267895,322.2638219492427,322.2638219492427,540695
2010-05-11,329.9923095703125,343.0675659529254,328.0966329140087,343.0675659529254,341145
2010-05-12,326.17669677734375,335.3876957520993,323.79494575917994,329.06880676849283,477935
2010-05-13,324.30535888671875,330.4541287603036,323.28461557953597,328.12099759098555,605670
2010-05-14,321.75347900390625,329.3118513803333,319.03148850395195,323.2359864974802,524620
2010-05-17,338.30413818359375,346.54301454453537,318.42391627216887,323.23598814333394,3087488
2010-05-18,331.9852294921875,339.22764690806576,328.0966610111167,335.38769848403706,783435
2010-05-19,327.8779296875,334.3183432633566,324.96150979439733,328.09664412203114,922324
2010-05-20,327.75640869140625,331.23180763095496,325.7149223232193,330.0409447945624,680544
2010-05-21,321.1701965332031,326.6384619751287,317.74339225983795,324.7427851660586,536477
2010-05-24,327.5863037109375,330.3811988961678,318.3752793437002,322.02079809882235,450434
2010-05-25,326.4683532714844,331.93661889689594,318.10795227862644,323.98938731947334,1248179
2010-05-26,335.94671630859375,340.97755346744464,326.15242706519746,330.5027602389835,570635
2010-05-27,341.9010314941406,348.7545893147259,334.9259235348547,334.9259235348547,1802178
2010-05-28,344.4772033691406,347.9282924725052,341.22054395641345,347.9282924725052,509116
2010-05-31,339.32489013671875,346.5673334287346,337.3320235778858,346.5673334287346,513003
2010-06-01,327.5863037109375,341.07473068597943,326.2010111326451,340.10258224316016,790181
2010-06-02,331.8393859863281,333.61353788665997,324.47544388910126,328.0966525031377,436148
2010-06-03,337.0160827636719,339.27630921036507,334.9016912359638,336.8459630834418,417799
2010-06-04,338.2069091796875,339.9567763962415,333.9781265820996,336.84592661489035,311700
2010-06-07,332.3984069824219,337.3320292116979,331.01311427220395,333.0060061346224,265780
2010-06-08,337.1375427246094,342.6787126322486,330.5756043915648,330.5756043915648,1071665
2010-06-09,335.1689758300781,342.9460873314611,333.5892536099955,339.03320891769425,578378
2010-06-10,339.8109436035156,340.19980298738716,331.62068759434834,331.62068759434834,300976
2010-06-11,348.9247741699219,349.89689741748805,340.27272817180113,342.67876416564735,1395851
2010-06-14,351.1363220214844,353.6152624240316,349.58090992206047,351.8168258707376,631056
2010-06-15,349.775390625,353.37228952666806,347.02909007112726,351.42801780114735,507232
2010-06-16,350.8204345703125,351.9141079975993,346.61593634934167,351.9141079975993,475756
2010-06-17,355.3408203125,356.24003859135877,349.48369594605447,350.9418932134573,917617
2010-06-18,354.80621337890625,358.1843979272929,351.9141030947303,357.50389395739785,881459
2010-06-21,357.60107421875,360.17722966441653,355.0006087446489,356.28868646748214,668838
2010-06-22,357.6253967285156,361.00358130673123,352.54599011599424,352.54599011599424,479997
2010-06-23,359.3509216308594,360.12864039027056,354.83046924723203,354.83046924723203,457806
2010-06-24,359.76409912109375,363.04506862318806,356.38591477188925,359.6911690330355,681251
2010-06-25,354.6846618652344,360.6633116903881,352.4487456880419,357.26081736667766,328003
2010-06-28,359.3995666503906,359.5939710834455,353.4208911776214,354.6846842494407,272351
2010-06-29,355.5109558105469,359.5453337726392,353.5909943048319,359.5453337726392,273777
2010-06-30,358.087158203125,359.10790145191953,350.6989057111879,354.83047349426084,405574
2010-07-01,347.8554382324219,357.2608684857326,347.1263394216744,356.33733995607867,385939
2010-07-02,349.6052551269531,353.3237042791614,346.1784758022968,348.0741527892694,773803
2010-07-05,347.4665222167969,351.71964003746376,346.6888287381063,349.48372390441597,193155
2010-07-06,352.4001770019531,352.837656505822,348.1470837476124,349.48378175111566,443765
2010-07-07,348.60882568359375,354.24723664527954,347.6609871796636,349.48375936498365,295012
2010-07-08,352.2786560058594,354.68469204993795,350.6017187302528,352.3029407665866,277192
2010-07-09,350.3100280761719,356.1914627824501,348.51156615235476,354.58743054068344,345967
2010-07-12,348.19561767578125,352.30290055772576,347.53942380498836,352.30290055772576,191281
2010-07-13,355.5352783203125,357.01778573240716,347.87969151570223,348.94902952494436,663010
2010-07-14,358.7919616699219,364.94073144517,355.0492278466749,355.0492278466749,1543215
2010-07-15,359.54541015625,364.5033175182014,356.823419323188,362.07297126764297,739579
2010-07-16,356.5074157714844,362.0243015083763,355.8998419273963,361.9270866608861,333836
2010-07-19,353.0320129394531,359.5939261619562,350.9905013092379,356.28867215839585,478029
2010-07-20,348.0011291503906,356.24000354950795,345.66799858986764,353.8582782109906,433196
2010-07-21,347.34503173828125,351.7682696556973,346.61593297405835,348.02553571103044,364755
2010-07-22,350.8447570800781,354.73330084564,346.5673538838994,347.34504747482964,897922
2010-07-23,353.809814453125,357.13940477143274,350.8447988471499,353.7855296885481,657383
2010-07-26,350.0426940917969,357.0177768170643,348.51156666098973,354.8790755816872,442111
2010-07-27,349.21636962890625,352.4001242198282,346.1298551534387,346.1298551534387,617949
2010-07-28,352.497314453125,354.101346651022,349.50798976123014,349.9697539258961,583293
2010-07-29,350.4801330566406,352.6431442261675,349.11915060956767,352.4000944986307,724298
2010-07-30,339.98101806640625,346.0811919817056,337.55067251062053,346.0811919817056,789227
2010-08-02,340.88031005859375,344.08834946457233,336.2869527671986,340.248400918814,573320
2010-08-03,343.8210144042969,344.5744231487307,338.30412871163315,342.67874627301967,539414
2010-08-04,346.4943542480469,348.94898450913183,342.48426141980724,345.4493011317945,563840
2010-08-05,344.01544189453125,350.5044760127455,342.24128990614616,347.2964113621339,594566
2010-08-06,342.41143798828125,345.59519287403714,341.2448850087026,343.40789656096376,246482
2010-08-09,340.6372375488281,344.79314038682685,339.32484983896524,342.67872392632614,324223
2010-08-10,339.1547546386719,343.57799228902877,336.89452838980327,340.2970227778163,523690
2010-08-11,335.2662048339844,340.8803053040177,333.63786248926505,339.03322323932554,419017
2010-08-12,336.2382507324219,337.72075783296276,330.52693672965796,332.95728203848114,360860
2010-08-13,338.49853515625,340.1511621665276,334.0510130828709,339.665113236657,444329
2010-08-16,343.65093994140625,345.01192270407086,335.65511251135564,339.2763218046151,688976
2010-08-17,344.11260986328125,347.00471955254824,341.7308843640247,345.10904294721956,499538
2010-08-18,339.8839111328125,344.13702984077986,339.27633718613436,344.13702984077986,382882
2010-08-19,339.30059814453125,343.5050961772708,338.35275967612444,341.2205598410799,391700
2010-08-20,343.5293884277344,344.08836750895256,337.8910028247217,339.27629551248384,376666
2010-08-23,346.9075622558594,350.4072715484241,341.7066310117978,344.13697696570904,970980
2010-08-24,347.49078369140625,349.8239143420763,345.66801194572537,348.9976009218822,442840
2010-08-25,347.782470703125,353.22645131039513,346.1541284184355,347.4422061212335,743516
2010-08-26,348.8275451660156,352.35153917728894,346.56731890639725,347.05339314561104,533128
2010-08-27,347.19915771484375,352.6917327292563,342.24125165901444,345.5951255687964,473772
2010-08-30,339.8595275878906,349.9697441439178,335.9709594322207,349.82393452559296,641290
2010-08-31,336.6514892578125,342.6301389358064,334.05102379141675,340.24838791377397,344409
2010-09-01,338.1097106933594,339.2762888941722,332.22827544001535,336.65151321264494,698176
2010-09-02,339.66510009765625,342.38709024301437,338.4256172527445,339.27624075256256,252264
2010-09-03,339.54364013671875,341.7066517045274,336.3598852280783,336.845959502356,432032
2010-09-06,346.7617492675781,349.24068998687454,340.7344792303616,342.1927019508016,1459401
2010-09-07,346.4215087890625,349.87259822898557,341.7552462992989,349.87259822898557,1352742
2010-09-08,343.4078674316406,345.06049454182016,342.24128928071354,344.1369661408198,431261
2010-09-09,345.2791748046875,347.7824250679431,339.85950493663,343.65083273366514,1264059
2010-09-13,350.7231750488281,353.3236657498175,346.17843805212783,349.96976634233295,1514067
2010-09-14,355.1221008300781,359.64255304883653,351.4279873982062,354.344407369331,1639440
2010-09-15,368.7320556640625,370.5304923407032,357.26080535679455,358.7190279909216,2093940
2010-09-16,368.0758056640625,375.46405673935277,365.6940550266927,371.35677450262034,1152425
2010-09-17,366.1072998046875,373.7871969449239,364.69769715133776,367.46828239914544,759632
2010-09-20,371.0895080566406,372.2317762487371,365.52402727944155,366.98222478744424,532405
2010-09-21,379.1339416503906,381.078238620071,369.4125578831934,372.2317632189288,1843834
2010-09-22,383.3141174316406,384.4806702292258,378.16178150575104,380.10605301525874,1185021
2010-09-23,381.9774169921875,388.7337850781409,379.668596170487,386.4249389861419,1092249
2010-09-24,382.1232604980469,387.6158614434658,379.7658446833104,381.97745086282015,734605
2010-09-27,381.807373046875,386.4250156058545,379.71726624419784,383.9946694368221,528961
2010-09-28,396.826904296875,400.52104361447266,381.8073730583021,383.97038468664823,2327787
2010-09-29,399.3543701171875,411.603312900133,397.1427642224534,401.0069970316945,2163565
2010-09-30,400.253662109375,403.4374169345592,392.7439095322743,401.4931451587167,1299636
2010-10-01,405.5518493652344,407.81207581620924,400.54532218291854,402.4653092727887,977968
2010-10-04,406.4267272949219,411.57906373948344,403.6075472210006,409.7563169127972,710854
2010-10-05,405.6732177734375,408.1764931900986,403.43730207723144,404.45804510070394,538496
2010-10-06,403.0242004394531,410.7040965826068,401.10421376851593,408.32234576365255,512966
2010-10-07,398.649658203125,406.40246060937636,397.6046048498744,403.48604028667535,579223
2010-10-08,396.31646728515625,401.00701374717033,393.71597667412544,399.1842671140584,534075
2010-10-11,399.3787536621094,402.3680787823288,397.70181641273274,397.70181641273274,373278
2010-10-12,396.049072265625,401.00697804469496,394.2020157697725,401.00697804469496,348332
2010-10-13,407.3016662597656,408.7355789803961,396.14636961555584,401.7361855878552,956624
2010-10-14,402.489501953125,410.1451132592691,399.062723283548,407.88488732538536,679954
2010-10-15,397.9447937011719,404.79837679925066,394.4451099742842,402.07638652817184,293083
2010-10-18,394.129150390625,400.95842337371835,390.36210694702396,400.4966592035639,528612
2010-10-19,390.2162780761719,398.09060387816425,386.9109989657523,393.740271612004,586058
2010-10-20,391.1155090332031,393.22992543953615,384.9667400305625,385.0153348143537,376899
2010-10-21,392.8411560058594,395.538836786654,388.3693229803761,392.7196311131178,787182
2010-10-22,407.1558532714844,408.7841704085181,390.3378359733224,393.643115577466,1186999
2010-10-25,407.9577941894531,416.1480492175124,403.55886715937834,408.2980334744333,860566
2010-10-26,403.3158874511719,410.6069250233128,402.46526387405873,408.2980787695913,338100
2010-10-27,399.8648376464844,405.43031858241756,398.09068550167257,401.9792291474536,270988
2010-10-28,399.4758605957031,408.90559763974056,394.2020005064197,398.0905682774517,1611262
2010-10-29,397.3858947753906,400.03498076738094,390.9454797700998,396.09781682839326,657607
2010-11-01,402.829833984375,408.24950502021505,399.160004980338,401.2501116227011,332375
2010-11-02,405.4302978515625,412.91576546669415,403.4374060680932,403.4374060680932,883067
2010-11-03,408.12799072265625,411.7006049692134,406.54826832002055,409.2945689543085,827476
2010-11-04,406.64544677734375,413.08586069483346,405.86772802584915,409.36743713727486,630702
2010-11-08,403.8749084472656,410.60696767693764,401.15291777180477,409.7563440114622,403450
2010-11-09,406.2079772949219,408.24946367030196,399.6703487800575,399.6946335374008,324969
2010-11-10,402.3923645019531,407.20446179661576,400.5210228138258,403.75337243733946,327075
2010-11-11,404.60400390625,406.81561025615747,400.05924105054646,401.0070795634504,435852
2010-11-12,401.2501220703125,409.8778328440533,396.195000273212,406.32952862784833,667905
2010-11-15,398.7954406738281,401.9791953080388,386.0118273488976,401.9791953080388,385538
2010-11-16,394.0076904296875,399.5974814472737,390.04624192476047,399.5974814472737,738895
2010-11-18,391.9176025390625,408.2981159020967,390.38647490695104,408.2981159020967,411927
2010-11-19,383.97039794921875,395.1256705723211,377.6757925619136,392.30646487553344,436262
2010-11-22,386.93536376953125,388.3206564077801,380.1546849455696,384.9667820403457,446373
2010-11-23,383.77587890625,386.91101321866535,377.6757046605854,386.3277241888165,486077
2010-11-24,383.8244934082031,391.28565050318014,376.7765057148359,385.7930750323498,847317
2010-11-25,364.8921203613281,384.9181511541625,361.2466015509648,381.8073266306021,1210495
2010-11-26,364.7949523925781,375.1239110474195,362.7534656396869,366.4961997767554,738685
2010-11-29,362.1457824707031,367.7112875916049,356.7747322915025,367.7112875916049,397100
2010-11-30,374.2975769042969,377.6757614556449,358.7190672972275,360.17726482083566,623981
2010-12-01,380.7136535644531,383.99462302310405,377.72432864327124,383.99462302310405,374351
2010-12-02,378.3319396972656,386.81384049960633,376.72790732567114,381.5642891999521,707307
2010-12-03,371.9887390136719,380.9567140294629,369.67991794831,379.1339419365869,468376
2010-12-06,381.0539245605469,383.9460346844846,374.2975558381123,376.21754275779165,306194
2010-12-07,383.1197204589844,388.3692716719965,377.38409500952656,380.10608546332173,773947
2010-12-08,379.52276611328125,384.4320776044224,377.35975488632,382.87664017183965,355022
2010-12-09,374.0059509277344,382.36635288396127,369.4855232177735,380.1061263938291,474344
2010-12-10,371.3811950683594,383.36280689922523,366.98226674061937,371.8429593500356,305427
2010-12-13,382.973876953125,383.89740534648337,366.59336507998904,373.7871878069441,614480
2010-12-14,382.973876953125,384.9181485849479,380.59215115347445,384.9181485849479,261323
2010-12-15,378.1617431640625,383.99455710119867,375.31822836462266,383.0224340801574,231265
2010-12-16,377.5542297363281,380.5921748825798,368.39182477744225,379.1339521150703,393300
2010-12-20,378.5021057128906,381.2970013729417,370.7736127255453,374.2732971736508,202352
2010-12-21,381.6371765136719,383.8487824902386,378.64785183312637,381.56424643245003,307151
2010-12-22,380.30047607421875,384.8695228866435,376.94660209287395,381.63717376949614,612942
2010-12-23,378.0888977050781,381.2726270007639,377.18965407687057,379.86304966251987,389409
2010-12-24,393.4729309082031,396.0490860822594,377.72427955340754,378.1617589379055,1668832
2010-12-27,394.5423583984375,399.35443025008567,392.35503693022383,396.0977707127508,907699
2010-12-28,393.93475341796875,396.0977648241912,391.55300228708643,393.7889437817295,313276
2010-12-29,393.32720947265625,396.09779493422104,389.4386405436342,393.61882876730283,600211
2010-12-30,393.6430969238281,397.75037988691236,389.99757815521673,395.174224409359,646145
2010-12-31,398.7954406738281,402.65969923337025,392.18490692436717,394.6395375748582,692482
2011-01-03,403.3158874511719,404.7983948863318,398.7711250302845,399.0627695656062,638315
2011-01-04,401.1771545410156,405.3573420108839,399.3057878727754,403.4373552887682,813479
2011-01-05,400.52099609375,405.5760922770362,396.36509301332705,400.9827602948747,707813
2011-01-06,393.2785949707031,402.80554981254244,388.36930790039855,401.00708760507706,258642
2011-01-07,383.2412109375,393.32716897504804,381.5642738144284,391.2856572305999,388049
2011-01-10,375.0995788574219,390.79961222226314,372.01303908621406,383.26552483647214,490342
2011-01-11,371.0408630371094,382.293373220963,360.1772122081627,374.75928639538546,497070
2011-01-12,375.026611328125,380.10604229914503,366.9821657569392,374.7592768460131,600169
2011-01-13,372.5719909667969,381.07820092161097,370.9436487333499,379.54707352703093,480686
2011-01-14,366.5933532714844,379.03670142245295,362.1214958109463,375.2453731260374,756007
2011-01-17,359.56964111328125,368.92647464722785,357.7468691910702,366.982177858123,645049
2011-01-18,364.1023864746094,367.2986344803976,360.5619357977772,363.38938792325655,343811
2011-01-19,360.14398193359375,366.8315202903558,356.5543445548169,366.8315202903558,409552
2011-01-20,361.34869384765625,362.7993097461136,353.18597237488024,355.52168817352594,293284
2011-01-21,359.5538330078125,365.7988202529775,354.7102750770984,359.52923980106846,400417
2011-01-24,356.13629150390625,360.43895220060585,355.52164029847114,358.9637432911673,368298
2011-01-25,365.65130615234375,366.83144771609506,357.53772105615025,357.53772105615025,432664
2011-01-27,366.58563232421875,377.1086881081762,361.9141752784651,369.7818802985766,926714
2011-01-28,357.9803161621094,367.32320418292846,339.6141495617967,366.1922234051135,1040459
2011-01-31,419.91387939453125,434.98545157046465,408.1369024264932,408.1369024264932,9869979
2011-02-01,417.1356201171875,424.2657338478017,415.78335143826615,424.2657338478017,2314025
2011-02-02,417.47979736328125,422.24960170006966,414.5294303376937,422.24960170006966,800823
2011-02-03,417.8731994628906,421.36448937459653,415.5866700597926,417.9715467377838,565111
2011-02-04,417.2339782714844,421.3153520605971,415.56210006955143,417.947002445467,814164
2011-02-07,415.1686706542969,420.9219220869676,413.59513988546945,420.3810248796622,959120
2011-02-08,417.8240051269531,419.37294262656764,414.77526541423254,414.77526541423254,425986
2011-02-09,416.79132080078125,419.8892209870562,415.04566341526396,416.4962790357081,564358
2011-02-10,416.64385986328125,418.4632716164891,414.7752872563109,415.1194899266476,854958
2011-02-11,415.0948791503906,416.5946557219709,413.5705093721513,416.5946557219709,409017
2011-02-14,414.3327941894531,417.4798562022441,411.2348930371729,417.4798562022441,1216769
2011-02-15,412.1445007324219,414.65231765015665,411.6281711985168,413.15254102808024,374141
2011-02-16,412.85748291015625,414.92277539946184,411.62815492504427,411.62815492504427,358410
2011-02-17,414.5293884277344,417.7256360920832,410.8414044539479,410.8414044539479,931646
2011-02-18,415.56201171875,417.8731339695153,412.8820680714405,412.8820680714405,898193
2011-02-21,415.3899841308594,417.47981902754276,414.2098168076488,415.021188233523,606286
2011-02-22,413.93939208984375,415.51292304698563,412.56255569792825,414.7753312097213,483850
2011-02-23,415.0211181640625,417.3076472285717,412.0215395063322,412.0215395063322,808143
2011-02-24,413.9884948730469,415.7587457117474,412.1199223301954,415.5128647573728,691739
2011-02-25,412.734619140625,416.00462124898473,411.57904506722963,415.46372402662956,661406
2011-02-28,416.66845703125,418.93041874847677,411.82489856797076,411.82489856797076,579746
2011-03-01,418.094482421875,420.1843428158575,415.1440897736251,418.46327830732287,529910
2011-03-03,421.1431579589844,421.90534282296403,416.47170151637806,417.97147803848947,819343
2011-03-04,420.0613708496094,422.3970864706103,418.0452902355517,421.6594947549958,533439
2011-03-07,421.1186218261719,422.1020945467436,416.81598619417025,418.46327104529473,399242
2011-03-08,421.6103515625,422.3725365178017,419.69259256984844,419.9384735284616,278504
2011-03-09,421.46282958984375,422.88885226957444,420.1351541833589,421.90540510178323,314436
2011-03-10,421.53656005859375,422.3970666433085,419.4466999193406,420.823536019548,279444
2011-03-11,421.5611877441406,424.85580870058,419.9630636861468,420.6269014065238,216526
2011-03-14,421.8808288574219,422.8888692752276,421.3644992609515,421.5611938153528,564945
2011-03-15,425.0032653808594,427.2652268853962,418.4632362446125,418.4632362446125,1289602
2011-03-16,428.51922607421875,430.16651108805996,424.97874949510333,425.00334270671357,551888
2011-03-17,428.66668701171875,433.2152035546313,425.8392349279622,427.2652575742915,545876
2011-03-18,427.38824462890625,430.16651059762097,426.82275415053044,430.16651059762097,392671
2011-03-21,427.634033203125,429.50263126256004,425.4212580586863,427.95366820972095,954622
2011-03-22,431.69085693359375,432.7235161165479,426.60144290818135,428.78965063123326,729206
2011-03-23,430.4123229980469,432.6005049281176,429.3059354291799,431.4449309439241,911007
2011-03-24,431.0761413574219,432.72347726018023,429.2813484651991,430.75653191181084,1009656
2011-03-25,430.3631286621094,432.4775820596048,428.0520063009224,431.7399903606018,1523696
2011-03-28,430.7811584472656,433.6086106484612,428.91258578641765,428.91258578641765,1016908
2011-03-29,430.9286193847656,432.4283959911822,430.26480730686336,431.0269922136868,840539
2011-03-30,430.80572509765625,431.78919778729556,430.01894694594483,430.80572509765625,1780691
2011-03-31,433.2397766113281,436.16555026526794,430.756527309045,432.23171073989397,2826533
2011-04-01,434.32159423828125,434.7887629520469,430.7565503796814,433.2152066058881,983953
2011-04-04,438.30462646484375,439.5585222397277,435.18215806767506,437.64081432794444,1360849
2011-04-05,437.81292724609375,439.1160094742806,436.60816672883857,437.6408259049623,1944434
2011-04-06,438.20635986328125,439.11605307940624,436.80490465566055,437.64086936359917,1200357
2011-04-07,440.24700927734375,441.08292280885104,437.88667456155054,437.88667456155054,2580329
2011-04-08,438.59967041015625,442.5826964067035,437.8128922682214,439.2634825115821,1513790
2011-04-11,413.2263488769531,437.64080989581464,410.1530158004077,437.64080989581464,527848
2011-04-13,437.8375549316406,441.08293858794957,410.10390224029334,410.62020630434176,1180687
2011-04-15,420.1106262207031,434.05121930557317,398.4498609331518,422.88889221415513,2174640
2011-04-18,410.79229736328125,424.63454293235645,408.8499705217757,421.80709056294836,422983
2011-04-19,408.3336486816406,414.97202635564787,402.23619384509755,408.13695411613895,261151
2011-04-20,420.70068359375,422.8397305938747,410.84148996951376,412.07081821665736,199964
2011-04-21,411.13653564453125,420.38107801360286,409.6121655361201,418.0453619916838,355996
2011-04-25,411.1118469238281,414.28350133440813,395.35187100202705,408.5794369236859,2504228
2011-04-26,425.86383056640625,427.80615722276355,404.20306770863397,405.6782512165172,3358251
2011-04-27,421.5611877441406,437.61623351908503,415.0211833808228,426.7735422313721,3678291
2011-04-28,422.05291748046875,427.31443274044886,417.70109533367514,422.2496120289416,4136209
2011-04-29,426.1588439941406,431.42038432209256,420.43016054883134,420.43016054883134,909329
2011-05-02,425.4950256347656,428.78962081301677,422.91342898624083,425.79006744299693,368088
2011-05-03,425.12628173828125,428.7896732335129,420.7498660614886,424.56079126120517,460933
2011-05-04,427.0439453125,431.2236913053074,419.520468993575,423.47890168363233,472250
2011-05-05,415.9554748535156,427.5357325055706,407.5468721464903,427.5357325055706,699780
2011-05-06,421.7087707519531,426.8227785613982,411.16112005822134,416.00467921880204,618480
2011-05-09,420.5284729003906,427.1668488218747,419.0532896132442,421.9053344954123,209901
2011-05-10,420.2089538574219,423.28226155479507,417.7748651196394,421.4136888386534,238243
2011-05-11,422.2987976074219,424.8558011678093,418.4632794845072,420.4301994006513,345870
2011-05-12,425.1015930175781,432.2316798432307,422.93797887681484,424.364001354878,624395
2011-05-13,429.1337890625,436.1655028015975,426.9947426429427,433.7068469746242,890579
2011-05-16,416.2750244140625,432.18255996440894,414.50479924755507,427.83071275711035,418364
2011-05-17,416.0291748046875,421.85617990605243,411.234803195151,416.0537680119051,611463
2011-05-18,413.00506591796875,422.27420054420264,412.24288094227666,418.9550120314575,250506
2011-05-19,418.31573486328125,420.3564086657673,411.0872747635552,411.0872747635552,183240
2011-05-20,424.216552734375,425.8392700564506,415.6112552933897,417.97156442604467,351850
2011-05-23,425.7655029296875,426.82272975593696,418.11908530284575,422.88886427905527,442647
2011-05-24,427.2652893066406,429.69937805207053,420.0614214779335,426.33100294563445,274773
2011-05-25,422.8888854980469,429.7731184721806,420.38106818022766,427.8061984173808,331727
2011-05-26,426.5768127441406,432.2317167269439,418.46325263275634,422.8888285512691,753438
2011-05-27,427.43731689453125,429.25672844579987,420.50392445091734,420.50392445091734,149688
2011-05-30,423.7493591308594,432.7234769740309,421.70868528910717,424.38860358632405,136178
2011-05-31,429.6748046875,434.6904394157251,418.95505312218904,418.95505312218904,421472
2011-06-01,436.68194580078125,438.1079429481433,430.2648563789824,430.2648563789824,263708
2011-06-02,435.10833740234375,436.8539949422406,432.67427458105817,434.69035514035977,203189
2011-06-03,437.8375549316406,444.86927064964885,434.198731012621,436.50987938884555,395686
2011-06-06,441.0583190917969,442.5580957260376,433.9527738555886,437.14902165623255,221008
2011-06-07,440.1732482910156,442.45980347030417,435.91979856124635,437.73918496807545,160799
2011-06-08,432.3055419921875,439.60773152456767,431.51876376728404,436.7802792346559,147586
2011-06-09,426.99481201171875,435.15755886406646,423.89691130197224,433.70691743383634,145765
2011-06-10,427.2652893066406,428.51921071311443,424.36408294537574,427.80618655466145,153497
2011-06-13,432.50213623046875,433.21513465790804,424.6098392953443,428.740372888683,104562
2011-06-14,434.39532470703125,439.6076528198284,428.0028039035055,428.0028039035055,107751
2011-06-15,429.35504150390625,434.124845232815,407.25175701470755,433.5101684710431,206535
2011-06-16,429.57635498046875,432.30548519839834,424.9295170029444,428.4208065702861,81460
2011-06-17,427.90447998046875,430.26481436132923,426.3309492912267,427.8061327145996,174819
2011-06-20,415.8570861816406,428.42081535307193,407.350137044408,426.3309550983839,416487
2011-06-21,413.86553955078125,420.749771001778,410.81680007980765,419.4220957847194,145627
2011-06-22,417.4552001953125,419.39752672076906,409.56290249189675,415.26699272533534,92746
2011-06-23,416.6930236816406,420.0613728333418,415.0211457097303,418.46324892040826,141282
2011-06-24,432.3301086425781,434.69039204294785,414.0376949900475,414.0376949900475,290039
2011-06-27,434.1494445800781,437.02608278170896,430.0189107605027,430.0189107605027,149592
2011-06-28,434.7395935058594,437.0753349072081,430.43695772435865,434.346204403962,193209
2011-06-29,438.69805908203125,440.0995142524562,432.6989515279891,433.3381705188921,357920
2011-06-30,437.64080810546875,441.52546142196803,431.2728542252587,439.36187257612016,538566
2011-07-01,439.2143249511719,440.0994759836672,436.7310754510427,439.1160032416358,93286
2011-07-04,441.5992736816406,443.5170328372052,437.73916215962765,437.73916215962765,174182
2011-07-05,437.56695556640625,443.49233295474033,435.2804010562355,438.4274620936792,220427
2011-07-06,432.9938659667969,437.0998576648742,431.73997036243793,436.6572822142409,47906
2011-07-07,439.0176086425781,443.4923966146919,430.75654027764733,430.75654027764733,243327
2011-07-08,450.17987060546875,456.3265360717708,436.7310168764579,436.7310168764579,582664
2011-07-11,451.9009704589844,457.3100446757588,448.75390898820507,450.9174977714498,320013
2011-07-12,447.893310546875,451.9009294288766,446.0985177932466,451.9009294288766,208047
2011-07-13,451.8026428222656,454.851382548924,446.9836522812902,448.85222479840394,327581
2011-07-14,446.0001525878906,453.8432891723538,443.0497858720934,453.81869596581186,195061
2011-07-15,446.0985107421875,448.6063530457305,438.13245951633985,446.98361050195086,158613
2011-07-18,443.3202819824219,449.442303446929,442.01714874708836,445.508463921158,90817
2011-07-19,446.88531494140625,447.9671092809702,439.3618387201436,441.7959015488269,151085
2011-07-20,450.6962585449219,452.8598473156372,445.04135453601003,446.98365556214515,341150
2011-07-21,456.7691345214844,459.89165417418,448.6801668580373,449.83574097129195,631581
2011-07-22,458.3180847167969,461.73562053861133,455.46603933033293,455.46603933033293,243967
2011-07-25,464.3663330078125,465.669415090433,454.85136937101805,456.5232473047702,419797
2011-07-26,463.7271728515625,467.14470877375027,460.4079586417723,464.19429046178834,391094
2011-07-27,451.6059875488281,463.1616774392483,448.6310271876297,459.89164968534595,237615
2011-07-28,453.8434143066406,459.6704208545664,440.27164186502284,451.40935086911935,648056
2011-07-29,454.53173828125,464.19426178856804,445.8280942749227,464.19426178856804,465884
2011-08-01,451.11431884765625,457.0642919292242,449.5899485367208,450.917624254976,452884
2011-08-02,452.41729736328125,454.85141156172665,448.5080507528093,449.9340990043026,206291
2011-08-03,448.75390625,452.39272960700885,445.1642693094006,447.4754173286718,117495
2011-08-04,443.44317626953125,453.3761218884037,440.8861474626304,448.5571827540052,143594
2011-08-05,440.07489013671875,442.5335464682654,430.2648580206612,437.7391487264822,239569
2011-08-08,429.0108947753906,442.066360933606,426.3309763485365,430.2648416683038,289932
2011-08-09,430.3385314941406,437.640771053988,417.9714973520659,422.91340259336465,352463
2011-08-10,432.846435546875,435.1821769909641,424.5361800935648,432.0104709077126,249792
2011-08-11,436.7065124511719,442.06634916215705,426.4293122655852,426.4293122655852,157419
2011-08-12,427.8307800292969,441.42716982306683,422.93806045402664,435.30509648662496,233305
2011-08-16,425.02789306640625,436.6573365312455,423.0117867756858,428.5683437238994,109572
2011-08-17,429.2075500488281,439.6076644731481,423.3805450122413,423.3805450122413,184213
2011-08-18,427.0439453125,432.60050189014163,423.6264353639108,429.2567459993593,93286
2011-08-19,426.33099365234375,430.1664862910076,418.2420004957458,418.2420004957458,194860
2011-08-22,429.35504150390625,432.57588229005336,419.766298763435,427.8061041258078,210892
2011-08-23,430.4123229980469,436.31310782800057,424.216496370129,434.19865439158974,144719
2011-08-24,427.2898864746094,432.6743424879601,423.97069775889065,429.2813997040406,203507
2011-08-25,428.5928955078125,432.6742685483673,422.8888054208044,424.1919130381161,282293
2011-08-26,419.8155212402344,431.6908196060266,413.0542041032191,427.8553272932776,209001
2011-08-29,426.5768127441406,429.8714334307581,419.44672531005494,420.4301724226881,260170
2011-08-30,435.4033508300781,440.09942625144447,424.85575386052864,427.8307138308292,162589
2011-09-02,427.8799133300781,442.5580957982807,425.39666403461933,441.32874218973166,206575
2011-09-05,426.896484375,428.2979138868673,420.70065710586607,428.2979138868673,330754
2011-09-06,421.53656005859375,427.65860680135654,419.9875970767795,426.33093154970544,269247
2011-09-07,426.109619140625,428.98623164282225,421.9053314636714,425.2982734514572,245734
2011-09-08,428.4454345703125,433.19062019836946,426.82271734519105,428.32249408767194,146778
2011-09-09,419.27459716796875,428.863340117387,417.0372033613735,427.3143771408721,170066
2011-09-12,413.3738708496094,417.43065121739477,410.59557949600253,416.2505094785121,213823
2011-09-13,417.406005859375,424.29023757600976,409.1203448183607,413.5951069382721,218661
2011-09-14,416.64385986328125,420.89733464739345,410.5955665351756,420.89733464739345,159908
2011-09-15,419.5696716308594,422.8888602093899,415.5128912714703,420.67608486681445,177954
2011-09-16,427.6832580566406,428.74045930840043,416.98810053663107,416.98810053663107,556816
2011-09-19,422.1512451171875,423.675615014608,418.95499720018705,422.8888368573159,124381
2011-09-20,430.8549499511719,432.6251498211112,419.0533788813416,420.67609618167666,123494
2011-09-21,441.52545166015625,442.5581107714488,428.44541821466174,430.85491353323476,188577
2011-09-22,420.0122375488281,434.19868465972434,416.0046181362734,429.4534734831738,269787
2011-09-23,420.6022644042969,424.06898634124497,414.08682836479625,420.921899408483,352223
2011-09-26,415.7833251953125,421.9053981153192,409.61211698649674,420.6022903752242,211659
2011-09-27,420.4793701171875,422.88883989419884,416.4963440142917,416.4963440142917,127284
2011-09-28,409.8088073730469,426.3309698844936,399.48244621664287,426.3309698844936,310143
2011-09-29,422.8642272949219,425.3474508695482,403.2195474712366,411.923190497159,279342
2011-09-30,411.94775390625,420.7743367597833,405.16187015712427,419.9383978933251,523564
2011-10-03,406.4404602050781,410.0792839011328,399.77751525203377,406.9813830126546,290787
2011-10-04,408.60406494140625,412.5133371651551,400.8838933335339,403.24420236786005,217724
2011-10-05,406.5142517089844,411.9724877557313,401.5723708715383,406.4159299872807,170960
2011-10-07,411.5052795410156,421.2661247397568,410.5955608945758,410.5955608945758,332111
2011-10-10,407.3008728027344,417.92227337312056,405.727342392724,411.50518571673234,276322
2011-10-11,408.5057373046875,417.9715671069528,407.66979820969124,411.97245974011565,327870
2011-10-12,416.32427978515625,442.55815445589707,412.6854560219225,413.8901910177942,199049
2011-10-13,411.57904052734375,418.34033242620455,406.80923615833893,417.03725023914654,194288
2011-10-14,415.4145202636719,420.28267175562075,411.0872915361612,414.8490298553646,155703
2011-10-17,405.7765808105469,416.84053333167395,405.18652277189904,413.54593822684035,152424
2011-10-18,401.154296875,403.93258790689737,395.401045848054,399.777460744955,263543
2011-10-19,409.5137634277344,410.52180377283514,399.7774859457719,403.7113256207334,321419
2011-10-20,398.8185729980469,408.01395250538724,396.33532380964624,405.6782114274407,236097
2011-10-21,404.54730224609375,405.6782831751453,398.79405032158513,402.1624254624283,159173
2011-10-24,401.7935791015625,413.0050659829699,400.2692347146052,410.59557057291886,434443
2011-10-25,412.6116638183594,416.4963426380511,401.74440551962664,407.1534542426488,361148
2011-10-28,418.8812255859375,431.4449289795537,416.9634666902344,417.94693934563725,222685
2011-10-31,420.38104248046875,428.9371787080762,419.2254683908435,419.4221629407656,256177
2011-11-01,415.3407897949219,425.3475163824421,412.0953552826088,420.4302037587761,146848
2011-11-02,419.2991943359375,421.4136478234618,412.5624959292338,413.0542067063955,108793
2011-11-03,420.7252502441406,422.88886475475897,411.6282166766613,416.0783861842516,217279
2011-11-04,423.84771728515625,427.31441381024615,420.4301816126732,420.4301816126732,198182
2011-11-08,418.3403015136719,425.1753725353381,415.19324015571357,422.39708146615294,140173
2011-11-09,408.2844543457031,420.40563451869815,406.6617370957024,418.73373084902033,234356
2011-11-11,407.8172302246094,410.47258054936464,403.7112642773564,405.67818381596646,203608
2011-11-14,401.3510437011719,412.5625309889262,399.77751283827115,408.7516059717435,160414
2011-11-15,387.8038024902344,401.74439338316824,381.09167181541403,401.3510043148811,399048
2011-11-16,368.7000732421875,386.5007510419191,363.93029432241076,384.53383110908334,559714
2011-11-17,354.8824462890625,367.8149722929056,351.5878253723948,367.8149722929056,402315
2011-11-18,359.52923583984375,363.7827101498206,345.1952822949187,352.571250193075,311235
2011-11-21,354.5135803222656,363.8564935418661,352.27621206194584,359.9472218233245,324777
2011-11-22,343.9906005859375,361.4224572017887,340.86810651604964,358.9146400005721,745905
2011-11-23,335.6065979003906,343.72018507326004,325.9686661434907,343.72018507326004,671728
2011-11-24,337.4013671875,342.6137214446394,320.6087559324612,335.1148378646194,575015
2011-11-25,338.85198974609375,343.47426046591556,328.47646744484126,334.1313717528857,242589
2011-11-28,347.1622314453125,352.6450342040646,334.47556149243934,346.6213342449391,556917
2011-11-29,342.73663330078125,349.9650932364671,339.7862409685694,349.1291287166868,620359
2011-11-30,338.7781982421875,344.90024503107276,330.4433508289916,342.73663082035284,535581
2011-12-01,344.6051940917969,350.60432581671364,341.75314911919696,346.67046098515175,358800
2011-12-02,355.7429504394531,358.96379170361706,343.0071190759705,343.2284068333966,269555
2011-12-05,353.18597412109375,361.4224496988302,349.12916822728266,356.4559762553652,236487
2011-12-07,357.7590637207031,358.47208786144364,351.5878296845501,354.0464860149643,156972
2011-12-08,349.0307922363281,355.44790662211994,346.6950766183058,355.02992434931673,226753
2011-12-09,339.6141052246094,352.5958148316715,334.4017519311324,346.3262349568109,503266
2011-12-12,334.45098876953125,344.21183369524834,330.61547087870815,344.21183369524834,533756
2011-12-13,335.5573425292969,339.29448721056553,324.34588292082793,334.37717543121437,435339
2011-12-14,329.33697509765625,334.2788549133748,327.34546213383,331.0580394710367,203521
2011-12-15,328.7714538574219,334.08215459593976,325.1326309200439,327.0012032348076,358494
2011-12-16,319.3056640625,334.37721039192115,315.86353523119834,328.4764509785454,489024
2011-12-19,316.6011657714844,319.13360185349313,313.72455255468776,318.3714168206948,402022
2011-12-20,309.9627990722656,319.08440025608314,308.16798046178576,316.2077871760907,268458
2011-12-21,321.6168518066406,324.0509408038415,312.24936845225267,314.7326183113276,272771
2011-12-22,319.477783203125,326.38660889453416,315.19971513376123,322.5265231305797,285390
2011-12-23,323.50994873046875,327.0012383754836,318.6172296987788,319.62527001593133,327100
2011-12-26,321.17425537109375,329.8533064521475,319.67447861297404,324.0508939680778,326017
2011-12-27,327.2716979980469,329.1648636375377,317.70752253758064,321.10046476451254,189494
2011-12-28,322.99365234375,331.91855841853885,321.8626715246161,329.2140468489865,226136
2011-12-29,313.9212341308594,322.57569219923516,311.1183495345475,322.57569219923516,364829
2011-12-30,315.69140625,320.55955726516476,314.2162229170392,314.7079336515839,260923
2012-01-02,313.79833984375,319.6253465280969,310.6512520988824,317.9288749331771,99182
2012-01-03,328.00933837890625,329.4599287678387,314.70799051414434,317.11748603328834,462201
2012-01-04,326.75537109375,330.91049825114936,322.7231844072671,328.9681717469242,236381
2012-01-05,324.763916015625,327.98475752288454,322.08397177326844,324.5918146644894,266121
2012-01-06,328.08306884765625,330.22209002601306,318.1992831996406,324.54259267297437,218281
2012-01-09,333.8363342285156,335.80325415688475,328.96820804491875,329.9024943717774,301978
2012-01-10,347.7277526855469,349.62091861937716,334.8689802619463,334.8689802619463,225252
2012-01-11,346.4000549316406,350.4568351625504,343.5480096089566,347.1376466891394,114911
2012-01-12,352.6941833496094,363.68435534960406,344.9494197735565,347.65393105428524,243271
2012-01-13,355.4233703613281,358.42292411608696,348.14574818548544,358.373763257409,237945
2012-01-16,359.72357177734375,362.29230774763386,356.8805078022313,359.5240557863141,200402
2012-01-17,374.437744140625,376.8319101696873,360.9206779865517,360.9206779865517,284852
2012-01-18,371.94378662109375,377.3306661842597,366.9808590642155,375.51010232680994,242707
2012-01-19,371.4949035644531,376.58250971910536,368.12812939853086,374.08858564194986,243795
2012-01-20,375.9590759277344,379.8745324180478,370.5472492959341,370.59714126633907,377257
2012-01-23,374.0137634277344,379.0265574283098,372.1183874043002,375.3604834299375,126523
2012-01-24,380.44805908203125,383.06668686207024,368.35252600980607,374.0137335774087,785240
2012-01-25,375.38543701171875,384.0642792549918,373.6895769491956,383.0667251899561,466327
2012-01-27,375.93408203125,378.9766620341092,370.6968520319535,378.9766620341092,318276
2012-01-30,369.7491149902344,377.03136999075633,366.8561594004491,372.5921786225902,315550
2012-01-31,364.73638916015625,370.547221461821,353.5635966684889,369.1007433993931,1455333
2012-02-01,364.9608154296875,367.0806273835243,356.082431920144,358.1274577940652,427359
2012-02-02,365.33489990234375,368.6268617677523,359.12501029504597,366.60678188309635,309116
2012-02-03,374.063720703125,375.08622090874144,364.6117330551532,364.6117330551532,496877
2012-02-06,388.603271484375,390.84781375402497,375.08620368969,376.55762786112325,887043
2012-02-07,387.4809875488281,394.0399920234071,384.08924135012444,389.05214369486555,283020
2012-02-08,391.59588623046875,392.9176600842162,383.93954515273276,389.05207057667997,246770
2012-02-09,399.6014099121094,400.67380188323114,389.2017620325659,392.94264797491854,320814
2012-02-10,394.2145080566406,399.52654937213515,389.10195677697766,399.52654937213515,249531
2012-02-13,401.8459777832031,404.46460589125536,389.2267331330884,394.53877543658996,252484
2012-02-14,394.3392639160156,400.72372426381435,392.4688337685508,400.72372426381435,172197
2012-02-15,398.50408935546875,401.22244930064994,395.03753149274263,397.50650941965785,138022
2012-02-16,398.75347900390625,400.99802093674356,389.0271911348173,398.37939300366236,97667
2012-02-17,409.8763732910156,418.8794350201098,395.53632370350374,399.526591606627,452417
2012-02-21,412.6197204589844,418.4804444867561,410.52480250424986,410.59964045116413,292398
2012-02-22,403.26751708984375,416.38555198574335,399.02784081934215,413.94151978621073,292332
2012-02-23,405.5370178222656,411.4975007789476,399.1276367708499,403.0181733631377,563077
2012-02-24,395.0874328613281,410.0011116130592,392.54364269454834,399.0278350631592,285206
2012-02-27,385.7601623535156,398.03026656039725,375.1360262312951,394.0399725360791,310422
2012-02-28,404.7638244628906,406.9833943269615,383.1165484108592,388.05452994421074,332857
2012-02-29,397.15740966796875,410.94880457320176,394.0399915010746,406.509612305899,171337
2012-03-01,405.33746337890625,407.5071674122842,390.09956538665443,394.5387573823755,218886
2012-03-02,396.907958984375,410.4998623510609,394.0399491010108,405.36236461071525,256531
2012-03-05,382.2687072753906,397.0327374138255,370.5472575957296,394.5388130535307,257891
2012-03-06,392.14459228515625,396.33437633097446,379.10137020951134,381.57034824141317,296734
2012-03-07,393.9651184082031,397.5064880932758,387.0569490346156,391.5460066421781,170523
2012-03-09,393.6160583496094,402.8685034284835,390.5235860178701,394.0150903835599,277121
2012-03-12,402.8934326171875,405.0132707606425,394.03999400997833,399.02784236366637,286504
2012-03-13,402.2449645996094,408.70421023651613,400.1749927702863,405.9858503630917,293933
2012-03-14,404.3648376464844,408.0308857872452,402.0454836036484,404.5144616802399,205674
2012-03-15,400.5989990234375,405.01324505491175,394.3142970123578,404.0156650749389,228085
2012-03-16,385.1366271972656,406.5095492751389,380.2734836168447,399.02777795231964,358378
2012-03-19,386.50836181640625,390.6233341829162,376.133632920638,386.50836181640625,235427
2012-03-20,390.9225769042969,393.49131293825303,383.06671883976003,388.35384087034066,263257
2012-03-21,399.72607421875,404.863571591279,386.1092517772441,391.1469911639559,271898
2012-03-22,392.8428955078125,406.01082147099527,385.1117155593224,399.0278135352302,343254
2012-03-23,388.35382080078125,395.1622325002894,385.23640297331093,394.039948598086,200286
2012-03-26,382.0442199707031,390.0497285656292,379.6999457488149,388.5533844210783,198848
2012-03-27,379.47540283203125,391.5210691661766,376.40787724474586,389.80026339435165,286104
2012-03-28,384.1141662597656,386.5581983223453,376.58250221257185,381.0965062581268,153490
2012-03-29,371.81915283203125,384.0643121985979,366.95600827798046,384.0643121985979,457950
2012-03-30,378.8270263671875,379.9742303285235,367.3799068037108,371.9188566179145,337240
2012-04-02,384.9870910644531,387.53088144784283,374.66222768595185,374.66222768595185,204066
2012-04-03,393.4414978027344,395.93542214367164,385.03695669632145,386.5582469139003,174274
2012-04-04,392.7680969238281,395.53634902439785,389.10202281846205,391.27172691583417,175436
2012-04-09,384.2637939453125,393.7656461361008,381.5703538955536,392.91771610772764,238604
2012-04-10,389.775390625,392.0448527682377,381.52050019297786,381.6701242310784,185441
2012-04-11,384.2637939453125,389.0521260490228,381.5703538955536,387.05699199437265,175306
2012-04-12,393.41656494140625,396.0351933661603,384.5631254563179,385.23648556946154,189327
2012-04-13,394.563720703125,407.50718531957347,392.6433986136507,393.5910866667191,314952
2012-04-16,400.57415771484375,403.51700645907005,389.9500448431393,391.67085130972424,193405
2012-04-17,405.487060546875,408.50472032554643,395.53631115476963,398.5290249528524,266201
2012-04-18,414.2158508300781,418.97923720742875,408.1805563760412,409.00354046602865,504414
2012-04-19,413.9664306640625,415.18844666019703,408.0558148116077,410.05094878989087,218587
2012-04-20,404.4645690917969,414.8143506654361,403.19266116287935,411.04851884090976,194269
2012-04-23,393.46636962890625,405.98588177018445,391.8702675816401,401.82101774013677,118083
2012-04-24,397.0576171875,401.52172911957234,393.3167312708763,395.03753723664073,284787
2012-04-25,388.3039855957031,397.5315105216123,385.5606792889034,397.5315105216123,356513
2012-04-26,385.66033935546875,389.052058883418,380.5727341321744,386.45837728073127,241099
2012-04-27,392.1944580078125,399.00286959239986,386.45841241385193,389.05209425233153,651646
2012-04-30,386.38360595703125,391.54602372756244,384.36352605577474,389.5508898072947,247749
2012-05-02,382.368408203125,386.45843420811065,379.72486018567525,385.83496617680385,305945
2012-05-03,381.8446960449219,386.3088080301389,375.0612041647652,379.97424009865557,284819
2012-05-04,373.7394104003906,383.69015978872824,371.61957254135854,378.1287101391846,218211
2012-05-07,379.35076904296875,384.0642630154252,364.13781736352445,369.1007192902252,364763
2012-05-08,364.0379943847656,386.5581179662893,361.0951729421636,378.67734146014527,378986
2012-05-09,357.5538330078125,365.50944809926875,351.1444537307383,360.6463046365767,457979
2012-05-10,358.9505310058594,363.1153958002571,354.137252066827,354.137252066827,471823
2012-05-11,353.4139709472656,359.02528721831465,349.6481388062313,355.68343306634483,209460
2012-05-14,355.83306884765625,358.2022888737416,348.6505708227545,351.6432588845994,215632
2012-05-15,361.1201477050781,364.1128354093569,350.27157698295355,352.14200679812774,168518
2012-05-16,352.8403015136719,357.12984289436775,349.6480720080661,354.13712935357296,281434
2012-05-17,344.5605163574219,358.60131826206026,339.79713035759397,354.1371803211462,299737
2012-05-18,344.8099060058594,348.6505497802274,331.94125476365554,340.6200962956751,288921
2012-05-21,341.7673034667969,351.11953097826154,341.667545474387,344.7101512772021,249478
2012-05-22,334.6097412109375,348.6505420590744,332.34027936956926,343.2636625019722,149817
2012-05-23,333.3877868652344,336.38050116428604,329.746658481945,333.6371689187482,232347
2012-05-24,340.2959289550781,341.6675690310671,332.31536680617677,333.7867908128285,117652
2012-05-25,343.9371337890625,347.15428460416587,335.75705381602296,339.9717848466363,239610
2012-05-28,342.4905700683594,350.4461860269379,341.19371611146806,341.19371611146806,231361
2012-05-29,338.5500793457031,347.00448307138447,336.72951583201143,346.3061772776573,262027
2012-05-30,331.2928161621094,337.67724934728125,330.2952363215961,334.7344277148236,143168
2012-05-31,337.95166015625,341.16883648194226,324.21013062467756,329.69676922959394,384785
2012-06-01,321.44183349609375,339.8220689639128,319.2222375648294,335.2332530751747,293015
2012-06-04,331.4674377441406,336.67972191084226,314.2094853366644,319.17238747010697,218790
2012-06-05,323.61151123046875,337.97650454867113,322.2148995312335,334.2106732738738,244541
2012-06-06,332.5398254394531,336.18095347973804,325.8062253837551,328.1006334129004,379966
2012-06-07,334.0860290527344,338.17608097185825,326.70401511668956,333.7368890311838,408703
2012-06-08,335.7320861816406,340.1463329707497,329.7466830686287,332.4899895873368,436381
2012-06-11,339.9468078613281,347.35376897481007,337.0787974174742,337.178555429929,304046
2012-06-12,340.8197021484375,342.0417443489719,333.4127665716467,339.17370782091297,422654
2012-06-13,347.0295104980469,348.15176848141624,339.1736268203408,341.2685446932199,357540
2012-06-14,346.081787109375,352.7405746773121,344.2612232182514,346.65538907601155,425095
2012-06-15,347.8525085449219,350.14691656696266,344.111622517937,348.55081453074393,224816
2012-06-18,339.7223205566406,351.64325862490944,335.1833705714204,349.6481246080281,226322
2012-06-19,347.9023742675781,348.8500882131777,339.6724302018348,339.6724302018348,154683
2012-06-20,353.68829345703125,356.4814915231131,341.6675711591635,345.33364524160686,320662
2012-06-21,359.6487121582031,361.12013591443696,353.11462914530705,353.2393331060375,225145
2012-06-22,356.5314025878906,360.5965091834004,353.16462801132064,358.1275307880311,183214
2012-06-25,348.89996337890625,361.569099785108,346.1566572623105,359.82334774210375,136407
2012-06-26,353.46380615234375,356.1323259758984,347.17913040242337,349.37378031182607,113952
2012-06-27,352.3664855957031,358.1274511920749,351.64323368291696,354.7606514324179,123618
2012-06-28,356.7059631347656,359.9730053057636,352.7655609290476,352.7655609290476,143860
2012-06-29,366.0580749511719,369.100654379437,357.6286165801624,357.6286165801624,402479
2012-07-02,368.1281433105469,370.8465035426689,365.110483134715,366.23274123243397,165296
2012-07-03,368.9012451171875,371.070975280749,367.10562692740103,367.10562692740103,133528
2012-07-04,366.0580749511719,371.04592198239897,364.6115972376065,371.04592198239897,158853
2012-07-05,368.1031799316406,371.0210560340983,365.6092558780892,366.1080458750745,188686
2012-07-06,365.7838134765625,368.1031674352754,362.61652951744765,368.1031674352754,83661
2012-07-09,360.0727233886719,365.60922709083917,357.75336953384226,363.1153032336537,88509
2012-07-10,366.38238525390625,368.0034333458539,355.93284470131624,360.1226289431886,233134
2012-07-11,358.9754333496094,366.25768990914014,357.8780952963182,365.6092758433381,185184
2012-07-12,351.56842041015625,360.62137372375685,350.1468885014901,357.1298700058771,324429
2012-07-13,348.10186767578125,355.40906923546623,346.28130378103407,354.3865692720185,210615
2012-07-16,347.80267333984375,352.56608610627603,345.25888287342036,350.1469737091368,165342
2012-07-17,345.1091613769531,351.49359469247935,341.71741578132804,351.49359469247935,174569
2012-07-18,341.792236328125,343.66269213117016,339.27336656499136,342.6651122453631,204066
2012-07-19,346.23150634765625,350.5210489655047,343.26373792936755,344.3361300666741,260129
2012-07-20,342.0416564941406,349.4984821301897,341.6675445750584,344.51063438557026,106085
2012-07-23,332.56475830078125,342.29107274826345,329.19795814324414,339.7722026431106,175189
2012-07-24,332.9388122558594,334.93397210619975,330.4448883743071,330.7441623518581,139023
2012-07-25,329.9710693359375,333.6870353895647,327.2028172485484,330.69432131920144,104276
2012-07-26,324.45947265625,331.74172800252495,323.71130071025203,330.24538411052896,330843
2012-07-27,325.955810546875,334.6596235479414,324.8335526485406,326.70398247909793,187284
2012-07-30,336.7544860839844,338.6748077066438,326.75384605979156,328.2003237711044,407102
2012-07-31,339.84698486328125,341.16878475839775,333.01365307661916,336.67970098771127,184822
2012-08-01,336.97894287109375,342.0914941649066,334.7094811520987,340.17117242379663,166199
2012-08-02,333.2879638671875,338.2508654359627,332.24051795647546,336.1809195944387,355048
2012-08-03,334.8591613769531,336.9291334070625,328.7241091669998,332.19066727447347,306896
2012-08-06,336.00634765625,340.4954315156611,333.9364016669387,339.1736315944198,482581
2012-08-07,336.7296447753906,338.92429503613135,332.9139463212776,335.63230667933163,574974
2012-08-08,333.2879638671875,339.6474772711601,331.74172801533354,337.1784735453505,545274
2012-08-09,329.3227233886719,335.4328308442033,324.4595782259865,334.18586855135726,814368
2012-08-10,328.7740173339844,331.19312951979754,324.7089110224491,327.95100730543504,595244
2012-08-13,334.23565673828125,336.6796885890044,319.22222191017005,322.214935669959,853377
2012-08-14,330.0209655761719,336.18096381394196,328.5994335054654,334.2356957533039,804338
2012-08-16,328.225341796875,332.1906901809031,326.7788895851451,330.02098593193136,527894
2012-08-17,328.4497985839844,330.8439647946862,325.7064923182511,328.20041653487283,424874
2012-08-21,328.2752685546875,331.3926871709903,324.26005370709123,325.83123600892446,315942
2012-08-22,330.7192077636719,332.93880359087905,325.2076501318252,326.25509606030676,321928
2012-08-23,331.7667236328125,333.68704574499066,330.69433158175343,333.68704574499066,329012
2012-08-24,334.0111999511719,336.18092977802166,327.2027883596174,330.24539412706366,480632
2012-08-27,332.6645202636719,336.1559982447425,331.1930963123347,336.1559982447425,908196
2012-08-28,336.50518798828125,338.60008027275734,328.39994689579896,331.6919093722424,165531
2012-08-29,336.67974853515625,339.1736727904639,334.9838883395877,336.72964050457847,269097
2012-08-30,341.29345703125,343.662702851103,332.2903955236529,332.2903955236529,596319
2012-08-31,338.2010192871094,342.3908031762345,335.93153140435527,341.16878719713526,259678
2012-09-03,332.2156066894531,341.1688027915023,330.6943166585412,341.1688027915023,260489
2012-09-04,334.2107849121094,335.5824510920581,329.27282815449905,330.1955703154809,88507
2012-09-05,331.7167663574219,337.2782155927152,328.72405278338766,332.2654223010607,137054
2012-09-06,334.0860290527344,335.1833670126241,328.20038506199376,329.22288507608766,121214
2012-09-07,338.6499938964844,339.6475740630561,335.4328173078252,338.0264998095322,129487
2012-09-10,336.4053955078125,341.0191576305391,332.29042338537056,337.77706152575155,232412
2012-09-11,348.15179443359375,349.49851448657455,335.65722793442484,337.12865197197806,738050
2012-09-12,338.79949951171875,342.11643295743755,334.6845281431155,336.67966184738214,2740649
2012-09-13,333.16326904296875,340.14625061649275,331.86644109177934,339.27337467838066,540474
2012-09-14,335.4576721191406,338.4005198449864,333.1882102712425,337.1286119611504,638670
2012-09-17,340.02154541015625,343.1638829774778,334.1857423019396,336.62979991965904,620789
2012-09-18,341.143798828125,342.6152225753148,336.7046075396589,336.7046075396589,559330
2012-09-20,340.32086181640625,341.06905980491536,335.18338948814056,339.0738997440589,360494
2012-09-21,345.18402099609375,347.6529990781154,339.92184484970045,340.17122688363315,765372
2012-09-24,354.61102294921875,356.7558069056216,345.4583369900356,346.1566429646696,1070052
2012-09-25,348.8002014160156,359.02527965957887,347.25396539157015,356.1323495407896,571032
2012-09-26,349.9473571777344,352.24176491526987,345.4582996882681,347.5033254274776,465111
2012-09-27,351.14453125,353.58856354485687,348.8251770164023,350.9948812725611,537022
2012-09-28,353.663330078125,355.65848997817005,351.66819610945373,354.01249602631975,244504
2012-10-01,354.1121826171875,355.5835803325569,350.72043740240537,350.72043740240537,195383
2012-10-03,368.47723388671875,369.5745458532384,353.01490091374427,353.63839483857174,1453854
2012-10-04,369.3501281738281,374.0885681399066,365.1852642686574,367.1554782003748,552760
2012-10-05,371.27044677734375,373.0910107333641,351.64324930882555,371.5946408118156,646772
2012-10-08,360.3221435546875,372.8416301963301,358.775907487744,371.270474077392,277582
2012-10-09,355.83306884765625,365.1104588883992,353.7630968826558,363.11532487004445,236170
2012-10-10,340.8445739746094,356.0574998206177,339.59761198948166,356.0574998206177,1167466
2012-10-11,342.86468505859375,347.00460337390166,341.3184489449621,342.1663790227719,873269
2012-10-12,342.5404052734375,347.3038167721859,339.1736056025736,342.715001200452,424768
2012-10-15,348.20166015625,349.6481382093161,340.6700218184148,341.66757589997303,338882
2012-10-16,345.4583740234375,353.0897708045046,344.41092791488666,348.2765182746439,475485
2012-10-17,344.0617370605469,349.1244231392899,341.842166943539,346.6554191255661,162182
2012-10-18,345.5830993652344,348.1518357917728,342.4906268863757,345.20901329845356,410847
2012-10-19,343.1390075683594,346.08182977490526,341.04411542597916,342.76492153803264,204427
2012-10-22,342.69012451171875,344.88477475363214,339.822114199481,339.822114199481,262332
2012-10-23,346.5806579589844,350.3714365785241,341.29353505335564,343.2138573839053,399444
2012-10-25,344.710205078125,348.6506074962575,342.34095887145133,348.6506074962575,541368
2012-10-29,342.5155029296875,343.3634329033324,336.9291071921321,339.67241309879194,151838
2012-10-30,340.3458251953125,343.16396947677754,336.7296427800925,340.2211471336685,269749
2012-10-31,342.7150573730469,344.06175153075,337.7770750692976,340.9194133000238,152357
2012-11-01,347.45343017578125,348.376198016721,341.71741088630927,343.16388869818104,383542
2012-11-02,350.84521484375,351.84276887020224,349.14932891544544,349.14932891544544,401398
2012-11-05,349.9473571777344,353.1395867857117,346.6553695841524,350.8451790481762,284998
2012-11-06,354.685791015625,355.3840709213112,348.1517083687448,349.8725140186756,220843
2012-11-07,352.2418212890625,355.6086214278374,349.94741318432335,354.06238536918704,352739
2012-11-08,348.7752685546875,350.72053664977005,345.20897828887064,348.65059049932387,357632
2012-11-09,342.4905700683594,351.1444920037255,340.76976407409194,351.1444920037255,850804
2012-11-12,336.5550231933594,345.2588108794718,335.632255271077,342.9145109990161,587109
2012-11-15,335.6572570800781,339.97174563461334,330.9437364853629,335.6822030654338,550039
2012-11-16,334.1608581542969,338.17607202135434,332.6894342298688,333.43760621703194,423083
2012-11-19,333.9363708496094,336.6796765715289,332.71435496786654,334.6845427800082,188054
2012-11-20,333.63714599609375,336.62986008953,332.2654799675656,336.1809620514959,628627
2012-11-21,332.7642822265625,336.1560284482163,331.1931260698939,336.1560284482163,278368
2012-11-22,328.57452392578125,334.9839049113482,324.23508928334223,334.13597477161653,569547
2012-11-23,328.7490539550781,333.66209008805816,323.7113397703024,325.2076838428521,618830
2012-11-26,332.1158142089844,333.03855615218094,325.0330748341797,329.19791249989464,331938
2012-11-27,336.2307434082031,337.926603063794,330.3450747044337,332.11577229032883,427726
2012-11-29,333.96136474609375,341.16880896790127,332.24055868672497,336.67972487866723,658508
2012-11-30,334.4850769042969,337.87682300983147,333.1882488215596,334.3354528683562,334405
2012-12-03,337.1784973144531,339.64750121431297,334.18578338800484,334.6845733643085,342564
2012-12-04,339.5477294921875,341.3932134328432,337.22837564467005,337.7271656008092,201817
2012-12-05,340.8945007324219,342.9145810640596,338.1761402353134,340.42065664954725,206284
2012-12-06,340.1213684082031,342.56540056173475,335.08362820097875,342.51553452639,169942
2012-12-07,340.32086181640625,344.1615060364911,338.1761036480494,341.34338783043916,304286
2012-12-10,337.6274108886719,342.64017868528,336.7295889589016,340.66999075361156,148952
2012-12-11,337.9017333984375,341.16877517562165,335.43272961449753,339.6724053169652,169848
2012-12-12,341.143798828125,342.16629869199267,335.78186565748837,340.17116498942073,124228
2012-12-13,342.91448974609375,348.40112718320756,342.2660757945238,343.33846767483476,755615
2012-12-14,339.497802734375,346.60548756958724,337.6772390295937,346.60548756958724,196732
2012-12-17,333.96136474609375,340.86953496652734,333.5872787272201,339.1736489587416,183569
2012-12-18,334.1608581542969,336.6298360844846,332.1906442613022,335.18335814132826,301957
2012-12-19,333.6870422363281,337.4279284181959,332.68946221527983,335.53252637820407,428105
2012-12-20,333.7618103027344,336.10608414642246,332.3153324283855,333.6869982938515,191632
2012-12-21,328.8987121582031,333.11344239490666,327.75150809215074,332.1906743865324,180846
2012-12-24,329.94610595703125,333.01363164177695,328.42481610444963,330.69427789353085,171877
2012-12-26,333.36279296875,334.65964688221544,330.22045507548995,330.7940570543717,163500
2012-12-27,331.6169738769531,336.18086873371624,330.0956842351548,336.18086873371624,299284
2012-12-28,333.5872802734375,335.68217236139003,327.3275240612785,332.19066826055223,149543
2012-12-31,333.0634765625,335.4326961883959,332.3402506514155,334.1857343961291,88516
2013-01-01,336.2307434082031,337.3280811409417,333.4375460198737,335.68208750751825,128458
2013-01-02,343.2387390136719,344.03680298001905,336.45527309384295,337.67728909378155,346807
2013-01-03,345.23382568359375,346.6553574802971,341.6924562153367,344.1614338586304,249884
2013-01-04,345.1091613769531,347.00453718125624,341.66752382259824,347.00453718125624,170429
2013-01-07,340.69500732421875,346.65546431597556,339.7722392223647,346.50584026236595,187461
2013-01-08,339.27337646484375,342.16633228672725,337.17848457489305,342.16633228672725,96293
2013-01-09,337.6773376464844,342.1663962398954,336.7296495158714,340.17126196853246,147182
2013-01-10,338.126220703125,339.9966768272437,337.2034785988891,339.1736667973359,122552
2013-01-11,327.6017761230469,338.1261260887761,326.70395432293293,338.1261260887761,272530
2013-01-14,331.54217529296875,332.8888950191046,328.20032195476443,329.92112761245255,157218
2013-01-15,329.7715759277344,333.01367199972356,328.20039392557624,331.5422479966131,341233
2013-01-16,331.935546875,341.1559962916872,330.8969906241805,332.6701559995874,527439
2013-01-17,330.2130126953125,335.2285346851173,329.35176782964555,332.2394758507469,232649
2013-01-18,332.6702575683594,334.2660858225958,329.7572105644717,331.2770520139503,201722
2013-01-21,333.2781066894531,334.59529871322843,330.8210075751565,332.8474710248115,77487
2013-01-22,328.6678771972656,334.82328057859957,327.2746720725602,332.8474662328096,178645
2013-01-23,326.970703125,330.2130604456967,324.2856436650266,328.69321944398695,160271
2013-01-24,322.841796875,328.1866045495343,321.85388966572555,325.04557164590756,132110
2013-01-25,324.9949645996094,326.61613033763666,320.18209013005617,322.7151764111733,143857
2013-01-28,323.9310302734375,327.19869905486246,322.25918932117935,325.2988977490511,132013
2013-01-29,325.02020263671875,326.76803019600806,323.72834841538025,324.2349444864377,114066
2013-01-30,326.84405517578125,327.7812869136868,322.7151153106446,325.3748633038133,159730
2013-01-31,332.5687255859375,335.380446316612,324.81747054867975,324.8681459459596,1129849
2013-02-01,325.8055114746094,333.0754849220257,324.1083590615316,331.5049683771284,229572
2013-02-04,322.5377502441406,327.3759343628917,321.70181679270604,327.2746098941896,165894
2013-02-05,322.2591552734375,323.9309960490601,317.5729440961184,321.7018574558495,204093
2013-02-06,317.69964599609375,323.3231163811786,316.15446708574706,322.7911561580123,268777
2013-02-07,314.4066467285156,319.0928589927871,313.5960770270006,316.63575950019134,191715
2013-02-08,311.8482360839844,316.3824482326436,311.06297778748814,314.1026601341051,161420
2013-02-11,310.75897216796875,313.90000502932594,309.84705175508583,312.988084616443,168402
2013-02-12,311.4935607910156,312.93741505113775,309.79640846964475,310.80962705321315,132521
2013-02-13,306.3007507324219,313.84933316158487,305.23685674132224,311.62022068792015,154679
2013-02-14,291.9128112792969,306.42739356517376,290.16498351567986,304.9835392828693,533850
2013-02-15,287.6065368652344,293.66058873044614,286.36530544455627,290.79821836432944,524075
2013-02-18,287.3278503417969,291.8114119488184,284.2121558805977,287.25186357559943,265998
2013-02-19,290.2409362792969,292.2674259171689,286.23868509092654,286.23868509092654,324327
2013-02-20,287.35321044921875,293.3313018375671,285.85868101748935,292.824679459136,311884
2013-02-21,282.0083923339844,286.7959275260887,280.9191608485855,286.4412787060936,323242
2013-02-22,277.22088623046875,282.0337596301344,276.4356280775684,282.00842192492576,259719
2013-02-25,276.66357421875,280.9951359392031,275.34635614228273,277.7274679573824,367254
2013-02-26,267.29119873046875,276.6129459679009,265.54337112345024,276.6129459679009,299351
2013-02-27,263.5169372558594,271.0402086550706,262.1997188074582,269.52034121460775,379683
2013-02-28,255.48704528808594,268.45644918420214,253.8152042603551,264.4288333600585,891723
2013-03-01,250.87680053710938,259.28662687451356,250.26885366783105,253.56185970190057,322386
2013-03-04,248.0904083251953,253.28324211305772,244.36676640736923,250.7754940208776,460981
2013-03-05,253.63784790039062,255.58832436301876,246.72252465457908,247.86243162552032,455613
2013-03-06,260.9584655761719,262.37698192160684,255.46165876815098,255.46165876815098,406996
2013-03-07,262.22503662109375,264.352824537732,259.387977286052,261.5411029094191,262395
2013-03-08,270.07757568359375,271.5214561383882,259.5652726029941,261.9210470582609,370250
2013-03-11,284.9974670410156,289.5317048963349,270.17891231214804,270.17891231214804,1471439
2013-03-12,279.906005859375,285.2001382699984,277.11959542776617,285.2001382699984,666590
2013-03-13,271.825439453125,279.1460347821268,270.0775854885285,279.1460347821268,330637
2013-03-14,272.9906311035156,276.1063258129825,267.03787740855313,271.44542626201655,334203
2013-03-15,290.8489074707031,292.87537093931275,274.6118356760202,274.6371733832532,1581532
2013-03-18,295.4590759277344,298.2707970757659,285.73203206257625,287.0745615498737,1275675
2013-03-19,288.54376220703125,300.93055406915556,286.82127248428685,295.86438303654836,863806
2013-03-20,284.9721374511719,291.93810986402644,282.8190120010171,286.8212894607503,413262
2013-03-21,275.95440673828125,290.79830193633387,273.57332036617873,286.23875186461294,399991
2013-03-22,280.1846008300781,283.1989711815585,272.38269489952415,274.5864694124316,475380
2013-03-25,280.99517822265625,285.73206486415353,278.3861057171789,284.2121976241393,383368
2013-03-26,267.1392822265625,280.71660804369606,264.9861562209232,280.6659589598182,454342
2013-03-28,277.9554748535156,283.2749439344063,260.7051608031408,265.4673584418832,1450919
2013-04-01,268.70977783203125,282.1351290060791,267.8231950557932,277.9555395401425,624368
2013-04-02,273.5733337402344,275.5491221868042,267.97520062850765,268.1018628512572,425388
2013-04-03,265.4420471191406,273.62391367251684,264.58080216698073,273.5732645993647,684855
2013-04-04,255.30967712402344,265.0367212944213,253.89116082357742,264.986072226598,602523
2013-04-05,252.3207244873047,258.7547647895552,250.26892298909516,254.9044598895442,794266
2013-04-08,244.34144592285156,255.23370918093562,243.22687662426387,253.81516643727855,749227
2013-04-09,239.7058868408203,249.25562059123823,236.4128806521047,246.67188578332278,581184
2013-04-10,242.49229431152344,244.6960688689306,236.59018933523356,243.17622797948715,370983
2013-04-11,243.12551879882812,246.21587555867987,238.33798378807668,244.18941254137656,264531
2013-04-12,249.17971801757812,250.77557257901407,239.2753583991201,241.14982245966266,355431
2013-04-15,241.68174743652344,252.29537712422027,240.6431910408315,246.77325758973294,392126
2013-04-16,248.1157684326172,250.75017895412907,238.94599385463488,239.12330513557407,545271
2013-04-17,248.0904083251953,255.031069733495,245.81064690996672,250.420845152445,570913
2013-04-18,254.3218231201172,255.84169055029324,248.4197436973463,250.19290919659784,440354
2013-04-22,260.3251647949219,263.6941837056879,254.32176231220942,256.34822539601254,382557
2013-04-23,268.27911376953125,269.6469811838645,261.414438991303,261.414438991303,566615
2013-04-25,264.0994873046875,271.0654592444704,261.00913037655505,269.11498288716024,319760
2013-04-26,254.82846069335938,263.9475604603509,241.17512241427707,263.9475604603509,2452639
2013-04-29,270.48291015625,274.38386373690327,253.94186400136616,257.8681552906144,1719076
2013-04-30,276.66357421875,285.73202186790553,271.06544348625636,273.06659513317067,1314118
2013-05-02,274.1558837890625,279.0447179313347,271.2174999591987,274.43451954797797,387518
2013-05-03,283.80694580078125,286.8973298549222,269.24171366711073,272.7120316697656,866045
2013-05-06,284.46551513671875,288.77176603833783,282.2870519812109,286.2386803713349,349715
2013-05-07,283.0216369628906,286.2386560129939,279.6526180361027,285.3520734711322,266172
2013-05-08,281.8564758300781,286.6946610677313,279.65267471078647,283.6802903499336,182560
2013-05-09,291.0769348144531,292.014166727252,281.6791726213856,284.56690783067506,673416
2013-05-10,286.74530029296875,294.24323343763194,284.11088992654265,293.02736591235896,631279
2013-05-13,279.2220458984375,290.6715810182559,278.6394366939398,288.8984156988529,254139
2013-05-14,279.67803955078125,281.1725693701166,273.57331073849184,281.1725693701166,322286
2013-05-15,285.22540283203125,287.75848820829646,280.10855667592057,280.10855667592057,311811
2013-05-16,288.64508056640625,291.051503854345,285.2254125579837,285.2254125579837,244352
2013-05-17,314.48260498046875,318.1555715536516,286.2387004463861,288.9237598527521,2158155
2013-05-20,303.94500732421875,317.64899475773416,301.4372588257153,314.6092860396756,1210822
2013-05-21,303.4129943847656,311.82284756446217,298.473485037801,301.2598688477005,909232
2013-05-22,299.6893310546875,309.54303767600953,297.4349075333147,306.32601845358744,389669
2013-05-23,289.5063781738281,298.2961921256754,285.50410030633,297.20696043727827,471593
2013-05-24,291.12750244140625,298.92940809012777,282.00840494115556,293.0526674884733,507170
2013-05-27,295.86444091796875,298.85347398362427,288.94911663235223,291.33020273390275,340446
2013-05-28,299.5374450683594,304.8822535321758,293.33139146733436,295.56050427498525,646523
2013-05-29,295.73779296875,300.6773030283695,292.87539562873394,297.8909188164605,366090
2013-05-30,301.411865234375,303.66631522947597,291.304859983834,292.6727009978602,890319
2013-05-31,301.6905517578125,307.6686445899268,295.10453826333145,303.4637173412729,773436
2013-06-03,297.9669189453125,304.3756213566093,289.60773959678824,301.4879125165232,281136
2013-06-04,294.572509765625,301.9437798428854,290.87420587509007,298.3974758366375,418784
2013-06-05,293.6859130859375,299.86665318895535,291.50745011139674,293.8885620295491,270836
2013-06-06,296.1683349609375,297.8908510504024,290.41825655675035,293.17930243119054,331027
2013-06-07,291.7607727050781,298.9040820779957,289.886283157231,298.80275760679945,294961
2013-06-10,287.327880859375,301.1331883491955,284.7441200625458,292.82466088563297,209024
2013-06-11,288.51849365234375,291.2542287727039,282.1857783438387,286.6440035997682,253731
2013-06-12,284.44024658203125,290.97561129879114,281.40053777493273,286.2893990417178,307197
2013-06-13,277.17022705078125,284.0855502820155,275.11842611369616,282.00841164064576,263780
2013-06-14,278.6647033691406,282.08437126852385,276.63824033135694,280.10855729586524,234206
2013-06-17,279.4246520996094,283.57892940454826,270.0775676713521,278.1327979141698,528634
2013-06-18,277.42352294921875,283.60426341733324,275.6503577571603,279.829946373544,253853
2013-06-19,279.12078857421875,280.79260347224715,274.38390068073767,277.1196360972612,238397
2013-06-20,272.7373352050781,280.00728150627276,271.5721167803869,276.10635462503984,275059
2013-06-21,268.6083984375,272.05337800143195,265.9739883564269,271.040159563216,324472
2013-06-24,259.4639892578125,269.4189950852666,256.5256054474331,268.507101032785,247068
2013-06-25,262.9342956542969,270.76151324048357,253.86584655972757,259.84393841325044,441075
2013-06-26,267.1899108886719,270.5335930035143,265.21409633548546,267.97516916808826,415661
2013-06-27,268.58306884765625,275.8023656692913,266.6325923473448,269.52030054057064,352693
2013-06-28,279.5007019042969,290.29164182252333,268.63374886283174,272.0534175584974,485560
2013-07-01,288.7718200683594,292.976720937934,282.236455717621,284.7948532294353,457565
2013-07-02,282.8697204589844,295.3578401562755,281.78048865288264,289.7850452528677,426562
2013-07-03,274.9411315917969,286.9226268034255,273.85189996554493,280.1846144150164,554765
2013-07-04,271.06549072265625,278.08213888320546,269.1150141388419,276.1570000053034,374772
2013-07-05,270.5082092285156,278.9687112348689,268.50708364539156,273.49724191999906,360819
2013-07-08,266.2019958496094,268.4564461235302,264.4541680538575,267.671187867012,312254
2013-07-09,269.64697265625,271.77476049157195,267.59517159963855,267.59517159963855,250829
2013-07-10,265.13812255859375,273.06669253117224,261.9970892867731,270.5842553632111,234961
2013-07-11,270.02691650390625,272.1800419143433,267.265844223531,267.7978043193694,280131
2013-07-12,280.2353515625,282.43912666775043,268.50715180969996,271.0402381475273,575218
2013-07-15,285.7573547363281,287.6318443553951,276.2329594362778,280.2098989893385,364656
2013-07-16,292.8246765136719,295.76305994044634,276.2836338096223,283.1482813679634,586080
2013-07-17,294.0912780761719,299.4614236300531,289.27840407509154,294.85119861882293,535697
2013-07-18,292.06475830078125,296.8016182650052,289.88629524848085,294.09122147066324,278797
2013-07-19,283.32562255859375,295.8644156849402,278.76607339381854,289.12640325386747,331708
2013-07-22,274.78912353515625,284.2121949813383,272.8133093107957,280.56456631636433,277928
2013-07-23,278.6900634765625,280.6152022003022,272.559998466686,275.7770176870697,257279
2013-07-24,268.5577392578125,277.8288373406426,265.46738200972624,277.8288373406426,312620
2013-07-25,272.1040954589844,276.0303870326128,264.45418765659286,265.41675726717733,272148
2013-07-26,271.3948059082031,277.11957355354656,266.9872302498285,266.9872302498285,340969
2013-07-29,264.12481689453125,271.80008701567743,261.43975767436524,266.98721370915473,183277
2013-07-30,253.81521606445312,261.7944349573045,252.346023961973,261.54113687283933,392426
2013-07-31,259.31195068359375,261.9210229345616,246.21588768450985,249.3822577050719,372540
2013-08-01,243.22691345214844,263.18762865879665,239.5792842361565,258.88137704281127,427216
2013-08-02,228.66162109375,249.33157596975792,222.9368280346597,244.18941836830876,1726904
2013-08-05,222.50625610351562,227.9523880288914,219.54253460675594,226.5591829144927,412189
2013-08-06,215.71759033203125,222.50626541221294,213.38715336743823,220.9357489641484,588790
2013-08-07,227.4204559326172,230.0042175056459,214.8563628321454,216.8828264875436,435947
2013-08-08,229.01629638671875,234.51310407088394,225.29265417090195,226.07791241149698,314596
2013-08-12,230.6121368408203,236.1849046400417,223.92477334003902,234.05711674018303,299470
2013-08-13,229.37088012695312,236.05824289428173,227.47107911707755,230.58677384412903,350763
2013-08-14,223.41815185546875,229.72555513951067,222.91155575415812,227.97772747584355,425174
2013-08-16,216.781494140625,222.6329113553275,215.13499083405435,221.3917060328803,395770
2013-08-19,219.26390075683594,222.4049335488512,212.27259009479354,214.80567595830794,329177
2013-08-20,223.84877014160156,227.2177630128618,214.9829703167073,216.83212232484243,430291
2013-08-21,224.5580291748047,230.35878291176275,218.3772889043551,225.64726069158152,747748
2013-08-22,227.82571411132812,230.38413752761915,221.011715128646,222.91154258129473,474170
2013-08-23,228.45901489257812,239.12329226915986,224.15276361084966,228.0283792289762,592557
2013-08-26,226.0779266357422,232.0306817462588,223.08889339495542,231.372085665844,386031
2013-08-27,223.01290893554688,225.95126678778024,218.30135914629332,222.9115844345336,568341
2013-08-28,216.62948608398438,220.88507499074254,209.73950004746462,220.27712807436885,585717
2013-08-29,216.24952697753906,224.93801610248875,215.1096330880162,215.81890449416386,436809
2013-08-30,219.2132568359375,222.40493877774696,210.24611844544367,217.0854557054447,593460
2013-09-02,216.98410034179688,221.3916623727862,214.60300149321662,218.70660326534383,407114
2013-09-03,212.52593994140625,221.7463778478054,210.75277424696034,218.75733124465873,401116
2013-09-04,217.59207153320312,224.93803146648375,210.93005851578084,212.2726014701888,609555
2013-09-05,220.02383422851562,222.40494666966512,217.97204614699527,220.37846995772958,507383
2013-09-06,223.29151916503906,227.97773070789188,220.429122093049,220.88508229540787,866467
2013-09-10,240.64317321777344,243.20157062143855,225.44465701454564,225.49530609270744,2304214
2013-09-11,259.7933044433594,288.265199144136,235.6276614733923,239.57929062442238,3510926
2013-09-12,238.76866149902344,262.4530163938569,237.45144318524336,262.2757051285679,1659210
2013-09-13,242.87222290039062,245.65860628097454,238.51529708613242,241.60568021129478,1021539
2013-09-16,238.97128295898438,250.01551893328357,237.856713744869,245.7092946342598,722961
2013-09-17,236.3115692138672,239.83256226827515,233.5758343611926,239.57926421614965,491434
2013-09-18,237.62875366210938,239.12328323621975,233.34784024902828,235.6783034118301,513940
2013-09-19,244.74676513671875,249.6102880036972,240.13654032671025,242.1630037981891,785813
2013-09-20,243.12551879882812,248.21702721296015,237.3754145133218,244.69603488034417,758412
2013-09-23,241.27639770507812,244.69606600487103,238.16070284733019,240.1365170513373,674496
2013-09-24,242.08700561523438,245.15202521610524,238.6673371450181,241.149747537577,590598
2013-09-25,241.70704650878906,243.68283448193176,237.27413316052824,242.1123444536097,545751
2013-09-26,242.4922637939453,244.18944225133677,239.52856884289142,241.65635658687123,532426
2013-09-27,243.20155334472656,246.39326153798612,240.64315612280657,242.4669705628318,485424
2013-09-30,241.96035766601562,245.05071515487097,238.3633777186824,242.1630066494068,652923
2013-10-01,247.33045959472656,249.154273786244,240.4657857502097,242.51758659263007,441806
2013-10-03,249.38232421875,252.11805937499753,246.013304354057,249.2556620093458,901627
2013-10-04,251.28207397460938,255.33502679461373,247.73576988799684,247.73576988799684,737617
2013-10-07,257.5134582519531,258.37472947460014,250.21817493329863,250.7754727253472,599170
2013-10-08,251.73806762695312,259.84394758293746,250.31952480690546,258.37475568860276,293777
2013-10-09,255.08172607421875,256.9308782328088,248.74901139832312,249.25563384010925,243286
2013-10-10,260.2492370605469,262.42770051446934,253.8151975314562,254.82844247248386,468094
2013-10-11,258.0960693359375,263.4409026073135,254.87905009463447,263.33957812969095,347514
2013-10-14,255.84170532226562,260.90787770488475,254.8537980202543,258.0961293813559,199587
2013-10-15,254.92977905273438,259.18535532965825,251.2821234306745,256.8802559027537,465736
2013-10-17,254.90438842773438,260.8824799450766,253.359209894105,255.8416464326981,359489
2013-10-18,264.2261962890625,265.9740240093812,254.82843532498734,255.33505778129128,613877
2013-10-21,273.4972229003906,274.58645441433595,261.9210268212789,264.5047877463183,537993
2013-10-22,282.2617492675781,284.3388882003592,271.09084904638905,271.09084904638905,529671
2013-10-23,275.62506103515625,283.80690111255,271.34412137497236,283.1989805520756,658746
2013-10-24,275.8530578613281,279.60203789616185,272.3320645284399,274.58651482338286,254492
2013-10-25,269.773681640625,280.615271666727,268.68444982826844,275.5997746618622,366472
2013-10-28,266.4046630859375,274.94117999663814,265.97405370393386,271.09087523743585,227845
2013-10-29,276.8662414550781,280.159247356071,263.5675293352479,263.5675293352479,396780
2013-10-30,281.2485046386719,283.6549281962692,274.5864791167373,279.1460281927111,210034
2013-10-31,294.9271545410156,298.90412079670205,276.7142694388868,281.3244939676534,712775
2013-11-01,299.10675048828125,302.4757699175772,290.7982479320596,294.9778369164918,634765
2013-11-05,290.2156677246094,297.3589525668693,289.58238303471114,295.3578266774833,276110
2013-11-06,297.78961181640625,308.9098642852771,290.54497556572494,290.54497556572494,1357236
2013-11-07,287.5558776855469,305.94607365271236,284.7188185245006,298.85343891938203,780896
2013-11-08,289.0757751464844,292.8247553803096,286.2893908505366,287.2519604498381,227337
2013-11-11,276.9422607421875,292.1661133191503,272.61067188826183,288.26516011543134,336775
2013-11-12,271.8000793457031,280.9191769613312,268.98835801986064,276.562277108404,374920
2013-11-13,269.34295654296875,279.7792714362526,267.51914244992486,270.00155241843356,351708
2013-11-14,281.7804870605469,282.92039428022736,271.14154615975133,272.1801025399639,445337
2013-11-18,289.48101806640625,290.77289863586793,277.77815884102955,283.7056015696523,513269
2013-11-19,287.04925537109375,289.78499005092766,285.2254410307281,289.78499005092766,346998
2013-11-20,285.6054382324219,295.35782213365474,282.81905412003005,287.0746302447228,632653
2013-11-21,274.58648681640625,290.03832610644287,272.1293877789226,285.65608816889863,440807
2013-11-22,284.4148864746094,288.2651910173581,276.10638308499966,278.0821712662378,936292
2013-11-25,304.9075927734375,307.4153414023059,281.1978951463272,286.94800166558326,1879371
2013-11-26,309.0617980957031,312.58279126302216,301.58920242478575,304.98353339269397,1436255
2013-11-27,301.81719970703125,312.5828022318169,300.12002099423506,308.98582215405975,844080
2013-11-28,311.24029541015625,314.5079645346673,301.94385787373716,302.9824406126277,1507336
2013-11-29,311.8988952636719,317.39567671436265,309.03649801926144,311.5189086515542,1290858
2013-12-02,308.58050537109375,314.91322009940853,306.5793796326897,311.5695382945151,649329
2013-12-03,306.3260192871094,310.8095813152947,305.2621254447069,307.06062833220255,468048
2013-12-04,306.6806945800781,312.93739599290063,302.6024301093313,304.9835160234938,767240
2013-12-05,314.3305969238281,318.15556329803934,308.5298426058239,311.5695244696813,1054193
2013-12-06,318.7635192871094,320.18203577474844,309.0364738330918,314.10261919670137,909937
2013-12-09,328.13592529296875,330.26373959342015,318.7128530309763,324.23497191666746,1720142
2013-12-10,327.3507080078125,331.7582843877205,324.235012458642,330.3144299715204,1452684
2013-12-11,329.70648193359375,334.8739789019979,324.28568687734264,326.7680976894025,902430
2013-12-12,322.943115234375,332.84747216946494,321.44858559506054,330.28904855695856,465627
2013-12-13,314.2039794921875,322.1832245371845,313.46939662739845,321.22062862612523,426536
2013-12-16,317.4462890625,319.4727523997824,311.67084616345954,316.1290971117664,501654
2013-12-17,317.21832275390625,324.9695534330727,315.06519726778873,320.15668005141515,428600
2013-12-18,319.54876708984375,323.17105814148107,316.1290986682181,317.24364165685375,593048
2013-12-19,319.9287414550781,323.8296947647818,315.26786764890187,319.9287414550781,418535
2013-12-20,329.4025573730469,330.3144516227474,319.59949664943053,320.0807814863775,1186846
2013-12-23,337.86297607421875,341.45995575235935,329.42778520291523,331.7329106318343,1392081
2013-12-24,333.40472412109375,340.4467098995658,332.44215469417003,338.2682466669039,297535
2013-12-26,339.281494140625,345.8928443296136,333.5567266072315,333.8100246494423,1065879
2013-12-27,335.8871765136719,342.8278381329273,334.8739316281701,339.43348093578277,386213
2013-12-30,334.2913818359375,343.71448193068,332.03693131881613,336.24185883336617,254492
2013-12-31,335.9631652832031,338.77488693389057,331.83422527357,336.7230857825393,234359
2014-01-01,336.3431396484375,340.6493911101631,334.3673251963848,337.3310468744639,380802
2014-01-02,323.551025390625,339.10418920457755,319.3461250477515,335.88716968175913,305582
2014-01-03,318.94085693359375,324.1590026294335,316.63573123499896,319.1688172955876,578739
2014-01-06,316.8890380859375,322.5631568685208,315.64783283305144,319.16879961100494,407126
2014-01-07,316.43310546875,319.90342332895904,314.10264208444573,316.1797810620385,297114
2014-01-08,319.7007751464844,323.019119441907,316.63572891983875,316.63572891983875,474744
2014-01-09,308.37786865234375,322.5631660108527,306.55405411288325,319.1688086571313,496102
2014-01-10,302.3743896484375,311.9747710545227,298.9547217759356,308.0231694788356,385685
2014-01-13,300.85455322265625,303.91959893805904,299.1827388381492,301.43718872695223,402783
2014-01-14,307.8459167480469,309.03647288890807,300.6266194606373,300.8292684351912,338669
2014-01-15,312.582275390625,315.71656884693977,305.7227962128531,313.35299978637033,528537
2014-01-16,310.01318359375,315.48537501640175,309.06262704492354,313.0447120881173,390450
2014-01-17,303.5390319824219,312.01705299916676,301.48373149457996,308.8056660216858,573095
2014-01-20,302.9738464355469,306.23657594970143,299.120171266307,303.25641686948114,230877
2014-01-21,305.0547790527344,310.3471376760913,304.0785246891993,306.98161655878556,260109
2014-01-22,305.7227478027344,308.086316489041,303.1793203012728,305.0547618333652,239882
2014-01-23,307.00732421875,312.9162464552497,304.18129934875105,305.6200097186127,448971
2014-01-24,297.3731994628906,307.5211326207883,295.47205976894367,305.72278466962695,242451
2014-01-27,276.61480712890625,294.41866371373106,275.20179500575455,294.41866371373106,483630
2014-01-28,270.7830505371094,280.54562254693843,268.4708771919843,276.6406044282203,419155
2014-01-29,277.3855895996094,278.67013905981025,272.37585471873496,272.83828397623773,401818
2014-01-30,275.8954772949219,280.16018526995674,263.58950721691804,274.328330879577,1077181
2014-01-31,283.6542053222656,286.71143146281855,273.5576416640837,279.9803890240306,391441
2014-02-03,281.7273254394531,287.22521345006805,279.62068278669005,281.1621312363241,269984
2014-02-04,278.0278625488281,281.4190814872909,273.3520942201026,277.46266829676046,264530
2014-02-05,282.5751647949219,287.68766436615624,278.4389195439112,278.5416845625152,365477
2014-02-06,282.98626708984375,288.61259259352494,275.9469290477988,283.2431663181681,390772
2014-02-07,283.5257568359375,286.66005022795764,281.70171091762614,283.93681696204465,203937
2014-02-10,281.47039794921875,285.6066424717335,280.1087817273018,284.14226124931207,107765
2014-02-11,279.92901611328125,284.3478587580153,278.59307078955305,282.5751821132251,118359
2014-02-12,282.60089111328125,285.169990123402,278.5160146047589,281.00804652144274,241455
2014-02-13,273.0181579589844,284.4763387114311,272.2474068696602,283.0633262128732,177904
2014-02-14,272.1702880859375,276.4349959946742,268.05974105100097,273.09517318966,221424
2014-02-17,272.3758544921875,275.4330806021409,270.32058070018155,270.32058070018155,162851
2014-02-18,288.9979248046875,290.25677630500655,272.4272451149072,272.4272451149072,758591
2014-02-19,294.44439697265625,297.80991785764144,289.56309877890584,291.33577527133065,782407
2014-02-20,300.5331115722656,305.2088791249018,290.0511881504811,291.84956234095836,943580
2014-02-21,300.5331115722656,302.5370157681131,296.5510011094979,302.5370157681131,275104
2014-02-24,302.9481201171875,305.67135301736886,299.55690124527723,300.53315555715466,388191
2014-02-25,300.8414611816406,305.72275962557984,299.81381096827596,304.2326801727154,207497
2014-02-26,310.5783386230469,314.7916778553592,299.81381598818865,300.5845670176315,1637757
2014-02-28,318.4655456542969,320.6235847752355,311.8629386005481,312.0941666181606,718400
2014-03-03,318.05450439453125,321.39432831410744,315.92213637203855,320.1097785978831,463037
2014-03-04,319.67291259765625,322.1649440830349,316.51292189637974,317.5919411568381,570210
2014-03-05,331.0797424316406,333.7259082406601,318.0030208432332,320.41798539767643,1274179
2014-03-06,334.2140808105469,340.63682849371133,331.4137537382565,331.4651496104981,1129421
2014-03-07,343.51422119140625,348.26705712791335,336.7061113476875,337.93926500680203,1204246
2014-03-10,356.6679992675781,358.38928008624646,339.3265678401302,343.74543730788304,1700774
2014-03-11,348.2669982910156,359.6224120908116,339.7375822970772,357.6185076811339,920648
2014-03-12,344.3876953125,354.35579602610903,342.20395853519267,345.2868826156871,558077
2014-03-13,342.152587890625,351.9665276653667,339.9174552532968,343.2829764636385,918869
2014-03-14,350.68194580078125,352.9941453157536,335.601346584288,342.71775051681414,713142
2014-03-18,353.0198974609375,361.3951540971237,351.45275075325844,351.45275075325844,904869
2014-03-19,351.4783935546875,357.5928456990439,349.39742185382374,355.10084061528147,346277
2014-03-20,351.4526672363281,357.61848756954697,346.39153734644725,350.93884219697026,420768
2014-03-21,352.8657531738281,354.92105391646,350.3737477711943,352.55745806243334,843257
2014-03-24,356.48809814453125,358.64613659044403,352.4802895623861,352.4802895623861,420876
2014-03-25,366.2763366699219,370.69517822824,354.63830063493845,356.07701062984773,1364500
2014-03-26,369.2308349609375,371.49163847223855,363.7843428465654,369.2308349609375,926816
2014-03-27,373.2643737792969,375.83347272669374,366.91869350236004,368.922598160978,836850
2014-03-28,385.3905334472656,389.47541006927173,367.4582357492141,373.80388964433973,1053718
2014-03-31,396.8486633300781,398.2102797915826,381.51113790590534,387.83111976642516,948690
2014-04-01,380.200927734375,397.1826672085062,374.5746029167994,397.10560012071005,1428885
2014-04-02,387.77978515625,390.50301832183874,377.2721612436051,382.6415871952649,829935
2014-04-03,391.6334228515625,393.3290324061193,383.9004281876581,385.3648097579023,938624
2014-04-04,382.5131530761719,390.5030477681666,381.27999936332384,390.16908143759827,329978
2014-04-07,384.4912414550781,391.99300659433266,380.99728475149465,385.87855565003747,475330
2014-04-09,389.14141845703125,393.20059715763915,385.8786620773731,385.93005794996674,552424
2014-04-10,391.04248046875,398.90391037046146,388.11371770399984,389.98915913329273,583503
2014-04-11,390.24609375,391.9674011745486,384.3371718214472,389.98919455385675,318501
2014-04-15,388.57623291015625,391.5306942600542,381.9222570321506,388.19087070912883,397709
2014-04-16,377.7602844238281,393.2776431692587,374.42046112736426,387.9339152097045,288741
2014-04-17,388.7046203613281,391.50492025893453,375.165469942998,378.7878899566862,545131
2014-04-21,390.22039794921875,396.103648689432,387.11180279287214,388.4477213609644,338860
2014-04-22,389.21844482421875,398.1589215471301,388.165123389617,391.2737452522641,367855
2014-04-23,383.77197265625,393.4574488807427,382.28189322639844,388.1651171462214,333490
2014-04-24,383.77197265625,383.77197265625,383.77197265625,383.77197265625,0
2014-04-25,380.3037414550781,391.40223162281103,377.65754849331756,385.39054388340736,731126
2014-04-28,383.001220703125,394.5621651876702,375.65361530484097,394.5621651876702,843036
2014-04-29,368.1517639160156,382.7956021741684,365.505571953994,382.7956021741684,669450
2014-04-30,356.69366455078125,373.3928063496982,352.2491242677916,370.3612516736513,604221
2014-05-02,355.35772705078125,363.27055347400176,352.40326610873836,359.67380447689123,591162
2014-05-05,347.0338439941406,359.0315467017863,345.8006904514416,359.0315467017863,498652
2014-05-06,344.07940673828125,348.8836113383868,341.43321414084204,347.08523683763167,492833
2014-05-07,346.46868896484375,351.96655144492627,342.25537604008224,342.25537604008224,591463
2014-05-08,343.0003662109375,350.8361256834236,338.4787586656395,346.9824774251068,741469
2014-05-09,369.2821960449219,372.41648871793325,339.63479845043514,339.63479845043514,1114217
2014-05-12,386.4438171386719,388.8844797261666,367.43250182546603,367.4838709798096,999939
2014-05-13,397.46527099609375,401.7556506072701,386.39245328468894,386.39245328468894,689450
2014-05-14,407.79296875,409.77117508604914,398.49285589061134,400.7793305324644,674721
2014-05-15,421.6405334472656,424.51792773124345,403.86236927839326,403.86236927839326,942401
2014-05-16,431.12054443359375,439.6242650351848,424.51796379573483,428.5257738118747,867334
2014-05-19,479.4196472167969,482.93930333137354,433.2272260337872,433.5612191150464,1065491
2014-05-20,471.12139892578125,493.7294393903512,464.518792205534,487.61498661885867,442615
2014-05-21,475.51446533203125,490.15833422832054,467.858564592986,471.1726898460893,514934
2014-05-22,474.1786193847656,484.42931849732526,471.6609159981521,478.8800598159296,270117
2014-05-23,494.5001525878906,497.89137193725065,475.28333198495545,475.28333198495545,590555
2014-05-26,480.3187561035156,508.65594096542077,462.77181988003343,495.8361429707873,517182
2014-05-27,475.9512023925781,502.00185416064284,432.30222147534374,480.4214673519866,431824
2014-05-28,464.6985168457031,480.34433613265725,459.3547897126984,477.85233136973875,383034
2014-05-29,455.5782775878906,475.69436451632237,451.6989579519587,465.0069086403381,716329
2014-05-30,445.7900390625,463.79942973144784,441.24273336551454,456.78576338644166,826377
2014-06-02,469.7340393066406,473.998721048094,447.02318255762356,447.02318255762356,449709
2014-06-03,482.3482360839844,484.0181207456552,466.599678643023,472.0461440240497,526441
2014-06-04,476.4649658203125,490.02978550192046,474.25553168338047,483.5042748038426,440455
2014-06-05,497.3260803222656,498.9189246531357,477.33848581860553,477.33848581860553,867542
2014-06-06,497.45452880859375,504.05713425020247,487.61489218898765,498.40513858512264,1085380
2014-06-09,491.5970458984375,502.5157294783422,486.7671699299777,502.2588035629155,479368
2014-06-10,490.081298828125,496.32418723866095,481.1151239164017,493.26698786924095,403131
2014-06-11,477.26153564453125,495.21953123141844,474.3841147622526,490.1840714004621,426126
2014-06-12,480.0361633300781,482.99062458576236,465.3922933058823,479.11125133625524,410301
2014-06-13,464.4673767089844,489.41334068979455,455.2443287806549,475.822819048335,692113
2014-06-16,462.5662536621094,467.5503174479493,437.3633910103763,459.8173225558394,602557
2014-06-17,468.6292419433594,473.74174123502223,456.9398352467498,467.26762555608633,771310
2014-06-18,472.6113586425781,484.2236716881066,465.0068544399153,473.22794872810005,762574
2014-06-19,465.31512451171875,480.93524645859213,461.9239057416789,475.2832507925616,242640
2014-06-20,457.3766174316406,469.0660247467791,455.2699746235307,460.6394000882835,312613
2014-06-23,455.75811767578125,467.11355977736963,445.43035256751244,457.3509622537142,938479
2014-06-24,454.5506591796875,467.37045535029506,452.5980970609181,459.86868893048256,818792
2014-06-25,456.4517822265625,461.10182608616594,454.21664964030185,457.24820448163916,705533
2014-06-26,465.08392333984375,466.9079957764869,459.1493035069472,459.2006993737403,662794
2014-06-27,477.0559387207031,479.1368835693242,465.2894377575332,466.959375963781,815871
2014-06-30,491.1860046386719,493.26700312391296,478.4689460152623,480.8582128699892,602992
2014-07-01,494.52581787109375,499.43278773001833,484.7118781532446,494.7827437911291,545775
2014-07-02,509.60650634765625,513.151860080753,496.09302409114633,497.8657009576947,821980
2014-07-03,507.3970947265625,518.9580685103723,504.87939125526026,511.2507704631886,904200
2014-07-04,508.86138916015625,515.2584114465157,498.9189603465611,513.3059027901609,606172
2014-07-07,505.4959411621094,512.2012861881221,502.51578188098546,509.4009590387324,402746
2014-07-08,465.6490783691406,513.3058651253244,455.5525161237531,508.0135337950081,915494
2014-07-09,454.7304992675781,471.9948094538733,449.54090566764756,466.9080075901298,596549
2014-07-10,454.6277160644531,482.9905958580964,437.77443894143556,454.7305078025695,871416
2014-07-11,439.1103515625,459.200713345085,432.12241009104713,455.7324539000516,668068
2014-07-14,445.687255859375,450.79978235287996,434.9484311843737,437.26060412805236,344059
2014-07-15,459.04656982421875,463.28555350410494,447.69115514681084,448.9243086928993,354501
2014-07-16,463.25982666015625,465.39222075990995,453.85694797981535,462.43775996477103,357279
2014-07-17,468.65496826171875,472.40585139330295,458.6354990974735,458.84102913589135,309771
2014-07-18,469.14312744140625,474.76942548935983,461.61566316008043,469.88815380432254,352341
2014-07-21,467.88421630859375,474.25559369675807,465.00684936693574,474.25559369675807,152061
2014-07-22,470.9415588378906,474.1528926516222,463.003033515994,469.271620376857,305581
2014-07-23,466.24005126953125,476.67063500162214,460.4339205870235,473.74181829862357,430044
2014-07-24,471.30120849609375,472.71422097487357,458.8410755436595,463.9792735977342,364312
2014-07-25,463.20855712890625,476.1310928653071,455.24433398149966,472.7142290336012,329323
2014-07-28,461.5900573730469,472.1490250806033,458.3272740031911,461.53866149608723,213766
2014-07-30,454.6020202636719,465.5207040565253,450.0033721868022,461.46155232912093,466850
2014-07-31,450.46575927734375,458.50707550443383,448.97570652725875,455.2442927328153,362800
2014-08-01,442.8355407714844,451.1337291881983,440.3435091105795,445.63584077449656,287242
2014-08-04,455.98931884765625,458.0189213535967,442.91262340002044,442.91262340002044,461470
2014-08-05,457.4023132324219,459.94571403522696,451.13372727698084,457.32527286024936,384349
2014-08-06,456.76007080078125,464.57015951825446,454.7305215980629,454.7305215980629,248679
2014-08-07,451.93011474609375,460.43383250982356,447.0488168385869,458.58406232904844,316242
2014-08-08,439.00762939453125,450.28597831450924,437.18358343735684,449.59234772821407,1219818
2014-08-11,441.96209716796875,447.0232013855648,440.3435546394187,441.88500336144295,1004082
2014-08-12,445.91839599609375,447.7938373705027,437.08071209809657,442.7584053691716,378582
2014-08-13,433.4069519042969,449.8748663470061,419.0456803405056,446.02121809619354,1310972
2014-08-14,437.2605895996094,439.8296883714662,428.191676811821,434.69149082775255,361335
2014-08-18,439.00762939453125,445.43037721922,434.35755836667465,434.35755836667465,279388
2014-08-19,439.2902526855469,445.48177249785,436.5669926522167,442.39884820350886,258431
2014-08-20,441.1913146972656,445.81571396031194,437.77442447385494,445.81571396031194,421121
2014-08-21,436.0274963378906,447.66550950588254,434.30618870339396,439.3159239869402,572288
2014-08-22,435.95037841796875,440.16371784940986,434.17770172122613,435.97607635320486,337717
2014-08-25,431.30029296875,438.8020863250031,430.0671393887967,434.6915120614232,235535
2014-08-26,412.64862060546875,432.63621650000033,407.4590539164028,427.11265682014636,697404
2014-08-27,409.25750732421875,418.12089176919477,404.45327513949553,413.3680554605178,636852
2014-08-28,408.1270446777344,414.1387319846097,400.8051099526978,413.1111084259389,952878
2014-09-01,429.3734436035156,431.043355065568,409.0518822323468,409.0518822323468,966278
2014-09-02,424.0297546386719,433.84372098236,423.0021043937199,427.4980408240979,490318
2014-09-03,430.6836853027344,436.43844593986717,425.5711592544357,426.4703464474623,658835
2014-09-04,427.6264953613281,432.79036427968384,419.3539778349568,428.5256826296952,599992
2014-09-05,437.5946044921875,440.5490655563886,424.4151169819877,428.0118661278131,456782
2014-09-08,457.6849365234375,460.4081694261545,442.3987803659476,444.7366511300924,1243147
2014-09-09,468.1412658691406,470.0423790447793,457.6850365509936,461.2303903711201,1048017
2014-09-10,460.07421875,468.4237498441386,457.60785823868184,465.0068863465788,576504
2014-09-11,461.6926574707031,466.9336462736838,440.1636416247745,462.4120392545533,492841
2014-09-12,456.06646728515625,467.4732525268323,453.47167020396074,460.38254529951666,365421
2014-09-15,453.6772155761719,461.17898319372335,449.0785135275986,454.2167119896494,491710
2014-09-16,441.78216552734375,458.22440718008687,434.8712919265843,453.1889483017748,776477
2014-09-17,455.295654296875,457.2224649237291,429.63033907077977,445.9955139982579,1101537
2014-09-18,458.2757873535156,462.232200113151,454.7304346280801,456.7856813730286,482843
2014-09-19,456.734375,466.0344620864252,453.72851829735373,455.9122548666894,545353
2014-09-22,456.09210205078125,461.41013173469224,452.18708471446996,454.2423316896596,464571
2014-09-23,453.26605224609375,460.6393819227922,450.1317593773654,454.2680044579393,439554
2014-09-24,443.2979736328125,457.3509230548695,438.5451382416368,453.18897984595793,274644
2014-09-25,420.8440246582031,445.9955148614753,416.2453503636577,439.3929361407016,891702
2014-09-26,423.3360900878906,429.990065204682,405.4551631258495,420.84405832170734,635024
2014-09-29,416.63079833984375,430.06718651094593,414.1644641966732,423.9527336708571,317562
2014-09-30,425.0059814453125,436.54122780973296,414.806653599641,416.19396798381825,583232
2014-10-01,420.3302307128906,430.06712974044547,418.9429429839524,423.38748344239843,245272
2014-10-07,414.6011657714844,423.9013073361885,409.00053851221594,418.7631093477131,484007
2014-10-08,416.5793151855469,421.84597541264174,412.08340592104713,414.19007535449043,324320
2014-10-09,430.5552978515625,432.04537745730636,417.47857443173575,417.47857443173575,598515
2014-10-10,416.0655212402344,428.3714915711202,414.1386838828526,426.49605007786903,290383
2014-10-13,423.2076721191406,424.7491476237998,411.36412887857745,412.083484114085,406243
2014-10-14,417.4785461425781,426.44472110570354,416.34815758152723,424.31235351694545,241816
2014-10-15,417.4785461425781,417.4785461425781,417.4785461425781,417.4785461425781,0
2014-10-16,399.90594482421875,420.3046035011798,395.0246725454721,415.1150094107914,410375
2014-10-17,408.97479248046875,410.54196565585664,397.2597141981996,397.2597141981996,449627
2014-10-20,423.69573974609375,425.39134920616823,413.62487471786216,414.26716276603906,396361
2014-10-21,427.65216064453125,428.52567667992406,422.2570638222648,423.9012774459487,238635
2014-10-22,442.6556701660156,444.40264861347055,429.3991175133797,430.06707671822704,511796
2014-10-27,441.4482727050781,445.5845183810632,436.7982018832808,442.5015942192203,238035
2014-10-28,442.475830078125,447.8966244510378,440.34348943334436,442.3473938456622,345102
2014-10-29,442.681396484375,447.0231719258444,438.0313259762119,443.94027468496495,329560
2014-10-30,441.1656799316406,447.0232065129435,438.39105082974726,440.9858210940482,507148
2014-10-31,448.6673889160156,452.1613996979466,443.2209228362105,443.2209228362105,599814
2014-11-03,450.2345275878906,456.1178050165996,447.61405961693134,449.59229295321467,357959
2014-11-05,452.2384338378906,454.73049228948514,446.22674685797864,451.13374324718166,332025
2014-11-07,453.1119079589844,458.044575112474,448.51320705996494,457.2995488097087,311496
2014-11-10,445.481689453125,455.60392316508086,441.8849406613784,455.29565483484146,201391
2014-11-11,448.281982421875,450.1317526528918,440.08658617870475,448.05078117776776,267913
2014-11-12,453.4459533691406,464.90413400694507,447.1773666774436,447.1773666774436,966203
2014-11-13,456.68304443359375,461.2560482594599,453.0862950491091,454.73053555083067,421910
2014-11-14,476.8504943847656,479.3938956239758,455.7325066347173,455.7325066347173,1212438
2014-11-17,471.9691162109375,480.29300303037536,470.22213751291827,480.29300303037536,460121
2014-11-18,479.80487060546875,484.40351831391354,471.1726625753027,471.7122123076011,909556
2014-11-19,471.7121887207031,489.1049867221918,469.19443256535277,479.8048466139158,666794
2014-11-20,461.4615478515625,470.06800512908825,459.1236235077784,466.54834978530045,408293
2014-11-21,465.95751953125,468.60365916152205,458.12173211350523,463.87652082869744,345589
2014-11-24,480.47283935546875,482.65657610364656,466.57405002634835,468.11549868951874,618152
2014-11-25,471.1470947265625,484.01823492914957,459.3548938859547,482.9906380146505,1048259
2014-11-26,464.1847839355469,476.9788826558457,462.4378052195536,467.4218154479269,718220
2014-11-27,463.8250732421875,469.11740472916546,462.5147992668987,464.18473743797324,424032
2014-11-28,465.88043212890625,473.2023677431933,461.5129580132917,466.0345663318659,564198
2014-12-01,454.6020202636719,470.65890190891986,449.5923120845259,467.3190786474693,487092
2014-12-02,461.8469543457031,463.4654435337452,446.021272607746,449.0784989909218,505598
2014-12-03,463.9792785644531,467.13926986727495,460.22839501334806,467.01078018760757,403262
2014-12-04,501.488037109375,505.85551017439667,465.0068575043196,465.0068575043196,2971908
2014-12-05,486.1506042480469,503.23508324928815,475.84851029120694,502.07899671078997,1017210
2014-12-08,470.42767333984375,484.53204619482074,464.7242812104058,480.4214986032137,514026
2014-12-09,455.8095397949219,476.77339301581776,454.44792312990046,472.66284508400884,631857
2014-12-10,462.3349914550781,470.14507957492145,455.8094794460089,458.32718237481566,492761
2014-12-11,463.9535217285156,471.27545577571675,452.1613761958251,462.9515694846215,498356
2014-12-12,455.0130615234375,469.78536638082227,452.1613922863027,464.4930345657493,461908
2014-12-15,449.9006042480469,460.89632900046615,447.63980027895974,455.7581308762597,493238
2014-12-16,430.0671081542969,453.086231534233,424.4150856480077,447.0231489601369,444194
2014-12-17,424.260986328125,433.66389265597036,408.4867018519799,431.0433978649665,760027
2014-12-18,442.5530090332031,445.96989965130643,428.34587003027207,428.34587003027207,464221
2014-12-19,443.9659423828125,453.1889895245073,441.3711456268354,447.5369934857252,495525
2014-12-22,447.1259765625,450.6199342018617,434.8713734625795,446.04695708998753,347220
2014-12-23,433.6896057128906,450.61995161006905,431.71139881802446,447.02322880042385,370158
2014-12-24,443.37506103515625,448.05082955442475,434.79427503260854,437.62027312113804,665787
2014-12-26,439.213134765625,446.4580024526754,436.00177439036685,445.96987524822765,236846
2014-12-29,447.71685791015625,451.6475735152202,438.1855150162629,438.1855150162629,361051
2014-12-30,460.6907653808594,462.4377974937248,444.96790377353847,445.76432602755943,722111
2014-12-31,466.1114807128906,469.78526936183084,456.7856437719855,462.2835044942797,568956
2015-01-01,465.88043212890625,472.20041528485507,461.6157497659761,464.54451332647756,253029
2015-01-02,469.81109619140625,471.63516876522806,463.2342412332137,467.57601693050077,267284
2015-01-05,472.0205383300781,479.3938691206831,466.5483739490353,466.5483739490353,450124
2015-01-06,460.2283935546875,469.4514415006486,449.64367556494125,467.5760264440712,523022
2015-01-07,462.02679443359375,467.57605296261994,453.0863164228221,462.9516530464098,273834
2015-01-08,472.9197082519531,477.36422191936856,464.49303001290065,467.31905471480724,418025
2015-01-09,469.86248779296875,481.577594059028,468.1155090410072,476.82475829177974,323393
2015-01-12,475.8998718261719,478.7515410635086,465.0325843518725,470.4019565420251,335012
2015-01-13,472.4059143066406,481.80884803393775,466.2400657590146,481.80884803393775,367225
2015-01-14,484.0819396972656,488.8362893597518,472.36506106087126,476.2100873237062,610629
2015-01-15,491.3563232421875,500.73503456297567,482.67904059449745,490.9666286400881,614070
2015-01-16,501.4625244140625,504.50217517704175,486.65401928574227,490.49904621600547,619992
2015-01-19,503.644775390625,513.0494740169736,496.5263248284509,502.8653861481507,738491
2015-01-20,495.14935302734375,508.5809308104674,493.6944680342955,504.55405075711025,452610
2015-01-21,512.7896728515625,516.426804351706,496.73412606898876,498.7085858631725,625092
2015-01-22,525.1300659179688,528.4294764655466,514.4004173943335,516.4787705031393,928520
2015-01-23,539.8606567382812,542.380732372529,524.2727638849327,528.4814981969391,854065
2015-01-27,552.9805297851562,557.0073563876132,532.6642727425377,540.3803130534872,638930
2015-01-28,548.8497924804688,563.2945914403468,542.5886903625272,551.2919081077948,584831
2015-01-29,548.6679077148438,555.8643199397869,544.017504349447,548.693894563893,494252
2015-01-30,541.4974365234375,550.7722556204494,514.400502890797,549.629104492573,1472222
2015-02-02,569.7893676757812,573.6343940077111,539.8606279592124,541.4194063561104,742990
2015-02-03,576.9598999023438,581.3245014355083,557.5009928713863,574.7256254438482,664576
2015-02-04,569.4515991210938,580.7787824211398,562.4630297365495,580.7008759238339,558412
2015-02-05,568.4385375976562,575.1413616104504,561.9436083722818,568.9581665127818,484187
2015-02-06,575.7128295898438,586.4684658904705,567.3992543522301,568.9580868526418,692186
2015-02-09,574.7256469726562,591.300771097215,561.1641866913544,568.5424522312707,829828
2015-02-10,595.8471069335938,601.0170837391125,566.3600375476019,574.1539830184405,610487
2015-02-11,608.5513305664062,615.2021804273262,599.7701535740116,599.7701535740116,526499
2015-02-12,619.0472412109375,620.9178080320307,605.3299132697204,609.2268599469423,385167
2015-02-13,625.438232421875,627.6725069034271,614.7085823732286,620.9177637930285,383882
2015-02-16,641.1300659179688,648.9759870051538,624.0613530075108,626.1397065624086,671118
2015-02-18,650.4827270507812,654.691407087128,631.3615428769189,641.1819223573644,531235
2015-02-19,660.5629272460938,663.5246172587467,645.3907153693115,651.989591303485,570051
2015-02-20,653.6002807617188,663.0049787577635,650.2748832815835,659.8873679701044,295541
2015-02-23,663.5505981445312,671.2146645512753,652.5091602771982,655.7306646915122,526589
2015-02-24,659.8096313476562,669.2403186150458,653.1327937983708,665.6031321063311,392576
2015-02-25,696.6488647460938,704.0530620585243,662.4853504077361,662.4853504077361,1312036
2015-02-26,665.1873168945312,711.0676584992497,660.952595768621,700.9355444267319,1890553
2015-02-27,689.8681640625,696.2072797467757,655.9645141010064,659.8874473674441,1124411
2015-03-02,727.5388793945312,740.3469359754885,688.2314270755232,696.3111205895725,795336
2015-03-03,742.0615234375,753.414694031091,727.4348751325466,729.5132822551099,655032
2015-03-04,733.2804565429688,754.6878369705461,728.1624525320237,745.6208588416038,543780
2015-03-05,715.0166625976562,739.7494404892384,704.4947994367186,739.385732701428,759542
2015-03-09,708.391845703125,729.4614521826932,704.5208319352594,714.4451063392617,479709
2015-03-10,711.0677490234375,717.5107584756565,701.455208541133,706.3134524783093,482714
2015-03-11,723.2002563476562,731.5397641796254,714.4969867251036,719.874804731143,668331
2015-03-12,764.8199462890625,774.0947650962371,723.6159920005629,727.954606701416,925695
2015-03-13,744.4517822265625,779.3946360615115,738.5543888779819,768.9248003476182,988493
2015-03-16,724.9408569335938,752.7912428694729,714.9905974170365,749.3099243674752,649787
2015-03-17,731.7476806640625,746.1145170116688,718.7577690089591,728.6820431443772,1137142
2015-03-18,729.3314819335938,747.6992103810419,725.7722567482435,735.7485036156164,593889
2015-03-19,711.0418090820312,744.9974911595469,706.911034536555,736.2682328002356,600833
2015-03-20,710.7819213867188,721.0179829838743,699.3767759214685,703.5335365724851,536261
2015-03-23,700.2859497070312,718.7316367329631,693.9468892294741,714.4190096273097,421968
2015-03-24,695.5838012695312,703.2218815653989,685.2178583080155,694.700464544504,519767
2015-03-25,708.9893188476562,710.8079117715396,695.5317528216019,700.8835842124387,609024
2015-03-26,704.1571044921875,720.160679960347,697.0126665943901,706.6252066139903,1180776
2015-03-27,717.7444458007812,724.3173341817045,696.2591075521741,709.2490172831233,459818
2015-03-30,734.709228515625,737.0733827944802,717.562559256789,726.8113896916076,400860
2015-03-31,725.7462768554688,747.6732306982927,722.9144671759495,737.2293285872964,556099
2015-04-01,733.929931640625,737.3073030388401,723.5639898675324,725.9281444436126,275690
2015-04-06,752.24560546875,754.4538927623237,727.4348704754747,737.8267979683628,526748
2015-04-07,752.9212036132812,763.8067205073503,744.3218808234061,757.0519775242951,571634
2015-04-08,759.7538452148438,770.5094810303781,753.4147302000554,757.571544644737,517472
2015-04-09,758.0133056640625,774.1987362082374,748.218911032568,763.2872312451412,533252
2015-04-10,752.0379638671875,768.4832091464643,747.9071894239124,761.2088363648021,541262
2015-04-13,748.9203491210938,757.0520171669644,737.930884268627,756.948123805291,423303
2015-04-15,743.5165405273438,758.5848597764378,738.4244691856813,753.4148278938154,362295
2015-04-16,729.7212524414062,748.0629959522703,722.2390394993129,743.5945008859655,303952
2015-04-17,688.880859375,732.1112972665162,682.7236522825586,732.1112972665162,402589
2015-04-20,677.2160034179688,698.805237089264,671.2925694335213,692.1024138486246,458567
2015-04-21,671.0588989257812,687.114395706206,661.2904368244914,679.5282886894229,408470
2015-04-22,673.474853515625,684.8280791941669,650.430789283066,673.4489206975376,554932
2015-04-23,665.9146728515625,684.1265329291075,659.1599307409833,678.488900880599,363042
2015-04-24,638.1422119140625,674.9556245662048,629.8806656270959,667.6812540735009,710274
2015-04-27,657.2634887695312,666.6422004302199,646.897493119261,662.3814924697092,1149890
2015-04-28,672.1498413085938,677.7874733664453,644.8190847391429,651.7296938887451,550889
2015-04-29,675.8131103515625,688.439313893712,669.785782847982,671.8901230916533,547543
2015-04-30,707.0668334960938,711.3275418797652,671.9940984459233,676.5665409428518,1031515
2015-05-04,729.305419921875,732.1112424408044,712.6264058578928,717.0429263156839,864815
2015-05-05,699.1689453125,711.8470681830321,686.4907684152622,709.5089004129826,705792
2015-05-06,673.344970703125,700.2600481977317,665.0833691863213,693.661172527506,643673
2015-05-07,649.7553100585938,674.9297559425144,636.9732398024038,673.3969642741357,695298
2015-05-08,677.0342407226562,686.3349933856033,655.7307514281573,655.7307514281573,524290
2015-05-11,697.40234375,702.286520150869,679.3203612615732,679.3203612615732,496983
2015-05-12,663.031005859375,700.9355473672487,657.8870152807774,700.9355473672487,503267
2015-05-13,674.7218627929688,680.4374556019886,653.1846044654912,667.6813191554514,499313
2015-05-14,700.2600708007812,705.6119562855264,670.253422246679,679.5801605366296,555528
2015-05-15,697.5321655273438,708.7294697669446,692.2842277472281,705.6119129222753,305027
2015-05-18,724.4472045898438,728.3961781550347,697.5321292792069,698.7791735629514,625247
2015-05-19,707.97607421875,724.3173690201312,702.7541232322704,723.3301390746971,419121
2015-05-20,724.4732666015625,729.9550322342733,711.873050323946,714.2891786143787,512528
2015-05-21,724.8629150390625,736.6837413119235,718.861574963304,718.861574963304,768102
2015-05-22,713.8734741210938,728.8898182048696,709.249058424887,724.8369510062407,371751
2015-05-25,702.2605590820312,715.1465775159807,697.2984219606935,713.9255198642663,270179
2015-05-26,703.0140380859375,708.729577848353,692.6480951645607,700.9356305213987,254661
2015-05-27,707.4825439453125,718.0823146303867,694.1808974124311,698.337658577287,460107
2015-05-28,720.7581176757812,724.8369175036212,697.2983193547628,707.6902472620076,500767
2015-05-29,711.1196899414062,730.0329818848011,707.6903446159827,721.7194600260295,909917
2015-06-01,709.7946166992188,716.1336773754796,704.6765594259809,710.6519123628988,213163
2015-06-02,693.947021484375,720.6802469301092,686.984437563378,710.2883177282133,313325
2015-06-03,687.60791015625,697.2464362212895,668.2529515190732,697.2464362212895,356899
2015-06-04,698.2855224609375,707.6902200976004,681.2168134042172,688.4651434018043,376252
2015-06-05,702.4424438476562,713.9774700141952,698.3635895274255,702.7541779487163,371680
2015-06-08,676.1767578125,708.9113206499088,670.2793110391167,702.4423794192356,494131
2015-06-09,683.86669921875,690.7253885051442,669.8636274679668,672.8772366715514,371112
2015-06-10,693.4014282226562,701.4032155049176,678.0732955289495,682.0741891700802,347279
2015-06-11,672.8514404296875,708.4697367749221,664.7716921061941,699.7925070791241,497104
2015-06-12,671.7081909179688,679.450217151006,665.6029576141436,672.877274697848,291889
2015-06-15,685.0360107421875,686.7246696371791,669.6818894642843,672.8774073700325,326550
2015-06-16,683.9447021484375,687.7117679131751,675.4752603685657,683.2692063038958,340567
2015-06-17,686.5166015625,695.7394444040365,682.2299616104411,690.5434811716239,522080
2015-06-18,708.8074340820312,712.964194572678,682.9574936757641,689.7122362264029,644983
2015-06-19,712.65234375,724.8368769182011,710.3921368351527,715.1204453991209,528020
2015-06-22,715.3543090820312,721.5115160682524,701.4550758675886,714.4449856804457,520603
2015-06-23,723.122314453125,730.8123674878124,711.4314218859327,718.8096868101844,608598
2015-06-24,705.6119384765625,728.3442686967518,701.5590712103526,724.8369630927765,440964
2015-06-25,711.9769897460938,718.0822234904177,704.0531090662504,706.6510912178849,553411
2015-06-26,711.6132202148438,722.2389214507502,706.6510298936829,707.3265257246352,366049
2015-06-29,691.27099609375,705.6118977400916,678.0732454223329,704.0530653245947,435690
2015-06-30,700.8575439453125,702.9619379793222,685.607427029703,691.6347538562848,465198
2015-07-01,718.7576904296875,722.2130222199311,703.5335059095058,703.5335059095058,501767
2015-07-02,734.1116943359375,738.8659897425247,722.2388952136658,724.8368770454657,983615
2015-07-03,742.1655883789062,748.2188487822522,735.5667122527652,738.5024155050904,552828
2015-07-06,749.3880004882812,751.6222210065893,725.0968358096882,734.7093759039572,591804
2015-07-07,753.466796875,763.2611908189718,749.3879964844938,750.8168408461515,731147
2015-07-08,739.6194458007812,751.0765643404958,731.59172619925,744.3218218922426,532533
2015-07-09,749.907470703125,756.7921472794995,735.2288481670989,743.0487809700871,596281
2015-07-10,748.71240234375,760.2214404281752,746.1663940361403,753.4147243611382,627128
2015-07-13,759.494140625,765.885176224437,748.7644901016208,748.7644901016208,792179
2015-07-14,765.2356567382812,773.1595380383479,760.8190813321349,763.8067583390329,501642
2015-07-15,765.729248046875,775.2378401449371,761.6763807141314,769.0546457913257,481136
2015-07-16,768.9507446289062,774.0947352517994,765.8851073151766,772.0942884510404,503104
2015-07-17,776.8745727539062,783.4474616791986,768.7429053371415,771.6006478959392,533785
2015-07-20,773.9389038085938,782.7200806598282,769.4183811518174,779.3946287694719,443032
2015-07-21,755.1554565429688,778.8750168452418,751.492283879405,774.7702298968829,297645
2015-07-22,763.1571044921875,766.9241698217095,742.503131240407,750.8166510002698,481182
2015-07-23,755.8568115234375,772.1201987406607,752.2975865870254,768.483013276869,334484
2015-07-24,748.7384643554688,762.7675793392183,745.6208532331317,755.4932074138054,265116
2015-07-27,719.2254638671875,747.829203906155,715.2764894459282,746.6601198967201,296170
2015-07-28,717.458740234375,727.4349879160244,715.224519764594,722.2390233307192,292322
2015-07-29,753.8304443359375,757.441643274673,719.6409952192979,719.6409952192979,497119
2015-07-30,741.3861694335938,761.2087298388361,738.7881872361005,758.6107476413429,680850
2015-07-31,756.142578125,762.7674397677009,741.5419172804674,747.6731369924433,395969
2015-08-03,766.5866088867188,773.159552451132,754.4540467305139,758.0912329006377,506053
2015-08-04,766.976318359375,772.3541367970894,752.3756547570656,772.3541367970894,460138
2015-08-05,777.9658203125,784.0710546305651,767.4439564922271,774.1727670951946,662971
2015-08-06,792.904052734375,810.4144301763316,787.1884601494198,791.7609558280637,1591628
2015-08-07,783.0577392578125,799.5029814231331,779.9141955413781,796.9309861981683,366829
2015-08-10,779.1608276367188,794.9824942954751,774.2765973589367,784.5905655592375,403397
2015-08-11,763.468994140625,782.2524049630686,761.2087328715221,780.1220779217166,277266
2015-08-12,746.5302124023438,768.9767974487196,744.2179772894726,761.2607568256732,306393
2015-08-13,730.3187255859375,761.2087098724085,727.9545710327701,750.0893658084103,480634
2015-08-14,751.024658203125,755.4412334380805,724.8369949188619,731.1241368265173,709070
2015-08-17,744.06201171875,758.5847674945569,739.0998752156651,757.0519218957771,411024
2015-08-18,746.9718017578125,756.0127384216421,744.4777130045464,749.1021287145327,359451
2015-08-19,755.72705078125,764.8459486977406,740.4249041830253,751.8560371502014,455852
2015-08-20,735.5926513671875,765.8851003448727,732.6309074338536,753.4147644965644,639564
2015-08-21,727.4091186523438,736.7878317663976,722.2390864350075,732.6310165135933,437748
2015-08-24,637.3369750976562,711.8470991264998,624.425024083505,711.8470991264998,1065304
2015-08-25,645.4426879882812,665.8108642829035,574.4917918976226,649.859263167545,1015774
2015-08-26,636.45361328125,660.8746547702583,626.1655786774413,644.4034262775059,702307
2015-08-27,650.1449584960938,659.5496566285584,631.0758018484507,655.7306171249671,725038
2015-08-28,665.135498046875,687.4262190276789,655.8347447328675,657.3415498628272,915423
2015-08-31,657.2116088867188,672.851477510657,654.5876395504948,662.4854803808059,571843
2015-09-01,645.1049194335938,657.9129767754333,636.6355308037906,649.2097605588285,686441
2015-09-02,625.4901733398438,665.0833735970717,619.5667394854786,662.4853914579164,1036264
2015-09-03,626.9970092773438,640.4026021035088,621.9569117911165,632.192973813789,749155
2015-09-04,613.5394287109375,628.6597208234172,603.7710220892883,625.1264282813737,875050
2015-09-07,593.8206787109375,620.3980324573304,590.8070154472058,618.3196793963867,670216
2015-09-08,616.2932739257812,620.3980605765485,595.223616966621,603.0175628584874,733849
2015-09-09,640.5064086914062,642.7406828642057,621.6450934758292,627.672420165851,542959
2015-09-10,649.4176025390625,653.6523238753991,615.825687154314,636.4017044315266,650421
2015-09-11,663.0569458007812,667.5254401782692,652.6130443134921,659.7834680132128,844348
2015-09-14,675.8131103515625,678.5669596686464,662.4854240437178,671.7342560415124,543443
2015-09-15,666.1224975585938,682.2300173101652,661.0304812689794,679.6060486400963,497978
2015-09-16,670.4352416992188,675.4752847787076,661.8359194190103,673.2410644984017,409748
2015-09-18,673.78662109375,688.4651899776468,671.0846916649041,675.4752797134138,503964
2015-09-21,688.9328002929688,692.1023306274876,663.5765035901188,667.5254230871128,411068
2015-09-22,671.7601928710938,696.3371022059412,665.6029856219544,691.58280635703,535876
2015-09-23,673.059326171875,678.4371451224981,654.6915406026864,663.524691970489,390007
2015-09-24,681.8404541015625,684.5683166375026,669.3701173124194,674.3322543759745,340097
2015-09-28,663.4205932617188,674.8517236097473,655.4967139159115,670.7988570080463,497704
2015-09-29,667.3177490234375,681.4508129000508,650.2750225087711,650.2750225087711,420906
2015-09-30,688.958984375,693.4794536168456,670.4613718383521,679.2425498779852,583467
2015-10-01,698.2855224609375,703.7413006108335,691.2190463323436,695.2199395035942,609678
2015-10-05,709.7946166992188,719.381168240626,702.5462326479013,703.0138877565989,803118
2015-10-06,711.6651611328125,716.809205480068,704.1570163733525,715.4842006213152,425787
2015-10-07,714.1072998046875,723.2261969507687,711.9509860155807,717.0430028181291,562250
2015-10-08,698.9610595703125,715.4842079961594,696.1292499724576,713.925429583161,377548
2015-10-09,699.5586547851562,710.2883047416587,690.8294517037107,710.2883047416587,363724
2015-10-12,711.8470458984375,714.4450280149526,701.5850516555604,703.5335247362707,347736
2015-10-13,707.8203125,719.6410867598913,699.4028428538033,712.3667682943205,340245
2015-10-14,711.691162109375,714.4450112022009,707.6902686635591,709.2490470914453,200695
2015-10-15,714.211181640625,719.6149860530346,712.4704954410926,717.0429370167163,281192
2015-10-16,718.0302734375,722.2130750841619,710.8079292811675,717.0950171206691,487002
2015-10-19,711.8211669921875,721.1998793612597,707.1707640642046,717.0430644386448,321143
2015-10-20,704.9105224609375,718.0822882960492,701.4551902196816,710.8079700310013,353635
2015-10-21,701.1693115234375,711.5872259624008,686.3867961382157,705.6118729970826,343337
2015-10-23,712.3927001953125,714.4450667391073,702.7541735944748,708.2099525428803,372327
2015-10-26,720.4722290039062,722.238847889502,705.6118084768158,712.4704433252058,339586
2015-10-27,719.8748168945312,725.5644230991047,711.8470430026172,717.04300721451,327456
2015-10-28,705.8716430664062,721.1737874577117,701.7148827760352,716.5233852071759,394048
2015-10-29,705.1962890625,711.8470847444909,696.9087002660057,704.5727668373057,381030
2015-10-30,689.6343383789062,708.0020669112446,684.5942412333711,707.1707039973373,257194
2015-11-02,683.0873413085938,693.4792690532086,670.4871262169133,689.6342968479933,280780
2015-11-03,695.2200317382812,698.3375887937137,682.7496954631392,682.8276560002075,252656
2015-11-04,676.982177734375,706.443264586516,674.4361692218937,697.8699287176539,447886
2015-11-05,661.4722290039062,680.6193471141167,658.6404192862511,679.1124882982222,394048
2015-11-06,653.8082275390625,667.4216617867382,647.1573774732165,660.407103910008,255095
2015-11-09,656.1721801757812,665.0573020911169,631.5173148267211,639.1034729567108,308731
2015-11-10,639.9089965820312,654.6915149106488,637.025266895032,654.6915149106488,234420
2015-11-13,649.1578369140625,654.6655899580232,636.9733008554193,643.5202036570685,242063
2015-11-16,642.5848388671875,654.2238112356658,635.9859634828013,645.3906615983974,402284
2015-11-17,633.8816528320312,652.0934605588574,625.594064445345,645.9622400210206,378271
2015-11-18,632.4786376953125,640.0387552689424,628.711572328752,633.85556205541,221979
2015-11-19,639.2335815429688,643.1045414694561,633.9077362746012,635.9860898791461,291202
2015-11-20,644.325439453125,654.1977922138959,639.6491044822591,641.7015247559342,330315
2015-11-23,643.8579711914062,649.49555035635,639.3634351359874,647.0534890247038,176133
2015-11-24,629.5169067382812,648.0405539325038,626.5552172619626,640.1946349843395,419417
2015-11-26,633.0502319335938,634.9467311610703,624.5548035934364,627.7243339378268,654227
2015-11-27,638.765869140625,642.7407761062208,628.7117149445272,633.751758452424,411315
2015-11-30,646.3779907226562,652.846986908742,630.4523753091995,636.5056899878502,987040
2015-12-01,637.6226806640625,649.5214130089151,635.466367015429,647.4690467309964,293346
2015-12-02,629.8287963867188,640.3506052836565,627.7244021913081,639.1555345639706,248535
2015-12-03,618.70947265625,630.5562328652745,615.7737154233646,623.5157425396619,485046
2015-12-04,604.3424682617188,618.2157135980607,602.7317703501882,613.1236974251915,511755
2015-12-07,611.5390014648438,617.8781171565098,598.7309979296757,605.3817936979206,585934
2015-12-08,607.6680908203125,617.2546446289019,604.420599187147,613.1238702808249,401887
2015-12-09,596.886474609375,608.9151440256031,594.1585578270635,604.342647215135,391867
2015-12-10,595.6134033203125,600.3936865483068,582.5195981375566,595.5095099585649,345117
2015-12-11,595.1976318359375,603.7709669389866,591.5604462705952,601.9004544966456,600438
2015-12-14,600.1598510742188,604.706360671933,587.7155551525151,592.8595461191778,582848
2015-12-15,603.6410522460938,609.9022062681687,595.4574122051947,602.7317829200819,434456
2015-12-16,611.798828125,614.4747710096194,604.2906823826528,609.4866470704258,483840
2015-12-17,612.8640747070312,619.0992437073554,610.1881315779334,612.4743800211805,422625
2015-12-18,612.578125,615.461908198095,608.5253120542538,613.1237406493914,394312
2015-12-21,610.7596435546875,619.0212460366705,608.7332096991042,612.0846486284898,211352
2015-12-22,612.578125,615.7217226012955,609.1747670222045,613.2536208376413,235213
2015-12-23,624.1131591796875,625.8018176131039,612.837895622702,613.2535770274469,480954
2015-12-24,619.7745361328125,632.8683932766695,617.8520500167326,625.7758760681843,581155
2015-12-28,622.3984985351562,625.6459894514136,614.4226988796252,619.6186627349568,235380
2015-12-29,619.3849487304688,626.1137593546237,616.5012190572966,623.5157769506626,332366
2015-12-30,620.21630859375,628.3479767285651,618.1638879178339,618.1638879178339,280029
2015-12-31,623.8533325195312,628.7115750752062,620.2161473129306,620.2161473129306,468654
2016-01-01,624.8926391601562,631.2836741539314,620.553970620669,624.6847984275659,225020
2016-01-04,618.4495849609375,629.3091678928294,615.0202401389348,622.4764650918232,254836
2016-01-05,621.3333129882812,624.5288302441014,616.2672833069619,621.0215789262649,281736
2016-01-06,626.2694702148438,636.8432510993501,621.9827760054346,622.9180861757474,606739
2016-01-07,588.2090454101562,620.9176737084172,584.2601258910545,620.9176737084172,438993
2016-01-08,592.6516723632812,598.6530128323725,588.2091104000931,590.7811057401743,346107
2016-01-11,586.02685546875,596.4967455642959,578.9863107701254,589.7939218278793,303966
2016-01-12,584.8577880859375,594.9379838104616,582.8313542017955,589.2223899779151,209117
2016-01-13,583.14306640625,591.7683216745185,566.9835711338404,588.1831095854081,480703
2016-01-14,574.0240478515625,580.4410688881096,565.1649660457207,576.2323350992815,249446
2016-01-15,549.9407958984375,577.791127084284,546.2256499330399,577.791127084284,289811
2016-01-18,526.71484375,556.2019147797014,524.1948223110331,554.9289376519907,378080
2016-01-19,537.8601684570312,541.9390222566232,519.7782422359046,528.9491125475636,322690
2016-01-20,524.4027709960938,534.1451918768586,513.3613318503138,534.1451918768586,457484
2016-01-21,515.1724853515625,543.8445673689869,511.92210272122156,535.3883079071105,628930
2016-01-22,528.7818603515625,533.2742657869906,515.595352377634,524.7122734244793,429359
2016-01-25,532.7986450195312,541.4663146757601,529.6275061543375,535.3883672103684,294223
2016-01-27,533.8027954101562,541.0170328857815,524.4215994258901,539.087971602336,513915
2016-01-28,520.1141967773438,539.087998954423,516.3088851131095,534.3313181583926,563412
2016-01-29,539.5108032226562,548.0727405025397,512.212851589021,524.791564637985,1921640
2016-02-01,547.1213989257812,553.3578890863299,515.833161071365,539.5107761797408,706380
2016-02-02,545.298095703125,553.3579711496038,541.2020754092355,547.5442986076993,545162
2016-02-03,534.85986328125,543.5803997517642,525.8751064313083,535.388413948749,515511
2016-02-04,553.9657592773438,562.9770038155755,534.9655778929365,542.3119813053656,860176
2016-02-05,548.389892578125,562.8184231168987,542.3383782119952,560.2287009571999,458741
2016-02-08,555.4192504882812,564.4569290202583,545.8002650967337,549.6584434565248,416308
2016-02-09,539.7485961914062,559.0923505205486,538.030944094054,552.5651516511153,322111
2016-02-10,537.7402954101562,545.6944938825117,529.4425774710897,542.2327013235615,328111
2016-02-11,519.4270629882812,538.0309112734672,512.6620772066796,534.5955523340083,441939
2016-02-12,526.2186279296875,531.6887811472026,512.979252477097,524.8180620777528,820051
2016-02-15,550.9531860351562,552.8294363199368,528.5176465599078,528.5176465599078,312802
2016-02-16,525.5842895507812,554.3092373738815,523.2587879934429,549.6846672825542,505632
2016-02-17,543.791748046875,548.8391370792966,513.9833731804647,527.4605893755197,557593
2016-02-18,544.98095703125,553.3579181051996,537.0003264802468,550.3189444614209,410979
2016-02-19,550.2925415039062,552.3009569799974,537.1588990308724,546.4872297234064,241903
2016-02-22,547.7556762695312,559.3037765564625,545.4566074411118,550.7682170025154,387978
2016-02-23,537.4760131835938,549.6319078073097,531.9794275770897,547.8085236137523,326881
2016-02-24,525.0029296875,536.4453513953932,521.646814979658,531.2129866121447,560828
2016-02-25,524.421630859375,577.1412308160419,516.8902515863772,526.9320539808294,841084
2016-02-26,525.0294189453125,533.2742700147718,521.118375189273,531.0545003055206,293059
2016-02-29,521.1182861328125,528.4911208469438,513.6133412642215,525.6106908361271,432194
2016-03-01,542.0211791992188,545.6679472467116,523.2324103339125,524.2894015428559,433985
2016-03-02,556.84619140625,567.6279542556862,549.922606514307,552.3009745377568,698409
2016-03-03,554.5999145507812,563.3997486688949,545.9586785795788,560.0700668527674,707842
2016-03-04,551.8253173828125,559.9116261834173,548.6806112079533,557.5861790546718,624521
2016-03-08,553.1994018554688,563.3998025669357,543.9768033262443,557.5861302990988,879452
2016-03-09,550.68896484375,555.9477082749752,542.8933103348172,555.9477082749752,432312
2016-03-10,547.2271118164062,556.423276065576,541.2019761534243,554.9434663889758,416410
2016-03-11,545.9323120117188,549.6055136846687,542.7876060298679,546.4872407305209,272110
2016-03-14,546.8042602539062,553.6221114350368,542.3646666298896,549.1297067217029,274150
2016-03-15,540.039306640625,549.3940699620643,536.9738999341301,547.0157570697949,287691
2016-03-16,530.9487915039062,541.704119976132,523.7609321878547,540.0921451042485,543826
2016-03-17,541.9684448242188,546.3816067586966,534.3842535381959,534.3842535381959,508760
2016-03-18,556.23828125,560.7571191075051,541.941917818243,541.9682958864623,771148
2016-03-21,566.4915771484375,568.1564180239666,556.0004693027951,556.0004693027951,331884
2016-03-22,566.861572265625,574.2344081528937,559.1716499754766,569.7420027347647,415344
2016-03-23,577.90771484375,579.7310993782093,562.3957023082963,566.042471377215,463194
2016-03-28,566.8086547851562,585.0424951542127,561.2856366273174,580.8407984485547,313981
2016-03-29,566.4122924804688,572.305263300289,558.1145758700922,558.1145758700922,292160
2016-03-30,579.3873291015625,581.9242397464697,565.9101699019918,573.9700433907561,492770
2016-03-31,581.2107543945312,583.9590744554928,572.9130380728267,578.726764570782,848435
2016-04-01,593.472412109375,596.64349585775,576.6127032749314,578.7267957433909,484865
2016-04-04,592.7852172851562,597.4890310100324,586.7865702290629,597.2248107122439,203088
2016-04-05,583.8533935546875,594.5823445020692,578.356807905118,590.8827100343042,270473
2016-04-06,597.5948486328125,600.3959798613216,583.4834054382605,584.2233652591793,406557
2016-04-07,589.3234252929688,621.5365946447788,585.7295236665605,621.5365946447788,383588
2016-04-08,598.3876953125,599.8675601873965,583.5892114264942,585.5975719938367,246993
2016-04-11,603.1971435546875,605.9454638365805,590.1163677913753,602.510104699951,288993
2016-04-12,617.6255493164062,620.9287976117553,599.8673955099504,599.8673955099504,438364
2016-04-13,618.6033325195312,627.878850319189,614.3223369860679,619.4225363861997,420703
2016-04-18,622.8316040039062,625.5005702447743,613.0804553073456,618.3127655946914,240983
2016-04-20,624.3643188476562,633.5341064130961,620.1097554760297,624.179342610135,354707
2016-04-21,623.5450439453125,631.5785401451589,619.4225912249399,628.4074015316751,193974
2016-04-22,620.2153930664062,623.6508071408967,613.7674933289375,620.479668369286,145535
2016-04-25,608.3765869140625,623.6507528772877,606.3417936538605,623.6507528772877,221211
2016-04-26,620.955322265625,624.0735398775278,603.3556540764885,604.6505425469207,540698
2016-04-27,624.892822265625,631.8428401124947,611.7063134577133,621.00826627529,384599
2016-04-28,606.7117919921875,627.0068600834041,605.1526831269153,624.8927675929378,695130
2016-04-29,601.3472900390625,615.5644102840835,592.1511254981813,611.759098923915,615003
2016-05-02,604.6505126953125,608.3237137299475,593.0495479459295,597.1720004648053,399726
2016-05-03,608.8258056640625,621.5366832254196,605.3904467174475,605.3904467174475,512477
2016-05-04,600.8452758789062,611.2042195503526,597.859113258216,606.2096964678258,323569
2016-05-05,620.4532470703125,623.915039281636,600.5545638503363,606.7382433561141,726782
2016-05-06,622.1180419921875,628.1959889427476,615.1944580825386,623.650772719114,698545
2016-05-09,621.9859619140625,633.6926048776922,607.1081802004446,633.6926048776922,1280561
2016-05-10,618.5242309570312,628.4074907246318,616.0137527343212,623.1223139063204,527301
2016-05-11,614.137451171875,622.0652157390264,609.0901170730223,612.9747277559012,382385
2016-05-12,619.7662963867188,622.5938612340411,610.437964702688,617.3086840504681,358344
2016-05-13,610.8605346679688,624.073473438213,608.7729304589142,618.312668404229,380223
2016-05-16,608.2709350585938,614.6660239860935,600.6603115736239,611.8648924944631,400623
2016-05-17,613.2655029296875,617.7842869106637,604.0957148692502,610.5436153661112,815988
2016-05-18,609.3544311523438,612.3405389601432,603.6993019597084,610.385044458455,424535
2016-05-19,601.2945556640625,615.6173548792204,591.9926028850297,609.5129741278173,484804
2016-05-20,599.55029296875,603.9370206171678,594.0537081128477,600.3959298626286,525020
2016-05-23,596.0885620117188,605.1526715678544,592.7853131663288,600.7395104475916,439204
2016-05-24,595.3488159179688,599.8676553888073,592.2041094290262,596.088720995683,269163
2016-05-25,604.7299194335938,611.7327484035673,595.1108801617013,598.8633259794577,692876
2016-05-26,626.9011840820312,630.8914718414765,606.7910372233644,606.7910372233644,621934
2016-05-27,635.674560546875,645.2935994185558,628.9360071811045,629.4645028524708,469816
2016-05-30,646.033447265625,650.605151488541,633.2168925628696,635.7009374028673,518925
2016-05-31,636.4409790039062,653.2478234614803,633.4812492533691,646.1656954184602,809043
2016-06-01,642.069580078125,652.587065950563,633.4547223805564,636.8637031896278,655218
2016-06-02,641.1976318359375,645.7957698658124,635.4896363190736,640.5634040058058,364076
2016-06-03,643.0208740234375,646.8526182313224,637.3921788381034,641.6203084828622,347022
2016-06-06,638.2907104492188,646.5091835164669,635.2781697435499,642.4131634960903,257334
2016-06-07,637.6564331054688,647.2754153656618,631.1556681914666,642.148837878237,617290
2016-06-08,664.1088256835938,665.4037143096557,635.2781960947347,639.9555780290656,1112641
2016-06-09,660.065673828125,674.7584805086884,657.1588650978232,670.1339646135688,737813
2016-06-10,657.2644653320312,671.0059561793961,652.719249051904,660.5941471612508,456659
2016-06-13,657.7136840820312,660.6469253506283,642.5452502968677,652.7192165412794,382329
2016-06-14,659.193603515625,663.1574582498853,654.5954660787052,660.6469802819771,278952
2016-06-15,664.663818359375,666.6721789403368,655.8904161159016,660.6470422431313,374635
2016-06-16,662.0739135742188,665.9320907797825,654.3575591630914,665.6678704598094,372102
2016-06-17,667.1741943359375,672.5651028433435,662.8668200804075,668.6804921420905,455870
2016-06-20,669.1826782226562,671.6138574187512,658.7180014953424,659.5900716278657,309911
2016-06-21,668.8654174804688,673.3049565286047,664.716531788429,669.3675350290888,345613
2016-06-22,668.94482421875,673.3314979247863,664.346686286155,669.1033674343482,344698
2016-06-23,669.2354736328125,672.2744475566693,665.9322243816531,672.2744475566693,211197
2016-06-24,664.5580444335938,669.7375437278014,642.2017491701762,656.5510356414968,388002
2016-06-27,663.5274658203125,671.2173886070689,661.2812629661903,664.5580791277013,325608
2016-06-28,683.5846557617188,686.2800548583449,668.6275757925863,671.2172977471716,637808
2016-06-29,679.2772827148438,687.0993152697744,676.634694494852,685.4873403023817,401238
2016-06-30,692.199462890625,697.6431821202734,680.2021121842713,680.7306627607031,1157406
2016-07-01,688.4205932617188,701.4749903317389,686.0422805006313,692.8865654220612,450422
2016-07-04,681.1270751953125,694.260716738887,679.4093681853393,689.7418784075346,399761
2016-07-05,679.1187744140625,685.4609425045371,674.3885264195067,682.8447871763524,293158
2016-07-07,674.573486328125,681.7877243381218,672.2744174783933,679.8586629117873,266765
2016-07-08,674.3884887695312,684.0603385309973,672.4329943780494,674.3884887695312,276507
2016-07-11,686.6500854492188,693.1508510566445,677.9294952864786,681.2327441401546,621658
2016-07-12,688.3678588867188,691.5653762043918,682.3163437280897,689.1870629883696,266414
2016-07-13,690.4818115234375,694.2078238144992,683.6374717281135,690.7724648818551,330276
2016-07-14,693.12451171875,697.1412329725988,684.1661330289323,684.1661330289323,271030
2016-07-15,692.5431518554688,697.114801858552,687.8393367092502,691.036853903978,209436
2016-07-18,681.4970703125,693.9172407679202,677.5595934282571,693.4151231644125,224214
2016-07-19,690.376220703125,692.4638805050638,680.54582642188,681.7877941368453,188630
2016-07-20,710.2747802734375,715.0843268718514,690.2175547853825,691.8295296750782,801571
2016-07-21,699.73095703125,710.32774388211,696.2427314772185,705.5710626803722,241395
2016-07-22,709.4819946289062,713.3401720650387,697.1411244290329,702.0299150467174,353470
2016-07-25,712.3624877929688,716.6699171160345,703.4834087877587,707.6322399501961,290484
2016-07-26,701.95068359375,711.8339978789544,700.4972517897894,710.8561956977736,222560
2016-07-27,704.461181640625,710.1163108545868,699.8366657366612,702.7699075002553,240114
2016-07-28,693.943603515625,709.0327388048869,689.7682847659618,703.9854050256143,1048070
2016-07-29,696.8504638671875,703.9590245274209,688.7905890335285,701.1843261315781,613736
2016-08-01,707.3943481445312,715.0843250869384,699.2816076663291,700.3915199414431,510934
2016-08-02,676.8196411132812,713.4987332276258,674.9169578945764,707.6850613797209,572080
2016-08-03,658.2158203125,680.7307136858777,653.1949191866606,676.5025285753641,402978
2016-08-04,663.6595458984375,671.6929871065834,653.2741700269479,661.2548001408494,529751
2016-08-05,683.7696533203125,689.7154352963936,666.4606931187665,667.4913063188166,807395
2016-08-08,698.3568115234375,700.2858730342119,679.7529605583635,686.4651362125097,416138
2016-08-09,700.2593994140625,703.0076646048078,688.129883459227,699.7572818566172,291404
2016-08-10,684.1396484375,702.1885146452623,681.7877135709521,701.3428776125403,426668
2016-08-11,694.92138671875,698.8588084543206,677.2953396355116,684.9588288100822,241753
2016-08-12,711.9921264648438,717.8836030353374,698.5649939445492,706.9227110916568,289443
2016-08-16,709.8546752929688,716.2667634032314,703.1411381802507,709.5258166553184,225708
2016-08-17,707.7996826171875,711.2523286930905,702.0451965110807,708.895726364797,203378
2016-08-18,707.772216796875,711.3070915163861,704.2646947318867,708.5668683954625,112909
2016-08-19,716.8422241210938,719.7194379199319,703.1685206910488,708.0734775692051,328933
2016-08-22,711.2247924804688,721.7746533051693,707.3062971675905,715.0337062319679,320436
2016-08-23,704.5386962890625,710.7042122260814,700.2091702035614,709.7176932059542,350579
2016-08-24,704.67578125,707.5256431538714,696.0988998663943,704.5387900277308,199303
2016-08-25,695.4137573242188,711.3618931012182,692.1803317318535,704.2372675762692,539114
2016-08-26,708.6764526367188,713.0060359558208,690.5361720888013,697.2497671973418,316877
2016-08-29,702.2368774414062,709.7450663491197,696.5646213061143,709.1696349400964,178109
2016-08-30,699.7158813476562,709.169641662761,698.2087502276207,701.6066334106772,342857
2016-08-31,693.8517456054688,706.703387824088,688.3713004335456,702.6478447205402,339773
2016-09-01,687.6040649414062,699.4144270837255,685.3571015888513,696.0165439261554,328468
2016-09-02,691.056884765625,695.0576096493759,687.576829092392,689.494934118772,253656
2016-09-06,697.030517578125,701.4970349354827,692.1803222711736,694.9205452864869,322213
2016-09-07,710.2110595703125,720.6786935299856,693.2764596701115,697.1127838074344,631646
2016-09-08,712.3209228515625,722.8707841181186,709.197078928094,717.362928549377,525845
2016-09-09,706.8403930664062,712.4852391691211,699.3047950513152,709.6628446101071,401303
2016-09-12,681.7673950195312,695.7425483246359,678.0407102653794,695.7425483246359,562806
2016-09-14,684.699462890625,690.4813577652889,674.0948394912375,682.315451280828,543378
2016-09-15,685.0830688476562,689.8236823262292,681.0001726794857,685.0556592109984,170105
2016-09-16,689.6593017578125,693.8244269583558,684.9460977773915,687.302699767602,396358
2016-09-19,692.7831420898438,695.0849247932719,683.329381524926,694.3724451769779,297715
2016-09-20,683.6307983398438,692.673528642012,680.6713551875199,692.1803261064214,152143
2016-09-21,691.7693481445312,700.8668414309517,676.6432725567336,676.6432725567336,450450
2016-09-22,691.823974609375,698.1813003932845,683.411496045875,696.6194070746708,291139
2016-09-23,699.2775268554688,701.4970808603734,687.7959648868368,691.8240992513735,336434
2016-09-26,697.057861328125,704.4290588330273,693.3859389011155,698.1813144784655,220507
2016-09-27,701.990234375,705.2785359027719,697.331849949174,698.2087303565798,487744
2016-09-28,706.1828002929688,707.7447507110467,696.6742205534098,701.4970060234275,304340
2016-09-29,667.40869140625,712.430590168914,658.8318108430517,707.5255754766778,604324
2016-09-30,679.7396850585938,685.0556730758028,664.5040296663344,676.2595728876931,296092
2016-10-03,688.2343139648438,691.4952059172814,679.2189939552787,683.3841189830218,284519
2016-10-04,688.9468994140625,690.8376517488625,683.4664529087264,687.79597943498,264771
2016-10-05,691.303466796875,695.4411826153442,684.0144402613357,691.248647518565,316301
2016-10-06,682.1237182617188,694.3725223946022,677.0817120664002,692.235140292726,172081
2016-10-07,681.2741088867188,684.5075910227295,676.8350017123495,681.6029675196236,120967
2016-10-10,679.1641845703125,683.7951595136374,674.7798393728218,682.8635167884424,132933
2016-10-13,671.6285400390625,681.7673696695382,668.6143349755853,675.1908238302178,231042
2016-10-14,672.6151123046875,675.190877384199,664.8876461120758,674.0948338112842,116930
2016-10-17,662.8599243164062,677.7941310671494,659.6264418127721,672.7247156854141,107516
2016-10-18,674.0126953125,678.4244507870577,659.653918543485,664.2300748775634,181526
2016-10-19,673.6563720703125,678.0407171760044,669.9844495657899,677.8763163437876,158061
2016-10-20,668.7239990234375,677.6023284540387,667.5183168493148,676.8350865222689,156855
2016-10-21,673.0535278320312,675.0265089303758,667.0524695913628,670.258542506912,80078
2016-10-24,663.9285888671875,674.9442426823949,662.6132682077117,672.1766671486993,164502
2016-10-25,664.3944091796875,668.4773051913016,660.6950771124992,665.3260518668692,98243
2016-10-26,655.7352905273438,663.7915008678528,650.4192459193455,661.9829778080705,157170
2016-10-27,644.3087158203125,656.0642611991499,631.6214705440283,652.2279370097974,306579
2016-10-28,648.7203369140625,653.0498628111739,640.6914788218306,643.95237080146,95514
2016-11-01,638.252685546875,655.5434929415595,634.9917936665556,654.9132422740715,150899
2016-11-02,634.8275146484375,643.952474752407,630.9363713539926,638.2528080156361,207380
2016-11-03,621.1812133789062,637.9239451315608,616.5502377471465,634.087621144194,240260
2016-11-04,608.5486450195312,620.8247991151492,606.6852457607189,620.0575572918876,202543
2016-11-07,606.767578125,618.7149326148705,603.9177164668174,612.1110331186571,184345
2016-11-08,615.8925170898438,618.7423216685177,603.4519034807017,610.9600928763609,139954
2016-11-09,594.4091796875,602.7942496551021,554.6210978296239,602.7942496551021,319959
2016-11-10,598.0808715820312,613.12471278434,595.7516798256423,603.3969152714614,211211
2016-11-11,612.0562744140625,638.4720459672992,587.0654053385873,594.6284719952959,465445
2016-11-15,604.7945556640625,627.3739993208036,575.5838033250556,624.7708245917216,385388
2016-11-16,611.5629272460938,623.6747390342098,595.2038182747204,613.8099477002517,370555
2016-11-17,615.9473266601562,632.4434852679536,582.5714454355349,611.0697783332166,525170
2016-11-18,611.8370361328125,621.8936390890462,604.49324682769,620.9345865799465,201841
2016-11-21,592.40869140625,614.8784938456737,588.3257386636706,609.4802775685308,147214
2016-11-22,588.8464965820312,602.849060630085,576.7620943344517,598.5742967899026,253690
2016-11-23,578.0499877929688,599.7799606718913,572.816171704443,590.2439712362908,1099115
2016-11-24,573.9671630859375,577.364989782903,562.4581911993873,575.0632068025328,585731
2016-11-25,578.2692260742188,585.832234731029,572.7066081338693,574.1589200584282,261799
2016-11-28,591.203125,596.491760760118,575.99487810784,578.1870794018205,278790
2016-11-29,595.3407592773438,602.0268868309889,590.2439347055889,591.8881139431825,230080
2016-11-30,595.8065795898438,601.7528746289235,592.4361063445184,595.368139412835,306308
2016-12-01,612.3575439453125,614.9059563010138,593.0389929749997,597.3685758099424,357816
2016-12-02,598.3276977539062,613.261905338621,594.3817923828906,612.13839504481,286499
2016-12-05,598.683837890625,608.6582671819523,596.9027244007359,600.1087970641651,227044
2016-12-06,616.8240966796875,626.2778565511887,598.7112284219658,598.7112284219658,347061
2016-12-07,602.3284301757812,624.770884793951,598.4646966885525,622.5786834569351,473446
2016-12-08,622.8800048828125,625.6475801497629,607.315492548542,608.850033170028,395209
2016-12-09,620.30419921875,630.8266497846648,615.4540044898664,625.3736140421188,293555
2016-12-12,622.3594360351562,630.2513035176873,611.0697421062795,630.2513035176873,191778
2016-12-13,621.1262817382812,625.2914066923922,614.1935243651469,619.3451112861026,190649
2016-12-14,613.0426635742188,622.8526928537275,610.2750308888757,620.9345310224531,206499
2016-12-15,618.6602172851562,625.3189365649077,602.8491282161848,602.8491282161848,255138
2016-12-16,617.8653564453125,624.6063029878701,611.0696476187219,620.3589493558217,251395
2016-12-19,609.0968017578125,618.3039336164416,605.0686673234874,616.5502294910405,259916
2016-12-20,597.6699829101562,616.4953318565953,594.600958342238,610.5216265730688,280001
2016-12-21,603.0408325195312,607.0141470717042,593.2033943890597,594.7379351281737,316470
2016-12-22,595.3407592773438,605.5892276918672,593.6692273889324,605.5892276918672,186995
2016-12-23,586.8734741210938,594.6009400541532,582.5439482948319,594.6009400541532,272254
2016-12-26,576.022216796875,585.8321881635485,573.2545843733828,583.9414361496408,158477
2016-12-27,581.9136962890625,583.3934177425774,575.4467887082045,576.5428322418013,94577
2016-12-28,583.96875,591.6139857092777,582.5712576918799,583.1192793656359,126897
2016-12-29,594.9297485351562,599.9443443674594,580.7080221920871,584.2154869141191,585639
2016-12-30,609.6995849609375,612.3849886670934,595.6148490916661,597.3686100351282,212710
2017-01-02,613.8098754882812,617.6187319877395,609.7269226428865,611.1792343835388,135838
2017-01-03,607.5072631835938,618.1941705804596,606.2741716342667,614.9058694642383,146458
2017-01-04,614.8785400390625,617.0433314332068,607.2059504030683,607.2333600390309,363214
2017-01-05,625.675048828125,629.3743810523657,617.0707592545896,617.0981688913599,434593
2017-01-06,638.006103515625,641.9794182829984,630.2238748228004,632.4434286504859,470032
2017-01-09,629.7305908203125,647.7886407243175,627.5110370789519,641.7601732056453,293465
2017-01-10,642.6096801757812,646.1719644079678,628.6071160218605,635.1836626753953,285688
2017-01-11,645.240234375,647.7886467959949,633.8409595576156,644.5004021158426,302412
2017-01-12,646.4459838867188,651.6523903756896,639.5953980465052,645.1032535622003,330477
2017-01-13,643.4591064453125,650.2000534766324,640.2530337630452,647.2406105367997,434995
2017-01-16,645.1580810546875,652.721089624903,640.9655461727068,646.1445430902436,346354
2017-01-17,643.2125854492188,648.3368206799186,641.2122515045855,645.9802183872283,284754
2017-01-18,653.4335327148438,657.653476998612,644.0071251822197,644.0071251822197,284852
2017-01-19,647.7887573242188,655.5983967567836,644.5005120830134,654.9133836546671,1985928
2017-01-20,632.7722778320312,647.7886562065441,629.01812625371,647.7886562065441,243935
2017-01-23,635.1561889648438,639.5679435988393,628.3878325110486,631.1006456227251,197649
2017-01-24,638.0882568359375,642.8562800054929,629.730596947769,635.1562234658361,327315
2017-01-25,646.747314453125,649.98079658876,640.2529975317467,643.9523294895415,368358
2017-01-27,645.2129516601562,654.6393034850892,638.4720037474098,647.5969065177969,442572
2017-01-30,645.9253540039062,648.3367754101831,642.5822897928175,643.4043510260559,162828
2017-01-31,633.8853149414062,652.2948917976962,630.0707282924853,649.0331213001116,315371
2017-02-01,647.5680541992188,649.475347377324,626.4495821004176,633.8852663005573,293177
2017-02-02,644.9972534179688,649.6687414278575,637.9761966911815,647.9272875873124,250877
2017-02-03,656.8280639648438,657.8785122623433,642.8412477370024,646.8217305436484,312654
2017-02-06,678.3887939453125,684.9122765977359,659.4264034361397,660.4767942235366,806440
2017-02-07,682.4246826171875,687.040873309855,670.0410706263855,683.8620507545407,626751
2017-02-08,673.8832397460938,696.0244551703786,665.0654857721051,684.4148560168319,2015313
2017-02-09,676.78564453125,682.2034380033747,666.0881897643324,675.431167421609,420005
2017-02-10,669.7921752929688,679.16280233386,667.2767670870836,678.4441471225897,199298
2017-02-13,661.58251953125,675.3481982151785,657.7126343234836,674.4084050827438,273499
2017-02-14,671.17431640625,673.4409372870081,651.1338836432064,663.4069536740963,341956
2017-02-15,664.2638549804688,677.7255067118824,661.1956303245745,672.1418160985929,578571
2017-02-16,667.1384887695312,670.9254252894142,659.1499893219888,664.7336211144997,320400
2017-02-17,671.5888671875,676.039217643,663.6832582002296,667.8295799349969,294950
2017-02-20,671.8377685546875,676.2328209038467,666.7240034544553,672.0036076562508,341642
2017-02-21,675.5140991210938,682.203421252345,672.805144968328,678.4994325881763,475741
2017-02-22,673.275146484375,682.7563721257585,667.3044788744148,677.2279804486268,388003
2017-02-23,664.1531982421875,677.5318993322112,661.5271925023499,674.4636752144962,378628
2017-02-27,660.0069580078125,670.0409410794493,655.4736590076207,667.8296191764227,317908
2017-02-28,667.4703369140625,668.3825382368029,659.9794102411203,660.6428241591836,318136
2017-03-01,672.7775268554688,683.5579301457304,669.4881644928867,669.4881644928867,398286
2017-03-02,662.4393920898438,677.2278690084498,658.7353461327245,675.514064421558,228993
2017-03-03,658.348388671875,666.1434578242837,655.1419173329188,662.8540382028995,245378
2017-03-06,659.59228515625,664.512561260891,655.6671585337463,661.6931243500851,263489
2017-03-07,668.8800659179688,672.5288134686192,657.1322197277138,659.592329202707,400649
2017-03-08,665.0654907226562,672.5288250494995,657.8785932177624,670.0410086184027,405915
2017-03-09,665.8394165039062,669.3223248692634,659.4264733935584,663.9597726577466,185087
2017-03-10,663.7662353515625,670.0409308540445,660.6979536853754,665.8393675675177,217836
2017-03-14,692.4309692382812,695.4163027863856,667.2767720267802,672.2523471013609,794908
2017-03-15,693.426025390625,699.3413933231942,689.4456000267904,696.5771978654614,463830
2017-03-16,699.0650024414062,703.1836173908105,691.2699334407376,698.7332668013693,458899
2017-03-17,696.9365844726562,702.3543776904668,688.6163486537456,700.0324580995169,374228
2017-03-20,689.3351440429688,701.5252089875435,684.4148674792548,697.1301566420976,349898
2017-03-21,689.6943359375,695.969030991672,685.630962594615,690.6341289827528,305392
2017-03-22,680.3790893554688,688.2846415738602,674.6019108241676,688.2846415738602,295599
2017-03-23,685.5204467773438,689.9708551232683,680.793716594723,689.9432056946328,225811
2017-03-24,686.4603271484375,694.8082131123401,684.414844173017,689.3903619456256,275828
2017-03-27,686.15625,688.8374972228356,678.5823186726352,682.7562901018554,167577
2017-03-28,689.1139526367188,691.5740619861733,684.5530040603436,686.9025731784969,246226
2017-03-29,698.15283203125,700.1154240813166,686.6261245842494,690.274871886047,733087
2017-03-30,691.712158203125,704.2063642294139,688.4504457968951,699.3413300785405,430468
2017-03-31,693.9236450195312,699.3414385759878,678.3335632344897,693.8130473027925,323669
2017-04-03,719.8241577148438,722.5607039621829,693.9513045734365,695.1398851463942,637452
2017-04-05,721.2061767578125,724.9101650723347,713.8533840132728,718.1378952961412,439826
2017-04-06,717.8615112304688,721.1509308541607,710.9787007302874,713.7981375697751,247163
2017-04-07,718.3867797851562,729.0012864385333,712.6648999868462,715.8160726678142,640395
2017-04-10,725.3526000976562,733.5069980373854,718.2486506232874,726.9834566923118,429973
2017-04-11,726.6793823242188,732.456561105145,722.6989566144296,725.9330201693209,254075
2017-04-12,720.4322509765625,729.1947630794831,716.5623656489967,728.1996710604478,229168
2017-04-13,717.8892211914062,723.9704862230886,715.9266290227007,718.6908247234958,130460
2017-04-17,714.5444946289062,720.3493223151792,710.9510462945136,717.5021785850355,206862
2017-04-18,719.0225219726562,731.5719709332707,714.7103608145615,714.7103608145615,271490
2017-04-19,711.6973266601562,721.3720391411149,707.6339531664751,718.6907345828764,242032
2017-04-20,724.744384765625,726.2923503347035,710.9510567488886,715.373758034467,216928
2017-04-21,724.3850708007812,738.7035657636958,720.9021625756297,726.9833697723124,362024
2017-04-24,728.641845703125,730.3556501819503,722.0354151288167,724.1361965899808,146734
2017-04-25,740.8596801757812,745.1718415118595,730.9085872706341,732.5117943153076,584520
2017-04-26,737.2938232421875,751.0318522135892,726.7622655922265,744.1213923285094,498163
2017-04-27,735.4970703125,742.9880532047735,732.5670357811688,740.8043232783286,198816
2017-04-28,725.57373046875,739.3947096809711,723.6940864932039,739.3947096809711,201332
2017-05-02,738.841796875,741.4677452177863,727.757365523677,730.853239169696,226593
2017-05-03,743.9002075195312,754.1277357909089,730.0792311370226,743.5132305277994,267051
2017-05-04,759.43505859375,760.706587388765,743.9002762554142,743.9002762554142,522555
2017-05-05,748.1295776367188,762.0887466058037,742.7117261610282,760.1538037561446,224773
2017-05-08,747.3831787109375,758.8545872058265,742.7945808230511,755.067592794878,196192
2017-05-09,800.4003295898438,807.1449498572523,747.4936432227929,754.072424422671,1716759
2017-05-10,808.7482299804688,813.419718287261,795.590667322872,810.3514368033666,955436
2017-05-11,777.6510009765625,800.7320626955657,773.2006506930568,791.665465578332,1071890
2017-05-12,769.4967041015625,777.1535264277546,765.6821176527664,773.9194630131113,298092
2017-05-15,785.9437255859375,787.2429038930808,770.3260514367378,772.8691091911742,230523
2017-05-16,783.6494140625,790.0623569716512,777.7616953278967,785.9436843103446,284075
2017-05-17,776.6283569335938,787.2152138880974,774.0300004532331,777.8445868882743,232708
2017-05-18,764.7147216796875,780.0007178352024,761.8675776422378,773.9747515633298,194824
2017-05-19,761.4529418945312,776.0479320483279,752.8563259926002,764.576522713622,191216
2017-05-22,751.280517578125,767.7551473808287,746.636679172404,762.9177630152624,177644
2017-05-23,751.529541015625,761.535933514959,731.2403191849634,751.2807536151533,441455
2017-05-24,736.2711181640625,755.5098895584485,729.8858246335493,753.5197055250547,216037
2017-05-25,746.1945190429688,752.4692719861697,734.1979442157713,739.9474155268888,263952
2017-05-26,767.1195678710938,769.1097519624903,745.7523071939145,746.3327727636367,366962
2017-05-29,757.251220703125,772.7307019795305,744.1489575924154,768.4461908930805,130235
2017-05-30,756.3115844726562,759.2968606566814,746.8856581285611,756.283935042727,83233
2017-05-31,756.0350952148438,775.0527281970227,748.7652500772743,757.8317906866184,424221
2017-06-01,755.4545288085938,762.8902120382069,746.2220928638886,762.8902120382069,219110
2017-06-02,755.8416137695312,762.3650968614468,751.3083146808611,756.2838896554122,117054
2017-06-05,765.2951049804688,771.7633464749805,749.0969093000941,749.0969093000941,151664
2017-06-06,746.3880615234375,766.1244079759382,744.45311883399,762.9179364462725,254770
2017-06-07,741.5230102539062,750.7554468820734,733.1474759102407,748.5440676049031,355463
2017-06-08,739.1181030273438,751.0041366705217,735.2758676653366,736.9344307763013,193352
2017-06-09,738.454833984375,746.3327366466885,730.4109772699034,740.8319950072162,182724
2017-06-12,725.7395629882812,740.2239559692576,718.3591768260534,732.6224318423117,194097
2017-06-13,734.0596923828125,737.4320027385373,723.1135084401789,726.4305199420155,194928
2017-06-14,740.1686401367188,741.910094383543,725.4631670114152,734.1703807623132,238296
2017-06-15,731.2678833007812,742.5734528632918,729.6370268970614,738.0401537703253,195594
2017-06-16,725.7947998046875,737.2938580205683,723.3623398839547,730.3004495236324,256528
2017-06-19,727.591552734375,731.3784897582793,723.0029547299554,728.586644748838,250944
2017-06-20,735.5524291992188,741.0808205516237,727.5362789831981,727.5362789831981,187453
2017-06-21,738.0125122070312,741.0807362933333,726.8727824800272,732.484121483185,178872
2017-06-22,747.7425537109375,752.7457208852147,737.8743515443263,738.9523918856339,437114
2017-06-23,733.5068359375,754.5976566970936,731.958870496308,751.8610533787815,191177
2017-06-27,723.8045654296875,738.5930435499737,722.0907607035355,738.5930435499737,194194
2017-06-28,714.876220703125,726.4029285663219,706.0861165275012,723.9428191702863,300957
2017-06-29,718.3867797851562,730.7427406126321,713.1624172628595,717.5851762711173,267417
2017-06-30,738.2612915039062,741.3019238505515,713.7429166656021,717.032278900404,249616
2017-07-03,743.0986938476562,745.2271250424257,733.396331041046,743.0157455608911,127991
2017-07-04,744.09375,756.0627330857437,741.9653189078422,745.7799052171731,270991
2017-07-05,749.179931640625,751.2530640617946,740.1133903643469,743.568591905222,145085
2017-07-06,749.2075805664062,754.5148340509618,746.3051951787223,750.7555462653414,148536
2017-07-07,747.0238037109375,754.0725109805971,744.121418504756,746.3327404531547,75281
2017-07-10,754.3765869140625,756.7537479165879,691.048820064517,755.7310064996287,41899
2017-07-11,747.0238037109375,759.3244652766653,746.0563611366166,755.178200696406,135957
2017-07-12,748.3506469726562,753.3814634304526,746.3327560138308,750.2026413582373,72243
2017-07-13,747.244873046875,756.2838209750923,745.2822811669093,751.8610625179265,166001
2017-07-14,738.8694458007812,754.0724921939277,735.8011641012563,754.0724921939277,162431
2017-07-17,750.7554321289062,752.8009148076816,739.6986509267626,739.6986509267626,135669
2017-07-18,747.327880859375,757.1407835577259,743.5685358712991,743.5685358712991,194359
2017-07-19,749.345703125,753.657864158529,744.6742144997494,746.3327202870398,117715
2017-07-20,755.8416137695312,765.6821085223349,742.4076130731404,747.991303019973,463719
2017-07-21,753.8790283203125,763.3601955551627,749.9538441695133,755.8416203957121,224148
2017-07-24,760.6513061523438,764.2447546787462,750.202638752033,750.202638752033,197286
2017-07-25,756.7537231445312,762.9178783556436,754.5977001527266,757.8317633820417,70298
2017-07-26,765.7650756835938,774.5275878491836,753.7960920079356,753.7960920079356,492806
2017-07-27,768.72265625,773.9746099627049,760.7065072964167,762.3926623695276,513778
2017-07-28,799.5711669921875,807.1450409350923,757.9976936245044,757.9976936245044,832215
2017-07-31,804.4638061523438,812.6182032483819,786.6900521063827,807.1450534517198,871264
2017-08-01,772.2332763671875,798.6037022608724,770.104845283666,782.4883972833404,498315
2017-08-02,756.5326538085938,779.5031215536449,751.8611648502099,779.5031215536449,194569
2017-08-03,762.4756469726562,769.5519457385353,753.5196470675248,756.5325723125637,306845
2017-08-04,754.3489379882812,765.6820993493554,736.381638418471,736.381638418471,129248
2017-08-07,751.6124877929688,761.7847193776747,750.7555853504211,754.6254135743927,139979
2017-08-08,743.2644653320312,756.2561892670988,740.8042986971936,751.3082640542317,168255
2017-08-09,732.9263916015625,743.402649978484,727.8402192908866,739.1457880047857,266199
2017-08-10,712.8583374023438,732.1524066305741,694.9739865799181,729.7475387776445,421651
2017-08-11,709.0990600585938,713.9916866323176,691.9610135951442,703.7641576094765,335857
2017-08-14,712.6925048828125,720.8744935703887,707.6063898243474,707.6339817686068,167494
2017-08-16,723.4176025390625,725.2972463921647,710.9511013705262,715.9266190728752,265918
2017-08-17,731.350830078125,736.3264050471353,715.9542373406854,726.983370080719,213708
2017-08-18,723.5281982421875,728.0890894566411,718.6908127340783,728.0890894566411,119841
2017-08-21,708.0208740234375,733.4514442065737,704.9525929550259,721.6483601055937,138480
2017-08-22,697.9593505859375,715.0697481299318,695.0016665084154,713.715271035911,214138
2017-08-23,694.1724243164062,705.3950458240141,691.0488436199979,703.2113157760585,193765
2017-08-24,699.42431640625,708.7396438413822,686.7919775346317,692.8178854764623,378695
2017-08-28,714.599853515625,717.6404285258719,702.9901971677749,704.8698410331699,212662
2017-08-29,703.8193359375,715.4013409766878,696.6324398309437,714.2680019621079,266645
2017-08-30,705.8926391601562,712.5543122284064,699.949621328376,710.3982315525534,192957
2017-08-31,710.3982543945312,717.5022610814304,703.7642305425629,708.7120990010595,280714
2017-09-01,723.4728393554688,727.5362129538593,710.3981668268766,710.3981668268766,212061
2017-09-04,707.4681396484375,721.4549559991442,704.3446166052652,721.3997146276456,125424
2017-09-05,711.8079833984375,717.0322883331755,704.040563343131,707.7999084250699,168192
2017-09-06,707.5787353515625,710.1217928626621,700.9999536387954,706.5283445310308,114633
2017-09-07,703.6259155273438,710.7575709568937,700.7235303720348,706.5835995382786,160719
2017-09-08,706.5283813476562,709.5689562585759,702.1056224168282,704.0405650782606,160449
2017-09-11,736.5198974609375,751.3083178218482,709.2925683532555,710.4534994461324,709559
2017-09-12,744.3702392578125,747.3279234532278,729.8028987505935,738.0401869071404,296245
2017-09-13,738.2060546875,747.3555437289849,733.7004049962952,743.5685492448359,238557
2017-09-14,764.8804931640625,772.869050930984,741.2190210527646,743.5685326206154,738043
2017-09-15,764.3276977539062,769.8284394795079,750.2302830657529,758.0529444774573,503564
2017-09-18,780.9127807617188,791.0573606844579,757.9699658776616,763.8023851043168,474739
2017-09-19,778.53564453125,785.0314782020422,769.0544773690865,775.7437995547622,280110
2017-09-20,792.0802001953125,803.5516090593565,780.1112740622717,781.5209925492597,443204
2017-09-21,776.6283569335938,792.8542027383788,770.1601151611919,791.637915300479,156957
2017-09-22,753.574951171875,773.3942457146584,751.9440947357489,771.7633892785323,196248
2017-09-25,731.7655029296875,757.3895690624652,710.3982418680247,751.3083614776501,546831
2017-09-26,731.3784790039062,745.7799222477187,722.0078520989074,728.8354214062794,381296
2017-09-27,674.1043701171875,740.4727167823321,668.990605164484,740.4727167823321,1086493
2017-09-28,657.2427978515625,688.754582158777,652.3501709942732,679.2181158239285,1336118
2017-09-29,657.2427978515625,671.699540472917,655.3907459598055,661.7483901830378,488247
2017-10-03,662.3289184570312,669.9857410145519,656.16476270645,662.1906713098564,225984
2017-10-04,669.2946166992188,683.2814328253319,659.3158752944987,663.4068982966331,551838
2017-10-05,672.3628540039062,681.8993772143881,669.4881183136079,670.04093441306,408497
2017-10-06,678.8034057617188,684.8846124271415,672.8327393163299,677.2278483561495,224732
2017-10-09,675.7075805664062,684.3871440793293,669.4328274722651,677.78071281819,221151
2017-10-10,685.4375610351562,690.2748889680324,674.0490429638864,678.3335547696299,267657
2017-10-11,685.29931640625,699.4519714612173,679.9920635752353,686.6813853548359,307177
2017-10-12,688.9756469726562,691.6016526708419,679.4391816501295,686.0456125518014,133132
2017-10-13,685.133544921875,696.4114664320373,683.032762947256,696.4114664320373,158625
2017-10-16,673.9384765625,691.7122300257449,672.2246719067501,689.2797701809502,243378
2017-10-17,677.7531127929688,683.8619697656778,668.2442956862185,673.9108767485465,337862
2017-10-18,678.1953125,684.3871170663905,674.7400538945953,681.3188354682823,210172
2017-10-19,676.8961791992188,684.9676279667729,673.3580295624894,677.7807309792059,22637
2017-10-23,667.0004272460938,680.5449691460611,665.0931339073242,680.5449691460611,231644
2017-10-24,674.8782958984375,678.5546349230265,663.5727270766087,666.7238994476343,294555
2017-10-25,688.4780883789062,693.8129327671248,676.4538077289211,677.7806352114262,379552
2017-10-26,695.0570068359375,709.4584510511538,682.756344474965,688.8099026501533,423485
2017-10-27,702.5755615234375,708.7673666648627,698.152859989054,702.0780442463727,408526
2017-10-30,701.5805053710938,707.634063675838,696.6602288247583,705.4227415371503,130885
2017-10-31,703.3495483398438,716.0371869316198,699.7008010203425,703.211301198396,319984
2017-11-01,702.4649047851562,714.2679900623805,701.2762669401039,703.764082845705,326710
2017-11-02,703.5706787109375,708.1039202708223,698.3463164176893,702.1056039266715,145759
2017-11-03,698.6781005859375,710.0665616156562,696.3008819289552,706.5284118017058,153683
2017-11-06,700.8893432617188,707.0811478470969,689.1139065136825,698.2357455726799,213436
2017-11-07,684.912353515625,709.4584363520579,679.9921346597549,705.3950623949612,161006
2017-11-08,678.4993896484375,691.0211882642368,674.7123954564892,685.5203895058231,91243
2017-11-09,670.9808349609375,685.1611409254652,664.7060814748218,685.1611409254652,181875
2017-11-10,673.7449951171875,685.4928404639642,664.2361786107606,673.910834202305,225526
2017-11-13,661.831298828125,678.9140464031952,660.5597700596409,676.6750176029592,165460
2017-11-14,652.1565551757812,668.3547502379936,649.8622851118223,661.8312676210264,350175
2017-11-15,656.579345703125,667.9954552098486,643.9745982255153,648.8672247974279,471634
2017-11-16,646.5176391601562,662.3012081585546,640.7957598399635,658.9841391795338,390313
2017-11-17,659.4263916015625,665.9499316201244,650.2492539773324,650.2492539773324,367819
2017-11-20,654.6996459960938,662.3012266920584,646.4623583966454,659.011807047882,423366
2017-11-21,662.052490234375,666.6686803790303,652.7371616556833,658.984208292388,382233
2017-11-22,659.0394897460938,674.1043472769926,656.9387079694801,667.8296513762152,378000
2017-11-23,658.1272583007812,667.3043965499645,652.9306029559879,655.7224478813324,465533
2017-11-24,659.1776123046875,665.4800144761717,648.9224918439288,658.1272215233092,686327
2017-11-27,657.5191650390625,660.0898721101153,649.6965035942986,653.2070038252682,378329
2017-11-28,672.1417236328125,680.5172584005339,657.3256541752744,659.5370335644075,580009
2017-11-29,664.8442993164062,671.1466444710098,655.5565631878308,666.1711269752341,497450
2017-11-30,662.1077270507812,671.146617967764,656.9386637610669,661.1955258859572,584865
2017-12-01,648.5355224609375,669.4881563057012,645.7160854655522,662.3012591888962,190715
2017-12-04,647.6785888671875,653.7045545737643,638.4462092799196,649.5859395121357,247114
2017-12-05,642.3989868164062,649.3371537207452,640.546992505567,645.163182310395,210686
2017-12-06,623.132568359375,646.3241726416915,618.8757061372343,641.7632241965902,639414
2017-12-07,642.2883911132812,647.3745057842685,622.5243979124654,623.6300875112045,338969
2017-12-08,649.7517700195312,654.8931839050045,645.1631722309319,647.3745515848613,282644
2017-12-11,657.353271484375,660.6426909795852,647.927346338176,650.1940244720906,193966
2017-12-12,640.5745849609375,655.0589749591901,635.4884703030121,653.7321474441106,414358
2017-12-13,632.5032348632812,646.8493799516503,628.2187229441818,640.5746839356425,323664
2017-12-14,631.2040405273438,634.493460314371,621.4187869360873,634.0787763645665,421511
2017-12-15,643.2835083007812,647.3745312353454,633.1389279853497,635.2120601374813,450025
2017-12-18,657.4086303710938,659.7581995155999,627.3894556759398,645.1079685194169,409187
2017-12-19,665.2588500976562,668.1059361230651,658.9840976019149,660.9190400134573,372966
2017-12-20,659.4817504882812,667.3320612827112,657.8785435052133,665.6182565859314,193955
2017-12-21,687.317138671875,689.6667075816058,656.7728003285893,656.7728003285893,647414
2017-12-22,680.32373046875,693.2601554375465,677.2278569865686,690.7723968813357,384143
2017-12-26,683.0050048828125,689.3350567147627,675.0165047635068,680.3237577192683,210940
2017-12-27,681.9546508789062,688.1741053375358,678.9140759631125,683.309127989046,144737
2017-12-28,682.4798583984375,697.682905055932,679.9920996690042,685.4928412951343,682935
2017-12-29,684.4424438476562,690.496001527581,677.9189033779579,682.4798518211821,255156
2018-01-01,684.525390625,692.7626789443698,681.3742178437557,682.8115858255688,158359
2018-01-02,695.9691162109375,700.9999901236358,678.4994483681348,686.5155983341264,413475
2018-01-03,695.5545043945312,703.5983039586384,689.7497337715712,696.0520791555019,235894
2018-01-04,706.003173828125,708.4080418681085,696.6325465325444,696.6325465325444,301083
2018-01-05,711.3380737304688,712.9965796203265,702.1056361359878,706.5283951532367,304346
2018-01-08,715.0697021484375,722.2012997967386,711.5591446943865,711.5591446943865,602525
2018-01-09,719.630615234375,726.9833510407536,713.8257875030968,726.9833510407536,494865
2018-01-10,718.5526123046875,721.5379458663448,711.0892784005443,719.6306526176871,272431
2018-01-11,715.7055053710938,718.5802411345375,707.3576199126936,715.373769716408,257228
2018-01-12,730.5769653320312,734.7232304103976,711.0893470140318,718.6908713131874,621566
2018-01-15,721.5379028320312,734.7231156957486,718.6907591017209,732.511736343739,222831
2018-01-16,714.0192260742188,723.251662440164,704.5657092700505,719.3264787054745,362422
2018-01-17,727.0109252929688,733.6173558061857,699.3966228791637,713.9916102391263,398221
2018-01-18,717.2534790039062,728.3655610114315,708.5739145811539,726.4306182125317,239412
2018-01-19,718.3314208984375,724.7996622950718,695.7479323472209,717.2533806656651,409845
2018-01-22,729.3053588867188,730.8532670271201,712.3608002793715,713.1624037782535,389809
2018-01-23,729.6370239257812,736.3816449395633,725.3248627935252,733.0646332890393,253291
2018-01-24,720.9298095703125,735.1654136837104,719.658280775457,726.4305512053081,430298
2018-01-25,723.147705078125,737.5983463445581,720.553272832446,726.9974965367966,379448
2018-01-29,718.65625,730.4567073006821,713.0489326850595,723.1476731702726,192574
2018-01-30,719.32568359375,725.295702391816,704.8471392629257,718.0703245144712,301777
2018-01-31,726.3557739257812,742.7871180828703,713.076779710817,719.6325630090591,883232
2018-02-01,738.57470703125,745.4094785662443,705.9630430691484,726.9974291222333,520298
2018-02-02,721.3342895507812,738.3515145777918,714.1647209141964,736.5102748591556,428935
2018-02-05,708.0272827148438,717.5122938431135,701.8620486869563,710.2590705145731,340559
2018-02-06,700.774169921875,708.0273943944921,671.7612140176777,686.2677209766408,777990
2018-02-07,679.1818237304688,713.4672972348731,675.1088541179655,703.0058561917594,366523
2018-02-08,684.0359497070312,696.6733126456422,677.8986191588222,680.1303493519299,345782
2018-02-09,685.9329223632812,691.7355135324151,675.0809902798603,675.1088948834171,265259
2018-02-12,700.4952392578125,703.2291364572767,688.6668771124214,690.7033912193708,211443
2018-02-14,711.6539916992188,715.3922222715458,701.3878824439927,701.3878824439927,325068
2018-02-15,702.447998046875,722.5338598157945,698.8213857278682,714.1368944859372,235690
2018-02-16,707.2464599609375,714.0812329763595,689.6713127744974,703.5640376717681,420640
2018-02-19,693.8278198242188,711.5982382046567,690.5081000236748,705.8514559017002,204841
2018-02-20,693.1025390625,703.4523050266873,690.3128326919443,691.8471218840771,179596
2018-02-21,694.1904907226562,701.611084897589,686.3234808979662,698.793474075313,184979
2018-02-22,665.7355346679688,702.8665307576157,662.5831842364018,692.9630637580508,906431
2018-02-23,653.9629516601562,663.6711439845989,646.1796550369081,654.5766789543978,766162
2018-02-26,653.7117919921875,658.8727511997341,651.7032407204653,655.5809362768509,341855
2018-02-27,649.4715576171875,659.2355015800916,642.5530714181662,655.553137648745,293075
2018-02-28,651.61962890625,655.5810388914019,638.7311811714757,642.4694123122002,323238
2018-03-01,643.389892578125,657.2547677516932,641.6324246668972,655.9435994589071,190335
2018-03-05,637.308349609375,646.6538389347727,633.8212024822212,643.3062148214905,168228
2018-03-06,629.776123046875,645.4542744481092,625.4520699895427,645.2590002468484,410175
2018-03-07,609.5787353515625,629.9156820431541,606.9005893110933,628.2418697747281,432153
2018-03-08,614.9069213867188,618.4777239273943,602.5764530725509,611.001321662208,222974
2018-03-09,605.8125,634.2675359336762,604.6408548104816,615.9670483777847,487276
2018-03-12,617.5573120117188,619.314838115467,606.6495695450831,608.7976441132786,132894
2018-03-13,624.3082885742188,628.2696979403333,608.9928385650492,626.5679812726478,244346
2018-03-14,630.0272827148438,632.872740285492,619.3426614740883,619.7611145294032,136793
2018-03-15,631.9242553710938,635.7461419687096,623.91778032841,629.9156459558135,218846
2018-03-16,616.580810546875,630.5851505080785,612.0614831015558,626.5679898945931,349673
2018-03-19,608.4348754882812,620.9885822688298,602.0464616977196,620.9885822688298,144608
2018-03-20,618.4777221679688,623.6386807863074,604.52919320134,607.1515294100848,325288
2018-03-21,616.2739868164062,629.9435297931024,609.1881319077092,620.0121594766662,341680
2018-03-22,611.2525024414062,619.8727046031495,603.9992778051674,616.5250803137254,292824
2018-03-23,608.6580810546875,613.7632313908206,601.7395955209213,602.5765596216428,229679
2018-03-26,615.4649658203125,619.8727332195173,597.5550822231172,608.7139077213172,166533
2018-03-27,608.992919921875,619.3148397185578,606.5937619021146,619.3148397185578,194872
2018-03-28,598.5872192382812,615.4091700847393,596.9971209479684,605.9799667019925,304945
2018-04-02,614.767578125,618.0315467416212,593.0915591772223,602.4649539609967,300603
2018-04-03,627.3770751953125,630.9478786608533,610.9457287159364,614.767615630956,333828
2018-04-04,622.9692993164062,632.1474194604411,612.3404878438392,627.1538296502067,316042
2018-04-05,627.60009765625,633.2632231138531,625.4520235880174,628.7996473769632,242301
2018-04-06,626.7911376953125,631.5336437186085,622.3554662656115,627.1258768908208,259557
2018-04-09,622.8577270507812,629.3298552594257,616.8598611187692,626.568053431736,277438
2018-04-10,621.68603515625,630.1667142338549,617.3061725972699,627.1259245862009,320364
2018-04-11,616.5250854492188,625.6753011265989,614.2932972285256,621.8534145606764,212219
2018-04-12,613.6516723632812,619.8169076243585,608.7138916307146,617.6409285878061,286702
2018-04-13,600.4285278320312,620.2912125336262,599.535812472187,615.9392541612528,371444
2018-04-16,601.376953125,604.5572078659144,595.88125433696,600.4284866305508,236465
2018-04-17,602.1581420898438,607.5422227633404,599.1173521871282,607.5422227633404,145138
2018-04-18,602.6881103515625,607.5143305903752,600.9026797873224,603.1344679926225,177199
2018-04-19,593.9284057617188,604.8082420464066,591.5292480955626,603.7481572190901,315119
2018-04-20,598.140869140625,599.7868346724132,588.6558564314316,593.6494462070624,343829
2018-04-23,607.45849609375,610.6108460404923,596.4112319579995,598.5314016579083,455978
2018-04-24,607.1515502929688,613.4842122486267,602.5764720838856,608.7138018348064,570750
2018-04-25,610.6666870117188,619.2868892753546,605.1151790588143,606.4820985867457,552503
2018-04-26,607.4306640625,615.2418653753771,604.2783137391353,609.2718459649003,223468
2018-04-27,611.1966552734375,614.8511719688291,605.4498735270998,605.4498735270998,169490
2018-04-30,626.2332153320312,629.8040764632276,610.1087050742311,613.735375414035,485876
2018-05-02,629.83203125,643.8642194266189,625.4521682999462,629.9156870558463,929862
2018-05-03,591.668701171875,632.593729643304,553.8403293398737,632.593729643304,2940106
2018-05-04,571.8898315429688,593.6495073983136,566.979897059098,591.4177770102897,692487
2018-05-07,580.2310180664062,583.0486290307804,567.9283938786891,573.0056397273981,516412
2018-05-08,580.8726806640625,588.8790983082752,578.2224391780684,583.0486598610651,413393
2018-05-09,582.3790893554688,590.859768793817,577.5249643488642,580.9005513748023,332649
2018-05-10,580.314697265625,586.3962770981058,576.9112634923509,583.6065706266329,682416
2018-05-11,578.919921875,585.3362414993011,576.7997517394692,582.4907255747772,313482
2018-05-14,569.853271484375,583.941267846486,567.9562805025118,579.5614632296249,413216
2018-05-15,588.8789672851562,592.5334837359848,567.9841067490523,573.563518520681,735278
2018-05-16,588.9069213867188,590.664447265119,575.9905710270996,583.606497162258,345293
2018-05-17,585.140869140625,596.9413259517361,583.3833431874048,589.7717571317077,409007
2018-05-18,578.417724609375,586.9542139215312,574.9863861200779,586.9542139215312,215896
2018-05-21,577.5249633789062,584.6945324558818,572.8103614063324,578.8640363449435,205606
2018-05-22,570.941162109375,580.5656383742827,569.4347198238364,579.7008278397379,138843
2018-05-23,571.0806884765625,576.7438144592932,564.6922748796243,569.100041825094,347657
2018-05-24,574.5958251953125,581.3190370050286,569.1001260155195,574.6237298020989,141949
2018-05-25,585.4476928710938,589.185923527686,570.4390770648697,574.595760748853,180593
2018-05-28,606.7052612304688,609.9971342762636,579.1988056268873,586.3962209477813,437697
2018-05-29,585.2802734375,612.3404269509011,581.9884587059194,610.9456029829163,616264
2018-05-30,580.7330932617188,586.5914936801738,575.7953127123551,585.2803253859312,207138
2018-05-31,583.2717895507812,586.1730562264759,567.7051972287966,583.606528777311,567881
2018-06-01,572.1129760742188,585.2803528137613,565.8640269377698,583.2718013863637,228282
2018-06-04,554.2587890625,576.1579844687524,547.6192921403622,574.4004586335958,651835
2018-06-05,540.2265625,554.7888204395674,531.2716214477332,554.2588070198542,789109
2018-06-06,551.6644287109375,557.9412826441172,539.2781484800836,540.0871499967587,285034
2018-06-07,557.9970703125,560.1172403634724,550.4927613108725,557.3833429834015,354422
2018-06-08,563.353271484375,567.2588720909305,552.9197914765622,556.8253920831178,239494
2018-06-11,576.4370727539062,579.1431237554752,564.580862288912,566.3104839967216,260223
2018-06-12,581.960693359375,584.7224953686467,571.8898565321366,576.4370313270937,302092
2018-06-13,570.7738647460938,581.9326893081434,569.100052664532,581.9326893081434,143478
2018-06-14,563.185791015625,569.0999999736239,559.4197141807983,569.0999999736239,161272
2018-06-15,557.076416015625,568.2630871381617,555.7094385452351,565.696559816087,454257
2018-06-18,564.7201538085938,577.8317776245532,557.3832161097386,557.8853829073039,496162
2018-06-19,556.10009765625,568.7932717914111,552.5013893711246,564.7203011863395,267898
2018-06-20,557.6622924804688,563.3254191031521,554.6215026392737,558.5550078115059,144495
2018-06-21,553.0870971679688,561.8467639072215,547.3403153468006,561.8467639072215,206477
2018-06-22,554.4541625976562,557.9413102904055,544.6065048525415,553.477733397093,183923
2018-06-25,550.6879272460938,562.4047274512884,549.0141152207019,555.8767909357891,153809
2018-06-26,550.0742797851562,555.1515838156506,547.5635613830752,554.593607717143,197325
2018-06-27,540.3382568359375,551.5249875791852,537.3253714586352,551.2459995216612,176366
2018-06-28,532.9454345703125,541.2029926134788,531.6063616962215,541.2029926134788,280220
2018-06-29,546.9776000976562,551.2458435051914,533.1127271592546,535.5955983396562,221347
2018-07-02,546.4754028320312,551.7479214488484,539.2221799040552,548.4561071431901,134243
2018-07-03,544.104248046875,549.2652072150086,537.548464840349,541.7608995719431,149359
2018-07-04,541.7330322265625,548.623613125532,539.3338743812509,545.6665372292384,107696
2018-07-05,542.1514892578125,545.6107320350575,536.2094328168902,543.4347529968724,217884
2018-07-06,544.7179565429688,549.4046533317513,536.739386955856,539.2501629606306,175381
2018-07-09,552.4175415039062,555.7094143223624,546.8102248786331,548.790929490087,264771
2018-07-10,566.7288208007812,569.0721694056057,551.5527770572996,554.0356486833061,337492
2018-07-11,556.5742797851562,571.6108007311798,552.9197628092282,566.3103761906574,377070
2018-07-12,548.4841918945312,567.9842328229603,546.1129384645623,558.248135655296,206279
2018-07-13,542.4025268554688,552.5570755043831,540.0870830025949,552.3059920960037,265158
2018-07-16,531.8575439453125,542.3468340474287,524.5485089998434,542.0957505851626,240763
2018-07-17,537.0184936523438,540.5614506355952,529.2910057591362,535.0656932231183,234277
2018-07-18,535.7909545898438,551.2459279418025,533.3917968396382,541.7609153549906,401513
2018-07-19,526.6406860351562,539.8081201713715,522.6235253548833,537.2974019979171,315192
2018-07-20,538.2738037109375,542.1235950016057,519.4433003103329,527.1986921023629,355059
2018-07-23,541.0913696289062,545.945494253043,528.4540072690465,541.5098226468083,309708
2018-07-24,537.29736328125,551.7201554649124,536.181469279992,541.2587144685596,682605
2018-07-25,536.3209838867188,544.9690906792944,532.3875369372976,538.4411536783701,248068
2018-07-26,539.9475708007812,543.6020875623624,533.9497055369532,541.2029878678132,314950
2018-07-27,549.1257934570312,553.4776935944446,537.1579085413802,543.3232019267476,539184
2018-07-30,546.3639526367188,555.1515241126905,544.0763553035756,551.8038419228694,399197
2018-07-31,551.6923217773438,554.5935885398164,540.7845797921385,546.2523740805418,388669
2018-08-01,559.9497680664062,568.542065125901,549.8510285612373,554.0356166942107,722722
2018-08-02,556.211669921875,565.3618862159899,554.3425254059131,560.0056521390411,369013
2018-08-03,564.7481079101562,571.052807965098,557.3832649643829,557.9412410136341,611695
2018-08-06,569.4906616210938,573.563631858942,564.8039640890129,568.7653159022365,386857
2018-08-07,574.7352294921875,578.0271025391464,569.1279124776869,572.4476901284839,448414
2018-08-08,566.700927734375,582.9928078966278,560.8983363057828,578.1944921723413,604537
2018-08-09,560.8982543945312,576.1300474184815,552.3617671202376,566.3102965929708,963029
2018-08-10,575.6279907226562,577.4134214010242,559.5034794464144,562.3210904805635,553504
2018-08-13,561.9863891601562,574.6795629665758,559.5035172037807,574.6795629665758,244802
2018-08-14,561.7351684570312,568.29095129752,558.4991049316224,565.6407683684272,202916
2018-08-16,559.5313720703125,566.2545835625492,555.4025927218701,560.1730039548939,302087
2018-08-17,568.1236572265625,570.8297077313644,560.1729913549344,560.1729913549344,312964
2018-08-20,569.0721435546875,575.795296430882,565.5849964032308,570.2158841940421,319192
2018-08-21,574.4284057617188,585.7825050113192,570.7459842187101,573.2287978425958,1689572
2018-08-23,577.608642578125,584.1644259758103,572.140790634696,578.5850136320969,543836
2018-08-24,578.2223510742188,581.1515221549308,572.5034739120624,578.027076869753,370083
2018-08-27,573.2288208007812,582.4906552311138,572.19664046652,580.2031157324484,206121
2018-08-28,573.3961791992188,578.2223410494443,569.685853351244,575.795278816411,277148
2018-08-29,572.8939208984375,579.1428683762343,570.3832032737419,573.0054812753563,491726
2018-08-30,561.1495361328125,575.7676071488269,559.0572124620519,574.6796174044292,320131
2018-08-31,568.9605712890625,571.722373028513,556.6301005729815,561.2888933446188,518235
2018-09-03,563.157958984375,573.5356870884763,560.1729785269818,570.0764443871092,210066
2018-09-04,547.0335083007812,566.8683467832018,543.4627048078448,564.6365583415313,388627
2018-09-05,551.0785522460938,553.7566399742796,535.065603028455,545.6665095696054,337685
2018-09-06,557.076416015625,559.5034203221122,542.569909314297,553.8682568630315,350407
2018-09-07,553.7008666992188,559.6150765895388,544.6622112543057,559.6150765895388,569010
2018-09-10,545.3038330078125,552.3617827390799,541.5097934346154,552.3617827390799,278702
2018-09-11,532.5269775390625,552.3618130442828,530.3230940354318,546.7824007913104,875600
2018-09-12,527.1986694335938,537.074230670018,524.492618996104,530.7694725309875,1272415
2018-09-14,534.98193359375,541.9561697614919,528.621366625725,531.1321426981915,820636
2018-09-17,548.0098266601562,551.3295460302501,530.9089469809945,534.3960359469278,1013494
2018-09-18,538.5527954101562,550.5485270217555,535.0377433322993,546.8940099299496,475318
2018-09-19,537.5205688476562,547.033427899482,535.6235779579184,541.9282778549534,206896
2018-09-21,516.12353515625,543.4068721114454,502.7050745200422,542.1515129224041,786215
2018-09-24,513.110595703125,522.1770960903284,509.40027014570967,516.4024102753131,253294
2018-09-25,525.4412231445312,531.9412564843327,508.0334466297929,513.3060252834156,643848
2018-09-26,527.64501953125,530.9926437613535,515.5376702734146,530.9926437613535,314736
2018-09-27,530.3510131835938,532.6107059552965,514.1985986045445,526.5291267080988,548867
2018-09-28,527.3381958007812,533.2245015899888,504.93688750588836,531.1600827664755,802826
2018-10-01,525.4968872070312,531.8294911473574,515.5376133992155,527.1986037380974,357150
2018-10-03,546.9498291015625,551.8038962374329,521.9819362848306,523.9068319782988,558112
2018-10-04,537.5205688476562,546.7824024987084,524.7715880241752,546.7824024987084,503254
2018-10-05,528.5656127929688,538.162185381423,520.8381264379873,532.8338566769866,334749
2018-10-08,525.3016357421875,528.9282477528523,504.93678767596583,527.2544357500417,401484
2018-10-09,497.59991455078125,526.0828009451791,474.38954825355563,526.0828009451791,1402788
2018-10-10,511.1299743652344,515.9561366224779,497.516182249643,499.35742203471807,598034
2018-10-11,494.6985778808594,501.5891588357889,486.02262434004933,499.66426322573153,539997
2018-10-12,509.7909240722656,512.49691664738,496.87457245359656,499.6363742401264,314451
2018-10-15,521.34033203125,523.767394734748,505.38324755768537,509.40040878016646,208434
2018-10-16,523.4883422851562,527.0870499796141,514.6171147605606,520.2801830205264,315351
2018-10-17,520.3638916015625,527.8123903386961,516.8488397409876,527.2544723036549,168129
2018-10-19,487.7801513671875,518.3273977629699,485.43677370023715,518.3273977629699,913602
2018-10-22,490.8209228515625,497.6278485714899,480.69430610687186,489.9282654912928,524540
2018-10-23,479.9968566894531,500.4175162354658,475.5891183829983,489.7607998032641,419536
2018-10-24,496.87457275390625,501.58917481922515,480.1363343903646,481.5033119884685,280121
2018-10-25,490.3186950683594,498.54828964772236,481.28004111890425,489.87233748959204,212833
2018-10-26,483.03759765625,496.7350742720961,479.85734302391484,489.4260405316295,270852
2018-10-29,495.6750183105469,497.68356976723055,478.2672436081362,482.9260364199027,648765
2018-10-30,506.3037109375,509.065512365969,489.06336595770455,495.6749582275214,510732
2018-10-31,519.8338623046875,523.3489144502624,497.7114851026393,508.8982154241292,401690
2018-11-01,526.4176025390625,557.9412790012603,522.7909320131943,526.2780795103855,1651064
2018-11-02,536.097900390625,539.1665952201706,530.6580099363058,532.220203946628,416267
2018-11-05,544.2437744140625,546.7824553940767,529.8210381306907,535.260927911654,456385
2018-11-06,523.5999755859375,549.46052465303,520.0012097754474,546.2244606923164,325925
2018-11-07,525.3297119140625,527.2267033377107,521.1172179156548,525.6365466074683,55902
2018-11-09,530.0162963867188,535.0656375612912,519.4991029763775,524.0741818934946,404487
2018-11-12,508.7587585449219,535.3446548556224,504.2673351835895,530.6021480493423,617601
2018-11-13,509.9024658203125,521.4798020374457,503.2908729352853,506.6106506870077,605891
2018-11-14,494.224365234375,515.7329558097618,490.9883013344811,515.7329558097618,2120623
2018-11-15,520.4754638671875,525.5806141515517,484.8509142669675,496.42819237124127,2060805
2018-11-16,547.5914306640625,550.241613912939,513.5848839496085,522.2329907949749,2485489
2018-11-19,525.3853149414062,555.1515205761135,518.3273648050391,555.1515205761135,4655983
2018-11-20,521.8145751953125,527.7008807961518,516.1793530392462,527.7008807961518,2588392
2018-11-21,511.77154541015625,523.1814525541407,508.03331508903455,522.7908461517304,1072287
2018-11-22,511.77154541015625,514.4496329423806,506.1363243341832,509.40029246316107,847847
2018-11-26,509.5398864746094,515.0913951528098,504.15574743197914,512.1901280904666,2327303
2018-11-27,505.41107177734375,514.7008110809608,504.0999613779074,509.9583043140084,1077138
2018-11-28,507.3638610839844,511.4089266471387,502.7608774483628,507.1685868579342,962995
2018-11-29,513.919677734375,518.8853629859477,502.2028766651637,507.3638361331836,2022475
2018-11-30,530.4068603515625,534.2845563122072,508.03339991873986,517.4905086846843,11932751
2018-12-03,525.6922607421875,535.3446437804464,519.4433114092344,535.3446437804464,832648
2018-12-04,524.7994995117188,528.6492905479698,519.4990751894301,521.8145191291354,509891
2018-12-05,505.6900634765625,524.4369118431098,503.179345057254,520.5592157881858,1994904
2018-12-06,515.1192626953125,528.1193283652083,503.68144887704784,509.0377409397833,3371708
2018-12-07,529.1514892578125,535.4561896173269,512.3295374032485,517.4346878222639,2025521
2018-12-10,517.2952270507812,528.9283147661455,505.02050745213216,510.76728979628353,1973366
2018-12-11,523.125732421875,532.2759485677125,507.92184117949614,508.842403105647,2234761
2018-12-12,536.9625854492188,542.7094252596291,524.0462932114901,524.1299490060248,1600095
2018-12-13,535.6514892578125,545.5828605427392,531.3274935375559,539.6408037411818,910315
2018-12-14,539.4734497070312,543.9927778034534,531.2716996786648,535.0656820261291,846731
2018-12-17,540.1986694335938,549.9626701461507,531.9411692439189,540.7566454821566,1538880
2018-12-18,547.898193359375,549.3209799196442,535.093462399291,535.5956291868829,827741
2018-12-19,568.6537475585938,583.6344598940709,548.846814727581,550.1300785104571,3248473
2018-12-20,556.0721435546875,572.6709171792628,552.5850540146167,566.142979743199,1179617
2018-12-21,554.3983764648438,566.2825489140341,547.9262477138169,557.9413335197007,1535042
2018-12-24,555.6536865234375,563.4927923120014,549.1258071476997,555.709495735416,961016
2018-12-26,578.11083984375,583.0486206079837,547.1171776971051,556.2116423412804,3609137
2018-12-27,575.7952880859375,585.2803003538453,569.6579579198525,582.4905942758563,1582025
2018-12-28,582.1280517578125,591.4177914378722,571.8898454941689,574.679552057555,2456809
2018-12-31,584.1087036132812,589.3533189875503,579.7288409216538,585.559336970953,818016
2019-01-01,592.896240234375,594.4863385079036,582.7137867054901,585.8382900735702,1855909
2019-01-02,589.4927978515625,595.6580326701127,585.6151023108113,595.3232354503573,990929
2019-01-03,582.9927978515625,599.7310353748221,579.4498413221366,586.5356963672579,1225863
2019-01-04,592.9241943359375,595.546473078757,577.5807802605374,583.0486326042793,1131413
2019-01-07,592.5615234375,599.2010214786849,590.6924368918422,594.7654072534722,377542
2019-01-08,587.12158203125,595.3232732367933,585.8383183038114,592.533566959156,399707
2019-01-09,587.8189086914062,593.8446783140517,583.8854620865366,588.0141828908693,841116
2019-01-10,597.5829467773438,599.7868303292371,586.9541354553958,590.3018176887266,605353
2019-01-11,590.2181396484375,599.7868666798508,586.8705152259499,599.2846998109846,529811
2019-01-14,588.1258544921875,594.4584592808673,580.1472841395547,587.0099603845238,530424
2019-01-15,593.1195068359375,598.3641226737526,589.7439195530033,592.8126141688574,465937
2019-01-16,591.7246704101562,597.5551674266528,585.8662687841501,597.5551674266528,409562
2019-01-17,594.0957641601562,596.885470181603,586.9541005014095,591.4176765467047,851503
2019-01-18,588.488525390625,595.8533688262347,585.8383420284704,595.8533688262347,200656
2019-01-21,582.9368896484375,590.6922798391146,580.2588022666492,588.4604920095238,293170
2019-01-22,585.5593872070312,591.3619791492634,578.5850918279482,580.258962168269,688389
2019-01-23,583.0486450195312,587.8748075659421,581.4026793533843,583.1323008242184,313288
2019-01-24,573.5357055664062,588.153773705569,567.454126038878,582.4906472270924,616070
2019-01-25,574.5399780273438,583.0486199994187,568.8211003847871,573.0056308516014,363298
2019-01-28,559.6519165039062,579.0417615137543,551.8338925869532,579.0417615137543,544390
2019-01-29,571.2237548828125,573.7638893361333,554.3175806556435,554.3175806556435,629373
2019-01-30,572.0704345703125,576.0781981276737,563.9136910603085,575.2032551499254,325591
2019-01-31,581.4689331054688,584.121993479174,566.5949617373077,573.5662737563961,478824
2019-02-01,582.0335083007812,589.5410442835096,575.9371385792247,581.9770452161725,402869
2019-02-04,577.6304321289062,585.6177851540539,570.6026578598992,578.5900695784687,485226
2019-02-05,561.4299926757812,582.5414318953186,558.8333954084891,578.025618216562,895133
2019-02-06,576.0782470703125,581.8923601578676,558.8334699135911,561.9945223021318,1919183
2019-02-07,591.347412109375,620.0793168552559,578.5902174977996,589.8797827172689,4080400
2019-02-08,581.8641357421875,600.1532454316205,579.6062579208411,594.3109007297355,679644
2019-02-11,581.2996215820312,587.0573297598756,559.397874399586,578.8723547499372,1083161
2019-02-12,571.7034912109375,591.9118159086173,567.3006034138621,585.2509917847607,607574
2019-02-14,556.6036376953125,559.9340785789205,550.6765997919694,552.0595929107762,765281
2019-02-15,543.0562133789062,556.6037136660951,538.3710689667522,555.1643159716215,1000677
2019-02-18,532.9237670898438,547.9953573740834,531.3149804017934,544.0439988402298,694578
2019-02-19,533.3189697265625,541.842605757104,528.1822380923107,530.1861491901035,744741
2019-02-20,545.6245727539062,547.3744586760653,534.5043981183624,536.2542840405215,853440
2019-02-21,556.8295288085938,559.3978947418072,533.14966327796,545.8503939311744,1552067
2019-02-22,559.8495483398438,564.1395692505197,548.4752879241923,555.4466012507606,1183147
2019-02-25,558.2406616210938,564.8733126167635,553.7530793917507,561.6557975074178,287516
2019-02-26,557.2811889648438,559.9624227203135,544.9473493480489,552.6806797003362,502675
2019-02-27,552.65234375,568.4294897750079,549.5476961002496,558.0431004809244,456354
2019-02-28,559.9342041015625,564.4782499047552,546.3302395411902,555.4465626902177,1036391
2019-03-01,569.7560424804688,575.7113128520747,560.1034967548597,560.5268524789628,901566
2019-03-05,581.6947021484375,585.0251432445029,563.6313893098175,567.6674427784558,696636
2019-03-06,575.3162231445312,592.0530084067836,572.1833436436852,585.3638936556189,766320
2019-03-07,576.5579833984375,583.7550888910487,571.4776563761745,575.598345855385,839670
2019-03-08,577.9409790039062,581.4125191868742,570.6309473264259,576.3321921437924,456675
2019-03-11,596.2865600585938,599.4758439195989,577.4612277758674,577.4612277758674,1168011
2019-03-12,594.5930786132812,601.7337211908246,592.9278873378622,600.6047530831553,894046
2019-03-13,594.8189697265625,603.4272429082706,589.9079723266383,594.5931760680207,1401781
2019-03-14,585.279296875,599.5323529853083,583.6705097033202,596.6534984802473,412141
2019-03-15,584.7146606445312,589.8796822202962,582.2309895877123,584.234900572255,417944
2019-03-18,584.9405517578125,590.9240541704031,578.7030828442726,585.3639075173104,559460
2019-03-19,592.3069458007812,596.9074544275402,574.695277055884,584.7994101553861,996029
2019-03-20,599.3065185546875,609.6365044783181,587.9887221145499,595.4963168137439,1641136
2019-03-22,592.1658935546875,602.6934419076963,588.7508159145692,597.8671392649312,753728
2019-03-25,592.0529174804688,597.104954155836,584.2348943936771,586.5492348891335,368356
2019-03-26,596.9638671875,601.169251272122,589.0893808658651,589.0893808658651,548761
2019-03-27,601.0281372070312,612.8257517765358,597.5001337137757,601.1692949105578,1657926
2019-03-28,614.1804809570312,617.7648886479349,601.028105292649,601.3385935304889,1605633
2019-04-01,638.5941162109375,645.8759162856156,634.7839149821632,638.9892403644275,978387
2019-04-02,638.5377197265625,642.9406663381806,631.1712829612812,642.9406663381806,667388
2019-04-03,655.246337890625,663.1490573418466,636.4774672341327,637.8604607461284,2653699
2019-04-04,644.26708984375,658.1250180633679,641.3318317181413,658.1250180633679,760939
2019-04-05,647.4000244140625,654.7946921312888,637.4369322492236,641.5294489644587,735780
2019-04-08,646.525146484375,657.334892447778,643.8156227612748,649.7708934276087,673584
2019-04-09,651.43603515625,653.6657398798953,640.2311658449357,646.3839394497955,369397
2019-04-10,657.9840087890625,659.8185306943503,645.7630384936532,648.1620738262849,646354
2019-04-11,662.8103637695312,665.5198288788472,655.0487437262944,658.3509538508603,1438043
2019-04-12,668.2011108398438,674.551505797911,658.9154571674715,661.6531537775503,710533
2019-04-15,670.4025268554688,672.2935118017838,666.1689110145522,669.0477650909011,646434
2019-04-16,671.813720703125,675.6803853754848,665.3222270137401,670.8823146149075,391605
2019-04-18,668.5679321289062,674.3256401595974,661.2861905121591,668.906651909586,533174
2019-04-22,653.8350830078125,668.3139308332707,650.8151298805036,666.7052025712372,380373
2019-04-23,659.4515991210938,662.6973457096958,651.9722955445013,658.7177551862421,364245
2019-04-24,664.7294921875,666.0842539089921,653.3834654835046,659.1693462989123,318073
2019-04-25,673.8458862304688,678.3899319667668,658.0686800532918,667.185003068114,747792
2019-04-26,665.5762329101562,676.2166476829294,663.5440902383979,674.5514563436332,927810
2019-04-30,661.9917602539062,666.9591613788986,656.0647802295189,662.3022485025942,419996
2019-05-02,648.9241943359375,670.6283813038117,646.892051504786,656.6010609778606,435792
2019-05-03,663.7699584960938,665.6609436781885,646.3276187028305,651.3796563696255,462042
2019-05-06,645.11376953125,661.0603024555443,640.1181377006537,661.0603024555443,402950
2019-05-07,633.3446044921875,647.9363808462444,629.4779392959808,645.1139893513829,1160299
2019-05-08,614.7449340820312,630.4092123743935,607.1244727859245,627.191697314577,1505270
2019-05-09,615.1965942382812,620.6155830585354,607.5196689539896,609.8058369605069,609082
2019-05-10,604.5843505859375,623.7201694767343,599.1653623004098,615.1965335328697,802365
2019-05-13,593.2101440429688,604.019890019992,592.7021523643234,602.354698579802,744160
2019-05-14,615.0836181640625,622.6194438179772,589.061181321159,589.8797199063583,2400412
2019-05-15,606.193115234375,622.1114199582073,602.4957811005343,619.7970791919204,722394
2019-05-16,637.634521484375,640.6827058688449,606.8140165718135,609.07189397556,976154
2019-05-17,635.5741577148438,642.7148000339146,626.5707621056172,637.3805066217295,648394
2019-05-20,672.9144897460938,675.8498071650034,644.0131963193934,644.0131963193934,701411
2019-05-21,667.8059692382812,700.9125876599751,660.8910609967229,671.9548320124086,1340256
2019-05-22,659.8749389648438,671.6725525565207,652.5367345663592,666.7051517530323,561831
2019-05-23,668.7937622070312,690.8648405764244,664.5319733774386,670.600111286641,961421
2019-05-24,688.0706787109375,694.7597344203791,668.116379052992,668.116379052992,964082
2019-05-27,721.2056274414062,725.6367470611711,688.098949420793,688.098949420793,1544578
2019-05-28,712.5408935546875,720.5000169211665,703.3398757793642,718.4114110069587,541363
2019-05-29,707.0089721679688,723.6610627792461,703.5092000074782,712.3714978848001,633782
2019-05-30,733.3418579101562,739.4664001518652,704.4405663685634,707.7427762394093,1456962
2019-05-31,717.9033203125,737.914081486244,706.726624334914,735.8254758600793,1337149
2019-06-03,722.560302734375,728.9389289970325,709.8313404439633,718.4960759379256,754721
2019-06-04,715.3350219726562,722.5320694534511,711.242504951156,722.5320694534511,608930
2019-06-06,700.8842163085938,717.8750229877422,699.9528103891254,712.3713407728227,466523
2019-06-07,707.4323120117188,715.1374686387273,693.7719434920383,699.95294902526,762489
2019-06-10,716.8590698242188,724.6206302640528,707.2911603943263,710.1699557304448,743680
2019-06-11,716.9437255859375,721.628928735173,711.7222992488358,716.8872625050785,302502
2019-06-12,711.1578369140625,721.3466643088531,705.7670800854743,714.064863839167,589566
2019-06-13,717.4517822265625,719.709659853002,707.8838724479343,711.2424866936323,337034
2019-06-14,707.7991943359375,722.475663370579,705.5977210460695,714.6294078427951,319887
2019-06-17,705.9928588867188,713.443931053831,701.8157062107528,707.8556122551395,334661
2019-06-18,710.5087280273438,719.9919435392069,702.1261904825416,707.855667425462,443818
2019-06-19,716.4921875,729.3058448219579,693.7437271628644,713.4440026324528,1345754
2019-06-20,718.1574096679688,721.0644367104301,706.1904643094838,714.9116628237338,634317
2019-06-21,700.0375366210938,722.8989191310891,695.211234975635,718.1573120979252,804029
2019-06-24,704.3840942382812,708.4200893440686,690.3850652597978,705.0332435877957,579947
2019-06-25,706.3598022460938,709.4926816514358,697.4128100016305,699.6989779338387,516928
2019-06-26,707.3475341796875,713.9801849072301,704.7791685039516,711.8069433826187,450037
2019-06-27,730.5476684570312,733.8215879595277,707.9120777884444,708.9845828273315,1140067
2019-06-28,740.228515625,745.0548181049223,725.7214353363552,734.9506258549425,1766926
2019-07-01,751.0099487304688,752.9573966980952,734.4425545827319,745.082968903258,1052949
2019-07-02,749.0906982421875,756.4006709998704,742.9096935361648,754.707248269093,976319
2019-07-03,751.7438354492188,755.6105000652532,746.0425902247449,752.4494478904211,501252
2019-07-04,766.3638305664062,768.7346343381327,749.3730212911745,751.884924071819,1332391
2019-07-05,711.0166625976562,771.6698017468567,707.5451226245601,768.085394318636,2564475
2019-07-08,704.1018676757812,724.4795822471012,695.5500582976471,716.8872931239634,1489558
2019-07-09,711.2989501953125,717.2824520997915,696.029853913492,705.5977050043423,928140
2019-07-10,684.5991821289062,717.621165757739,679.6317805518877,708.5613056555685,1332701
2019-07-11,697.6668090820312,703.9042774243711,685.6434009651551,689.5101242261585,834920
2019-07-12,694.5903930664062,702.38018528471,688.9738425333582,700.4892003111619,568695
2019-07-15,686.687744140625,699.3602431175018,680.9864988966904,697.695051748538,693302
2019-07-16,694.5057373046875,696.8483094726963,685.2764889443313,685.2764889443313,805085
2019-07-17,689.0584716796875,702.6059121528825,685.8409567683071,695.4370384267855,618760
2019-07-18,680.2808837890625,694.308203209749,677.9947746083093,692.8122837055165,474027
2019-07-19,673.9586791992188,689.1431386978584,670.7129326035404,681.4098099464406,468233
2019-07-22,670.2614135742188,673.9869793269638,659.8750234110714,673.8176487685287,458431
2019-07-23,680.02685546875,688.6069548023123,665.9713632656774,668.9913164141522,753346
2019-07-24,667.5518798828125,680.0268159346152,657.1654907881921,680.0268159346152,560363
2019-07-25,661.3426513671875,677.3738825568512,659.1130051833115,672.1806287926223,482450
2019-07-26,669.6404418945312,676.3577288488464,660.4676566132985,663.5158411938065,349772
2019-07-29,659.16943359375,679.5753219624282,655.9519180991773,670.600156429163,440613
2019-07-30,651.8875732421875,666.64867638203,645.7629729458022,657.2218665591976,525905
2019-07-31,646.1864013671875,656.5163867901846,641.8116863773121,649.1217186189305,837312
2019-08-01,631.933349609375,650.2506308694082,622.0549514137934,643.5051707260754,666992
2019-08-02,629.42138671875,637.1265431640392,621.2364701553619,629.3649823300183,700586
2019-08-05,624.9620361328125,634.3323839596305,613.0515539283971,622.7323313204241,457228
2019-08-06,638.5094604492188,644.0413158130509,619.8534616516498,619.8534616516498,711182
2019-08-07,621.7445678710938,640.6828270512626,618.414126171182,638.424890527011,588981
2019-08-08,649.2627563476562,672.9143879081312,623.1838581160889,630.4656581293661,4043596
2019-08-09,658.4920043945312,670.6000475205572,649.2062933968766,651.4077664549588,1201265
2019-08-13,644.6622924804688,662.9514003460474,641.6141078362057,661.5684070319801,715898
2019-08-14,656.3751831054688,662.4150890451259,640.1182186226185,644.662263846884,737903
2019-08-16,654.8511962890625,663.1490397540854,643.8156561104353,650.3353818767479,593584
2019-08-19,658.7178344726562,670.6001443951411,655.4156831019325,658.7460660150981,517083
2019-08-20,659.254150390625,661.9918471340051,648.0210479781275,659.3670178727774,432833
2019-08-21,650.222412109375,659.2540395132395,646.5250782690662,657.6170797899927,423867
2019-08-22,643.0817260742188,655.4720265279279,636.9289525038031,653.0729912712989,417213
2019-08-23,647.7951049804688,652.5367120065318,633.598456746244,641.2471491088864,389267
2019-08-26,661.6813354492188,665.9713557206811,641.2472173855512,659.2258370625705,807186
2019-08-27,675.5675048828125,690.3003779889682,664.9553215476014,664.9835530883284,1089029
2019-08-28,664.9270629882812,679.0107861657334,661.7095478776153,675.1158901854383,239235
2019-08-29,663.798095703125,672.9144178748045,655.3591544019224,662.6408960460482,341519
2019-08-30,678.6438598632812,682.4540610357718,658.2379749419413,666.0842295923546,722201
2019-09-03,653.5245971679688,681.7767391839686,647.8516422257032,676.8093379835138,726530
2019-09-04,659.1975708007812,661.0039197434867,641.2471836096438,654.7382202152621,421838
2019-09-05,660.4676513671875,667.2696328866001,657.080805723938,662.4997939691948,397668
2019-09-06,670.7411499023438,674.4384836583524,656.4034021075486,666.648691994107,334610
2019-09-09,688.2965087890625,692.530124980949,666.6205535327483,668.5680017207228,650705
2019-09-11,691.3446044921875,699.4448844727601,686.4054351499286,694.3081530522851,1188994
2019-09-12,693.77197265625,703.9043379783129,685.0225420839348,695.4371641419087,952922
2019-09-13,703.5091552734375,707.7427711863695,690.6390356779795,693.1227656219362,682121
2019-09-16,701.3641967773438,710.4522883917294,694.6469091191701,697.1306392460492,601564
2019-09-17,701.7310791015625,714.0649175392841,697.6950837349902,699.9529614872541,719518
2019-09-18,704.1865234375,711.1860671868686,698.3159478240667,705.5976895873463,571210
2019-09-19,696.6790161132812,703.9042950874823,692.4171685651123,700.2634240591673,487114
2019-09-20,749.48583984375,753.5782977695912,693.8000983428835,700.5738481171917,1735551
2019-09-23,815.69921875,824.4204174193584,762.0455551247302,762.0455551247302,1956386
2019-09-24,810.195556640625,843.2175375805882,802.5186319048285,815.6709494612019,1353861
2019-09-25,814.2598266601562,832.6335715384026,803.8452049593809,803.8452049593809,1925386
2019-09-26,840.959716796875,846.7173671195525,813.9494068491304,818.1547917805742,1853964
2019-09-27,851.825927734375,858.0069338428206,834.0448676399741,839.3791621909186,1596771
2019-09-30,855.7771606445312,862.4097530931965,834.3834051355358,851.8258014994651,1405490
2019-10-01,871.1309814453125,883.4083563282983,854.1119402079695,857.3859185821188,1926516
2019-10-03,861.1961669921875,876.0701391367296,847.0277485934313,870.9898704385985,1085902
2019-10-04,865.57080078125,878.5820182551212,861.3936483126218,861.3936483126218,1244285
2019-10-07,858.7970581054688,880.5858776854083,842.8787550890316,862.5226233810968,1417171
2019-10-09,896.5042114257812,900.3426442929796,855.4666462976105,858.7970875371506,1806085
2019-10-10,887.5289916992188,902.4312533686905,877.311933014251,895.2623792348938,1363396
2019-10-11,888.6297607421875,900.3426805913144,883.4365659383394,887.5290241310735,865619
2019-10-14,888.3193359375,905.7052694846126,886.0331680816327,891.9319753484647,988462
2019-10-15,898.6492919921875,900.624971659467,888.4886956272029,891.1417562112724,822695
2019-10-16,909.5155029296875,913.3257632588097,898.6492940811087,900.3427170303036,1020535
2019-10-17,915.8941040039062,921.4541915189078,907.906749604961,908.9227916078131,1461498
2019-10-18,930.6552124023438,934.775902205216,914.5675773772313,917.587530550379,852815
2019-10-22,945.5008544921875,955.9437062683563,929.1027916135951,931.388900564044,1009869
2019-10-23,944.4849243164062,969.4630886586122,936.6386687871284,945.5009663375259,1330491
2019-10-24,920.7767944335938,948.8596056167247,916.1481130737393,944.6542212816386,981591
2019-10-25,914.7933349609375,920.7767779895443,898.931494195047,918.970487681087,1010588
2019-10-27,916.5997314453125,925.7442862864975,911.6323298081448,919.5350489133971,66603
2019-10-29,926.2804565429688,938.6989884853847,916.7407786353456,918.9140202579326,803740
2019-10-30,932.1228637695312,943.243097800685,926.6191804904673,934.0138488168265,543980
2019-10-31,934.8322143554688,946.601596323257,930.3728638881076,936.2434391029217,771504
2019-11-01,943.6099243164062,955.8872985326375,938.0216054976213,940.6746659022627,758637
2019-11-04,950.270751953125,957.7501144098371,938.1909397728798,948.3797670308506,894486
2019-11-05,946.8557739257812,951.7385395582897,925.8571994159706,948.0412052522441,750460
2019-11-06,949.875732421875,964.6650697260031,937.090306419766,948.3234084187177,1004564
2019-11-07,939.8843994140625,959.5846738277495,936.4693220656566,952.1053697715948,1106939
2019-11-08,930.542236328125,950.0167748207145,925.8570920379256,944.9082161324707,1633856
2019-11-11,945.6139526367188,951.032941583019,925.7442873713269,929.6956469285834,1000324
2019-11-13,922.6678466796875,956.7905057032418,916.7125763356801,953.403659926113,1436083
2019-11-14,910.2211303710938,931.4737295975295,907.8220949224371,922.9218613925319,992682
2019-11-15,889.5046997070312,916.2609806582957,883.182536780144,910.6726616999817,1695686
2019-11-18,877.5377807617188,901.8667955927963,872.6268425456778,889.3353955288073,1889785
2019-11-19,891.3110961914062,897.5203332874854,872.429301026573,877.2273718844936,1447055
2019-11-20,871.102783203125,902.0079874974651,850.1042090334341,886.2307813078722,3862178
2019-11-21,871.074462890625,875.8443017889629,860.3211810615509,873.8122178885081,1472822
2019-11-22,840.8184814453125,871.5542937808968,829.9522733077969,871.102706531538,2495932
2019-11-25,858.9099731445312,862.3251090742029,841.9473957361698,843.3303890319945,1740023
2019-11-26,843.27392578125,870.5100251261734,825.3517694861654,863.6515804217235,12984234
2019-11-27,832.1819458007812,837.6856288940711,817.364436800039,835.3148251062152,1947623
2019-11-28,839.2944946289062,843.2740270605353,827.3557799471444,835.9922844630067,811602
2019-11-29,829.8958740234375,845.5883854113855,824.7309104919672,838.955733859961,683525
2019-12-02,836.9517822265625,840.50801724363,825.8880116876578,829.839370885859,452714
2019-12-03,833.8189697265625,843.0481597654679,827.5250382275419,834.3551929223311,651337
2019-12-04,838.70166015625,848.8058516860509,824.1663493613006,833.1698042865318,1166694
2019-12-05,834.8914794921875,843.8384715596615,829.3031604026789,839.3790619497101,420351
2019-12-06,832.6900024414062,840.8749189448525,822.106050591304,837.5163046755936,488441
2019-12-09,832.4923706054688,838.2500197390284,825.8879513968826,835.4276289025555,346434
2019-12-10,826.8193969726562,840.4233014998896,824.1381050069579,834.298759459378,269439
2019-12-11,842.7659912109375,846.0963740522413,820.5537545189417,828.3717786429505,615562
2019-12-12,839.83056640625,850.6120793349528,831.6738822108862,846.1527288581544,629571
2019-12-13,837.7421264648438,846.1528368845368,804.1838620246759,843.1611151592449,603170
2019-12-16,842.9635009765625,857.1600918703531,836.9799992022414,837.685611623948,1599209
2019-12-17,843.923095703125,849.4267787861909,835.5970802671496,844.5158406690616,666671
2019-12-18,848.6365966796875,855.3538843728217,842.766020497219,845.3626181148434,763750
2019-12-19,862.3533325195312,867.6029906115887,845.023861462172,848.0720462450806,1297924
2019-12-20,869.5504150390625,874.8847676104738,856.0876090637367,866.2482051653458,1744662
2019-12-23,865.4862060546875,879.4570626637957,860.4058785531663,868.7319529132213,849627
2019-12-24,866.8692626953125,873.3607568861963,863.8210777105985,868.1675615334892,339174
2019-12-26,858.9947509765625,870.0585223346353,855.7490039720298,867.1232049125072,454170
2019-12-27,861.8170776367188,866.4458177241349,858.1479751541267,862.3533008267906,321117
2019-12-30,857.0189819335938,872.1187471436486,854.4506161402414,863.962062514933,677794
2019-12-31,844.8545532226562,860.2648081003211,842.5966167706985,855.1844804301338,563043
2020-01-01,841.7781372070312,851.1767169891879,839.4355648204364,844.8545536142113,269439
2020-01-02,854.4506225585938,857.3858810034938,838.5887817372424,846.152780168948,576388
2020-01-03,853.0111694335938,856.5956359237291,842.568375597053,855.7489244962645,542930
2020-01-06,832.3231811523438,849.3421649781197,823.8842387509765,841.1290162296809,428855
2020-01-07,838.3347778320312,845.22139556031,832.6053011097271,835.399519312691,319066
2020-01-08,831.5327758789062,837.1211534559604,825.8879939153551,830.0933781947699,366334
2020-01-09,852.0233764648438,853.4063697945486,838.8428272954465,852.0233764648438,355794
2020-01-10,852.503173828125,864.7805481626899,848.3260210968787,853.4909842577625,1223283
2020-01-13,847.7333374023438,856.9907587027404,840.8184882936822,853.4909868384193,573424
2020-01-14,852.9265747070312,856.3134205804895,847.0277672764494,848.4107606446092,513322
2020-01-15,851.374267578125,859.135828653527,846.7455272587832,851.120242393918,791486
2020-01-16,866.72802734375,873.1348850238415,852.3620467802342,852.3620467802342,1198351
2020-01-17,896.391357421875,901.8667501050157,867.6029344053205,867.6029344053205,1773349
2020-01-20,898.5082397460938,908.2454808815964,892.1860762204117,900.2863574085413,777998
2020-01-21,893.6253662109375,909.3743393851312,889.109552435719,898.4798997680194,991360
2020-01-22,890.5489501953125,900.3426532358993,883.6905642596554,896.3913528655613,399226
2020-01-23,893.399658203125,900.2298719464311,885.7510231999117,890.944218343098,601261
2020-01-24,917.248779296875,918.9140293015437,893.568973532968,893.568973532968,1151283
2020-01-27,878.948974609375,925.179735724776,875.2516406340129,919.5349537178155,1672517
2020-01-28,850.5557861328125,889.3071870508965,847.310039214644,879.795739938239,1164200
2020-01-29,862.635498046875,868.957660583565,841.241802438455,854.0554580499991,1068166
2020-01-30,852.249267578125,866.1354307710076,848.693032148362,863.6517005402553,606051
2020-01-31,846.8583984375,860.4340715524534,836.725975429719,855.1844137311681,569443
2020-02-03,817.7966918945312,830.5138117990634,805.4208873999087,807.7822291645665,750041
2020-02-04,840.64208984375,847.6977169248736,823.0315390478733,823.1168531138404,497935
2020-02-05,852.164306640625,858.4232937217375,842.1213867415343,846.1044054130155,465857
2020-02-06,859.8458862304688,865.4505827233094,849.9453128180534,854.6395389911676,458329
2020-02-07,857.5414428710938,862.0365239107639,845.2794685778625,859.1915186860957,351335
2020-02-10,839.8170166015625,856.9155047909285,836.7444087544933,856.9155047909285,398468
2020-02-11,850.51416015625,866.0194276905894,830.7982712510329,843.5439071589167,2387393
2020-02-12,810.0867309570312,847.8114619604545,801.8646324818775,847.8114619604545,2839660
2020-02-13,808.1521606445312,825.051445312666,803.3441036519768,813.6714245612678,1227266
2020-02-14,795.406494140625,817.6259560389194,792.6184045409692,812.1920063865059,887901
2020-02-17,786.7860717773438,800.3282882938141,781.9780151675419,800.3282882938141,924976
2020-02-18,793.2443237304688,795.9754979366211,775.0362787558608,785.0222250415317,477985
2020-02-19,809.0625610351562,810.8264679070276,796.5445847902959,798.0239733772397,513920
2020-02-20,803.82763671875,813.8136413182576,801.5801260085839,805.3923983082644,459567
2020-02-24,781.693603515625,807.554651077724,778.4787068912584,799.4463834876653,492104
2020-02-25,786.7860717773438,799.4179364036862,776.6862952899298,786.3593239913237,839636
2020-02-26,766.10302734375,795.2643472764912,762.4613825929728,783.030770896488,944966
2020-02-27,769.5169677734375,775.548411978037,750.3416550521079,767.0133963088063,1158535
2020-02-28,741.8350219726562,765.2778697355101,731.9913060813301,759.5594021251692,1389784
2020-03-02,745.76123046875,771.3947362402735,737.9943369103789,751.0813496247079,711683
2020-03-03,771.8213500976562,775.4060195176355,740.3555503925936,750.5976151563344,947310
2020-03-04,758.9619750976562,778.9623846343658,745.7611912624496,778.9623846343658,828942
2020-03-05,759.8439331054688,769.8583963882078,751.0813147103893,760.2422823482785,786116
2020-03-06,761.8922729492188,764.026011822728,734.324177379635,740.2702476490218,649751
2020-03-09,732.0767211914062,751.0529487324962,721.607111052162,748.1225701712577,982224
2020-03-11,731.5077514648438,736.8847861499502,717.2258091880882,725.4763069754597,1364345
2020-03-12,671.5634765625,715.8033176020441,654.3796138824821,714.0962671007236,1332278
2020-03-13,690.5679931640625,734.0111879878173,570.8501873861353,615.7728296879407,984905
2020-03-16,653.3554077148438,673.7256495575634,648.34820569257,662.8862076176254,1154045
2020-03-17,646.356689453125,687.2394022669445,640.154558102967,656.0581765503764,794612
2020-03-18,636.1146240234375,664.8207334300473,616.9961698579237,650.9370835306205,1015965
2020-03-19,633.411865234375,658.2203298303832,592.5576128656129,617.9350547891923,647109
2020-03-20,665.47509765625,670.7383597708246,617.3660740197307,637.5940254866522,796670
2020-03-23,566.75341796875,658.5901561079901,539.3560091629129,617.3660718117567,534676
2020-03-24,579.6981811523438,608.7741224372277,563.8799376200715,563.8799376200715,545499
2020-03-25,597.0243530273438,606.9249263056735,574.7763729855349,579.6982610447043,641717
2020-03-26,620.5525512695312,648.092194051087,608.7742395733709,608.8311550638858,563046
2020-03-27,594.1224365234375,663.9104091021984,586.8392064858449,653.2131964152046,569116
2020-03-30,615.0615844726562,622.230982697116,580.7508380321611,590.8790721490071,608838
2020-03-31,633.5256958007812,650.3681228180147,619.585130065154,623.0560870013796,1457289
2020-04-01,617.4798583984375,640.012295690166,606.0429228862947,634.4361166408697,482843
2020-04-03,598.162353515625,623.7958603982255,594.0371044737101,623.7958603982255,477753
2020-04-07,633.4688720703125,638.248471635036,609.1725249798754,621.3491266882763,402450
2020-04-08,629.1728515625,668.5761736936967,621.9180799521193,632.1316283581414,621215
2020-04-09,656.91162109375,671.4211639970338,634.436099878553,635.0050771995105,842728
2020-04-13,673.2703857421875,685.6461897570923,640.1261107690696,665.7311551998323,1132224
2020-04-15,678.96044921875,713.2143421266633,674.2662232425431,674.2662232425431,1289314
2020-04-16,688.4912109375,698.7332171187056,666.5562087499799,673.2419438854172,1208220
2020-04-17,681.464111328125,708.4062587972855,671.5919364533513,708.4062587972855,664452
2020-04-20,670.1978149414062,689.629187304827,666.300169204577,687.0687004698949,432879
2020-04-21,659.5859375,666.8122511973875,653.7820966841698,653.7820966841698,310368
2020-04-22,643.8530883789062,659.927334215046,631.5911149577435,656.6271236560444,1245794
2020-04-23,665.1336669921875,682.6019868124399,645.8161264863497,645.8161264863497,1779795
2020-04-24,652.0182495117188,684.9065260293453,645.8161772539784,659.4721666492303,1318004
2020-04-27,651.3638916015625,669.0598153778731,648.0921386323984,660.6101731436942,486756
2020-04-28,648.718017578125,676.3999461255095,645.816156164168,658.8462522758763,902510
2020-04-29,641.3494873046875,653.2131712156148,633.3549914689776,653.2131712156148,895569
2020-04-30,648.5188598632812,670.852152366584,644.6496719445379,653.2131447989791,1039069
2020-05-04,623.3121948242188,631.5912097881338,607.6931521796241,631.5912097881338,997080
2020-05-05,608.6887817382812,638.8458229275723,604.9333656693451,630.453096627848,690784
2020-05-06,597.251953125,625.3321758611902,591.4766280271512,608.4897456014978,1037259
2020-05-07,600.1822509765625,611.0501504487545,594.6060716913781,597.3941613339703,568836
2020-05-08,593.667236328125,610.1113751767546,589.5988438594317,605.6446926171831,537518
2020-05-11,586.1279907226562,602.4583590129921,578.9585910448988,601.0927421704534,978421
2020-05-12,577.6782836914062,589.1436776922493,566.8956980364809,583.8519573841678,927820
2020-05-13,594.4638061523438,604.2790653510117,583.226073916222,597.4511001093006,919832
2020-05-14,596.9674682617188,614.5211639336472,564.0507316587068,574.6910884935035,2900407
2020-05-15,616.0004272460938,619.8980725945908,591.7893990404849,598.2475901325057,2088955
2020-05-18,567.3223876953125,617.3660635459272,563.3109704243943,617.2806903250497,1227416
2020-05-19,580.8646240234375,592.3869327281142,569.7122067916606,588.8875771702767,1966195
2020-05-20,581.9742431640625,591.761104020738,571.5330908419417,580.6939996501126,910101
2020-05-21,581.3768310546875,589.7696177524499,575.0324695586186,583.2261112016803,1097651
2020-05-22,577.5360717773438,587.0952705847197,569.797636117648,578.674026558253,902873
2020-05-26,581.4906616210938,591.1920904583652,577.5360999479705,580.3811053664334,834871
2020-05-27,579.6981811523438,584.5915516297106,574.9754387862674,583.2259942660851,856416
2020-05-28,609.6845703125,611.6191642613127,580.9784595820184,583.1121985576425,1528372
2020-05-29,619.7559204101562,625.218327960405,603.1410949796621,609.6846009427878,2199248
2020-06-01,640.4105834960938,652.644099068466,626.8683668081999,628.7461044214199,1242670
2020-06-02,631.3919677734375,649.2301810475007,627.494321782041,641.3779735765592,913327
2020-06-03,641.975341796875,652.0751183598684,632.7290608123088,640.1261210981835,1349215
2020-06-04,633.5256958007812,646.9540813636213,628.2624336601643,640.1261167822394,1052675
2020-06-05,654.6925659179688,664.5931981425757,636.6552082299845,636.6552082299845,2231351
2020-06-08,643.5116577148438,668.433894729737,639.756241601255,665.5035756326131,1212377
2020-06-09,638.845947265625,653.4693243366806,635.5457360878004,645.8162611664915,597789
2020-06-10,627.0675048828125,642.4020857901908,621.7757849968693,636.1430985308069,671406
2020-06-11,608.2620849609375,633.8102166397545,606.0998880776593,628.5185554063149,734240
2020-06-12,608.06298828125,613.8383724530399,583.4252657860798,583.5390376061762,618753
2020-06-15,596.7966918945312,614.5210722287512,591.1919960255494,605.815310891156,703736
2020-06-16,587.6072998046875,607.6930209237911,579.8973230941798,607.6930209237911,1161290
2020-06-17,584.677001953125,592.8421852903779,580.9500433331199,585.5020398607983,828596
2020-06-18,593.5819091796875,600.1823314269091,582.4010322043335,583.738191301602,832489
2020-06-19,607.067138671875,611.4484473770415,594.6060208282627,594.6060208282627,1280919
2020-06-22,616.7117309570312,625.8441809812302,607.124016238605,607.124016238605,873430
2020-06-23,626.6407470703125,634.2653507906036,617.3660677115329,628.7460873928515,829155
2020-06-24,622.6577758789062,644.1091157989267,619.1300215724682,634.4361456623933,1154522
2020-06-25,631.6480102539062,640.9512074244901,616.5979463647325,623.0561383374286,1087476
2020-06-26,635.2327270507812,642.4021258120852,630.4815856192914,642.4021258120852,984488
2020-06-29,625.4459228515625,634.9766634104303,621.7189643575106,634.3792283075168,492003
2020-06-30,623.994873046875,641.2640471976918,621.9180496755267,628.0348071576105,936971
2020-07-01,623.027587890625,631.0789389782661,615.9150463723641,623.9948551990318,817424
2020-07-02,622.800048828125,634.15161134814,618.3049088762536,628.4046857332913,864041
2020-07-03,653.89599609375,656.4564830467964,623.852724355916,627.0391041754598,3237140
2020-07-06,661.3499145507812,675.9732307828118,657.1962080984548,668.4623980435858,5129423
2020-07-07,667.2675170898438,671.4212234755283,658.9316465753503,667.352831155509,1610429
2020-07-08,658.0496826171875,675.8593781026593,647.9499055009794,665.7312024074907,1630873
2020-07-09,651.2785034179688,665.4466120910022,649.0024758881361,663.4551027933236,1032811
2020-07-10,647.4378051757812,658.9031993246019,643.284098723953,654.351202790108,792293
2020-07-13,650.738037109375,654.2089353191985,638.2484596046845,650.5958075505774,1033135
2020-07-14,643.4263305664062,662.8862208361566,640.1261789190353,650.3681859489982,1393536
2020-07-15,658.4195556640625,662.8862382648566,645.8446049589248,650.9371804459767,1711907
2020-07-16,660.2118530273438,666.8691304703093,648.1205668812327,660.610143081342,1019074
2020-07-17,659.4437866210938,664.0242413691245,645.8162533629895,660.2119682853721,1222232
2020-07-20,671.4495849609375,675.8308938858639,660.1549380774054,662.5447375670286,1868359
2020-07-21,670.8236694335938,681.9192300781357,666.8691084383829,681.6631695765383,1643962
2020-07-22,668.519287109375,675.0343352206202,658.5048832953372,670.8237134475455,951563
2020-07-23,664.0809936523438,672.2177180933362,661.1790733511256,668.5192177408304,674775
2020-07-24,660.6670532226562,670.2831665787373,653.2131365682582,662.7723344417415,1005777
2020-07-27,646.7264404296875,659.9557393527163,636.1999167697376,657.8504582862058,1470062
2020-07-28,650.2827758789062,652.5872613492292,638.8742978229669,648.6042424066326,670791
2020-07-29,653.6683959960938,655.6029900905946,643.8246790617179,649.0879417070861,1113167
2020-07-30,650.05517578125,660.4963273047225,646.6696510807039,659.3583725996161,1033389
2020-07-31,661.2075805664062,662.8861731767931,645.816142966232,648.6611480013255,874540
2020-08-03,654.1519775390625,667.7795681242351,652.07515396182,662.8292816663409,1065946
2020-08-04,666.1864013671875,671.4212656657036,655.5176460469017,657.3669261565153,1245679
2020-08-05,665.8449096679688,674.0954060206916,663.25596530074,670.6814238509305,986934
2020-08-06,659.7282104492188,671.5065209717859,658.2488219892189,666.499319070759,554710
2020-08-07,655.6882934570312,662.7723782704159,649.8560535250651,658.903190144559,996912
2020-08-10,644.2798461914062,655.4891200059892,637.7362812909688,650.368146384392,1513038
2020-08-11,659.0737915039062,667.438118687566,641.2924965946868,647.523084955076,1755093
2020-08-12,667.4097290039062,671.9901830879892,646.7265116877503,656.6271436664726,1380423
2020-08-13,670.39697265625,673.6971833601052,660.0411941517413,671.990192104523,1519478
2020-08-14,689.5723266601562,720.3552614618659,669.0882546180277,674.2662029035602,9265004
2020-08-17,699.2737426757812,708.9752293457436,689.3447124007238,696.286508103536,2589613
2020-08-18,707.609619140625,710.5115396781637,699.7289545496917,700.1841600914117,1249266
2020-08-19,696.343505859375,713.2997070653017,694.1813088821742,709.2882299776547,895988
2020-08-20,692.1328735351562,701.9765907673949,687.040298033854,691.2224623657938,1039610
2020-08-21,702.830078125,710.2270800429111,695.3192452304115,703.5128864939362,1229103
2020-08-24,697.7090454101562,718.648324580519,695.3761611875004,707.6381357650291,1512020
2020-08-25,699.9849853515625,705.9310557196576,694.7501810076782,700.4401908739612,627158
2020-08-26,701.2653198242188,705.5328573603356,696.2296598465525,701.0092592891324,727189
2020-08-27,691.3363037109375,708.4062767376201,689.7715418855948,706.1303079437943,994900
2020-08-28,694.8355712890625,703.854190409221,692.4173140783342,692.4173140783342,899901
2020-08-31,659.955810546875,699.8143397238069,652.7010386610124,697.0262501059466,2229294
2020-09-01,670.140869140625,675.4041312834634,650.1689780697292,665.162125243365,1030776
2020-09-02,680.4967651367188,682.8012507146458,669.9986976818923,675.1765870508177,935591
2020-09-03,692.9010009765625,695.0631979375288,678.960492545417,681.9477274481737,860135
2020-09-04,693.6122436523438,702.3464044350433,682.82965779307,683.37023659689,1168401
2020-09-07,696.8555297851562,699.2168716843845,685.2479061652152,694.1812710362332,666186
2020-09-08,686.9264526367188,698.8469923039038,681.1510693770475,697.0262293239272,947568
2020-09-09,681.8339233398438,683.7969751585657,669.0029717415956,682.8012499593767,518157
2020-09-10,692.7872314453125,695.3192607684541,680.8381734674725,683.228032394009,587085
2020-09-11,696.8555297851562,702.0618768935494,688.6904056578113,690.1982519106608,968522
2020-09-14,703.0007934570312,706.699294563457,691.4500845403128,702.7163343314143,1026641
2020-09-15,704.281005859375,746.4155653581715,701.8343498359968,709.544268578719,5700105
2020-09-16,714.4376831054688,721.0381046662741,698.590979810853,708.2924671118711,1296324
2020-09-17,714.124755859375,716.6853021407061,704.1388087696901,711.1944363795337,673504
2020-09-18,715.14892578125,720.9242500850537,704.6508586632444,715.5187581061053,943934
2020-09-21,707.609619140625,716.8843580985387,698.7332294044946,715.4902837315582,904406
2020-09-22,692.2750854492188,709.9710098206082,680.9519799372254,707.2682932896242,774520
2020-09-23,700.1842041015625,710.9667899077749,694.1812767838356,694.3804218253923,1606454
2020-09-24,689.3162841796875,696.9124307726448,679.1595915371587,694.807149443872,956752
2020-09-25,687.1825561523438,698.0220582379592,674.8068091092197,692.7018797232068,1048787
2020-09-28,708.8614501953125,720.3268443706295,689.543907831721,692.6449735968971,797014
2020-09-29,716.9697265625,727.0125886567828,703.2852790218459,711.2512582789786,979092
2020-09-30,719.5017700195312,731.1662494821675,712.4176854498621,721.8061963371157,1590769
2020-10-01,717.6524658203125,726.614228598929,714.1531102671031,723.883054568077,495511
2020-10-05,727.4109497070312,732.8733575470402,717.5672324972385,721.9485418670223,963249
2020-10-06,726.1875,737.4252907377471,721.3794432049209,732.304257944465,743993
2020-10-07,725.7323608398438,730.5973335639155,716.9412843084849,730.5973335639155,575167
2020-10-08,736.3158569335938,739.1324047304803,721.6925390889301,728.3213599992936,1063709
2020-10-09,730.6257934570312,738.7340616330912,724.6228067500691,735.2062479123357,1204752
2020-10-12,716.6852416992188,733.0155488787364,714.523044871527,729.2032171054651,587388
2020-10-13,701.1515502929688,719.3879947038567,694.8640453637154,719.3879947038567,795978
2020-10-14,702.6024169921875,704.7361559906119,691.8482896109426,698.1641925445014,679562
2020-10-15,704.508544921875,709.9424944502545,697.452977439275,702.7730960017701,894762
2020-10-16,720.0422973632812,721.9200350591213,697.8228351630156,710.6822441177054,1625693
2020-10-19,726.4720458984375,730.0283171634297,715.0635674383534,722.6312563664079,627414
2020-10-20,732.7310180664062,738.3925705616031,722.8304452172822,725.5616193662353,872949
2020-10-21,734.4096069335938,742.4894166962589,729.0894290481007,736.3726586805402,1060161
2020-10-22,724.9926147460938,739.4167848314546,720.6966199050627,728.3212238706359,657944
2020-10-23,727.7522583007812,734.5233667886511,722.6312255311626,724.9072532429275,718315
2020-10-26,727.3255004882812,732.816365499088,717.2257237973731,729.9998182218654,763818
2020-10-27,720.668212890625,730.8533634983786,710.8529537834039,730.8533634983786,783694
2020-10-28,731.6498413085938,736.2872103967165,710.6821670696129,720.6681120766145,1146854
2020-10-29,733.4423217773438,736.5149298299185,721.2088050549056,729.4593025738269,713290
2020-10-30,721.3510131835938,747.6388681494905,715.234255004069,733.4422999909243,1575064
2020-11-02,730.2274169921875,734.0112316401018,717.9085281712233,722.6312116276397,415243
2020-11-03,743.314453125,750.512309516489,730.2843569886464,732.2758073103423,713475
2020-11-04,757.084228515625,761.0957049926243,741.2375267917797,747.6957181590686,918511
2020-11-05,757.7671508789062,770.1998130588122,752.7884062907106,763.030413752165,811169
2020-11-06,756.6575927734375,765.0219215256675,751.1098116288541,756.7713645889545,785269
2020-11-09,767.7530517578125,770.5980569466958,755.0358720554963,755.633366334668,631104
2020-11-10,772.5042114257812,782.4616994764864,768.5496502816778,773.1585619928551,1011391
2020-11-11,779.5313110351562,787.4119754788037,770.0005709063914,774.4956515922346,658549
2020-11-12,799.6455688476562,804.5673974400196,778.1088562335977,780.0719079548938,1268634
2020-11-13,779.61669921875,795.9754634958986,771.7075768820491,792.618396578669,760600
2020-11-14,779.1046142578125,787.1560256763861,774.49570230503,785.1645161291068,78255
2020-11-17,800.9259033203125,802.8604975196249,776.9993884625997,785.2214286006055,588910
2020-11-18,811.5092163085938,815.3784635409896,788.7491751257959,800.5844012739473,1265162
2020-11-19,812.3059692382812,821.6375661295766,802.5191075628455,811.2817270104663,943355
2020-11-20,810.9971313476562,816.516395029706,805.3924352760507,812.3342902370955,623009
2020-11-23,795.9754638671875,814.9800881793794,792.0493604388405,814.9800881793794,768956
2020-11-24,792.4476318359375,803.4293617454427,787.9525511675981,795.9754451227445,987249
2020-11-25,776.2596435546875,804.5105516414478,772.7034312857243,793.7564232738899,968762
2020-11-26,863.0038452148438,872.7906465615213,794.4107442306263,799.4464040388775,16340126
2020-11-27,861.1544799804688,873.3026811861165,848.2666141756692,867.7264431334335,4639230
2020-12-01,863.4874877929688,879.1065287319608,847.8968454329406,854.0136035232204,1706573
2020-12-02,857.4276123046875,864.7392999926818,848.3236192469034,862.719332674554,822677
2020-12-03,872.98974609375,881.8946527508162,855.6067989076644,862.7192819728649,1609994
2020-12-04,869.8602905273438,884.7965228607658,860.3294909462064,875.1235528962856,754181
2020-12-07,874.3838500976562,884.7965441170916,865.4505445596582,869.7180227106704,675935
2020-12-08,875.2658081054688,881.1549634832744,865.5074646284294,874.3838547277618,460968
2020-12-09,890.4580688476562,904.1140567603655,876.2899007776781,878.025349611358,2233058
2020-12-10,874.5545043945312,894.1850214759532,867.7264804468224,893.6729596153755,529479
2020-12-11,873.84326171875,880.6428281066009,864.0564606579824,878.9073791224123,679584
2020-12-14,878.7936401367188,884.7965674492681,868.0395120833911,876.8305883027458,509470
2020-12-15,874.2416381835938,885.7638885874762,870.0879317564178,878.7936346910716,1031222
2020-12-16,877.3710327148438,881.75234157708,872.2785169788001,880.8135319378172,278320
2020-12-17,868.46630859375,889.3486730032778,863.8289385673514,876.8306374556331,989850
2020-12-18,875.6924438476562,885.9344493172073,866.3323916429356,868.4661304566547,703862
2020-12-21,840.1583862304688,892.7625516397829,820.0157480546883,877.8547180372603,1564059
2020-12-22,858.0819091796875,862.719278648802,820.1011184144324,839.0204286063638,701639
2020-12-23,881.1549072265625,884.1136840162034,852.9324601054894,860.8984977392508,649647
2020-12-24,882.3782958984375,884.7965532635784,863.7435622281071,879.1065428942711,733125
2020-12-28,895.0101318359375,897.8835946684302,876.375339619865,883.3740509587483,778217
2020-12-29,896.6317749023438,900.7286249448106,884.9672951205142,895.0101568621109,561048
2020-12-30,895.23779296875,900.1596219223387,887.926105152903,897.4284476227292,331812
2020-12-31,896.489501953125,903.9149609455412,886.4750984392946,893.3315209270612,491577
2021-01-01,911.2835693359375,921.895467851562,894.1282238605966,896.4895657810137,1258401
2021-01-04,909.5196533203125,920.2737812813534,902.037337551524,913.1897555919169,414105
2021-01-05,917.6564331054688,921.7816820232612,901.8666444050242,905.1383976269775,487608
2021-01-06,920.95654296875,930.5726565274936,911.6249476652885,920.4728796838821,680610
2021-01-07,929.0648803710938,947.3582400394092,923.3464120748152,923.488700795032,915898
2021-01-08,941.6398315429688,947.3866984234639,929.1787119749781,932.8202974319335,817922
2021-01-11,944.0864868164062,951.9387534416095,931.3977644697235,941.6398307934811,423693
2021-01-12,934.6126708984375,947.4151651896781,932.7349330820987,942.2657333943322,248715
2021-01-13,926.6466064453125,938.7948089317379,924.000746260853,934.2996687270273,723859
2021-01-14,939.5060424804688,941.7536126464952,915.2381537273815,922.3506965745046,504276
2021-01-15,923.6309814453125,948.9515120543373,916.1201481684881,941.5829675056008,376134
2021-01-18,931.5400390625,939.449161892127,903.4029035884885,924.6266414406244,694736
2021-01-19,955.7224731445312,970.146643129554,927.556941472225,931.4261293290449,1902928
2021-01-20,957.201904296875,965.5946901056392,951.4265799948784,958.7666659869586,554107
2021-01-21,949.804931640625,985.9934191531377,943.77354663706,967.3017106960799,1168738
2021-01-22,946.7322998046875,963.0057504689943,934.7263864229433,954.5561082954347,366673
2021-01-25,951.0567626953125,972.4227295870417,929.6338211540312,947.6711787431058,663293
2021-01-27,929.6661987304688,957.8622103598813,921.2704283225738,957.8622103598813,558293
2021-01-28,937.6607666015625,942.6753467785622,914.4793348736742,919.6371070481706,315669
2021-01-29,909.1782836914062,948.8647546305898,901.3842410949808,948.8647546305898,672879
2021-02-01,966.37255859375,974.2525278597257,896.8854106211628,912.6454087419592,609112
2021-02-02,1042.3642578125,1048.7542077171836,973.6507549706965,974.2524830992518,2005737
2021-02-03,1028.696044921875,1061.3621726931876,1021.3032145343099,1032.7076851023598,1459965
2021-02-04,1059.81494140625,1076.2625358678079,1025.8880311805112,1028.7534204930867,1321905
2021-02-05,1054.427978515625,1071.0475480812179,1039.0118654330754,1060.2162013784143,533046
2021-02-08,1076.97900390625,1081.4205186055713,1049.9291210893646,1053.081133023669,715561
2021-02-09,1061.5914306640625,1088.8704875238645,1056.2043609803802,1076.9788190112433,523867
2021-02-10,1065.8895263671875,1071.2478739902795,1048.7541596883289,1063.0527400752353,386027
2021-02-11,1057.207275390625,1075.2595965193602,1054.4851378165104,1065.0299796604604,342927
2021-02-12,1058.009521484375,1081.9933148332163,1043.0518882042122,1060.215977080867,649077
2021-02-15,1074.8011474609375,1085.919115091553,1045.8887587632378,1065.087331387568,1072542
2021-02-16,1049.6424560546875,1094.601403982803,1040.1578190649723,1073.5116014303176,950327
2021-02-17,1071.8211669921875,1075.6895558777912,1043.0234256831322,1047.0350661612217,919290
2021-02-18,1067.3795166015625,1087.7242195855767,1056.0896955705762,1076.8355506335329,735700
2021-02-19,1053.7401123046875,1078.8414379003866,1048.8402404944616,1059.356480425734,811099
2021-02-22,1035.9171142578125,1057.8950313471712,1030.2721433454876,1052.1928551391086,1062653
2021-02-23,1071.075927734375,1078.6694529184751,1036.7192663997403,1036.7192663997403,816833
2021-02-24,1090.647216796875,1102.0516884789663,1063.0815338775803,1071.6779405834097,931707
2021-02-25,1094.6014404296875,1116.951905292484,1091.3921044073657,1103.7708527443458,1096815
2021-02-26,1060.2161865234375,1114.086535253275,1051.1613028447362,1087.7244268833686,1529158
2021-03-01,1093.512451171875,1103.1976639748439,1059.1557894019973,1068.4397309447054,661736
2021-03-02,1111.593505859375,1114.659470978764,1090.7903259099057,1100.3035654220762,621651
2021-03-03,1098.3265380859375,1123.2560099775617,1094.7160496958184,1118.0981183440917,514629
2021-03-04,1112.4244384765625,1124.402034432985,1090.303152820085,1090.303152820085,619135
2021-03-05,1089.7874755859375,1118.0980162111414,1083.8558828726152,1111.7941124002639,397465
2021-03-08,1089.1856689453125,1103.1691451428726,1084.4290488810764,1094.028335303555,278576
2021-03-09,1089.615478515625,1101.2778492845523,1080.274093171602,1092.022391051767,231458
2021-03-10,1091.793212890625,1101.478425861969,1086.0049910589807,1092.4522654916998,279294
2021-03-12,1099.8739013671875,1127.6973643118388,1092.0224748446972,1097.5815184109017,1252340
2021-03-15,1070.8753662109375,1102.9111618012132,1057.0639836384544,1102.9111618012132,464879
2021-03-16,1079.385986328125,1082.4806736440241,1061.7060938250902,1079.9016682326921,623024
2021-03-17,1043.4530029296875,1083.1395270032458,1036.4899279558233,1079.385787701363,499322
2021-03-18,1026.5469970703125,1057.2645685605173,1021.1885300161484,1053.940583759848,1045598
2021-03-19,1056.08984375,1060.7891396038838,1007.5205217849423,1011.5034404894335,726176
2021-03-22,1053.79736328125,1072.1649093933415,1042.4502172419916,1060.2160352068727,780189
2021-03-23,1061.8780517578125,1075.6895551201108,1049.6425542671427,1055.3161277339266,471341
2021-03-24,1034.512939453125,1066.6346657126858,1028.0370617651222,1051.2758783946765,830602
2021-03-25,1032.994140625,1041.189394012853,1018.6955597231687,1031.5615056947975,737171
2021-03-26,1037.149169921875,1048.754336723615,1030.272139975095,1040.731055667239,359141
2021-03-30,1050.3016357421875,1065.7750725204148,1040.2725938677977,1045.4303664013066,391107
2021-03-31,1056.7774658203125,1065.9469977018393,1048.8975557803503,1060.7891062240567,287122
2021-04-01,1064.9439697265625,1069.815238716664,1051.6196653856287,1060.2160715001517,211872
2021-04-05,1045.544921875,1067.6662080016429,1035.1147287923372,1062.9667933253986,257817
2021-04-06,1023.509521484375,1053.9119873565824,1018.724299064712,1046.289859316336,672186
2021-04-07,1026.3177490234375,1035.1719363515424,1020.701500364906,1026.403676138192,396877
2021-04-08,1055.201416015625,1063.9696752412397,1020.7299880263669,1026.4035605148424,616148
2021-04-09,1059.6429443359375,1095.7475877700463,1055.2301519344867,1063.08145910534,1805759
2021-04-12,991.302001953125,1052.1928055902554,984.453574954216,1036.7766941810796,619387
2021-04-13,1014.2542724609375,1024.2259894516253,986.2874980497163,992.0183959107579,370572
2021-04-15,1041.1033935546875,1043.9975045418344,987.1470656369489,1008.637961079369,1021140
2021-04-16,1058.9263916015625,1073.5114743064412,1035.1145735128275,1040.4729208338501,1073713
2021-04-19,1027.7218017578125,1042.6794364390514,1016.088152104456,1026.4897427703881,484238
2021-04-20,1029.2117919921875,1048.6395419025166,1016.6610710719859,1048.6395419025166,397983
2021-04-22,1032.163330078125,1044.943230954323,1014.5121601229619,1026.4037104654562,562438
2021-04-23,1031.532958984375,1042.9947554378296,1022.9939957085046,1038.4387110119026,242720
2021-04-26,1037.37841796875,1050.6741197928511,1032.1059968155057,1035.00010792051,312148
2021-04-27,1056.7774658203125,1058.2675445454845,1032.7077425755426,1039.5275670152164,308574
2021-04-28,1071.935791015625,1078.3829467714766,1047.178293407669,1065.259218197274,499545
2021-04-29,1075.947265625,1099.1860808616193,1072.250850403023,1088.8705367568523,1076109
2021-04-30,1078.23974609375,1095.9482414232355,1070.5316899629115,1077.4088391663383,361659
2021-05-03,1080.7899169921875,1088.8705217718684,1063.0814235094801,1066.5199381637485,278603
2021-05-04,1076.9215087890625,1094.6013993044112,1057.3505067549468,1084.285736351934,649765
2021-05-05,1052.4505615234375,1083.1395285374308,1048.4962461850596,1073.9699980330672,381819
2021-05-06,1067.551513671875,1070.9900282405977,1048.8401404101342,1058.783253850558,205133
2021-05-07,1067.6947021484375,1074.7437042687964,1055.6885045118845,1068.6403770233262,207455
2021-05-10,1079.1279296875,1082.6237686333216,1063.081369873598,1068.8122670674657,273001
2021-05-11,1116.7513427734375,1125.4910004427572,1068.353878041019,1068.353878041019,1465577
2021-05-12,1148.3572998046875,1228.417895995145,1136.4370275534638,1166.810774128874,8562199
2021-05-14,1142.16796875,1183.2012082971676,1137.8697058318492,1158.7875373315449,1145217
2021-05-17,1181.7110595703125,1188.444837561387,1126.2072670083282,1147.325673326625,1493415
2021-05-18,1165.2921142578125,1193.1729023194887,1158.8734418315132,1184.5764958286907,758031
2021-05-19,1164.1458740234375,1177.6994769638084,1156.1227121822692,1166.2376809876266,368487
2021-05-20,1146.40869140625,1173.8310010903942,1142.884249589403,1160.5066970290168,383838
2021-05-21,1138.3568115234375,1157.4120132017113,1132.0527884325809,1150.191036963905,379487
2021-05-24,1147.1251220703125,1166.180324585124,1131.8522620694487,1140.4486684050682,619729
2021-05-25,1152.2542724609375,1164.518372162714,1138.4141669435983,1148.5578571270376,605515
2021-05-26,1143.4288330078125,1164.518520288249,1140.4487944089917,1152.2544190264914,337271
2021-05-27,1171.2235107421875,1177.183586994456,1144.7180350626588,1151.9104086244345,1491611
2021-05-28,1167.4984130859375,1189.132620614352,1159.819079225778,1180.5649362266358,551894
2021-05-31,1195.6370849609375,1205.7807750337283,1163.372227596502,1169.103125269391,948816
2021-06-01,1180.16357421875,1203.488434714675,1176.5532054485302,1195.6370088685642,404247
2021-06-02,1197.55712890625,1206.9271181174624,1184.2327043968103,1186.0380082121728,1001673
2021-06-03,1226.813232421875,1236.0399691696787,1195.5225340646089,1203.4884900315415,1709630
2021-06-04,1214.8070068359375,1248.1895145450944,1206.927096561572,1237.8739696380633,1204796
2021-06-07,1209.735107421875,1231.5411691946667,1207.299472898095,1222.400478452147,388647
2021-06-08,1208.5604248046875,1232.1430694686287,1205.7808433378386,1211.511741335367,998876
2021-06-09,1191.998046875,1220.6525365072123,1186.92620161421,1208.5604098137062,650920
2021-06-10,1199.047119140625,1209.1908102459975,1193.172969284048,1200.0499995204884,316434
2021-06-11,1203.2591552734375,1220.1080198365119,1199.5054156914493,1201.1960703477685,670489
2021-06-14,1185.321533203125,1210.5661092867078,1176.1233989961177,1203.4885037392662,484172
2021-06-15,1180.4501953125,1197.7288143293156,1174.7479006545593,1189.1611306091374,463014
2021-06-16,1161.423583984375,1180.7654068506909,1157.5551955755752,1177.126197126081,403003
2021-06-17,1152.0821533203125,1168.9310167502408,1147.8699374628304,1156.3802962837601,311185
2021-06-18,1159.96240234375,1169.1032128233196,1123.657180147871,1155.922039928616,414220
2021-06-21,1148.2138671875,1151.9104015602838,1129.0727385930902,1151.9104015602838,389317
2021-06-22,1144.6607666015625,1158.7873740700386,1142.1678078300238,1157.6412422932965,170618
2021-06-23,1162.3692626953125,1173.6878067918362,1141.7380542951366,1149.503434578181,665978
2021-06-24,1160.7645263671875,1202.3421635931422,1155.835933312794,1167.2691250932364,2159448
2021-06-25,1154.9189453125,1169.1029959286261,1147.640764470203,1164.2603301296103,462683
2021-06-28,1152.7413330078125,1163.0855990813186,1149.9332682449294,1155.6354440638286,196412
2021-06-29,1141.738037109375,1160.4781335553596,1135.3480867062185,1155.234315032524,318356
2021-06-30,1158.2430419921875,1169.0457845513276,1146.609273398617,1157.5266648958216,1320011
2021-07-01,1157.55517578125,1171.9684053253436,1153.1997082569737,1162.7989937385682,478191
2021-07-02,1157.526611328125,1163.8878394309515,1147.898722885474,1158.2142665693066,382220
2021-07-05,1162.1685791015625,1173.6876981937717,1158.787389015534,1163.887836377691,456129
2021-07-06,1162.5697021484375,1177.6993088136783,1159.2458366116628,1163.9451317705214,412492
2021-07-07,1152.884521484375,1165.6358186914715,1148.529053815809,1162.5697343947168,336327
2021-07-08,1153.8876953125,1171.3954957441515,1148.1567971173615,1153.9449006098498,414976
2021-07-09,1147.4114990234375,1161.6527553275978,1142.1678001872692,1153.8874950928605,261892
2021-07-12,1152.3975830078125,1166.2376892332468,1149.0449951474175,1153.7156883626158,364964
2021-07-13,1150.105224609375,1168.3868457259628,1146.8099611517443,1156.4665728038763,699312
2021-07-14,1146.4945068359375,1160.965060507004,1143.0273898255714,1152.4833043365531,820314
2021-07-15,1165.1773681640625,1180.4502271672218,1147.7267752779771,1149.3601054845935,1369881
2021-07-16,1153.8013916015625,1171.968359854475,1151.0506516566315,1171.681856720832,488588
2021-07-19,1130.9066162109375,1151.1079490128045,1127.3247308655214,1151.1079490128045,565061
2021-07-20,1114.287109375,1133.9727634924916,1102.6247367067106,1130.9067978562632,421988
2021-07-22,1132.5687255859375,1138.700776007051,1118.7572214306335,1119.8747507641765,784309
2021-07-23,1131.9095458984375,1144.4315458880717,1126.4365487962773,1135.9785106233455,627785
2021-07-26,1132.2247314453125,1140.3912632564452,1126.6370855991133,1132.4253074922178,328727
2021-07-27,1113.341552734375,1139.6750583915655,1109.5018854404605,1136.0931724731781,485966
2021-07-28,1113.0262451171875,1118.1841366214023,1100.3323903632208,1116.9519584226898,311944
2021-07-29,1119.61669921875,1128.0984561146558,1111.0204125644243,1119.186944474878,691051
2021-07-30,1119.3590087890625,1135.2909235014731,1112.4246536960686,1122.0239415764552,662031
2021-08-02,1133.54296875,1134.7178225234989,1116.0350494509898,1124.28750933595,221337
2021-08-03,1162.340576171875,1168.8451751448977,1135.2906973997112,1141.59472032569,1396878
2021-08-04,1170.994384765625,1175.9803033157755,1161.6529977353666,1167.154717401423,587678
2021-08-05,1181.48193359375,1185.694030973657,1169.103184459376,1180.5649803854483,576836
2021-08-06,1195.2073974609375,1200.6230704433667,1174.834089053004,1180.5935896960623,727174
2021-08-09,1185.7225341796875,1206.6975668024668,1181.2810205500682,1202.8005759745467,529342
2021-08-10,1180.3929443359375,1217.8156929393763,1169.1317250730922,1189.6770056941082,1080745
2021-08-11,1255.868896484375,1271.170358732601,1128.9868432666917,1134.6890191244447,7553957
2021-08-12,1256.18408203125,1264.8089713399975,1226.4692706297212,1244.1204397017123,1384357
2021-08-13,1286.4432373046875,1303.7218577201768,1241.9141604705856,1255.066610768232,2857680
2021-08-16,1275.1246337890625,1300.6844342480501,1260.9407012134502,1286.4431772043552,438213
2021-08-17,1289.85302734375,1302.4609535641482,1264.40775786394,1272.8321898918773,788918
2021-08-18,1276.098876953125,1316.8454891353272,1270.253330676385,1290.9132591001649,881108
2021-08-20,1271.0556640625,1285.239715758979,1251.7425622142653,1273.0901463716903,438922
2021-08-23,1239.9656982421875,1279.1937541963794,1235.5816272657175,1275.4400140902012,525685
2021-08-24,1260.7115478515625,1264.2361092099966,1231.9425273037664,1237.8740015314413,534336
2021-08-25,1254.7513427734375,1279.8239451547922,1245.3526326222786,1268.8206265880876,522165
2021-08-26,1267.130126953125,1273.3768257412535,1249.908711932956,1255.467755431425,541741
2021-08-27,1273.52001953125,1289.4519311881397,1266.7575199939383,1268.0756252207093,749499
2021-08-30,1294.265869140625,1297.503807723748,1276.1848263293873,1283.7210273785163,444564
2021-08-31,1302.2890625,1311.4585939792855,1292.8904715002675,1301.7160561658122,579147
2021-09-01,1309.8253173828125,1318.1064986989775,1296.4436882528735,1306.6447030581166,448586
2021-09-02,1309.6531982421875,1328.421895454008,1302.489546969334,1315.2408438514594,369395
2021-09-03,1299.423828125,1321.5451168936154,1289.566640199109,1316.9603506076883,360640
2021-09-06,1279.8526611328125,1308.9369035978914,1277.7322516854708,1303.206006054371,349468
2021-09-07,1267.359375,1286.9877037856236,1264.8090914040633,1281.5433089301084,298228
2021-09-08,1266.757568359375,1271.9440623515975,1245.3240562834712,1268.2476470464946,602879
2021-09-09,1278.3052978515625,1292.0021517498526,1267.1014029349344,1267.6745284604535,644632
2021-09-13,1265.697509765625,1289.9392086050696,1262.144345636391,1277.9903326152287,231206
2021-09-14,1264.98095703125,1273.0901645611018,1261.8576673212897,1266.5283601523292,213838
2021-09-15,1265.8118896484375,1276.3567308413944,1263.6913611748132,1266.24164436523,128862
2021-09-16,1260.568115234375,1268.9639447779932,1257.1008788484949,1266.012509412224,297451
2021-09-17,1249.6507568359375,1265.9552179727918,1238.0171076463055,1264.751761679593,397567
2021-09-20,1224.262939453125,1261.8289387751086,1215.265381473328,1249.335660824142,393499
2021-09-21,1243.3470458984375,1247.559262755721,1212.6866740671255,1216.7556393212385,294289
2021-09-22,1238.9913330078125,1259.4219631964454,1228.7903192354504,1248.189347400442,488514
2021-09-23,1239.4212646484375,1250.4819086267441,1233.8909426592843,1242.1721243190184,216983
2021-09-24,1215.0936279296875,1244.4930977327253,1207.3855719052228,1243.6048663436636,196903
2021-09-27,1201.539794921875,1220.0219880890772,1198.0439561526284,1215.2366468658283,327214
2021-09-28,1204.0615234375,1225.838982370239,1195.1786141251682,1199.4768767837656,351184
2021-09-29,1219.2769775390625,1229.2774154091792,1187.4418768957796,1203.3737881284153,444128
2021-09-30,1220.3372802734375,1236.1545438443807,1210.1076628939022,1223.431967458087,663929
2021-10-01,1231.2545166015625,1234.9509314971947,1209.219278798074,1216.6694330529956,229988
2021-10-04,1276.070068359375,1280.8554096240173,1226.4405507925974,1235.0082339922374,714915
2021-10-05,1288.1051025390625,1290.5980614088055,1271.3135622411166,1278.6204654471023,745707
2021-10-06,1258.18994140625,1298.621452080595,1252.2011429163383,1288.1052120306495,449180
2021-10-07,1281.97314453125,1284.4661035790305,1269.2791705826776,1273.405459956007,237320
2021-10-08,1274.2364501953125,1303.664521163863,1270.53991569821,1289.4519854108255,504448
2021-10-11,1281.8583984375,1287.0734948474872,1269.3937233209724,1274.5514952634624,193521
2021-10-12,1298.535400390625,1309.5101169982631,1276.070285279302,1286.5865252855785,482322
2021-10-13,1289.0506591796875,1305.0112926502459,1275.9842558550524,1300.913725391562,262853
2021-10-14,1300.541259765625,1322.662546872552,1290.9419731129951,1297.4751751964072,669230
2021-10-18,1298.5640869140625,1323.2642598883344,1284.723981307432,1311.2293388130363,424334
2021-10-19,1324.7542724609375,1379.4270417820073,1300.9710517122028,1308.220631129752,2668860
2021-10-20,1266.9295654296875,1328.4220380192648,1261.9436474005317,1324.6970199984385,495784
2021-10-21,1254.55078125,1282.7753954981993,1245.38136886784,1279.1363046978345,269427
2021-10-22,1245.2667236328125,1266.3850105737863,1229.8506125212846,1260.1384310493834,216180
2021-10-25,1236.49853515625,1257.9320483363335,1205.035861117407,1257.9320483363335,303668
2021-10-26,1243.1749267578125,1254.751371096101,1233.1171637550003,1236.7849764192563,233230
2021-10-27,1244.263916015625,1271.743552202592,1233.3178019415225,1233.3178019415225,274940
2021-10-28,1239.44970703125,1258.6196759471977,1231.1113211537154,1244.2637704211413,442857
2021-10-29,1253.1466064453125,1265.7259306943272,1218.7612212668275,1235.3235830590804,242967
2021-11-01,1281.2281494140625,1284.6952669085538,1254.8660433443015,1259.0781406084225,456962
2021-11-02,1289.8243408203125,1296.15696633648,1281.7438553632362,1281.7438553632362,317019
2021-11-03,1324.582275390625,1331.545350869454,1290.3115400212332,1292.8043796780755,636285
2021-11-04,1321.458984375,1338.1645988131097,1306.7019252757057,1335.2992094546305,97770
2021-11-08,1360.42919921875,1365.0998925358822,1319.6538594511937,1321.4590441026342,483443
2021-11-09,1380.28662109375,1388.2239747267852,1353.3227868852464,1363.3805500592637,879411
2021-11-10,1369.5125732421875,1398.339035075712,1362.8073979237304,1377.707708068507,385625
2021-11-11,1373.982666015625,1379.3983386094833,1351.2596517313075,1369.5125492150787,398017
2021-11-12,1366.6185302734375,1391.6625317601004,1362.8361876676404,1381.1464108541252,444768
2021-11-15,1344.984375,1375.415445302652,1338.7662789051903,1375.415445302652,244530
2021-11-16,1348.4515380859375,1373.1231088891243,1333.7232008419203,1344.9844205446661,297289
2021-11-17,1348.6807861328125,1389.4561224663548,1335.4997334071957,1339.9411284517305,612080
2021-11-18,1325.957763671875,1362.1483339837373,1318.1064565526922,1351.9187168587798,338536
2021-11-22,1297.446533203125,1337.390843443805,1281.8584486523346,1323.8373604469575,350998
2021-11-23,1323.407470703125,1328.995116715136,1280.5690499071914,1280.5690499071914,233766
2021-11-24,1304.5814208984375,1341.0300099006681,1297.475093724137,1329.4535660084891,528589
2021-11-25,1234.9224853515625,1278.133457012689,1203.4885342560024,1277.9902054242311,3668665
2021-11-26,1201.1961669921875,1252.2011221662012,1194.548315943849,1237.2720897488507,1107007
2021-11-29,1222.629638671875,1240.3095300700913,1158.214334618911,1202.9153840749343,657058
2021-11-30,1233.23193359375,1242.5445985760346,1212.7439752905605,1223.861944135755,877988
2021-12-01,1227.8448486328125,1248.705356195015,1218.3889321608217,1230.5097812447655,528470
2021-12-02,1259.7371826171875,1266.5284043151426,1223.5753333723624,1228.1313774249231,530651
2021-12-03,1252.6881103515625,1271.6861062772996,1243.2895195900905,1251.6279056469639,671983
2021-12-06,1249.6507568359375,1277.41701293636,1242.4585025441709,1249.3356510289245,425632
2021-12-07,1266.7000732421875,1280.8554017409244,1250.1091105735607,1260.768600294327,802162
2021-12-08,1276.929931640625,1288.8789260883523,1263.3477260070879,1279.5948641658651,698189
2021-12-09,1301.83056640625,1307.7907617784176,1277.0444674935716,1277.990142450644,880447
2021-12-10,1401.405029296875,1415.5030355086217,1301.830635278675,1303.0915352881452,5750553
2021-12-13,1436.8218994140625,1476.7662073180413,1401.7774628429877,1412.666132014822,3642890
2021-12-14,1441.83642578125,1457.5963637083287,1415.9327983471017,1432.7242191404973,1107779
2021-12-15,1423.41162109375,1468.9722988597293,1412.8381763672119,1441.893816558541,1338379
2021-12-16,1419.3140869140625,1432.7243185279249,1408.797847233222,1432.7243185279249,437339
2021-12-17,1387.56494140625,1418.970290371806,1376.7908009603505,1418.970290371806,647894
2021-12-20,1349.740966796875,1373.6960399771083,1329.5682359574082,1373.6960399771083,509128
2021-12-21,1351.861328125,1374.8422420507557,1338.9667792598862,1356.4746963324067,340800
2021-12-22,1357.191162109375,1369.1114341743037,1348.2796500903485,1352.5490717763346,678784
2021-12-23,1389.2269287109375,1398.9121429255754,1362.1198414758526,1364.3549000775154,858445
2021-12-24,1360.7156982421875,1396.0467621209248,1349.6264514651211,1391.461995940956,541729
2021-12-27,1348.5087890625,1378.0802300604087,1340.9153825554743,1360.9161399945162,1016948
2021-12-28,1378.7393798828125,1415.5317997008262,1361.088209354253,1375.4155138793453,2272133
2021-12-29,1364.154052734375,1382.292299307675,1359.970439555827,1374.8421451762206,444913
2021-12-30,1349.42578125,1368.3664536860704,1343.5229101023194,1363.953661237349,373163
2021-12-31,1353.2655029296875,1367.392231373106,1348.9100347751917,1352.11937100713,593106
2022-01-03,1356.3887939453125,1375.0714458047862,1352.4918027346766,1355.9589200257199,514436
2022-01-04,1350.9443359375,1368.595504077499,1345.6145908164472,1360.9733762413134,504874
2022-01-05,1332.0609130859375,1357.6780352007784,1325.0119111286058,1350.571708781657,608305
2022-01-06,1313.6937255859375,1333.0641533543906,1308.9657079992783,1329.5683139747405,568336
2022-01-07,1303.807861328125,1326.7028510890345,1296.8449041541335,1315.2410548844741,291110
2022-01-10,1326.5020751953125,1332.8347005554012,1286.041966907184,1300.9136732491,1350791
2022-01-11,1325.900390625,1336.4452323568717,1312.3755108336181,1334.6686505791026,583840
2022-01-12,1346.2164306640625,1348.0217343422987,1328.0208573620835,1334.5254566131034,954423
2022-01-13,1352.549072265625,1361.632557699418,1337.1902853870765,1356.7612886603347,504191
2022-01-14,1372.2921142578125,1376.045854244742,1338.9669309836859,1346.1879077690323,985459
2022-01-17,1364.698486328125,1384.326811829764,1355.3571014329261,1383.896937938858,392971
2022-01-18,1332.2615966796875,1373.8393539524675,1318.7654389353036,1365.6728222750614,542966
2022-01-19,1364.154052734375,1368.5381227658834,1323.0061720344152,1334.72586644964,775419
2022-01-20,1381.6641845703125,1387.3704291944816,1357.3982013080224,1364.8912582796372,727728
2022-01-21,1351.029052734375,1414.4607086368678,1327.1088780479022,1375.266267634345,1576151
2022-01-24,1285.7816162109375,1358.8390638685567,1265.3486454342572,1348.1181909058432,709302
2022-01-25,1312.3245849609375,1320.9992612747135,1254.3685512201382,1282.352236419552,496540
2022-01-27,1313.419677734375,1319.9040795629235,1284.5714132867813,1299.7016043107385,451899
2022-01-28,1313.563720703125,1344.7753425343503,1307.7710540765095,1320.3363952412433,255547
2022-01-31,1340.279296875,1346.4466574447636,1322.2382119735007,1327.3104953628208,274504
2022-02-01,1393.768310546875,1402.7600262242388,1337.2820544401152,1345.2938821514124,868358
2022-02-02,1405.8436279296875,1422.8182838739767,1387.1398143573597,1401.43431193738,609066
2022-02-03,1405.468994140625,1417.54432967824,1383.3356335922658,1403.5092183168374,339584
2022-02-04,1396.477294921875,1420.800929976266,1389.2436244300359,1406.9675495094368,274499
2022-02-07,1392.442626953125,1400.5121093037933,1354.516227714545,1374.6898137272435,937873
2022-02-08,1362.3839111328125,1439.8219136006321,1356.8217431447547,1397.313113074368,1691333
2022-02-09,1393.3648681640625,1398.408264695496,1362.3838667692878,1362.3838667692878,319100
2022-02-10,1407.7745361328125,1411.86693184575,1380.5113559645924,1395.5263560750884,313509
2022-02-11,1384.3731689453125,1400.6274430739243,1379.0992739304547,1397.7454336705916,271058
2022-02-14,1343.2188720703125,1374.0556756383367,1337.85843558511,1371.8078666580589,313971
2022-02-15,1395.61279296875,1401.5784228913583,1334.6019109868826,1343.824125184503,531468
2022-02-16,1380.05029296875,1406.3913606296921,1376.419013812641,1397.7454521692428,265145
2022-02-17,1412.0111083984375,1425.4122609470949,1380.4537992171065,1380.684417514501,876419
2022-02-18,1416.42041015625,1443.8565533747294,1405.2384203937017,1412.0109743450091,1007426
2022-02-21,1392.3272705078125,1426.9106623808843,1386.7939901373845,1414.4318643650595,436344
2022-02-22,1387.3128662109375,1397.6878126383583,1350.106847899506,1374.7762928151712,412041
2022-02-23,1381.3182373046875,1418.005481359689,1378.9262319649279,1395.0363088179906,378657
2022-02-24,1317.454345703125,1360.4242632089915,1309.3848629956224,1348.7523885153432,474804
2022-02-25,1378.177001953125,1387.3703288135741,1337.8008232660366,1344.1411478848054,484981
2022-02-28,1353.0465087890625,1366.0442000269925,1323.737126780328,1366.0442000269925,803135
2022-03-02,1367.3121337890625,1379.1568523989058,1345.8703858908739,1353.1040571186404,379247
2022-03-03,1363.0179443359375,1405.2097031809265,1357.4557765406357,1383.3357267787922,476976
2022-03-04,1319.759765625,1363.8247549658724,1317.0507202007414,1357.9744346673365,328335
2022-03-07,1279.989013671875,1313.0449803457911,1268.0577537763731,1296.8772481803815,319233
2022-03-08,1296.7618408203125,1304.6295915633702,1255.377009236927,1279.9889167244503,302979
2022-03-09,1314.6300048828125,1328.6649967677652,1278.8937614432673,1296.8771923003205,323029
2022-03-10,1338.9249267578125,1359.1274018757244,1317.0509483884289,1359.1274018757244,307000
2022-03-11,1360.337646484375,1363.4790414392012,1326.820683563004,1331.5758071608716,291455
2022-03-14,1360.164794921875,1377.5718002994968,1349.5879981712133,1360.2801040614277,442322
2022-03-15,1334.6883544921875,1368.4937111308825,1326.3019516407883,1360.1648429873226,322821
2022-03-16,1359.8189697265625,1370.4533010450732,1343.5646963634201,1353.2480269528837,246412
2022-03-17,1372.35546875,1402.9905426781866,1358.6661639941237,1375.2662454685174,845360
2022-03-21,1353.8822021484375,1389.2725208924596,1349.6744970904529,1383.335777962397,285335
2022-03-22,1336.7344970703125,1360.280095822915,1303.9091496472638,1356.7352387829148,495889
2022-03-23,1323.419921875,1350.9426078582405,1297.4535497148656,1350.9426078582405,995327
2022-03-24,1322.411376953125,1326.6766169180926,1306.099566985933,1313.5926241444877,365826
2022-03-25,1310.5953369140625,1332.843888587116,1301.5171990584902,1328.0022230550758,401071
2022-03-28,1309.701904296875,1317.5120013630512,1291.1133986180234,1308.9814019262562,258095
2022-03-29,1325.6966552734375,1330.9128953169989,1310.825732413829,1319.9327567722487,303610
2022-03-30,1350.7408447265625,1358.6950177741314,1318.7799561804068,1336.9651183852275,484801
2022-03-31,1365.0064697265625,1370.6262920190243,1332.35396572408,1344.1411489297132,593414
2022-04-01,1364.4300537109375,1384.4595631803872,1357.9168851937986,1365.00647955287,395991
2022-04-04,1399.244140625,1403.5093804396245,1368.9547529598706,1371.6926859591301,455012
2022-04-05,1404.74853515625,1419.7057604596582,1398.8980947200275,1400.7425614665822,429695
2022-04-06,1417.1409912109375,1435.09553592239,1404.0857666224292,1410.800666377957,499344
2022-04-07,1424.02880859375,1446.73847633096,1406.0166098931873,1409.2731941304078,464610
2022-04-08,1451.6954345703125,1457.6899515734954,1428.3516866867692,1429.4468837805703,608118
2022-04-11,1440.7152099609375,1456.2776277155979,1431.7234949226302,1451.3784279614024,388223
2022-04-12,1412.5009765625,1447.2572122991617,1398.9269814596655,1432.905180177364,300284
2022-04-13,1421.9537353515625,1434.6343847126054,1403.5093070169194,1403.5093070169194,235833
2022-04-18,1408.812255859375,1419.5331305413888,1380.5979515291888,1419.5331305413888,376436
2022-04-19,1372.989501953125,1429.2451434788784,1355.0926112086574,1420.6857765833477,383363
2022-04-20,1373.9981689453125,1383.3644594113036,1354.5161984739927,1375.5543628655332,315531
2022-04-21,1371.721435546875,1387.1398985068636,1363.738494675285,1382.240578308885,336158
2022-04-22,1348.579345703125,1368.7529314247502,1342.9884106546442,1368.7529314247502,173417
2022-04-25,1303.6209716796875,1342.7866464946912,1296.8773043894055,1340.1064879370633,233783
2022-04-26,1310.8258056640625,1331.9792795849526,1301.257783960284,1319.356404689872,929769
2022-04-27,1302.9869384765625,1312.4396510164318,1282.1503849480166,1291.11333329933,296027
2022-04-28,1313.9384765625,1325.6968939511662,1302.6412957954935,1325.6968939511662,315591
2022-04-29,1309.18310546875,1326.8494971947807,1302.7852459236842,1322.8147559225524,551746
2022-05-02,1295.2056884765625,1310.854769994208,1276.1271786532623,1302.6412106912587,586116
2022-05-04,1268.201904296875,1308.779697251529,1263.5907369774914,1307.2522705514796,613412
2022-05-05,1327.10888671875,1349.8762098437999,1270.968436176043,1281.5164660323917,1733386
2022-05-06,1277.280029296875,1316.9644755945778,1272.2942870910783,1309.5578406052623,371352
2022-05-09,1267.164306640625,1277.2799870846263,1239.2958125841187,1273.821671677302,504167
2022-05-10,1297.0789794921875,1330.4518665176288,1266.8761349674082,1267.1642879591122,1239958
2022-05-11,1335.7259521484375,1341.259233039108,1297.021393676911,1297.021393676911,844426
2022-05-12,1311.8057861328125,1335.4953436444198,1299.8745255150873,1334.9190376262359,525606
2022-05-13,1325.98486328125,1352.3258098052272,1241.831965643911,1334.3424984752637,1954231
2022-05-16,1325.6102294921875,1340.106458864689,1310.1342319812786,1334.342559859112,422709
2022-05-17,1332.23876953125,1347.7148876284082,1325.984986164604,1332.6134643371713,431242
2022-05-18,1354.660400390625,1362.6433415200033,1320.1921941728297,1340.1065158271247,592908
2022-05-19,1322.5843505859375,1334.0256075605687,1315.926985065802,1325.1204327536161,275504
2022-05-20,1367.3697509765625,1371.807954380551,1332.0369675966685,1332.0369675966685,429950
2022-05-23,1363.5078125,1392.99015423401,1357.1387205138299,1371.8079130659883,367433
2022-05-24,1383.796875,1395.4112157821025,1361.9805507821818,1364.8913278168643,560629
2022-05-25,1352.5277099609375,1393.480195820587,1348.2046958502945,1389.5606438487011,368777
2022-05-26,1352.210693359375,1361.8076026593365,1320.7109197205482,1352.8446539325032,352884
2022-05-27,1369.185302734375,1377.571825305621,1348.9251749008615,1357.3981193963557,337266
2022-05-30,1393.6529541015625,1402.9040550989912,1370.0785884657723,1379.300922111045,263858
2022-05-31,1402.9041748046875,1423.1066488997365,1393.8260367374846,1393.8260367374846,727692
2022-06-01,1394.31591796875,1427.4007729827676,1387.082246802744,1402.990593869842,327666
2022-06-02,1386.8804931640625,1405.9302350382638,1382.1829041061758,1391.9815443629727,187788
2022-06-03,1353.738037109375,1395.4397908489811,1350.2797218634485,1392.384937724148,207201
2022-06-06,1362.00927734375,1369.3006027487036,1341.7779169985176,1351.1154402661698,235758
2022-06-07,1357.340576171875,1369.3871461348242,1333.1899015344065,1340.8270351754218,248395
2022-06-08,1362.00927734375,1380.6843238790545,1341.8355715689563,1360.280119686478,448310
2022-06-09,1365.323486328125,1368.868223488879,1348.7810599406887,1354.5161912743577,193632
2022-06-10,1366.966064453125,1378.9838654001878,1345.8702461861728,1352.9021856084903,130966
2022-06-13,1372.7589111328125,1391.2609938633925,1354.544981388999,1355.5536367066536,643911
2022-06-14,1383.652587890625,1386.7939827561304,1333.6219670921057,1373.392831575266,723503
2022-06-15,1373.219970703125,1397.7453368302429,1366.0439547738044,1397.7453368302429,394799
2022-06-16,1349.7032470703125,1394.9209689847441,1343.2188462874544,1383.335637303973,295817
2022-06-17,1339.2706298828125,1370.5397845765829,1324.5151349231676,1337.2245518421541,832191
2022-06-20,1316.8203125,1350.510239129394,1308.0303279072562,1339.5299801927229,204974
2022-06-21,1352.556396484375,1356.9945996094486,1319.3563548988834,1323.391095909311,248679
2022-06-22,1310.8258056640625,1354.6602999654658,1297.3383519386884,1353.939797629559,555228
2022-06-23,1347.1383056640625,1351.0289701862312,1312.0361427718879,1312.7566450807315,218393
2022-06-24,1350.9713134765625,1372.6435578200349,1346.994227040106,1354.5161704467787,168374
2022-06-27,1368.32080078125,1383.2492600881046,1358.5509275532352,1359.7037793065238,267363
2022-06-28,1372.15380859375,1374.7763125929077,1350.9714462037339,1360.2802026861414,384177
2022-06-29,1386.62109375,1391.4051046866,1348.95407959875,1362.9315374893058,575111
2022-06-30,1383.594970703125,1398.8693563838913,1371.6637110358267,1386.6210565134586,515085
2022-07-01,1387.427978515625,1397.7453896614632,1363.911266775329,1372.3842111393446,355099
2022-07-04,1453.3958740234375,1456.5083818374844,1389.9065639788107,1394.8058840539584,878789
2022-07-05,1475.7310791015625,1498.58494544356,1448.5543182082622,1460.572001020079,1347186
2022-07-06,1526.19384765625,1530.8914363783654,1475.5868014254334,1481.3218127800383,1243401
2022-07-07,1535.2720947265625,1541.3818012783531,1513.0521904311702,1530.31512002576,710283
2022-07-08,1545.5029296875,1552.0449854511246,1528.009502062105,1539.537299768381,538169
2022-07-11,1542.159912109375,1563.1693094896623,1533.8598115200484,1538.960862566751,349221
2022-07-12,1524.8681640625,1542.8514750027157,1516.6546055388126,1532.0441800816484,406288
2022-07-13,1521.4962158203125,1533.1968564700544,1513.8590833932687,1529.7385413984848,238489
2022-07-14,1524.60888671875,1534.119254184599,1511.8994695913552,1521.4963788480406,273037
2022-07-15,1545.3011474609375,1549.797005198496,1513.9743396523593,1524.5511362494099,415707
2022-07-18,1564.7254638671875,1569.509594451546,1545.502879200197,1555.56090454519,810516
2022-07-19,1547.4627685546875,1585.0145944830779,1544.4366825779691,1562.592958710324,759738
2022-07-20,1542.6209716796875,1566.9733743308352,1534.7532207279153,1550.5462573357795,607957
2022-07-21,1615.966796875,1621.384888679224,1538.9610194098204,1548.1256997615562,1287234
2022-07-22,1586.91650390625,1614.3815348023086,1582.1901476827902,1613.8915308906273,712951
2022-07-25,1569.250244140625,1595.9946530399259,1561.324838349103,1586.9165154350785,666951
2022-07-26,1542.8516845703125,1577.2333498757587,1536.079129746567,1577.2333498757587,570416
2022-07-27,1550.66162109375,1570.604708545072,1533.1969609822743,1539.9984023202298,712569
2022-07-28,1546.6845703125,1568.068662924751,1539.0762045419544,1556.857905269716,560760
2022-07-29,1552.9095458984375,1573.5442484109158,1530.488031166724,1560.4602569025622,730390
2022-08-01,1590.173095703125,1594.2943786228052,1556.5119364160378,1567.4345407861,1069023
2022-08-02,1577.4637451171875,1622.5373912853556,1573.5441933947668,1602.0467659827225,1245743
2022-08-03,1507.057861328125,1549.9124707871424,1483.0800308834291,1538.9609783185103,3041673
2022-08-04,1526.568359375,1530.2861798787842,1499.247526829347,1524.4069724154542,597419
2022-08-05,1550.8057861328125,1566.6277114174977,1525.3870712815924,1533.7734743942544,925569
2022-08-08,1618.87744140625,1624.5547985433209,1547.72211095744,1556.2525902719349,1407803
2022-08-10,1618.387451171875,1642.5958987860738,1611.5861294913702,1628.3014005602395,1095690
2022-08-11,1635.8809814453125,1652.9421810132844,1625.419492764191,1625.419492764191,781368
2022-08-12,1640.002197265625,1657.0632762674427,1627.2927799762292,1636.8031475633022,687600
2022-08-16,1680.406982421875,1685.363957094407,1641.4430399034227,1650.7805633942921,645714
2022-08-17,1669.34033203125,1692.5112374024568,1658.2736506375952,1685.3639881888914,617530
2022-08-18,1658.8787841796875,1682.7701910564572,1650.8381890356707,1669.2250827000748,380594
2022-08-19,1642.855224609375,1675.594150418162,1625.9957577922269,1657.6972609334769,499767
2022-08-22,1657.4957275390625,1677.294620874047,1628.3591900348665,1639.7716797865924,964711
2022-08-23,1659.4552001953125,1681.8479476904047,1636.3708375825834,1652.9131444751215,1023205
2022-08-24,1666.2276611328125,1678.6776914656573,1643.921456673103,1666.3429702672927,873372
2022-08-25,1661.9913330078125,1700.2925478851573,1655.1323567359761,1680.1764960555668,982377
2022-08-26,1683.0872802734375,1710.7251562816605,1665.7666960046672,1674.9890303228024,947651
2022-08-29,1641.4720458984375,1670.377964665907,1633.4889847436987,1657.69743400389,768044
2022-08-30,1662.077880859375,1675.1907601023847,1649.8006932568182,1656.544480272762,956581
2022-09-01,1683.5484619140625,1714.759963708216,1648.6192588950303,1660.5792868876283,1492962
2022-09-02,1679.542236328125,1713.8951281841753,1672.7120281395644,1694.3842716498937,695603
2022-09-05,1691.9346923828125,1699.5142904271993,1673.2885335881122,1685.2774475755814,261463
2022-09-06,1700.8111572265625,1706.4022122268957,1665.4208398706105,1699.1973086999362,393111
2022-09-07,1695.1048583984375,1720.5236910586348,1687.467725632176,1697.468096405494,410777
2022-09-08,1699.3990478515625,1708.909534936077,1690.5515284024639,1704.0389822516627,180172
2022-09-09,1686.0267333984375,1714.759805004711,1675.56524586057,1714.1833791749532,209483
2022-09-12,1708.99609375,1718.7947346107976,1672.8276164149922,1672.8276164149922,335535
2022-09-13,1759.458984375,1767.1537722354042,1705.6528841971008,1717.5553771022371,1085709
2022-09-14,1791.7655029296875,1797.1548268794977,1735.6539408850083,1735.6539408850083,1076050
2022-09-15,1764.473388671875,1808.9994972409038,1757.9889876366224,1797.1835468314039,405480
2022-09-16,1705.6239013671875,1769.1708594629602,1697.4679978180434,1764.4732709381376,777603
2022-09-19,1705.2783203125,1721.3019765748215,1688.2747760327604,1705.624127888066,558882
2022-09-20,1699.1396484375,1739.8327478034541,1694.5861359989494,1713.808841078914,416738
2022-09-21,1678.8507080078125,1713.4341000510951,1676.2569715841616,1697.4680995258066,210613
2022-09-22,1682.6549072265625,1701.0129139497317,1662.020204174137,1677.2944704285915,288257
2022-09-23,1645.2762451171875,1700.8690432957578,1641.5297762807531,1690.5517504529091,184160
2022-09-26,1594.986083984375,1643.518169596911,1589.1068757313074,1626.572279854293,385642
2022-09-27,1570.5760498046875,1601.211125501264,1551.4109980673757,1594.986109572028,700193
2022-09-28,1556.367919921875,1581.6137903604376,1540.11376548893,1556.252610777194,307294
2022-09-29,1575.792236328125,1580.5763671912475,1556.2526103252706,1564.1780164002253,414664
2022-09-30,1597.06103515625,1605.9374420985978,1557.6936297804016,1583.6888900338358,506266
2022-10-03,1560.287353515625,1601.0669959307215,1552.5349111481844,1597.0610219931202,405756
2022-10-04,1584.95703125,1607.7820106225315,1570.9795721607554,1576.4264313415656,186967
2022-10-06,1614.1510009765625,1624.007295928073,1586.3978156431908,1592.882217062238,335634
2022-10-07,1625.1888427734375,1629.3964277654002,1596.6575017706205,1618.5027105785632,529082
2022-10-10,1599.3955078125,1616.4854739248553,1586.8878216767837,1599.4819297399151,184741
2022-10-11,1571.4405517578125,1610.1738757643532,1567.4345778835566,1607.4072953810103,253398
2022-10-12,1596.5711669921875,1602.2486441766855,1557.1748740053436,1579.3082370088962,312616
2022-10-13,1579.3370361328125,1601.2397796208631,1568.9908575802235,1596.5710779360847,184935
2022-10-14,1582.9970703125,1609.1651730202325,1575.5040139280625,1609.1651730202325,247194
2022-10-17,1582.4495849609375,1593.4873789148826,1567.8092792540024,1582.1325447484385,105577
2022-10-18,1627.55224609375,1641.558472450983,1577.0316146594823,1585.3028288534633,573859
2022-10-19,1663.3746337890625,1673.576735899701,1628.3301241668469,1631.1832462917562,833409
2022-10-20,1657.6397705078125,1688.2460795783109,1643.5757698257125,1657.1209991906883,1214721
2022-10-21,1621.93212890625,1667.6686208605627,1615.0442661978016,1658.2734437964252,261570
2022-10-24,1624.1512451171875,1640.8666349690886,1614.0356851766942,1635.7943514587812,38693
2022-10-25,1633.5177001953125,1641.298909583886,1615.7936545698283,1631.1832295011668,181812
2022-10-27,1659.8587646484375,1666.9195920741147,1632.595582704056,1648.9938141133046,440627
2022-10-28,1682.1072998046875,1687.0930416148826,1654.2676942550806,1664.5562180747247,664566
2022-10-31,1686.2862548828125,1706.1140344658122,1681.9057058972649,1695.162662001943,566414
2022-11-01,1697.6123046875,1711.8779160308306,1684.5570797941543,1694.7304150641105,520576
2022-11-02,1676.6029052734375,1699.1397304069892,1669.830350791489,1699.1397304069892,161345
2022-11-03,1666.6600341796875,1690.8395928950142,1662.7693696792994,1671.5304667452092,280337
2022-11-04,1713.7222900390625,1721.3306556311172,1666.6600989022618,1674.3548864177803,646538
2022-11-07,1691.9346923828125,1736.8931498018144,1683.807675594554,1722.3104994012433,457290
2022-11-09,1680.9833984375,1706.1139593560258,1673.6344183294402,1705.2493805117817,264942
2022-11-10,1682.36669921875,1695.7389634905674,1663.9798058790084,1680.8680399961604,325175
2022-11-11,1681.444580078125,1710.6964251432785,1675.9688339438062,1690.7821038749325,507724
2022-11-14,1674.009033203125,1695.7100450625285,1668.0721708557994,1684.758673603546,237371
2022-11-15,1642.595947265625,1681.8769313279863,1639.5410939036487,1681.3292728091574,445683
2022-11-16,1660.060546875,1676.6893970926908,1631.8462433859358,1647.322361679662,743654
2022-11-17,1654.181396484375,1674.4126380901512,1648.965036005412,1657.0920534735212,458310
2022-11-18,1635.9674072265625,1672.6834206162212,1629.8864680880179,1662.250700030779,380213
2022-11-21,1620.5489501953125,1639.8291903737063,1608.7041120893095,1636.9184136145186,848682
2022-11-22,1615.9090576171875,1635.9674552385275,1607.580189262273,1628.6761294746407,587806
2022-11-23,1596.4556884765625,1613.0268816844593,1551.353275599402,1607.0035975622893,2452673
2022-11-24,1623.488525390625,1641.1836847076872,1602.479127112419,1608.7617974613647,1063540
2022-11-25,1601.5281982421875,1639.1664475892815,1585.072191979248,1623.4885982992894,839496
2022-11-28,1593.544921875,1620.5199478504255,1588.0404089605001,1602.3636734517372,425898
2022-11-29,1601.614501953125,1609.7416389436182,1585.8791191131186,1597.7238372395518,329695
2022-11-30,1599.453125,1617.350014987183,1594.1791101353824,1604.8710964976267,803743
2022-12-01,1599.453125,1608.5887975212854,1581.844388006784,1606.9749489727124,742344
2022-12-02,1594.7266845703125,1600.2888525537649,1571.1523170521364,1600.0583541262115,512399
2022-12-05,1593.19921875,1605.3034424304165,1579.884608660734,1600.6346207814668,299959
2022-12-06,1592.9974365234375,1599.4818375774178,1585.0720308210239,1594.236710110208,278284
2022-12-07,1674.6142578125,1699.1972793859,1626.6009464699787,1626.6009464699787,4856338
2022-12-08,1697.9581298828125,1704.9613027349235,1662.5966977700568,1677.2945387706168,959261
2022-12-09,1710.148681640625,1726.287646373039,1692.7705631590377,1700.350041605084,1211718
2022-12-12,1751.2742919921875,1760.842314626573,1703.3186299399788,1705.8259447508888,1514941
2022-12-13,1723.4921875,1762.1967439173104,1708.7365728013895,1749.948443811078,996714
2022-12-14,1745.5390625,1753.6661997326116,1716.200915761235,1725.9706689346708,752293
2022-12-15,1709.8604736328125,1743.579286827812,1703.4049598659474,1743.579286827812,333860
2022-12-16,1668.677490234375,1703.0014990498896,1662.7118600834863,1698.6498373535262,741576
2022-12-19,1704.0966796875,1708.9671126304518,1653.0861673568336,1668.677474054701,369496
2022-12-20,1703.664306640625,1721.6477384605303,1690.6379693495135,1695.162594658366,706855
2022-12-21,1662.5677490234375,1722.1952819383082,1650.80945268534,1708.9959808949025,267492
2022-12-22,1649.080322265625,1677.2945044458158,1641.0396069736075,1666.343132205048,332174
2022-12-23,1606.513916015625,1648.9074086192948,1598.6750514225046,1642.7111600141882,347993
2022-12-26,1633.37353515625,1659.3975619346493,1623.1138982479567,1623.1138982479567,882794
2022-12-27,1644.3828125,1654.2389880603102,1621.7594446982284,1642.711189398817,313143
2022-12-28,1649.1376953125,1660.9537651236294,1634.065161298764,1641.8176029666083,186654
2022-12-29,1626.8026123046875,1648.446088997787,1611.470692589064,1647.898550402506,532375
2022-12-30,1629.1082763671875,1651.3280601077797,1625.4193427763555,1634.9585970944206,236707
2023-01-02,1630.232177734375,1642.6245536894867,1623.5749330077952,1640.4055120686157,211608
2023-01-03,1635.477294921875,1645.4488981378245,1628.301278990675,1632.9124457721487,154523
2023-01-04,1622.7969970703125,1641.4720453976831,1619.6556017957735,1630.0306685989738,94896
2023-01-05,1668.7640380859375,1675.1331304075918,1622.8545763764794,1633.4889084823428,516535
2023-01-06,1666.7464599609375,1683.490617122642,1656.2562052847686,1677.092638148604,389146
2023-01-09,1673.6343994140625,1690.839674043228,1664.6139162909435,1669.1961961000447,273042
2023-01-10,1654.325439453125,1683.0583927412822,1645.304956072359,1680.1765031653845,216276
2023-01-11,1695.16259765625,1700.2925360453232,1645.3624723610249,1660.0027780944656,575840
2023-01-12,1718.39111328125,1724.1550120852585,1693.577473193246,1695.1625543541463,582019
2023-01-13,1709.918212890625,1717.5265786860937,1688.2459672130942,1713.6071465766643,371640
2023-01-16,1696.7188720703125,1718.0740770339264,1691.358435382479,1711.301522893009,173518
2023-01-17,1697.7275390625,1760.2658476530798,1674.5278671396668,1746.115426215838,2357942
2023-01-18,1766.4332275390625,1777.730407090178,1707.9296595088547,1711.8778589490053,2312918
2023-01-19,1756.6346435546875,1783.2926319563635,1753.9543651459956,1766.058589221168,842164
2023-01-20,1764.2716064453125,1791.131443190579,1754.6171632822077,1761.3608298884456,1055934
2023-01-23,1762.888427734375,1785.3964855077068,1750.150243073136,1778.1628143043688,493693
2023-01-24,1751.0723876953125,1762.8883383110858,1738.2188945393157,1762.8883383110858,481186
2023-01-25,1726.460693359375,1753.4357221116559,1708.4196063749139,1751.0724839130576,438949
2023-01-27,1704.903564453125,1735.1064090076597,1671.8188303867928,1728.5643532049564,281959
2023-01-30,1681.358154296875,1721.5901390293632,1671.5306265780753,1704.413750799524,369712
2023-01-31,1696.684814453125,1727.7317007133242,1691.4378117030517,1695.9310227485028,665699
2023-02-01,1707.497802734375,1780.5205990122786,1676.3638626521267,1710.3386284273427,1739146
2023-02-02,1696.1339111328125,1723.615357358411,1683.697795026827,1707.4975740873163,592417
2023-02-03,1755.3870849609375,1767.7363927960812,1693.1192093366687,1701.6128700191357,994847
2023-02-06,1784.7818603515625,1789.7679544027237,1750.5751211051083,1764.2577926900688,647329
2023-02-07,1807.7698974609375,1817.5971622590039,1771.7949079730065,1795.565632546393,633612
2023-02-08,1809.4803466796875,1817.3073869811058,1792.1450644076224,1808.3208432048616,330625
2023-02-09,1799.4501953125,1840.208362040759,1794.9859202787113,1803.6824973221437,905913
2023-02-10,1815.133056640625,1823.3948649599872,1791.507135077076,1796.1453897914223,344061
2023-02-13,1814.3504638671875,1834.9905180332385,1784.7239864450323,1834.9905180332385,507533
2023-02-14,1811.770263671875,1824.9312358642217,1785.7673424684506,1817.5970786017174,992697
2023-02-15,1872.3280029296875,1883.1407915966447,1792.231959210655,1826.2937747264855,2489342
2023-02-16,1868.4434814453125,1884.2712998874078,1862.8775756845098,1882.5030481352214,868464
2023-02-17,1852.354736328125,1881.3725859417402,1846.8178871707264,1868.41452868957,596654
2023-02-20,1853.5142822265625,1879.6041342724145,1851.2240911390822,1861.0222990414916,577187
2023-02-21,1909.8974609375,1916.0430581682306,1852.818472391223,1866.849102842007,2267083
2023-02-22,1885.1409912109375,1921.2610243399956,1881.9812629622002,1910.361306216189,876944
2023-02-23,1888.32958984375,1901.6644206061505,1875.632564277851,1890.010911859859,539054
2023-02-24,1882.2421875,1900.5340566720238,1866.878073572082,1897.7801606323821,273422
2023-02-27,1856.384033203125,1890.2429296043645,1833.4248541070021,1882.2420309575548,521428
2023-02-28,1882.300048828125,1892.5910179666314,1843.6869108814788,1865.6895030160615,670709
2023-03-01,1888.416748046875,1893.953596764213,1872.820782430897,1888.909509859208,375381
2023-03-02,1815.88671875,1890.0690134889637,1808.9004003699488,1890.0690134889637,963864
2023-03-03,1834.1787109375,1845.4842608447655,1815.8577857259852,1829.1926172773888,515155
2023-03-06,1868.1246337890625,1871.8641740835906,1837.6283788555656,1841.368039718197,394371
2023-03-08,1905.9840087890625,1909.7815423931067,1858.4713739366468,1863.399474661532,532620
2023-03-09,1912.854248046875,1925.899234103696,1904.9693354979456,1910.3612614605236,550547
2023-03-10,1918.507080078125,1926.3919926135002,1882.5610276241625,1890.0690442822083,372576
2023-03-13,1895.837890625,1924.8266818717466,1881.227568772984,1924.1599402759118,468760
2023-03-14,1885.9527587890625,1899.6643660604911,1867.8636854793506,1892.9100204816589,417775
2023-03-15,1902.0125732421875,1919.1449388773103,1892.9680364786782,1904.4475666366077,447100
2023-03-16,1892.272216796875,1898.6497870657763,1857.5436604254178,1896.7944851280522,383899
2023-03-17,1907.6943359375,1923.1163223993565,1891.634544217431,1901.664604601306,621528
2023-03-20,1908.766845703125,1917.8693753747777,1890.0690245445417,1890.0690245445417,244724
2023-03-21,1920.88427734375,1932.3058143813553,1903.4039519558294,1916.159092789161,385393
2023-03-22,1917.550537109375,1940.4806609708687,1899.1716179523974,1929.4938926997281,612734
2023-03-23,1927.7255859375,1936.4512203254592,1911.4628775489812,1917.5506023492028,428836
2023-03-24,1932.653564453125,1942.2488559816159,1916.6517664577827,1942.2488559816159,565595
2023-03-27,1907.3173828125,1945.4666964439637,1899.6643227841282,1932.6535629521143,485104
2023-03-28,1897.4322509765625,1917.8403307314932,1887.199154187367,1910.3032571920937,273833
2023-03-29,1928.247314453125,1941.6691965035973,1899.3165165377172,1899.3165165377172,606070
2023-03-31,1929.0009765625,1942.2487573858662,1921.9566652136768,1928.3051781030117,332017
2023-04-03,1943.84326171875,1948.0466273554418,1919.1738229749951,1940.5095537804048,260150
2023-04-05,1942.91552734375,1958.250583201712,1927.0877096861848,1943.8431782579032,415184
2023-04-06,1947.959716796875,1951.0905086551454,1926.3050831578462,1943.3794552378256,473579
2023-04-10,1961.7294921875,1971.2377339701386,1945.3507975918221,1950.945639869238,421077
2023-04-11,1940.2777099609375,1971.23766884158,1935.8714281939583,1959.6421524332877,372128
2023-04-12,1933.349365234375,1957.786830818459,1923.4351710743756,1944.539049306919,261652
2023-04-13,1928.6241455078125,1951.4673387081937,1919.0577904870904,1936.42212826234,412559
2023-04-17,1936.248046875,1956.7431753272167,1922.5364408602911,1930.6532052350215,300927
2023-04-18,1922.3914794921875,1949.6989473208087,1916.2749394665186,1943.9302462491137,402770
2023-04-19,1891.083740234375,1930.6533462261427,1888.909535711885,1924.565742358509,460840
2023-04-20,1896.62060546875,1913.9268299271898,1891.7504982188057,1899.9252565125876,328472
2023-04-21,1883.9525146484375,1911.0860037662578,1878.473538496873,1907.4043362759035,328323
2023-04-24,1895.05517578125,1904.5635379585303,1881.9812531425525,1884.2713236597185,218305
2023-04-25,1931.4361572265625,1946.4233753693472,1896.4466906634573,1903.9257712783417,710745
2023-04-26,1998.8641357421875,2003.908222996658,1933.5813294317002,1935.2627722285938,1231057
2023-04-27,1994.10986328125,2018.7793014380295,1988.6308872871218,2000.19746702483,822523
2023-04-28,1999.99462890625,2011.2132495558758,1989.2397131725652,2000.2264813642205,769114
2023-05-02,2029.273193359375,2045.8838600218303,2000.2554667208726,2007.2996577621295,587097
2023-05-03,2052.92822265625,2057.3345044224857,2012.0539489546527,2029.215371108717,591278
2023-05-04,2074.640625,2085.3955407028507,2047.7681656192376,2054.145735864501,682337
2023-05-05,2107.166015625,2112.760857696041,2076.177120519679,2081.3661303691206,595310
2023-05-08,2139.227783203125,2145.1705849680047,2099.165173017738,2116.152736366581,551199
2023-05-09,2124.646484375,2159.2299971691573,2105.97771970279,2158.50538288551,808217
2023-05-10,2153.548095703125,2179.8411046628985,2125.023130077495,2133.5750254053473,955917
2023-05-11,2201.437744140625,2210.1053848410465,2150.0986415304355,2157.5777219022334,880070
2023-05-12,2255.9365234375,2283.3889131415576,2198.3937142052155,2223.4400470915803,2095305
2023-05-15,2222.5126953125,2275.794153118379,2214.3087590458836,2269.2427233250773,805223
2023-05-16,2244.891845703125,2269.7932566627314,2229.817699041385,2235.6153364638126,618130
2023-05-17,2256.0234375,2271.793503359538,2226.6578719657477,2254.168135634172,635639
2023-05-18,2221.845703125,2272.1411655233433,2215.961015626526,2272.1411655233433,687438
2023-05-19,2158.331298828125,2248.37059237144,2098.237745753294,2227.005924812233,1256060
2023-05-22,1971.0638427734375,2090.6716194433875,1921.4060616082882,2087.2508612648153,8408508
2023-05-23,1977.3834228515625,1989.790603933758,1952.7138629774142,1981.0649698395403,1757211
2023-05-24,1989.210693359375,2019.1851276585758,1957.3230845158691,1977.3833248647502,1467905
2023-05-25,2021.8231201171875,2028.3745495765268,1981.8476811958228,1993.2692179493413,1252852
2023-05-26,2040.462890625,2055.3050645443623,2017.0109488742326,2029.2153339598813,755510
2023-05-29,2036.5784912109375,2060.5233160907883,2023.9974509966241,2058.204068097894,846908
2023-05-30,2063.827880859375,2090.09171303182,2040.8977567378688,2048.347900965123,1358081
2023-05-31,2059.16064453125,2074.7857880797483,2042.4631682971728,2064.0019360375186,3283304
2023-06-01,2049.1015625,2063.827749677589,2039.6511940428707,2059.160558702933,336448
2023-06-02,2059.740478515625,2069.770538313679,2044.6952682504489,2051.8263887795474,398025
2023-06-05,2041.97021484375,2077.7425278721266,2036.2015137094124,2059.7405054174187,369899
2023-06-06,2079.220947265625,2083.1343465597097,2038.607583773962,2043.7387208482628,528191
2023-06-07,2118.44287109375,2121.892565742746,2087.1930648347025,2095.889642320794,981639
2023-06-08,2121.66064453125,2129.8645809366003,2094.1793143222044,2127.1686780204927,674203
2023-06-09,2121.138671875,2142.5325167111487,2105.1949874404095,2130.647154529377,465519
2023-06-12,2121.0517578125,2133.545747145416,2109.2242689045,2132.9949920909626,205473
2023-06-13,2165.114501953125,2169.6367698820864,2113.3116985702263,2119.0803994161547,513455
2023-06-14,2181.812255859375,2185.3776954861605,2160.592271606898,2173.5793842417834,424054
2023-06-15,2175.144775390625,2190.3927804377463,2162.88251849313,2184.594902186284,425059
2023-06-16,2199.147705078125,2202.5682221206202,2168.3616048784493,2172.2171316315307,521744
2023-06-19,2207.6123046875,2225.1795593274937,2193.4947445635075,2204.307533029328,388770
2023-06-20,2220.193603515625,2226.3392008262567,2200.4812010613555,2220.5413219226693,543980
2023-06-21,2204.4521484375,2237.876273970067,2191.6102006168912,2223.439933799491,611843
2023-06-22,2138.705810546875,2208.9456471511708,2133.8066466285077,2207.78602322621,591744
2023-06-23,2131.081787109375,2148.5909266396966,2110.4417353527833,2143.4310945526877,293332
2023-06-26,2144.793701171875,2152.7075503186047,2113.340858998048,2133.54590284014,365427
2023-06-27,2148.76513671875,2158.2444417721604,2138.503103568792,2142.5614257699294,349944
2023-06-28,2182.7109375,2192.4803298183556,2134.908577959936,2164.88301425685,741217
2023-06-30,2183.69677734375,2189.175633306917,2159.491041711753,2182.276243895442,332661
2023-07-03,2161.085205078125,2196.1905350836896,2153.5480111751012,2185.7546430359857,232954
2023-07-04,2147.025634765625,2174.1011280582434,2127.7769394859897,2160.8241701866905,427882
2023-07-05,2150.96826171875,2179.377241918145,2145.3155467056854,2146.330006737251,391051
2023-07-06,2162.99853515625,2179.9571623735196,2151.345145645259,2159.5199042235304,370134
2023-07-07,2139.633544921875,2173.43457016582,2133.632870665625,2151.866866455653,309705
2023-07-10,2114.703369140625,2153.1715886050924,2109.311563342146,2145.170688945275,404344
2023-07-11,2183.783203125,2189.2331217857827,2116.7902690877463,2125.7477545305187,684220
2023-07-12,2219.87451171875,2247.2979668765297,2200.1042371863123,2203.0321128921823,1560437
2023-07-13,2161.607177734375,2226.570960005243,2147.489617326404,2226.570960005243,745343
2023-07-14,2139.256591796875,2177.0580655333665,2134.212504968139,2172.9705659715582,819344
2023-07-17,2146.38818359375,2165.0280131023837,2137.6624284760346,2159.085211055291,559835
2023-07-18,2146.126953125,2167.2017729913355,2133.574850407292,2148.1271777387356,505066
2023-07-19,2151.171142578125,2174.159137996146,2136.0099456671965,2136.0099456671965,507758
2023-07-20,2107.716796875,2170.65140910156,2035.3318168679289,2155.606199820618,1133658
2023-07-21,2095.280517578125,2123.689494655121,2090.4105312349625,2108.644525952279,595825
2023-07-24,2142.21337890625,2151.8957202430993,2090.1207283197555,2098.7883685795878,468700
2023-07-25,2140.966796875,2162.2157162382673,2125.6317420984797,2145.083232445249,576871
2023-07-26,2181.870361328125,2186.914448577568,2128.965800171895,2144.5907031980996,349175
2023-07-27,2175.31884765625,2199.06063574473,2167.6656669055524,2182.8268644138816,299478
2023-07-28,2236.601318359375,2240.427667797922,2170.3038100448284,2182.8559145113095,692509
2023-07-31,2309.2470703125,2359.0207163637315,2262.5749180407834,2283.9687626693253,2739155
2023-08-01,2255.87841796875,2322.0018173236244,2248.3704017978725,2322.0018173236244,558935
2023-08-02,2214.16357421875,2259.647163760822,2195.90064295332,2255.3276912736937,549002
2023-08-03,2200.22021484375,2242.456907559074,2159.664723688234,2216.453744707177,761346
2023-08-04,2189.2333984375,2219.816703206986,2181.9573546141582,2208.9458008525116,447988
2023-08-07,2222.91845703125,2241.4133629082944,2199.1185546184624,2208.9458195647208,591402
2023-08-08,2191.17578125,2229.8178585026226,2157.9255095971816,2229.8178585026226,648131
2023-08-09,2163.781005859375,2203.1479339051,2132.792113218294,2203.089820085951,1460256
2023-08-10,2126.878662109375,2174.1305112641817,2118.6460302194296,2166.042561109802,502959
2023-08-11,2117.776123046875,2150.475398977169,2112.2102170181665,2127.7193747189053,366862
2023-08-14,2088.7001953125,2130.5310543090472,2068.060143340392,2125.5740177018783,463649
2023-08-16,2091.454345703125,2103.6295537280107,2067.9732256651127,2087.1929867239846,382100
2023-08-17,2073.30712890625,2104.006419606573,2067.190709204781,2101.1074802156386,384688
2023-08-18,2090.7294921875,2105.74576696967,2074.43784802658,2074.43784802658,672406
2023-08-21,2117.834228515625,2125.7191414570716,2094.9038628671037,2106.209534088234,523153
2023-08-22,2124.095703125,2138.242199311613,2116.7904820093036,2123.6606934239694,305247
2023-08-23,2155.80908203125,2167.201802148425,2124.8780615243236,2124.8780615243236,548819
2023-08-24,2205.235107421875,2231.1222835650888,2163.7811431169425,2167.7237198943776,1246331
2023-08-25,2195.58203125,2240.8334101562464,2191.32067225293,2206.626792801766,666187
2023-08-28,2230.3974609375,2239.6158566463196,2193.436827934787,2200.7999217371043,467613
2023-08-29,2241.036376953125,2252.4288565557817,2233.00654161037,2243.152588213426,533864
2023-08-30,2241.906005859375,2255.327888241081,2236.2243545653314,2252.4289487683286,425172
2023-08-31,2273.938720703125,2315.015790099766,2229.933775566152,2240.8333729420974,1194157
2023-09-01,2253.617431640625,2275.533095001288,2227.527700691547,2273.9387024597168,455433
2023-09-04,2256.63232421875,2271.6775348022375,2217.787212374229,2255.3277774065004,330030
2023-09-05,2261.32861328125,2276.7217844939432,2251.182566036039,2261.1258177271757,390707
2023-09-06,2287.099365234375,2292.43353891156,2259.8500111266667,2272.7211375842003,398969
2023-09-07,2284.287353515625,2308.3192261393992,2278.5186527321835,2289.389553903404,369790
2023-09-08,2287.5634765625,2303.9711075802356,2277.388493119319,2287.215517014,268889
2023-09-11,2292.86865234375,2319.045436612041,2281.44699381127,2287.5636553477075,530792
2023-09-12,2226.281005859375,2309.131062291248,2210.71397646589,2299.796680151095,582758
2023-09-13,2219.758544921875,2234.9197423165188,2203.263864345115,2234.9197423165188,240449
2023-09-14,2219.46875,2232.716531956375,2203.7278608220345,2224.4257869623984,284513
2023-09-15,2209.438720703125,2234.426942551785,2206.0468987983777,2227.2668851212675,672670
2023-09-18,2190.827880859375,2221.0632273261785,2180.42092413488,2209.438773857117,253485
2023-09-20,2188.1318359375,2208.9168116914893,2173.9564033806064,2187.957976738481,499215
2023-09-21,2168.361572265625,2213.4969638307057,2158.5053712439712,2185.754726341367,463586
2023-09-22,2138.82177734375,2183.493461319419,2133.632767776006,2173.0865058417157,244783
2023-09-25,2142.039794921875,2153.751298781251,2123.1390558445896,2150.9683456837165,245560
2023-09-26,2133.748779296875,2149.9825497423058,2127.110300042505,2145.170435975498,329823
2023-09-27,2159.983642578125,2165.46249782711,2112.2099828327964,2133.5748899194255,375787
2023-09-28,2102.5859375,2168.9123798910878,2095.889585075419,2168.9123798910878,452819
2023-09-29,2129.2265625,2139.343672645414,2104.0931781605414,2104.0931781605414,306121
2023-10-03,2069.5966796875,2128.9366788720095,2063.132059584131,2121.9794175335637,1181655
2023-10-04,2030.0269775390625,2088.3814537822363,2026.8092561901715,2069.7994988102987,1326457
2023-10-05,2040.6368408203125,2060.7550755766315,2032.288223115463,2040.2310085865518,475857
2023-10-06,2048.347900390625,2072.6985578961207,2030.374813265345,2055.131303005789,747181
2023-10-09,2053.536865234375,2062.4654153430142,2011.0393829019836,2040.810902234849,464336
2023-10-10,2082.00390625,2089.5697954985653,2050.6670520526086,2050.6670520526086,401794
2023-10-11,2063.132080078125,2106.8761143711313,2055.6240636083603,2102.267037199912,797232
2023-10-12,2087.772705078125,2092.9906514417908,2063.1322018584206,2064.0309164985324,386339
2023-10-13,2082.6708984375,2092.5849731441554,2065.3356153061713,2066.900830535069,268932
2023-10-16,2088.381591796875,2098.2086156875707,2073.3072028806487,2087.1930314269084,490957
2023-10-17,2083.163330078125,2101.571426416561,2075.597440680638,2101.571426416561,387230
2023-10-18,2024.7799072265625,2093.570277404784,2020.5186688938447,2084.2940089826734,904120
2023-10-19,2008.1983642578125,2022.2288735974157,1991.6458114846284,2022.2288735974157,705738
2023-10-20,1995.4722900390625,2014.6918091829227,1980.5430660448505,2000.1974743131705,425467
2023-10-23,1979.7894287109375,2014.430934251923,1973.0060263437188,1995.4723241450845,324155
2023-10-25,1990.283203125,1995.5011490076158,1962.540967443907,1979.7893181075494,408712
2023-10-26,1975.151123046875,1990.3412562702524,1942.2488131772022,1982.8331192554622,689937
2023-10-27,1986.8916015625,1999.617684870834,1962.3961428031869,1971.2376425631774,265119
2023-10-30,1988.9788818359375,2008.3143877587509,1971.2376478768165,1971.324698043782,217044
2023-10-31,1931.2042236328125,1988.6309296280676,1881.9522758679418,1983.4129834510438,1997149
2023-11-01,1928.13134765625,1947.4669746511458,1921.2610155322989,1936.4511494956273,598879
2023-11-02,1954.3662109375,1960.685787870043,1930.0736679884108,1933.4943055378371,203543
2023-11-03,1952.4239501953125,1968.3388185160402,1944.3941148923143,1968.3388185160402,432519
2023-11-06,1952.2210693359375,1959.7001497039453,1935.668516047908,1957.0622402479928,765326
2023-11-07,1940.857421875,1951.3803645805947,1913.2311706558648,1913.2601070000676,684705
2023-11-08,1985.0943603515625,1988.7180346589903,1939.3500990212024,1939.3500990212024,328797
2023-11-09,1965.063232421875,1997.327739734112,1960.2220612805309,1992.1097932629868,690511
2023-11-10,1975.4990234375,1982.6013284635067,1957.9318896638524,1962.5410875323435,457427
2023-11-13,1981.6737060546875,1990.6602494661552,1970.2231123621418,1983.413021480378,164018
2023-11-15,2026.606201171875,2069.103802166631,1978.803724564547,2008.9230815164758,2036950
2023-11-16,2043.709716796875,2052.7831902785224,2009.9958597980215,2034.8971526993867,656910
2023-11-17,2070.234375,2076.293163280552,2030.40397897178,2046.6085730671946,525864
2023-11-20,2079.192138671875,2084.2940985801633,2064.0020043272903,2075.597521205533,186235
2023-11-21,2080.84423828125,2092.7585362789673,2064.813504388877,2087.1928718841136,300426
2023-11-22,2057.62451171875,2087.1931170473536,2040.8110477796345,2080.8444826987743,278833
2023-11-23,2098.32470703125,2108.0649223736114,2046.608704158337,2061.6828526914255,535388
2023-11-24,2103.7744140625,2111.456530988867,2090.1208003828983,2110.383957189869,392504
2023-11-28,2114.152587890625,2120.240312734358,2073.0174023813324,2110.384111147463,460978
2023-11-29,2107.919921875,2132.4155027652305,2079.453068720622,2132.4155027652305,1357340
2023-11-30,2120.587890625,2125.197209038866,2096.295347823553,2110.325857470991,859189
2023-12-01,2175.95654296875,2191.523330780833,2114.558205409105,2127.7770501496498,683148
2023-12-04,2207.322509765625,2225.1506741872063,2168.709368736764,2203.1190233832162,1042728
2023-12-05,2228.3681640625,2232.1366403333896,2189.2621446898816,2208.9456090512963,548981
2023-12-06,2233.267333984375,2275.329924213748,2223.469006289931,2232.1366464183156,743908
2023-12-07,2221.845703125,2242.572564046624,2211.090788065197,2242.5436277042286,239029
2023-12-08,2218.91796875,2250.9505018201075,2194.4805026334393,2235.615445055628,270593
2023-12-11,2253.15380859375,2258.226832112846,2220.5413423022733,2220.5413423022733,311661
2023-12-12,2235.876220703125,2264.7780807344566,2222.2804801766097,2253.153628541173,227102
2023-12-13,2281.06982421875,2288.37504534209,2236.86208387338,2241.9929798978865,443226
2023-12-14,2271.590576171875,2290.1144182436665,2249.9939354497387,2290.1144182436665,363192
2023-12-15,2265.35791015625,2293.013338919158,2240.369688926358,2281.4178223618724,635745
2023-12-18,2399.837158203125,2461.148455131266,2261.7635195031107,2269.996392545353,2801186
2023-12-19,2330.466796875,2420.216001158635,2319.1321899711834,2406.069505070574,880976
2023-12-20,2266.430419921875,2380.472407642668,2247.4428736215073,2350.8748687434813,735360
2023-12-21,2299.941650390625,2304.029150130167,2208.4528878585893,2235.615434060053,586859
2023-12-22,2293.33203125,2388.676317341866,2278.257884428938,2368.383983308419,1064690
2023-12-26,2321.625244140625,2329.2492470829193,2298.868980685292,2310.4063828669355,307874
2023-12-27,2306.145263671875,2349.744379438275,2298.5501962834755,2336.467660533685,721724
2023-12-28,2295.824951171875,2337.481707355777,2287.360106949639,2324.5818866369773,1286801
2023-12-29,2333.423583984375,2336.902214714033,2288.983871447225,2303.4491494321646,326993
2024-01-01,2333.91650390625,2352.7301911739864,2324.32121233401,2335.916728664788,218044
2024-01-02,2343.221923828125,2347.5122190071393,2299.7966710399096,2345.222148564519,358545
2024-01-03,2368.470947265625,2382.8783519891654,2350.4978617888046,2350.990744148966,591658
2024-01-04,2370.500244140625,2392.792562223709,2363.485109872633,2378.2402338193688,376886
2024-01-05,2363.86181640625,2385.5165708566647,2352.1505544284396,2376.5880206630686,238564
2024-01-08,2328.08984375,2374.8198717157657,2320.291980875269,2373.6021338371897,286950
2024-01-09,2431.23193359375,2445.4944168233174,2336.49651085239,2336.9893932592954,1113636
2024-01-10,2423.8974609375,2452.0165915070593,2404.851802382342,2429.8110845072138,455041
2024-01-11,2411.75146484375,2433.8407467184284,2395.0537473316713,2428.1009816787146,222858
2024-01-12,2408.446533203125,2428.564766418249,2384.3857233310355,2418.6215157485262,272920
2024-01-15,2413.92529296875,2423.1726242368845,2387.0525950839688,2413.6643836247745,261472
2024-01-16,2379.081298828125,2435.0586610471473,2369.4860063433343,2421.3177546601014,321412
2024-01-17,2381.02294921875,2396.126031192756,2335.4814891613564,2372.4423596100287,302708
2024-01-18,2343.337646484375,2380.414506310977,2298.8108839896836,2377.080798449305,319526
2024-01-19,2401.141357421875,2406.649149171694,2355.570957681746,2366.0649635991917,189988
2024-01-23,2367.74658203125,2396.5613945085743,2330.6988970929165,2371.2830856781707,817128
2024-01-24,2434.478271484375,2442.0154649127526,2351.570349453098,2365.485112443293,373434
2024-01-25,2438.18896484375,2447.2913735209854,2400.2717467118437,2443.1460013802002,279327
2024-01-29,2496.253662109375,2504.0225879023114,2432.9421495522834,2437.3773675083785,784343
2024-01-30,2411.872802734375,2523.3118493719676,2388.9680408844397,2513.998490583169,832629
2024-01-31,2410.039306640625,2452.2108849598226,2378.5779704342394,2395.2546211562344,834154
2024-02-01,2389.230224609375,2473.4569380365633,2345.457918130872,2422.030342653699,1086532
2024-02-02,2422.787109375,2497.089417002586,2393.5665948079636,2401.075385102922,921748
2024-02-05,2414.43408203125,2473.8352549741203,2400.464284980764,2430.1793970972676,523729
2024-02-06,2454.481201171875,2473.83541399929,2406.9254466312123,2427.152650783359,268988
2024-02-07,2473.369873046875,2497.0895267437063,2422.641717296236,2497.0895267437063,389046
2024-02-08,2460.185546875,2523.312064630795,2453.4625940382875,2484.3126437315627,400136
2024-02-09,2488.852783203125,2503.6377107270173,2419.061659895578,2462.6010696077888,393964
2024-02-12,2455.412353515625,2537.4565853166655,2447.0596235009316,2488.8528090523937,529370
2024-02-13,2510.622802734375,2619.2388040284745,2397.001021774169,2455.2089162472726,1263116
2024-02-14,2549.15625,2589.0867634342585,2490.948359777214,2490.9774110668627,893019
2024-02-15,2530.1513671875,2564.610312129162,2516.2977756031496,2561.147156327154,173558
2024-02-16,2560.361572265625,2571.362812498072,2524.476447553351,2540.861860638437,241361
2024-02-19,2570.8095703125,2589.6689408417064,2546.595078846385,2561.700054461959,184575
2024-02-20,2581.956298828125,2593.161380952097,2565.541594324373,2581.519803212588,222584
2024-02-21,2584.634033203125,2641.9689345275683,2570.4894438801034,2587.3406451332826,371688
2024-02-22,2649.9140625,2669.9957660976597,2571.6244697582374,2590.2509458655354,403586
2024-02-23,2640.600830078125,2673.0518478536123,2630.181584738783,2664.1749839459576,264221
2024-02-26,2657.626708984375,2674.652459147615,2616.444569709723,2648.4588483770444,304792
2024-02-27,2669.00634765625,2704.62952281931,2656.02598949009,2657.5683708593688,389099
2024-02-28,2664.058837890625,2711.7019869982564,2641.6486718984543,2685.682924363128,299446
2024-02-29,2723.692626953125,2747.4125216537427,2624.622883649661,2666.6780163123312,600743
2024-03-01,2736.207275390625,2738.5938387823326,2702.9123193449605,2735.7707797733347,199138
2024-03-04,2729.484619140625,2757.919055527596,2719.5892648437116,2753.262375488913,209615
2024-03-05,2753.320556640625,2770.4918060384416,2728.2911752751265,2746.4811565907476,163935
2024-03-06,2740.74755859375,2761.96419953596,2695.0832891238683,2761.96419953596,294519
2024-03-07,2717.5224609375,2760.8001662669494,2710.013671088883,2753.233031746114,244233
2024-03-11,2753.72802734375,2894.329011556094,2718.308451616376,2718.308451616376,1918967
2024-03-12,2783.76318359375,2814.322478332274,2735.770935612894,2761.9643055535144,697414
2024-03-13,2706.72509765625,2819.5903355240184,2685.595850877189,2785.160438882547,645685
2024-03-14,2765.689697265625,2787.1101826158065,2665.7757704186843,2707.2198582023366,412460
2024-03-15,2777.273193359375,2805.9695747880132,2725.3517570437425,2775.3521767174307,390562
2024-03-18,2814.002197265625,2825.9931175253287,2762.4882064022895,2779.397752281141,292720
2024-03-19,2700.7587890625,2822.820691207685,2679.1054096918047,2817.2619688654904,633503
2024-03-20,2741.32958984375,2769.793317441851,2655.647652055994,2717.551593218417,305029
2024-03-21,2876.837646484375,2883.6187017659827,2759.956075487286,2764.8747009837666,786406
2024-03-22,2905.475830078125,2908.764436003416,2831.6100224310885,2872.5883182607618,479451
2024-03-26,2967.816650390625,2975.121597385539,2892.932107258562,2905.4759703060363,728012
2024-03-27,3078.41162109375,3119.9428631070014,2978.75963920098,2986.0648285204197,1348237
2024-03-28,3128.12109375,3146.136282636076,3048.055981631121,3078.411432068652,678687
2024-04-01,3179.838623046875,3218.1686517555995,3130.9147996836377,3130.9147996836377,631767
2024-04-02,3246.166748046875,3259.05971076712,3174.891101483944,3186.8527282498408,449484
2024-04-03,3286.009765625,3301.7841316887707,3207.836618820988,3207.836618820988,581683
2024-04-04,3275.386962890625,3358.5951834727716,3262.5521029759807,3286.446546893203,623656
2024-04-05,3279.577880859375,3313.4550745790725,3223.6984503935882,3284.5548510631106,413155
2024-04-08,3299.22314453125,3339.6484997408643,3280.596667399149,3305.044054812957,398799
2024-04-09,3262.697509765625,3327.0463573631964,3250.211991964151,3320.7599004816716,249533
2024-04-10,3249.630126953125,3278.8213476557735,3230.566912338613,3278.8213476557735,310376
2024-04-12,3246.515869140625,3312.087053154032,3230.5379013588235,3249.6301675018894,342661
2024-04-15,3167.00390625,3271.28327098231,3154.8384363084265,3210.8636077161386,371170
2024-04-16,3219.97314453125,3239.705507366799,3152.1027932257466,3163.5988730913887,455424
2024-04-18,3247.738037109375,3285.253177332399,3201.1717256399206,3221.22437801486,855476
2024-04-19,3253.530029296875,3286.271801952589,3190.2580134670498,3244.827957352022,815322
2024-04-22,3357.663818359375,3396.430343564475,3259.059625413258,3260.7767987304364,840690
2024-04-23,3315.346923828125,3383.56661869337,3309.0895177697766,3376.0575861668954,311349
2024-04-24,3299.776123046875,3349.311237275185,3292.7331217266624,3334.7301522169187,453462
2024-04-25,3335.050048828125,3356.266931978524,3278.850328902821,3300.3872604280855,354724
2024-04-26,3346.080322265625,3380.8305064515316,3316.598105251833,3346.924504321193,261911
2024-04-29,3362.466064453125,3392.763170937154,3337.9022301132695,3349.398309880107,252127
2024-04-30,3400.330322265625,3447.5950771828357,3370.2949193429445,3387.0006218269614,639090
2024-05-02,3417.676025390625,3478.1833251732974,3399.340546027595,3400.330226628042,426724
2024-05-03,3450.592529296875,3462.2050558474234,3414.678357288603,3440.057079291105,231533
2024-05-06,3555.13427734375,3606.560872266821,3468.5791037143063,3469.1901491968592,1312335
2024-05-07,3547.5380859375,3636.6543728130914,3511.1000203525355,3576.2928114069255,716801
2024-05-08,3670.00732421875,3688.633800809491,3505.4535556034525,3561.8571190636476,926467
2024-05-09,3568.260009765625,3687.4697984242557,3559.3250435077143,3678.1564391172997,639174
2024-05-10,3590.349853515625,3613.720163358385,3532.3748580842203,3588.6036289222607,731118
2024-05-13,3853.42041015625,3880.1376706014216,3619.6865661542333,3627.8647462310587,2284971
2024-05-14,3876.907470703125,3900.947414612438,3773.3265425925997,3876.9948666724226,1145060
2024-05-15,4143.994140625,4214.25129605606,4031.4782525479277,4086.1936941370695,4758520
2024-05-16,4100.076171875,4219.518608941767,4071.059744641443,4143.993973500159,2086652
2024-05-17,4182.44091796875,4208.430688013303,4100.222372186471,4115.298056000902,1152696
2024-05-21,4240.00830078125,4276.533520390163,4189.33849184582,4207.6737298774,1137886
2024-05-22,4167.27734375,4268.966543486157,4152.608863100505,4268.966543486157,794072
2024-05-23,4290.8818359375,4299.933249543079,4171.264601690286,4185.147244832426,610893
2024-05-24,4239.45556640625,4275.369742297481,4214.251633601734,4275.369742297481,319901
2024-05-27,4199.78662109375,4261.952507527119,4172.865275125296,4239.484240080128,677613
2024-05-28,4154.4716796875,4234.624192355844,4128.103759336572,4211.05003785061,516690
2024-05-29,4084.3310546875,4164.512615590774,4074.552390412123,4132.701937029275,794675
2024-05-30,4065.6171875,4103.655978540553,4039.278319408251,4076.8803727191307,474891
2024-05-31,4055.896728515625,4110.699567966869,4029.179224597971,4099.581638917265,1576340
2024-06-03,4234.0419921875,4275.311286209746,4154.937266606411,4220.071711074049,1132539
2024-06-04,3709.09375,4260.81742594566,3387.233311961217,4260.81742594566,2110529
2024-06-05,3799.927490234375,3853.3622558587435,3572.3055421007325,3853.333204567849,1252949
2024-06-06,3954.614990234375,3980.4883121830553,3838.8395428444105,3841.6916533482554,716019
2024-06-07,4001.8505859375,4013.9870045585835,3903.420940861883,3958.165676510198,448288
2024-06-10,3991.052978515625,4048.0968821396,3972.6884472980487,4010.4945863297844,440649
2024-06-11,4016.95556640625,4094.5174276385587,4005.4013840498123,4028.0442018349872,706063
2024-06-12,4112.5625,4152.522069051666,4026.7638644231206,4027.3751520423543,875733
2024-06-13,4305.40478515625,4346.965562733087,4128.278092687899,4150.222469887877,1481464
2024-06-14,4534.5107421875,4606.019039247093,4316.638658245833,4326.88311137432,2241455
2024-06-18,4498.21875,4564.080933757761,4459.335532608834,4554.738522486343,564554
2024-06-19,4387.7109375,4546.036117238464,4374.323134105507,4520.424983041296,592516
2024-06-20,4380.0849609375,4395.7431209689385,4324.874924889856,4388.874428114924,531785
2024-06-21,4328.51318359375,4423.79947292613,4307.819950837559,4399.701429164709,427448
2024-06-24,4420.27783203125,4448.508907956212,4279.269645612649,4321.411932088842,521276
2024-06-25,4400.5166015625,4510.52948028745,4387.448846991165,4438.118654992041,840898
2024-06-26,4422.111328125,4461.634639631601,4368.560117111253,4410.411889501806,373441
2024-06-27,4558.95849609375,4618.3887210885105,4388.932913259349,4415.097473868324,2112969
2024-06-28,4484.626953125,4570.832785307318,4441.291142518616,4570.832785307318,769128
2024-07-01,4581.86328125,4592.602575592598,4485.558247672773,4496.909071715764,582119
2024-07-02,4524.0625,4598.423150411233,4453.543882699064,4581.542898322478,521048
2024-07-03,4541.99072265625,4606.543176018423,4514.0220761863575,4536.140760973381,475455
2024-07-04,4579.15625,4626.8865503061625,4507.298853746911,4541.990451128033,482014
2024-07-05,4590.0126953125,4638.412632720127,4548.94675668353,4579.797292511146,528860
2024-07-08,4506.076171875,4618.679451577192,4473.305349695856,4618.359403211889,399489
2024-07-09,4519.2021484375,4554.185227190761,4496.617675899167,4516.932274343089,310552
2024-07-10,4567.36962890625,4577.4107239421755,4423.800078531454,4540.2158700717555,559951
2024-07-11,4526.2451171875,4618.126598540951,4517.92143858699,4618.126598540951,362284
2024-07-12,4431.6865234375,4554.76715184912,4424.2939387223605,4544.87179857277,726216
2024-07-15,4446.9658203125,4464.108016788597,4395.9759685754725,4431.686295563992,425054
2024-07-16,4347.314453125,4474.964369133675,4332.995072248869,4458.7242137956655,581874
2024-07-18,4145.10009765625,4353.105884721955,4106.595517292297,4347.314509970519,1477140
2024-07-19,3987.35693359375,4161.864162573174,3972.688452794188,4147.748624670893,1158232
2024-07-22,4088.027099609375,4096.670826291509,3894.136621827396,3894.136621827396,636262
2024-07-23,3951.558837890625,4135.524676976891,3862.093454688953,4097.776883782039,1096685
2024-07-24,3941.314453125,4052.433216987165,3905.749379541839,3969.515993032849,761424
2024-07-25,3979.644287109375,4045.448365175745,3883.135658040549,3921.4654465117574,583872
2024-07-26,4026.414306640625,4061.251644620868,3981.448720767808,4005.051925102219,600579
2024-07-29,4130.6357421875,4138.930370365849,4043.87696246015,4055.634988884937,636993
2024-07-30,4086.863525390625,4166.462611170104,4067.305711854548,4132.760208055896,672423
2024-07-31,4151.91064453125,4179.326347039572,4027.9858298843146,4118.179191545753,793082
2024-08-01,4091.316162109375,4169.955103518945,4044.138801197244,4160.670794890819,914883
2024-08-02,4002.665283203125,4064.627808965597,3958.1654872108315,4016.344082591394,756140
2024-08-05,3896.843505859375,3963.957312876319,3844.1362337782016,3886.7736023060143,851269
2024-08-06,3837.005859375,3978.276475428511,3821.755384361162,3896.843528958536,417249
2024-08-07,3973.125,3998.8821166522894,3822.512213469818,3898.764589396539,628182
2024-08-08,3940.092041015625,3986.6293046236588,3875.6560347148884,3934.8533669035587,809522
2024-08-09,4010.232666015625,4025.2211952742196,3941.285237750819,3987.2405061637833,1236449
2024-08-12,4028.538818359375,4103.656013850908,3937.7637035856246,3958.1364052173826,1745187
2024-08-13,4056.566162109375,4100.1636770108225,3987.269632857296,4020.477195530488,891985
2024-08-14,4097.86474609375,4110.9906036599605,3979.9644383276996,4058.0504356502834,574165
2024-08-16,4184.390625,4224.001092191039,4111.13585745647,4126.939275687552,681733
2024-08-19,4134.06982421875,4216.579362951858,4125.280356255848,4216.579362951858,401085
2024-08-20,4123.4755859375,4163.027947748616,4077.1131177598027,4163.027947748616,299998
2024-08-21,4122.89404296875,4149.757288803979,4093.237031187175,4123.476037191888,252134
2024-08-22,4107.17822265625,4147.079688107954,4092.0439520593022,4147.079688107954,276213
2024-08-23,4087.445556640625,4137.38763208132,4080.373019693364,4107.178162291935,216093
2024-08-26,4099.6103515625,4112.736207921228,4070.6520271277072,4112.736207921228,255325
2024-08-27,4079.703857421875,4131.945342413388,4074.5525792456415,4121.118894437021,307347
2024-08-28,4046.292236328125,4094.925064140736,4039.7728847612216,4084.7387134953715,343891
2024-08-29,3998.474609375,4047.893033353802,3961.1923620004895,4033.835840165528,628365
2024-08-30,4012.327880859375,4038.4340962698097,3991.2857894713397,4014.0160028982023,1198532
2024-09-02,3946.26220703125,4042.537942357294,3936.0465627464046,4032.4970900049,452717
2024-09-03,3939.9755859375,3977.897928785395,3920.3013264032734,3961.6287224750954,592777
2024-09-04,3934.15478515625,3966.6639052961063,3906.331396049413,3939.9756953581573,359134
2024-09-05,3891.895751953125,3958.1656176704555,3887.1519184101085,3952.3156562653294,370346
2024-09-06,3850.07373046875,3899.928651818154,3842.302994179717,3866.168145961769,471099
2024-09-09,3817.4189453125,3870.213370890157,3785.1134263696936,3847.5415018873323,491146
2024-09-10,3831.76708984375,3867.914157303119,3804.9914843182914,3841.7205459520114,393031
2024-09-11,3837.471435546875,3902.635171463951,3820.64928664328,3840.4109418069484,424370
2024-09-12,3873.385986328125,3878.944951024789,3831.097957525995,3869.515143782399,263114
2024-09-13,3905.894775390625,3929.032432723841,3880.1669535150377,3888.286788896956,294560
2024-09-16,3907.379150390625,3943.5845627668987,3904.5851425656383,3917.3909512399728,122874
2024-09-17,3937.12353515625,3943.5847845310363,3895.4177428431694,3914.480716288013,168805
2024-09-18,3923.386474609375,3959.2132524167864,3903.420975168362,3958.136417913165,200604
2024-09-19,3914.85888671875,3983.6024702410245,3786.423133286021,3943.5845602533204,616978
2024-09-20,3977.19970703125,3994.05090843865,3907.117340737831,3930.1095008973516,992735
2024-09-23,4038.696044921875,4051.2399077329505,3982.001726307483,4000.0462087759956,367189
2024-09-24,4130.25732421875,4147.020887246464,4033.8067974755804,4038.6961296763156,662603
2024-09-25,4177.580078125,4204.326630750185,4118.207960528956,4136.834193927549,895767
2024-09-26,4119.51806640625,4212.999794163926,4068.7896707696036,4196.788689703579,466136
2024-09-27,4246.38232421875,4263.145888087367,4094.925350055314,4119.518237121768,918736
2024-09-30,4220.07177734375,4260.759077831068,4178.802482673434,4245.974391992575,564906
2024-10-01,4372.40234375,4394.695820403279,4222.42941079465,4234.507485097281,880290
2024-10-03,4276.18408203125,4376.0687065077045,4252.086038180062,4337.476974799545,412768
2024-10-04,4218.23876953125,4289.077438038313,4180.490490098373,4275.369586276888,473491
2024-10-07,4073.4755859375,4271.265970531521,4060.6404837462815,4252.5811489249,441247
2024-10-08,4291.1728515625,4307.354904382591,4048.5042774409567,4080.3728164894324,568002
2024-10-09,4468.736328125,4507.095167959779,4286.952719481427,4292.831732309443,900194
2024-10-10,4474.29443359375,4505.203067381678,4418.647659610748,4482.007066396681,372795
2024-10-11,4511.05322265625,4528.544519787398,4399.351983471159,4476.186349363211,376068
2024-10-14,4496.7919921875,4531.484073922526,4466.873521531687,4528.573618886808,275138
2024-10-15,4580.990234375,4586.840196172747,4484.190361628013,4543.417230277571,597918
2024-10-16,4648.65673828125,4732.24311064757,4572.841101874122,4580.9899887950005,1656751
2024-10-17,4492.28125,4656.631172581361,4453.077987564166,4648.656593650214,662574
2024-10-18,4541.96142578125,4571.99658581192,4403.426477405327,4493.70723361178,467830
2024-10-21,4354.88134765625,4582.968836360419,4338.845035530117,4563.4986617464065,385957
2024-10-22,4213.49462890625,4354.8814508348205,4197.283524467363,4354.8814508348205,791353
2024-10-23,4000.075439453125,4235.584331760056,3987.7935218889465,4213.087011815958,812625
2024-10-24,3986.076171875,4058.22480840398,3909.2418043690745,4015.762232523672,788358
2024-10-25,3944.4287109375,4015.0930726968863,3874.4046880644455,4004.7028782456264,536329
2024-10-28,3929.818359375,3997.252213817475,3897.0182424486306,3956.070073432112,468112
2024-10-29,4020.76806640625,4027.8113096592087,3882.4662514388124,3952.3157214085727,428213
2024-10-30,4033.835693359375,4082.0024891530493,3970.360078502411,4026.239507453645,333351
2024-10-31,4060.7568359375,4079.2959164699564,4022.1651026783675,4022.1651026783675,290668
2024-11-01,4044.924560546875,4079.761900463297,4002.5781881621574,4060.7860813018724,30219
2024-11-04,4047.7763671875,4078.5685546001346,3948.3572883263023,4078.5685546001346,485353
2024-11-05,4049.9013671875,4073.3881260297658,3969.9236454165043,4045.4775817489112,447964
2024-11-06,4104.005859375,4138.5812549348575,4038.8418739385997,4073.9702124290316,429473
2024-11-07,4117.3056640625,4162.416991015307,4048.9697676861906,4144.4018020368585,344857
2024-11-08,4176.03759765625,4206.916697077934,4080.081673794393,4125.774993928047,549978
2024-11-11,4101.357421875,4179.3267341482315,4094.3434714083814,4170.624903567943,369477
2024-11-12,3957.81640625,4131.450403405868,3944.7486514443003,4109.447924103908,380642
2024-11-13,3902.576904296875,3972.6883182195315,3867.9431673168565,3957.874339374829,365720
2024-11-14,3921.37841796875,3939.4226592507853,3833.7173566139504,3902.2571000577427,433749
2024-11-18,3865.1201171875,3979.294832767248,3848.763756921776,3972.688327404894,240947
2024-11-19,3868.29248046875,3951.034910305556,3858.9210187041463,3890.0330128734245,377552
2024-11-21,3865.96435546875,3906.9136014019805,3813.4606851881786,3868.2051783103066,368778
2024-11-22,3986.89111328125,4060.0003800984723,3870.242435526659,3879.235746641794,595041
2024-11-25,4277.4072265625,4305.492563506138,4057.9051027335668,4064.0753551487246,2501112
2024-11-26,4215.70654296875,4313.292252910027,4208.40159565731,4306.80171014408,459152
2024-11-27,4328.8046875,4437.158743247596,4292.278982455286,4365.009859958058,2317671
2024-11-28,4319.025390625,4422.839210092045,4305.812379359393,4356.802236678497,1252452
2024-11-29,4401.01123046875,4443.008262537656,4321.965085566237,4331.249394337826,984620
2024-12-02,4402.37939453125,4451.7394748846145,4356.889914530479,4409.247603938497,705697
2024-12-03,4500.05224609375,4510.529594210062,4418.881002154059,4435.441206427552,791356
2024-12-04,4510.6455078125,4625.547714172241,4495.162139061328,4528.573542547307,946992
2024-12-05,4535.8203125,4569.318869306007,4496.5589483932035,4540.2152882914015,494198
2024-12-06,4532.998046875,4597.259505283103,4512.333862713298,4540.21584042902,401598
2024-12-09,4564.69189453125,4620.163882728434,4503.544736576115,4532.997904085386,515642
2024-12-10,4592.8349609375,4598.422976368843,4532.182648224338,4575.139820832322,436346
2024-12-11,4581.54296875,4611.229029953076,4563.49872802884,4592.8352053695,293787
2024-12-12,4607.8818359375,4633.34819718823,4557.677816639369,4585.588359797349,328359
2024-12-13,4589.60498046875,4627.440415143533,4535.529873415577,4607.154866128474,226593
2024-12-16,4638.5576171875,4677.557038260116,4589.4594832636985,4601.479454809494,416262
2024-12-17,4534.77294921875,4655.234128945606,4525.663432616872,4627.81842526582,420090
2024-12-18,4462.798828125,4588.877074168815,4441.26213759411,4554.7384177106,405462
2024-12-19,4442.513671875,4463.672210993281,4359.799805709278,4394.695731766937,304535
2024-12-20,3998.24169921875,4489.778154048976,3970.825754391792,4484.917873168178,2836225
2024-12-23,3970.21484375,4022.048884090985,3866.4591250057356,3993.09055685541,1516757
2024-12-24,3873.6767578125,3969.632442941951,3830.1082958594584,3963.9572734084127,1368181
2024-12-26,3903.158935546875,3923.2115883775887,3866.1969794490597,3876.645275849735,489065
2024-12-27,3810.288330078125,3937.7636978247397,3796.464031433098,3899.9578010241385,456623
2024-12-30,3744.86279296875,3897.6001906501456,3719.6295690192965,3830.078941039938,2050470
2024-12-31,3804.49658203125,3845.9406673407066,3742.214248909354,3764.7989634045575,742898
2025-01-01,3862.1806640625,3872.861855040626,3785.171746469868,3812.61674228209,396985
2025-01-02,3899.055419921875,3908.6014316268515,3821.3478197323043,3899.3464170071475,667361
2025-01-03,3847.366943359375,3923.211630823966,3839.5959653299515,3911.570052566049,504796
2025-01-06,3767.9130859375,3861.1912097699674,3740.1477997657985,3858.484597923919,489305
2025-01-07,3773.122802734375,3810.928699841551,3739.8859473665702,3779.205416717404,528092
2025-01-08,3665.147216796875,3779.8748814983574,3629.0291989642783,3768.407852658229,915457
2025-01-09,3632.346923828125,3734.5600136305143,3613.283709528143,3665.5254335798986,581738
2025-01-10,3553.475341796875,3640.670857612516,3531.4728617057276,3626.293373262652,644503
2025-01-13,3377.978515625,3538.719548498468,3364.415920617707,3538.486653985651,562484
2025-01-14,3412.990234375,3434.2071171087337,3357.925694676116,3385.3706896111303,577767
2025-01-15,3381.005126953125,3443.986145171804,3374.3112255122446,3431.355128398694,506588
2025-01-16,3498.3232421875,3517.9101064703455,3414.5039744793894,3418.811312492891,585101
2025-01-17,3599.1396484375,3614.710172652052,3459.324252626052,3498.294382194754,612114
2025-01-20,3571.898193359375,3618.3480615197445,3558.2484439672544,3603.068534664821,152373
2025-01-21,3448.002685546875,3585.606066101343,3441.6288321171087,3574.54672348593,352632
2025-01-22,3408.915771484375,3480.7443571628396,3364.4157333332796,3469.1318306821577,403985
2025-01-23,3531.967529296875,3569.8898733876827,3421.9544079395405,3422.5947468000077,409453
2025-01-24,3422.44921875,3531.472658539284,3395.9646100341147,3521.5773049071054,421077
2025-01-27,3368.6943359375,3410.9823644964313,3306.208154737678,3410.9823644964313,333867
2025-01-28,3308.740234375,3472.391729487704,3259.6418565025947,3453.4452032303643,594390
2025-01-29,3390.34765625,3402.251180715002,3293.4025292215183,3312.0290066526804,285380
2025-01-30,3431.6123046875,3471.4497455341034,3383.7136468046765,3411.8979025043795,502913
2025-01-31,3547.6201171875,3563.1871749135967,3430.8820039952107,3458.043939632471,698148
2025-02-01,3357.719970703125,3590.0572746387365,3300.329379278828,3579.5430234495807,866946
2025-02-03,3052.60009765625,3370.42478058664,3027.161382892487,3359.9105296860853,2949638
2025-02-04,3166.301025390625,3174.741725846076,3065.4219852726915,3092.9636485467954,1902872
2025-02-05,3259.732421875,3292.1514838898293,3176.1142683730777,3190.191819863619,938038
2025-02-06,3295.072265625,3334.0336425212363,3260.6085626732674,3294.4879785922917,698995
2025-02-07,3215.922607421875,3329.535701697954,3182.3352137872284,3322.526200930165,674714
2025-02-10,3124.652587890625,3241.040134030993,3115.1895675349465,3215.659725991729,576213
2025-02-11,3040.304443359375,3142.61444003373,3005.7824328269253,3130.961254131146,854281
2025-02-12,3036.974853515625,3092.9050924803696,2924.7344068014254,3037.4711938143228,1379042
2025-02-13,2982.125,3094.30713952366,2931.7730623381694,2979.058282627173,1841280
2025-02-14,2915.30078125,3012.7625315289774,2889.482096700257,2984.899692661566,561232
2025-02-17,2838.458251953125,2909.984942155543,2797.4816333833237,2889.6573421653034,1358038
2025-02-18,2829.316650390625,2884.6336885130927,2776.1611097655464,2867.3436521082135,875987
2025-02-19,2894.301025390625,2913.6357018827716,2787.8728438432317,2809.6607969138076,1130801
2025-02-20,2935.7744140625,2942.7547613727615,2858.2019883534663,2890.270722329773,749470
2025-02-21,2874.70361328125,2955.3719085880834,2836.5893919271944,2926.4867499163956,779092
2025-02-24,2846.402587890625,2860.4798959663644,2787.201074201471,2860.4215887397636,957130
2025-02-25,2825.87060546875,2881.2751074736566,2811.1213056743263,2854.054862908234,490647
2025-02-27,2737.6083984375,2843.394229802178,2721.25297813081,2827.681160786926,641615
2025-02-28,2700.720947265625,2751.2480496272756,2675.8954291537984,2716.200302224719,919544
2025-03-03,2825.257080078125,2839.451488971924,2667.1334640614336,2704.488475917332,810733
2025-03-04,2880.8662109375,2902.654408032199,2768.509150629881,2768.509150629881,992217
2025-03-05,2970.734619140625,2997.721148373279,2880.866172719568,2880.866172719568,1248047
2025-03-06,3014.28125,3077.337843350944,2970.7636512907216,3005.3439668681012,1446016
2025-03-07,2982.62158203125,3022.13784974548,2947.2818126403035,3014.6903157974693,1000990
2025-03-10,2905.779296875,3003.7667787334394,2891.4388772878688,2982.621419836576,566630
2025-03-11,2886.794921875,2911.562131131378,2834.1942720804273,2862.2325167522536,889506
2025-03-12,2865.59130859375,2925.9609115557455,2809.9820048821734,2914.4534942700793,416828
2025-03-13,2878.52978515625,2971.6398715975274,2857.3258751427034,2890.8549617506637,696251
2025-03-17,2883.52392578125,2917.4327368527124,2855.544230901308,2906.042177023193,435109
2025-03-18,2883.52392578125,2883.52392578125,2883.52392578125,2883.52392578125,0
2025-03-19,3051.782470703125,3067.9921237522676,2974.9403433036646,2995.4139555360553,855208
2025-03-20,3034.02490234375,3077.6593598414192,2985.4836486094478,3072.5188487966648,548075
2025-03-21,3037.850830078125,3101.725427300144,3022.809508655276,3037.996841096589,1256241
2025-03-24,3051.02294921875,3121.9655979939457,3040.3918406989656,3075.4395873607414,600664
2025-03-25,2990.21533203125,3086.9470260171624,2983.7313251476103,3066.6777323640113,399335
2025-03-26,3164.95751953125,3224.3925088597293,3038.0554769515434,3095.8841020848317,4736380
2025-03-27,3104.149658203125,3177.6621999322897,3095.8841223581953,3165.979617421705,1078586
2025-03-28,3081.4853515625,3123.3382811713286,3027.0737734776035,3120.4175748478556,1201834
2025-04-01,3054.9658203125,3128.0111698296178,3037.4709800121077,3060.8361432656375,562131
2025-04-02,3085.866455078125,3096.4684102493648,3003.591794233335,3054.9952058833815,634342
2025-04-03,3065.830810546875,3109.903301729638,3038.0554329480274,3038.0554329480274,677222
2025-04-04,2878.67578125,3088.5533826987635,2833.639520126023,3088.5533826987635,1869669
2025-04-07,2798.697265625,3071.9047837222797,2438.019669620857,2438.019669620857,2716014
2025-04-08,2749.936767578125,3016.178505058401,2736.552586245662,2923.98165783142,2603929
2025-04-09,2702.569580078125,2778.2973050130236,2654.75449617632,2775.361779113893,866126
2025-04-11,2714.461181640625,2799.244507395417,2696.797978652261,2799.244507395417,784039
2025-04-15,2825.614990234375,2836.0636457714277,2728.094205221884,2784.3179231117383,872503
2025-04-16,2797.751953125,2890.2971893478793,2785.3130772885916,2846.014791370265,865906
2025-04-17,2796.25927734375,2836.0636798682162,2756.4548748192838,2799.7421625646407,537062
2025-04-21,2813.176025390625,2833.0782257824935,2730.5818937643703,2832.0831157629004,653092
2025-04-22,2842.53173828125,2865.4192684687064,2799.244452926713,2826.6099781508456,576915
2025-04-23,2857.9560546875,2900.7457867040607,2827.605198257149,2860.94138482819,607062
2025-04-24,2889.302001953125,2909.204202758726,2855.965815603743,2870.892466207944,453763
2025-04-25,2819.644287109375,2904.2286401724764,2753.469469712949,2890.7946546859835,776070
2025-04-28,2902.238525390625,2912.1896261120055,2819.1468343670977,2819.6443894031668,460919
2025-04-29,2915.67236328125,2973.3887445339165,2889.79950271971,2917.1650283136464,674757
2025-04-30,2887.311767578125,2931.096609133678,2843.029371004895,2924.6283939038804,512358
2025-05-02,2898.258056640625,2935.5746839793455,2881.6397671884733,2887.3118459546004,367358
2025-05-05,2937.266357421875,2950.5013699980723,2885.6202417496997,2923.633397994717,237370
2025-05-06,2926.71826171875,2957.8650118889113,2902.537038943434,2937.2662824680083,269762
2025-05-07,2952.6904296875,2994.8832406884294,2868.00671198113,2868.2056853975882,415422
2025-05-08,2824.719482421875,2960.4523959340513,2806.210338330765,2960.0544490931456,898180
2025-05-09,2843.228271484375,2860.9412782486265,2774.665288986102,2781.332477462578,539592
2025-05-12,2881.739013671875,2939.1570562616566,2851.8857130311353,2914.6772525575375,506851
2025-05-13,2902.4375,2932.8879653985673,2888.804540595505,2899.7507513934897,784313
2025-05-14,2992.096923828125,3025.034920460745,2903.7311034810177,2903.7311034810177,1814823
2025-05-15,2994.78369140625,3013.1932273062384,2957.4670645819488,2995.281246430574,501027
2025-05-16,3054.490234375,3099.6681325182035,2981.349647234892,3013.1931681666397,809043
2025-05-19,3089.219482421875,3135.3927336188426,3011.003979769444,3064.9388948491865,596943
2025-05-20,3112.405517578125,3192.1139262477136,3039.463905539565,3124.645419242859,1314196
2025-05-21,3274.708251953125,3288.838766293074,3113.3014479274348,3173.405998701547,1482098
2025-05-22,3288.440673828125,3331.628351577265,3211.6179858202318,3290.430893870883,1026833
2025-05-23,3261.274169921875,3318.691970415875,3235.2023355652364,3294.510747949125,650091
2025-05-26,3232.81396484375,3292.719541153174,3224.1565560141808,3273.912058421807,585314
2025-05-27,3282.967529296875,3290.629827780148,3240.2771641241607,3290.629827780148,663341
2025-05-28,3321.279296875,3331.329762299684,3284.161644573793,3308.740813455823,570286
2025-05-29,3332.822509765625,3359.4915075261024,3310.333168546112,3341.280945137062,515527
2025-05-30,3249.63134765625,3353.520735579772,3236.097754333952,3343.569635474194,756152
2025-06-02,3275.90234375,3297.6951570597776,3242.168209624609,3254.0099222547087,349448
2025-06-03,3297.794677734375,3348.34631643505,3285.9529654185094,3289.833797401884,390549
2025-06-04,3293.11767578125,3320.1846200482732,3259.0849612938346,3304.06388612758,259833
2025-06-05,3264.45849609375,3319.985685083056,3260.577664104727,3298.789792577589,185492
2025-06-06,3281.375244140625,3331.6282994337566,3266.9461490564586,3283.8630191551365,333166
2025-06-09,3366.755859375,3388.3496987335184,3290.4309676140315,3303.7653450206403,618824
2025-06-10,3355.21240234375,3392.330054640377,3346.2564121730948,3383.374064469722,348784
2025-06-11,3333.51904296875,3381.383933317737,3321.8763040302038,3364.467062550697,412042
2025-06-12,3251.52197265625,3341.4798207960152,3242.068427517693,3333.6185488595065,348509
2025-06-13,3244.05859375,3255.303385317691,3154.399085744027,3179.4760520531354,347257
2025-06-16,3255.50244140625,3296.7995073754873,3227.93794234867,3232.117355857405,362584
2025-06-17,3305.357666015625,3356.804807427732,3260.4781052186086,3261.970770305692,834726
2025-06-18,3339.390380859375,3353.5208950920664,3284.0621644619287,3328.54353546029,382866
2025-06-19,3268.737548828125,3368.447527492762,3244.3573525434654,3333.519067473575,547608
2025-06-20,3198.482666015625,3281.275773376468,3179.4762098768615,3258.78643207153,1000560
2025-06-23,3076.482177734375,3184.352004715398,3066.9290245415177,3184.352004715398,1299174
2025-06-24,3144.3486328125,3214.2053063614017,3093.796996123095,3093.796996123095,1187970
2025-06-25,3133.701171875,3174.401075952223,3085.935889227443,3171.4157457867504,845690
2025-06-26,3149.423583984375,3159.4742922976407,3106.2359065849087,3142.557422071165,501325
2025-06-27,3162.857666015625,3255.900455110349,3149.5232886075028,3168.4303794395855,2052948
2025-06-30,3235.600341796875,3282.569487773967,3180.570707200638,3189.12875084697,880507
2025-07-01,3306.850341796875,3362.2779236204537,3244.058799751797,3256.0001204870796,1445646
2025-07-02,3271.623291015625,3348.545347133488,3251.024561392305,3322.6724856103174,592322
2025-07-03,3295.505859375,3310.6314833408437,3268.9364699891034,3273.912020171735,496857
2025-07-04,3276.30029296875,3303.765428043249,3221.171292342168,3303.765428043249,504152
2025-07-07,3262.169677734375,3291.326450434917,3234.1076232542646,3273.9120247712403,439627
2025-07-08,3280.6787109375,3338.4944564222924,3259.283845843929,3278.8874643403105,549860
2025-07-09,3202.562744140625,3286.8485173556955,3197.2886122506357,3276.3002535757164,458107
2025-07-10,3175.9931640625,3212.2150707798196,3151.5133609540544,3211.2199607826756,354856
2025-07-11,3102.45458984375,3174.699677480254,3089.9163488381596,3162.459775135651,370986
2025-07-14,3137.18408203125,3148.5282395715963,3050.012343327099,3123.650487994703,588779
2025-07-15,3131.412353515625,3146.2393960799504,3098.2751402656454,3132.706045169812,361397
2025-07-16,3074.193359375,3124.645387585189,3064.9387878224147,3107.728517652403,624769
2025-07-17,3095.0908203125,3119.272042985667,3023.6418705207757,3066.0336555995023,991736
2025-07-18,3113.10205078125,3134.596524125393,3089.8165737807444,3095.0907054106924,462228
2025-07-21,3139.373291015625,3144.3488413554664,3082.8509905656692,3109.718962400812,257721
2025-07-22,3126.436767578125,3148.3291884253313,3105.6388220052067,3144.5477216896384,348800
2025-07-23,3127.73046875,3146.5379513564326,3096.5834758603714,3129.621080650215,205688
2025-07-24,3113.69921875,3127.6307588786353,3085.93574667236,3127.6307588786353,295195
2025-07-25,3023.34326171875,3114.6944115806646,3015.3823814335597,3113.6993015450157,246680
2025-07-28,3046.62890625,3061.9535032376384,3001.7493475841193,3025.1344328379655,398906
2025-07-29,3052.99755859375,3073.5962875346704,3019.760980916847,3038.5684632222997,255592
2025-07-30,3056.380859375,3064.441347824172,3005.2323008374738,3052.9975824401886,310945
2025-07-31,3018.566650390625,3044.3401457868504,2990.3056228805503,2995.281173001816,299015
2025-08-01,3008.814697265625,3035.085504122598,2983.339784052311,3035.085504122598,281885
2025-08-04,2978.96142578125,2994.2860227702554,2914.1796668935503,2985.3300326722388,478003
2025-08-05,3065.93408203125,3074.9896807180753,2991.499801265346,3015.083860999305,772626
2025-08-06,3068.81982421875,3098.772734275337,3042.0514607192376,3084.841193401909,392854
2025-08-07,3101.758056640625,3113.2018223292253,3036.0807926886578,3063.94387436525,457545
2025-08-08,3016.974609375,3131.611235171324,3008.2175926034042,3131.611235171324,263161
2025-08-11,3099.56884765625,3123.3518807901373,2910.696910642949,3005.2323658604123,1102245
2025-08-12,3119.76953125,3184.3520745839423,3070.014030084626,3099.5687491875015,697711
2025-08-13,3135.293212890625,3176.3913068981833,3087.0303750508497,3121.560645493248,305836
2025-08-14,3153.503662109375,3173.3062543834785,3102.952024364084,3135.293100103609,330958
2025-08-18,3102.753173828125,3198.1841316109594,3094.991266753885,3198.1841316109594,276357
2025-08-19,3117.878662109375,3137.979835898454,3104.842866632023,3109.718808545109,189758
2025-08-20,3139.671875,3149.3243940772336,3104.942387833564,3119.6700654399924,259839
2025-08-21,3181.565673828125,3219.180880777102,3134.5965299684303,3158.479170196761,708572
2025-08-22,3157.68310546875,3218.4844256125944,3142.5574815692366,3194.3032032416877,290166
2025-08-25,3149.125244140625,3194.3031415495607,3132.4073473338135,3169.425391225966,335061
2025-08-26,3033.095458984375,3143.950622347279,3024.1394684558777,3139.174288422847,829921
2025-08-28,3028.31884765625,3062.948725895104,3003.1425148676894,3042.74794334354,527913
2025-08-29,3048.718505859375,3078.8703879179993,3002.7444717332137,3028.2193853084036,430652
2025-09-01,3123.55078125,3135.890291410857,3049.0171370561598,3063.744814114326,231094
2025-09-02,3174.69970703125,3182.36200598601,3104.743420474156,3123.650511816787,326742
2025-09-03,3196.19384765625,3209.1302782060347,3164.449934485877,3174.4010349087885,240535
2025-09-04,3138.97509765625,3214.902044345377,3134.5967105408786,3209.2299655537568,191346
2025-09-05,3073.994384765625,3167.2361427694177,3069.914336604717,3153.2049946519305,316358
2025-09-08,3106.335693359375,3125.5411233632562,3074.9897261375368,3094.7923193624565,221407
2025-09-09,3174.500732421875,3184.3522249390626,3080.064640982949,3116.0875769382133,307706
2025-09-10,3127.332275390625,3203.35882824562,3116.087483344694,3176.4908571546916,655563
2025-09-11,3169.72412109375,3194.303290973879,3131.6113572257937,3131.6113572257937,448621
2025-09-12,3186.34228515625,3196.2933853597365,3165.9425297391035,3186.34228515625,172093
2025-09-15,3277.593994140625,3308.7409879701236,3174.500736494054,3184.3522290238784,1094939
2025-09-16,3297.595703125,3317.7964855507607,3268.936485349021,3286.9480742734945,441922
2025-09-17,3306.4521484375,3351.530682753923,3290.431022236354,3299.784959623518,569372
2025-09-18,3301.576171875,3333.718275073474,3272.021451984768,3306.3527487034835,459746
2025-09-19,3309.636474609375,3330.4344207774543,3292.321656622539,3321.5777954132045,431619
2025-09-22,3227.639404296875,3318.6919726622714,3219.977105603024,3318.6919726622714,292028
2025-09-23,3224.554443359375,3256.895519327616,3209.727401094188,3227.6393816304444,204819
2025-09-24,3185.34716796875,3228.5348455759927,3178.2817896614592,3224.1564586750233,257405
2025-09-25,3140.865966796875,3206.2446498953254,3130.019121251064,3184.252620139734,180638
2025-09-26,3081.1591796875,3140.567198832717,3059.96328783606,3140.567198832717,246575
2025-09-29,3090.015625,3131.611272956881,3077.2781679918794,3099.7677519099725,615998
2025-09-30,3113.898193359375,3122.356628440726,3082.850809650124,3090.0155531296773,315843
2025-10-01,3106.236083984375,3142.955548394324,3078.970165240885,3119.6700699314483,195465
2025-10-03,3148.627685546875,3159.2753140838863,3092.1053882867086,3106.235901865055,223614
2025-10-06,3235.79931640625,3260.876041196321,3141.363469390212,3166.4401941802826,597115
2025-10-07,3234.90380859375,3246.247966018224,3192.3130497397838,3234.107671962063,221931
2025-10-08,3201.070068359375,3254.0098746107797,3187.2378928490716,3234.1076735428237,204414
2025-10-09,3162.857666015625,3209.229891235133,3154.498838826472,3189.5266637786576,129907
2025-10-10,3132.00927734375,3186.1434098863115,3124.645560145054,3162.459742083115,234596
2025-10-13,3062.451171875,3132.0092670322915,3007.9190926702886,3131.9099017955923,622559
2025-10-14,3092.10546875,3104.643709457011,3048.5196005091652,3064.9389161312974,364449
2025-10-15,3103.350341796875,3129.6211502995275,3081.855867242492,3095.7874081341274,208170
2025-10-16,3103.748291015625,3134.596703013536,3088.622666625363,3102.7531809511765,415106
2025-10-17,3105.9375,3127.0337848817726,3086.3338802223175,3099.7678661591226,221425
2025-10-20,3081.65673828125,3128.725490507401,3077.875271640735,3109.619183891489,91651
2025-10-21,3087.726806640625,3108.7237253961175,3083.84597471273,3108.7237253961175,37003
2025-10-23,3134.4970703125,3158.7779014632174,3094.792276230256,3119.6700276468982,381414
2025-10-24,3136.785888671875,3159.4744466735665,3105.7385033285673,3134.5966951249557,202470
2025-10-27,3144.447998046875,3161.7630578492226,3125.939097778296,3145.5427162277533,123806
2025-10-28,3094.49365234375,3153.5037264871266,3063.147685987062,3153.5037264871266,266222
2025-10-29,3133.302978515625,3149.9212678284657,3095.787378068283,3106.7335886625456,197714
2025-10-30,3111.510009765625,3149.025608335136,3100.6631649516253,3148.528053333029,122934
2025-10-31,3081.1591796875,3137.6814769757466,3077.974876237482,3115.689448525107,128829
2025-11-03,3112.20654296875,3128.4268846517557,3079.865467782024,3084.741409631465,132017
2025-11-04,3104.345458984375,3119.6700568216233,3076.8803239848357,3119.6700568216233,131676
2025-11-06,3068.421875,3112.107109526326,3056.4805542605804,3094.692683448006,297842
2025-11-07,3018.566650390625,3070.0140330019367,2990.3056228805503,3069.914424820798,304289
2025-11-10,3039.464111328125,3072.899906976536,2988.4151589148696,3018.566799784567,465289
2025-11-11,3007.222412109375,3054.8880838055948,2992.3953703269904,3049.0170319997105,214908
2025-11-12,3041.6533203125,3053.3954239440136,3002.943395580911,3035.085497139978,284010
2025-11-13,3051.10693359375,3109.4202350759074,3041.5537802102217,3050.0122153915686,324328
2025-11-14,3069.118408203125,3089.816746106174,3022.8457902662694,3054.987893895637,284674
2025-11-17,3216.792724609375,3226.146661551138,3078.273216467892,3078.273216467892,1556685
2025-11-18,3233.610107421875,3253.910255262826,3185.645851602021,3228.93313877631,596935
2025-11-19,3195.7958984375,3230.1271948709714,3170.5202005608476,3206.244553873774,336775
2025-11-20,3200.572509765625,3227.9380362035654,3190.0242460326485,3204.2543683697354,344112
2025-11-21,3157.981689453125,3199.1791476370577,3130.6161635479853,3189.3276554899217,424858
2025-11-24,3148.428466796875,3168.9278302033113,3131.6112047887646,3159.3746769184754,597847
2025-11-25,3165.544677734375,3187.237882470374,3138.5770981963938,3182.5609138239925,397365
2025-11-26,3302.5712890625,3316.303856369024,3169.226542098718,3179.376616039439,1149408
2025-11-27,3295.904052734375,3300.382047903603,3250.2283562401763,3293.8142244766873,269573
2025-11-28,3280.877685546875,3295.704727438424,3268.9363654902895,3292.8190056034605,186409
2025-12-01,3294.01318359375,3308.641252493696,3258.3881958127563,3308.641252493696,194610
2025-12-02,3344.56494140625,3367.4524729898094,3284.957945460828,3294.01330131929,744346
2025-12-03,3313.61669921875,3358.0983106754747,3292.6200239399427,3355.610535669921,368000
2025-12-04,3346.057373046875,3358.4962480396143,3296.7994280756275,3316.6020198853575,268367
2025-12-05,3309.636474609375,3357.5013660101095,3264.558182932353,3346.057600239773,287226
2025-12-08,3188.531494140625,3309.636335617506,3176.8887554351995,3309.636335617506,308854
2025-12-09,3127.431884765625,3194.303230916959,3109.7188774503106,3184.352130509118,387788
2025-12-10,3164.350341796875,3167.7338617253045,3090.0156698631104,3134.5966485653985,358536
2025-12-11,3180.869140625,3189.725522517636,3140.2686037085678,3165.1463539089823,223515
2025-12-12,3129.22314453125,3193.0095526445284,2978.165391118349,3192.21341601921,1390227
2025-12-15,3142.3583984375,3172.9082267688927,3084.940600175808,3126.735220067385,810524
2025-12-16,3145.940673828125,3159.4742670799983,3115.390845252329,3142.358423576826,255211
2025-12-17,3124.7451171875,3164.449910393917,3115.490545275293,3155.493920081481,282648
2025-12-18,3058.96826171875,3116.6846440153304,3036.976232664959,3116.6846440153304,489930
2025-12-19,3096.384521484375,3106.7335688013463,3050.0122960846015,3052.002516179926,488781
2025-12-22,3124.6455078125,3135.5917181901873,3094.7922067824443,3104.743307125796,355883
2025-12-23,3118.873779296875,3126.038522858875,3092.3043903249522,3126.038522858875,219121
2025-12-24,3082.850830078125,3131.6112208701934,3074.8899499488075,3118.8737640739296,255036
2025-12-26,3085.736572265625,3107.7286009463924,3073.2976969816577,3082.850850378458,229163
2025-12-29,3039.36474609375,3093.100690062986,3035.0857241883223,3085.7367297509763,157194
2025-12-30,3014.685791015625,3048.519531532057,2978.7622222885834,3041.15581459837,406282
2025-12-31,3048.320556640625,3064.938845296872,3016.7756177637766,3030.109994782135,114705
2026-01-01,3076.18359375,3080.561980574364,3035.284475542562,3056.977922147155,68164
2026-01-02,3082.55224609375,3101.956891393915,3043.4443738994464,3079.6665242278227,283939
2026-01-05,3071.5068359375,3107.728745267828,3057.5752949724824,3082.5524119345446,155847
2026-01-06,3112.8037109375,3116.684542787163,3043.4443490729677,3073.8948124743124,374745
2026-01-07,3118.27685546875,3123.0531892067393,3074.8899614233515,3104.743262019695,190568
2026-01-08,2994.78369140625,3137.0844283629185,2976.1751820858894,3114.6944522683375,581946
2026-01-09,3028.916015625,3092.8020321791105,2970.403496156578,2998.266577527561,587723
2026-01-12,2966.22412109375,3020.159037859242,2910.696931050505,3020.159037859242,423168
2026-01-13,2933.285888671875,3000.356452790328,2916.0704359658766,2999.2617345406106,561556
2026-01-14,2956.27294921875,2971.398573205657,2916.169966101533,2935.57461184082,148958
2026-01-16,2904.925048828125,2960.253261729092,2888.8043154984057,2956.4717951587195,280317
2026-01-19,2938.161865234375,2961.3477337353493,2895.8696904926674,2905.6215740756875,219839
2026-01-20,2834.670654296875,2935.57471863321,2823.7244434816325,2927.6138380403067,203479
2026-01-21,2870.394775390625,2881.7389321344153,2812.180840788319,2834.272234048044,291591
2026-01-22,2913.881103515625,2920.050737032358,2858.652497565954,2886.8141596395567,239704
2026-01-23,2886.217041015625,2928.210878743554,2875.8679938565856,2913.6821750906856,281797
2026-01-27,2879.848388671875,2912.1894642184666,2838.0537679655104,2903.7310290755117,227790
2026-01-28,2966.22412109375,2974.383975011952,2872.882748698396,2876.863188945986,249534
2026-01-29,3081.1591796875,3103.6485201975115,2946.3217730202523,2965.427836667141,487145
2026-01-30,3086.134765625,3099.7677243626963,3037.37437445525,3077.4773570066664,242521
2026-02-02,3074.790283203125,3082.8507713592435,2958.0640748877126,2970.303733495985,211371
2026-02-03,3195.994873046875,3233.112526199869,3144.448124286033,3144.54773246894,555228
2026-02-04,3274.40966796875,3304.7605249427806,3174.401106464158,3230.1272700886075,466540
2026-02-05,3283.863037109375,3308.3428405647205,3234.207144726948,3288.838587165601,205714
2026-02-06,3160.66845703125,3308.143716209972,3116.684641900303,3271.9218079719653,851068
2026-02-09,3093.797119140625,3123.451446967805,3021.8506145480937,3099.86738757272,643425
2026-02-10,3096.284912109375,3124.8445218769316,3078.870486281988,3110.714007794924,223168
2026-02-11,3136.18896484375,3142.55757205425,3089.9163470158455,3104.643781558476,191571
2026-02-12,3133.10400390625,3150.319456423694,3099.4692355036377,3144.5477695231857,410311
2026-02-13,3101.260498046875,3168.9279820408387,3068.023919263851,3115.689593898529,411114
2026-02-16,3199.8759765625,3210.2250239122054,3068.02389483021,3101.260473348539,293293
2026-02-17,3170.818603515625,3246.049021361079,3147.1351784039007,3196.293518274613,274307
2026-02-18,3172.311279296875,3198.980277630437,3154.9964613431616,3183.2574900127793,159481
2026-02-19,3091.906494140625,3203.1596019557496,3083.049869040391,3172.3111907987804,176679
2026-02-20,3190.521728515625,3290.828868094996,3089.8166421031033,3096.682804129063,1339800
2026-02-23,3286.05224609375,3300.7799229192246,3185.3471610685674,3194.4027593924607,756804
2026-02-24,3349.142333984375,3375.3135327895347,3258.189133651286,3288.8385704310426,532121
2026-02-25,3334.414794921875,3379.3937204683148,3287.8435961211167,3360.3870213870828,386158
2026-02-26,3320.58251953125,3357.3022249374853,3312.124084384247,3348.5452081959374,153440
2026-02-27,3401.88330078125,3423.178558589106,3255.8010974241943,3319.687113794552,857596
2026-03-02,3325.259765625,3379.6922355489337,3279.0865145732605,3379.5926273674536,598519
2026-03-04,3145.542724609375,3268.936365182473,3126.3370529308195,3268.936365182473,424094
2026-03-05,3199.975341796875,3220.176124417654,3154.5984692480624,3156.4890811658834,277723
2026-03-06,3252.9150390625,3302.6705399380426,3161.962080640721,3199.3783144778417,384941
2026-03-09,3213.110595703125,3230.9232105481487,3114.694313456641,3164.4498136716034,292747
2026-03-10,3258.8857421875,3316.701732146811,3230.5251063140577,3249.0342500628076,359689
2026-03-11,3256.198974609375,3332.0263099109,3246.646064139224,3279.8826417893224,293668
2026-03-12,3308.4423828125,3333.220769186317,3203.856460802931,3233.6101545523925,361947
2026-03-13,3191.9150390625,3345.4603227985585,3180.2720573188512,3307.745749726183,312590
2026-03-16,3134.19873046875,3217.29042016894,3085.8362845543543,3204.2543812528284,681618
2026-03-17,3157.981689453125,3167.733816365041,3105.738412725131,3137.979880612836,269351
2026-03-18,3205.14990234375,3215.79777436733,3128.62603573493,3164.4499979761695,203255
2026-03-19,3063.94384765625,3159.474412571807,3051.0074169906015,3159.474412571807,410905
2026-03-20,3114.29638671875,3183.3569242838003,3074.7903249358596,3105.837951627655,336513
2026-03-23,2973.687255859375,3094.7920940366635,2922.638064368386,3094.7920940366635,524215
2026-03-24,2987.121337890625,3054.9877933756056,2965.42789063821,3054.88818519385,563273
2026-03-25,3086.134765625,3111.7090446491657,3000.2567219754505,3000.2567219754505,366090
2026-03-27,3033.990966796875,3089.8167383791574,2995.281282615544,3080.860747833131,499098
2026-03-30,2920.64794921875,3005.5308836917047,2908.8062369951804,2982.94193451368,480280
2026-04-01,3002.2470703125,3057.27670557348,2971.1000766449906,2995.281299847738,276980
2026-04-02,3011.800048828125,3030.109975805347,2891.789684627369,2955.476725169747,265901
2026-04-06,3033.095458984375,3050.9078318567804,2950.6009322950454,3026.5276354180937,372908
2026-04-07,3060.4609375,3068.919372866201,2978.1653855264412,3038.4689083691633,184684
2026-04-08,3210.324462890625,3229.7291078586613,3131.6111648415717,3164.4497947874793,398432
2026-04-09,3206.7421875,3239.083264643134,3165.445119763382,3215.1010148752002,279120
2026-04-10,3371.930419921875,3385.762352501729,3216.195696381142,3218.583863333402,625209
2026-04-13,3327.150390625,3358.9939116359164,3259.482908476802,3323.667505514431,329882
2026-04-15,3558.613037109375,3572.44496919859,3349.142378051909,3383.374065536269,2134727
2026-04-16,3546.373291015625,3601.6018995106747,3515.5248790634355,3582.3962267059205,1020682
2026-04-17,3689.768310546875,3700.7145206617597,3547.5671872331286,3571.4498274837865,1034058
2026-04-20,3690.863037109375,3760.0231829921204,3641.6050914806574,3683.8972670204657,659226
2026-04-21,3703.5009765625,3768.4817105758343,3682.9022473834602,3707.779998311476,371076
2026-04-22,3825.50146484375,3866.002393712333,3688.4748648837653,3690.863031732057,882278
2026-04-23,3845.503173828125,3881.9242987779953,3792.861949446893,3830.178576261601,663008
2026-04-24,3790.2744140625,3874.560426136884,3749.4749037154475,3863.017052859982,315661
2026-04-27,3837.144287109375,3862.0220379334764,3778.432795164496,3811.768981268792,309453
2026-04-28,3808.584716796875,3872.968288000329,3786.8912692665085,3837.1443264463687,267852
2026-04-29,3758.33154296875,3851.075747523897,3747.1863594205693,3831.1735472782957,204618
2026-04-30,3789.577880859375,3828.7853609114295,3716.2383219175163,3771.4669273175487,474246
2026-05-01,3789.577880859375,3789.577880859375,3789.577880859375,3789.577880859375,0
2026-05-04,3815.3515625,3910.782519681971,3801.3204135331116,3831.1737152100736,813487
2026-05-05,3827.790283203125,3847.592875334943,3790.871604445484,3832.3676435068373,253569
2026-05-06,3823.013671875,3866.0023755699744,3764.501154898639,3861.0268255370656,330665
2026-05-07,3852.568603515625,3876.4512449942185,3774.352855494514,3841.1248378071323,315030
2026-05-08,3803.90771484375,3887.7952963899374,3767.486590404391,3852.6681065314983,366353
2026-05-11,3587.96875,3701.8092379895697,3535.5262581043908,3701.8092379895697,996964
2026-05-12,3556.921142578125,3626.9770334443588,3538.4122420560534,3587.371606234165,385531
2026-05-13,3514.927734375,3610.7568825338813,3500.996193419929,3556.9213306644974,396807
2026-05-14,3675.737548828125,3693.8485031366895,3452.0367611479464,3556.5233163282674,788580
2026-05-15,3570.355224609375,3706.287353605101,3557.518402238753,3706.287353605101,284206
2026-05-18,3517.8134765625,3554.532938575682,3437.6075129646397,3554.532938575682,305148
2026-05-19,3533.5361328125,3576.3258643987524,3501.5932463964164,3522.6895305891185,213583
2026-05-20,3678.32470703125,3686.882750675772,3476.0190273772428,3506.7678308721784,507079
2026-05-21,3702.406494140625,3761.5159330527395,3692.6543672063162,3720.716421609575,346583
2026-05-22,3793.060791015625,3815.2517929127416,3695.838591256631,3702.406414526429,534453
2026-05-25,3649.566162109375,3859.5343857508415,3640.1126164951856,3817.640154850296,471211
2026-05-26,3659.218505859375,3679.81723462156,3602.298261477322,3667.7765491841387,713402
2026-05-27,3859.733154296875,3890.780538076625,3525.9733535077007,3552.2441606413086,1738785
2026-05-28,3859.733154296875,3859.733154296875,3859.733154296875,3859.733154296875,0
2026-05-29,3825.202880859375,3918.046693440453,3726.2890429815257,3840.8260594369003,2024437
2026-06-01,3693.15185546875,3837.8407547926818,3663.6965017805583,3831.1735662667165,526590
2026-06-02,3711.4619140625,3738.5288588999942,3621.802644104126,3694.5450431707172,628712
2026-06-03,3691.460205078125,3736.6381025345845,3647.0782012754335,3709.8697403369506,464320
2026-06-04,3668.87109375,3746.589284723375,3661.109429828321,3700.814223077352,341821
2026-06-05,3682.703369140625,3706.6853758869474,3629.266007355577,3676.931682186805,343897
2026-06-08,3606.27880859375,3657.0294209663443,3550.652254171916,3602.298368407664,449233
2026-06-09,3602.099365234375,3612.2494390356965,3555.627775035036,3606.1791706233407,323100
2026-06-10,3565.1806640625,3617.9214957733743,3537.715772939626,3616.229857307854,600841
2026-06-11,3504.777587890625,3568.4646309414484,3483.880276889574,3538.412356091199,249193
2026-06-12,3552.144775390625,3582.0974408098555,3500.7970018908313,3572.444922338853,223315
2026-06-15,3584.187255859375,3632.1515093940725,3565.1805576315055,3612.2493093425983,367596
2026-06-16,3619.115478515625,3651.0586068416837,3586.774403366441,3593.3422265754484,325257
2026-06-17,3707.182861328125,3719.522371643759,3608.2690201175183,3643.097871663054,401570
2026-06-18,3727.881103515625,3736.638120269661,3668.3734758071937,3716.7359198953886,342772
2026-06-19,3741.2158203125,3757.6351360460108,3692.355819951034,3726.189561462511,339876
2026-06-22,3749.375732421875,3766.491576863442,3707.780083327129,3760.520916503817,285178
2026-06-23,3667.8759765625,3789.0804272739115,3636.1320636616288,3751.5648275873946,303345
2026-06-24,3544.08447265625,3692.2562631592727,3532.74031517028,3669.9658950319385,326149
2026-06-25,3610.15966796875,3647.0783481533294,3554.1351662822444,3563.7876852173304,504071
2026-06-26,3610.15966796875,3610.15966796875,3610.15966796875,3610.15966796875,0
2026-06-29,3555.627685546875,3650.461475452831,3543.686365387792,3632.151548387617,402739
2026-06-30,3582.296630859375,3598.616581716433,3559.2101259082233,3582.7941858925756,301665
2026-07-01,3543.288330078125,3612.2495055924296,3532.640701061467,3588.4664724175213,313455
2026-07-02,3562.891845703125,3598.8154148788317,3501.7921871861217,3561.001233829365,241163
2026-07-03,3519.007568359375,3581.59989065682,3480.3972514763004,3572.4449271765316,433734
2026-07-06,3554.135009765625,3566.076329888551,3497.911294186848,3536.521368226885,427908
2026-07-07,3477.90966796875,3567.3699653967255,3433.1297151622853,3556.5233628956544,379280
2026-07-08,3429.248779296875,3484.8753329206347,3381.4834977491337,3462.087410360947,358879
2026-07-09,3459.400390625,3467.5604871800997,3409.2469425887475,3412.232272661067,283931
2026-07-10,3479.40234375,3524.6798517267266,3468.953688063063,3473.6306567811903,231262
2026-07-13,3460.793701171875,3480.894875131879,3423.6760485681043,3462.2863662126692,231661
2026-07-14,3493.134765625,3507.762834387557,3420.193152280861,3433.1295825920774,224121
2026-07-15,3554.333984375,3590.3569181686,3510.5491439095294,3513.733447354026,315307
2026-07-16,3639.714599609375,3836.1492254128916,3541.2980703410853,3581.4010537642016,1382371
2026-07-17,3640.90869140625,3672.1550497278213,3597.123849303937,3639.714607938272,339615
2026-07-20,3660.41259765625,3681.907071250914,3599.312939652583,3633.146680307321,157367
2026-07-21,3649.86474609375,3691.161813803667,3613.841810319278,3660.4127670178455,244297
2026-07-22,3631.554443359375,3681.9071080152708,3614.2396260301252,3666.980457577371,226832
2026-07-23,3668.274169921875,3690.863119122781,3599.7109427551623,3622.2005267206587,301522
2026-07-24,3671.757080078125,3693.4505275743213,3604.885733872088,3613.4435344617596,232607
2026-07-27,3699.819091796875,3726.6870626087407,3671.9560109549407,3702.8044218870823,273869
2026-07-28,3663.0,3694.7439126012378,3602.2982885085576,3681.9070904645478,337464
2026-07-29,3650.800048828125,3681.10009765625,3576.10009765625,3660.0,234026
2026-07-30,3658.800048828125,3665.0,3582.60009765625,3650.800048828125,214869
2026-07-31,3760.0,3808.39990234375,3662.10009765625,3662.10009765625,565322
2026-08-03,3900.0,3905.0,3694.199951171875,3741.699951171875,609663
2026-08-04,4000.5,4073.800048828125,3919.60009765625,3919.60009765625,1107988
2026-08-05,3980.0,4069.89990234375,3955.0,4035.0,355546
2026-08-06,3952.0,4019.0,3948.800048828125,3990.39990234375,213389
2026-08-07,3940.10009765625,3984.5,3921.0,3955.10009765625,221514
2026-08-10,3914.300048828125,3992.60009765625,3905.0,3940.199951171875,261301
2026-08-11,4011.0,4040.0,3854.60009765625,3924.0,1266007
2026-08-12,4019.0,4097.89990234375,3991.699951171875,4022.0,716413
2026-08-13,3987.0,4024.0,3951.0,4020.0,233755
2026-08-14,3940.0,4052.0,3924.0,3968.10009765625,299051
2026-08-17,3943.0,3966.199951171875,3910.300048828125,3940.0,201072
2026-08-18,3957.0,3988.5,3936.39990234375,3940.199951171875,120386
2026-08-19,3898.89990234375,3956.300048828125,3875.300048828125,3940.0,146047
2026-08-20,3880.0,3954.800048828125,3880.0,3935.10009765625,189186
2026-08-21,3920.0,3960.0,3879.89990234375,3880.0,373459
2026-08-24,4114.0,4118.2001953125,3903.300048828125,3920.0,1317215
2026-08-25,4090.5,4149.39990234375,4060.0,4114.0,625842
2026-08-26,4043.0,4117.0,4042.10009765625,4117.0,374331
2026-08-27,4095.0,4128.7998046875,4050.0,4050.0,455385
2026-08-28,4089.0,4113.0,4060.0,4089.300048828125,278973
2026-08-31,4030.0,4068.699951171875,3997.0,4061.39990234375,222185
2026-09-01,4030.0,4093.199951171875,3975.10009765625,4029.89990234375,317161
2026-09-02,4018.89990234375,4029.0,3966.199951171875,4024.89990234375,263290
2026-09-03,4030.0,4111.89990234375,4008.10009765625,4018.89990234375,388897
2026-09-04,3977.0,4042.0,3974.10009765625,4042.0,177116
2026-09-07,3927.0,3998.10009765625,3904.10009765625,3990.0,200987
2026-09-08,3951.300048828125,3998.800048828125,3911.0,3911.0,349820
2026-09-09,3949.10009765625,4003.0,3911.800048828125,3932.0,378664
2026-09-10,3954.39990234375,3987.89990234375,3905.199951171875,3949.0,227398
2026-09-11,3957.0,3957.0,3858.39990234375,3912.10009765625,172514
2026-09-14,3957.0,3957.0,3957.0,3957.0,0
2026-09-15,3770.0,3964.0,3770.0,3957.39990234375,347469
2026-09-16,3742.0,3799.300048828125,3682.39990234375,3764.0,132290
