Price,Close,High,Low,Open,Volume
Ticker,TATASTEEL.NS,TATASTEEL.NS,TATASTEEL.NS,TATASTEEL.NS,TATASTEEL.NS
Date,,,,,
1996-01-01,4.982467174530029,4.994970164967744,4.914950771315363,4.9762156793111725,10242229
1996-01-02,4.889944553375244,4.994970356685858,4.877441562457636,4.9762158703094475,16954313
1996-01-03,4.891193866729736,5.001220670510782,4.877440410069207,4.889943398032744,13514114
1996-01-04,4.736157417297363,4.813676303437953,4.626130159007286,4.813676303437953,34785820
1996-01-05,4.642384052276611,4.701148450381551,4.594872601038272,4.678643406151756,30138033
1996-01-08,4.468592166900635,4.626130462847456,4.428582676919075,4.613627895432973,36752157
1996-01-09,4.447335243225098,4.484844631847996,4.376067872068345,4.376067872068345,36964108
1996-01-10,4.423581123352051,4.532357492495075,4.376069244512248,4.447336638020224,35923053
1996-01-11,4.527355670928955,4.549861137309803,4.4110773571693,4.426080859839314,27719296
1996-01-12,4.509851455688477,4.598623281526692,4.4823445372098245,4.527355896970499,31593194
1996-01-15,4.4723429679870605,4.534858351032666,4.462340489709695,4.482345021512705,13352034
1996-01-16,4.463590621948242,4.5010995940941,4.428582162995104,4.472342630498605,19465667
1996-01-17,4.312304496765137,4.458590714139165,4.288548978346958,4.4260823354713175,25512510
1996-01-18,4.221030235290527,4.282295132488254,4.151013331279299,4.252287705875611,31930712
1996-01-19,4.184773921966553,4.236036370363705,4.151015496325984,4.169769988458822,20078367
1996-01-22,4.228532314300537,4.267291748791506,4.182270916762407,4.226031801535355,15288982
1996-01-23,4.0609917640686035,4.246036956857758,4.000977325063523,4.194774950953672,16752158
1996-01-24,4.005977153778076,4.598621951014838,3.9384611955505364,4.060990550066768,20708877
1996-01-25,3.9197072982788086,4.014730616202667,3.8947013184705104,4.000977157407439,15920383
1996-01-26,3.9197072982788086,3.919707298278808,3.919707298278808,3.919707298278808,0
1996-01-29,4.098501205444336,4.126007699740049,3.8771970831145803,3.8771970831145803,32353724
1996-01-30,4.133509635925293,4.2510379892256465,4.050989312574506,4.17601962929356,32019768
1996-01-31,4.174771308898926,4.326058135294897,4.119757878868408,4.1510153647658115,34765337
1996-02-01,4.268542766571045,4.28229580092427,4.139761033205056,4.139761033205056,18475375
1996-02-02,4.579868793487549,4.632381267800712,4.301050750573615,4.357314206927363,39733722
1996-02-05,4.758662223815918,5.0512337096424735,4.588620545805104,4.77616623936008,68921537
1996-02-06,4.356065273284912,4.813677128618149,4.276045435356619,4.788671141641449,40024042
1996-02-07,4.527355670928955,4.601123564913308,4.288547548567834,4.3560639477103775,45350428
1996-02-08,5.185016632080078,5.211272656252755,4.538608735434202,4.551111725445477,114509743
1996-02-09,5.4875898361206055,5.5763612226729045,5.277538698885689,5.526348844878112,119682955
1996-02-12,5.178765773773193,5.463835340283203,5.101246461619752,5.373813461333035,83759011
1996-02-13,5.1812663078308105,5.288793063795965,5.058736895171475,5.151259295435434,72385781
1996-02-14,5.327551364898682,5.551355564320539,5.276288511516817,5.376312855740747,67257097
1996-02-15,5.2537841796875,5.438829390180815,5.163761875439497,5.201270850312375,55699524
1996-02-16,5.1437578201293945,5.226277742393776,5.113750382600638,5.226277742393776,36118975
1996-02-19,5.175014495849609,5.275038847277187,5.151258558413071,5.201270521751013,24685188
1996-02-20,4.976215362548828,5.182515965894036,4.907448494767092,5.175014002208275,35231986
1996-02-21,4.976215362548828,4.976215362548828,4.976215362548828,4.976215362548828,0
1996-02-22,5.200020790100098,5.226277242331512,5.088743485381411,5.088743485381411,32953956
1996-02-23,5.155008792877197,5.223775657243894,5.096244404677564,5.188767203034989,29080949
1996-02-26,5.186266899108887,5.348806625743894,5.1612609180117115,5.177514890675212,70008010
1996-02-27,5.102497100830078,5.196269532764486,5.063737234311481,5.196269532764486,40272505
1996-02-28,5.15250825881958,5.261284602655258,5.141255313896081,5.226276148590421,33926438
1996-02-29,4.82617712020874,5.126250051538156,4.769913259755685,5.114997534298456,67024663
1996-03-01,4.881191730499268,4.924952616163263,4.791169871106807,4.88744322491532,56079789
1996-03-04,4.856187343597412,4.922453291064921,4.801173919864186,4.876191877430778,36523285
1996-03-05,4.856187343597412,4.856187343597412,4.856187343597412,4.856187343597412,0
1996-03-06,4.946207523345947,4.969963456551037,4.871189166949741,4.888693605851115,24779586
1996-03-07,4.909950256347656,5.036231078495756,4.888695253501713,4.966214148795491,32271794
1996-03-08,4.886194229125977,4.901198160048896,4.8199282833889265,4.876191750094614,24870423
1996-03-11,4.792420387268066,4.863688195184997,4.7399079139502405,4.813675810177941,32018877
1996-03-12,4.7261552810668945,4.806174686313159,4.377319843454726,4.801173659314154,22942379
1996-03-13,4.913700103759766,4.932455013409946,4.756161411208226,4.788669779684651,35833998
1996-03-14,4.863687515258789,4.986217310457264,4.846183076765461,4.913699468522686,32372426
1996-03-15,4.761161804199219,4.886192100495155,4.744907835948138,4.857435145089637,33239823
1996-03-18,4.564864635467529,4.74990979983775,4.551111178208212,4.713650878313921,35009348
1996-03-19,4.367316722869873,4.613627248038177,4.276044383161917,4.552361915417804,31957429
1996-03-20,4.367316722869873,4.367316722869873,4.367316722869873,4.367316722869873,0
1996-03-21,4.638632774353027,4.676141741913092,4.513602457734507,4.513602457734507,23555969
1996-03-22,4.564864635467529,4.616126633498882,4.482343891911627,4.594871637985803,28958053
1996-03-25,4.70114803314209,4.823678269779474,4.617377660215153,4.626129668277943,61991268
1996-03-26,4.828679084777832,4.897445520825495,4.687393956965664,4.702397882813715,77170713
1996-03-27,4.962462425231934,5.043731859483201,4.917450642242629,4.951209054732947,54386851
1996-03-28,5.022477149963379,5.037481078487836,4.976215744932444,4.976215744932444,25451953
1996-03-29,4.933705806732178,5.041232131130476,4.9074493539865625,5.001222217470162,28306169
1996-04-01,4.997471332550049,5.021226845572883,4.929954501480499,4.97621590802765,30881643
1996-04-02,5.019975662231445,5.1137489309837845,4.976215199915216,5.001221178381633,52862228
1996-04-03,5.1137495040893555,5.2125238097041064,5.101246088703232,5.151258475992667,43350250
1996-04-04,5.059986591339111,5.069989069699754,4.994970694370798,5.069989069699754,24455426
1996-04-05,5.059986591339111,5.059986591339111,5.059986591339111,5.059986591339111,0
1996-04-08,5.267536163330078,5.3012937215478075,5.177513884324796,5.245030275015057,47640035
1996-04-09,5.340055465698242,5.451332354110522,5.302546488093334,5.347557431119925,54842813
1996-04-10,5.445079803466797,5.512596629684587,5.401319338068108,5.401319338068108,126390587
1996-04-11,5.375061988830566,5.456331835713364,5.365059513464099,5.401318433573594,97557211
1996-04-12,5.415073871612549,5.425076350638813,5.351308014726143,5.376313999915928,46672006
1996-04-15,5.402571678161621,5.498845075184377,5.382566717149975,5.476339600234229,53248727
1996-04-16,5.338804721832275,5.426326089825342,5.3137987380490355,5.401320106042103,51807815
1996-04-17,5.6551313400268555,5.71389573277585,5.427575732924865,5.427575732924865,120385600
1996-04-18,5.915195465087891,5.951453969673928,5.7514052609334465,5.801417225742714,129424695
1996-04-19,5.881435871124268,6.026471134676312,5.826422466000967,5.901440822942126,115258697
1996-04-22,5.712646484375,5.938951654100775,5.677637597827596,5.938951654100775,80399852
1996-04-23,5.713895797729492,5.776410748384463,5.60386897487474,5.663883412453846,88033656
1996-04-24,6.276533126831055,6.314042523318524,5.976460078689719,5.976460078689719,135019137
1996-04-25,6.043975830078125,6.464078561818206,5.90144107326937,6.351550809257455,132106144
1996-04-26,6.111492156982422,6.232771915668095,5.890188060858327,6.076483702591719,119479019
1996-04-29,6.115243434906006,6.170256844399796,5.976459654677543,6.06398100727001,120564601
1996-04-30,6.016469955444336,6.162756144046252,5.951454060399801,6.126496789404055,82247745
1996-05-01,6.141499996185303,6.249026304163787,6.1164935915903484,6.204015370545196,60056991
1996-05-02,6.080235958099365,6.102741428119197,5.991464122339529,6.1014909590479816,62482852
1996-05-03,5.958955764770508,6.05147815188652,5.927698287653955,6.001466188500035,63368060
1996-05-06,5.662634372711182,5.851430151829503,5.633877405358745,5.813921174783302,88039000
1996-05-07,5.580112934112549,5.748904147218409,5.503844525843331,5.676386296116807,75104634
1996-05-08,5.671386241912842,5.738902653774528,5.451332137870398,5.476338546700148,88525241
1996-05-09,5.518847942352295,5.6838881709546065,5.482589017369252,5.588864854576917,62128413
1996-05-10,5.488840103149414,5.511345567883739,5.377563248255328,5.42507469052743,68122713
1996-05-13,5.572611331939697,5.600117824450237,5.503844463535863,5.551355484803315,51900432
1996-05-14,5.721397876739502,5.776411293357091,5.526350192890312,5.566360104885543,66364765
1996-05-15,6.01146936416626,6.051478854570923,5.820172647546278,5.925198462455971,172815020
1996-05-16,6.140248775482178,6.249025539034896,6.1077412605171055,6.151501719884849,160284965
1996-05-17,6.062730312347412,6.113992734480638,6.007716908759042,6.027721860018742,137923225
1996-05-20,5.8539299964904785,5.9652068624569115,5.838926068673582,5.951453403541978,83541716
1996-05-21,5.8539299964904785,5.992713780286778,5.802667567536635,5.807668593641157,124559613
1996-05-22,5.890189170837402,5.9364505789741,5.8776866041471365,5.901442117986213,92985121
1996-05-23,5.856431007385254,5.888938954083072,5.83767652077152,5.876435538255548,58672184
1996-05-24,5.891439914703369,5.912695340947619,5.863933417198246,5.901442393273887,47408492
1996-05-27,5.752655506134033,5.870184298465812,5.7339010200602445,5.857681307749953,89967043
1996-05-28,5.683889865875244,5.726400298385137,5.585115538182772,5.6901413625897765,132615540
1996-05-29,6.0277228355407715,6.087737274280952,5.80141684088418,5.80141684088418,223285228
1996-05-30,5.907694339752197,6.0877381053017094,5.87643601004964,6.076485157578997,198662378
1996-05-31,6.058980941772461,6.113994359987057,6.005217567874185,6.107742864150288,237043353
1996-06-03,6.30403995513916,6.326545422806932,6.112743267587257,6.1502522387829845,276972106
1996-06-04,6.267780780792236,6.449074971634836,6.2140174181413705,6.382808619926085,321297511
1996-06-05,6.232771396636963,6.339047219768241,6.151501549595022,6.326544231723573,264354777
1996-06-06,6.39781379699707,6.499088198059844,6.32404546753552,6.32404546753552,316624789
1996-06-07,6.362804412841797,6.386559924933735,6.289036513908471,6.327795954428666,165994289
1996-06-10,6.326544761657715,6.4203176045990755,6.304039296341854,6.377807611587053,196523274
1996-06-11,6.317791938781738,6.451574244599254,6.16650477089228,6.289034982631667,339058664
1996-06-12,6.447825908660889,6.539098258385704,6.407816419902633,6.414067491042877,196297965
1996-06-13,6.402813911437988,6.462828771796423,6.379057976118818,6.414066432285411,116421757
1996-06-14,6.6153669357299805,6.6503753990383645,6.4265707330378214,6.437823680932521,267570558
1996-06-17,6.546599388122559,6.6866340766270875,6.527845326374288,6.651625616876805,227599058
1996-06-18,6.5265936851501465,6.601612472061739,6.464078737309903,6.50158770601405,206522383
1996-06-19,6.4828338623046875,6.6228681238581855,6.439073394492047,6.601613124442384,187622215
1996-06-20,6.534097194671631,6.557853135322251,6.40281534839594,6.42657086429481,145069007
1996-06-21,6.434072017669678,6.535346839001602,6.276533312319642,6.480333423978977,140230643
1996-06-24,6.392812252044678,6.501588616318078,6.332797808764938,6.379058791693507,121238748
1996-06-25,6.226522445678711,6.419069644561743,6.15150406201976,6.400314730083176,141301976
1996-06-26,6.149003505706787,6.264031806453454,6.126497608488548,6.251528388637176,117371975
1996-06-27,6.2027668952941895,6.224021898586767,6.068984104741377,6.115245094202109,127573239
1996-06-28,6.0852370262146,6.246526299910904,6.06398202512161,6.141500914022213,129283988
1996-07-01,5.9902143478393555,6.067733239705125,5.952705371034013,6.065232726201783,99303582
1996-07-02,5.887688159942627,6.051477492075593,5.851428810838183,6.0014655341420635,112382216
1996-07-03,5.738901615142822,5.833924932094306,5.703893158819114,5.807668483663611,135289865
1996-07-04,5.788912773132324,5.88893709491236,5.638876078086486,5.7051419948181605,144279979
1996-07-05,5.777662754058838,5.887689598090117,5.732651386271723,5.825173785899582,110356213
1996-07-08,5.782662868499756,5.881436748806911,5.7526554362949796,5.876435297730273,49718582
1996-07-09,5.545104503631592,5.775160623167361,5.451331229461916,5.775160623167361,103955821
1996-07-10,5.550106048583984,5.613871897970801,5.426325756849713,5.5013441283478075,118561751
1996-07-11,5.665134429931641,5.773910794405614,5.576362596753326,5.576362596753326,185369120
1996-07-12,5.5563578605651855,5.673886663430193,5.5188488850559585,5.63387717450403,121187987
1996-07-15,5.703893184661865,5.782662530310833,5.476337580399288,5.502594028948944,149170886
1996-07-16,5.528851509094238,5.857681987009781,5.452583086982696,5.751405704097747,208768353
1996-07-17,5.6513800621032715,5.7814118307800415,5.476337361923256,5.476337361923256,119790712
1996-07-18,5.831422328948975,5.918944081890499,5.688888031355429,5.688888031355429,232398238
1996-07-19,5.753905773162842,5.901441568133978,5.692640865954318,5.862682128374471,145490238
1996-07-22,5.650130271911621,5.745153596916057,5.527600876770461,5.63887775006008,55590876
1996-07-23,5.081242084503174,5.675137648772081,5.057486567753688,5.675137648772081,286435994
1996-07-24,4.814927577972412,5.101247232027189,4.6636403379842175,4.93870789259847,228483375
1996-07-25,4.781168460845947,4.926203758280008,4.7536619642342535,4.813676408956316,147512680
1996-07-26,4.67739200592041,4.751160325193213,4.577367662971937,4.726154345644009,214922062
1996-07-29,4.649886131286621,4.822428347558785,4.628631130795568,4.70114856607538,116786883
1996-07-30,4.593621730804443,4.6761416273149266,4.451086553215049,4.613626682913538,182400913
1996-07-31,4.8236799240112305,4.8236799240112305,4.551113288923276,4.684896092556311,131101603
1996-08-01,4.763664245605469,5.051234315215313,4.729905829827682,5.026227908258852,177699694
1996-08-02,4.71990442276001,4.8136773020530175,4.686145999323736,4.776167895484735,115698629
1996-08-05,4.706149101257324,4.876190346335442,4.677391716850998,4.8011724123240445,98966063
1996-08-06,4.67614221572876,4.748660070061474,4.609876281374509,4.746159132169416,104682511
1996-08-07,4.9074482917785645,4.909948804653171,4.6923956895297,4.719902605405277,119796946
1996-08-08,4.7761664390563965,4.987468501295312,4.753661396630558,4.974965086417435,129558277
1996-08-09,4.7799177169799805,4.849935060674009,4.73115579761781,4.763664168610952,106431553
1996-08-12,4.717402935028076,4.817427299646876,4.683644940273296,4.801173749219879,81726773
1996-08-13,4.669890403747559,4.739907740190683,4.638632929733803,4.67614189855031,88944690
1996-08-14,4.672391414642334,4.76741474042284,4.6511364149982235,4.7011483787498705,86158156
1996-08-15,4.672391414642334,4.672391414642334,4.672391414642334,4.672391414642334,0
1996-08-16,4.681143283843994,4.74615917458493,4.644884781105282,4.712401185008942,80130905
1996-08-19,4.537358283996582,4.668640966164911,4.507351274945674,4.663639514821956,73450881
1996-08-20,4.543610095977783,4.601124024163717,4.513603087642676,4.513603087642676,75622935
1996-08-21,4.736157417297363,4.7711658780138055,4.624880114723809,4.624880114723809,90067675
1996-08-22,4.723653316497803,4.842432131129519,4.701147427660692,4.83743068091518,146607880
1996-08-23,4.752410888671875,4.799922764709536,4.707399950663767,4.723654348849048,76385247
1996-08-26,4.708651542663574,4.776167534935799,4.694897655716615,4.7336575286535485,52964641
1996-08-27,4.71365213394165,4.776167093133868,4.672391751172714,4.71365213394165,61574490
1996-08-28,4.87744140625,4.88744388361408,4.801172994194531,4.826178975228891,90476438
1996-08-29,4.886194229125977,4.983718505869692,4.864939226654179,4.901198160048896,163233580
1996-08-30,4.89369535446167,4.911199369678461,4.8599369433624195,4.869939419808433,63996789
1996-09-02,4.9437079429626465,4.973715376130882,4.8886945278633975,4.9036980320716665,76755716
1996-09-03,4.846184730529785,5.026228503322463,4.81492724907321,4.976216532991942,138968732
1996-09-04,4.857436656951904,4.874941099267261,4.776166790401501,4.839932639388248,67474392
1996-09-05,4.903698921203613,4.9162019144361455,4.86994092442613,4.874941951818434,48872558
1996-09-06,4.861187934875488,4.916201353674647,4.848684943069097,4.916201353674647,52351051
1996-09-09,4.729905605316162,4.852434997253798,4.713651632704245,4.846183926751026,71046392
1996-09-10,4.642384052276611,4.724904388376572,4.6148775567444265,4.724904388376572,95716441
1996-09-11,4.606125831604004,4.711151218402452,4.5898718571856065,4.6761427561363025,59624183
1996-09-12,4.559863567352295,4.599873473731837,4.488596187083514,4.582369033502875,106114517
1996-09-13,4.4885969161987305,4.598623751863277,4.467341490700057,4.576118282056971,85231982
1996-09-16,4.316054821014404,4.459840077867401,4.28729742984242,4.453588581895682,112576357
1996-09-17,4.377319812774658,4.413578744894402,4.317304940696791,4.344811863253748,78881462
1996-09-18,4.589870929718018,4.6236293408238485,4.369817297366117,4.4260807495403105,85640745
1996-09-19,4.391072750091553,4.619878838552661,4.372317839335299,4.551111965117564,107162696
1996-09-20,4.36856746673584,4.451087378547382,4.3423110153180655,4.381070457934455,62393797
1996-09-23,4.268542766571045,4.383571040832138,4.218530381076728,4.3535636095355486,107213457
1996-09-24,4.327305793762207,4.378568637019668,4.269791881523977,4.269791881523977,88283011
1996-09-25,4.327305793762207,4.43733259315342,4.316053274944613,4.371066674640219,71602096
1996-09-26,4.268542766571045,4.326056691325756,4.228532858175591,4.313553701140095,96390589
1996-09-27,4.214779376983643,4.263541718054863,4.202276386863502,4.244786808122982,78583127
1996-09-30,4.292298316955566,4.314804209195898,4.178520935333384,4.196024951851408,95164300
1996-10-01,4.263541221618652,4.322305183390651,4.232282900454604,4.313553176275948,62001064
1996-10-02,4.263541221618652,4.263541221618652,4.263541221618652,4.263541221618652,0
1996-10-03,4.304800987243652,4.451086288235633,4.264791085407309,4.319804488056481,155887423
1996-10-04,4.264791488647461,4.323555878243971,4.2272820959414386,4.292297980197012,82012640
1996-10-07,4.123507499694824,4.2760443202765215,3.9834732445893524,4.2760443202765215,130389162
1996-10-08,4.092249393463135,4.124757336320633,3.9509646765432467,4.103502338953031,117510010
1996-10-09,4.148512840270996,4.266041185136304,4.070993548261835,4.126006951630151,82283367
1996-10-10,4.226032733917236,4.24478722092129,4.119756882809224,4.119756882809224,90391836
1996-10-11,4.3635663986206055,4.448587247663927,4.2135296561620015,4.238535638321202,218646347
1996-10-14,4.279796123504639,4.376069506533779,4.264792617302615,4.349813476868175,90042740
1996-10-15,4.277293682098389,4.3210541365694155,4.2135282785399815,4.254788220562976,102120395
1996-10-16,4.286045551300049,4.399823323946934,4.266040602850908,4.34480992808757,107317652
1996-10-17,4.301050186157227,4.323555650695723,4.20102542737322,4.2647912641919765,82954843
1996-10-18,4.288548469543457,4.349813387000972,4.263542484806123,4.314804923418356,71505026
1996-10-21,4.288548469543457,4.288548469543457,4.288548469543457,4.288548469543457,0
1996-10-22,4.312304496765137,4.412328872333343,4.289799022881086,4.319806462977086,78266981
1996-10-23,4.614877700805664,4.614877700805664,4.401075526431385,4.401075526431385,138828915
1996-10-24,4.689895153045654,4.901196772543075,4.62737978298539,4.838681402482811,257373746
1996-10-25,4.809925556182861,4.848685001147634,4.647385811249385,4.701148761611197,181469397
1996-10-28,4.7674150466918945,4.888694831133969,4.742408638457909,4.827429491999669,122125737
1996-10-29,4.693646430969238,4.78866974848835,4.652386054759299,4.751160354184011,131632371
1996-10-30,4.693646430969238,4.693646430969238,4.693646430969238,4.693646430969238,0
1996-10-31,4.513603210449219,4.648636025886274,4.413578430771724,4.614877609651156,181593183
1996-11-01,4.486095428466797,4.676141623859511,4.451086549925938,4.549860841609744,147824373
1996-11-04,4.303552627563477,4.439835944636084,4.282297197514459,4.439835944636084,96978353
1996-11-05,4.146013259887695,4.326057454685483,4.102252361764327,4.301051469901698,125799261
1996-11-06,4.116005897521973,4.18602281885451,4.040987524807562,4.126007950782299,127944599
1996-11-07,4.204776763916016,4.2260321862339945,4.123507330764101,4.169768307761783,98590250
1996-11-08,4.223531723022461,4.263541630385541,4.194774761387119,4.237284757020817,90326826
1996-11-11,4.181021213531494,4.238535566171002,4.108503781553897,4.146012754154203,69336534
1996-11-12,43.88434600830078,43.88434600830078,43.88434600830078,43.88434600830078,0
1996-11-13,4.236034870147705,4.251038373590033,4.179770988923543,4.226032392935594,40786353
1996-11-14,4.174771308898926,4.238536750030354,4.132260448475557,4.219782258491912,61028582
1996-11-15,4.18602180480957,4.196024280398551,4.138510364325618,4.158515315503579,28730962
1996-11-18,4.259789943695068,4.271042888683062,4.202276024205228,4.218529994909021,49022171
1996-11-19,4.187273025512695,4.282296357936046,4.163517510970652,4.276044862030063,50263599
1996-11-20,4.018481254577637,4.213528899811403,4.004727796958214,4.101001150790923,105971138
1996-11-21,3.9459643363952637,4.057241218014851,3.9172069456181746,4.007229250927861,142338577
1996-11-22,3.8947017192840576,3.952215648662711,3.8759468077460575,3.930960223836879,108517224
1996-11-25,3.985973596572876,4.063492472653897,3.827184437792089,3.8771968214338712,112566561
1996-11-26,3.960967540740967,4.04973937023069,3.919707586077492,4.04973937023069,131269026
1996-11-27,3.8409383296966553,3.867194780976712,3.763419869622173,3.8534417455813945,98681086
1996-11-28,3.843439817428589,3.9634691441251877,3.820933920468198,3.863444776003316,91472965
1996-11-29,3.850940465927124,3.973470702614668,3.8359369628488187,3.8684449068115345,41441799
1996-12-02,3.818432569503784,3.875946063080968,3.802178174376487,3.8259341079260483,36179532
1996-12-03,3.774672031402588,3.8384378747462256,3.727160159930597,3.8096804881834436,59956358
1996-12-04,3.7021546363830566,3.7509165580084423,3.650892201411893,3.7259105750472337,45699524
1996-12-05,3.7671706676483154,3.7984285722280418,3.6696468208828907,3.7071557966764863,56226730
1996-12-06,3.8046791553497314,3.8734460192240507,3.788425184788588,3.7946766792542874,61434673
1996-12-09,3.8009285926818848,3.8346865815673494,3.784674620329128,3.8259345733009957,32668089
1996-12-10,3.7259109020233154,3.793427316794669,3.7046554748395963,3.793427316794669,58670403
1996-12-11,3.978470802307129,3.9872228083355323,3.724658804719339,3.7534161847798586,80802381
1996-12-12,3.855942487716675,4.025983771870688,3.840938557665152,3.9884747962453364,76805587
1996-12-13,3.850940465927124,3.867194437908482,3.813431495855528,3.850940465927124,37479737
1996-12-16,3.9884743690490723,4.073495214395557,3.873446516316979,3.873446516316979,68976751
1996-12-17,3.937211513519287,4.025983340984108,3.9009530108627564,3.994725864641691,56358532
1996-12-18,4.010979652404785,4.138510914556348,3.9834731594417008,4.025983155407225,117028222
1996-12-19,3.987222909927368,4.025982340864162,3.9472130103468426,3.9809714162118586,47032680
1996-12-20,4.107253074645996,4.169768450110211,4.0359856910323595,4.037235735195608,94305808
1996-12-23,4.055991172790527,4.144763009002691,4.027234206771531,4.126008096597498,55069013
1996-12-24,4.047237873077393,4.096000210149275,3.9959754478885334,4.028483814187,52333240
1996-12-25,4.047237873077393,4.047237873077393,4.047237873077393,4.047237873077393,0
1996-12-26,4.1935248374938965,4.213529793775296,4.088499029392405,4.126008003856243,50403416
1996-12-27,4.1935248374938965,4.1935248374938965,4.1935248374938965,4.1935248374938965,0
1996-12-30,4.1935248374938965,4.1935248374938965,4.1935248374938965,4.1935248374938965,0
1996-12-31,4.18602180480957,4.251037683762141,4.151013352623941,4.226031707165493,35971143
1997-01-01,4.47984504699707,4.47984504699707,4.301051327268405,4.301051327268405,73244273
1997-01-02,4.502349853515625,4.641134076492889,4.457338914888511,4.566115703863795,300926152
1997-01-03,4.544860363006592,4.5623643796322755,4.446086059433761,4.457338580871462,123780381
1997-01-06,4.5323567390441895,4.588620617895285,4.48359524872534,4.569866133195472,71846998
1997-01-07,4.692397117614746,4.714902589838794,4.477344449916711,4.513603809016044,217604402
1997-01-08,4.693646430969238,4.838681707891922,4.657387505550652,4.813675728190137,162491751
1997-01-09,4.678643703460693,4.723654644283952,4.639883833847171,4.676142765274722,79652679
1997-01-10,4.699899196624756,4.772416642317093,4.676143254634076,4.746160186630493,100593990
1997-01-13,4.708651542663574,4.724905093755644,4.558614777220194,4.652387224682599,124518648
1997-01-14,4.754912376403809,4.78867079618846,4.682394509700652,4.751161393677542,120202146
1997-01-15,5.088742733001709,5.088742733001709,4.801172694784908,4.82617867425985,167833277
1997-01-16,4.884943962097168,5.445080638567761,4.779918149430048,5.376313757642944,252687666
1997-01-17,4.856187343597412,4.947459701672216,4.708651517347665,4.753662461788325,143173024
1997-01-20,4.687394142150879,4.873690205363991,4.656136669985232,4.827428382005905,76494785
1997-01-21,4.566114902496338,4.707399189238295,4.531106448013977,4.651135738204669,101668886
1997-01-22,4.792420387268066,4.8761907604971775,4.641133612843179,4.653636602907026,148847616
1997-01-23,4.792420387268066,4.792420387268066,4.792420387268066,4.792420387268066,0
1997-01-24,4.789919853210449,4.844933264101243,4.753661352084887,4.819927284083154,74092077
1997-01-27,5.121250152587891,5.126251178070877,4.8774406033810065,4.8774406033810065,126611443
1997-01-28,5.238780498504639,5.33630434750346,5.0824926710337754,5.301295459592288,168520782
1997-01-29,5.089993476867676,5.42632544808225,4.952460157573475,5.38881647684338,195489344
1997-01-30,4.919951438903809,5.067487649766501,4.85618602241957,4.976215316523321,152846191
1997-01-31,4.601123809814453,4.751160543507118,4.576117829116234,4.676142176660785,147339022
1997-02-03,4.4510884284973145,4.544861734110159,4.377320508173634,4.448588339369902,113440191
1997-02-04,4.593621730804443,4.648635136728641,4.438583989086398,4.451086553215049,163885464
1997-02-05,4.588621139526367,4.786169335275172,4.563615157083955,4.754911857222158,78253623
1997-02-06,4.662389278411865,4.694897227131975,4.513603420502721,4.57861931794294,103017180
1997-02-07,4.698647975921631,4.734906477315179,4.613627133529746,4.678643021858639,82106148
1997-02-10,4.86993932723999,4.914950258015655,4.723653589843262,4.763663494866802,157098573
1997-02-11,4.8961968421936035,4.951210265996242,4.804924908755403,4.863689315391456,82182735
1997-02-12,4.9074482917785645,4.98871814584054,4.863687829842227,4.863687829842227,91577160
1997-02-13,4.863687515258789,4.897445498761598,4.834930132430119,4.863687515258789,39585000
1997-02-14,4.913700103759766,4.977465947067054,4.864938188172622,4.876190709211068,71355414
1997-02-17,4.951209545135498,5.018726376803473,4.9036980939170185,4.999971890118681,62608420
1997-02-18,4.842433452606201,4.951209821245395,4.826179478289286,4.939957298507691,67683671
1997-02-19,4.859936237335205,4.888693193657961,4.741157006076315,4.87493973744877,75052982
1997-02-20,4.798673152923584,4.851185635497893,4.776167257139498,4.826179650962342,43990557
1997-02-21,4.722404479980469,4.776167433669361,4.704900035307563,4.763664865691225,62522927
1997-02-24,4.559863567352295,4.672390898105197,4.541109083018752,4.651135900810846,56120754
1997-02-25,4.5248541831970215,4.619877478974904,4.4635892920939915,4.526104227045106,75093057
1997-02-26,4.5611138343811035,4.582369257465962,4.469841921213291,4.47609341629668,56311332
1997-02-27,4.752410888671875,4.776166826690705,4.601124101213973,4.601124101213973,104010145
1997-02-28,5.076240539550781,5.133754896017479,4.902447850583568,5.076240539550781,62139099
1997-03-03,5.182516098022461,5.367561283892964,5.013724884051068,5.118750254571085,193483823
1997-03-04,5.2212748527526855,5.270036766028421,5.142505934962376,5.201269899908541,129055116
1997-03-05,5.262536525726318,5.50134470044042,5.182517119357814,5.413823328716455,160728460
1997-03-06,5.191267490386963,5.248781836742983,5.157509928436761,5.176263987936324,89887784
1997-03-07,54.487972259521484,54.487972259521484,54.487972259521484,54.487972259521484,0
1997-03-10,4.957462310791016,5.09999711350307,4.932456324280627,5.09999711350307,90796146
1997-03-11,4.7261552810668945,4.9762164003071785,4.651136902819635,4.901198022059919,87724635
1997-03-12,4.828679084777832,4.91369949065981,4.777416237799139,4.876190100791294,53030542
1997-03-13,4.753662109375,4.863688948684598,4.719903691171307,4.851185531932011,40002668
1997-03-14,4.746158599853516,4.826178409384244,4.682393185791394,4.688645105068661,66391481
1997-03-17,4.7249040603637695,4.794921400474559,4.67364163039531,4.763663924823467,49774687
1997-03-18,4.65113639831543,4.733656732862038,4.627380460767587,4.7249042994355355,61285061
1997-03-19,4.574866771697998,4.761162408290165,4.553611775788959,4.739907412381125,39448746
1997-03-20,4.6048760414123535,4.678644384091976,4.502350728176179,4.5361091510805345,88715819
1997-03-21,4.6136274337768555,4.674892344111996,4.598623504877346,4.644884911064673,42424077
1997-03-24,4.6136274337768555,4.6136274337768555,4.6136274337768555,4.6136274337768555,0
1997-03-25,4.58612060546875,4.663639490490623,4.563615136422132,4.663639490490623,47545637
1997-03-26,4.578619003295898,4.628630967273518,4.563615074301254,4.626130029273279,24917622
1997-03-27,4.593621730804443,4.61737723977632,4.536107387302889,4.5573623834490355,37321219
1997-03-28,4.593621730804443,4.593621730804443,4.593621730804443,4.593621730804443,0
1997-03-31,4.139760971069336,4.272293259700444,4.134759944970803,4.272293259700444,862944
1997-04-01,4.057240962982178,4.08724839619918,3.7584183740665114,3.775922391545989,52951283
1997-04-02,4.173519611358643,4.24978844915608,4.128508675011694,4.151014143185169,24012822
1997-04-03,4.154764652252197,4.188523063044312,4.126007267261769,4.176019649036819,20242228
1997-04-04,4.097249984741211,4.108502929037328,4.057240082468272,4.074744520900584,17235727
1997-04-07,4.0209832191467285,4.075996644735068,4.003479198358307,4.063493651385688,24512421
1997-04-08,4.0209832191467285,4.0209832191467285,4.0209832191467285,4.0209832191467285,0
1997-04-09,4.224782466888428,4.243537379540946,4.129759558290409,4.129759558290409,30398964
1997-04-10,4.104753494262695,4.211029359374024,4.038487546499909,4.174770849622644,35509838
1997-04-11,4.137261390686035,4.176020838318066,3.932211204139923,4.000978089382747,40382934
1997-04-14,43.42501449584961,43.42501449584961,43.42501449584961,43.42501449584961,0
1997-04-15,4.122258186340332,4.15226562924203,4.1035041185605445,4.127259639199866,22659184
1997-04-16,4.122258186340332,4.122258186340332,4.122258186340332,4.122258186340332,0
1997-04-17,4.234785556793213,4.247288550532222,4.141012678998857,4.1735206326209955,37606195
1997-04-18,4.234785556793213,4.234785556793213,4.234785556793213,4.234785556793213,0
1997-04-21,4.439833164215088,4.478592592059091,4.31355240658609,4.33855837945279,44591679
1997-04-22,4.391072750091553,4.544860469782709,4.357314335481983,4.501099577687033,34961258
1997-04-23,4.637383460998535,4.698648802880989,4.407327298287708,4.428582725002456,146990817
1997-04-24,4.5611138343811035,4.693646549552958,4.5411093049652616,4.632381218133074,71172851
1997-04-25,4.546110153198242,4.574867114406628,4.514852679004703,4.523605111580217,51329589
1997-04-28,4.572366714477539,4.6461346102492636,4.51485279063868,4.54611026560509,70296548
1997-04-29,4.514853000640869,4.58737043088632,4.489847019504623,4.526105522251506,61619908
1997-04-30,4.637383460998535,4.72615530099498,4.627380982206608,4.72615530099498,61414191
1997-05-01,4.637383460998535,4.637383460998535,4.637383460998535,4.637383460998535,0
1997-05-02,4.537358283996582,4.599874089649142,4.5236056732465,4.576118151461443,46019232
1997-05-05,4.329808235168457,4.481095030698301,4.307302340211892,4.4635910120677185,55687947
1997-05-06,4.317304611206055,4.359815460913978,4.246037221522452,4.326057044852607,75380705
1997-05-07,4.462339401245117,4.53860822641239,4.4135774908189775,4.476092858615684,117168929
1997-05-08,4.458590030670166,4.488597041414517,4.438585073672778,4.456089092481695,38344462
1997-05-09,4.4298319816589355,4.474842915842788,4.418579460488806,4.464840438829524,37825271
1997-05-12,4.338559627532959,4.436083459469775,4.33105766361423,4.42358046943967,37543857
1997-05-13,4.321055889129639,4.353564263145248,4.2947998606488795,4.326057340805784,42417843
1997-05-14,4.364816665649414,4.382320684153545,4.281046281339252,4.33230871728263,60673252
1997-05-15,4.3510637283325195,4.371068687388357,4.313554748666656,4.361066207860438,27852879
1997-05-16,4.418580055236816,4.463590995479215,4.332308732479116,4.332308732479116,84722587
1997-05-19,4.497349739074707,4.559865133070708,4.448588232964945,4.469843237557616,94279982
1997-05-20,4.476093769073486,4.514853211545935,4.4598397956253075,4.477343813337682,33182827
1997-05-21,4.46734094619751,4.524855295138342,4.433582957978507,4.4698418840113865,83889031
1997-05-22,4.444836616516113,4.486096575288525,4.429832686233975,4.482345167966256,38255407
1997-05-23,4.349813461303711,4.443586330422268,4.332309016837522,4.433583851406126,95423450
1997-05-26,4.216029644012451,4.273543990463371,4.2010257167854075,4.213529131058493,63714484
1997-05-27,4.183522701263428,4.243537575012512,4.167268301298603,4.238536123157547,38103123
1997-05-28,4.176021575927734,4.234785992346505,4.168520033763861,4.228534494834026,28465578
1997-05-29,4.222282409667969,4.234785402952771,4.15351552184978,4.157266504785576,39179799
1997-05-30,4.309802055358887,4.346060976163881,4.2072767870739085,4.228532206917211,91167506
1997-06-02,4.367316722869873,4.381070182223495,4.3260567695606875,4.332308264766573,55896336
1997-06-03,4.377319812774658,4.426081737056024,4.363566776247918,4.399825283615924,61794456
1997-06-04,4.349813461303711,4.422330903231058,4.342311495853665,4.407327397082719,43608510
1997-06-05,4.364816665649414,4.448587474711299,4.34606217807282,4.357314700718088,52949502
1997-06-06,4.322305202484131,4.391072065193304,4.307301276219368,4.376068138928542,57569681
1997-06-09,4.234785556793213,4.301051933312108,4.2285340599237085,4.298551419514665,56674677
1997-06-10,4.2722930908203125,4.316053978835139,4.227282158706099,4.227282158706099,90991177
1997-06-11,4.407326698303223,4.459839598624141,4.313553844052305,4.313553844052305,98711365
1997-06-12,4.454837799072266,4.468591257557021,4.40482584058465,4.426080837991556,49469228
1997-06-13,4.56236457824707,4.662388930360882,4.478594199279942,4.478594199279942,99340985
1997-06-16,4.499848365783691,4.644883614568802,4.481093459894239,4.563613771553099,60080145
1997-06-17,4.641132831573486,4.751159635315873,4.5311060278310995,4.549860509769816,71825625
1997-06-18,4.903698921203613,4.958712771029596,4.728656166444608,4.788671043662894,207917877
1997-06-19,4.92745304107666,4.993719820870503,4.826178654712668,4.85118463408633,132029557
1997-06-20,4.8549370765686035,4.984968888034846,4.813677113238517,4.951210465922732,111037484
1997-06-23,4.784918785095215,4.901197100860385,4.766163875494654,4.877441165200782,73954933
1997-06-24,4.718653202056885,4.8111755973218235,4.689896235626542,4.7974221362785245,112639586
1997-06-25,4.716152191162109,4.832430513714018,4.703649200533089,4.814926496734065,45484902
1997-06-26,4.678643703460693,4.801173534007536,4.619879301621513,4.751161141564064,67876030
1997-06-27,4.583620548248291,4.687395470190219,4.563615590493794,4.664890423656093,55488463
1997-06-30,4.664889335632324,4.682393351021119,4.551111536598569,4.551111536598569,51517495
1997-07-01,4.992467880249023,4.992467880249023,4.803671772229963,4.813674245981084,113362713
1997-07-02,5.296293258666992,5.342555084170915,5.113749018100088,5.16376097588491,212065173
1997-07-03,5.435077667236328,5.521348552540928,5.317548882378036,5.386315326942502,336936480
1997-07-04,5.512597560882568,5.6226244021729235,5.457584140237391,5.552607475806967,268729165
1997-07-07,5.342555522918701,5.532601742661192,5.326301125601796,5.458833844019535,247887595
1997-07-08,5.218774318695068,5.338803610522081,5.160009929235301,5.313797631944015,190945752
1997-07-09,5.531351089477539,5.576362023581776,5.342555344971341,5.4075712330667205,200317913
1997-07-10,5.456331729888916,5.612619926613241,5.415071785272215,5.588863994984673,158600933
1997-07-11,5.357558250427246,5.42507464405182,5.33255227310369,5.382564227750803,102498879
1997-07-14,5.107497215270996,5.345054849921704,5.039980396731756,5.313797378191774,121306430
1997-07-15,5.202521324157715,5.276288798885531,5.1275029557160385,5.191267953001519,105486679
1997-07-16,5.18876838684082,5.376313689694306,5.163761978342191,5.340055183161991,89121910
1997-07-17,5.217525482177734,5.245031980029469,5.12000163345008,5.150008644788021,71153259
1997-07-18,5.217525482177734,5.217525482177734,5.217525482177734,5.217525482177734,0
1997-07-21,5.049983024597168,5.101245449677464,4.976215134243776,5.0512334934046415,72651166
1997-07-22,5.182516098022461,5.251282542805747,5.066237356935244,5.0749893649573306,91023237
1997-07-23,5.408822059631348,5.437579025871561,5.267537741852963,5.301295310186822,190000877
1997-07-24,5.356308937072754,5.458834230768037,5.303796033564402,5.403820389186556,155343296
1997-07-25,5.3125481605529785,5.370062087383125,5.2512828268297564,5.326301195402492,138001593
1997-07-28,5.301294803619385,5.373813083961601,5.266286344791838,5.338804200382367,83449099
1997-07-29,5.346305847167969,5.350056829096665,5.206271595422736,5.276288508919521,113374291
1997-07-30,5.440080165863037,5.486341580893735,5.341305839149036,5.351308318743559,164940767
1997-07-31,5.518847942352295,5.538852895774088,5.426325138964415,5.50759542152232,138228684
1997-08-01,5.461334705352783,5.498844106832129,5.415073719005751,5.4963431685822295,90272502
1997-08-04,5.5225982666015625,5.612620121528495,5.432576411674629,5.473836357724206,148650804
1997-08-05,5.518847942352295,5.582613784478218,5.453832056107295,5.526349481321727,110481780
1997-08-06,5.713895797729492,5.751404768122475,5.55635710267496,5.651380422322852,38486950
1997-08-07,5.471337795257568,5.61137208856923,5.423826334478453,5.550107164886338,95173205
1997-08-08,5.346305847167969,5.460083650163992,5.326300893382698,5.432577157272991,94973722
1997-08-11,5.327551364898682,5.343805336763258,5.266286034619259,5.326300896004613,52102587
1997-08-12,5.220025062561035,5.446330200020196,5.176264172992074,5.371311835581737,116616787
1997-08-13,5.195019721984863,5.246282161171347,5.15751116921043,5.2025221121425504,54751977
1997-08-14,5.1425065994262695,5.2000205277208345,5.122501643997283,5.2000205277208345,60377589
1997-08-15,5.1425065994262695,5.1425065994262695,5.1425065994262695,5.1425065994262695,0
1997-08-18,5.076240539550781,5.118750966177592,5.026228148004027,5.107498443549399,37314094
1997-08-19,5.0712385177612305,5.19501880126264,5.052484457073704,5.082491888627431,106166169
1997-08-20,5.133753776550293,5.1487572783667925,5.0512334546804745,5.057484949166652,47550090
1997-08-21,4.911199569702148,5.170012649498548,4.891194615995358,5.15751008437138,118842275
1997-08-22,4.8211774826049805,4.916200804368652,4.8086749169472744,4.889944354608273,58889478
1997-08-25,4.714900970458984,4.788669283011346,4.588620190587615,4.763663305740237,64483921
1997-08-26,4.732405662536621,4.788669968959376,4.688645620795437,4.713651601648501,89099646
1997-08-27,4.8061747550964355,4.909950101952499,4.791171249132958,4.851185697738614,66239197
1997-08-28,4.682393550872803,4.796171354762769,4.668640516695078,4.778667338626875,53709142
1997-08-29,4.507352352142334,4.656138662937964,4.471093414059405,4.656138662937964,73307502
1997-09-01,4.567365646362305,4.601124061956203,4.498599195673799,4.544860602301972,33472257
1997-09-02,4.617377281188965,4.6623882114623125,4.494847479361338,4.563614343571253,57859110
1997-09-03,4.61862850189209,4.688645846300577,4.588621068574167,4.6761424305210015,49886896
1997-09-04,4.567365646362305,4.638633459810724,4.504850691190936,4.613627477742177,43675302
1997-09-05,4.626129150390625,4.647384570844318,4.569865701604861,4.59862266037902,49012375
1997-09-08,4.623629570007324,4.63238115329958,4.558613682248687,4.601123678320105,27598181
1997-09-09,4.71365213394165,4.764914570379959,4.658638715001462,4.66363974183615,92615542
1997-09-10,4.6448845863342285,4.7011480415188425,4.629881083235331,4.686144538419946,43938014
1997-09-11,4.631130695343018,4.684894057205757,4.616126768892194,4.663638636317633,25010239
1997-09-12,4.557363510131836,4.607375902768761,4.538609446926619,4.589871883909637,33827586
1997-09-15,4.568615913391113,4.581118477958574,4.5511114734933855,4.563614462812488,16219608
1997-09-16,4.543610095977783,4.609876457617178,4.526105653822557,4.578618980288235,40810398
1997-09-17,4.6048760414123535,4.643635916664514,4.5723680877828965,4.576119070855802,24538247
1997-09-18,4.476093769073486,4.5261057336822175,4.451087362017416,4.5261057336822175,44336981
1997-09-19,4.419829368591309,4.493597687387298,4.413577873744416,4.452337311695816,30114879
1997-09-22,4.302299976348877,4.388571272616371,4.293547969753477,4.376067859942321,22811468
1997-09-23,4.276044845581055,4.3260572373882535,4.254789844532823,4.254789844532823,31410631
1997-09-24,4.324806213378906,4.519853879272093,4.3173042493825005,4.351062662614656,27577698
1997-09-25,4.3510637283325195,4.363567146306249,4.297300347775986,4.301051755444701,20456851
1997-09-26,4.331058502197266,4.3885728621240565,4.3260574751175875,4.367317435156052,21791787
1997-09-29,4.369818687438965,4.423581643791487,4.341061293033346,4.363567190764294,25363788
1997-09-30,4.319804668426514,4.364815597495996,4.303550698220778,4.363565553481166,24049334
1997-10-01,4.283545970916748,4.343560829321798,4.232283120080568,4.343560829321798,42099026
1997-10-02,4.283545970916748,4.283545970916748,4.283545970916748,4.283545970916748,0
1997-10-03,4.283545970916748,4.283545970916748,4.283545970916748,4.283545970916748,0
1997-10-06,4.283545970916748,4.283545970916748,4.283545970916748,4.283545970916748,0
1997-10-07,4.283545970916748,4.283545970916748,4.283545970916748,4.283545970916748,0
1997-10-08,4.283545970916748,4.283545970916748,4.283545970916748,4.283545970916748,0
1997-10-09,4.319804668426514,4.326056162755519,4.267291776261578,4.276043783371861,21131889
1997-10-10,4.419829368591309,4.447335860967309,4.323556008147827,4.328557458876334,59536909
1997-10-13,4.378570556640625,4.563615786697769,4.363567050055578,4.463591418376674,51815830
1997-10-14,4.408576488494873,4.559863246113041,4.357313640275648,4.37606812328795,61777536
1997-10-15,4.636133193969727,4.671142083643477,4.482345447497589,4.482345447497589,94195380
1997-10-16,4.672391414642334,4.744909271784259,4.614877486427261,4.699898334507098,68308838
1997-10-17,4.6548871994018555,4.707399674159018,4.638633226923009,4.682393693345924,55996968
1997-10-20,4.601123809814453,4.663639186311676,4.52610544296812,4.631131241503321,51171071
1997-10-21,4.4510884284973145,4.6136286266754025,4.401076451905723,4.601125207775699,54075158
1997-10-22,4.408576488494873,4.523604748856572,4.396073075068386,4.501098859539867,33730516
1997-10-23,4.323556423187256,4.438584703965202,4.281045999296604,4.413578297425486,40237774
1997-10-24,4.233534336090088,4.307301808755097,4.196024940542307,4.301050738374086,37183183
1997-10-27,4.226032733917236,4.251038716589307,4.176020343821384,4.2085287159474705,24708342
1997-10-28,3.8146817684173584,4.204776651140147,3.8034288231240683,4.204776651140147,58999016
1997-10-29,4.098501205444336,4.176020086757279,3.7546672658619724,3.7546672658619724,63235368
1997-10-30,4.0209832191467285,4.107254128108519,3.9009538883401893,4.096001603994788,18247393
1997-10-31,4.0209832191467285,4.0209832191467285,4.0209832191467285,4.0209832191467285,0
1997-11-03,4.012229919433594,4.118506189506157,3.9384624444685956,4.048489271936369,22880041
1997-11-04,4.003478050231934,4.032234586887221,3.969719638068497,4.000977112477859,24562292
1997-11-05,4.054739952087402,4.0934993852268855,3.9584666035960927,4.000976593376763,36533081
1997-11-06,4.0609917640686035,4.069744197169597,3.989724803578931,4.052239755719289,26404842
1997-11-07,4.063493728637695,4.091000229578908,4.025984323124677,4.075996722224772,28354259
1997-11-10,4.029735088348389,4.063493509010321,4.025984105524645,4.038487523187713,17440554
1997-11-11,4.027234077453613,4.060992069195513,4.009729634688091,4.037236130746241,21506811
1997-11-12,3.9534661769866943,4.044738523751179,3.939712716569753,4.025983611931845,24527560
1997-11-13,3.857191801071167,3.950964647115247,3.828435265009473,3.9397121264608144,29066700
1997-11-14,3.857191801071167,3.857191801071167,3.857191801071167,3.857191801071167,0
1997-11-17,3.854691505432129,3.873446415499588,3.7534171148262065,3.7571676720880265,13979872
1997-11-18,3.805929660797119,3.8509405963076264,3.778423166763667,3.8446891010840383,23069728
1997-11-19,3.719658374786377,3.7734217376720025,3.6671450559610186,3.753416785191381,23140972
1997-11-20,3.698404312133789,3.7384138024462406,3.578374991692951,3.6771484607222913,18868998
1997-11-21,3.447091817855835,3.6558929489428675,3.439590278391312,3.6558929489428675,60459520
1997-11-24,3.2057836055755615,3.4395907497554803,3.2057836055755615,3.4395907497554803,42392017
1997-11-25,3.290804147720337,3.323312308807459,3.0669994892469385,3.1882788499954375,44269299
1997-11-26,3.2995564937591553,3.3758251291956323,3.285803032305032,3.3258129475345752,19589454
1997-11-27,3.377074718475342,3.388327664191415,3.253294226981003,3.253294226981003,32551427
1997-11-28,3.252044439315796,3.3533194721165884,3.2195367056170516,3.3395660122961788,38201974
1997-12-01,3.250793933868408,3.2595461542092434,3.189529028610055,3.2182857779063774,21277939
1997-12-02,3.222036361694336,3.2595457514483623,3.198280429008506,3.255794769997799,20375811
1997-12-03,3.2145354747772217,3.2482932527922577,3.178276121659866,3.225787996656951,12563005
1997-12-04,3.158271312713623,3.250794122798522,3.0644986707950075,3.184527975262116,22203222
1997-12-05,3.098257064819336,3.2007823657192396,3.0632483892283666,3.132015483661738,31318904
1997-12-08,3.068248748779297,3.10450788309741,3.040742258694817,3.0820022061973464,22315431
1997-12-09,3.0019829273223877,3.113259997384565,2.9669742605648888,3.075751030136684,30518298
1997-12-10,2.9532220363616943,3.040743633629084,2.915713053444692,3.040743633629084,31150590
1997-12-11,3.026989698410034,3.050745638740893,2.9132118733016483,2.950721275126781,43722501
1997-12-12,3.061997652053833,3.140766995029408,2.9944812543969026,3.0632476961436974,42261106
1997-12-15,3.1782753467559814,3.1870277780303664,3.0507445312036436,3.0507445312036436,47906310
1997-12-16,3.217036008834839,3.243292249083995,3.1307651107467236,3.182027546918722,39343661
1997-12-17,3.2145354747772217,3.298306065764122,3.183277360481883,3.298306065764122,18184164
1997-12-18,3.184528350830078,3.2758004903420876,3.1645236059768584,3.207033609149,37007745
1997-12-19,3.2120347023010254,3.2245381185640714,3.155771028124183,3.175775984442997,16052185
1997-12-22,3.2532942295074463,3.263296706345615,3.2195364542121596,3.2257877367662275,17853770
1997-12-23,3.3008053302764893,3.3320627976305595,3.263295944700044,3.263295944700044,30662568
1997-12-24,3.2532942295074463,3.2720489266729698,3.1895290236976535,3.1895290236976535,20178108
1997-12-25,3.2532942295074463,3.2532942295074463,3.2532942295074463,3.2532942295074463,0
1997-12-26,3.307058095932007,3.323312282535002,3.2507944206749535,3.2507944206749535,16899099
1997-12-29,3.4108331203460693,3.425836836479577,3.3145597530017072,3.323311973840214,33797308
1997-12-30,3.3620712757110596,3.4345891324208098,3.3395660195824486,3.419585415959222,30771215
1997-12-31,3.393328905105591,3.4408403515212393,3.353319210130352,3.387076985424284,20681270
1998-01-01,3.3908281326293945,3.4120831301447545,3.3408157491349395,3.3783251429436945,13231809
1998-01-02,3.528362274169922,3.549617274127997,3.412083522276018,3.412083522276018,71521947
1998-01-05,3.547116994857788,3.5983796471880165,3.5283627181896486,3.5608704567241034,37827052
1998-01-06,3.492103338241577,3.5483674387326682,3.463346584392418,3.5483674387326682,29341880
1998-01-07,3.499605417251587,3.55711935157506,3.453344218442527,3.5258616585346365,27872471
1998-01-08,3.3795762062072754,3.4770998463626737,3.3658227443691264,3.4770998463626737,35180334
1998-01-09,3.2682981491088867,3.357069977316052,3.24329195545,3.357069977316052,39525333
1998-01-12,3.104508876800537,3.2257884577234566,3.0657494296718477,3.2145359342353883,54659360
1998-01-13,3.1182620525360107,3.200782614751627,3.103258545634139,3.127014487584562,41005429
1998-01-14,3.1020069122314453,3.2107836694421468,3.0807519181566656,3.188277781948966,39151302
1998-01-15,3.119511604309082,3.1370156185630336,3.0419925223044624,3.082002213511891,34997771
1998-01-16,3.169525146484375,3.1932806653853896,3.0957570140309474,3.1270147116722917,33156111
1998-01-19,3.235790491104126,3.274550145269995,3.1282639620603083,3.15452083766998,35249797
1998-01-20,3.2207865715026855,3.3083083520125074,3.203282130450387,3.2695487002902768,33977199
1998-01-21,3.27204966545105,3.2995565891545655,3.2032827809440167,3.222037482344061,33061712
1998-01-22,3.1632723808288574,3.2220367733077175,3.1532699039334133,3.2182857913779683,30386497
1998-01-23,3.1370162963867188,3.175775951951838,3.1282640749928166,3.1532702701354975,18915307
1998-01-26,3.1370162963867188,3.1370162963867188,3.1370162963867188,3.1370162963867188,0
1998-01-27,3.0757510662078857,3.1457681881682005,3.056996369988181,3.1257632355007336,31100719
1998-01-28,3.0582468509674072,3.1132604786622986,3.0332408689364883,3.0657490278532125,25299668
1998-01-29,3.0745017528533936,3.088254790373292,3.0282401263374106,3.0432438454403523,17813695
1998-01-30,3.1570210456848145,3.163272540966986,3.0845036154612866,3.0907548983676167,27917889
1998-02-02,3.169525146484375,3.1982819055030407,3.1332659963494778,3.1720256603552497,17476176
1998-02-03,3.1357665061950684,3.172025226620232,3.1257640273274805,3.169524713091272,15008459
1998-02-04,3.110759973526001,3.190779583460595,3.095756256842793,3.172024884512622,23657492
1998-02-05,3.1220126152038574,3.1457685523405536,3.1082591555588395,3.113260394304678,10775669
1998-02-06,3.110759973526001,3.138266468881441,3.1045084780019603,3.137016212251803,10805057
1998-02-09,3.0719997882843018,3.1045079416697634,3.041992572477757,3.1045079416697634,18440643
1998-02-10,3.0319907665252686,3.0632482456537566,3.025739270699571,3.0544964488239845,17829725
1998-02-11,3.0082345008850098,3.0594973557417204,2.9782272817048474,3.028239455255676,17470833
1998-02-12,3.0132360458374023,3.025739249778205,2.9832288236063658,3.0007332666483175,10620713
1998-02-13,3.059497356414795,3.0720001343354557,3.0057342008136794,3.0057342008136794,17109269
1998-02-16,3.059497356414795,3.059497356414795,3.059497356414795,3.059497356414795,0
1998-02-17,3.0644991397857666,3.113260853085667,3.0569971743735707,3.0732509372229537,16071777
1998-02-18,3.044494152069092,3.090755351362921,3.038242443494799,3.083253386024119,14203400
1998-02-19,3.054497003555298,3.078252522106532,3.044494523467274,3.0482452942183587,9320508
1998-02-20,3.0219879150390625,3.0732503443795736,3.014486375825696,3.0569965846656113,14915841
1998-02-23,3.055746078491211,3.06324761709174,3.0232379245915344,3.024488605776589,10476444
1998-02-24,3.051995038986206,3.0782512730938243,3.044493288152003,3.0682487970643444,15144713
1998-02-25,3.1407670974731445,3.1570208568088676,3.07825151126404,3.082002493159268,24070708
1998-02-26,3.158271312713623,3.18202724971547,3.113260376632418,3.153270073996173,26391484
1998-02-27,3.3108084201812744,3.3470671315267913,3.1707741758531673,3.175775414034587,68939348
1998-03-02,3.4570939540863037,3.4720976686623306,3.3383153434354167,3.3383153434354167,55872291
1998-03-03,3.2883033752441406,3.4633460855554,3.235790264824596,3.4283376284434817,31889747
1998-03-04,3.405831813812256,3.437089502040647,3.2945547325503224,3.3133094304376924,38323979
1998-03-05,3.3695731163024902,3.450842978679723,3.3383156402926617,3.394579309486192,27214353
1998-03-06,3.3633222579956055,3.3995809772187573,3.3320641409128533,3.3508188412618116,22113276
1998-03-09,3.4220855236053467,3.432088000060939,3.3658218590124176,3.4070818089219586,27872471
1998-03-10,3.467097043991089,3.585876312788043,3.4070823874428977,3.4258370870756276,60597555
1998-03-11,3.4045820236206055,3.6371386807170087,3.350818651441303,3.5508675737010496,45229313
1998-03-12,3.3945798873901367,3.4383405736296924,3.3670729640172796,3.3670729640172796,29903818
1998-03-13,3.3945798873901367,3.3945798873901367,3.3945798873901367,3.3945798873901367,0
1998-03-16,3.473348617553711,3.5533682224170233,3.4233364441550798,3.4233364441550798,39791608
1998-03-17,3.582125186920166,3.6246356111842055,3.4208357109921996,3.4408406664990063,59279540
1998-03-18,3.6758980751037598,3.725910464291229,3.608381668264453,3.6471411106028535,100048973
1998-03-19,3.6608951091766357,3.72591101230719,3.6258862192203645,3.6971536188248746,50958229
1998-03-20,3.7409136295318604,3.7734219981203827,3.605880828094907,3.6383887719317656,87560774
1998-03-23,3.8009285926818848,3.8234340601894194,3.750916206691988,3.775922187311099,21443582
1998-03-24,3.7921764850616455,3.899702805602749,3.778423449392024,3.8709458404728685,68567988
1998-03-25,3.859692335128784,3.888449292934737,3.8009279507964275,3.8259339271926294,41277047
1998-03-26,3.7696714401245117,3.9009537139268735,3.752166995366944,3.855942769980852,47025555
1998-03-27,3.813432455062866,3.8259354482316574,3.719659581545159,3.7509170644671377,47004182
1998-03-30,3.7259109020233154,3.863444669882991,3.7134079094454817,3.832186763686655,45602454
1998-03-31,3.6833999156951904,3.7434147807001934,3.6521420142232017,3.7159078613849785,43009169
1998-04-01,3.8034286499023438,3.812180657119654,3.7259097794734197,3.7359122554724706,32053609
1998-04-02,3.834686517715454,3.8984523618847575,3.794677034341415,3.8009285293920985,63697564
1998-04-03,3.9109549522399902,3.92595845387776,3.8284350561048206,3.8284350561048206,64626409
1998-04-06,4.141011714935303,4.196025129430414,3.9259590833854623,3.9259590833854623,118556408
1998-04-07,4.098501205444336,4.198525979478796,4.063492746908117,4.198525979478796,54949680
1998-04-08,4.098501205444336,4.098501205444336,4.098501205444336,4.098501205444336,0
1998-04-09,4.097249984741211,4.183521283423285,4.057240082468272,4.151013344014424,60924388
1998-04-10,4.073496341705322,4.143513702735786,4.063493861558113,4.08724938024991,47650722
1998-04-13,3.97347092628479,4.050989808597692,3.9534659712198432,4.02848434033755,46491224
1998-04-14,3.97347092628479,3.97347092628479,3.97347092628479,3.97347092628479,0
1998-04-15,4.11850643157959,4.143512839111476,4.053490536549767,4.053490536549767,32985125
1998-04-16,4.065994739532471,4.136011682081421,4.038488235228183,4.101003210806946,35600674
1998-04-17,4.080997943878174,4.088499910287978,4.038487933560767,4.038487933560767,23547954
1998-04-20,4.052240371704102,4.131009733076771,4.038487334993619,4.096001269606166,27754027
1998-04-21,4.027234077453613,4.082247494321627,4.007229121364934,4.052240060188607,31123873
1998-04-22,4.050990581512451,4.401076087689038,4.038487588399255,4.123508451271116,38687324
1998-04-23,3.8721959590911865,4.048489585123108,3.852191002594632,4.0159812122524166,42104369
1998-04-24,3.818432569503784,3.883448451006479,3.7409132744607363,3.878447000640013,33726954
1998-04-27,3.719658374786377,3.8259342069940923,3.6971524846819515,3.8259342069940923,36106507
1998-04-28,3.6558921337127686,3.7259094596968785,3.6358871834315942,3.700903059469617,34003916
1998-04-29,3.793426275253296,3.8984520636735174,3.7834237989870063,3.8509401952207334,38742539
1998-04-30,3.7984282970428467,3.8134318013229778,3.7596684302117493,3.7984282970428467,27118174
1998-05-01,3.7984282970428467,3.7984282970428467,3.7984282970428467,3.7984282970428467,0
1998-05-04,3.895951747894287,3.9159567036199507,3.8034293586027235,3.8259348276061687,44211413
1998-05-05,3.989725112915039,3.999727590983356,3.8821983674927014,3.9009532793406163,62533614
1998-05-06,3.8972015380859375,4.009728863502909,3.8809475674839513,4.000976856179264,42084777
1998-05-07,3.8972015380859375,3.8972015380859375,3.8972015380859375,3.8972015380859375,0
1998-05-08,3.904703140258789,3.9384615471377304,3.8334357699602153,3.8634431955468753,41096265
1998-05-11,3.925959587097168,3.9359620659934156,3.8884506098000498,3.9134565946647952,18844953
1998-05-12,3.8384385108947754,3.923458941524049,3.788426118096615,3.923458941524049,46631932
1998-05-13,3.688401699066162,3.837187556508174,3.653392812283861,3.808431015136509,51427550
1998-05-14,3.8084306716918945,3.830935715126869,3.657143464976996,3.725910338506342,53028761
1998-05-15,3.7696714401245117,3.8634447355557753,3.752166995366944,3.8484408044059286,32250420
1998-05-18,3.8196840286254883,3.8621940363553753,3.788426545073577,3.807180610452943,31792677
1998-05-19,3.8909506797790527,3.9009531575350467,3.813431795733872,3.82593478674094,51040160
1998-05-20,3.87969970703125,3.912207241779652,3.8396897800303424,3.8972037315302455,33189952
1998-05-21,3.7946770191192627,3.894701364280619,3.7571676242139627,3.8821979494777414,36396827
1998-05-22,3.782174825668335,3.810931797022747,3.753418279065727,3.8009297415532157,29266183
1998-05-25,3.7171576023101807,3.777172462418415,3.704654612642212,3.755917040181545,36731674
1998-05-26,3.6121325492858887,3.7209093462284195,3.5908775474475036,3.7021548578854198,77213459
1998-05-27,3.595878839492798,3.6821497368902483,3.5783748210507347,3.6508922577067637,31216490
1998-05-28,3.4320883750915527,3.60087959969029,3.4158344021690694,3.5546184064979074,41374117
1998-05-29,3.7709202766418457,3.7746712578052777,3.425835956128147,3.463345343010893,152842629
1998-06-01,3.7784225940704346,4.003477662263189,3.675897323390257,3.8396874928267235,134411781
1998-06-02,3.783424139022827,3.94846479987384,3.72966119591725,3.772171192930028,102831055
1998-06-03,3.99222469329834,4.0234830173163765,3.80467942145836,3.875946378401591,92220138
1998-06-04,3.939711809158325,4.068493525148206,3.928459289410165,4.023482596652339,75816185
1998-06-05,3.7146575450897217,3.9334611653798266,3.675898102462842,3.927209245027121,68385425
1998-06-08,3.6071317195892334,3.800929383988658,3.4508436710550283,3.7484164739546433,65696851
1998-06-09,3.5921270847320557,3.675897450734519,3.5333629090759033,3.6508914727640236,46329144
1998-06-10,3.4220855236053467,3.6383885991119302,3.3508181443290295,3.6008792062155486,53225573
1998-06-11,3.3883283138275146,3.4195857944456525,3.2783010475978394,3.3633223293330046,44747525
1998-06-12,3.485851287841797,3.548366874318239,3.410832923871394,3.410832923871394,52698366
1998-06-15,3.242042303085327,3.4533441871962114,3.2332900811529215,3.4533441871962114,38754116
1998-06-16,3.168273687362671,3.223287099094018,3.030740158034303,3.2032821448732243,41497904
1998-06-17,3.3908281326293945,3.413333811389813,3.203282013088929,3.203282013088929,31212928
1998-06-18,3.250793933868408,3.4308378801052513,3.2282882547599514,3.400830449544529,18125388
1998-06-19,3.120762586593628,3.203282500988721,3.1032581435165105,3.203282500988721,16936502
1998-06-22,3.034492015838623,3.074501720651527,2.875703028653422,3.0657494981725097,22692134
1998-06-23,3.0094852447509766,3.0682492154028203,2.93821743404211,2.97572683045476,26307772
1998-06-24,3.145768642425537,3.173275137751586,3.0319906169813353,3.0757515103545625,32190753
1998-06-25,3.1857779026031494,3.2332893469449364,3.138266033509721,3.1732747009137867,29933206
1998-06-26,3.0995070934295654,3.175775499913048,3.0857536349647896,3.175775499913048,17911656
1998-06-29,3.1732747554779053,3.185777957382259,3.056996443160604,3.078251440408774,16346957
1998-06-30,3.132014513015747,3.178275485007032,3.1120095617349492,3.175775184660639,18836938
1998-07-01,3.1082589626312256,3.1757755753214183,3.063247816712487,3.1757755753214183,8713152
1998-07-02,3.0832531452178955,3.1170115618541803,3.072000410464419,3.0732506671312816,6130554
1998-07-03,3.0144858360290527,3.0795017127460036,2.9944808855389766,3.065748256190127,10919938
1998-07-06,3.089505195617676,3.1007577184685524,3.0144868191888197,3.0257393420396963,8821800
1998-07-07,3.0507452487945557,3.150769599623553,3.0307402936784182,3.0982566986316145,21505920
1998-07-08,3.119511604309082,3.1632720646955814,3.073249994009105,3.123262161112343,25321932
1998-07-09,3.1407670974731445,3.1882783313496765,3.117011161971135,3.125763382268059,24748417
1998-07-10,3.2595460414886475,3.288303214542159,3.1420170487114176,3.1420170487114176,40503158
1998-07-13,3.1870293617248535,3.319561905489333,3.165774144445417,3.2945557050500254,25585535
1998-07-14,3.162022829055786,3.213285269100411,3.1395175695888597,3.179527273712082,15570397
1998-07-15,3.170774221420288,3.2720488182038534,3.1570207631297786,3.2195363474838428,18943804
1998-07-16,3.242042303085327,3.253294826122055,3.1645236243131145,3.2132851238079185,16158160
1998-07-17,3.2245373725891113,3.3183102119820878,3.2007814393623297,3.2482926686884666,30899454
1998-07-20,3.132014513015747,3.2232866253888273,3.1145102868329513,3.2007813737616364,15908806
1998-07-21,3.0582468509674072,3.1520199207109028,3.050745311209151,3.1195121865458777,18285687
1998-07-22,3.0732502937316895,3.125763403494002,3.063247816860376,3.08825400903866,9728381
1998-07-23,2.828191041946411,3.0757518645213424,2.828191041946411,3.0757518645213424,55951550
1998-07-24,2.604386568069458,2.775678102086005,2.6018856299930624,2.7006599414593513,55978266
1998-07-27,2.5218660831451416,2.650647619715391,2.488107878134259,2.6256416363188237,35432360
1998-07-28,2.658149242401123,2.675653684774612,2.4893582255926257,2.516864721034736,33889925
1998-07-29,2.649397373199463,2.6869063454316984,2.5756292605825415,2.6869063454316984,17099473
1998-07-30,2.6231400966644287,2.7006593919709054,2.606886338609333,2.655648249902058,15244455
1998-07-31,2.5568745136260986,2.670652321892968,2.520615798680371,2.619389890913228,32733099
1998-08-03,2.484356641769409,2.5256168039559643,2.465601945366131,2.5256168039559643,16965890
1998-08-04,2.456850051879883,2.518114962695253,2.4405962909883194,2.4706035118950083,22771393
1998-08-05,2.561875820159912,2.6218904735097133,2.4005865587437354,2.4005865587437354,31170182
1998-08-06,2.5118634700775146,2.625641495456105,2.5006109480534335,2.5656268411978567,33697566
1998-08-07,2.5131137371063232,2.5481224094544404,2.4818562594081746,2.5131137371063232,15802830
1998-08-10,2.469353437423706,2.5131136930582647,2.463101517241954,2.483106472518817,15248017
1998-08-11,2.408087968826294,2.4706033444055566,2.3955851910366106,2.4706033444055566,19516429
1998-08-12,2.3355705738067627,2.4318439392383664,2.3255680965831536,2.389333729601784,30162968
1998-08-13,2.399336576461792,2.4255928177489463,2.325568454855001,2.325568454855001,21092704
1998-08-14,2.365577459335327,2.416839882403758,2.3568252399055862,2.405587150208839,12218362
1998-08-17,2.343071937561035,2.4005862834743406,2.3380706993240445,2.38808286931813,8252737
1998-08-18,2.2943105697631836,2.344322959399713,2.2880588617767277,2.340571764707157,18149433
1998-08-19,2.315565347671509,2.3880827680945256,2.2768056998837785,2.3255678237215154,21855907
1998-08-20,2.398085594177246,2.418090549197251,2.313064747718069,2.3193166678195483,20390060
1998-08-21,2.3818318843841553,2.4818562368612396,2.300562018355581,2.300562018355581,41863920
1998-08-24,2.3730788230895996,2.400585948114055,2.333069135158823,2.350573572730843,14353013
1998-08-25,2.3643276691436768,2.391834164487519,2.3518244657250165,2.361826943509605,14416242
1998-08-26,2.3643276691436768,2.3643276691436768,2.3643276691436768,2.3643276691436768,0
1998-08-27,2.356825828552246,2.4105889901896838,2.340571854391529,2.3855830067891106,18079970
1998-08-28,2.2780566215515137,2.33807128300168,2.2630529030950033,2.326818547253266,16050404
1998-08-31,2.253049612045288,2.299311219893783,2.2330448736895643,2.298060751191214,10944874
1998-09-01,2.161777973175049,2.2392970679612514,2.1217682753707003,2.2392970679612514,17161811
1998-09-02,2.19303560256958,2.225543763040007,2.173030858463903,2.200537779813946,10629619
1998-09-03,2.1792821884155273,2.245548329789808,2.1692797119107636,2.2080389367090327,11629708
1998-09-04,2.203037738800049,2.2155409408478812,2.1705300081279995,2.2005374381918053,23458008
1998-09-07,2.3005619049072266,2.3280683987249318,2.2217925560058256,2.2217925560058256,30724906
1998-09-08,2.341822385787964,2.3730798687052603,2.2880592178439727,2.2943109268033184,26397718
1998-09-09,2.33807110786438,2.4493486249874263,2.3255683286509763,2.433094226219323,20992072
1998-09-10,2.33807110786438,2.36182704673501,2.3180661514208722,2.3468233294023793,15104638
1998-09-11,2.2918097972869873,2.3143154783517104,2.2768060807024546,2.310564496111615,13619199
1998-09-14,2.360576629638672,2.373079408002451,2.314315436476556,2.3230672326681097,21196899
1998-09-15,2.34682297706604,2.385582627450186,2.3343201997297203,2.3393214380897445,18413926
1998-09-16,2.370579481124878,2.433094444684345,2.355575762445079,2.375580720684811,31493452
1998-09-17,2.354325771331787,2.395585733165598,2.345573336433883,2.375580774472912,13119600
1998-09-18,2.4168403148651123,2.4255925358609463,2.3318194676227684,2.345572927419673,35597112
1998-09-21,2.414339542388916,2.4718532464263463,2.4018361292650043,2.4368447940335773,26834979
1998-09-22,2.39308500289917,2.4230924435480388,2.3793319642595994,2.4018372261823986,15171430
1998-09-23,2.404337167739868,2.4343443835690697,2.396834992124894,2.420590925881151,11114969
1998-09-24,2.443096876144409,2.4568503377598927,2.420591617127559,2.430594096052298,16601655
1998-09-25,2.4380950927734375,2.4731037612000244,2.429343297324488,2.446847312974041,18688216
1998-09-28,2.4068379402160645,2.463101613664987,2.4005866569171346,2.463101613664987,10037402
1998-09-29,2.3168153762817383,2.4168397021952375,2.2880582073715785,2.4043369269257906,15516073
1998-09-30,2.309314250946045,2.3355707020052656,2.2943105342870833,2.3355707020052656,11479204
1998-10-01,2.309314250946045,2.309314250946045,2.309314250946045,2.309314250946045,0
1998-10-02,2.309314250946045,2.309314250946045,2.309314250946045,2.309314250946045,0
1998-10-05,2.131770372390747,2.2755555897771584,2.1255188781349563,2.2755555897771584,19307149
1998-10-06,2.148024559020996,2.199287416808651,2.093011143732119,2.1030136214893416,12703712
1998-10-07,2.213040828704834,2.2180420684346074,2.1692803527271183,2.1867845855933816,9983078
1998-10-08,2.123018264770508,2.250549743988658,2.110515486725829,2.223042825262174,12234392
1998-10-09,2.131770372390747,2.1967862524522603,2.1030132014879803,2.1030132014879803,13524800
1998-10-12,2.0955116748809814,2.165528800307607,2.0792579155037703,2.1505252974400535,7208121
1998-10-13,2.049250602722168,2.1130160245114125,2.03799765636141,2.0880098310027977,13181048
1998-10-14,2.0542519092559814,2.1067645987942965,1.9567278575400273,2.0980123776833195,24790273
1998-10-15,1.9654804468154907,2.069256013459812,1.9517269842614147,2.069256013459812,16913348
1998-10-16,1.9192192554473877,1.9942374198928958,1.8917121208445997,1.980483958779435,16408405
1998-10-19,1.882959246635437,1.9454748221617435,1.876707965171337,1.9404735846146708,6083355
1998-10-20,1.8029403686523438,1.8754582269283002,1.7941885721851327,1.8692067313615834,14414461
1998-10-21,1.8029403686523438,1.8029403686523438,1.8029403686523438,1.8029403686523438,0
1998-10-22,1.7504278421401978,1.8617049408595936,1.7154192725548416,1.859204427349437,22939708
1998-10-23,1.8054410219192505,1.8504519580956742,1.7141688929783565,1.7754336957389942,26704958
1998-10-26,1.9504766464233398,1.9504766464233398,1.8404495996667665,1.8404495996667665,16404843
1998-10-27,1.9892354011535645,2.049250036619431,1.9129665851154136,1.9854844200695156,32309197
1998-10-28,1.9579777717590332,2.075506758389425,1.940473757349813,2.012991177298169,34740401
1998-10-29,1.9867351055145264,2.020493517812477,1.891711788279115,1.9254702005770656,32662746
1998-10-30,2.0379974842071533,2.1117655895443272,1.9879853137904067,2.022993769369382,74022614
1998-11-02,2.0379974842071533,2.086759398148042,2.012991292810868,2.0630034632276146,22927240
1998-11-03,2.0830087661743164,2.0992631649694293,2.0254950472433126,2.032996587358304,53311065
1998-11-04,21.863435745239258,21.863435745239258,21.863435745239258,21.863435745239258,0
1998-11-05,2.1755318641662598,2.1842840868471605,2.100513480082757,2.118017500692784,62167597
1998-11-06,2.174281120300293,2.1880341549128257,2.150525396024465,2.183032916269098,27168045
1998-11-09,2.2230427265167236,2.2580511830894685,2.1830328191469235,2.1980365344105985,44166886
1998-11-10,2.2255442142486572,2.2442989178464066,2.184284248610233,2.2405479346516763,28538603
1998-11-11,2.221792459487915,2.29556056656991,2.2042884436602326,2.2555508717653368,39865524
1998-11-12,2.2205421924591064,2.2317949257063097,2.1655287827225966,2.1980365135888724,22766050
1998-11-13,2.303062915802002,2.3655783058110647,2.179282817365614,2.201788077432709,90487125
1998-11-16,2.268054246902466,2.349324551561932,2.240547747030814,2.2655539456085223,49951016
1998-11-17,2.301811456680298,2.318065211731935,2.2630518161892805,2.2630518161892805,34302250
1998-11-18,2.369328737258911,2.3968352306201335,2.345572801138838,2.3505740396706516,63979869
1998-11-19,2.415590286254883,2.468102980058772,2.3680784069723746,2.373079646245488,120422113
1998-11-20,2.363077163696289,2.4843569394942793,2.344322889797145,2.469353435424625,95957781
1998-11-23,2.2968106269836426,2.3218166044606634,2.288058407441199,2.316815578865908,39483477
1998-11-24,2.299311637878418,2.3555753065690728,2.2918096738024394,2.334320308022699,58023862
1998-11-25,24.133766174316406,24.133766174316406,24.133766174316406,24.133766174316406,0
1998-11-26,2.164278745651245,2.289309280653225,2.140522810204097,2.243047453886679,54515981
1998-11-27,2.1105151176452637,2.186783728149311,2.0930106792666545,2.1755309962635208,47542965
1998-11-30,2.1505250930786133,2.1505250930786133,2.093010750589905,2.1167666838950585,27686345
1998-12-01,2.2630529403686523,2.285558624612036,2.1355220747033776,2.139273057473255,61206692
1998-12-02,2.289309501647949,2.3355706957527573,2.275556041653424,2.2843082627750175,48876121
1998-12-03,2.2693045139312744,2.308063530612519,2.2317951167290078,2.3005619909734194,40348202
1998-12-04,2.350574016571045,2.350574016571045,2.2517999281961125,2.2705546256000657,60442599
1998-12-07,2.4005868434906006,2.415590349325815,2.3443231656688686,2.358076202371255,64597911
1998-12-08,2.450599193572998,2.450599193572998,2.376831066580565,2.396835813194332,63739420
1998-12-09,2.4055874347686768,2.4856070383571236,2.4030867093318764,2.4731038359247886,53469584
1998-12-10,2.415590286254883,2.4480980229663194,2.3930846033379405,2.425592764801109,29629528
1998-12-11,2.5806307792663574,2.5881323196754535,2.4230920593992993,2.425592785244866,169559165
1998-12-14,2.5131137371063232,2.5881321083335806,2.4931087814788278,2.570628090723298,74011928
1998-12-15,2.478105306625366,2.536869705198587,2.4756047933300964,2.4881077845581507,69038199
1998-12-16,2.530618190765381,2.530618190765381,2.4318440935714176,2.494359473998494,71529071
1998-12-17,2.4005868434906006,2.5031115079508024,2.38308218701386,2.425592828133205,65969360
1998-12-18,2.4355950355529785,2.4530990529517087,2.386832903706331,2.4205913190136905,46274820
1998-12-21,2.630643129348755,2.630643129348755,2.435595420627929,2.6131386844308233,28131621
1998-12-22,2.7056610584259033,2.71066229722551,2.6256414500080405,2.7019098638563905,69961701
1998-12-23,2.700660467147827,2.7606751347566276,2.700660467147827,2.7231657285782433,68018518
1998-12-24,2.8206896781921387,2.831942202224036,2.6769044062163805,2.6781546630670485,111599422
1998-12-25,29.606178283691406,29.606178283691406,29.606178283691406,29.606178283691406,0
1998-12-28,2.9257144927978516,2.9257144927978516,2.828190449837038,2.8631991187622226,87671202
1998-12-29,3.0532455444335938,3.060747721153169,2.8757025237707783,2.914462177336413,80318811
1998-12-30,3.026989698410034,3.1257640176394137,2.9969824742761495,3.098257094650867,76303316
1998-12-31,2.9382176399230957,3.0207381903876374,2.929465843248477,3.00198349086717,63254960
1999-01-01,3.100757360458374,3.100757360458374,2.9432186607215094,2.9519708814988377,102460586
1999-01-04,3.018237590789795,3.09950789370084,3.0094857931336785,3.0857544316850163,51251221
1999-01-05,3.0319907665252686,3.074501405366905,2.9907308091253206,3.023238544943776,94085842
1999-01-06,3.120762586593628,3.1732752786974014,3.079502629396081,3.107009125943873,103005603
1999-01-07,3.145768642425537,3.1707746244949817,3.1132604834587294,3.1370162088998716,67784303
1999-01-08,3.263296365737915,3.263296365737915,3.1657727576844064,3.200781422963955,87920556
1999-01-11,3.275799512863159,3.4233359222157658,3.2545445176194514,3.325811891012484,101157709
1999-01-12,3.130765199661255,3.2620470417630614,3.1032582771769937,3.240792040094826,65710210
1999-01-13,3.088254451751709,3.1820275265811295,3.078251973446502,3.1757760307343403,43702909
1999-01-14,3.1445183753967285,3.1932798703701866,3.013235908087113,3.0444938103222325,71324244
1999-01-15,3.0294904708862305,3.1757760256438528,3.0257392760579642,3.1757760256438528,43752780
1999-01-18,2.9744768142700195,3.0382420242191635,2.9269649400165463,3.0257390335477297,24949682
1999-01-19,2.7881805896759033,2.965724012052115,2.7531719228249094,2.9482195724387092,54467001
1999-01-20,2.7881805896759033,2.7881805896759033,2.7881805896759033,2.7881805896759033,0
1999-01-21,2.801934003829956,2.8782024061467877,2.6581487817388187,2.7906812713261764,121785547
1999-01-22,2.7781784534454346,2.868200325899569,2.7594241798519477,2.788180930912748,53391215
1999-01-25,2.7106621265411377,2.775677802090441,2.6794044391057836,2.75817336120611,46547329
1999-01-26,2.7106621265411377,2.7106621265411377,2.7106621265411377,2.7106621265411377,0
1999-01-27,2.919463634490967,2.9282154319729874,2.7006602024054036,2.744420888822516,71832749
1999-01-28,2.833191394805908,2.9744763123835143,2.8156873807200467,2.895706974742289,58380083
1999-01-29,2.8882057666778564,2.898208245827751,2.813187385429525,2.8469458056543893,38913524
1999-02-01,2.8044352531433105,2.943218838375797,2.8044352531433105,2.8381932445876594,43414370
1999-02-02,2.8006839752197266,2.836942688514148,2.7656755184439064,2.8144374340518334,36546439
1999-02-03,2.9232137203216553,2.9257144456782367,2.83194138613504,2.863199072649439,56921360
1999-02-04,2.928215265274048,3.043243555044348,2.906960264042956,2.9257149642259708,105506271
1999-02-05,2.9507200717926025,2.996981252076183,2.913210685264186,2.948219134539556,63441085
1999-02-08,2.8231892585754395,3.0182369230033266,2.8231892585754395,2.9732259888663783,54826784
1999-02-09,2.850696086883545,2.8556973252277054,2.7331673043595095,2.808185454770266,53200637
1999-02-10,2.9444689750671387,2.9707252093750207,2.8506959208573925,2.8782024115845424,53733187
1999-02-11,2.9132118225097656,2.9982324663866637,2.905710069701056,2.963224003444859,63417931
1999-02-12,2.930715799331665,2.950720753468156,2.9082101197401955,2.9194630657238476,26556236
1999-02-15,2.9894797801971436,3.1107593200641537,2.9507203461894127,2.9757263230326942,82969092
1999-02-16,3.130765199661255,3.1382667400873596,2.990730923268054,2.990730923268054,53301269
1999-02-17,3.1420176029205322,3.2470434124003837,3.0757516622144,3.18827879945858,97126184
1999-02-18,3.1382665634155273,3.2132849367154988,3.1032581024759978,3.1507697672160937,59239465
1999-02-19,3.1495189666748047,3.21328416515461,3.1382658098677445,3.1882779759337194,48348914
1999-02-22,3.085754632949829,3.2245386694645912,3.077002197595204,3.1257643400471102,55028048
1999-02-23,3.0757510662078857,3.0945057624275907,3.0282391974347425,3.0882538430613238,42786531
1999-02-24,3.088254451751709,3.135766329889373,3.064498937434599,3.1070091516679375,27734435
1999-02-25,3.120762586593628,3.1870287393471566,3.075751646968719,3.0932556652941177,56615010
1999-02-26,3.1370162963867188,3.174525695288668,3.103258092225991,3.1595221905789153,34372604
1999-03-01,2.9269649982452393,3.0494950313407574,2.9007085474122105,3.013235890445408,59824557
1999-03-02,30.72165870666504,30.72165870666504,30.72165870666504,30.72165870666504,0
1999-03-03,2.9669744968414307,3.0757512750757208,2.950720737165129,2.9944814148150445,58243828
1999-03-04,2.940717935562134,3.0132353549623456,2.9382169980211863,2.9769766452622397,31094485
1999-03-05,2.9494712352752686,3.0132364585142555,2.9282155945265718,2.9294662761308987,34831238
1999-03-08,2.78317928314209,2.9757264151500875,2.715662888724207,2.9632232139655885,40432805
1999-03-09,2.8256900310516357,2.946969367393256,2.74066919387811,2.79068136359014,54060019
1999-03-10,2.9132118225097656,2.9482202854515704,2.8506966494348664,2.8807040854214434,39317835
1999-03-11,2.8644490242004395,3.0207372161711943,2.8606980430309017,2.925713917298685,58461123
1999-03-12,2.850696086883545,2.8969572760972473,2.850696086883545,2.8556973252277054,22879150
1999-03-15,2.7919323444366455,2.868200769063449,2.7769286259174604,2.8506967493548805,19924301
1999-03-16,2.7231650352478027,2.8506963041813878,2.7231650352478027,2.775677935676437,35822421
1999-03-17,2.7606749534606934,2.8944577429831297,2.7419202516031387,2.775678460095677,35456405
1999-03-18,2.775677442550659,2.8231888834372,2.73066651439465,2.776927698915925,24307594
1999-03-19,2.753171682357788,2.8381925106227937,2.7506713820791098,2.8006835465508426,22125744
1999-03-22,2.7269160747528076,2.760674489953312,2.6881564207217044,2.7231650925358966,13475820
1999-03-23,2.6856558322906494,2.7556729560457662,2.6331427240045313,2.713162324349782,27561668
1999-03-24,2.6756529808044434,2.788180295737258,2.6406445300199666,2.7444198384445597,24669158
1999-03-25,2.5131137371063232,2.673152957374586,2.5081124981994494,2.5881321083335806,31505920
1999-03-26,2.4993605613708496,2.5456217531909395,2.4756046248037045,2.515614533811175,24598804
1999-03-29,26.23348617553711,26.23348617553711,26.23348617553711,26.23348617553711,0
1999-03-30,2.4005868434906006,2.475605009794286,2.3280687659490837,2.4505990251516816,38950927
1999-03-31,2.593132972717285,2.593132972717285,2.5431208032475965,2.550622766712333,14669764
1999-04-01,2.5256168842315674,2.6156387502259797,2.50811223135609,2.581880338102247,19826768
1999-04-02,2.5256168842315674,2.5256168842315674,2.5256168842315674,2.5256168842315674,0
1999-04-05,2.3580758571624756,2.4706034087084237,2.3380709024763053,2.379331280798412,15417845
1999-04-06,2.4255924224853516,2.4355948996199617,2.314315342208445,2.338070853745431,16991253
1999-04-07,2.391833543777466,2.4706028766076047,2.3843320059495405,2.4130887504597673,20076888
1999-04-08,2.360576629638672,2.408088079399581,2.3318194536113537,2.4055875662019943,9259114
1999-04-09,2.2818076610565186,2.383082285313091,2.274306120205354,2.3568260428304924,13622173
1999-04-12,2.2580511569976807,2.2930598255417305,2.2017874908788135,2.2505496180162683,11538301
1999-04-13,2.2442984580993652,2.2730552113231357,2.225543758343537,2.2605524321123487,9021016
1999-04-14,2.2442984580993652,2.2442984580993652,2.2442984580993652,2.2442984580993652,0
1999-04-15,2.173030376434326,2.2117898117376487,2.1505251239485847,2.1505251239485847,8292955
1999-04-16,2.34682297706604,2.34682297706604,2.1630280513686695,2.184283473680644,17240287
1999-04-19,2.19303560256958,2.2492997019557968,2.1505256009859637,2.175531584212025,13477013
1999-04-20,2.1905345916748047,2.224292997891094,2.1630276792390757,2.200537066674017,11859719
1999-04-21,2.178032159805298,2.2242937822723268,2.1542766449625907,2.200537842677888,10782063
1999-04-22,2.100513219833374,2.208039330496512,2.0780075374960223,2.183033134774933,9198521
1999-04-23,2.058002471923828,2.1205180641047856,2.0417487110354515,2.109265329720002,12566158
1999-04-26,1.8942127227783203,1.9754823688022434,1.8942127227783203,1.9754823688022434,15774012
1999-04-27,19.881811141967773,19.881811141967773,19.881811141967773,19.881811141967773,0
1999-04-28,1.9504766464233398,1.9504766464233398,1.8667060515930411,1.875458273027085,11380246
1999-04-29,2.0480000972747803,2.0480000972747803,1.9629792532361834,1.9679804918487973,20649032
1999-04-30,2.211790084838867,2.211790084838867,2.026744892711139,2.0605033065476097,43839982
1999-05-03,2.320566415786743,2.368077642606014,2.191784917729842,2.2255431126450107,51548469
1999-05-04,2.456850051879883,2.461851290760306,2.2955607882077502,2.3068135225947395,41618253
1999-05-05,2.3780806064605713,2.4505986735989467,2.3630771027776976,2.4505986735989467,32154472
1999-05-06,2.4968602657318115,2.5368699692515526,2.358076241626675,2.358076241626675,65407850
1999-05-07,2.475604772567749,2.5881321174282026,2.464352250457555,2.52561716181223,43060340
1999-05-10,2.674403190612793,2.674403190612793,2.504361719897172,2.5281172309528426,75973224
1999-05-11,2.8006839752197266,2.819438672502069,2.689406897547597,2.7256656108420185,49816560
1999-05-12,2.6756529808044434,2.8481949344933577,2.5781289539030126,2.8231887465217347,82628189
1999-05-13,2.9653003215789795,2.9834841092257576,2.787355787753794,2.8522991787155574,118862704
1999-05-14,3.1042778491973877,3.14324370394133,2.974391740258734,2.987380505589026,130256380
1999-05-17,3.1731178760528564,3.322486591333087,3.0081625530933236,3.141945322564695,168947463
1999-05-18,3.197795867919922,3.2835208845865593,3.1588302320467836,3.195198467734579,96273107
1999-05-19,3.266634941101074,3.351060681124851,3.1302541527988135,3.200392982603263,131166524
1999-05-20,3.1964969635009766,3.338072809004511,3.1562322977842063,3.2939117121891135,120733699
1999-05-21,2.941920518875122,3.1951987161025817,2.941920518875122,3.1757156760280876,68702551
1999-05-24,2.866586446762085,2.8912645046591257,2.789953549319272,2.8574943332948153,50614334
1999-05-25,3.0003695487976074,3.045829907414317,2.831517765268271,2.857495081531602,95124546
1999-05-26,2.8600914478302,3.0263457705402588,2.818527977464405,3.013357227417843,76059679
1999-05-27,2.678251028060913,2.973092640991914,2.678251028060913,2.8574941189632383,91200029
1999-05-28,2.6366872787475586,2.7717688223285153,2.5145944978656014,2.7146189724478678,95157353
1999-05-31,2.848402500152588,2.848402500152588,2.6834469549312354,2.7379994204801643,66036436
1999-06-01,2.7691714763641357,2.9575062376024706,2.76397601489477,2.81852802938795,97094178
1999-06-02,2.8198280334472656,2.8380118225080637,2.7367008483745323,2.8042416448792213,28783309
1999-06-03,2.8834712505340576,2.931528994397901,2.8081371678916485,2.8315168553270693,68666875
1999-06-04,3.114668369293213,3.114668369293213,2.922436948201599,2.922436948201599,113014811
1999-06-07,3.1458418369293213,3.241957789407272,3.078301040457357,3.1510372997828187,84544103
1999-06-08,3.3900270462036133,3.3900270462036133,3.078300439016663,3.1003813172974746,71034637
1999-06-09,3.178313732147217,3.348464317914155,3.1562328489483904,3.2471533410592057,95345473
1999-06-10,3.105576515197754,3.2601406644161375,3.0692085060432452,3.2107841120812237,53272879
1999-06-11,3.118565082550049,3.214681008825043,3.027645058959058,3.09258777536445,96347308
1999-06-14,3.1913015842437744,3.2679347071911904,2.884770416194963,3.0445304934659196,75597590
1999-06-15,3.3237853050231934,3.4471771298184435,3.2705316590678466,3.2705316590678466,95507981
1999-06-16,3.4653608798980713,3.513418398937175,3.249749573986135,3.374440199831564,153654188
1999-06-17,3.5406947135925293,3.5835569891922754,3.454969721146209,3.503027457519169,121084790
1999-06-18,3.782283067703247,3.819949666098594,3.5783619266846283,3.5783619266846283,182074455
1999-06-21,3.897881507873535,3.987503605545078,3.8238464566950294,3.8238464566950294,123056025
1999-06-22,3.8628122806549072,3.948537280266339,3.7666963586285482,3.948537280266339,85814100
1999-06-23,3.630316734313965,3.857617587693397,3.610833696864331,3.857617587693397,48039109
1999-06-24,3.7043516635894775,3.7277315724714626,3.56147723720779,3.57316675040187,72942447
1999-06-25,3.5939483642578125,3.792674046884269,3.5692698673150227,3.7316275405631303,68406834
1999-06-28,3.6433053016662598,3.714742963339,3.6121327485369217,3.658891688542668,33595669
1999-06-29,3.5926501750946045,3.680972814028988,3.571868325786872,3.613432024402337,36824897
1999-06-30,3.616029739379883,3.63291493825628,3.5004311889464303,3.6277194754771194,53632358
1999-07-01,3.701753616333008,3.748512546213453,3.6342128417841733,3.6342128417841733,77381168
1999-07-02,3.8238465785980225,3.856318379731418,3.7277315298327793,3.7277315298327793,90634529
1999-07-05,4.130377769470215,4.130377769470215,3.8407314132505466,3.8407314132505466,85823451
1999-07-06,4.069331169128418,4.252471137442108,4.039457871305323,4.252471137442108,98220422
1999-07-07,3.987504005432129,4.1160908641268,3.9511355503751755,4.051147698664455,69419373
1999-07-08,3.9913995265960693,4.064135541655016,3.9498358372784654,4.01867564255489,43865595
1999-07-09,4.294034481048584,4.310919233661703,3.9875033712627355,4.000491472793263,174637320
1999-07-12,4.470681667327881,4.5070496947697425,4.2992320168901585,4.312220566601745,115847814
1999-07-13,4.266757965087891,4.530426798030759,4.21090714235096,4.494058789649953,81183822
1999-07-14,4.410931587219238,4.491461350721387,4.188826435596463,4.260263865701032,122116208
1999-07-15,4.083619594573975,4.466783923765973,4.058941532645032,4.466783923765973,130412726
1999-07-16,4.092710971832275,4.169344084475048,3.932950916043813,4.030365874784731,105883027
1999-07-19,3.9004809856414795,4.162850895904286,3.8589172782246592,4.153759000374501,58917192
1999-07-20,3.853720188140869,4.005686924135449,3.8186507716625653,3.8576168389992187,82970713
1999-07-21,3.8706064224243164,3.958928620240539,3.79397329783443,3.844628890128288,36090477
1999-07-22,3.777087926864624,3.9147675620916895,3.753708898992182,3.8887904722361406,38246840
1999-07-23,3.782283067703247,3.842030983556753,3.756305981569387,3.782283067703247,24247144
1999-07-26,3.7095465660095215,3.766696419593168,3.6887649414667454,3.766696419593168,16221033
1999-07-27,3.767995595932007,3.914767107308504,3.677075571376404,3.68876508395464,67982700
1999-07-28,3.6212241649627686,3.8796975368555726,3.5796606952576515,3.8290419547352257,48689158
1999-07-29,3.6251206398010254,3.660190056966211,3.569269599105588,3.5848559822208457,35278508
1999-07-30,3.6069371700286865,3.686168132898535,3.5783624592778374,3.6108338217781073,40532635
1999-08-02,3.479649543762207,3.6095356714458466,3.4601665032667372,3.6095356714458466,18387905
1999-08-03,3.412107229232788,3.501728425486426,3.3809344665697316,3.458866152603973,35005412
1999-08-04,3.595247507095337,3.649799746833534,3.50692487525701,3.5173157990760444,46743233
1999-08-05,3.490039825439453,3.6342135133783615,3.4562692113008744,3.597845499111387,29230241
1999-08-06,3.4640631675720215,3.5056266491512864,3.431591801005486,3.488741670910787,19850510
1999-08-09,3.6783742904663086,3.723834414656243,3.5017292553817145,3.5017292553817145,68683564
1999-08-10,3.565373420715332,3.6562938906262947,3.5484882252584105,3.639408695169373,36061392
1999-08-11,3.7290303707122803,3.766696974219518,3.4445796504537665,3.5069249745089874,84370980
1999-08-12,3.710845947265625,3.8550194050080306,3.6900641001367007,3.7602029445085483,67799265
1999-08-13,3.5835578441619873,3.7589040803778877,3.5718681097891585,3.7589040803778877,42502161
1999-08-16,3.5640740394592285,3.709546282639881,3.525108413684292,3.631614810466589,49537586
1999-08-17,3.5575804710388184,3.5926498941591536,3.509522724052022,3.5588792813631183,57530800
1999-08-18,3.8069608211517334,3.8433288228894025,3.654994102688498,3.688764263945822,102500197
1999-08-19,3.7121448516845703,3.8809968022946766,3.688765164149483,3.805662719331122,91765208
1999-08-20,3.7692954540252686,3.792674925559756,3.643305540343105,3.714743206695803,54339616
1999-08-23,4.07192850112915,4.07192850112915,3.8134553778927804,3.8134553778927804,86448030
1999-08-24,4.178435325622559,4.247275132210246,4.029066641630102,4.110894549818363,98411980
1999-08-25,3.9888017177581787,4.304425141255039,3.8446278427210108,4.260263392507649,46806426
1999-08-26,4.039457321166992,4.142067068237498,3.95892756611269,4.075825327201516,40713008
1999-08-27,4.299229621887207,4.362873744767549,4.061537882587109,4.073227835563591,81832784
1999-08-30,4.468082427978516,4.540818456528368,4.321310898632179,4.39015071667685,114151083
1999-08-31,4.313517093658447,4.468081908540046,4.286240975811512,4.417425882898401,46639074
1999-09-01,4.249873161315918,4.429116481841608,4.13297582319798,4.387552787734381,66550801
1999-09-02,4.0706305503845215,4.195321186163073,4.039457781128161,4.182332201371086,45748024
1999-09-03,4.090113162994385,4.1758381731372145,4.057641802237891,4.062837484707081,38913400
1999-09-06,4.205713272094727,4.270656007776345,4.088815465373783,4.106999696112846,53885756
1999-09-07,4.181034088134766,4.312219010632541,4.158953649841729,4.23168967848026,49163003
1999-09-08,4.023872375488281,4.260264706805415,3.9836072651642183,4.20831052283342,62379014
1999-09-09,4.001789569854736,4.062836507640292,3.9615253569479285,4.051146555831106,34170680
1999-09-10,3.996595621109009,4.073228744818764,3.983607075733648,4.010883197520688,30217434
1999-09-13,3.996595621109009,3.996595621109009,3.996595621109009,3.996595621109009,0
1999-09-14,3.8043630123138428,4.026468129123171,3.7731902482230195,4.026468129123171,47749983
1999-09-15,3.7991673946380615,3.9225589668520486,3.78617885453625,3.8680071866737946,32409152
1999-09-16,3.690063953399658,3.8446283285602045,3.652397132755642,3.8186512413054965,43728147
1999-09-17,3.7082486152648926,3.7277318742437817,3.6407078274632716,3.656294214022909,37888286
1999-09-20,3.6056387424468994,3.7303294054314695,3.5913511649311594,3.7147432380260192,30483745
1999-09-21,3.5536839962005615,3.6497999362018287,3.54199448207697,3.597845535034489,42734897
1999-09-22,3.584857702255249,3.6692834882348095,3.5588803845990937,3.6186283255200165,25832948
1999-09-23,3.5978457927703857,3.6186276429754427,3.558879713324158,3.571868480014064,19689712
1999-09-24,3.7004551887512207,3.77968592930828,3.61732801715129,3.632914403193177,46747400
1999-09-27,3.5679712295532227,3.7394210237437826,3.558879116457494,3.725133448968131,23729787
1999-09-28,3.5627760887145996,3.5835579373057755,3.5004307635645446,3.571868202629107,28563788
1999-09-29,3.731628179550171,3.784881833782145,3.6108339564249863,3.636811268017359,50416151
1999-09-30,3.8017678260803223,3.8913890838120304,3.730330361440617,3.7433193523954653,73368131
1999-10-01,3.68876576423645,3.8394337340507168,3.6485008750900763,3.810859021508813,47095267
1999-10-04,3.654996156692505,3.7485140540714235,3.616030071953263,3.725134579726694,48696229
1999-10-05,3.662787675857544,3.701753746290471,3.6108332829860386,3.6121320931675527,38423418
1999-10-06,3.630316734313965,3.7251336390309717,3.5991441832674,3.6874665950855534,37086861
1999-10-07,3.817352056503296,3.8420305502956253,3.6757762470440873,3.682270297221788,57874410
1999-10-08,4.100502967834473,4.123882870696078,3.7822823955088207,3.8446274793993735,103301854
1999-10-11,4.087515830993652,4.251172100840796,4.0459521377798815,4.209608407627025,59767081
1999-10-12,4.095308303833008,4.195320875980164,4.02646849863744,4.151159125196934,55868711
1999-10-13,3.9823081493377686,4.12518257763716,3.8965831393605987,4.026469023382493,57978854
1999-10-14,4.053745269775391,4.103102269071412,3.988802546354728,4.010882984068367,35309001
1999-10-15,3.7433176040649414,4.058940626540979,3.730328619176647,4.0524463547202805,32186675
1999-10-18,3.7368228435516357,3.803065033027356,3.6108333982087744,3.7303285718133936,50683993
1999-10-19,3.7368228435516357,3.7368228435516357,3.7368228435516357,3.7368228435516357,0
1999-10-20,4.0134806632995605,4.03685968850416,3.8576172594583737,3.8913872076688447,53961595
1999-10-21,3.8589160442352295,4.140769127999175,3.81865138101851,4.052446498605433,80734521
1999-10-22,4.152458190917969,4.168044353901569,3.7147421841403654,3.8186509669403823,163740820
1999-10-25,4.330402374267578,4.455092999370393,4.20311368768067,4.22259694257709,147048756
1999-10-26,4.325207233428955,4.403138939019711,4.2381836352474656,4.312218689371647,73165601
1999-10-27,4.090113162994385,4.468082184933335,4.055044181626755,4.453794168454791,109843665
1999-10-28,3.9836068153381348,4.194022030909333,3.9225603030667893,4.078423719876739,71461710
1999-10-29,3.856318712234497,4.0212740289252205,3.758904182928759,3.9875040764796728,72932402
1999-11-01,3.5536839962005615,3.883594851766593,3.5484885340214802,3.8511230476797293,50466502
1999-11-02,3.838134765625,3.838134765625,3.3848316491921904,3.584856602866478,71422437
1999-11-03,3.595247507095337,3.8563185303988514,3.5393962364121636,3.8563185303988514,48203184
1999-11-04,3.68876576423645,3.71993831831529,3.3913266972250646,3.5848569564756714,59285025
1999-11-05,3.7004551887512207,3.7640997638898597,3.6368110548595154,3.6368110548595154,33658809
1999-11-08,38.84027862548828,38.84027862548828,38.84027862548828,38.84027862548828,0
1999-11-09,3.6770756244659424,3.7147424450492155,3.5926496497773943,3.6887651372129517,28493149
1999-11-10,3.725133180618286,3.784881095945029,3.664086455120988,3.6939604127843597,21556023
1999-11-11,3.6913630962371826,3.7718921967306436,3.6640865376769125,3.736822776971465,15202795
1999-11-12,3.65109920501709,3.714743348922554,3.617328586301138,3.714743348922554,13510017
1999-11-15,3.6069371700286865,3.709547160901175,3.579661269653154,3.682271260525643,14284227
1999-11-16,3.6472017765045166,3.693960711412062,3.5653734197928584,3.587454297594532,24653413
1999-11-17,3.610833168029785,3.7407192563851503,3.6069365169858605,3.6887648651676903,19673825
1999-11-18,3.639409065246582,3.6757773010338006,3.574465897366858,3.617328185193877,21478188
1999-11-19,3.662787675857544,3.735524134750465,3.6459027022509853,3.661489086299468,27822938
1999-11-22,3.6069371700286865,3.6796734191515386,3.588753383527312,3.6796734191515386,22657937
1999-11-23,37.858707427978516,37.858707427978516,37.858707427978516,37.858707427978516,0
1999-11-24,3.896583318710327,3.8965833187103276,3.638109907825811,3.6601907871114174,65760009
1999-11-25,3.997894763946533,4.069331765508753,3.8459279845605407,3.958928685483809,104854156
1999-11-26,3.8095591068267822,3.997894323005038,3.7757891563792443,3.997894323005038,38638718
1999-11-29,3.738121271133423,3.8186505806891793,3.7212360790895764,3.8186505806891793,20895982
1999-11-30,3.6731784343719482,3.7783862462173077,3.6121319317116387,3.7173401848038554,34056547
1999-12-01,3.72383451461792,3.790076707910078,3.6757769892355463,3.7251335455391663,18181154
1999-12-02,3.7537083625793457,3.8420309849630514,3.714742292117416,3.719937532847339,20530482
1999-12-03,3.686167001724243,3.8186504730676867,3.6497987780114003,3.7757881994710907,31227889
1999-12-06,3.7290303707122803,3.765398384484714,3.6783745605049782,3.7095471122208545,21697371
1999-12-07,3.8238465785980225,3.8965830424894263,3.714742544631277,3.7277315298327793,50160082
1999-12-08,3.7666969299316406,4.000492057857416,3.7160413409434025,3.8965832591949376,47796541
1999-12-09,3.7640998363494873,3.823846878478063,3.743317987893583,3.7666970158477984,15465044
1999-12-10,3.7485132217407227,3.818651629201177,3.735524676794002,3.792674539307736,13182775
1999-12-13,3.68097186088562,3.779685178289764,3.6627874165147776,3.7783861475767893,14769542
1999-12-14,3.614729642868042,3.712144369853506,3.5848559079833455,3.6991556072147254,25546422
1999-12-15,3.6926629543304443,3.7913763140254932,3.610834574280302,3.6627889857315656,35440108
1999-12-16,3.6692826747894287,3.7394215272236915,3.652397697835582,3.688765713868222,13299028
1999-12-17,3.6277191638946533,3.688765680838921,3.6134320285701977,3.674478104267505,11392055
1999-12-20,3.6770756244659424,3.712144824577313,3.5874541882101414,3.5874541882101414,18003329
1999-12-21,3.6666855812072754,3.79267505804345,3.6368116148710063,3.75630703896908,27901663
1999-12-22,3.914766550064087,3.960226445559212,3.662787255116817,3.7147418626437863,75539366
1999-12-23,3.8394339084625244,3.9862050123269324,3.8056635113126793,3.9433427209435106,18968223
1999-12-24,3.7563061714172363,3.8446283569856368,3.7303286427235665,3.8446283569856368,14175188
1999-12-27,3.64070725440979,3.766696475576318,3.617327567938599,3.734225117800796,16313330
1999-12-28,3.636809825897217,3.709545828266576,3.5991430148038113,3.6861668086627244,20198092
1999-12-29,3.7147421836853027,3.7926738810874845,3.675776555607644,3.693960338878472,13607907
1999-12-30,3.69785737991333,3.766696751693065,3.669282229978674,3.7381220430053195,6582081
1999-12-31,3.69785737991333,3.69785737991333,3.69785737991333,3.69785737991333,0
2000-01-03,3.9602272510528564,3.979710067370634,3.795271945317895,3.8446285015723136,35678775
2000-01-04,3.917365312576294,3.9745151768995464,3.7160415357868537,3.8991815255739137,27698564
2000-01-05,4.0667338371276855,4.2316891318822085,3.7563060626395206,3.7563060626395206,68399389
2000-01-06,4.37066650390625,4.3927473785995925,4.129078560476704,4.129078560476704,45604218
2000-01-07,4.466782569885254,4.649922079595417,4.320011508962781,4.504449608185237,64862245
2000-01-10,4.734348297119141,4.803188553705618,4.518737840694614,4.518737840694614,82679734
2000-01-11,4.356379985809326,4.67589966853065,4.356379985809326,4.649922580523997,30385036
2000-01-12,4.294034481048584,4.468081660260652,4.134274434143529,4.2862407376365335,41637507
2000-01-13,4.135573387145996,4.416127436034769,4.053745030960332,4.361575639824565,28226963
2000-01-14,4.122584819793701,4.205712206397514,4.052446418281911,4.182332297980015,27459807
2000-01-17,4.333000659942627,4.452495621675474,4.236885166429117,4.28494269256241,59244274
2000-01-18,4.488862991333008,4.571990369758436,4.240780769305914,4.33559765954313,62638289
2000-01-19,4.490161895751953,4.623944409926799,4.442103936607783,4.597967325523182,46612607
2000-01-20,4.236884593963623,4.6499221041957295,4.174539059637911,4.442104097690218,147077200
2000-01-21,4.218699932098389,4.279746876960964,4.1329753738804405,4.226493675454835,49780760
2000-01-24,3.926456928253174,4.257666576433894,3.896583187794222,4.257666576433894,43574830
2000-01-25,3.856318712234497,4.0004921803072335,3.8186516667702635,3.8965833784642427,53971979
2000-01-26,3.856318712234497,3.856318712234497,3.856318712234497,3.856318712234497,0
2000-01-27,3.8524227142333984,3.9875042964553136,3.8316408644689544,3.9329516098884216,26117052
2000-01-28,3.7537083625793457,3.9225598637581185,3.721236563653258,3.844628164081136,35562060
2000-01-31,3.6199257373809814,3.7407197287621634,3.6004427003244768,3.717340702040044,22607247
2000-02-01,3.6497995853424072,3.706949663818399,3.600442589074143,3.6134315742084104,31135985
2000-02-02,3.6640870571136475,3.7731913212108448,3.636811156556953,3.732927096191247,24517675
2000-02-03,3.636809825897217,3.7978684320342153,3.625120095471899,3.6861668086627244,58332652
2000-02-04,3.639409065246582,3.688765625736878,3.6108339125306,3.6861682255444346,29466753
2000-02-07,3.610833168029785,3.65889090820332,3.591350133433593,3.6368104739502307,16559674
2000-02-08,3.665386199951172,3.727731744011615,3.587454490499084,3.597845414509158,47686611
2000-02-09,3.751110792160034,3.903077560242542,3.717340840499745,3.7770878817049955,50720220
2000-02-10,3.6848692893981934,3.779686428520364,3.665386690363685,3.779686428520364,19483033
2000-02-11,3.6420071125030518,3.739421875728877,3.6303173762157135,3.7355252234252636,20478990
2000-02-14,3.497832775115967,3.6497997607702968,3.4302919906578038,3.6108336859883967,18048444
2000-02-15,3.4224984645843506,3.5588788261548316,3.383532615475151,3.467958805731279,32393140
2000-02-16,3.516016960144043,3.5848565541056545,3.493936522987596,3.5277066941894692,14320383
2000-02-17,3.529005527496338,3.5757646875294484,3.4835458397342607,3.5329021793216326,13636351
2000-02-18,3.4601666927337646,3.545891722610248,3.4419826823995296,3.531604144089664,11543128
2000-02-21,3.458867311477661,3.604339811398187,3.4289933487606152,3.4809477499826675,20764020
2000-02-22,3.4095098972320557,3.513418687083999,3.3874294614028617,3.4900394410219313,18055782
2000-02-23,3.344567060470581,3.532901597493185,3.3250840251762157,3.5199132750026734,12973549
2000-02-24,3.348463773727417,3.4601660996668584,3.2536470858705098,3.4108090989185555,13982936
2000-02-25,3.3380722999572754,3.454970068805826,3.3120949934772157,3.353658683845311,12145622
2000-02-28,3.396522283554077,3.422499376129971,3.3017049249086945,3.356257392939154,9731676
2000-02-29,3.13155460357666,3.5290058449330703,3.125059889118997,3.4549709979573087,27910212
2000-03-01,3.006863594055176,3.2952105269079577,2.8821729450180653,3.1951983779787665,61787065
2000-03-02,2.995173692703247,3.248451886336529,2.9380238250431128,3.1692213579045037,80792300
2000-03-03,2.765275001525879,2.922437003974673,2.7561828882185666,2.922437003974673,22578892
2000-03-06,2.671757221221924,2.922437344687759,2.630193742593073,2.828919462616974,26048319
2000-03-07,2.5236871242523193,2.7016309812133903,2.5068017072384756,2.6860448157941703,35483281
2000-03-08,2.367823600769043,2.5821354417971056,2.35093796544888,2.5821354417971056,24216224
2000-03-09,2.4951112270355225,2.5327780396001636,2.363926567415607,2.383409378677656,24864616
2000-03-10,2.3873062133789062,2.519790146670789,2.353536045589524,2.4938130605830424,14866166
2000-03-13,2.3470423221588135,2.465238267958425,2.3145705157193013,2.4236747881378893,18245737
2000-03-14,2.535377025604248,2.535377025604248,2.3184670789393937,2.387306679382256,23870191
2000-03-15,2.739297389984131,2.739297389984131,2.6236990947090377,2.7263090678517243,25957608
2000-03-16,2.832815647125244,2.9068506984223355,2.6120095240888612,2.8055397497711425,58069085
2000-03-17,2.832815647125244,2.832815647125244,2.832815647125244,2.832815647125244,0
2000-03-20,2.832815647125244,2.832815647125244,2.832815647125244,2.832815647125244,0
2000-03-21,2.818527936935425,2.9016550970951287,2.678250923110749,2.850999735521416,42703692
2000-03-22,2.84580397605896,2.9458163198057834,2.7535847131323328,2.8289185631389433,25784235
2000-03-23,2.708124876022339,2.8782758471756846,2.6834463797394355,2.8146317221536545,15495786
2000-03-24,2.749688148498535,2.7691711820941265,2.704228030940049,2.7276077153794422,12228211
2000-03-27,2.7016308307647705,2.7769646948406908,2.675653742763707,2.7769646948406908,8343200
2000-03-28,2.7626781463623047,2.7795631247653994,2.6496769953780115,2.714619949759955,21743395
2000-03-29,2.7237114906311035,2.843206669175052,2.697734181980917,2.7821601593147047,20322680
2000-03-30,2.8198280334472656,2.8964605038588513,2.6262973178400952,2.706826881796572,45309089
2000-03-31,2.9912779331207275,3.013358376600115,2.7341032692300713,2.7873562722159946,65205142
2000-04-03,3.186105966567993,3.231566090187055,3.032840400634485,3.032840400634485,61243775
2000-04-04,2.9653003215789795,3.156232518728485,2.9315294847057407,3.156232518728485,59219000
2000-04-05,3.071805953979492,3.0912889896790783,2.8367122597348455,2.9614028939677985,60574793
2000-04-06,3.097348928451538,3.3043762657291733,3.011311394786855,3.1968295199090986,31219358
2000-04-07,3.313786268234253,3.331262629263019,3.1000368592369782,3.1134806003090194,79389040
2000-04-10,3.242536783218384,3.3823476720314525,3.2008621904510695,3.3339514370477676,58570946
2000-04-11,3.14977765083313,3.2116169425412346,3.098692849773802,3.1591876303465902,23816562
2000-04-12,3.137678384780884,3.216994265210973,3.108103250400727,3.1726313352930613,14477779
2000-04-13,3.016688823699951,3.0946599764323324,2.965603787166388,3.0946599764323324,30391448
2000-04-14,3.016688823699951,3.016688823699951,3.016688823699951,3.016688823699951,0
2000-04-17,3.075839042663574,3.253291216081509,2.798905835494396,2.9575375937182846,99882369
2000-04-18,3.1188573837280273,3.19951753769247,3.0650840238676156,3.0906265353533575,28366121
2000-04-19,3.11751389503479,3.2398479740982133,3.05970722013696,3.1995181181470254,42194101
2000-04-20,3.121546983718872,3.1457452206077416,3.0180333058870605,3.118858417591068,21940954
2000-04-21,3.121546983718872,3.121546983718872,3.121546983718872,3.121546983718872,0
2000-04-24,3.0099663734436035,3.159187224023393,2.9736693727597117,3.132300658337984,24270547
2000-04-25,2.936028480529785,2.9844244916517875,2.8634342354990836,2.9602262577430882,37584804
2000-04-26,3.1054153442382812,3.1228921682970054,2.9656044053326256,3.0220668138839017,38422029
2000-04-27,2.9938344955444336,3.0919707790051736,2.957537266874514,3.0919707790051736,18435407
2000-04-28,2.9064528942108154,3.0785279560757677,2.890320814345783,3.0247543565256585,15938337
2000-05-01,2.9064528942108154,2.9064528942108154,2.9064528942108154,2.9064528942108154,0
2000-05-02,2.7424442768096924,2.93065119444755,2.7222791194355196,2.906452959929002,23714398
2000-05-03,2.7706751823425293,2.7962177002594566,2.6348975800604735,2.76933112773348,12494290
2000-05-04,2.8338592052459717,2.903764658769319,2.7558873689851735,2.7948736296371326,11412449
2000-05-05,2.880910634994507,2.9293068712459704,2.7921843160406654,2.824448473541641,19326278
2000-05-08,2.855368137359619,2.984424311457925,2.8325146444245113,2.890320632344713,15260859
2000-05-09,2.812349557876587,2.855368207517112,2.7464771863917448,2.8257926147263692,13254215
2000-05-10,2.8015942573547363,2.883598691078196,2.789495485864337,2.883598691078196,6007373
2000-05-11,2.759920358657837,2.806972083271401,2.742443997277151,2.745132562867558,4012930
2000-05-12,2.695392608642578,2.794873658146131,2.661784164487138,2.7814299151276205,8273790
2000-05-15,2.739755630493164,2.7491660682221264,2.63489767420837,2.648340732603986,7898298
2000-05-16,2.74782133102417,2.782773825109919,2.729000458677187,2.729000458677187,9186730
2000-05-17,2.825791597366333,2.911829094019289,2.7935276788387293,2.7935276788387293,25284351
2000-05-18,2.996523380279541,3.1054144011558362,2.864778865958893,2.864778865958893,66590413
2000-05-19,3.0516414642333984,3.1054148408619318,2.9871133666096146,3.024754661745271,30067840
2000-05-22,3.075839042663574,3.2196830055954653,3.0086221649961407,3.038197755580136,49971427
2000-05-23,3.104069709777832,3.1323007875905704,3.026098574733652,3.0704615012842473,23403774
2000-05-24,3.179353713989258,3.2519482025882778,3.0516417882202402,3.0852504661593585,57811377
2000-05-25,3.077183723449707,3.2465702222784807,3.0422312256926216,3.172631692949829,50130747
2000-05-26,3.0623955726623535,3.129612451263522,3.026098796172283,3.067772932084354,34629937
2000-05-29,3.1188573837280273,3.1968287441082417,3.061050947665098,3.089281796039768,37559655
2000-05-30,3.133645534515381,3.169942080089287,3.091970944857018,3.118857511716744,34484493
2000-05-31,3.285555601119995,3.358149386498099,3.148433042382224,3.2062397164809058,93213530
2000-06-01,3.206239700317383,3.352772009873843,3.1901076212326367,3.3339515934631705,40742449
2000-06-02,3.592064380645752,3.592064380645752,3.223716224479284,3.223716224479284,133243912
2000-06-05,3.503338098526001,3.8044698254794063,3.454942083073013,3.6297059542762096,80119934
2000-06-06,3.601475715637207,3.6539048174925797,3.4710747601018253,3.522159578707825,37786443
2000-06-07,3.511403799057007,3.655247762781486,3.495271720926213,3.6431487612703095,27033571
2000-06-08,3.579965591430664,3.6028190873798493,3.508715395855591,3.5221589108434643,28976790
2000-06-09,3.5665221214294434,3.7049887519518747,3.5490457572377108,3.575932559204883,53137390
2000-06-12,3.4724180698394775,3.610884905293268,3.454941480255523,3.5960971096251826,31889854
2000-06-13,3.3810031414031982,3.4683847121579228,3.324540757220871,3.457629994061066,58838645
2000-06-14,3.449563980102539,3.5490450123271002,3.4293992824680424,3.481828135691208,38798875
2000-06-15,3.418645143508911,3.460319285267629,3.401168551674785,3.4549419250912154,11367725
2000-06-16,3.5046825408935547,3.5342576781853983,3.40789028985197,3.4535975070420273,35868320
2000-06-19,3.4670422077178955,3.5221596488214484,3.4414996837325567,3.5221596488214484,17702251
2000-06-20,3.424022674560547,3.4952724150191004,3.401168721409485,3.469729895819513,16517462
2000-06-21,3.3191635608673096,3.4509087498377036,3.309753124984375,3.4509087498377036,15037259
2000-06-22,3.354116678237915,3.3863808357228224,3.243880921004991,3.3299184459503937,20897050
2000-06-23,3.3164756298065186,3.428054992888872,3.3016878328009374,3.3594942812221835,22703961
2000-06-26,3.2748005390167236,3.3339512614220563,3.254635385082195,3.3339512614220563,10697176
2000-06-27,3.251946449279785,3.344705363917905,3.2385027113351232,3.2936203471358283,26534524
2000-06-28,3.278834104537964,3.29093310736428,3.2317823761361346,3.2532915876341972,6728862
2000-06-29,3.2627012729644775,3.320507247230268,3.2532906104240698,3.2895878363479047,10810650
2000-06-30,3.1847305297851562,3.3016879417400347,3.169942732291652,3.2411929255113967,16049103
2000-07-03,3.3984808921813965,3.4656975697926073,3.1995191976314254,3.2237169823576033,56295961
2000-07-04,3.449563980102539,3.5033373444026514,3.4011679750672053,3.4146114874029854,29639609
2000-07-05,3.418645143508911,3.515437398336652,3.401168551674785,3.4656966454440434,24021460
2000-07-06,3.438809394836426,3.473762345585843,3.3339514559788883,3.448219831001386,16716358
2000-07-07,3.6283607482910156,3.6754126971042074,3.468384716030079,3.4804837168156353,81293787
2000-07-10,3.609541654586792,3.6807918683988445,3.5786222244090147,3.6297068180561567,42544070
2000-07-11,3.7412853240966797,3.786992539552986,3.565177419844084,3.5947530127094742,67416043
2000-07-12,3.780271053314209,3.8905065838169826,3.739941198387822,3.883784484633879,77912702
2000-07-13,3.7856481075286865,3.883784171270521,3.735907820124163,3.831355546774574,53997609
2000-07-14,3.711709976196289,3.828667387480117,3.6915452753660483,3.791025866661163,32470671
2000-07-17,3.870342493057251,3.8985731235914898,3.7264982623237275,3.7264982623237275,68707146
2000-07-18,3.7748944759368896,3.917394422276362,3.7506966949750926,3.8770641022968335,49220817
2000-07-19,3.6216392517089844,3.817911825122372,3.589375098123587,3.803124030975484,45092097
2000-07-20,3.6606252193450928,3.81656796037323,3.629705345019922,3.6767570695565,95628972
2000-07-21,3.3823482990264893,3.709021861071256,3.350084136389804,3.6807910041988054,90100127
2000-07-24,3.1323018074035645,3.2963109686494967,3.1121371040898604,3.2586694431946532,35581830
2000-07-25,3.2264046669006348,3.2788337495882005,2.957537611325582,3.0946594762812545,51791554
2000-07-26,3.1309568881988525,3.307065018332412,3.112136471816657,3.2801782198985174,31763289
2000-07-27,3.168597459793091,3.186073817728823,3.0879375394607886,3.116168385985895,30231398
2000-07-28,3.178008556365967,3.2801779245190597,3.129612323543028,3.134989682745577,38571553
2000-07-31,3.171287775039673,3.211617637481573,3.1336464787548084,3.199518633079457,15758730
2000-08-01,3.1739754676818848,3.2506025561020384,3.1591876717808884,3.1833861323618087,33231060
2000-08-02,3.1699421405792236,3.2210271666219086,3.140367007808226,3.210272448333729,27424951
2000-08-03,3.0906264781951904,3.183385630704043,3.04760783677198,3.1726309132613286,35928860
2000-08-04,3.0583627223968506,3.145744292641892,3.0381975689959497,3.0986925725033347,25928237
2000-08-07,2.907797336578369,3.070461716460177,2.86612274410001,3.062395563178318,28735718
2000-08-08,2.9548490047454834,3.0301318182975505,2.8809109308358263,2.927962432414699,31845006
2000-08-09,3.0139994621276855,3.058362847087918,2.9790469696132327,2.996523101696625,12078438
2000-08-10,2.9615702629089355,3.032819979024664,2.950815545693799,3.011310544594391,11791449
2000-08-11,2.8822553157806396,2.984424705279082,2.8419249991618334,2.962915492322823,22917070
2000-08-14,2.840580940246582,2.9037649861482064,2.796217999492209,2.9037649861482064,30693363
2000-08-15,2.840580940246582,2.840580940246582,2.840580940246582,2.840580940246582,0
2000-08-16,2.8943533897399902,2.941405106218294,2.8499902383872397,2.8862874660156908,23865881
2000-08-17,2.878221035003662,2.9494705157497885,2.867466318848452,2.89704190244909,25003774
2000-08-18,2.863434076309204,2.9010753654564194,2.8378920176175426,2.9010753654564194,14384984
2000-08-21,2.891665458679199,2.9252736718561962,2.859401528359744,2.8768776622031678,16017257
2000-08-22,2.997868299484253,3.0234108207401653,2.878222533738294,2.905109109778954,33396328
2000-08-23,3.0220658779144287,3.0865939660128703,2.997867645073286,3.038197957025961,28791894
2000-08-24,2.968292474746704,3.0220658428128746,2.933339522903855,3.0220658428128746,14599749
2000-08-25,2.9615702629089355,2.9965227513366677,2.938716317566039,2.9467824696512124,13633661
2000-08-28,2.976358652114868,3.0086228151710874,2.958882515894069,2.9709812916054985,15927899
2000-08-29,2.952160596847534,2.993835193992992,2.9454389539250188,2.968292676870192,15673041
2000-08-30,2.9615702629089355,2.995178468771686,2.9521598282587806,2.9790466212966225,9660556
2000-08-31,2.930650472640991,2.9696360381597287,2.91720696158672,2.9575372664018857,8468429
2000-09-01,2.930650472640991,2.930650472640991,2.930650472640991,2.930650472640991,0
2000-09-04,2.9817357063293457,3.022066020180602,2.9440944149781307,2.9508162861851397,17195474
2000-09-05,2.9911458492279053,3.0247540602198297,2.9750137709431757,2.996523208656148,14286507
2000-09-06,3.0395426750183105,3.075839918029496,2.9844250114568975,3.0005570940898982,31863921
2000-09-07,3.040886402130127,3.1040702096288624,3.031476421923349,3.0516411219189794,22273647
2000-09-08,2.9992129802703857,3.0435759212032503,2.992490879697075,3.0381985604314283,10419662
2000-09-11,2.9871129989624023,3.061051525443772,2.9709809194550263,3.024754289465253,12176061
2000-09-12,2.936028480529785,2.9844244916517875,2.9212406836048967,2.9817356975074,18255961
2000-09-13,2.90242075920105,2.9521610616679403,2.8983876814734484,2.9373732622318935,8002973
2000-09-14,2.864778995513916,2.921240704428466,2.8526795359517703,2.893009849971191,6702751
2000-09-15,2.8217597007751465,2.9010751208529486,2.802938829440731,2.8956977616642106,10414194
2000-09-18,2.734377861022949,2.7935285878610476,2.7155574450762696,2.769330812352024,7810401
2000-09-19,2.6214537620544434,2.7558873058788533,2.6106992703605596,2.715557676592163,21732797
2000-09-20,2.671194076538086,2.7155572323655157,2.617420713474422,2.6564062818130547,21436689
2000-09-21,2.687326192855835,2.742443839415598,2.6617836794788547,2.7088356297316776,11950324
2000-09-22,2.5690248012542725,2.669849660793421,2.554237006001385,2.669849660793421,14195190
2000-09-25,2.5851566791534424,2.739754891709281,2.562302504148419,2.6147318106746558,10015494
2000-09-26,2.5730574131011963,2.6268307779162043,2.5502039214416468,2.6268307779162043,15367582
2000-09-27,2.570369243621826,2.5945670196018713,2.5354162916123757,2.5811239629558593,5922361
2000-09-28,2.539449691772461,2.5945673499423565,2.5340723314207985,2.567680548184044,6452595
2000-09-29,2.5354158878326416,2.5676798123488367,2.5206285507117667,2.560958399270098,6208762
2000-10-02,2.5354158878326416,2.5354158878326416,2.5354158878326416,2.5354158878326416,0
2000-10-03,2.5717132091522217,2.6039773660383516,2.513906765991998,2.5152515054706908,13425005
2000-10-04,2.644307851791382,2.6994255046947644,2.554237245768104,2.581124044957372,17557964
2000-10-05,2.614732027053833,2.6967362435397946,2.6080103849384377,2.651029031485572,8710605
2000-10-06,2.603977680206299,2.6335532750940303,2.5851572622735715,2.589189882762433,4857671
2000-10-09,2.5797793865203857,2.608010236124651,2.5703689510871905,2.5838120062032433,3693614
2000-10-10,2.4802980422973633,2.6080099039808404,2.466854760545723,2.560958189502468,13515325
2000-10-11,2.3673739433288574,2.484331326424175,2.3525861494842824,2.4534114561166955,13084263
2000-10-12,2.3404877185821533,2.3902280094887356,2.3256999225829875,2.3418320013963454,10530999
2000-10-13,2.4130823612213135,2.4789547419192326,2.286714731978371,2.3122572514432376,30175953
2000-10-16,2.406360149383545,2.5273504010333396,2.3700633707406027,2.465510878186283,19118958
2000-10-17,2.3767852783203125,2.4507238117410695,2.3391437559369814,2.372751972630312,15623242
2000-10-18,2.4278693199157715,2.446690421219889,2.3727516689156536,2.392916824698206,14787638
2000-10-19,2.6106998920440674,2.6711951495967368,2.4480352264622383,2.45744566582645,50289105
2000-10-20,2.7505102157592773,2.82041567454154,2.6752276247762783,2.681949496722647,57930764
2000-10-23,2.58784556388855,2.7531989859756094,2.577090843778271,2.718246031443351,23092740
2000-10-24,2.5690248012542725,2.6214534267957026,2.548859646668305,2.5797795199204323,16584449
2000-10-25,2.6375861167907715,2.6752276408562463,2.569025397342043,2.5811244015618717,30962594
2000-10-26,2.683293104171753,2.702113518831164,2.6281754578622403,2.634897099768506,13915200
2000-10-27,2.671194076538086,2.742443799723516,2.6564062818130547,2.6886704366598515,12016420
2000-10-30,2.574402093887329,2.6685053089089315,2.5609585817291003,2.6685053089089315,11103321
2000-10-31,2.5972559452056885,2.6106992308805244,2.558270371079125,2.574402450897547,13731070
2000-11-01,2.6806042194366455,2.6967362978470684,2.6012887952081805,2.6416186487127207,30632235
2000-11-02,2.7814300060272217,2.8083168078998004,2.6859820306403557,2.6859820306403557,53442635
2000-11-03,2.840580940246582,2.8903212417511415,2.7894965839891412,2.817727442492955,55603611
2000-11-06,2.8378920555114746,2.899731121352468,2.824448542052801,2.868811474258127,39876549
2000-11-07,2.8325154781341553,2.8715010613933107,2.796218232952948,2.8150386546283497,28902927
2000-11-08,2.8661229610443115,2.926617973498898,2.8231043108930156,2.832514747651593,41546314
2000-11-09,2.8459575176239014,2.8755331077828723,2.823104026160883,2.8499905941633377,15285776
2000-11-10,2.738410472869873,2.854023569658287,2.729000038146501,2.8473014717381533,22436422
2000-11-13,2.7908401489257812,2.8204152853395197,2.649685196137414,2.6994254889121283,27703213
2000-11-14,2.901075601577759,2.9225850418969475,2.7921845737441995,2.8069723710505676,35313329
2000-11-15,2.9172074794769287,3.0086223661451554,2.8970427801848135,2.952160431745093,51650223
2000-11-16,2.879566192626953,2.993835029419055,2.8674671903619786,2.9481273576936013,37045059
2000-11-17,2.90242075920105,2.9239302026179415,2.8392369404247337,2.8647794615692264,16549219
2000-11-20,2.9252734184265137,2.9440940618446523,2.8862878488491552,2.906452546660703,18561135
2000-11-21,2.931995391845703,2.9844244798022714,2.8930098178623016,2.8930098178623016,36319260
2000-11-22,2.9817357063293457,3.0408864375085107,2.9414058491734867,2.964259571903759,63253019
2000-11-23,3.000556468963623,3.027443267750448,2.936028380222933,2.9615708961573395,33970947
2000-11-24,3.116168975830078,3.128268434282823,3.013999602284622,3.019376733423302,85242562
2000-11-27,3.2210280895233154,3.2385042263143573,3.12423582554407,3.143056473767117,75651201
2000-11-28,3.257324695587158,3.298998604805957,3.2075839476982484,3.226404820596254,53816133
2000-11-29,3.1954848766326904,3.30168755588024,3.1430557925792217,3.239847807233207,63294269
2000-11-30,3.30975341796875,3.358149427713251,3.1726315425911245,3.2116171156196653,115983125
2000-12-01,3.294965982437134,3.3796587686818844,3.2613573134776064,3.286899828815588,85375610
2000-12-04,3.3621826171875,3.4119229080789126,3.3097533039731557,3.3285741767568418,65968576
2000-12-05,3.4132678508758545,3.448220350192639,3.3823482005104033,3.3823482005104033,47397681
2000-12-06,3.387725830078125,3.4804850231478506,3.3608392530622746,3.4683860178211687,72361362
2000-12-07,3.48317289352417,3.489894535994402,3.3608383611924273,3.3608383611924273,93875263
2000-12-08,3.5167815685272217,3.5732437343952372,3.481828614327454,3.4872057459837404,84689120
2000-12-11,3.4603185653686523,3.5597995937620097,3.438809129137909,3.534257081151087,43335111
2000-12-12,3.399824619293213,3.46569700281213,3.3769711216215326,3.46569700281213,40906524
2000-12-13,3.442842721939087,3.468385238381347,3.391758374097651,3.4267108706939378,46451381
2000-12-14,3.426711082458496,3.5181257491051507,3.4146120791030903,3.428055137073008,45367028
2000-12-15,3.31109881401062,3.438810277993438,3.294966731448073,3.4025137201839835,43262460
2000-12-18,3.332608222961426,3.3581500587983615,3.1591883942944916,3.1591883942944916,27633286
2000-12-19,3.407890796661377,3.473763180607434,3.352772677551401,3.352772677551401,64747274
2000-12-20,3.3769710063934326,3.4226780001771915,3.33798519951157,3.3890697821904725,20058953
2000-12-21,3.3621826171875,3.4078900596375656,3.2949659646738674,3.3473948211928444,20787049
2000-12-22,3.280179023742676,3.4414993971840135,3.260013862888637,3.3850369924622536,31475890
2000-12-25,3.280179023742676,3.280179023742676,3.280179023742676,3.280179023742676,0
2000-12-26,3.2411928176879883,3.3500838432771047,3.227749303591739,3.293621449429175,24120347
2000-12-27,3.280179023742676,3.3312636107643887,3.1995188370220067,3.2532922187198716,20257225
2000-12-28,3.325885057449341,3.358148983562532,3.2922768486538625,3.2922768486538625,16323571
2000-12-29,3.4979605674743652,3.51409264795435,3.342017807877634,3.344706602131485,69317049
2001-01-01,3.5530776977539062,3.6270162082449957,3.495271263281396,3.5140916761149392,51890601
2001-01-02,3.618950366973877,3.6350824443783987,3.551733948657529,3.562488438579546,43690227
2001-01-03,3.6579363346099854,3.71574300870729,3.5920639634513694,3.643148994983226,71681783
2001-01-04,3.616262435913086,3.734563893465542,3.573243558004782,3.7076770947728526,72563820
2001-01-05,3.5772764682769775,3.667347079940431,3.5571119955784947,3.6418045620242436,43043313
2001-01-08,3.4683847427368164,3.5960968500022124,3.446875534701128,3.55173392289613,42258969
2001-01-09,3.41461181640625,3.5019936274436843,3.4025130423293497,3.4509090520277157,38595811
2001-01-10,3.41461181640625,3.5194697613034798,3.390413583209375,3.4388095929077416,45969931
2001-01-11,3.4092342853546143,3.4482198563874835,3.3877248473035966,3.4414984424311403,22998431
2001-01-12,3.440154552459717,3.4993052855065616,3.3621829447952987,3.4280550925659825,45433321
2001-01-15,3.563832998275757,3.586686719288222,3.450908904362391,3.4630076779215813,65604181
2001-01-16,3.535602331161499,3.6001304208256877,3.51678145756752,3.5880309615899963,42945067
2001-01-17,3.3514277935028076,3.528879969820592,3.3272300185660297,3.4952717587853366,70627548
2001-01-18,3.43343186378479,3.454941300602565,3.3178194401060845,3.3836915765782694,59448566
2001-01-19,3.422677993774414,3.4872060918750156,3.403857574415238,3.4441874359238556,45258595
2001-01-22,3.481828451156616,3.5060266842143943,3.4226774938847804,3.4414985955382633,41636082
2001-01-23,3.515436887741089,3.5745876127426546,3.5033374294930404,3.5167811705030165,49045450
2001-01-24,3.5530776977539062,3.5813087736995093,3.4979596000963595,3.5624881325183217,55701679
2001-01-25,3.5087156295776367,3.570555391615231,3.4777962052542986,3.523503428545026,34720720
2001-01-26,3.5087156295776367,3.5087156295776367,3.5087156295776367,3.5087156295776367,0
2001-01-29,3.4482200145721436,3.5167814085918874,3.336640199172284,3.496616252407076,28038167
2001-01-30,3.6377711296081543,3.6539032065314703,3.441498097910283,3.441498097910283,66914235
2001-01-31,3.69288969039917,3.780271509991238,3.632394672353782,3.6565924512242236,118599154
2001-02-01,3.679445266723633,3.746662139815637,3.575931620116479,3.659280570152283,79373135
2001-02-02,3.8340446949005127,3.851521057953613,3.656592270174115,3.659281292717211,110114588
2001-02-05,4.007463455200195,4.06661418202813,3.8327002970186235,3.855553789720055,151982659
2001-02-06,4.1042561531066895,4.136520315840412,3.960412617222794,4.023595974620104,130730474
2001-02-07,4.08140230178833,4.129798313333888,4.003431152829554,4.129798313333888,80375344
2001-02-08,4.265575885772705,4.288429835624991,4.089468212930102,4.092156778590555,145070984
2001-02-09,4.378499984741211,4.42420742539406,4.297839822218263,4.297839822218263,117667282
2001-02-12,4.242722988128662,4.395977189325266,4.211802880259666,4.37984533640289,72908001
2001-02-13,4.256166458129883,4.346236383127767,4.182227471626633,4.248099847144046,85685789
2001-02-14,4.265575885772705,4.32607158165283,4.1808830989485,4.248099523936698,78834530
2001-02-15,4.262887954711914,4.328760335023739,4.236001380714134,4.29918519496527,59968951
2001-02-16,4.127109050750732,4.274985609878585,4.116354333780217,4.261542327839259,52107468
2001-02-19,4.174161434173584,4.27498699553989,4.116355668023988,4.15265199326065,52507379
2001-02-20,4.2158355712890625,4.27364178467181,4.186260437396482,4.186260437396482,69215170
2001-02-21,4.2897748947143555,4.348925630276222,4.2373453458144,4.264232375939199,115409467
2001-02-22,4.175505638122559,4.285740931760417,4.145930048105375,4.274986213271926,56571997
2001-02-23,4.086780071258545,4.308595210122879,4.059893041778459,4.2346571349650475,112026299
2001-02-26,4.148618698120117,4.202392291658705,3.967133447883486,4.113665976493872,103699823
2001-02-27,4.242722988128662,4.285741871515581,4.059893190429691,4.187605329223819,111777034
2001-02-28,4.15399694442749,4.340858898601457,4.100223342363233,4.273642466890408,92215988
2001-03-01,4.382533073425293,4.4873912393239905,4.090812524466156,4.090812524466156,137195609
2001-03-02,4.223901748657227,4.555952148950681,4.183571439142468,4.463193213448828,90746097
2001-03-05,4.002086162567139,4.299184295874833,3.968477495403069,4.2601984977139065,77691115
2001-03-06,4.002086162567139,4.002086162567139,4.002086162567139,4.002086162567139,0
2001-03-07,4.011496067047119,4.152650997045314,3.9026052906781983,4.0733358090103895,35681643
2001-03-08,4.058548450469971,4.140552669297454,3.959067413609016,3.981921362810202,35120791
2001-03-09,3.8179125785827637,4.008808287433597,3.734564069574231,4.008808287433597,30159317
2001-03-12,3.547701597213745,3.9456249100363174,3.457630978762046,3.739941838334875,34290727
2001-03-13,2.9857685565948486,3.458974598432693,2.9803911970463073,3.458974598432693,60086593
2001-03-14,3.34605073928833,3.4011683930920227,2.9306511122019456,2.9306511122019456,35824701
2001-03-15,3.5718986988067627,3.6149175752739784,3.227749057155128,3.227749057155128,38348078
2001-03-16,3.3769710063934326,3.6767577722603977,3.2264053677611266,3.5503901419176183,32203862
2001-03-19,3.583998441696167,3.624328299061531,3.2532916018404228,3.2532916018404228,27478616
2001-03-20,3.5450119972229004,3.710365397871806,3.4898943492383805,3.627016670344904,20490478
2001-03-21,3.687511444091797,3.7318743705501003,3.497959824165896,3.503337183183214,23845095
2001-03-22,3.6216392517089844,3.7238086147007667,3.5759315866225103,3.683478308545192,16868963
2001-03-23,3.582653760910034,3.6565922906558277,3.4562865984066753,3.6565922906558277,28174350
2001-03-26,3.585343360900879,3.6243289422757576,3.4979610743772795,3.5221593127777697,10591984
2001-03-27,3.5046825408935547,3.602818846492033,3.4925830813614205,3.5866869949415183,9133118
2001-03-28,3.5382912158966064,3.6001309777311876,3.5100603578339835,3.534258138310062,10390844
2001-03-29,3.442842721939087,3.558455844847289,3.4011683542516775,3.522158608676466,15712065
2001-03-30,3.2895894050598145,3.5302252211539322,3.257325467944419,3.4482207527031394,18153137
2001-04-02,3.112136125564575,3.2573243642587855,3.09197097189578,3.2573243642587855,13908165
2001-04-03,3.2048957347869873,3.223716153061009,3.1054146847555977,3.1054146847555977,22583647
2001-04-04,3.2048957347869873,3.223716153061009,3.1054146847555977,3.212961660954098,14357270
2001-04-05,3.2048957347869873,3.2048957347869873,3.2048957347869873,3.2048957347869873,0
2001-04-06,3.3191635608673096,3.3904132863168446,3.2250603437763234,3.2250603437763234,24324408
2001-04-09,3.405200719833374,3.4388089265291972,3.3003427952557005,3.3003427952557005,13091601
2001-04-10,3.3473947048187256,3.4683849491541885,3.3245409843882157,3.4132673005761602,13609438
2001-04-11,3.282866954803467,3.411923374568305,3.246570400478027,3.399824370894682,14346601
2001-04-12,3.0919716358184814,3.229093522801904,3.040886599334669,3.229093522801904,27031149
2001-04-13,3.0919716358184814,3.0919716358184814,3.0919716358184814,3.0919716358184814,0
2001-04-16,3.2411928176879883,3.290933111966244,3.066428961218338,3.066428961218338,20138924
2001-04-17,3.40116810798645,3.4280546770134115,3.242536802692952,3.2559798588587543,21167671
2001-04-18,3.5584564208984375,3.672724822730136,3.4025136446329856,3.4414992245254825,32500095
2001-04-19,3.715743064880371,3.815224107065517,3.545012290737589,3.5718988614058405,53914414
2001-04-20,3.601475715637207,3.7359092925729507,3.5369476078419604,3.7345650093235774,18722823
2001-04-23,3.640460252761841,3.7480069920350596,3.5772762180433637,3.6270169674396113,16943288
2001-04-24,3.6337385177612305,3.695577811350197,3.579965149491094,3.6028186426190607,17622137
2001-04-25,3.928148031234741,3.9523460365038603,3.643149099533833,3.6807906186673365,60106345
2001-04-26,3.7816154956817627,4.014186039385322,3.72380950136662,3.952346282781658,41946047
2001-04-27,3.5046825408935547,3.73321931188694,3.401168418633606,3.73321931188694,44257954
2001-04-30,3.612229585647583,3.6297059499121187,3.4979607338980103,3.5221589699431286,18116750
2001-05-01,3.612229585647583,3.612229585647583,3.612229585647583,3.612229585647583,0
2001-05-02,3.711709976196289,3.813879590071459,3.6552482658371215,3.667347040665725,38392855
2001-05-03,3.597440481185913,3.737251344536851,3.581308634143601,3.6834779882513295,19094379
2001-05-04,3.6781017780303955,3.7372525112451114,3.5759323920270796,3.5813097521691177,31540615
2001-05-07,3.6942343711853027,3.796403771368876,3.6781022885201895,3.7224652304145778,24380495
2001-05-08,3.6713805198669434,3.729186972598444,3.660625799124192,3.6969228103701903,17220588
2001-05-09,3.655247926712036,3.7641389451961698,3.6323942054220537,3.696922292491509,25754597
2001-05-10,3.647181749343872,3.683478985888947,3.6028188154407546,3.6310498979323915,11783524
2001-05-11,3.575932264328003,3.683479006632787,3.5624889786268295,3.656592206882742,18736110
2001-05-14,3.4522531032562256,3.5893754259982416,3.434776742221322,3.5638329116563514,17966371
2001-05-15,3.4119229316711426,3.4414985238649582,3.188763305828241,3.4146117256649826,26831470
2001-05-16,3.6606252193450928,3.680790374630872,3.4482198608386296,3.4482198608386296,66294126
2001-05-17,3.7264976501464844,3.8313560547800565,3.6713802245556733,3.6807906615355717,67466537
2001-05-18,3.8071579933166504,3.844799514593419,3.7130547609939994,3.7627950572465227,48544550
2001-05-21,3.877063274383545,3.951001797977527,3.8447991166287467,3.863619989492888,80907020
2001-05-22,3.8689966201782227,3.920081187492181,3.8206008465031154,3.859586413311383,49737337
2001-05-23,3.796402931213379,3.840766091637803,3.766827795394013,3.815224032679118,29302304
2001-05-24,3.9441335201263428,3.997093438185897,3.921834457745187,3.956676446802668,32920471
2001-05-25,3.9106853008270264,3.9817631546911656,3.9023230332685515,3.949708663728782,18752692
2001-05-28,4.0402984619140625,4.066778662707215,3.927409969797037,3.927409969797037,57941860
2001-05-29,4.0486602783203125,4.108589079361087,4.031936214997382,4.063990945885256,40317692
2001-05-30,3.994307041168213,4.094652370213761,3.969220472176315,4.055629239302828,36952353
2001-05-31,3.9357714653015137,3.9915188908789485,3.8883865441659973,3.9594641625997586,34846163
2001-06-01,3.949709415435791,4.0347243191672275,3.9051112779173143,3.9720082474645015,57975826
2001-06-04,3.831244945526123,4.020786283855737,3.8214895190717657,3.972007494470573,63852395
2001-06-05,3.779679536819458,3.859119440110595,3.764348867193257,3.8326397090774202,33587832
2001-06-06,3.7350804805755615,3.8465755651591556,3.7267186865727253,3.8242765008963406,26254589
2001-06-07,3.6598212718963623,3.749017766039841,3.609648613832032,3.749017766039841,24647268
2001-06-08,3.6821203231811523,3.743442505319427,3.6653960271260457,3.67654555782945,34947437
2001-06-11,3.6946637630462646,3.7253246216482943,3.6737583308879036,3.6988448968240335,17124604
2001-06-12,3.675152063369751,3.7211440627173342,3.6653966366602875,3.6821209354965485,26159032
2001-06-13,3.6249804496765137,3.7016333305817475,3.612437281112274,3.693271297115773,21434088
2001-06-14,3.581775188446045,3.623586057201933,3.5622638600261767,3.6110428912673695,26039699
2001-06-15,3.457737684249878,3.5650514271631466,3.4438011204421874,3.5552959982091434,22208779
2001-06-18,3.4326508045196533,3.4577368977439997,3.3810840387582877,3.449375103399707,23524390
2001-06-19,3.496760368347168,3.524634202550324,3.442406569198898,3.4493754420280838,36247748
2001-06-20,3.4507691860198975,3.5246345581983975,3.4284703531378544,3.5246345581983975,11924337
2001-06-21,3.3462419509887695,3.4688863325234895,3.3141869865231857,3.4563431678997336,19235246
2001-06-22,3.286314010620117,3.372722789840593,3.2640149402754077,3.372722789840593,16584770
2001-06-25,3.262620687484741,3.316974479628038,3.194330098401261,3.262620687484741,16863548
2001-06-26,3.30861234664917,3.3323052811799054,3.2333533560346237,3.2500776550813537,33280040
2001-06-27,3.3587849140167236,3.3838714802571377,3.2974627226079005,3.344848353626245,21433144
2001-06-28,3.2751641273498535,3.3727224313737865,3.257046430533581,3.3587853955243565,15618771
2001-06-29,3.2124483585357666,3.29606938548226,3.145551158209762,3.2891012230281005,32859468
2001-07-02,3.3364861011505127,3.381084234073626,3.2612273436690167,3.272376876899795,10721915
2001-07-03,3.1107094287872314,3.3030380676449083,3.0814421970503543,3.261227668954933,27063850
2001-07-04,2.9713401794433594,3.137189058177979,2.9281359193155754,3.0925911656948917,30318583
2001-07-05,2.954615354537964,3.5399638023254307,2.9295287929599865,3.0507797576071476,25221264
2001-07-06,2.8319718837738037,2.9824901168532714,2.7915551195973696,2.9546162823087343,37663778
2001-07-09,2.723264217376709,2.865420664060699,2.6967844871851776,2.7845864204713475,39672042
2001-07-10,2.905836820602417,2.926742252608528,2.7385943114754516,2.7385943114754516,37452664
2001-07-11,2.798523187637329,2.940678898422952,2.7873736551398918,2.8709949121401857,34894734
2001-07-12,2.901656150817871,2.9267427205825385,2.823609649861341,2.8500898521877907,17897157
2001-07-13,2.8277907371520996,2.988064870810057,2.818034835921171,2.962978301463457,28309820
2001-07-16,2.897474765777588,2.944859681419689,2.8486955077305995,2.854270273315099,23102732
2001-07-17,2.7650747299194336,2.8765698237993944,2.7553188293083934,2.8765698237993944,35748773
2001-07-18,2.787374258041382,2.8403341937635695,2.731626820226662,2.787374258041382,22032842
2001-07-19,2.5852890014648438,2.675878651958832,2.5727453638378415,2.675878651958832,52960153
2001-07-20,2.593651294708252,2.6326746637518936,2.5685651982759756,2.5950449272771805,20136591
2001-07-23,2.606194257736206,2.620131292528518,2.5365102674271514,2.578320424882083,414836
2001-07-24,2.539297103881836,2.6034070329708143,2.500273740832605,2.5936508962954026,16002652
2001-07-25,2.530935525894165,2.600619516892584,2.522573020859449,2.5392973207373712,13024311
2001-07-26,2.50445556640625,2.568565270413185,2.489124897525919,2.525361002449381,18985874
2001-07-27,2.50445556640625,2.5560218667489907,2.4919123994725823,2.5225732637721916,13355453
2001-07-30,2.508636236190796,2.529541668360818,2.4919119378008747,2.4946992025006205,14341400
2001-07-31,2.61873722076416,2.6312801463973954,2.5169975795631254,2.536509612619674,19485099
2001-08-01,2.561596155166626,2.6549733101440633,2.54208459210867,2.6201310810709755,11079204
2001-08-02,2.575533151626587,2.588076079304338,2.5574152211779806,2.5741395192991123,5186908
2001-08-03,2.590864419937134,2.6201316525422396,2.530935848614285,2.5685653505898784,14479079
2001-08-06,2.5922577381134033,2.6340681329715507,2.585289338970379,2.6048006671864434,11121310
2001-08-07,2.571352005004883,2.608981498040661,2.564383606672014,2.604800364348749,4226823
2001-08-08,2.55741548538208,2.5727456792985275,2.5337225497149234,2.5337225497149234,4522040
2001-08-09,2.5699586868286133,2.5950447818551057,2.52536079000845,2.557415520950114,6193427
2001-08-10,2.561596155166626,2.588076116693103,2.5560213890457124,2.578320216798884,5667182
2001-08-13,2.533722400665283,2.5741396338037443,2.526754001987458,2.564383733616496,5209243
2001-08-14,2.5323288440704346,2.55741541148415,2.5295418159385714,2.55741541148415,3295538
2001-08-15,2.5323288440704346,2.5323288440704346,2.5323288440704346,2.5323288440704346,0
2001-08-16,2.526754856109619,2.5615970980070006,2.5211800879368154,2.5365109963252372,7819128
2001-08-17,2.5156044960021973,2.5476592219347216,2.508636097906472,2.5406910605694657,7465134
2001-08-20,2.490518093109131,2.519785553613525,2.452888602487965,2.5183919213824733,10869408
2001-08-21,2.480762243270874,2.5058483341191167,2.473794081977307,2.5058483341191167,4482233
2001-08-22,2.480762243270874,2.480762243270874,2.480762243270874,2.480762243270874,0
2001-08-23,2.423621892929077,2.482156595344049,2.4180471255470986,2.482156595344049,8858686
2001-08-24,2.419440507888794,2.452889108719992,2.4082909742783944,2.452889108719992,5764805
2001-08-27,2.4082908630371094,2.451495362964377,2.401322700765615,2.438951723953686,5271760
2001-08-28,2.369267702102661,2.4236214976645782,2.3650865680654376,2.3971415344666562,11103196
2001-08-29,2.2954025268554688,2.383204454854523,2.2898277599343277,2.369267892647444,19142504
2001-08-30,2.2926149368286133,2.3497559996588455,2.2856465376279025,2.313520371161252,20818593
2001-08-31,2.2326855659484863,2.3065513835151585,2.2229301409789968,2.287039586654393,13460182
2001-09-03,2.199237585067749,2.2577727488765666,2.1880880526023065,2.23268594573359,13057884
2001-09-04,2.326063632965088,2.352543837791064,2.1964508211440306,2.2020255886478917,46986834
2001-09-05,2.3190948963165283,2.380417086972216,2.2995828597797505,2.380417086972216,13771163
2001-09-06,2.342787504196167,2.3622993052330514,2.285646443713784,2.299583004812064,14181529
2001-09-07,2.3455748558044434,2.3943534034323104,2.2926144646337336,2.2926144646337336,13410347
2001-09-10,2.340000867843628,2.4096848686548293,2.3246701982807343,2.3692681008382253,12826715
2001-09-11,2.3358194828033447,2.3692680870750613,2.309339515302804,2.3413942501819642,7473505
2001-09-12,2.2563796043395996,2.291221604913984,2.160214688486039,2.1769389908000667,14152497
2001-09-13,2.2549853324890137,2.2856466695101156,2.2382610314040092,2.2856466695101156,5586249
2001-09-14,2.132340908050537,2.2577730464536225,2.0988923062456455,2.2480169083473815,13301450
2001-09-17,1.991578221321106,2.202024985986766,1.974854041751949,2.202024985986766,17899793
2001-09-18,2.037569761276245,2.1128292209574995,1.965098039702412,1.965098039702412,11871100
2001-09-19,1.991578221321106,2.0905301398850855,1.9790351754181668,2.0905301398850855,15402154
2001-09-20,2.0055153369903564,2.0570816284926057,1.9483739241853135,1.9790352566894167,13324587
2001-09-21,1.9776414632797241,2.044538411582668,1.9595231797534474,1.9762473576465702,13380798
2001-09-24,2.0222394466400146,2.0529003028179917,1.9999406206259893,2.034782610251174,3751072
2001-09-25,1.998546838760376,2.0724124368876806,1.986003673116787,2.03896407408161,9177023
2001-09-26,1.9887914657592773,2.0319952569970208,1.9734606796722653,1.9999409992422816,6027392
2001-09-27,1.8745088577270508,1.9427993357334477,1.8396667432928984,1.8396667432928984,22373460
2001-09-28,1.931649923324585,1.9650984073577609,1.8745089751723358,1.8954142924887283,17439539
2001-10-01,1.9414058923721313,1.9929721904721527,1.9246815916111044,1.9511617936653594,7654893
2001-10-02,1.9414058923721313,1.9414058923721313,1.9414058923721313,1.9414058923721313,0
2001-10-03,1.9455868005752563,2.0013342265676597,1.938618520282761,1.9790352798437472,7034748
2001-10-04,1.9595234394073486,1.992971917991035,1.9511615269006002,1.9650980872002615,3788226
2001-10-05,2.0096962451934814,2.0208455409386827,1.940012022316159,1.9790352676158252,8889303
2001-10-08,2.0055153369903564,2.0319950621955676,1.9288625975563127,1.951161544019332,12935594
2001-10-09,2.006909132003784,2.0431447601905957,1.9957595986860708,2.011090266180553,5170326
2001-10-10,2.0264201164245605,2.034782620089874,2.008302423770139,2.0096960560157924,4443547
2001-10-11,2.0236332416534424,2.0738059001338054,2.0138773417353795,2.0487193341631413,8190844
2001-10-12,1.9957597255706787,2.052900791543692,1.9539489729710469,2.048719657101099,12140314
2001-10-15,2.0459330081939697,2.0598695732165186,1.9748547747727985,2.004122129473504,8144179
2001-10-16,2.071018695831299,2.1086481950902924,2.0347830658537807,2.043144861159535,8293471
2001-10-17,2.1295535564422607,2.150458990903893,2.0793808925031563,2.1086481219806283,15167369
2001-10-18,2.2271111011505127,2.2438353992603117,2.0849553957738975,2.097498560173627,36606213
2001-10-19,2.199237585067749,2.256379116501008,2.1490649257037435,2.22989891771296,13789828
2001-10-22,2.2131741046905518,2.241047929376501,2.181119147119102,2.229898399502121,11690799
2001-10-23,2.231292486190796,2.2814651441180023,2.227111115722889,2.232685881795965,11695466
2001-10-24,2.2298994064331055,2.2856468442478253,2.208993969295999,2.211781471388531,19125548
2001-10-25,2.2298994064331055,2.2382612025190864,2.208993969295999,2.2271116676100347,8592910
2001-10-26,2.2298994064331055,2.2298994064331055,2.2298994064331055,2.2298994064331055,0
2001-10-29,2.231292486190796,2.2549849460882703,2.2159618203072164,2.236867252263872,9621372
2001-10-30,2.181119918823242,2.222930789010526,2.1713640175488074,2.222930789010526,5768491
2001-10-31,2.0988917350769043,2.1434898586803293,2.0375695518526484,2.1434898586803293,9248302
2001-11-01,2.0988917350769043,2.1434898586803293,2.084955176546514,2.1044665005273324,11537197
2001-11-02,2.146277666091919,2.167183098697304,2.107254539099915,2.1253722334865337,9509109
2001-11-05,2.168576717376709,2.1964503117004877,2.1462776525332976,2.1699703497468006,5851028
2001-11-06,2.1978442668914795,2.257773071643154,2.1894824714427426,2.227111497884141,6078011
2001-11-07,2.1880881786346436,2.2396549468053903,2.1811197796249884,2.2340801802515666,4638364
2001-11-08,2.172758102416992,2.2145684987364938,2.1671833355616226,2.2145684987364938,5162418
2001-11-09,2.294008493423462,2.3455755033538717,2.1797265964812813,2.1894824980845597,35353582
2001-11-12,2.3636929988861084,2.388779093589303,2.3135203360187133,2.3149137317610813,29396702
2001-11-13,2.3706612586975098,2.3915666914843365,2.3204883620474193,2.3650864924030555,10945871
2001-11-14,2.3887791633605957,2.418046866528763,2.376236234007897,2.3887791633605957,3740760
2001-11-15,2.380417585372925,2.411078450389915,2.3692680507864563,2.383204613923744,6394763
2001-11-16,2.380417585372925,2.380417585372925,2.380417585372925,2.380417585372925,0
2001-11-19,2.436164617538452,2.4668254774703593,2.384598324541436,2.4250150848011263,27221870
2001-11-20,2.4403462409973145,2.5086368467984714,2.4222280691170357,2.5086368467984714,18145639
2001-11-21,2.5016679763793945,2.5197859081234726,2.413865582513249,2.4250151153912194,20054767
2001-11-22,2.5518405437469482,2.611768624193673,2.5225726094554823,2.536509878843157,19463156
2001-11-23,2.5239672660827637,2.589470126543937,2.5086365978326657,2.5685651648212473,12104282
2001-11-26,2.6312811374664307,2.745563273884057,2.549053498350998,2.588076632240354,27005822
2001-11-27,2.571352005004883,2.6493984924478737,2.5560213392881894,2.6493984924478737,20144677
2001-11-28,2.55741548538208,2.5922577175513353,2.5504468495638264,2.5783204459148283,9820553
2001-11-29,2.5030617713928223,2.547659669071064,2.494699502825926,2.515604937512656,13426911
2001-11-30,2.5030617713928223,2.5030617713928223,2.5030617713928223,2.5030617713928223,0
2001-12-03,2.562990665435791,2.572746094309591,2.5030620921913225,2.515605259918719,9689090
2001-12-04,2.6159493923187256,2.639641847393103,2.553233582676838,2.5713515095434314,12300578
2001-12-05,2.5643842220306396,2.668910932297701,2.551841291406012,2.6201316588014185,19572979
2001-12-06,2.5114235877990723,2.6173439211877,2.4919122589255265,2.592257825465778,19051597
2001-12-07,2.600619316101074,2.6201311161507466,2.50166786713887,2.5211791937275723,25194797
2001-12-10,2.646611452102661,2.660548013219021,2.522572956997542,2.522572956997542,16283853
2001-12-11,2.696784257888794,2.7427760246645487,2.649398858599958,2.653579992869711,16539726
2001-12-12,2.6800601482391357,2.731626444181532,2.6619417422277265,2.675879014041196,8251954
2001-12-13,2.5769267082214355,2.7023585853479215,2.51142314998945,2.7023585853479215,13455533
2001-12-14,2.561596155166626,2.585289088728369,2.5225727923202323,2.5225727923202323,2962650
2001-12-17,2.561596155166626,2.561596155166626,2.561596155166626,2.561596155166626,0
2001-12-18,2.50445556640625,2.5852895719015847,2.427802695465647,2.5671714010745905,11621265
2001-12-19,2.487731456756592,2.528148225890429,2.469613521262979,2.5086368944118234,7839842
2001-12-20,2.5699586868286133,2.58807638267044,2.4528890597191175,2.4528890597191175,13944321
2001-12-21,2.5016679763793945,2.610375330113367,2.479369147353949,2.537903603137055,9230580
2001-12-24,2.4250152111053467,2.4807626409650263,2.4041097769514015,2.4807626409650263,10072169
2001-12-25,2.4250152111053467,2.4250152111053467,2.4250152111053467,2.4250152111053467,0
2001-12-26,2.342787504196167,2.472400292156986,2.3260632047633365,2.4333769268137146,6183898
2001-12-27,2.249410629272461,2.3525437038570978,2.2076002304696436,2.328851239227712,17247073
2001-12-28,2.3636929988861084,2.383204326967314,2.2062066111890624,2.2438356348786024,7398040
2001-12-31,2.427802562713623,2.450101393414998,2.360905360417958,2.4110782621397067,3447305
2002-01-01,2.3943538665771484,2.4724003627619893,2.383204333303528,2.4250152014448574,3029441
2002-01-02,2.441739320755005,2.454282248846976,2.388778923257206,2.4222275206040833,3659061
2002-01-03,2.549053192138672,2.5671711242816606,2.452889001592502,2.452889001592502,9671688
2002-01-04,2.6563668251037598,2.675878862499297,2.564383771802372,2.595044631749173,15165089
2002-01-07,2.753925323486328,2.7804055249065205,2.6926031255614253,2.6926031255614253,12110623
2002-01-08,2.763681650161743,2.8305786194456104,2.6689108450385453,2.7455632425877567,21814603
2002-01-09,2.8194291591644287,2.843121624337003,2.7455633147021623,2.7845864491716723,17627018
2002-01-10,2.907231569290161,2.93371177755068,2.8152484853723885,2.8152484853723885,22685990
2002-01-11,2.788767099380493,2.9420728057820456,2.762286902302894,2.898868311086564,13813927
2002-01-14,2.8403337001800537,2.8960811283071757,2.81664100179819,2.81664100179819,5116002
2002-01-15,2.820821762084961,2.9546156665544987,2.8040977015741184,2.92674207454945,9185839
2002-01-16,2.8877196311950684,2.9211682362979,2.812460388078968,2.8291846906303837,7714684
2002-01-17,2.9978208541870117,3.032662852258249,2.850089882788986,2.8988689168192394,25326812
2002-01-18,3.0354502201080322,3.1079219573169254,2.787374143833544,2.787374143833544,16089641
2002-01-21,3.1580936908721924,3.172030723177574,2.983883035994279,3.0939842418431796,21397059
2002-01-22,3.013150215148926,3.177605442134276,2.9838829922170653,3.177605442134276,11445951
2002-01-23,2.8891124725341797,3.035449547132125,2.884931338858946,3.010363455272151,15832771
2002-01-24,2.7957355976104736,2.912805458308589,2.787373802889894,2.9030500311345793,13519600
2002-01-25,2.638249158859253,2.787373746628786,2.615950093132464,2.6912095583256237,24143483
2002-01-28,2.6898155212402344,2.7037525560412106,2.6117690259306725,2.6480051270288096,11828104
2002-01-29,2.6633362770080566,2.7232643775344876,2.6382497045116753,2.7093278136685766,9156593
2002-01-30,2.7706491947174072,2.7845857544302297,2.6480048178632645,2.67587864748033,16664599
2002-01-31,2.7929489612579346,2.845908895762041,2.7622876225979853,2.7873741939316288,16042763
2002-02-01,2.816640853881836,2.857057612867995,2.7887672596473103,2.840333551019474,9783256
2002-02-04,2.7831928730010986,2.837546673247288,2.7734369716503013,2.8152478421648506,5955026
2002-02-05,2.7316267490386963,2.790161213959425,2.7190835817755308,2.790161213959425,8746922
2002-02-06,2.8152480125427246,2.857058175396059,2.745563303044687,2.745563303044687,15262177
2002-02-07,2.7901601791381836,2.89608048199931,2.7831920184991623,2.78737315161302,13413677
2002-02-08,2.788767099380493,2.854270420836014,2.767861668175522,2.8208218256002486,7427660
2002-02-11,2.8737823963165283,2.912805766251634,2.8013106603104285,2.809673166106596,16425628
2002-02-12,2.9323172569274902,3.0075760133801657,2.9100181907707716,2.9546160863537088,24177823
2002-02-13,2.9086239337921143,2.9824892786630888,2.901655299566538,2.9824892786630888,8020339
2002-02-14,2.9295291900634766,2.954615755041988,2.8821442716201413,2.937891694030278,9778893
2002-02-15,3.057748556137085,3.091197154066431,2.9546159710144937,3.0103636342300706,33213534
2002-02-18,3.0201194286346436,3.1344015423953073,2.9978203641298884,3.0675045856115246,14368616
2002-02-19,2.9211676120758057,3.0563551628345738,2.9141992133510897,3.035449729929935,8767138
2002-02-20,2.877962827682495,2.9587970497346996,2.873781694171242,2.954615679492979,6164751
2002-02-21,2.8793563842773438,2.933710408303887,2.8737816186523255,2.910017713580175,5376008
2002-02-22,3.1553072929382324,3.167850222074702,2.8849317003619643,2.897475339689952,60811483
2002-02-25,3.139976739883423,3.2277791408851018,3.124646071747695,3.1497326411271143,45587903
2002-02-26,3.124645471572876,3.2180223848004506,3.080047345002896,3.17063746714602,52812499
2002-02-27,3.08980393409729,3.1748188359357647,3.0688984984183576,3.1357954664760013,18307149
2002-02-28,2.9448609352111816,3.191543647977893,2.8988693954709692,3.089804428657786,50613479
2002-03-01,2.9532225131988525,2.9964263002728844,2.90165574826176,2.9518284073694425,11811718
2002-03-04,3.0661110877990723,3.1079214804843436,2.972733928636019,3.0033952620406725,38805892
2002-03-05,2.960191011428833,3.1441578436132858,2.845908646350896,2.845908646350896,16681074
2002-03-06,2.847301483154297,2.936497483484481,2.81524676300846,2.8751753072357378,27062176
2002-03-07,2.8793563842773438,2.8960806811523985,2.7957351366325307,2.8431207628104165,20052273
2002-03-08,2.8737823963165283,2.9824902370562025,2.858452200977584,2.9378923367180354,16362168
2002-03-11,2.8403337001800537,2.919774063419537,2.834758933694292,2.919774063419537,6682731
2002-03-12,2.7483503818511963,2.859845473764555,2.7330197149800424,2.859845473764555,11524836
2002-03-13,2.7929489612579346,2.813854397914215,2.767862389924291,2.767862389924291,8101753
2002-03-14,2.785980224609375,2.8291842518887984,2.762287288787861,2.7971297579146155,4772998
2002-03-15,2.788767099380493,2.815247296458092,2.776223935349699,2.8068847925534435,4134063
2002-03-18,2.8598461151123047,2.9128060529991635,2.811066838708777,2.8431218120651423,11380905
2002-03-19,2.8319718837738037,2.951828780489023,2.8180348481362776,2.9295297128533937,5983880
2002-03-20,2.7929489612579346,2.870995467095684,2.7817994266053225,2.8500900304394037,8450956
2002-03-21,2.784585952758789,2.8152475226171028,2.7762241583738216,2.787373691014759,3439700
2002-03-22,2.7831928730010986,2.8152478421648506,2.763681543760539,2.8152478421648506,3889500
2002-03-25,2.7831928730010986,2.7831928730010986,2.7831928730010986,2.7831928730010986,0
2002-03-26,2.7817983627319336,2.826396247555794,2.7413816109864,2.826396247555794,4855783
2002-03-27,2.7023587226867676,2.809672675351003,2.6926028227243886,2.7915547445140727,14920490
2002-03-28,2.724658250808716,2.7595002493216034,2.6981780478622923,2.7121146105369234,12788404
2002-03-29,2.724658250808716,2.724658250808716,2.724658250808716,2.724658250808716,0
2002-04-01,2.727445125579834,2.7567125920659037,2.7204769630004253,2.7427760301765756,3951678
2002-04-02,2.7748308181762695,2.8124600805235755,2.7344135805489187,2.7441694818196942,4047377
2002-04-03,2.7608933448791504,2.8013101026385145,2.7413820188916103,2.766468110902938,4365481
2002-04-04,2.7790110111236572,2.808278946738101,2.7622869499477836,2.7720428495757727,3050173
2002-04-05,2.767861843109131,2.8110661038047247,2.7594998121369305,2.7999165713547995,5140635
2002-04-08,2.787374258041382,2.8514834919420826,2.781799490586856,2.8152480953140113,11402759
2002-04-09,2.788767099380493,2.8347586219165817,2.7817987012223266,2.794341865253121,4219841
2002-04-10,2.7957355976104736,2.8277905644223624,2.735807508268986,2.8040981025225533,7064172
2002-04-11,2.8863255977630615,2.9072305570568724,2.833365199681661,2.833365199681661,11784646
2002-04-12,2.9225611686706543,2.967159061390373,2.876569643588238,2.8835378054017267,29294325
2002-04-15,2.8807506561279297,2.954615772276535,2.861238856949665,2.946253504991429,7818629
2002-04-16,2.8514833450317383,2.8988689843191375,2.8361531496000567,2.8389404148184485,4277780
2002-04-17,2.914198875427246,2.9267420390233565,2.866813248786826,2.883537545825128,6887950
2002-04-18,3.071685552597046,3.0870162177942344,2.9364980140212027,2.9364980140212027,37124585
2002-04-19,3.078653335571289,3.135794382325768,2.961583741127963,3.0870158383743926,34299846
2002-04-22,3.0507805347442627,3.1162838644934356,3.0354498674708386,3.1079215962604767,9949344
2002-04-23,3.0410244464874268,3.0591426142978597,3.0103635872926575,3.0103635872926575,4032415
2002-04-24,3.060537099838257,3.082836170992957,3.018726223057918,3.0452064292367624,4882304
2002-04-25,3.116283893585205,3.135795221696252,3.060536464010559,3.0939848270631454,11002047
2002-04-26,3.1622750759124756,3.1748182402742695,3.0047887052288953,3.0047887052288953,15267449
2002-04-29,3.134401798248291,3.170637899391617,3.067504836003885,3.1107090994606366,6760049
2002-04-30,3.1051337718963623,3.148338264278159,3.0884097119045575,3.096771505170001,6312333
2002-05-01,3.1051337718963623,3.1051337718963623,3.1051337718963623,3.1051337718963623,0
2002-05-02,3.1985111236572266,3.257045810858339,3.1218582696259087,3.128826667859579,27065827
2002-05-03,3.188755750656128,3.244503182461624,3.1357953471816624,3.2180229807243914,24680005
2002-05-06,3.3016443252563477,3.316974993650688,3.180393557587589,3.198511727840227,20721006
2002-05-07,3.3058254718780518,3.3169750058913503,3.234747370091164,3.234747370091164,11463085
2002-05-08,3.3741157054901123,3.4075643038987065,3.3281241785914126,3.329517811009147,24814211
2002-05-09,3.344848155975342,3.439618938950946,3.2054794828097024,3.2054794828097024,16576559
2002-05-10,3.269589424133301,3.351817298076485,3.2612276285754707,3.351817298076485,8804238
2002-05-13,3.259833812713623,3.2891012791732206,3.2389283780722633,3.2612274452282444,5650796
2002-05-14,3.2974634170532227,3.3169752212083377,3.2500782495165392,3.277952086359178,8821835
2002-05-15,3.2570462226867676,3.3169747864964987,3.2068735596760174,3.3169747864964987,8532691
2002-05-16,3.2779510021209717,3.3448479516854626,3.2124476847550114,3.3448479516854626,8638257
2002-05-17,3.2765586376190186,3.297463602145996,3.220811197535068,3.264014996057297,9874930
2002-05-20,3.2431092262268066,3.275163479086876,3.219416056914969,3.275163479086876,6140671
2002-05-21,3.116283893585205,3.205479922942941,3.011757196810927,3.151125889112794,10591218
2002-05-22,3.027088165283203,3.127433737881728,3.0006081987025985,3.0661115355778343,7778163
2002-05-23,2.9197745323181152,3.066111643426624,2.9002627281192193,3.0243007697035806,15766015
2002-05-24,3.126039743423462,3.135795170589489,2.954616086607347,3.002001247098692,8204060
2002-05-27,3.134401798248291,3.3169747527750975,3.0647175710785146,3.2054798946112544,8016260
2002-05-28,3.0664827823638916,3.1792001383684423,3.049141631789195,3.1329573156312045,7020874
2002-05-29,3.0765974521636963,3.1170598773992944,3.036135026928098,3.0939385967483246,16100649
2002-05-30,3.096829652786255,3.2268876547009793,3.082378572769787,3.091049269872053,19995741
2002-05-31,3.1661934852600098,3.2052106340010575,3.0635918893840626,3.092493799235432,16833554
2002-06-03,3.4364254474639893,3.4898941690026217,3.2239975592457784,3.2239975592457784,40729857
2002-06-04,3.482668399810791,3.539027192071228,3.4031888133125285,3.439315898084466,40567973
2002-06-05,3.556368350982666,3.6199525647817605,3.4956749423747273,3.4956749423747273,42678454
2002-06-06,3.479778528213501,3.5982757573542323,3.453766683893286,3.5838249236467115,27207336
2002-06-07,3.4638824462890625,3.572264191005632,3.427755116229568,3.4422059500685998,24587779
2002-06-10,3.67486572265625,3.6965417275051915,3.505789841106824,3.505789841106824,55404395
2002-06-11,3.72110915184021,3.776022177464314,3.7008774428603317,3.7283343238652846,40189417
2002-06-12,3.776022434234619,3.8699538498008206,3.6994329054794517,3.7572364947681094,51349413
2002-06-13,3.7312238216400146,4.00001098016206,3.7109928521421334,3.7861373297838936,22523785
2002-06-14,3.8164844512939453,3.8815139381152237,3.7196632291111573,3.7543452784358355,55180083
2002-06-17,3.8786234855651855,3.9378721006308073,3.8439414352848478,3.901745016060021,42303176
2002-06-18,3.8208200931549072,3.916196288417152,3.7861377957028313,3.894519791144123,33351231
2002-06-19,3.725442886352539,3.858391657153632,3.6878707758406724,3.8367151657662495,25403685
2002-06-20,3.702322244644165,3.7832473572455227,3.658969742446002,3.7832473572455227,31193283
2002-06-21,3.751455545425415,3.8222649254866217,3.6748657827610582,3.718218284091819,31797094
2002-06-24,3.8338255882263184,4.502902463404967,3.764461244304321,4.502902463404967,43565693
2002-06-25,3.904635190963745,3.9190860242771137,3.8309354992341342,3.8699531419192787,49648513
2002-06-26,3.810703992843628,3.9017448307466194,3.802033787512728,3.900299796524803,26049762
2002-06-27,3.9841151237487793,4.001456272523456,3.774577285934615,3.8179302806022726,86077133
2002-06-28,4.069375038146973,4.104057083457925,3.976889174881302,4.014461779282809,79960169
2002-07-01,4.173422813415527,4.197989137423796,4.082381953826685,4.096833035872795,73214546
2002-07-02,4.114173412322998,4.184982792805772,4.093941950360564,4.184982792805772,41593478
2002-07-03,4.07949161529541,4.1445206171789115,4.0578151176929556,4.0968325188230565,40455068
2002-07-04,4.180647373199463,4.203768903355596,4.034693266378174,4.0534792028026425,58563768
2002-07-05,4.174866199493408,4.244230780895023,4.151745163283294,4.2167743969818385,42882355
2002-07-08,4.1445207595825195,4.244231817409266,4.134404782163607,4.190763334219736,22283140
2002-07-09,4.12717866897583,4.203768672038084,4.111282801964611,4.163305751029462,32260163
2002-07-10,4.0982770919799805,4.151745567314932,4.076600596817034,4.111282890892987,25000906
2002-07-11,4.092496871948242,4.1676418454264965,4.066485518552484,4.0751557242224905,42686451
2002-07-12,4.1474103927612305,4.196543025287864,4.121398306001811,4.121398306001811,58227460
2002-07-15,3.96821928024292,4.147410895517253,3.956658760496043,4.147410895517253,37968008
2002-07-16,3.923421621322632,4.001456175257018,3.908970296168789,3.9595487068976327,30201084
2002-07-17,3.989895820617676,4.008682496160175,3.916196607546591,3.9306471978029727,32452985
2002-07-18,3.9581031799316406,4.0361379696155435,3.9306463037576855,4.004346236451189,26117640
2002-07-19,3.9378726482391357,3.9884510645956,3.92197702337181,3.9884510645956,18467253
2002-07-22,3.872842311859131,3.9176403294077287,3.8237096832484205,3.9017442190740543,24031612
2002-07-23,3.7702410221099854,3.933536749362356,3.7370040102930324,3.8786229986006355,72404287
2002-07-24,3.803478479385376,3.867062438144642,3.7716862545438468,3.8410510864288296,63727397
2002-07-25,3.8135948181152344,3.9306470240921993,3.789028005740666,3.8439417681521295,42929732
2002-07-26,3.586714744567871,3.815039226876947,3.569373598038974,3.815039226876947,58341201
2002-07-29,3.536137580871582,3.604056410843319,3.4046342879984905,3.604056410843319,57019018
2002-07-30,3.434980630874634,3.6329579437647403,3.4002985795818663,3.62428773776895,49147400
2002-07-31,3.6069464683532715,3.6416285184822135,3.39740839690974,3.4147495447051677,48910460
2002-08-01,3.549142599105835,3.669085098708476,3.5260210705928796,3.6546340206569323,38778463
2002-08-02,3.507234811782837,3.5245757111050806,3.439315266679587,3.455211377430493,28835513
2002-08-05,3.6026113033294678,3.634403531969539,3.52891136008378,3.583825120294112,28971785
2002-08-06,3.5896050930023193,3.601165857466401,3.497119222751568,3.583824710770279,22870832
2002-08-07,3.5881600379943848,3.6777555938784112,3.557812847355796,3.6372929184888565,35492828
2002-08-08,3.32948899269104,3.5982756714512654,3.309257531429209,3.5910502547700003,67228332
2002-08-09,3.4031882286071777,3.4306446119470073,3.2890258748640786,3.4104136443201587,81428670
2002-08-12,3.468217372894287,3.5014546303291287,3.4104137991050925,3.4263099107646102,36645522
2002-08-13,3.4725534915924072,3.5231314151068394,3.4566573764040345,3.495675024425699,14385073
2002-08-14,3.411858320236206,3.4855582453680136,3.3685060728518454,3.468217100952404,34517888
2002-08-15,3.411858320236206,3.4118583202362056,3.4118583202362056,3.4118583202362056,0
2002-08-16,3.4364254474639893,3.4826682614115563,3.419084300185437,3.455211874445517,20700559
2002-08-19,3.429199695587158,3.468217334515342,3.393072615782368,3.468217334515342,24470155
2002-08-20,3.4176392555236816,3.4407607851579183,3.395962760126108,3.4407607851579183,24594156
2002-08-21,3.465327024459839,3.504344666192388,3.39740820772997,3.39740820772997,26880521
2002-08-22,3.5086803436279297,3.5491430233624186,3.497119577989504,3.497119577989504,35610612
2002-08-23,3.521685838699341,3.5448073679743377,3.427754932847042,3.5072352510953198,30340099
2002-08-26,3.5433623790740967,3.575154114040931,3.511570153183453,3.517350535576124,22797006
2002-08-27,3.475443124771118,3.5693737878415055,3.4682177080320047,3.5549231998251867,18351018
2002-08-28,3.4812231063842773,3.5505874476298818,3.4465410584924245,3.468217553203993,43322091
2002-08-29,3.4436519145965576,3.508680925265217,3.4349812161994273,3.446541983754292,29409046
2002-08-30,3.57081937789917,3.5982757656371316,3.44509624069145,3.4739981536349336,36943536
2002-09-02,3.583824634552002,3.656079042723006,3.570819081633876,3.6213967500683615,24129074
2002-09-03,3.549142599105835,3.5924950968747855,3.528910893464159,3.582379857708681,7738230
2002-09-04,3.5549228191375732,3.56503854876621,3.473997718494127,3.473997718494127,8001905
2002-09-05,3.6026113033294678,3.615616858010332,3.550587857296381,3.5809348061168667,16102305
2002-09-06,3.524576187133789,3.6242874762821002,3.5043447260889287,3.582380010887813,17598787
2002-09-09,3.4942283630371094,3.5549224897228626,3.4581012865579903,3.5130150319147133,12739316
2002-09-10,3.4942283630371094,3.494228363037109,3.494228363037109,3.494228363037109,0
2002-09-11,3.4812231063842773,3.531801512223972,3.462437170978368,3.502899601095846,10752390
2002-09-12,3.4812231063842773,3.534691335143938,3.468217553203993,3.4826681405752096,18874591
2002-09-13,3.502899646759033,3.5375819405648965,3.482668185974663,3.4884485682756403,13507007
2002-09-16,3.4783337116241455,3.5318019469653916,3.4725533286869936,3.5115704839543955,7822672
2002-09-17,3.487004041671753,3.5245766548285293,3.4711079266645806,3.497119773536493,9927330
2002-09-18,3.4306447505950928,3.4898938491293126,3.406078188900985,3.4754427716574425,17036974
2002-09-19,3.395962953567505,3.4306452499944387,3.3728416680781352,3.424864867256616,14455979
2002-09-20,3.3858470916748047,3.407523093403448,3.3381587587471677,3.3554999037767064,15909412
2002-09-23,3.356945753097534,3.395962658163601,3.329488876115784,3.3815120707689346,9809367
2002-09-24,3.351165533065796,3.3829572687042635,3.313592923988721,3.3656161211599005,13274395
2002-09-25,3.3656163215637207,3.375732052932413,3.3237088526635397,3.3237088526635397,12282713
2002-09-26,3.3439390659332275,3.3800666347030517,3.3381586843854802,3.3800666347030517,9224881
2002-09-27,3.3728418350219727,3.3815125322888346,3.3396050621927498,3.349720302926249,23933883
2002-09-30,3.3598365783691406,3.442206742964255,3.3497208450745593,3.3800680449583034,26821015
2002-10-01,3.3685059547424316,3.381511505770795,3.316482523319692,3.367060429866884,12248035
2002-10-02,3.3685059547424316,3.3685059547424316,3.3685059547424316,3.3685059547424316,0
2002-10-03,3.3844034671783447,3.400299832542557,3.3555017880281794,3.381513642910145,10604078
2002-10-04,3.411858320236206,3.42197429463931,3.384401446879357,3.3945174212824614,8844526
2002-10-07,3.489894390106201,3.507235538483408,3.4046339280147064,3.4075237512180254,12002083
2002-10-08,3.471107244491577,3.515905266406802,3.458101691804493,3.4956742975771653,9222120
2002-10-09,3.458102226257324,3.495674837836878,3.453766877717005,3.488448929653778,6131640
2002-10-10,3.465327024459839,3.5028996319887122,3.395962682602495,3.4479861230919275,7333991
2002-10-11,3.4884486198425293,3.5520325806312876,3.4754430663004565,3.524576193854107,10444295
2002-10-14,3.5332467555999756,3.565038982454114,3.4985644601928674,3.526021338755639,8769150
2002-10-15,3.5332467555999756,3.5332467555999756,3.5332467555999756,3.5332467555999756,0
2002-10-16,3.539026975631714,3.5982755874037022,3.526021176816841,3.554923088328726,16897763
2002-10-17,3.5057897567749023,3.5462521878999302,3.487003575439303,3.5462521878999302,11955311
2002-10-18,3.450875997543335,3.528910534686194,3.439315234462219,3.526020712108718,16445310
2002-10-21,3.4638824462890625,3.4927841139671267,3.4292001505210883,3.4407609157770795,11370931
2002-10-22,3.4696624279022217,3.4855585396574558,3.4450958659380597,3.4855585396574558,10328719
2002-10-23,3.4494314193725586,3.5072352424170217,3.4393156889743026,3.460992183981451,6202315
2002-10-24,3.4017443656921387,3.456658141049625,3.3916291223983794,3.4537678260751288,7367049
2002-10-25,3.3786213397979736,3.407523001942921,3.3656155427403736,3.381511653289589,7156736
2002-10-28,3.352609395980835,3.430644170186831,3.297695899986704,3.4031877903825283,10156967
2002-10-29,3.413303852081299,3.424864616711218,3.268794785131117,3.323708539854182,13569168
2002-10-30,3.37428617477417,3.463881718490244,3.356945275995607,3.4378703703223996,14293382
2002-10-31,3.6213972568511963,3.6589698685492986,3.5159058208866405,3.5260215523586593,93104686
2002-11-01,3.5881600379943848,3.7471199347986084,3.5708191368607576,3.65463406508438,61011341
2002-11-04,3.6517441272735596,3.6633046458449203,3.497119092425271,3.497119092425271,18762346
2002-11-05,3.663304090499878,3.7052117924018613,3.6271765242763805,3.6416275998581495,39802045
2002-11-06,3.663304090499878,3.663304090499878,3.663304090499878,3.663304090499878,0
2002-11-07,3.6719751358032227,3.722553294898611,3.641628191253612,3.671975135803223,34162612
2002-11-08,3.6286215782165527,3.6705290292181596,3.602609743729786,3.661858335901964,18982045
2002-11-11,3.5766003131866455,3.6387387605972465,3.5621489862888436,3.6026116706624958,18634534
2002-11-12,3.6199522018432617,4.119953937455955,3.543362440637066,4.119953937455955,15695590
2002-11-13,3.598275661468506,3.6502988577988136,3.591050244807286,3.641628406897731,14644134
2002-11-14,3.5766003131866455,3.640184286026148,3.5693744042757936,3.598276321685545,18337927
2002-11-15,3.6618595123291016,3.680645938729006,3.580934406329854,3.6055012149769827,40413426
2002-11-18,3.7774665355682373,3.8338253218929275,3.6994319915871223,3.6994319915871223,66954221
2002-11-19,3.7774665355682373,3.7774665355682373,3.7774665355682373,3.7774665355682373,0
2002-11-20,3.7991433143615723,3.8367159232147836,3.7774668186947937,3.80492369684192,34785054
2002-11-21,3.81792950630188,3.8786229010494266,3.806368742796691,3.83093505841787,39697708
2002-11-22,3.8612823486328125,3.8988549585243177,3.812149709846885,3.8381610635343915,53989291
2002-11-25,3.897409439086914,3.9393173947467264,3.832380445212482,3.8439412097816925,37428566
2002-11-26,3.9841151237487793,4.010127215103687,3.9046355335518066,3.937872305811566,48194991
2002-11-27,3.890183448791504,3.988449687673543,3.875732863404314,3.988449687673543,23027089
2002-11-28,3.9638829231262207,3.978333753228553,3.9104147044704813,3.9248655345728136,44628120
2002-11-29,4.031804084777832,4.053479847727654,3.9479884018954814,3.9595491688129125,76552653
2002-12-02,4.018797397613525,4.124289569467546,3.9927860427976967,4.047699312067656,61587510
2002-12-03,3.9465417861938477,4.0635939447656355,3.9219752292304717,4.031802218650486,47348879
2002-12-04,3.9219753742218018,3.9711082445031076,3.9046342312309514,3.930645577524458,25940669
2002-12-05,3.9581031799316406,4.001455677225882,3.939317245047937,3.9537678320174603,19374422
2002-12-06,4.069375038146973,4.089606497162064,3.9595480294948864,3.9595480294948864,29818307
2002-12-09,3.9913406372070312,4.140184807781554,3.9667738281095275,4.104057479439565,40150090
2002-12-10,4.021688461303711,4.040474647834557,3.9450989260157634,3.974000600394314,28444792
2002-12-11,4.023132801055908,4.06648579605976,3.9754449483831436,4.06648579605976,20618272
2002-12-12,3.9913406372070312,4.067930396559478,3.9739994901474476,4.067930396559478,30422564
2002-12-13,4.075155735015869,4.08671650019699,4.01157177198162,4.0289129197533,34673040
2002-12-16,4.010128021240234,4.1416313296586384,3.992786868979549,4.075156789928356,54765371
2002-12-17,3.9768896102905273,4.028912806683648,3.945097875127537,4.00868183637733,28016580
2002-12-18,4.040473937988281,4.072266166958458,3.9682195192738727,3.9884507368769526,35246769
2002-12-19,4.034693717956543,4.060705565024493,4.005791802026564,4.0404741011425385,27205377
2002-12-20,4.12717866897583,4.140184713069415,4.023132279922334,4.0578145732480975,75851539
2002-12-23,4.176311492919922,4.1936523908276815,4.135849070519349,4.147409832765756,73653855
2002-12-24,4.187872409820557,4.205213308368699,4.1387388002660925,4.161860325612763,40103016
2002-12-25,4.187872409820557,4.187872409820557,4.187872409820557,4.187872409820557,0
2002-12-26,4.255792140960693,4.3005899219650905,4.187873320505499,4.190762898147544,82255671
2002-12-27,4.3237104415893555,4.35405738174639,4.265906629165549,4.277467391650311,57414690
2002-12-30,4.303480625152588,4.369954659006398,4.2745789566811645,4.306370693814961,41748131
2002-12-31,4.380070209503174,4.3930762550617874,4.299145340217969,4.306370757442582,69603504
2003-01-01,4.37862491607666,4.407526581644859,4.358393455624645,4.391630469212832,42614833
2003-01-02,4.330935955047607,5.057816274055238,4.320820471740309,5.057816274055238,37612429
2003-01-03,4.304925441741943,4.393076218440781,4.294809955896579,4.393076218440781,28246787
2003-01-06,4.209548473358154,4.3164854131936785,4.183537369091277,4.3164854131936785,35278366
2003-01-07,4.235560894012451,4.268797907663231,4.212439365144832,4.235560894012451,27571108
2003-01-08,4.315042018890381,4.338163553402985,4.234116648096264,4.248567484435664,41777608
2003-01-09,4.354057788848877,4.371398688735529,4.312150082288729,4.358393136551479,28964732
2003-01-10,4.319375991821289,4.393075929341319,4.297699741754616,4.364173771661941,38545068
2003-01-13,4.326601505279541,4.390185460903559,4.320820877900757,4.335271709962065,24687307
2003-01-14,4.322266578674316,4.369954427308492,4.28613949500052,4.329491504485259,42821423
2003-01-15,4.297699928283691,4.343942989838691,4.281803814508681,4.33527229306617,31562826
2003-01-16,4.346833229064941,4.381515526592446,4.286139822046627,4.287584610949531,32201547
2003-01-17,4.432093620300293,4.450879804160917,4.3540588160155185,4.359838953700076,50658416
2003-01-20,4.485561370849609,4.528914360102664,4.442208872520348,4.442208872520348,67716746
2003-01-21,4.585272789001465,4.606949530874226,4.482671671473673,4.513018619171706,61454141
2003-01-22,4.5693769454956055,4.676313406232995,4.553480832531295,4.601168680500415,76431324
2003-01-23,4.6604180335998535,4.689319704727005,4.520244535894057,4.580938438000186,129603874
2003-01-24,4.515908241271973,4.7254462949079725,4.494231992466274,4.706660114424943,100982288
2003-01-27,4.421977519989014,4.505792941246158,4.387295225924974,4.5014575931226775,60376912
2003-01-28,4.459549903869629,4.501457614699073,4.3092604531288945,4.421977541184445,99776892
2003-01-29,4.463885307312012,4.554926156710251,4.424868642010825,4.508683583001895,56137657
2003-01-30,4.413307189941406,4.513018230268306,4.395965797937568,4.479780725902215,63971123
2003-01-31,4.394519805908203,4.419086610289894,4.323710442501423,4.419086610289894,55510014
2003-02-03,4.487005710601807,4.520243211770371,4.407526138284245,4.407526138284245,40162237
2003-02-04,4.465329647064209,4.562150112126891,4.453768884611118,4.5318036629767,38932511
2003-02-05,4.463885307312012,4.492787468169085,4.416197453737448,4.45377031194403,29378891
2003-02-06,4.515908241271973,4.533249142131775,4.440763519339853,4.45087900393109,31363467
2003-02-07,4.554926872253418,4.621401410835833,4.502903661831663,4.543366104279256,59687056
2003-02-10,4.471109867095947,4.560705409603228,4.460994383855237,4.560705409603228,24603542
2003-02-11,4.463885307312012,4.518799069293744,4.4378741971112206,4.492787468169085,28521896
2003-02-12,4.452323913574219,4.500012742274512,4.429202875441013,4.471110585491358,19898262
2003-02-13,4.452323913574219,4.452323913574219,4.452323913574219,4.452323913574219,0
2003-02-14,4.368508815765381,4.465330276319585,4.355503263000227,4.465330276319585,41582061
2003-02-17,4.429202556610107,4.463884356775287,4.421977140665382,4.434982692996384,40472808
2003-02-18,4.487005710601807,4.546254806349958,4.450878632275643,4.450878632275643,75692897
2003-02-19,4.520243167877197,4.567931008989417,4.502901777710035,4.53469399906734,62853749
2003-02-20,4.445098400115967,4.528913809131071,4.436428196059177,4.508682351151094,45618894
2003-02-21,4.384405136108398,4.460995140427607,4.3757344399037095,4.445099027693613,64551638
2003-02-24,4.388740539550781,4.468221113113653,4.378625544259308,4.406081934118631,44512633
2003-02-25,4.310704708099365,4.391629551142499,4.287583184108844,4.391629551142499,48431094
2003-02-26,4.273133754730225,4.3699552406596185,4.239897224303288,4.2919204308458205,168954427
2003-02-27,4.293364524841309,4.364173905111978,4.2644628572019725,4.273133062939476,152121834
2003-02-28,4.346833229064941,4.440764144707858,4.306370794078114,4.3482780179678455,125723884
2003-03-03,4.2948102951049805,4.393076565410349,4.28324952854412,4.378625729940246,53973636
2003-03-04,4.182092189788818,4.283248504826573,4.169086146419902,4.277467877465799,67717512
2003-03-05,4.237005710601807,4.260127239621473,4.118508488030764,4.169086403202961,99532881
2003-03-06,4.112728595733643,4.25579239856609,4.095387692364935,4.251457540916805,80628723
2003-03-07,3.9870052337646484,4.089606835014022,3.973999435015867,4.046253845235552,84972868
2003-03-10,3.911860227584839,4.002901057723057,3.895964116114909,3.985559912154556,59799995
2003-03-11,3.9739990234375,4.001455406832341,3.862726737571898,3.862726737571898,81965138
2003-03-12,3.959547519683838,4.0173510847341865,3.9190850977871476,3.9768886628374966,74057542
2003-03-13,3.901744842529297,3.985560264114412,3.8786233130627954,3.985560264114412,53649778
2003-03-14,3.901744842529297,3.901744842529297,3.901744842529297,3.901744842529297,0
2003-03-17,3.8757333755493164,3.9133054916293166,3.816484273945715,3.901744727237672,46059378
2003-03-18,3.8757333755493164,3.875733375549316,3.875733375549316,3.875733375549316,0
2003-03-19,3.9248669147491455,3.9783351522069483,3.901745382085265,3.9306470524531782,42792765
2003-03-20,4.024577617645264,4.041918765616013,3.91619611784835,3.9306467062977672,51706880
2003-03-21,4.0737104415893555,4.10116731685894,4.01735165694702,4.036137836673838,42332137
2003-03-24,3.998566150665283,4.161861158348356,3.982670037443372,4.161861158348356,54645752
2003-03-25,3.979780673980713,4.005792031615609,3.9017456192282167,3.959549208939207,39526045
2003-03-26,3.979780673980713,4.043364647208998,3.9667746269703366,4.043364647208998,44750250
2003-03-27,3.9089691638946533,3.9711083221930035,3.900298960422375,3.9595475599729317,60579156
2003-03-28,3.8685073852539062,3.9219761035146035,3.7948076979346963,3.8988545752273476,75472610
2003-03-31,3.86417293548584,3.926311374286125,3.815039559966534,3.926311374286125,50606800
2003-04-01,3.904635190963745,3.9552131075605357,3.867062582517556,3.872842964935285,30983219
2003-04-02,3.9739990234375,3.9826694732180745,3.9378714538764608,3.946542394580784,24609740
2003-04-03,4.0000104904174805,4.014461566872475,3.968218514955479,4.0101262193897895,20386711
2003-04-04,4.057815074920654,4.072266154990609,3.9884507251554266,3.9884507251554266,35785944
2003-04-07,4.180647373199463,4.219665016703415,4.067930527343092,4.075155698689495,54033035
2003-04-08,4.102611541748047,4.158970073184105,3.934981226806322,3.934981226806322,33485829
2003-04-09,4.057815074920654,4.096832475639483,4.031803719903363,4.075155978265515,25954776
2003-04-10,4.017352104187012,4.124289303502137,3.976889672022479,4.072265860839568,33717799
2003-04-11,3.959547519683838,4.099721207886756,3.901743954633489,4.010125915247471,26591288
2003-04-14,27.705474853515625,27.705474853515625,27.705474853515625,27.705474853515625,0
2003-04-15,3.7919178009033203,3.959548397633693,3.722553458370391,3.959548397633693,54014690
2003-04-16,3.872842311859131,3.887293633659389,3.7644605893614282,3.8121489203624512,42502000
2003-04-17,3.8063690662384033,3.8583922609704846,3.783247046339505,3.8468314964829338,40085169
2003-04-18,3.8063690662384033,3.8063690662384033,3.8063690662384033,3.8063690662384033,0
2003-04-21,3.8482773303985596,3.868508304263176,3.8063698572496634,3.8150400642242563,27327845
2003-04-22,3.810703992843628,3.885848717920928,3.7948078800179363,3.8728429190007723,24278277
2003-04-23,3.718217611312866,3.8367153105053804,3.699431678079168,3.8222642338813424,29744748
2003-04-24,3.677755832672119,3.8150394892420776,3.645964096708959,3.7485649669121526,98163071
2003-04-25,3.699432849884033,3.734114904751242,3.656079851741614,3.6994328498840328,36727399
2003-04-28,3.789027690887451,3.802033981394658,3.6705304603415554,3.67342028347065,61353972
2003-04-29,3.752899646759033,3.8439404660299417,3.7370035371865815,3.8439404660299417,44776272
2003-04-30,3.8193745613098145,3.833825393968291,3.760125460116755,3.7630160193874818,40452735
2003-05-01,3.8193745613098145,3.819374561309814,3.819374561309814,3.819374561309814,0
2003-05-02,3.826599597930908,3.85405647181178,3.7948073764979258,3.826599597930908,22816847
2003-05-05,3.91619610786438,3.930646696276957,3.8641729095466766,3.8728431153170733,34900772
2003-05-06,3.9205310344696045,3.9566588561790943,3.8945196803136706,3.9234215940345747,26623063
2003-05-07,3.867062568664551,3.939317471358273,3.846831598467833,3.9349821231950304,34142948
2003-05-08,3.8121492862701416,3.8511661897351845,3.7976979630827783,3.8439410190652787,26868980
2003-05-09,3.8612823486328125,3.8757336734258963,3.786137619773634,3.8179300924869692,25878633
2003-05-12,3.867062568664551,3.907525245443702,3.8540570150986335,3.8728429510615725,17551374
2003-05-13,3.895965576171875,3.9017459601943063,3.8583934482190347,3.8728440400821516,15903231
2003-05-14,3.940762519836426,3.9855602994788413,3.8988548086720156,3.9190860244037666,44883299
2003-05-15,4.0260233879089355,4.039028942851177,3.945098271248572,3.959548860577514,32710052
2003-05-16,4.017352104187012,4.072265860839568,3.9927857853126305,4.024577520969114,31418165
2003-05-19,4.018797397613525,4.082381363950687,4.002901774222124,4.023132746147127,25318726
2003-05-20,4.053478240966797,4.067929562078142,3.9595475992852838,3.9595475992852838,31782044
2003-05-21,4.083826541900635,4.128624075936118,4.076600634343299,4.076600634343299,26766691
2003-05-22,4.130068778991699,4.161860509555689,4.085271005748981,4.098276557503969,43635547
2003-05-23,4.196542739868164,4.21677419788601,4.137294136212401,4.137294136212401,36143126
2003-05-26,4.219665050506592,4.2774683854361575,4.205214216774201,4.2774683854361575,35752851
2003-05-27,4.1242899894714355,4.274579469014041,4.104058279100326,4.261572931164844,33238416
2003-05-28,4.23989725112915,4.247122669254445,4.08960776864477,4.161861949897713,58930105
2003-05-29,4.426312446594238,4.476890848653184,4.206658429363469,4.306369953936567,212240630
2003-05-30,4.566486358642578,4.855504495035749,4.4884520558342285,4.855504495035749,165935619
2003-06-02,4.557816505432129,4.656082767764294,4.531804905511714,4.5809380366777965,75788239
2003-06-03,4.504347801208496,4.596833430656057,4.465330648735162,4.580937808275568,65414885
2003-06-04,4.515908241271973,4.55203581353859,4.474000532360016,4.544809906346239,50280591
2003-06-05,4.599724769592285,4.618510463686897,4.526024818566471,4.565042468575661,92575877
2003-06-06,4.6878743171691895,4.71099584748827,4.64163125653103,4.645966604831335,120209235
2003-06-09,4.728915691375732,4.748676512269129,4.617951558414285,4.681793773583269,87501427
2003-06-10,4.590590000152588,4.7805979353586405,4.5617086411488605,4.757797107068298,75859091
2003-06-11,4.60427188873291,4.65899409604398,4.538909395665074,4.620992706631678,73968807
2003-06-12,4.561708927154541,4.61491137956091,4.548028635879929,4.590590287969044,46962932
2003-06-13,4.563229560852051,4.60579121159277,4.544988484539398,4.587550651673399,43780992
2003-06-16,4.497866630554199,4.5723496495389595,4.481145815820624,4.563229627642429,38263832
2003-06-17,4.579949855804443,4.602750684786329,4.5161071215405375,4.54802848867249,50774152
2003-06-18,4.654433727264404,4.715235942288011,4.602751018265028,4.620992095886765,82070579
2003-06-19,4.780597686767578,4.814039312969062,4.675713572250017,4.680273840949605,118465839
2003-06-20,4.788199424743652,4.836841095563912,4.74563725273508,4.766918338739366,58747061
2003-06-23,4.803399085998535,4.9174042678875125,4.772997979571236,4.772997979571236,106542463
2003-06-24,4.859641075134277,4.8900421786158965,4.776038040559824,4.80339862057868,83176822
2003-06-25,4.925004482269287,4.959965857497622,4.871802030300398,4.871802030300398,85066856
2003-06-26,4.830761432647705,4.95540640098076,4.806440337267261,4.947806123223543,109763693
2003-06-27,5.069409370422363,5.09677046437978,4.833799806790938,4.8809217195172225,176775159
2003-06-30,5.148453235626221,5.2198962437021175,5.084610503610035,5.084610503610035,91723851
2003-07-01,5.177334308624268,5.271578139675657,5.096770767167701,5.198614873859154,119893072
2003-07-02,5.260936737060547,5.314139176830144,5.2107748203127136,5.2107748203127136,117847957
2003-07-03,5.239658355712891,5.371904121243206,5.203176711801762,5.332381953044441,80863473
2003-07-04,5.247258186340332,5.312621190658378,5.206216275889775,5.259418733274077,60039892
2003-07-07,5.333899974822998,5.399262440865756,5.207734794466951,5.259416972534953,91882672
2003-07-08,5.330860614776611,5.449425018379943,5.294378981763843,5.43726499043559,94695086
2003-07-09,5.236617088317871,5.335421720203727,5.221417051003617,5.333901458275642,51961845
2003-07-10,5.390143394470215,5.414464484587904,5.235096832264896,5.250297900883402,87335803
2003-07-11,5.589271545410156,5.621193429140799,5.428144963284098,5.432705232388476,132425086
2003-07-14,5.774719715118408,5.820320856826193,5.472226857365501,5.472226857365501,100695068
2003-07-15,5.806640625,5.885683912960258,5.672875140204686,5.837042247103145,170954392
2003-07-16,6.040729522705078,6.065050609969638,5.788399146023382,5.837041320552502,166306160
2003-07-17,5.9480061531066895,6.197297069173064,5.897844227372731,6.074171356529835,200029819
2003-07-18,5.984487533569336,6.049850525172855,5.867442873042299,5.894803969222558,136384334
2003-07-21,5.806640625,6.124334555077127,5.764078973727544,6.019449397755571,164146395
2003-07-22,5.651594161987305,5.864402919275185,5.605991990343758,5.761038547702614,186021414
2003-07-23,5.666795253753662,5.843122393808419,5.564950617814883,5.770159118783023,350446373
2003-07-24,5.7960004806518555,5.837042387461693,5.688076346229388,5.837042387461693,143085501
2003-07-25,6.007288932800293,6.0620116467629215,5.81424097944442,5.837042325426054,139737206
2003-07-28,6.1699347496032715,6.293059931767895,6.130413628086513,6.141053910172055,173155514
2003-07-29,6.394904613494873,6.425306233686553,6.116733377674134,6.1714555710685985,216894846
2003-07-30,6.358424663543701,6.496750434187684,6.328023037767209,6.440507968714192,167773557
2003-07-31,6.324982643127441,6.457227346777421,6.26569966206812,6.413145951025187,167852424
2003-08-01,6.505868434906006,6.545390587769858,6.328021070788031,6.373623237081281,181033223
2003-08-04,6.644195079803467,6.673076438563239,6.445066608405961,6.445066608405961,170612812
2003-08-05,6.557553291320801,6.732360706312061,6.495230809368795,6.657877160708576,184667615
2003-08-06,6.5849127769470215,6.746039872097497,6.507389752973322,6.536270596041725,228146373
2003-08-07,6.817480564117432,6.867642473378161,6.569709991202428,6.659394046308491,182545948
2003-08-08,7.083493232727051,7.118454604881149,6.834202842470968,6.870684476350864,261017080
2003-08-11,7.199019432067871,7.287183267232243,7.002930937746651,7.066774195714653,195291660
2003-08-12,7.197498798370361,7.36774592831293,7.113895237120769,7.235500182395942,185416979
2003-08-13,7.28870153427124,7.331263181222636,7.115414423088727,7.250700155992,197949225
2003-08-14,7.382946491241455,7.463509523121124,7.320623502769324,7.341904586198012,214047790
2003-08-15,7.382946491241455,7.382946491241454,7.382946491241454,7.382946491241454,0
2003-08-18,7.854165554046631,7.890647189426932,7.417907224057867,7.419427485846189,270612306
2003-08-19,7.632236003875732,8.080654317740379,7.545591934867495,7.93624856884642,234109076
2003-08-20,7.396627426147461,7.717360868963913,7.37230633336612,7.685438982844245,167985383
2003-08-21,7.501509666442871,7.651995938240636,7.387505024618879,7.440707466213113,126118007
2003-08-22,7.67935848236084,7.813123967808312,7.516712152905513,7.591195172093768,196144487
2003-08-25,7.325184345245361,7.810084385475927,7.159497483073977,7.75232166153056,196581498
2003-08-26,7.773601531982422,7.813122653111812,7.326702459265007,7.341903526029486,208142527
2003-08-27,7.712798118591309,7.952967928864832,7.648955399674503,7.858724111946941,182817816
2003-08-28,7.471108913421631,7.717359281693426,7.428547268004827,7.694558455547983,146467885
2003-08-29,7.702159404754639,7.822244600573272,7.367745687098056,7.562313903004294,240464032
2003-09-01,7.720401763916016,7.776643716495335,7.562315159058719,7.691520398369122,138091717
2003-09-02,7.688478469848633,7.81312340805141,7.569913545824564,7.766002007183297,116241349
2003-09-03,7.689999103546143,7.9468898019409995,7.588154981338356,7.720400727131438,281833376
2003-09-04,7.828324794769287,8.07761519771013,7.6778384992015445,7.721919894773695,298761757
2003-09-05,8.123217582702637,8.171859768041251,7.893687980676865,7.911929058375506,197277126
2003-09-08,8.086735725402832,8.23722150438489,8.04873382791206,8.23570124258368,156069434
2003-09-09,7.840484142303467,8.159697244347472,7.79792198224971,8.159697244347472,157219314
2003-09-10,7.898247241973877,9.120378199568423,7.64591734132117,9.120378199568423,194764952
2003-09-11,7.876965045928955,8.02289104629581,7.600313594926121,7.934727238184915,131698984
2003-09-12,7.6595988273620605,7.93169010887273,7.600316352070013,7.88912845090768,161049361
2003-09-15,7.545591354370117,7.6611157380404755,7.395105603294795,7.395105603294795,195598205
2003-09-16,7.992491245269775,8.039613163648044,7.389026327836518,7.554713173049125,213070837
2003-09-17,7.959049701690674,8.263062814492875,7.860245594947941,8.101935720117591,205654434
2003-09-18,7.60943603515625,7.925609201121223,7.5562335813940775,7.910408131193951,193955886
2003-09-19,7.7568817138671875,7.843525280967281,7.5471134582304495,7.67631867793539,225279617
2003-09-22,7.501509666442871,7.762960573331779,7.45286749314451,7.630714858324303,212895381
2003-09-23,7.767521858215332,7.813123514355845,7.448308199658689,7.47566981301491,191825563
2003-09-24,7.907369136810303,7.9560108078954315,7.78880367573319,7.831365331580181,200740604
2003-09-25,7.936249256134033,8.101935583924687,7.797922992626187,7.797922992626187,280219323
2003-09-26,8.079133987426758,8.114095357224178,7.95600880412752,7.9788101465112415,177243909
2003-09-29,8.180978775024414,8.367946699867963,8.053293828949563,8.053293828949563,220183189
2003-09-30,8.249382019042969,8.293463930788667,8.063934350466544,8.182499278723272,170145807
2003-10-01,8.218979835510254,8.342105540728976,8.18249871884534,8.293463363318109,128651376
2003-10-02,8.218979835510254,8.218979835510254,8.218979835510254,8.218979835510254,0
2003-10-03,8.545794486999512,8.603557206721302,8.238741877675423,8.247861899426272,162349744
2003-10-06,8.861967086791992,8.904529251238714,8.591396130372623,8.603556675015506,155101173
2003-10-07,9.24502182006836,9.390948346066168,8.8802075706467,8.91060867203297,319755219
2003-10-08,9.235904693603516,9.369670193811992,9.097578407341098,9.241984708888744,184503986
2003-10-09,9.46239185333252,9.51255429297359,9.245022314341037,9.252622590093944,146439049
2003-10-10,9.694961547851562,9.728403176475537,9.485193303620958,9.541435761001312,130177567
2003-10-13,10.360750198364258,10.427633460342726,9.702562510346292,9.732963617505003,207971274
2003-10-14,9.935132026672363,10.515795616679737,9.880409830566604,10.442833377063103,263030136
2003-10-15,10.430672645568848,10.488435367148828,9.834808484040385,9.970093200372903,329363251
2003-10-16,10.950535774230957,11.04933937591598,10.509716606814703,10.579640395043485,305936625
2003-10-17,10.816770553588867,11.005258255519768,10.734686733102388,10.944455004764837,184391010
2003-10-20,10.491473197937012,10.914050119045019,10.430669968222642,10.883649020580998,152946592
2003-10-21,10.154022216796875,10.895812931505876,9.983774574936923,10.549237633059052,341288711
2003-10-22,10.36226749420166,10.640439197539079,10.202660694517375,10.230022302800252,305437596
2003-10-23,10.269545555114746,10.625240322106814,10.202662301744692,10.366829911730642,238183971
2003-10-24,10.377470016479492,10.48083439055673,10.002014933253138,10.48083439055673,289603115
2003-10-27,10.018733024597168,10.54923400838497,9.964009812497762,10.48843181643396,221375726
2003-10-28,9.967052459716797,10.196582022600266,9.819606699692597,10.047616000895992,327791054
2003-10-29,10.046096801757812,10.143381166134317,9.79072586166278,10.062817616434186,260363291
2003-10-30,10.582677841186523,10.701242759968961,9.986812723926146,10.093217614888752,520462659
2003-10-31,10.879094123840332,10.941416610060928,10.657164766670993,10.657164766670993,218890091
2003-11-03,11.490154266357422,11.55247672715041,10.944451636247756,11.005254868288482,226189761
2003-11-04,11.300148963928223,11.671044323832234,11.196784581713668,11.643683740979721,214709380
2003-11-05,11.199822425842285,11.382230054767419,11.053896942373997,11.333587882682535,168742726
2003-11-06,11.40351390838623,11.461276633503482,11.161824272530701,11.26366839787779,186918003
2003-11-07,11.148141860961914,11.497756635940465,11.066059083571863,11.443034440084912,153150243
2003-11-10,11.224146842956543,11.330550722282414,10.640442670280523,10.640442670280523,123500285
2003-11-11,11.116220474243164,11.327508961368396,11.0508574846538,11.201343767204627,132876988
2003-11-12,11.088860511779785,11.227185754317224,11.038698065873268,11.16030352589515,101145936
2003-11-13,10.859329223632812,11.228705299038895,10.769645146294526,11.10862011962972,136312307
2003-11-14,10.686042785644531,10.996135905226929,10.614599778183683,10.85324989030523,185360999
2003-11-17,11.123820304870605,11.215024649338401,10.625240548554514,10.847169846322782,141636289
2003-11-18,10.803088188171387,11.157262726194391,10.739245452336977,11.152702973400471,139710240
2003-11-19,10.491473197937012,10.78636467926707,10.448911040415586,10.76204462672492,130263327
2003-11-20,10.23458480834961,11.12230207952583,10.17226233318643,10.610040954004463,149352452
2003-11-21,10.45803165435791,10.497553289212588,10.117537490010974,10.231542642885994,197281561
2003-11-24,10.587240219116211,10.727085724017096,10.416992574518657,10.565959650836499,158080869
2003-11-25,10.698204040527344,10.737726719572176,10.529477687554774,10.670843456926013,129447065
2003-11-26,74.8594741821289,74.85947418212889,74.85947418212889,74.85947418212889,0
2003-11-27,10.746846199035645,10.973336308085571,10.675404216347914,10.739245922188868,148687370
2003-11-28,10.971814155578613,11.117739652449297,10.816768121506053,10.944452543972979,209180286
2003-12-01,11.237826347351074,11.27886825389994,11.05997946268812,11.066059477380314,116010180
2003-12-02,11.239346504211426,11.488636399341704,11.119261309426182,11.3913530668157,149040777
2003-12-03,11.16942310333252,11.33358968564507,11.099500357131982,11.309268595733597,93668851
2003-12-04,11.163344383239746,11.246947429461963,10.956615611419013,11.149664091324349,116512700
2003-12-05,10.79700756072998,11.359431089224392,10.746845118910903,11.24846643874209,127785831
2003-12-08,10.965734481811523,11.078219400073518,10.704284557485684,10.83044976687002,119525399
2003-12-09,11.073659896850586,11.151182925339677,10.994616606472176,11.126861833470427,72913006
2003-12-10,11.137500762939453,11.315347620021381,11.035656659689728,11.09645886275549,121808060
2003-12-11,11.12838363647461,11.303191056648915,11.043260319537234,11.303191056648915,93527057
2003-12-12,11.484075546264648,11.552478028128919,10.983974509277035,11.187663758732986,151635487
2003-12-15,11.914252281188965,11.94465441568478,11.582879652884928,11.613280754594303,176129687
2003-12-16,11.771369934082031,11.880814337750452,11.646723943383362,11.83521164223305,128742194
2003-12-17,11.672564506530762,11.81545053295248,11.60264175519842,11.737927505014158,92726380
2003-12-18,12.048020362854004,12.120983636207113,11.683205028875033,11.839771342904475,129102956
2003-12-19,12.032818794250488,12.200025894274905,11.949214727845035,12.073860696596212,114003429
2003-12-22,12.201546669006348,12.280589960283711,12.010018455652748,12.093622532649933,106993064
2003-12-23,12.022178649902344,12.257788244812593,11.9583359167284,12.257788244812593,81710476
2003-12-24,12.496438980102539,14.282513269758246,11.981137336673363,14.282513269758246,142426368
2003-12-25,87.44134521484375,87.44134521484374,87.44134521484374,87.44134521484374,0
2003-12-26,12.887094497680664,12.920535091874392,12.555719784130895,12.68948525926531,95568432
2003-12-29,13.370473861694336,13.469278482126345,12.93573683671035,13.06950231350231,82967756
2003-12-30,13.093820571899414,13.522478556571219,12.9205334772936,13.437355270811347,120531063
2003-12-31,13.476880073547363,13.542242040178074,11.891454501708457,11.891454501708457,152204389
2004-01-01,13.560482025146484,13.692727242442754,13.517919859301157,13.537681196839303,87720984
2004-01-02,13.700328826904297,13.890337813182764,13.619766305639944,13.619766305639944,87758832
2004-01-05,13.420639038085938,13.81433527272947,13.244311360236917,13.777854147182344,136359150
2004-01-06,13.11966609954834,13.625847256314776,13.011741954618653,13.525523388735254,119088014
2004-01-07,13.426717758178711,13.49359998736031,12.937257454310485,13.110544591317913,166619527
2004-01-08,13.58176326751709,13.677527363562378,13.50727973744192,13.572641697090102,77804091
2004-01-09,13.435840606689453,13.815856577018433,13.102946567107498,13.73377274736183,145871732
2004-01-12,13.49815845489502,13.5832817468644,13.133343166127446,13.346151912444123,116720287
2004-01-13,13.65320873260498,13.69576987220906,13.321833958334981,13.534642754715453,101321553
2004-01-14,13.873616218566895,14.04538308491126,13.741369963280729,13.741369963280729,113239069
2004-01-15,13.522480964660645,14.191308375859544,13.3811152061386,13.867534953776607,130658482
2004-01-16,13.273192405700684,14.90117918446983,13.147026154320896,14.809975859948532,142660405
2004-01-19,13.853857040405273,13.938980355931456,12.98590100232233,13.31879501962729,194511786
2004-01-20,13.413034439086914,14.08642252859203,13.136382980526177,13.893374095835073,208458121
2004-01-21,12.694049835205078,13.568085953392224,12.534442961306633,13.17895047286159,171911325
2004-01-22,12.029778480529785,13.145504975165137,11.750086467804067,12.964616549347843,251973729
2004-01-23,12.943338394165039,13.06190334021095,12.190907839970643,12.193947331231287,166754321
2004-01-26,12.943338394165039,12.94333839416504,12.94333839416504,12.94333839416504,0
2004-01-27,13.48296070098877,13.540723426316093,12.950938208435002,13.0421425659406,124162713
2004-01-28,13.22150707244873,13.783930560439412,13.0588607628732,13.437356343559623,192119089
2004-01-29,13.102943420410156,13.528560957096904,12.953977385848452,13.45255819439804,185463216
2004-01-30,12.348992347717285,13.277750418389996,12.22586663640862,13.197186872617632,236257246
2004-02-02,12.348992347717285,12.348992347717285,12.348992347717285,12.348992347717285,0
2004-02-03,11.727288246154785,12.491880924037366,11.625444113133012,12.345954354677168,230418205
2004-02-04,12.63172435760498,12.674286524831366,11.798729318935498,11.829130424331531,254416066
2004-02-05,12.174182891845703,12.890132078440532,11.964413656220591,12.707724451595963,252926583
2004-02-06,12.564839363098145,12.616522061358328,12.20306460642256,12.368751434162986,182130524
2004-02-09,12.852130889892578,12.919013102120505,12.570919687213895,12.677323535281259,141252817
2004-02-10,12.624123573303223,12.950936475947268,12.434115639436744,12.92509615707231,154384030
2004-02-11,13.083183288574219,13.13334469950548,12.677326051696978,12.707727157179335,231936808
2004-02-12,12.970699310302734,13.20174814179632,12.785251107544662,13.185028358800846,146833492
2004-02-13,13.329432487487793,13.367434901646606,12.95397739362873,13.011740112986491,190609533
2004-02-16,13.493603706359863,13.692732252445113,13.22759394544637,13.22759394544637,165658765
2004-02-17,13.79913330078125,13.829534407746705,13.467759582399221,13.589364010261033,178220933
2004-02-18,13.677526473999023,13.900974984118806,13.619763761223775,13.862973607077103,119867406
2004-02-19,13.286871910095215,13.88425633553847,13.198708081946181,13.753531371584112,225781906
2004-02-20,13.35527515411377,13.56656368156385,13.115105780536169,13.25495129086169,198097341
2004-02-23,13.172869682312012,13.698812245392261,13.0634252617184,13.528564565634664,132937652
2004-02-24,13.479917526245117,13.528559702977804,12.960056198889133,13.10294220574648,200914315
2004-02-25,13.02389907836914,13.520959584815627,12.908374681873985,13.51335930916182,195090199
2004-02-26,12.868854522705078,13.335512947447128,12.78829097183259,13.010220285804383,172137596
2004-02-27,12.991978645324707,13.101423035699034,12.514678408250875,12.975257831130499,272483461
2004-03-01,13.259509086608887,13.295991237159946,12.78676965347454,13.215427692943948,176062326
2004-03-02,13.259509086608887,13.259509086608887,13.259509086608887,13.259509086608887,0
2004-03-03,13.391757011413574,13.59848578115486,13.270151548981453,13.36743591892715,195651674
2004-03-04,13.022377967834473,13.343111851648734,12.893173290141798,13.072540403551708,145134855
2004-03-05,13.455596923828125,13.495119597538949,12.944856115262406,13.098382926570423,187310148
2004-03-08,13.671446800231934,13.738330056770419,13.349193644658936,13.505759953463878,152193702
2004-03-09,13.452560424804688,13.650168673371326,13.297513317291338,13.650168673371326,168269255
2004-03-10,13.242789268493652,13.461679089893817,13.166786503776875,13.391756339797066,164354570
2004-03-11,12.779170989990234,13.1789482380375,12.610443604368617,13.136386067953136,148581680
2004-03-12,12.812610626220703,12.874933093320434,12.517718070979866,12.607402150184747,158990460
2004-03-15,11.911214828491211,13.011740888812728,11.599602449872242,13.011740888812728,236452170
2004-03-16,11.921854019165039,12.092100607989204,11.552477934836032,11.552477934836032,221661700
2004-03-17,12.037378311157227,12.190905118325608,11.844329864130161,11.98113585834451,154039280
2004-03-18,11.681683540344238,12.130101867911328,11.616320550279987,12.038898560387093,146484307
2004-03-19,11.838252067565918,11.968977039528875,11.464316164158706,11.734887679898776,160451373
2004-03-22,11.114704132080078,11.886896120513429,10.983978106801898,11.886896120513429,139683470
2004-03-23,11.088860511779785,11.3533520000324,10.991577176548894,11.09646078848199,133677272
2004-03-24,10.813727378845215,11.126859963968613,10.704283000215415,11.126859963968613,156938933
2004-03-25,11.204385757446289,11.397433195358733,10.830449878227114,10.88669130514979,154693639
2004-03-26,11.429354667663574,11.561599894246553,11.268227563634083,11.417194638160437,114984300
2004-03-29,11.543357849121094,11.613281627653086,11.055417857873312,11.400472866902573,114356497
2004-03-30,11.614800453186035,11.79112808957532,11.417193284083314,11.582880121329397,151878910
2004-03-31,11.663442611694336,11.763767490570336,11.436953568945437,11.552477966479232,103455919
2004-04-01,11.943135261535645,11.978097151415326,11.616321322281356,11.643682936028917,98092147
2004-04-02,12.260828971862793,12.303391138947216,11.772887926966945,11.993298005926153,140977619
2004-04-05,12.345953941345215,12.567883279325466,12.257790104406753,12.359634234018872,109623485
2004-04-06,12.064739227294922,12.428035304591221,11.94161455201368,12.403714215323019,116286072
2004-04-07,11.944656372070312,12.789811475719802,11.771369237715462,12.789811475719802,142703151
2004-04-08,12.154422760009766,12.234986300025819,11.75920636822013,11.978096161755781,165768178
2004-04-09,12.154422760009766,12.154422760009767,12.154422760009767,12.154422760009767,0
2004-04-12,12.038901329040527,12.324673410795416,11.967458308601804,12.221309018824781,98303528
2004-04-13,12.262348175048828,12.303390076767966,11.841290424381281,12.06929972719303,91161913
2004-04-14,12.262348175048828,12.262348175048826,12.262348175048826,12.262348175048826,0
2004-04-15,11.972016334533691,12.434116024056358,11.903613848029043,12.282109465703911,187743294
2004-04-16,12.037378311157227,12.19698513227622,11.978096367762438,12.008497470301968,91849241
2004-04-19,11.90057373046875,12.113382506308911,11.798729611749904,12.038900002797481,85720592
2004-04-20,12.111865043640137,12.16962777342225,11.792651316932071,11.962897949318544,125831303
2004-04-21,12.560279846191406,12.628682325160206,12.06929936745948,12.130101570987303,147390389
2004-04-22,12.466038703918457,12.674287741777908,12.406756749261435,12.633245832437918,149645265
2004-04-23,12.4584379196167,12.920536606207996,12.393074919728472,12.586123395570773,104218837
2004-04-26,87.1764907836914,87.1764907836914,87.1764907836914,87.1764907836914,0
2004-04-27,11.532719612121582,12.397635060088405,11.465837381018789,12.397635060088405,134759061
2004-04-28,11.683205604553223,12.160504846585109,11.38527248187765,12.160504846585109,159193523
2004-04-29,11.193744659423828,11.60416164869088,11.134461677549895,11.60416164869088,185292088
2004-04-30,10.882129669189453,11.254545222092034,10.792446627777533,11.157260872642068,154200238
2004-05-03,10.412432670593262,10.822849673500231,10.264985858316555,10.822849673500231,188261684
2004-05-04,10.637402534484863,10.847171842411838,10.421554244004309,10.421554244004309,147673585
2004-05-05,10.78788948059082,10.865412520855184,10.628282613701385,10.762049155693877,93545402
2004-05-06,11.139022827148438,11.20590505478672,10.91709351070092,10.974856232632721,103767078
2004-05-07,10.520357131958008,11.1177415778816,10.46107414627207,11.1177415778816,144064768
2004-05-10,10.100818634033203,10.48843478292458,9.913851221231278,10.48843478292458,183110113
2004-05-11,9.33926773071289,9.8469680399834,9.15686006909231,9.8469680399834,185716382
2004-05-12,9.599196434020996,9.720801874003744,9.245021945603455,9.29974413539908,241520457
2004-05-13,9.673680305480957,9.90776962393142,8.82244529353038,9.141657906618606,272558588
2004-05-14,8.795083999633789,9.786165566636578,8.515393016729993,9.786165566636578,248827340
2004-05-17,7.992491245269775,8.817885980564668,7.053091852079291,8.817885980564668,138039139
2004-05-18,8.922769546508789,9.08389663849548,8.208340497751637,8.215940773819696,198299283
2004-05-19,9.580957412719727,9.652400422668833,9.059575776108138,9.120377986180038,213928402
2004-05-20,9.740564346313477,9.956412607385323,9.397029583772245,9.743603837176146,318956608
2004-05-21,9.991375923156738,10.166183336614015,9.622000788063676,10.166183336614015,238333833
2004-05-24,10.135781288146973,10.29082734627852,10.070418288712974,10.175302933630173,147577868
2004-05-25,10.119061470031738,10.214825585769205,9.874331296298227,10.062819003672269,138120642
2004-05-26,9.9852933883667,10.245224049906795,9.886488774043622,10.154020743872987,104292788
2004-05-27,9.687362670898438,9.901690675874598,9.646320764469554,9.880410108120826,150111522
2004-05-28,9.205500602722168,9.694959748413943,9.150778417306288,9.694959748413943,157253814
2004-05-31,9.00637435913086,9.200942062198246,8.77076371600849,9.103657694271245,186985346
2004-06-01,9.19486141204834,9.404629654011323,9.077816745916248,9.12037787935344,138409875
2004-06-02,9.468474388122559,9.57031852343955,9.197902846827816,9.241985284159707,139601736
2004-06-03,9.061095237731934,9.722322312230553,8.937970566652163,9.606797916738591,157944062
2004-06-04,9.590076446533203,9.664558935630996,8.90756782094233,8.948609719417844,212498551
2004-06-07,9.384868621826172,9.840887222259141,9.302784819322193,9.698001215107157,284994868
2004-06-08,9.353450775146484,9.567100494374811,9.28432943502125,9.551391050375319,135304114
2004-06-09,9.367588996887207,9.529396909387442,9.276474649261477,9.276474649261477,100969678
2004-06-10,9.381728172302246,9.519971916342632,9.300038638670989,9.331457525857987,80703387
2004-06-11,9.109952926635742,9.535681188566473,9.061253438898563,9.424142860221943,113992974
2004-06-14,8.575828552246094,9.109952820703146,8.472146014125434,9.109952820703146,152693729
2004-06-15,9.043973922729492,9.124092306700302,8.577401372426866,8.577401372426866,204464123
2004-06-16,8.897872924804688,9.09267084401417,8.78790630586244,8.965423093091468,132298058
2004-06-17,9.073821067810059,9.120949394803052,8.80832903748228,8.891590255935396,100186207
2004-06-18,8.802046775817871,9.080105974189516,8.739208463519002,9.045544769004797,115425800
2004-06-21,8.736064910888672,8.937146389847547,8.695219618406236,8.86488275002424,90179582
2004-06-22,8.78476619720459,8.885306957367924,8.643380136155857,8.72821198625763,94923904
2004-06-23,8.487854957580566,8.904157844385093,8.431300752174725,8.844461323593485,109263043
2004-06-24,8.627670288085938,8.687366278247618,8.423446461636363,8.630812069951013,141645818
2004-06-25,9.300037384033203,9.34402339321593,8.63395354323128,8.67165652297809,262408941
2004-06-28,9.51997184753418,9.551390734494088,9.307893293192148,9.331457458412078,146404193
2004-06-29,9.604802131652832,9.670782217798186,9.350308733506575,9.469700711246333,208026364
2004-06-30,9.455560684204102,9.749329802778936,9.419429395593975,9.582808441559381,159410301
2004-07-01,9.637792587280273,9.68649207510432,9.227773767929362,9.48855287555788,238806093
2004-07-02,9.559243202209473,9.77760526898221,9.461844248654913,9.545104919883785,225602994
2004-07-05,9.496407508850098,9.67706717293224,9.433568668715463,9.582809446411604,127746558
2004-07-06,9.84201717376709,9.864010182658163,9.410005314042001,9.441424203132884,247258528
2004-07-07,9.940983772277832,10.046237440169456,9.788601787544408,9.818449508071748,214756864
2004-07-08,9.306319236755371,10.049379524423596,9.174359098734932,9.940983544283618,236188478
2004-07-09,9.618942260742188,9.661358191019492,8.805189665766727,9.142944348900537,146596766
2004-07-12,9.882862091064453,9.942558621648784,9.488553746233404,9.67078351916216,107373685
2004-07-13,9.670783042907715,9.991257621904756,9.505832813470805,9.92841984587648,106801150
2004-07-14,9.859297752380371,9.958267893194781,9.617371453075847,9.705344555789972,160104753
2004-07-15,10.278740882873535,10.305447361325319,9.865580848841775,9.896999732967378,202414163
2004-07-16,10.654200553894043,10.693474166734829,10.250465252220147,10.30544937756001,255095289
2004-07-19,10.866278648376465,10.990384113336038,10.567798136669621,10.655771239001487,212009193
2004-07-20,10.812867164611816,10.949538696045941,10.704470072579861,10.83014670026609,179753999
2004-07-21,11.210317611694336,11.458527478874895,10.84585593224531,10.84585593224531,172250126
2004-07-22,11.420823097229004,11.684742364593507,11.345417134826624,11.436532539309182,317162771
2004-07-23,11.427106857299805,11.496228190169957,11.233880075969807,11.496228190169957,202253027
2004-07-26,11.744441032409668,11.791569367267705,11.296719716532804,11.427108750057693,163047330
2004-07-27,11.89525318145752,11.950236239700944,11.61405219090245,11.78214474898308,225865921
2004-07-28,11.87011432647705,12.002074480917695,11.78214124597077,11.892107329763007,159003141
2004-07-29,12.344542503356934,12.421518551724478,11.86540134491816,11.90781726308114,271753566
2004-07-30,12.314695358276367,12.452939087689895,12.16859584053461,12.379104283667468,219766571
2004-08-02,12.292702674865723,12.457652901148412,12.239290779735581,12.309983276415592,137435986
2004-08-03,12.443512916564941,12.622601404262923,12.211011473665796,12.33511691589642,243180231
2004-08-04,12.507922172546387,12.611604703081696,12.394813763351044,12.446654494937423,175233205
2004-08-05,12.807971954345703,12.850387868538323,12.536196939386398,12.580184011023634,132332968
2004-08-06,12.687012672424316,12.881810637678832,12.547197762796833,12.756134014597183,180015251
2004-08-09,12.676015853881836,12.861389009557968,12.602181036673178,12.690155208035259,192923096
2004-08-10,12.768699645996094,12.826825005786718,12.677584245982747,12.724712569911633,165093977
2004-08-11,12.187447547912598,12.950929838212005,12.090834160221396,12.950929838212005,125662045
2004-08-12,12.154458045959473,12.35711070892877,11.989507831671933,12.159170451783721,140368227
2004-08-13,12.06727123260498,12.312339831650998,11.982439383949572,12.206299487150412,81576804
2004-08-16,12.543267250061035,12.618672134392817,11.881110838116207,12.083763466062376,187706354
2004-08-17,12.722358703613281,12.856675631210651,12.588042843378656,12.724715440550145,149295172
2004-08-18,12.338258743286133,12.715288560572224,12.279348868342671,12.446654749045724,91087440
2004-08-19,12.538558006286621,12.597468959270353,12.350043597156342,12.350043597156342,76300941
2004-08-20,12.241647720336914,12.661091368596892,12.116756680162927,12.559765561737962,112496801
2004-08-23,11.553568840026855,12.255784529836431,11.482875283324345,12.255784529836431,137304838
2004-08-24,11.69731330871582,11.800995864293286,11.574778991265067,11.593630753138353,79978716
2004-08-25,11.709094047546387,11.871687532361303,11.638400485548505,11.8292716086351,39431754
2004-08-26,11.562996864318848,11.789213726072465,11.504085911923042,11.782144582563008,77684941
2004-08-27,11.452242851257324,11.687885567721038,11.374481213790233,11.593628908080607,60071572
2004-08-30,11.772717475891113,11.85283585047044,11.551213043760676,11.551213043760676,69702788
2004-08-31,11.869331359863281,11.907033811988374,11.555925924093879,11.75386619931666,76899427
2004-09-01,11.765646934509277,12.031922928337782,11.72558775198154,11.947091090418738,60978189
2004-09-02,11.699666976928711,11.871686323653485,11.628973422128444,11.784497748381494,53274648
2004-09-03,11.796279907226562,11.838695824994304,11.673745626654467,11.716161544422208,50631409
2004-09-06,11.91174602508545,12.01071615222366,11.829270919136938,11.829270919136938,45328426
2004-09-07,12.041352272033691,12.128539804113347,11.914105545897828,11.92353035961226,64051113
2004-09-08,12.18509578704834,12.236936534892097,12.095550445377643,12.128540497352253,74560080
2004-09-09,12.107330322265625,12.234577026856782,11.980082550311826,12.185093027464497,61296899
2004-09-10,12.416022300720215,12.484359126597912,12.046062667546812,12.159171086862372,62727160
2004-09-13,12.621033668518066,12.762419748272876,12.49849935069398,12.519706782343937,67960312
2004-09-14,12.427803993225098,12.696436735973684,12.375962193490915,12.677584978368062,55661111
2004-09-15,12.519706726074219,12.66344954226502,12.399529145872313,12.536201750848763,67162853
2004-09-16,12.87788200378418,12.990991491747357,12.531487599115417,12.531487599115417,169687131
2004-09-17,13.172432899475098,13.233700570368027,12.877879293609404,12.91558280411657,109625592
2004-09-20,13.419856071472168,13.650786301197668,13.226628278954758,13.243124362725984,132851156
2004-09-21,13.688491821289062,13.761541043643234,13.290255669270351,13.384512317199926,104665484
2004-09-22,13.608376502990723,14.044315198283364,13.485842192838355,13.893504314368082,81685463
2004-09-23,13.554178237915039,13.799245776625408,13.370376249678912,13.525900598431528,106187257
2004-09-24,13.646077156066895,13.778037329177868,13.44106775389272,13.497621961317051,95462551
2004-09-27,13.608376502990723,13.730910813143089,13.504693953588793,13.620159120300432,66252472
2004-09-28,13.311463356018066,13.714412988756672,13.26904743667255,13.573026946725797,80202019
2004-09-29,13.66493034362793,13.709703007343315,13.094674736491214,13.384514946436749,116360119
2004-09-30,13.627224922180176,13.94534163582061,13.558888106738909,13.782749241827988,126619933
2004-10-01,13.759187698364258,13.808673838295032,13.219566441454614,13.643722529038905,180289238
2004-10-04,13.952410697937012,14.110291740962856,13.834588832867746,13.872291274661467,80680411
2004-10-05,13.85344123840332,14.107935667715923,13.787461161642184,14.018391430306158,108235169
2004-10-06,13.679067611694336,14.02546198216118,13.6154431974463,13.855799368012367,81930887
2004-10-07,14.150352478027344,14.192767329457716,13.695561053418244,13.714412810073416,114115490
2004-10-08,14.237539291381836,14.303519369099558,14.105579135946394,14.254034310811267,74071227
2004-10-11,14.138570785522461,14.388351774365177,14.082016579230478,14.244610055740255,64496626
2004-10-12,13.879363059997559,14.275242479576239,13.766254654403651,14.185698236200853,64879551
2004-10-13,13.879363059997559,13.87936305999756,13.87936305999756,13.87936305999756,0
2004-10-14,13.415148735046387,13.6861382617914,13.231347801973726,13.6861382617914,81158411
2004-10-15,13.403369903564453,13.690854512571905,13.33267738686936,13.408083378428572,57689098
2004-10-18,13.401007652282715,13.615442918933544,13.346810185185676,13.525898674350922,36343120
2004-10-19,13.603662490844727,13.704988291352684,13.337385404283738,13.478771458498754,50258268
2004-10-20,13.436354637145996,13.76625505246975,13.391583047844941,13.76625505246975,64855649
2004-10-21,13.36094856262207,13.525898768891023,13.271404317413573,13.488196322042064,50887971
2004-10-22,13.36094856262207,13.36094856262207,13.36094856262207,13.36094856262207,0
2004-10-25,13.172432899475098,13.384511410309402,13.101740418317807,13.203067268602778,53729161
2004-10-26,13.631938934326172,13.664928977757043,13.12530673441642,13.12530673441642,71209126
2004-10-27,13.756829261779785,13.89585857093177,13.62251235829289,13.667285015242706,55002697
2004-10-28,13.872294425964355,14.091443187470665,13.787463645817281,13.855800471164693,88602149
2004-10-29,13.563602447509766,13.91235355401817,13.45991884953392,13.91235355401817,104313288
2004-11-01,13.822809219360352,13.89350170786807,13.424571985554675,13.719125622047315,70674688
2004-11-02,13.792176246643066,13.959482127016914,13.76625534669041,13.898215515640244,43878763
2004-11-03,14.084372520446777,14.119718230281643,13.785105417215615,13.855798971610387,52326793
2004-11-04,13.931204795837402,14.228115182481742,13.886433204598228,14.138570932640803,47893902
2004-11-05,14.058451652526855,14.185698342936803,13.940629773185218,13.973619814011876,38258162
2004-11-08,14.218687057495117,14.369498963596213,14.091440378954283,14.133855226892946,55050870
2004-11-09,14.176275253295898,14.3459389637025,14.119721038947944,14.232829467643855,38090560
2004-11-10,14.499105453491211,14.539164641059966,14.211620930324862,14.249323381165265,66263373
2004-11-11,14.473183631896973,14.605143802497203,14.423698567921887,14.57922290222036,44038338
2004-11-12,14.496747970581055,14.605143978791457,14.37657041406061,14.515599728712237,15383238
2004-11-15,14.496747970581055,14.496747970581056,14.496747970581056,14.496747970581056,0
2004-11-16,14.588651657104492,14.647562611644796,14.376573074649627,14.473186485067075,48301786
2004-11-17,14.62871265411377,14.81722709147365,14.567446022337343,14.659345970001983,41438225
2004-11-18,14.682906150817871,14.763024524765063,14.586292754742573,14.61457039297474,42840499
2004-11-19,14.499105453491211,14.91147994545788,14.407204462074583,14.751243195182859,66017105
2004-11-22,14.621637344360352,14.680548281326463,14.244608628612205,14.416627966830266,39868255
2004-11-23,14.68997859954834,14.84079056933521,14.60986020757032,14.722968651229037,40232775
2004-11-24,14.732393264770508,14.807799243173887,14.623998304888605,14.704116689970979,30275083
2004-11-25,14.69940185546875,14.986885299474805,14.614570010355834,14.704114261369423,63139414
2004-11-26,14.69940185546875,14.699401855468752,14.699401855468752,14.699401855468752,0
2004-11-29,15.198963165283203,15.24609255899558,14.79837025658463,14.79837025658463,59385028
2004-11-30,15.24609088897705,15.39690173024954,14.996308865430903,15.39690173024954,48026665
2004-12-01,15.453455924987793,15.524148406750017,15.017517353077082,15.246090884873626,63699274
2004-12-02,15.62312126159668,15.712665514477958,15.399260095712172,15.599557096876621,75962627
2004-12-03,15.444028854370117,15.552424838589545,15.293218024786976,15.510008925863476,40811028
2004-12-06,15.575989723205566,15.689098117504418,15.521792262251402,15.526504667279518,47887502
2004-12-07,15.422821044921875,15.644325412614466,15.31913853547342,15.644325412614466,35307991
2004-12-08,15.015159606933594,15.491158393927288,14.956248675746034,15.319139072582532,53874286
2004-12-09,15.07171630859375,15.250804800687293,14.805439239591804,14.94211287884415,52353438
2004-12-10,14.991600036621094,15.257876075478908,14.850213971967394,15.083499964651438,65573053
2004-12-13,15.241382598876953,15.293224410228127,14.85257114846874,14.939759746410518,39986116
2004-12-14,15.418113708496094,15.45581616310947,15.279084372775314,15.368628636424491,26463773
2004-12-15,15.670248031616211,15.759792275586518,15.411041178127828,15.505298894990663,53783592
2004-12-16,15.587773323059082,15.68438563746618,15.51707977162771,15.623119031412296,28593971
2004-12-17,15.722091674804688,15.941239371243949,15.62783394687736,15.646685705935354,43382346
2004-12-20,15.97894287109375,16.014288585083776,15.705596634515887,15.705596634515887,30545300
2004-12-21,16.115615844726562,16.18395267236132,15.953022354359556,16.00250742250279,26595076
2004-12-22,16.047277450561523,16.301771909402678,15.962446675856183,16.188663498220514,44865648
2004-12-23,16.334758758544922,16.40073883006404,15.953017678585995,16.023710154915467,28864450
2004-12-24,16.914447784423828,17.034625369324168,16.396033919656425,16.40074632662076,66212326
2004-12-27,17.640228271484375,17.743910833527746,16.876744676357195,16.912091465233217,87315373
2004-12-28,18.457904815673828,18.68176489763535,17.590737854367323,17.590737854367323,124341369
2004-12-29,18.234039306640625,18.705324615807587,18.109149372149663,18.52152481819252,78160341
2004-12-30,18.144502639770508,18.528599525076388,18.085590620830786,18.285887642719988,59047308
2004-12-31,18.149213790893555,18.380144120960082,17.892363624375367,18.380144120960082,83745629
2005-01-03,18.25053596496582,18.615783126395378,18.080874433861208,18.615783126395378,50045402
2005-01-04,18.236400604248047,18.446122416486855,18.111510638517977,18.23875734091846,46787469
2005-01-05,17.39044189453125,18.18220075730925,17.025194700841418,18.144499377469884,95217448
2005-01-06,16.758920669555664,17.348028013942763,16.66701967620314,17.20192954623499,92509792
2005-01-07,17.029909133911133,17.171295186773456,16.751850501454037,16.848463895087626,63318130
2005-01-10,16.88145637512207,17.336246838778028,16.806050398220815,17.102960831877958,42122382
2005-01-11,16.476146697998047,16.989849081481484,16.377177640140626,16.928582471028673,70024906
2005-01-12,16.214584350585938,16.82489906228744,16.080267445599524,16.50442451996969,64340791
2005-01-13,16.82961082458496,16.961569912254628,16.306482609695145,16.49499696440354,62068924
2005-01-14,16.417240142822266,16.914446538583984,16.33240828480985,16.86731820296054,52895546
2005-01-17,16.25228500366211,18.851424631743036,15.828127976131952,18.851424631743036,76864850
2005-01-18,16.214584350585938,16.60810811938466,15.505299512549723,15.505299512549723,58641786
2005-01-19,16.424306869506836,16.704722239718453,16.254644245811512,16.261713388378492,66762093
2005-01-20,16.575117111206055,16.65523654779705,15.934169090016086,16.542128136255442,108474513
2005-01-24,16.985137939453125,17.095889620755464,16.58925740912108,16.73064346529147,68479895
2005-01-25,17.34331512451172,17.390443454582506,16.824900291645132,16.928583898636035,55472599
2005-01-27,17.51533317565918,17.75804610009177,17.444640681549394,17.47763072560649,83224027
2005-01-28,17.934776306152344,17.965411747409128,17.49648093352891,17.531828780651093,58637025
2005-01-31,18.212839126586914,18.316520606228455,18.003115160972975,18.050243494396483,46369195
2005-02-01,18.012542724609375,18.427272926812186,17.920640656773422,18.380144591776663,42560177
2005-02-02,18.097373962402344,18.328302155758067,18.026680394904925,18.09030375176243,39358503
2005-02-03,18.658199310302734,18.733606338166002,18.19162739798025,18.19162739798025,75058100
2005-02-04,18.71004867553711,18.9692556355217,18.45555519038159,18.811375576006775,87319529
2005-02-07,18.827869415283203,19.134204700053328,18.714760969603066,18.92212609756235,77358952
2005-02-08,18.646419525146484,18.988101515112543,18.47440122918403,18.844359789908932,68890427
2005-02-09,18.88442039489746,19.049370637243296,18.72182688954593,18.81372895869606,60999526
2005-02-10,18.761884689331055,18.940973195438822,18.578082709852612,18.919764699996048,55012339
2005-02-11,18.804298400878906,18.94332877904898,18.733606978248055,18.85142672754118,48832590
2005-02-14,19.077648162841797,19.228457973865332,18.88677596012618,18.898557509641208,51242885
2005-02-15,18.948041915893555,19.18604028152346,18.87970509629212,19.110635387146928,51743826
2005-02-16,19.167190551757812,19.431110912080864,18.997526853057188,18.997526853057188,94659405
2005-02-17,19.414613723754883,19.55599870041626,18.96218009065841,19.13655510867995,93029411
2005-02-18,19.50651741027832,19.75158603138109,19.393408980132847,19.605487553496296,98710285
2005-02-21,19.247304916381836,19.553640070175717,19.16247308471087,19.513581957960874,52759589
2005-02-22,19.442890167236328,19.55599857478381,19.09885147165126,19.32271368499998,47259283
2005-02-23,19.511226654052734,19.69267187728099,19.31799988339343,19.48766142446561,63184333
2005-02-24,19.416973114013672,19.6714665337315,19.3721993841019,19.5819233433587,70925931
2005-02-25,19.320358276367188,19.579565150425,19.20489312441277,19.464099998470584,60985776
2005-02-28,19.90003776550293,20.072058184938047,19.087070398926322,19.369842492193232,89252465
2005-03-01,19.85055160522461,19.93538344198775,19.558354716715463,19.841126794350927,62421950
2005-03-02,20.199304580688477,20.241719433424226,19.911821153343197,19.911821153343197,67031764
2005-03-03,20.293560028076172,20.392530146645882,20.17102681540413,20.17102681540413,50629485
2005-03-04,20.213443756103516,20.430235771780467,20.133325385364785,20.39253225564747,36386959
2005-03-07,20.493860244750977,20.637601972642404,20.300633449743618,20.312414998659232,44351515
2005-03-08,20.583404541015625,20.630535008667856,20.317129566715355,20.517424447972992,52799925
2005-03-09,20.366613388061523,20.741285426379648,20.28178154010312,20.642315292882387,37406534
2005-03-10,20.32419204711914,20.385460784309036,20.09797525745979,20.35953882076432,44137082
2005-03-11,20.790775299072266,20.87796176916989,20.406676225124,20.406676225124,61811032
2005-03-14,20.63053321838379,21.033481817512403,20.571621206293493,20.826114608958886,52188912
2005-03-15,20.868528366088867,20.96042827287451,20.432589790841096,20.684726417792685,62270806
2005-03-16,20.755420684814453,21.049974305635953,20.642312282274794,20.882667370830948,48049974
2005-03-17,20.305343627929688,20.73657092168262,20.123898392208385,20.689442593988478,51865060
2005-03-18,20.46087074279785,20.545702593636356,19.87412013202577,20.255860258711017,60335258
2005-03-21,20.305343627929688,20.58340225563277,20.159245171660288,20.548055476180867,37704750
2005-03-22,19.680891036987305,20.265284842825004,19.605484007379147,20.251146558454753,55399847
2005-03-23,19.247304916381836,20.00607579417924,19.09413840684733,19.793997282364263,96473588
2005-03-24,19.431108474731445,19.57956365879162,19.204891661323096,19.32271354093475,65108245
2005-03-28,19.713878631591797,19.93066847799144,19.558353253374825,19.57013479976669,51510086
2005-03-29,18.926836013793945,19.77043679062677,18.768953859196603,19.77043679062677,90249930
2005-03-30,18.667631149291992,19.129489709753738,18.4319873275401,18.851431024754802,83702372
2005-03-31,18.900911331176758,19.087070031482728,18.733606522747426,18.97867509626759,102508842
2005-04-01,19.287372589111328,19.369847716277658,18.82786861414543,19.004600419580232,58061740
2005-04-04,18.549808502197266,19.43818307057817,18.483828405503456,19.287371116031522,65126542
2005-04-05,18.019607543945312,18.662913363625414,17.93242110051394,18.568656710590087,78445875
2005-04-06,18.401348114013672,18.587506801583785,18.120932781859295,18.587506801583785,62322897
2005-04-07,18.184558868408203,18.568657848414883,18.144500749039867,18.568657848414883,40584661
2005-04-08,17.958341598510742,18.35657885422325,17.87351082110749,18.193985374557535,56961720
2005-04-11,17.970125198364258,18.22462076171502,17.684998459606298,18.045532239975792,48876358
2005-04-12,18.32830238342285,18.394282477979896,17.925353740078307,18.003115384456123,39440980
2005-04-13,17.955984115600586,18.56865662702317,17.866439868674988,18.56865662702317,46886166
2005-04-15,17.260839462280273,17.814599991343872,17.161869331872936,17.673213938281584,71971343
2005-04-18,16.692941665649414,17.102960523586212,16.58925911638086,16.758921760828336,57913363
2005-04-19,16.363040924072266,17.154802053363692,16.268784256697224,16.780128918668545,67518895
2005-04-20,17.112380981445312,17.15479689595728,16.254641083279328,16.254641083279328,84040793
2005-04-21,17.39044189453125,17.435213483873362,16.780126125622616,17.152442461452647,58054557
2005-04-22,17.046403884887695,17.53182864934241,16.98278053568704,17.517689297126914,47901442
2005-04-25,17.11945343017578,17.28911605364066,16.886167456331894,17.06054248571416,39956953
2005-04-26,16.90501594543457,17.246697884499223,16.84374933967572,17.190143684043953,36082830
2005-04-27,16.47850799560547,16.872031868895423,16.410172224059764,16.872031868895423,41008884
2005-04-28,16.181591033935547,16.612817163299763,16.09911594534644,16.589253004754642,74419860
2005-04-29,16.0684871673584,16.339476667922426,15.993081198378706,16.259357225490014,79817004
2005-05-02,16.264068603515625,16.33947456278018,15.98129652311418,16.25935513067018,63944318
2005-05-03,16.1839542388916,16.5350610887086,16.129755691947988,16.30177507871142,59848519
2005-05-04,16.688222885131836,16.725925324821137,16.23578827204855,16.28291765586309,57233932
2005-05-05,16.728282928466797,16.98042060866184,16.603391922764853,16.782480388461565,65062387
2005-05-06,16.700008392333984,16.82018594800574,16.405454743586727,16.76834521455498,57999058
2005-05-09,17.1076717376709,17.171296158846438,16.73064402096537,16.9191573456368,50563157
2005-05-10,16.897951126098633,17.227851602607842,16.834327767732642,17.135950603099886,45469050
2005-05-11,16.841394424438477,16.9662854531564,16.546840776008757,16.9662854531564,38478686
2005-05-12,16.872026443481445,17.081748232374522,16.78483893737042,16.872026443481445,35373002
2005-05-13,16.949790954589844,16.996920353955723,16.636386586142187,16.824900981517647,40299839
2005-05-16,17.114744186401367,17.192505836262473,16.919159558485276,16.96628896317983,25941114
2005-05-17,16.685869216918945,17.317392402520632,16.61281999277869,17.201927258829976,37681275
2005-05-18,16.817829132080078,17.01341263904589,16.546839665626088,16.683513300749194,64138874
2005-05-19,16.813119888305664,17.244346165822325,16.725931297635544,16.966287505152525,91502472
2005-05-20,16.740068435668945,16.961571786245603,16.648166383417873,16.777770883831177,58579780
2005-05-23,16.553911209106445,16.8578907602261,16.4620102160028,16.8107624289698,45253358
2005-05-24,16.876739501953125,16.938007179396056,16.542127748285175,16.636384399905012,54316403
2005-05-25,16.74242401123047,16.952145812554626,16.69058221135509,16.897948343494047,39710318
2005-05-26,16.7659912109375,16.84610959444519,16.645813635675967,16.73064549313279,29569101
2005-05-27,17.08881950378418,17.39044229035231,16.782483244106935,16.966285213385795,51688457
2005-05-30,17.025197982788086,17.201930839812047,16.954505480396154,17.201930839812047,26595088
2005-05-31,17.121809005737305,17.249056773161435,16.98984989978419,17.011057327340243,27487004
2005-06-01,16.794267654418945,17.234919799637293,16.74478258565992,17.154801421845356,40324727
2005-06-02,16.450225830078125,16.780125159344728,16.400740770583763,16.780125159344728,43449102
2005-06-03,16.480857849121094,16.589253837761497,16.21693755238356,16.494996131485635,55402341
2005-06-06,16.471435546875,16.789553373298872,16.414881337779377,16.70472259333675,39318701
2005-06-07,16.606046676635742,16.74065709133103,16.5105963809342,16.74065709133103,33424001
2005-06-08,16.610942840576172,16.733316553916165,16.39067104344269,16.686814188095568,45353979
2005-06-09,16.537519454956055,16.779817990960233,16.446962507018675,16.554651730663327,47237993
2005-06-10,16.368640899658203,16.72352306646497,16.31724518890364,16.64031059380588,58751633
2005-06-13,16.192424774169922,16.491015681213735,16.15326576529452,16.46898783798541,32790166
2005-06-14,16.368640899658203,16.471434538363276,16.202213737144067,16.25116277216611,34884801
2005-06-15,16.61583709716797,16.677023953086163,16.398013087385163,16.398013087385163,40725107
2005-06-16,16.61583709716797,16.880163472199996,16.58402033118583,16.645207187104024,43358800
2005-06-17,16.681917190551758,16.73820958165195,16.439618677888173,16.66233824062816,29829071
2005-06-20,17.063720703125,17.151829852829493,16.598702654346777,16.8458967217863,49162700
2005-06-21,17.48223876953125,17.5238455630772,17.137146607251054,17.181201185299134,58980029
2005-06-22,17.819988250732422,18.10634244673697,17.41615703047184,17.572794171411243,144556715
2005-06-23,17.912992477416992,18.238505692636426,17.79796212507218,17.930124751902227,76249871
2005-06-24,17.76859474182129,17.95704978985111,17.6462221258656,17.76859474182129,44167064
2005-06-27,17.58503532409668,17.961944312854982,17.52384846160918,17.86649400466058,55298799
2005-06-28,16.725971221923828,17.624190579760363,16.61828312076628,17.582584896806626,50753794
2005-06-29,16.941349029541016,17.0049825566277,16.51059550368353,16.74065620185664,53393590
2005-06-30,16.630521774291992,17.03435300548349,16.52283366769387,16.985403966902346,65810248
2005-07-01,16.845897674560547,16.96092802394924,16.451856480124558,16.740656245827797,51128894
2005-07-04,16.93400764465332,17.100434824190675,16.789607200549526,16.887505280607243,30735688
2005-07-05,16.98295783996582,17.61685094467563,16.757791575357043,17.181202906746044,56298069
2005-07-06,17.14204216003418,17.276652578660546,16.88750581353389,17.03435404685271,43294632
2005-07-07,17.318256378173828,17.60950500975682,17.181199307203293,17.181199307203293,73882109
2005-07-08,17.734325408935547,17.85669798426699,17.5189481243152,17.5189481243152,63812006
2005-07-11,17.722089767456055,17.939913754240546,17.670692946943127,17.719641983070296,33064254
2005-07-12,17.638877868652344,17.866491906116675,17.37699928090748,17.768592715915972,32345792
2005-07-13,17.37944793701172,17.758805817938214,17.254627536167884,17.758805817938214,30812418
2005-07-14,17.16162109375,17.479792060292205,17.132251005574606,17.42349966843888,20889267
2005-07-15,17.39902687072754,17.487134926775077,17.017222338259778,17.230151895655084,27613748
2005-07-18,17.746564865112305,17.86404299909347,17.345180316844946,17.425947226830775,39786644
2005-07-19,18.0965518951416,18.182213262166005,17.67803508890779,17.839567794068387,48560474
2005-07-20,18.19200325012207,18.351088180247604,18.06718286881724,18.18221432925735,39000157
2005-07-21,18.0965518951416,18.4245117656079,17.964388168047666,18.209135564459103,48673764
2005-07-22,18.53954315185547,18.600728892137756,18.01823270708875,18.116130778418803,42140074
2005-07-25,18.862611770629883,18.965405428176425,18.60073205720522,18.60073205720522,53313749
2005-07-26,19.090221405029297,19.17343498711374,18.698626903763447,19.00945560729968,51131400
2005-07-27,18.37066650390625,19.246859091987492,18.27276843572187,19.09022085257493,94322385
2005-07-28,18.37066650390625,18.37066650390625,18.37066650390625,18.37066650390625,0
2005-07-29,17.99620819091797,19.628666703088655,17.866493333292713,19.628666703088655,69534759
2005-08-01,17.85670280456543,18.00355104320173,17.62174650962588,17.986418767170797,43821376
2005-08-02,18.26542854309082,18.52241266805775,17.719643527760514,17.768592568154755,69355639
2005-08-03,18.06473159790039,18.67415111411064,17.908094482520237,18.40493034453366,52383206
2005-08-04,18.752470016479492,18.889528191881237,18.06228578834628,18.086760304154033,95015316
2005-08-05,19.002111434936523,19.217489842523825,18.68394160925003,18.79652638154227,63685880
2005-08-08,18.989879608154297,19.396158685182712,18.921350500356905,18.99477517791024,68417533
2005-08-09,18.994775772094727,19.51363744936542,18.77939951964983,18.933590017017266,68613573
2005-08-10,19.484268188476562,19.579718497173328,19.139174858701885,19.139174858701885,53500408
2005-08-11,19.787750244140625,20.008022025919594,19.579715167683794,19.579715167683794,77669576
2005-08-12,19.719219207763672,20.015363411250426,19.33986364251198,19.971307728909117,65315114
2005-08-16,20.049631118774414,20.11816022016187,19.82446375461616,19.873412796007738,49572781
2005-08-17,20.28213882446289,20.338431217594405,19.88564872238155,20.06431482279211,44879446
2005-08-18,20.012914657592773,20.406956909335367,19.91746437913655,20.289478790775483,56183663
2005-08-19,19.67761993408203,20.142637013971033,19.579719617666324,20.02026328134886,50561910
2005-08-22,19.237070083618164,19.868514172541946,19.10980082180677,19.677613605618703,28316310
2005-08-23,18.764711380004883,19.579717282328787,18.71086898389397,19.579717282328787,38796007
2005-08-24,18.404935836791992,18.909112984190763,18.214033013638428,18.80387154211916,52624391
2005-08-25,18.742685317993164,19.383920658920683,18.412276508683803,19.383920658920683,60655346
2005-08-26,19.041271209716797,19.481814719657876,18.759813718386155,19.334967622076128,32822843
2005-08-29,18.803869247436523,19.09022233862432,18.51262169589769,19.09022233862432,30189578
2005-08-30,19.146514892578125,19.217491774158326,18.79652827086388,18.79652827086388,24255871
2005-08-31,19.11714744567871,19.18812433294924,18.980089240520794,19.18812433294924,20134127
2005-09-01,19.24686622619629,19.425532373194834,19.1881282503917,19.22239059147989,23012887
2005-09-02,19.853830337524414,19.94193948826352,19.2615441258837,19.298256456791325,61201907
2005-09-05,19.8220157623291,20.10836887092818,19.731458817245347,19.90767713816611,43702754
2005-09-06,19.88809585571289,20.01781069520749,19.755933231745402,19.82446232820204,36575353
2005-09-08,20.04228401184082,20.118156452967945,19.927253675250626,19.96885935490435,26956450
2005-09-09,20.047189712524414,20.167115678109216,19.721676377365664,20.05453306880789,22088151
2005-09-12,20.159765243530273,20.301719010927165,20.105920634614343,20.167108597235423,21135973
2005-09-13,19.988439559936523,20.206263530979932,19.951729448391013,20.162210066807813,15120823
2005-09-14,19.824462890625,20.211161852802693,19.601743320822344,19.971310008399833,31348791
2005-09-15,20.2674560546875,22.30374691212526,19.836701366692456,20.313957313553974,20180982
2005-09-16,20.64681053161621,20.774079811620076,20.265007125997037,20.313956166861228,45503710
2005-09-19,21.033510208129883,21.138749418947075,20.651704612825085,20.754498256392065,36851970
2005-09-20,20.957637786865234,21.35412787217725,20.80344732131034,21.033510236015953,46592771
2005-09-21,20.480384826660156,21.048197732599046,17.127358656609662,17.127358656609662,47725053
2005-09-22,19.67027473449707,20.730028099904825,19.50629532282097,20.123055063827394,69304914
2005-09-23,19.699642181396484,20.01536649036113,19.212597336824672,19.702089966035995,52999361
2005-09-26,20.367795944213867,20.480378489768928,19.726560778686586,19.726560778686586,35021293
2005-09-27,20.409408569335938,20.67373383199352,20.176897855009734,20.411854136748964,37952323
2005-09-28,20.431432723999023,20.53422636700145,20.069209406253734,20.069209406253734,27464361
2005-09-29,20.45101547241211,20.77408093331666,20.265008220206237,20.48772780934159,53200198
2005-09-30,20.730030059814453,20.96987973792894,20.345776583425668,20.607656327097025,80361962
2005-10-03,20.852397918701172,21.043300730888298,20.705550795509044,20.705550795509044,26679678
2005-10-04,21.19993782043457,21.3467849355073,20.87687239351768,20.87687239351768,43509528
2005-10-05,20.77408218383789,21.319867266731993,20.70555307536336,21.29294385000473,59163566
2005-10-06,19.763275146484375,20.7055502598813,19.63845587101867,20.7055502598813,78244171
2005-10-07,19.35210418701172,19.895441450942055,19.29091621988304,19.437765567234806,66310121
2005-10-10,19.002111434936523,19.46468279376431,18.926241209187808,19.43286603291525,44797099
2005-10-11,19.295808792114258,19.34475782789603,18.725550418920466,19.139170547295006,47489378
2005-10-13,18.419618606567383,19.18812317970025,18.338851693982964,19.139171923203406,64346408
2005-10-14,18.551780700683594,18.72799901085341,18.260532040606638,18.483251604194898,66678702
2005-10-17,18.813661575317383,18.90911187268528,18.336404545487344,18.600730918917307,54845675
2005-10-18,18.348642349243164,19.019246649445794,17.822437387322122,18.936033058077445,40467679
2005-10-19,17.69761848449707,18.285010351191637,17.23015255425499,18.189558937276654,54022818
2005-10-20,17.553218841552734,18.201796490444192,17.20567883160607,17.881178789119847,49065844
2005-10-21,17.983972549438477,18.037816058371458,17.506716563733924,17.638880322601995,51721859
2005-10-24,17.24483871459961,18.595839806135125,17.171415139882942,18.0378168690542,46238320
2005-10-25,17.15672492980957,17.499370403650293,17.03435233815075,17.376997811991473,54322102
2005-10-26,16.980504989624023,17.42104846562622,16.853236849698995,17.18119778128131,49825935
2005-10-27,16.525283813476562,17.075963384637674,16.4029111913287,17.0147765192646,60674487
2005-10-28,16.192424774169922,17.078407465933005,16.10431672705076,17.0759596814414,28432592
2005-10-31,16.613391876220703,16.667235382922225,16.212007263527685,16.398014523619963,24103860
2005-11-02,17.080856323242188,17.18120330563479,16.202216872741868,16.711289596126548,50503739
2005-11-04,17.080856323242188,17.080856323242188,17.080856323242188,17.080856323242188,0
2005-11-07,17.80040740966797,17.93991337917155,16.667231814885117,16.667231814885117,84856478
2005-11-08,17.72454071044922,18.0598440167008,17.487136608619323,17.910549087990603,65026741
2005-11-09,17.756357192993164,18.052500350748446,17.621746767522414,17.82243851333725,70583496
2005-11-10,17.78572654724121,17.900758022647004,17.6339838423214,17.758805348463667,33756877
2005-11-11,18.17487144470215,18.27277063325813,17.866491605956323,17.900756155661202,40923487
2005-11-14,17.89586067199707,18.32661419466219,17.63153431918497,18.321718625785323,39239775
2005-11-16,17.991315841674805,18.11124179131304,17.77104400602042,18.06229274085614,21952953
2005-11-17,17.96683692932129,18.307034631544763,17.572794619583956,18.10634290851718,48395318
2005-11-18,18.12102508544922,18.355981327160677,18.023125912337502,18.062286025021354,45136779
2005-11-21,17.660905838012695,18.204243111213213,17.577692241118562,18.18466305008582,31562760
2005-11-22,17.186098098754883,17.71964535469756,17.090647792724386,17.643774001684534,44311737
2005-11-23,16.772472381591797,17.186093591713373,16.60604411870058,17.13224899069005,69920415
2005-11-24,16.760242462158203,17.068623508268647,16.672134383696964,16.78961256071091,71580153
2005-11-25,16.752893447875977,17.034352067109875,16.5448583824691,16.848344843869697,57172127
2005-11-28,16.875268936157227,17.230151146860745,16.74065741029903,16.929112437902393,92568533
2005-11-29,17.02945899963379,17.210570668938054,16.728420297987807,16.8140816720904,53462079
2005-11-30,17.117565155029297,17.46999953352903,17.03924603471892,17.11022291071863,65851368
2005-12-01,17.146934509277344,17.469998788152566,16.948689486955853,17.469998788152566,43057022
2005-12-02,17.47734260559082,17.690272121570374,17.27909757799663,17.32804772027775,62416476
2005-12-05,17.33294105529785,17.621741887322518,17.25951640094041,17.523842717711887,33493630
2005-12-06,17.18854522705078,17.4651083209669,17.041696987738753,17.31336562073701,21215767
2005-12-07,17.117565155029297,17.286440099968498,17.044141603324675,17.188542031029,23912629
2005-12-08,17.019668579101562,17.230150332663882,16.92911163793087,17.230150332663882,22871491
2005-12-09,17.428394317626953,17.474896680592213,17.034353113375523,17.073512122768847,35406189
2005-12-12,17.771039962768555,17.86649136546132,17.474896833704708,17.474896833704708,35212085
2005-12-13,18.089210510253906,18.22382091951831,17.724537182678425,17.817541907237224,43826375
2005-12-14,18.51017189025879,18.64967674390805,18.138157469063533,18.177316473390118,71584843
2005-12-15,18.05494499206543,18.81366063251345,17.88607003306426,18.649679025329572,84512369
2005-12-16,18.008440017700195,18.201789456030536,17.873829635209482,18.174867157812827,42149538
2005-12-19,18.60317611694336,18.649677366847047,18.06473341502967,18.10634131355123,34396364
2005-12-20,18.32906150817871,18.70107484635156,18.199345565244826,18.649678026053113,43834307
2005-12-21,18.373119354248047,18.46367631174581,18.054948327722943,18.31682806038051,45201623
2005-12-22,18.67416000366211,18.747582473919323,18.380463471043026,18.417175814770005,43311114
2005-12-23,18.037813186645508,18.83079339641029,17.942362891579453,18.725551963062895,51212725
2005-12-26,18.042709350585938,18.184662014177576,17.846912076260384,18.06228941059793,44027010
2005-12-27,18.37066650390625,18.40003658952034,17.96438752546474,18.037811076603028,24190778
2005-12-28,18.162635803222656,18.546887009029977,18.067184393652198,18.40493544993242,31555007
2005-12-29,18.12837028503418,18.2996930344633,18.018234390200902,18.18466157044742,39991922
2005-12-30,18.598281860351562,18.679048765390952,18.123473784574326,18.123473784574326,47406082
2006-01-02,18.551780700683594,18.781841400497886,18.370667930163748,18.696182247083097,22888234
2006-01-03,18.90421485900879,18.962955034036707,18.55178046042943,18.649678534946577,24164536
2006-01-04,18.808761596679688,19.033928906243904,18.732889159741205,19.033928906243904,27038404
2006-01-05,18.620309829711914,18.88463507823247,18.56401854689699,18.838133824732758,16543852
2006-01-06,18.806316375732422,18.840580922788284,18.473460934132362,18.67904932506552,28601856
2006-01-09,18.60317611694336,19.011902880508206,18.507724724249005,18.865053560734157,28629795
2006-01-10,18.22137451171875,18.63744358478876,18.16018765508531,18.593389003668754,19181938
2006-01-12,18.07697105407715,18.331507359749573,17.873831566392308,18.111235599402203,28201167
2006-01-13,17.971729278564453,18.502828579244675,17.915436896631135,18.502828579244675,19063518
2006-01-16,17.438182830810547,17.96438772463037,17.3623114945471,17.96438772463037,31799493
2006-01-17,17.063720703125,17.563004406653167,16.992744935094464,17.465105228248397,32962078
2006-01-18,17.18854522705078,19.579717202349606,16.81897739831178,19.579717202349606,27362244
2006-01-19,17.643774032592773,17.69517086297533,17.257075020893915,17.2742072976881,29787844
2006-01-20,17.726985931396484,18.050051374642884,17.64622012488394,17.768592726963266,52757083
2006-01-23,17.47978973388672,17.71719375779875,17.078405233832036,17.64621688560315,62681231
2006-01-24,17.83956527709961,17.949701146506584,17.332940499547085,17.528736615294743,34886974
2006-01-25,17.78082847595215,18.01333805579045,17.626638017505503,17.90809663248935,20412228
2006-01-27,19.35210418701172,19.716775336249764,17.861597279728183,17.866492849225597,108045161
2006-01-30,19.430418014526367,19.716771075913197,18.446538464125094,19.117143761113468,100850386
2006-01-31,19.797544479370117,19.946839402684063,19.320288507985648,19.320288507985648,81755995
2006-02-01,19.457345962524414,19.873413947049045,19.32028775181127,19.873413947049045,83407480
2006-02-02,19.680063247680664,19.91012395029364,19.494053797351903,19.530766130516895,60306796
2006-02-03,19.62132453918457,19.77551501969592,19.38636824998526,19.589507772646776,35783130
2006-02-06,19.917469024658203,20.15731866881314,19.334971647090914,19.579716860676452,40932594
2006-02-07,20.00802230834961,20.2747953478753,19.880755249932268,19.917467583613007,28202865
2006-02-08,19.200361251831055,20.00802378357297,19.11469987265876,20.00802378357297,43767907
2006-02-10,19.053510665893555,19.52097538083557,18.945821460991482,19.33252038085489,41085234
2006-02-13,19.19546127319336,19.388811832397106,19.0314819066709,19.090219857641898,24289130
2006-02-14,18.772056579589844,19.256653712598077,18.65947398956885,19.20281131119449,20747159
2006-02-15,18.9849853515625,19.051068896249273,18.55667950680172,18.845481558636916,29355440
2006-02-16,19.178333282470703,19.286022506218035,18.86016339783067,19.10001525796119,27899460
2006-02-17,18.93358612060547,19.47692110121365,18.83079247684812,19.237071482975903,34011266
2006-02-20,19.34231185913086,19.432868803285228,18.845478101571455,18.90666384774299,33617986
2006-02-21,19.724117279052734,19.922361223155832,19.42307968603777,19.43286860713578,45161050
2006-02-22,20.142635345458984,20.211164452675074,19.72656734964446,19.824465440754178,38517253
2006-02-23,20.49262237548828,20.803451148226348,20.169559112644155,20.169559112644155,56139325
2006-02-24,20.720237731933594,20.996801952927598,20.46570135803726,20.558706099074616,53971534
2006-02-27,20.6614990234375,20.97966892512628,20.622338900486252,20.94050880217503,16705089
2006-02-28,21.097145080566406,21.43244722717043,20.167108877447557,20.776527424380546,63363690
2006-03-01,21.650266647338867,21.880329527682107,20.81323535042744,21.111825099141573,54617801
2006-03-02,22.024734497070312,22.467725883075367,21.863202877954944,21.880335153751805,53689229
2006-03-03,22.23521614074707,22.3967477508883,21.88767507469144,22.076130097986987,46334404
2006-03-06,23.167699813842773,23.250913402394946,22.28906045635671,22.28906045635671,44054498
2006-03-07,22.92295265197754,23.24112251960819,22.034524363744463,23.16770006842953,41793887
2006-03-08,21.72124671936035,22.903371402469833,21.613557506965947,22.810368896744162,45716291
2006-03-09,22.10549545288086,22.245001413337448,21.20727617172428,21.78487785256577,55951882
2006-03-10,22.303743362426758,22.75162803807282,22.22297756415563,22.22297756415563,28308330
2006-03-13,22.528915405273438,22.756528358582976,22.257244541277803,22.46038629735305,28834040
2006-03-14,22.46038246154785,22.927847212744673,22.306191995059773,22.60967735910727,36832579
2006-03-16,22.998828887939453,23.153019386571273,22.565626377346277,22.587654224921263,35609413
2006-03-17,22.62925910949707,23.172598621358482,22.568073356103664,23.03064483547432,21430449
2006-03-20,22.864213943481445,22.927847471487823,22.663522221494507,22.663522221494507,15518365
2006-03-21,22.918060302734375,23.348812759149247,22.76876317488072,22.927849224254423,35361460
2006-03-22,22.97190284729004,23.250914827391455,22.717366496943384,22.925401589671896,35097572
2006-03-23,23.755094528198242,23.92641730342412,22.565626241456595,23.011065457043877,62142555
2006-03-24,24.151580810546875,24.22010990961191,23.715932804888382,23.745301785288778,43588716
2006-03-27,25.348392486572266,25.473213991103773,24.220112244970053,24.220112244970053,56342288
2006-03-28,25.561328887939453,25.698387130008584,24.971488003093288,25.45363963568603,45176248
2006-03-29,25.563762664794922,25.739978724322714,25.279855194829846,25.610263909387402,29130962
2006-03-30,25.53929328918457,26.178080818471543,25.164831022444982,25.600479035604998,69888854
2006-03-31,26.261295318603516,26.554991789423973,25.514818543881905,25.644535612235718,46004888
2006-04-03,26.584352493286133,26.765466332206856,26.403240871561003,26.48155887136754,24552876
2006-04-04,26.56477928161621,26.81931559680109,26.148709153635327,26.67736184166484,40426310
2006-04-05,26.545207977294922,26.770373171640877,26.388569681561037,26.65044721897551,18437853
2006-04-07,26.469327926635742,27.411602999190762,26.33471751872732,26.65043958775709,39487491
2006-04-10,28.33429527282715,30.25065992898378,26.35919265942221,27.16685509195868,64207102
2006-04-12,27.338172912597656,29.30838182002833,27.034687608872606,28.390582556919796,59553105
2006-04-13,27.64411163330078,28.136052014405976,25.994519964109198,27.36265189363197,62760122
2006-04-17,29.13951301574707,29.239858876731777,27.746905450027665,27.847251311012375,58049902
2006-04-18,28.860504150390625,29.430764830581417,28.58638773308983,29.23986200893317,36014911
2006-04-19,29.79787826538086,30.174788269600914,28.980424733868674,29.11748291722142,63910916
2006-04-20,31.51844024658203,31.640813924897426,29.859059997587824,30.14296746340649,78278844
2006-04-21,32.03486251831055,32.619805402474775,28.150736317615046,31.38873167422547,95657392
2006-04-24,31.985912322998047,32.74217792005479,31.42544286933086,32.0617825525429,48252295
2006-04-25,30.49540901184082,32.00794031794819,30.25066159728581,31.988362475916404,58939978
2006-04-26,32.07891845703125,32.24779342583866,30.397512122903667,30.48561906708439,54493575
2006-04-27,31.22475814819336,36.46722833271021,31.038750883449215,32.24779699568791,73849681
2006-04-28,31.041189193725586,31.29817327391948,29.418518920842917,30.172338889411684,65660208
2006-05-02,32.8474235534668,33.123987747775736,31.772985759944856,31.772985759944856,53437666
2006-05-03,32.57085418701172,33.28551407941708,32.18905083223397,33.03097777049993,47742211
2006-05-04,32.12297821044922,32.93798417620553,31.846413985280066,32.64918324344026,37079725
2006-05-05,31.34956932067871,32.84007705464415,30.90168466067968,32.40442688168195,53946824
2006-05-08,31.54781723022461,32.25758159071468,31.41565460894092,31.738717808880587,29122140
2006-05-09,32.304080963134766,32.54148499762275,30.9971348813105,31.817036189951068,54711784
2006-05-10,32.703025817871094,33.04077577711696,32.40688154873137,32.541491975468595,49490304
2006-05-11,31.28104591369629,33.060352481061145,31.043641852410506,33.04077242180106,54444927
2006-05-12,31.516000747680664,32.20863284057051,30.61288579887558,31.3226501656842,58665475
2006-05-15,28.71609878540039,31.670188572036817,28.01612339754515,31.523339255152187,111738289
2006-05-16,28.109132766723633,28.97798330762765,25.72285517318391,28.576599806710412,122470962
2006-05-17,29.95207405090332,30.27513950954567,28.53743849982467,28.88008401917206,82105601
2006-05-18,26.6798095703125,29.859064610530016,25.952912957238222,29.859064610530016,113204112
2006-05-19,24.685129165649414,27.90109933110987,24.229901058797036,27.90109933110987,103510617
2006-05-22,23.05021858215332,25.06203336183779,21.04819272213913,24.964135296351547,59053197
2006-05-23,25.000850677490234,25.159934499028505,21.684535012398452,23.104066004038874,51468907
2006-05-24,23.686561584472656,25.79627694605996,23.324338247360277,25.448735881937473,53087110
2006-05-25,25.25049591064453,25.68369841666043,22.712475498267867,23.43202893375027,70596355
2006-05-26,27.063243865966797,27.96962050417349,25.60952757171165,25.910814579355804,93173407
2006-05-29,28.22823143005371,28.622418863460048,27.065759937996447,27.367049275880326,70172869
2006-05-30,27.46747398376465,28.562155600939835,27.11597019051652,28.562155600939835,49082348
2006-05-31,25.971071243286133,27.01553824407793,24.738299309330532,27.01553824407793,78380165
2006-06-01,24.55250358581543,26.734333218737934,24.115634991158082,26.613817979644477,66368861
2006-06-02,26.001201629638672,26.212103900009208,24.153300246684672,24.6052330333311,66012154
2006-06-05,24.826183319091797,27.11597605392624,24.625322990438537,26.66906529131128,54458321
2006-06-06,24.12065887451172,25.182703434543267,23.716431793890116,24.105594751425084,62965008
2006-06-07,23.14398765563965,24.47718893107493,22.596645626895967,23.75911711247184,67008633
2006-06-08,21.336254119873047,23.098790765850946,20.994792298726438,23.098790765850946,61573184
2006-06-09,22.900449752807617,23.143991418249193,21.140421442072167,21.341279515851184,52312401
2006-06-12,21.43416976928711,23.098788292651324,21.165519805837853,22.496212017670636,53949591
2006-06-13,19.48834991455078,21.165521639604595,19.332684268589148,21.165521639604595,56994148
2006-06-14,19.28999900817871,20.588051908078114,18.863174620800145,19.935258858861147,59397496
2006-06-15,20.778867721557617,20.884318864488662,19.73440283248111,19.985475357662153,68616244
2006-06-16,23.113853454589844,23.801796912539693,21.10275319836247,21.10275319836247,97635021
2006-06-19,23.922313690185547,24.24619804662198,22.902954907329637,23.661196896971795,57199580
2006-06-20,23.392545700073242,23.746560561186012,22.79750258976835,23.600936910625222,58411157
2006-06-21,23.997636795043945,24.203519245699788,22.948149655174483,23.450297036481214,35407127
2006-06-22,24.580129623413086,25.10236327261343,24.20853950876465,24.60523801643023,33957298
2006-06-23,25.740087509155273,26.204575674868423,23.726476017286327,24.354160760559868,67437582
2006-06-26,24.944185256958008,27.417262900669396,24.60523675299141,27.367048391730524,99325181
2006-06-27,26.038862228393555,26.362748822162345,24.007675820713583,25.05716500598336,136113838
2006-06-28,25.82545280456543,26.081547451651584,23.60093690695848,23.60093690695848,63481172
2006-06-29,25.594463348388672,27.115969327121583,25.376027880461105,26.613822041834435,59514871
2006-06-30,26.797109603881836,27.11346303691925,26.111677165634106,26.212106177053904,59413300
2006-07-03,27.228961944580078,27.36203029919323,25.170155401465976,26.965334027831872,45436871
2006-07-04,27.00550079345703,27.567904621437908,26.895027516318795,27.367046598841178,59716016
2006-07-05,28.30354881286621,28.371338502628006,26.61382187770356,26.895024901614114,79296304
2006-07-06,27.48505210876465,28.426579252153584,27.11597308643736,27.618122715858256,74767472
2006-07-07,26.257295608520508,28.06251548708605,25.94847543621714,27.869188427521852,68012617
2006-07-10,26.490795135498047,26.638929843756465,25.67480553053807,26.287426069431195,68410800
2006-07-11,25.83549690246582,26.61382517249197,25.609530483779725,26.61382517249197,54419980
2006-07-12,26.10916519165039,26.23219152244426,25.10738162970267,25.10738162970267,64118130
2006-07-13,26.076520919799805,26.55356202853648,25.659738569073365,26.212100282177566,50122702
2006-07-14,25.67731475830078,25.822938389956914,25.258021325306625,25.709954067220334,35354336
2006-07-17,24.828685760498047,25.709953919822492,24.710681580961662,25.709953919822492,38082889
2006-07-18,23.99010467529297,25.082275345859905,23.804310767577146,24.83120280496242,41066640
2006-07-19,23.10883331298828,24.650425565584385,22.925548221063327,24.504801918549028,42192617
2006-07-20,24.45709800720215,24.65042508589452,23.1490030991502,23.600935879997785,53892132
2006-07-21,24.256237030029297,24.469648063220873,23.405097139619084,24.454583942308684,85421230
2006-07-24,24.05286979675293,24.19347131516917,23.156537391366005,23.95244079060322,52593388
2006-07-25,24.886436462402344,24.981845617385503,24.35416087125889,24.359183004288735,53234276
2006-07-26,24.929113388061523,25.293170170669963,24.51233104626774,24.8563015766366,45203654
2006-07-27,24.994396209716797,25.207809548230394,24.434503491176827,25.057166042847204,48867963
2006-07-28,24.991884231567383,25.591951713971294,20.336977112453887,20.336977112453887,47250532
2006-07-31,24.916563034057617,25.55931180281084,24.76591726319037,25.107379039241913,38526277
2006-08-01,24.92660903930664,25.077254834440645,24.454589945285864,24.77094338564714,32653828
2006-08-02,25.662256240844727,25.810388696329362,24.760901626179947,24.90652301511991,41560231
2006-08-03,25.594463348388672,26.111674756547288,25.386072145386425,25.961031253316097,34108146
2006-08-04,25.63463020324707,26.23218655392252,25.368493610094593,25.609524093278377,57454480
2006-08-07,25.30070686340332,25.735064451597122,25.212830919288013,25.60701599745297,32173417
2006-08-08,25.66727066040039,25.7325492728772,25.358448234998328,25.358448234998328,22134412
2006-08-09,25.956010818481445,26.302492490736043,25.433777243703982,25.96103295127257,38289058
2006-08-10,25.91834831237793,26.21210440187076,25.637145279833256,25.986138004221157,25261553
2006-08-11,26.380325317382812,26.563608136700136,25.76519368498468,26.011246337943934,42436011
2006-08-14,26.69918441772461,26.884980556257126,26.463176057339584,26.463176057339584,20066873
2006-08-16,26.73685073852539,27.256573259042188,26.593738146770033,26.96532821713979,27212109
2006-08-17,26.043886184692383,26.965326981782038,25.93592397920837,26.965326981782038,36697655
2006-08-18,25.76017189025879,26.06146118194844,25.51663030039311,25.976096299631084,30324443
2006-08-21,25.51160430908203,25.704933641360768,25.26304289868705,25.609524508191797,38828803
2006-08-22,25.883193969726562,26.1568637614844,25.697400112182187,25.73003941995916,27584229
2006-08-23,25.383562088012695,26.154359372939442,25.288152940012722,25.810386501389925,28353630
2006-08-24,25.98362159729004,26.1091589645185,25.11741763009103,25.358448101440658,35312741
2006-08-25,26.400405883789062,26.739356572966212,26.1116719648366,26.11669409676232,43058233
2006-08-28,26.490795135498047,26.68914434372915,26.36526002282456,26.503350466378564,20936359
2006-08-29,25.973583221435547,26.910088062582222,25.832981714505596,26.613820926482177,33206706
2006-08-30,25.451351165771484,26.01124615955075,25.37100841770005,26.01124615955075,47509813
2006-08-31,24.91908073425293,25.694898017598746,24.856310888175212,25.514123954238062,53600281
2006-09-01,25.20027732849121,25.34589869385414,24.71068311801841,24.73578923036672,31043391
2006-09-04,25.41368865966797,25.609526800903808,25.17516921716629,25.358452027574124,18105570
2006-09-05,25.80536460876465,25.855579107878583,25.232916589446095,25.45888297271701,34290115
2006-09-06,26.1920166015625,26.299978798693424,25.860601360767983,25.860601360767983,40764339
2006-09-07,26.222158432006836,26.3527157317261,25.78026746280546,26.16189964208589,29368312
2006-09-08,26.38534927368164,26.60378478043767,26.12172139027794,26.352709955905503,28587215
2006-09-11,24.941667556762695,26.51087907318783,24.708170266024524,26.458153511647556,33949117
2006-09-12,25.1575984954834,25.28313590443855,24.354161807590682,24.89648168564411,38182869
2006-09-13,25.205297470092773,25.652208110283194,25.084782215721013,25.55931230922532,23519777
2006-09-14,25.51160430908203,25.61454664007339,25.232914656430008,25.53922375991453,20999173
2006-09-15,25.323305130004883,25.509101306625325,24.9818455748918,25.408670018783152,24105035
2006-09-18,25.02452278137207,25.451349429838125,24.966777359156655,25.35845135675067,22470387
2006-09-19,24.519861221313477,25.433768526688667,24.354151366650594,25.182696090933234,35223911
2006-09-20,24.91404914855957,25.057161704881658,24.32653707730865,24.831195348668523,26276615
2006-09-21,25.25550651550293,25.396107994324044,25.107374114325523,25.258017581127017,24014247
2006-09-22,24.946687698364258,25.453857020167003,24.75838278631995,25.20780441927644,30100131
2006-09-25,25.494037628173828,25.785282681720428,24.683067758814726,25.05716891059553,58597472
2006-09-26,25.762685775756836,25.865625859066387,25.423737275717304,25.60450905089944,31103794
2006-09-27,25.928394317626953,26.23470348462461,25.790301583863464,25.910816852396703,30157281
2006-09-28,26.063968658447266,26.257295718823602,25.765190474229293,26.061457592472518,32912824
2006-09-29,26.89752960205078,26.98289446060387,26.262311882371776,26.362743134654202,56679854
2006-10-03,26.862380981445312,27.231459887010303,26.774505051548886,27.035621775453105,22448206
2006-10-04,26.29998016357422,27.05069117564388,26.212104216525375,26.91511179291611,24990493
2006-10-05,26.985416412353516,27.552842412702482,26.613826315296095,26.751916784060747,24988605
2006-10-06,26.94524383544922,27.487563717283262,26.777025116477084,27.216404913624675,44549609
2006-10-09,26.428028106689453,27.015540270065294,26.33764109512782,27.00047614722444,43069038
2006-10-10,26.006223678588867,26.814682379078917,25.910814534173028,26.611311033579746,68047693
2006-10-11,25.463905334472656,26.31253431962641,25.368498459129224,25.961032791263793,32257046
2006-10-12,25.92337417602539,25.986141744316644,25.35845696333651,25.483994374435916,26101806
2006-10-13,25.694894790649414,26.252278762408057,25.58442151307891,26.1116772362335,29223271
2006-10-16,25.697404861450195,26.09661210079482,25.63965715843264,25.860603705012874,21769001
2006-10-17,25.893239974975586,26.031330413096867,25.60952590050108,25.86060066500325,29278604
2006-10-18,25.55931282043457,26.212103605128295,25.388583062869532,26.11167460356257,75779494
2006-10-19,25.215341567993164,25.755148005671373,25.039589682672446,25.755148005671373,38741838
2006-10-20,25.5291805267334,26.15686515468608,25.33334466964071,25.55931104472302,84467545
2006-10-23,25.549272537231445,26.046400039133452,25.461396578537496,25.860606129830614,19450576
2006-10-26,25.13499641418457,25.672294057341873,25.03958954810403,25.672294057341873,60754957
2006-10-27,25.13499641418457,25.52165055981218,24.96677772821726,25.348409741572286,45365876
2006-10-30,25.014484405517578,25.358455020472434,24.924097385470425,25.097338226178838,24931823
2006-10-31,24.627832412719727,25.34339316320175,24.467146889947713,25.30824277862345,38184590
2006-11-01,24.6002140045166,24.906523183738297,24.517360180565397,24.881417067155176,28931419
2006-11-02,24.44454574584961,24.878903351855044,24.381775912040982,24.610253376109917,24692395
2006-11-03,24.738296508789062,24.856300677597773,24.336578302075853,24.68054882000349,28096391
2006-11-06,25.428756713867188,25.549271986834558,24.688089884702794,24.85128646553527,36831368
2006-11-07,24.966785430908203,25.709963432327783,24.856312133926956,25.461399651378546,48040380
2006-11-08,24.81362533569336,25.202788306991806,24.53242229608676,24.956735647336036,41935782
2006-11-09,25.212831497192383,25.355941802731994,24.715704066369266,25.02703533993768,34550239
2006-11-10,25.22287368774414,25.378539325763118,24.979332102898603,25.358453070128967,24447245
2006-11-13,24.96175765991211,25.358453828369356,24.90903209023963,25.308239325040798,14243309
2006-11-14,24.68808364868164,25.157591563704546,24.61024970323964,25.006945804659697,21558819
2006-11-15,24.41441535949707,24.755874855267074,24.354156597264286,24.680551971105185,21764750
2006-11-16,24.21858024597168,24.826178703646956,24.103084839249803,24.555019926070933,53170240
2006-11-17,23.9197998046875,24.434502405617163,23.78170936225876,24.354157386702404,33268415
2006-11-20,23.214284896850586,23.91980361841467,23.025979924835365,23.85201391946986,42309623
2006-11-21,23.887161254882812,24.027762767947586,23.199217812456382,23.3197330701524,44342811
2006-11-22,23.75409698486328,24.105598552854847,23.44276338541513,24.105598552854847,25232877
2006-11-23,23.653661727905273,24.103083447879072,23.563276990275238,24.037804823640762,28561294
2006-11-24,24.25875473022461,24.401865055286347,23.6084726401592,23.65115622318036,42481072
2006-11-27,24.221088409423828,24.590165084775297,24.12819033680615,24.404371214056322,20448290
2006-11-28,23.9022274017334,24.100576631464268,23.216794967502718,24.100576631464268,18365860
2006-11-29,23.97252655029297,24.203515079267085,23.852011290505725,24.088019677521746,15030616
2006-11-30,23.49549102783203,24.150795327422276,23.405106267110778,24.088025478873675,53020639
2006-12-01,23.508041381835938,23.751582974747397,23.425185290286365,23.600937189760266,12018748
2006-12-04,23.52812957763672,23.764137990947127,23.455317745493037,23.68630402568545,9718680
2006-12-05,24.758390426635742,24.85630837425127,23.656175514002737,23.836949559080246,47350143
2006-12-06,24.657957077026367,25.20780776614189,24.27130293857617,24.85630400391444,49793305
2006-12-07,24.708179473876953,24.931634858578708,24.354164532389824,24.605239378390944,20687195
2006-12-08,24.339101791381836,24.755884330841614,24.0026620244681,24.755884330841614,27100921
2006-12-11,22.789968490600586,24.582635498705255,21.346294197178917,24.30394354020348,81555953
2006-12-12,22.164796829223633,23.28458689397005,21.79320676043161,22.739755985741333,63035362
2006-12-13,21.9212589263916,22.335530371077034,21.3287244793026,22.189906688913485,80575967
2006-12-14,21.883594512939453,22.315441092776766,21.730439925403466,22.315441092776766,47656137
2006-12-15,23.056106567382812,23.189174876313725,21.994064338519472,22.19492233498247,69145695
2006-12-18,20.779870986938477,20.86222213012577,20.19637563067997,20.640274813321483,36985077
2006-12-19,20.198383331298828,21.101746181570515,20.045228770313038,20.817531711791936,38789405
2006-12-20,20.644794464111328,21.039482212049798,20.01861552618297,20.41832540652493,48550060
2006-12-21,20.790918350219727,20.995292753165355,20.462514564134498,20.68446188133167,26124081
2006-12-22,21.243854522705078,21.306119405402345,20.693501195149114,20.81753056696581,23394827
2006-12-26,21.206195831298828,21.676706875468202,20.99529355799797,21.60791412217904,20186206
2006-12-27,21.354829788208008,21.50145649019965,21.17255004109546,21.2835236979662,23190131
2006-12-28,21.14845085144043,21.65210621569123,21.050532901030838,21.43467605189438,47745655
2006-12-29,21.405550003051758,21.55016832761957,21.18611144969816,21.217245035094724,20251490
2007-01-02,21.24837875366211,21.696292518259856,21.088193635392084,21.350313497370248,12280772
2007-01-03,20.926498413085938,21.383453336013964,20.866241920775213,21.261432346923165,17252707
2007-01-04,20.675426483154297,21.08417303935506,20.44494061712766,21.015380284524742,21332845
2007-01-05,20.801965713500977,20.95060081608191,20.31387722322059,20.684461917907633,36058821
2007-01-08,20.593568801879883,20.962144996284643,20.50669594374642,20.962144996284643,15821057
2007-01-09,20.193864822387695,20.81753269644269,20.129589260739106,20.81753269644269,18863500
2007-01-10,20.065319061279297,20.4579984730516,19.978948833101903,20.151687014939846,19714369
2007-01-11,20.511226654052734,20.591066744124266,20.023138085639264,20.118544968954755,11666873
2007-01-12,20.779870986938477,20.89335571151967,20.595582839270573,20.63776374714243,17976939
2007-01-15,21.5722599029541,21.652102253342385,20.78639855333714,20.86222183318626,28548969
2007-01-16,21.414587020874023,21.90066485596865,21.350311457520917,21.6611400665002,28098754
2007-01-17,21.487899780273438,21.838398204240544,21.356837597858142,21.507983759842478,20340355
2007-01-18,21.1173095703125,21.652098326351428,21.00834433126402,21.528066693175635,24541964
2007-01-19,20.76430320739746,21.306120298120636,20.557920416602084,21.306120298120636,27884535
2007-01-22,20.921981811523438,21.103761198674977,20.66237300658472,20.906415018159258,18040999
2007-01-23,20.6221981048584,20.962151903910765,20.53381948811315,20.962151903910765,13517581
2007-01-24,21.34126853942871,21.528067725696744,20.635752302452115,20.720111831224564,46824077
2007-01-25,22.641834259033203,22.748288446644658,21.494424929609096,21.528069575105082,110804694
2007-01-29,23.048072814941406,23.12138730959471,22.424407177537123,22.71314114256596,79403028
2007-01-31,20.635757446289062,23.924824591499387,20.46703607217117,22.815076522113284,237129131
2007-02-01,20.302831649780273,20.950602625091335,20.045231264208706,20.85770681521527,140035173
2007-02-02,20.53582763671875,21.43919283202803,20.389200926320097,21.43919283202803,119076490
2007-02-05,20.862224578857422,20.97068945832819,20.21646425853059,20.551395945606494,50509724
2007-02-06,20.635757446289062,21.084173864205116,20.56897081249481,20.95060287113331,40985671
2007-02-07,20.620189666748047,20.826572478465,20.48461028192351,20.704549212509644,31734387
2007-02-08,20.53582763671875,20.64027571192571,20.340492154068684,20.64027571192571,20939874
2007-02-09,20.12055206298828,20.613660402355325,20.03217345242427,20.551393240454964,24636481
2007-02-12,19.699249267578125,20.360576261827035,19.643509970503047,20.129587756381046,52533614
2007-02-13,19.191076278686523,19.88554758718582,19.086630479637346,19.707787296831068,50512728
2007-02-14,19.46625328063965,19.659077685736143,18.91991557076922,19.308579252493722,59004905
2007-02-15,19.630456924438477,19.841359204980726,19.53505004963125,19.752477918401745,23428205
2007-02-19,19.69021224975586,19.863453077016555,19.428090139417858,19.7524771402091,18484351
2007-02-20,19.723356246948242,20.076365800050482,19.66360014213579,19.841360451948805,28268528
2007-02-21,20.19637680053711,20.340492446720877,19.58576462359543,19.779091710899635,34792291
2007-02-22,20.18281364440918,20.5734845231407,20.02313124430819,20.373629620360646,72656438
2007-02-23,20.429372787475586,20.72463459699981,20.15620335664925,20.249604101923627,73767751
2007-02-26,20.862224578857422,21.08417419622981,20.373635639332687,20.520262360558245,72753282
2007-02-27,20.817535400390625,21.288048767329787,20.762298760120892,20.87076364233389,60271150
2007-02-28,19.641504287719727,20.631237458455143,19.494877572521265,19.574717655619015,67320350
2007-03-01,20.023134231567383,20.169760931350382,19.57923506173802,19.78360945842307,41768323
2007-03-02,19.68368148803711,20.668895008476163,19.530524664438325,20.196373363659823,68548788
2007-03-05,18.675872802734375,19.588274615437662,18.431828557708315,19.588274615437662,53580914
2007-03-06,18.609590530395508,19.04193975893479,17.943742831295836,18.819990146815456,53856665
2007-03-07,18.34294891357422,18.984694655963803,17.98341153579461,18.74014887340482,43019440
2007-03-08,18.98670768737793,19.041943197660302,17.717278091300667,18.50966639445231,49727487
2007-03-09,19.25535011291504,19.530525647025158,18.73160974844678,19.084117700370925,61951894
2007-03-12,19.33067512512207,19.57471940988328,19.102199908157036,19.428092681544296,26068535
2007-03-13,19.741430282592773,19.907642857676425,19.39745968616234,19.39745968616234,27296248
2007-03-14,19.084117889404297,19.299539607257003,18.864679375680698,19.175507956274267,29408327
2007-03-15,19.230745315551758,19.730381517167974,19.12228272485643,19.30857926794018,20493364
2007-03-16,19.110736846923828,19.5305307885651,18.755717735515056,19.308583427078812,19769547
2007-03-19,19.082111358642578,19.348250268068597,19.026874723722095,19.263888448459756,17111964
2007-03-20,18.79589080810547,19.348253847729286,18.713538508650707,19.175513380288596,25366471
2007-03-21,19.09316062927246,19.30858239013357,18.78032245102794,19.30858239013357,26429006
2007-03-22,19.62141990661621,19.685695478489574,19.237276754569336,19.308582858048936,28147793
2007-03-23,19.45520782470703,19.969908197739322,19.37486279851501,19.969908197739322,20203578
2007-03-26,19.610370635986328,19.814745053449776,19.455207660375656,19.455207660375656,30323707
2007-03-28,19.59028434753418,19.952332806377417,19.39946832402727,19.574717555729368,29790587
2007-03-29,19.528018951416016,19.779091462970236,19.241793786275977,19.574717051109992,32809615
2007-03-30,19.958858489990234,20.01861458432755,19.42407192419073,19.623424186838744,38192938
2007-04-02,18.81597328186035,19.78361181130499,18.697969082431737,19.574717925687455,31386194
2007-04-03,19.137845993041992,19.233255127699138,18.824507492197217,18.975653648447643,18170165
2007-04-04,19.441648483276367,19.605850381366157,19.175509577392223,19.308580167592567,20961746
2007-04-05,20.662370681762695,20.862223357367622,19.44164899494656,19.44164899494656,91891109
2007-04-09,21.903173446655273,22.016157769282948,20.735680152084118,20.77986945473763,84415240
2007-04-10,21.998584747314453,22.277777101445064,21.807266064522533,22.060346968972343,86859756
2007-04-11,22.704099655151367,23.05459807987331,22.17835201806845,22.17835201806845,92166609
2007-04-12,22.018169403076172,22.992836172624056,21.951885439354477,22.80855028597733,66192354
2007-04-13,22.69104766845703,22.87734423754679,22.15374994871455,22.19593086188049,80822578
2007-04-16,23.724971771240234,23.835945450922953,22.90395987552486,23.06364233467889,101300874
2007-04-17,23.43422508239746,24.013703703829016,23.26550370759206,23.76715064182824,63358632
2007-04-18,22.704099655151367,23.05459807987331,20.96415831291204,22.63731303076227,154936552
2007-04-19,22.451017379760742,22.582079567638694,21.317168646302225,21.317168646302225,48411134
2007-04-20,23.673749923706055,23.813848780483745,20.595585047557332,20.595585047557332,82943658
2007-04-23,24.72825813293457,24.856806977075905,23.818365135914014,23.933860530358317,83385300
2007-04-24,25.73356056213379,26.00873843315609,24.52388834875763,24.723743320060347,124347259
2007-04-25,25.351930618286133,25.966559709090117,25.016496218801567,25.966559709090117,56508287
2007-04-26,24.878902435302734,25.700414574651635,24.728258933841644,25.522654287630626,43434663
2007-04-27,23.84699058532715,24.85681003622084,23.747064243435194,24.85681003622084,37079998
2007-04-30,24.388809204101562,24.50179355303942,23.52963549182883,23.702876340586744,39558770
2007-05-03,24.719221115112305,24.850281035502995,23.980057811995657,24.63485929481605,50506459
2007-05-04,24.564054489135742,25.147549844130907,24.47517548388193,24.856807502909355,33238707
2007-05-07,24.521879196166992,25.07876050990155,24.437517369114428,24.643900197404225,22382959
2007-05-08,24.561540603637695,25.078751892643737,24.43499790653992,24.559529931502627,31788058
2007-05-09,24.961252212524414,25.076747604385663,24.45759923079983,24.479693882746343,29136567
2007-05-10,25.584922790527344,25.966554833822983,25.078758688523116,25.078758688523116,77074902
2007-05-11,25.28312873840332,25.553784795233486,24.963258974260793,25.433772221742274,30354579
2007-05-14,26.27286148071289,26.41697710118687,25.525162047263443,25.525162047263443,36132760
2007-05-15,26.288427352905273,26.536991044294922,26.106650283926214,26.454639906774986,36370775
2007-05-16,26.148332595825195,26.441588303891923,25.89123487917354,26.383840600297702,27224814
2007-05-17,26.554574966430664,27.00952159388677,26.188509642056275,26.410459291108584,80632523
2007-05-18,26.250768661499023,26.47723543103605,25.86009773302193,26.399403756015335,29545401
2007-05-21,27.642221450805664,27.80441723389584,26.328101253826087,26.34366804585342,58190051
2007-05-22,27.908353805541992,28.265882720849152,26.745380063295123,26.745380063295123,33251661
2007-05-23,29.28022575378418,29.4599944371403,27.744156078585043,27.964097271752337,91341104
2007-05-24,28.039419174194336,29.024630495594103,27.87722341074636,28.85189234869947,49236829
2007-05-25,27.655780792236328,27.942005978653846,27.431322382379154,27.853124688049608,48568999
2007-05-28,27.806427001953125,29.599594613810236,27.74215143246575,29.599594613810236,21252980
2007-05-29,27.995229721069336,28.13733695504556,27.577944672692112,27.87521486462778,19972201
2007-05-30,27.821990966796875,29.71960647050352,27.697456637101414,29.71960647050352,36790854
2007-05-31,28.05950927734375,29.029156294725155,27.790861539395568,29.029156294725155,30066824
2007-06-01,28.190567016601562,28.663086451253484,28.08159947911424,28.190567016601562,17940414
2007-06-04,28.32363510131836,28.623416376351596,28.148385879315054,28.274926330416715,17238185
2007-06-05,28.483318328857422,28.71430685873082,28.274927121068533,28.274927121068533,17960113
2007-06-06,27.444881439208984,28.603336154100134,27.342444017878634,28.585260567642063,15446800
2007-06-07,27.296241760253906,27.777802415588276,26.85636162168225,27.076300553709775,26807728
2007-06-08,26.758678436279297,27.505578218044388,26.637210702644552,27.505578218044388,21996507
2007-06-11,26.5048828125,27.16029480768949,26.347233023274946,27.140136425195575,15612181
2007-06-12,27.567081451416016,27.813636470669735,26.5002278530818,26.5002278530818,66044618
2007-06-13,27.270395278930664,28.007993186894836,27.119464926573638,27.567088787683314,52699886
2007-06-14,28.133594512939453,28.309852781315545,27.09672070954538,27.09672070954538,28381213
2007-06-15,27.43476676940918,28.327944799579804,27.22904587886101,28.108784985297508,18496605
2007-06-18,26.918397903442383,27.822949915089183,26.79744758139845,27.434768683099982,18013428
2007-06-19,27.964576721191406,28.190973440574417,26.728701337208356,26.865675356017263,23498903
2007-06-20,27.84362030029297,28.181665408983566,27.642551533216416,28.09947960401514,14578857
2007-06-21,27.861711502075195,28.16822428411853,27.66529252412166,27.857059387392457,15656543
2007-06-22,27.42081642150879,28.054000582715858,27.071399645441044,27.47560697238279,12822179
2007-06-25,27.42081642150879,27.585185732854363,27.103447037132494,27.402725378580687,10943769
2007-06-26,27.603788375854492,27.90978377482446,27.309162212801446,27.368604867392623,12370967
2007-06-27,27.07811164855957,27.571739209964402,26.90237080604061,27.505577097727276,15469004
2007-06-28,27.116880416870117,27.388763427265857,26.870327670923952,27.04865095327925,17928232
2007-06-29,27.29521369934082,27.496282533920812,27.018680837325075,27.04865854293712,7683450
2007-07-02,27.11481475830078,27.811578522928382,27.057956868435255,27.29520773982226,12842104
2007-07-03,27.448205947875977,27.679252422107055,27.00264943133282,27.140140860533297,18787756
2007-07-04,28.160995483398438,28.273159007338943,27.368609248203736,27.551069593199905,27821911
2007-07-05,28.698036193847656,28.784874121135683,28.076738802350153,28.3532739359649,35786965
2007-07-06,28.478878021240234,29.03608067293472,28.37343396737112,28.723365782975748,19584419
2007-07-09,28.622573852539062,28.876363504478352,28.42408982577837,28.647899436636806,14110522
2007-07-10,28.969913482666016,29.150306422444537,28.51970492478867,28.738864705108313,22137190
2007-07-11,29.949934005737305,30.2011412053717,28.647896618326136,28.78694031255129,38612601
2007-07-12,30.70355796813965,30.795048021211148,30.155659517653877,30.24921457640158,21471355
2007-07-13,31.79108238220215,31.96010377025795,30.703552713872092,30.703552713872092,32727827
2007-07-16,31.74559783935547,32.5291971646541,31.34346027249999,31.96734243119553,27962808
2007-07-17,31.1170654296875,32.0743383252205,30.797631077341652,31.713552353572332,18222743
2007-07-18,31.197179794311523,31.57192206375907,30.16702544916308,31.160480295541753,20126100
2007-07-19,31.18374252319336,31.658759320699144,31.00748424489879,31.343459686811954,12790927
2007-07-20,32.67547607421875,32.8967032485789,31.251970868168733,31.251970868168733,59841038
2007-07-23,32.94478225708008,33.19857430115601,32.43978293831409,32.531273004701745,44304185
2007-07-24,32.97682189941406,33.46321029600892,32.39429134239287,33.052285909614284,34406848
2007-07-25,32.412384033203125,33.15721656769102,32.08364310258026,32.91996568660809,23847536
2007-07-26,32.149803161621094,32.80107825787043,31.8458727542655,32.531264924913486,15800432
2007-07-27,29.771615982055664,31.855183509053106,29.522476065474937,31.754908977165385,31431351
2007-07-30,29.39944839477539,30.841042094436727,29.01333456797899,29.92718833120786,38206177
2007-07-31,29.984045028686523,30.146346937808605,29.346724048564315,29.55709702889171,22349260
2007-08-01,28.49903678894043,29.835704137419714,28.376019114665237,29.833636790553626,30498124
2007-08-02,29.22319793701172,29.465616031158234,28.46957620036294,28.91978491149787,16246064
2007-08-03,29.80573081970215,29.91789435410326,29.24180627375019,29.24180627375019,14634582
2007-08-06,29.668752670288086,29.924609674605524,28.147555285425497,28.147555285425497,17736443
2007-08-07,29.232498168945312,30.15565628203655,29.106893392720487,29.92719222617623,19513247
2007-08-08,29.71681022644043,29.972669475727916,29.356024382507275,29.972669475727916,15893287
2007-08-09,29.80573081970215,30.84105266340577,29.51575669846348,30.06417262872519,31326028
2007-08-10,29.01075553894043,29.287288351601436,28.556412165198818,29.16840537079942,24362203
2007-08-13,29.3767032623291,29.703374417827487,29.241794281829783,29.28728058347049,11010430
2007-08-14,29.289880752563477,29.68943368515525,29.20976460194259,29.424272381827613,12439504
2007-08-16,26.292448043823242,28.437527497784043,26.146169799066293,27.48490441792877,72324500
2007-08-17,24.873594284057617,26.180281357977222,24.10136427584753,26.089308746992238,124284350
2007-08-20,26.01126480102539,26.2583373366606,25.220945949747676,25.220945949747676,30500262
2007-08-21,24.960432052612305,26.86567346606547,24.81415381274644,26.271771356621908,22727745
2007-08-22,26.01126480102539,26.226289948096557,24.675112523909142,25.129455899856016,27635204
2007-08-23,25.57759666442871,26.79279624489342,25.335176250003272,26.454751088948814,22238001
2007-08-24,26.632558822631836,26.847583942102297,25.58638076044501,25.67786845731708,20966994
2007-08-27,27.546417236328125,27.633255173718883,26.774189396870938,26.82019313458436,20511198
2007-08-28,27.67925453186035,28.072087885597174,27.19493347276897,27.660648410597872,20294379
2007-08-29,30.153066635131836,30.333459582449194,26.95715982140654,27.33396940656859,80056550
2007-08-30,30.036771774291992,31.069510998210557,29.88118929565822,30.612582874224454,66701832
2007-08-31,31.51247787475586,31.654103984600965,30.155652401844577,30.155652401844577,66491698
2007-09-03,31.599319458007812,32.09707941732589,31.388946444656263,31.526437877525918,36644922
2007-09-04,31.243188858032227,31.980786920713083,31.094325821089818,31.75490759613863,31721207
2007-09-05,31.163076400756836,31.80039766990153,30.90256488470326,31.434957156418537,40521135
2007-09-06,31.649459838867188,31.75490624149376,30.888603568749282,31.297978073515452,22001838
2007-09-07,31.448389053344727,32.211314963794834,31.302110800992935,31.754904246555004,32318482
2007-09-10,31.67220115661621,31.916688921491517,30.893253889682594,31.069512184182067,27476864
2007-09-11,32.38291931152344,32.51317386242774,31.759037145329735,31.77971295399055,48079576
2007-09-12,32.51058578491211,32.8238180498627,32.439771557179256,32.66823559065144,32005614
2007-09-13,32.282127380371094,32.798498188543945,32.1270623160726,32.62275497280755,19900019
2007-09-14,32.154457092285156,33.079682608478045,32.010763608731274,32.53126676136536,28513311
2007-09-17,32.24129867553711,32.66411215862046,32.08158146820684,32.21132096990726,21093690
2007-09-18,32.45579147338867,32.57725918008123,32.07432747979914,32.30279147021503,15802450
2007-09-19,34.03902816772461,34.13051823082053,32.94271372457448,32.95615265187624,40694757
2007-09-20,33.79039764404297,34.35225233157136,33.60535022745403,34.03901772283619,21719415
2007-09-21,33.83123779296875,34.2674901638622,33.68030741053295,33.7195916870689,20034718
2007-09-24,34.24267578125,34.56469724065281,33.71028363825669,34.13051226596648,17811961
2007-09-25,33.9935302734375,34.87999111653155,33.49525294741715,34.17599291539229,29396287
2007-09-26,34.352264404296875,34.86139608067635,34.04368180215812,34.331588590308456,22272329
2007-09-27,36.32365798950195,37.00904779668022,34.26748388541524,34.26748388541524,93713319
2007-09-28,38.85950469970703,39.679803588243885,36.552125513407596,36.826073557013444,104132708
2007-10-01,38.44805908203125,39.24302996647948,38.11260106360741,39.06522176429356,36866159
2007-10-03,38.40258026123047,39.42136327770828,36.780590790817506,38.77474019405036,27068196
2007-10-04,39.52214813232422,40.03593646542645,37.92755656469724,38.42531652238289,40710775
2007-10-05,38.10536193847656,39.97907326639916,37.55746125493138,39.7480268039263,21979788
2007-10-08,36.07451248168945,38.7793764686156,35.409796245354855,38.2836839412109,31169944
2007-10-09,38.17876052856445,38.33382556537926,35.13585121045866,36.323655339300565,30833197
2007-10-10,43.837120056152344,44.29714806205683,43.39776551956444,43.542493852437985,22092105
2007-10-11,38.86416244506836,39.44876280368004,38.37983895989461,38.83211505203501,19002189
2007-10-12,38.852783203125,40.675841220245715,38.16273890986993,38.60829545052716,33709286
2007-10-15,41.669307708740234,41.9871922126497,39.110720719266304,39.20220844795343,43667061
2007-10-16,41.493553161621094,42.21770980980645,40.67583912688065,41.577806317591346,28462158
2007-10-17,39.57229232788086,40.59107524975173,36.55212564452819,39.522151556968545,39356722
2007-10-18,38.15808868408203,41.39534764160448,37.054535249941814,40.02456330237878,25574421
2007-10-19,38.934967041015625,39.79610003868185,35.6863366322045,37.465975594483595,40375144
2007-10-22,38.265602111816406,39.70461131105916,37.05453721793834,37.05453721793834,22632681
2007-10-23,40.86760330200195,41.10743892454177,38.74526945974007,38.790753427008866,22943614
2007-10-24,41.8636474609375,42.35262298919528,40.90172009853444,41.349344007064715,33001891
2007-10-25,45.18309020996094,45.756318904076565,41.76078594859884,41.9391115899098,92931106
2007-10-26,45.13037109375,47.883304602241644,44.1482853029332,45.56662110067045,66533720
2007-10-29,52.773101806640625,54.872332047940986,52.04217415685884,52.04217415685884,40572324
2007-10-30,52.73801040649414,53.47478649345135,52.19712418462174,52.9192813453755,22238391
2007-10-31,52.966068267822266,53.91335329328813,52.393022192264134,52.685391396667654,17736244
2007-11-01,51.78781509399414,54.31682901453482,51.04811224832161,54.08877933427943,22519329
2007-11-02,52.47779846191406,52.67368831747928,45.311766947559896,50.58030688541474,13972833
2007-11-05,51.40773010253906,52.626921607358724,51.17091001122154,52.334547713502566,13537518
2007-11-06,50.30841064453125,52.35793571379189,49.83184387888219,52.03632865313545,11100465
2007-11-07,50.43119812011719,51.45157762838693,50.001414801298814,50.308402886169084,8505236
2007-11-08,49.58625030517578,50.34641580700619,49.11845398902535,50.28209158932327,8348435
2007-11-12,47.59519958496094,48.12439355927521,46.28537730390649,47.832024353971136,25876279
2007-11-13,48.764678955078125,49.58624670241218,47.364221385970325,47.595192932224876,16005619
2007-11-14,50.173919677734375,50.869765705541546,49.76167712305154,49.83769367991018,14288513
2007-11-15,50.2791748046875,54.67352091848544,49.88447308597842,53.85488430555951,19370358
2007-11-16,49.32310485839844,50.28793047869141,46.54557471291368,50.28793047869141,12506950
2007-11-19,50.45166778564453,50.562770693088254,49.4751450127339,50.562770693088254,11746268
2007-11-20,50.24700927734375,51.92229995534058,49.73828278001273,50.47213701257456,26507923
2007-11-21,48.24427032470703,51.34048655730216,47.53965384068314,50.40489847834374,17368566
2007-11-22,47.8349494934082,48.88456240968527,45.89067401200786,48.53371746663284,19587144
2007-11-23,47.811546325683594,51.45741825901506,47.104008135736514,51.45741825901506,9485433
2007-11-26,49.729522705078125,50.11252744333796,47.519189127685905,49.08922572835137,17829533
2007-11-27,49.63888168334961,50.43413361467984,49.352356298541615,49.81430414602426,16048464
2007-11-28,47.750160217285156,50.09790305608338,47.24727749501859,49.99557523700715,15116811
2007-11-29,46.67715072631836,49.55701398500988,46.267830107647,49.55701398500988,25541832
2007-11-30,48.293975830078125,48.47524682891509,47.07186222707498,47.07186222707498,10842104
2007-12-03,49.24709701538086,49.4108271283839,48.416763483142,48.53371021917847,9018336
2007-12-04,51.024723052978516,51.28201059290377,49.35235872601709,49.35235872601709,23741797
2007-12-05,50.60955810546875,51.62701123928636,50.141761731221685,51.16506337329174,22075880
2007-12-06,49.59501266479492,51.422336167242534,49.32895478239515,51.165048703430465,9746460
2007-12-07,48.65357971191406,50.52183352397834,48.31150526812278,50.054037251633105,14262514
2007-12-10,48.7266731262207,49.17692859220966,48.533709842619686,48.65065657774879,8852236
2007-12-11,48.902095794677734,49.7616670965334,48.67988999436146,49.0248910260069,16201948
2007-12-12,50.5686149597168,50.69725870746732,48.27057302209512,48.84947222824841,45582355
2007-12-13,52.04508972167969,52.621062287717585,50.78204168990648,51.12996463226403,44064674
2007-12-14,51.28492736816406,53.14733273929843,51.05102922369646,52.305302228746136,34356073
2007-12-17,48.14485168457031,51.74979353806742,47.65658799501133,51.28199728098917,17165814
2007-12-18,47.78522872924805,49.4049700068914,47.56302762824487,49.4049700068914,26083210
2007-12-19,48.200408935546875,49.317267888385715,46.91689794769333,48.352442042398735,23943101
2007-12-20,48.19749069213867,48.87871312966856,48.00744929410627,48.53079478754204,17581154
2007-12-24,50.54230499267578,50.71772743817393,48.6506570016592,49.05997760200556,19243030
2007-12-26,52.205902099609375,52.50411980838502,50.77912841166773,51.18844903903146,14322982
2007-12-27,52.925140380859375,53.40170716828222,52.10065057266431,52.97776758915065,32505362
2007-12-28,54.46009063720703,54.76123495872814,50.91069705140215,50.91069705140215,22969002
2007-12-31,54.69691848754883,55.389837974681015,52.983619227878236,54.673524453545944,16068480
2008-01-01,54.512718200683594,55.959959418543846,54.31682829477859,54.907419925322515,14286067
2008-01-02,54.58872985839844,54.965890707094495,52.66492670389629,54.67351683090284,15938538
2008-01-03,54.15602111816406,54.90741623743512,53.65606500952758,54.90741623743512,15642150
2008-01-04,54.46009063720703,55.1500881726241,54.03615105682958,54.94835444237512,9810045
2008-01-07,54.135555267333984,55.49215614558096,53.38708210351853,53.38708210351853,9657369
2008-01-08,52.11819839477539,54.828483352326195,51.26154877779016,54.6735236334222,22797769
2008-01-09,52.264381408691406,53.05963336936003,51.217690419494616,51.749806335167435,13003782
2008-01-10,49.94586181640625,53.79639900493989,49.70319325680317,53.79639900493989,14609168
2008-01-11,49.89616012573242,50.62416578868381,48.6214197375173,49.94586072845553,14095280
2008-01-14,49.013206481933594,53.88411956926373,48.7179106596543,53.88411956926373,17026667
2008-01-15,49.82598876953125,50.51598617997734,48.88455237874026,50.229465522057446,18440604
2008-01-16,47.83203125,50.287950722327544,46.911057350643254,50.287950722327544,30965293
2008-01-17,47.408084869384766,48.50447641489366,47.07185419541804,48.50447641489366,34202389
2008-01-18,45.75617980957031,47.878799368900616,45.039866414831785,47.40223263741172,22146455
2008-01-21,42.19509506225586,45.60999640118791,36.604946682136024,45.4345739324304,39468325
2008-01-22,39.21582794189453,50.2645566685205,31.45920529092664,40.69815318630052,37703714
2008-01-23,40.847267150878906,42.3325120671646,40.054937052105046,41.516797299057096,23681916
2008-01-24,39.22167205810547,43.271019017562836,38.078497203710505,41.80915903305374,26668419
2008-01-25,41.81208419799805,42.04305575446976,39.47018545386986,40.932045388378505,15483155
2008-01-28,40.73908233642578,41.16594850434504,39.11934528572667,41.16594850434504,8652349
2008-01-29,41.820858001708984,42.183399931629374,40.768318576394144,41.75068995536861,9918302
2008-01-30,42.29450225830078,43.271025223888664,41.51971771332439,41.86764074858829,14175512
2008-01-31,43.189151763916016,43.586780019495826,40.51687561284695,42.45237564283066,25357458
2008-02-01,45.40240478515625,45.66846268746027,43.156990156668535,43.27101497194169,22898667
2008-02-04,46.90519714355469,47.77061701766465,45.434566803532505,45.434566803532505,22008474
2008-02-05,47.776466369628906,48.00744261049793,45.52228117023322,47.01337428835048,25143128
2008-02-06,46.71223831176758,47.83202387597066,45.975462115399196,46.19474135846211,17333761
2008-02-07,45.1305046081543,47.633207065313904,44.73872950500022,46.48711024729857,17682231
2008-02-08,43.93470764160156,45.7269451875556,43.367505393179734,45.7269451875556,11849360
2008-02-11,42.49331283569336,43.972713666056606,41.75653199175091,42.692124633083246,10998926
2008-02-12,41.534332275390625,43.79729272309981,41.048995097833,42.80322433684958,11601002
2008-02-13,44.32939910888672,44.5808380642432,42.043049801999665,42.55177621924449,19050280
2008-02-14,45.51643753051758,46.23567290699206,44.96678079165808,45.551523896157484,14735950
2008-02-15,47.84079360961914,48.01328946987616,44.73288065664907,44.73288065664907,24120086
2008-02-18,48.01913070678711,49.46929351023705,47.261887199714955,48.20625014942797,24811798
2008-02-19,47.536720275878906,48.943026303778204,47.36421975890658,48.52785723468519,14381403
2008-02-20,45.16850662231445,47.773541216202815,44.738723301745566,44.738723301745566,17212217
2008-02-21,47.11863327026367,47.36422846223919,45.60999448332307,45.60999448332307,18400289
2008-02-22,47.05431365966797,47.80278688531768,46.35261913264279,46.35261913264279,22021111
2008-02-25,47.314510345458984,47.48116234098915,45.495957319326365,47.05430097789474,18194387
2008-02-26,47.34083557128906,47.98989816158714,46.911047529398985,47.364224918886606,20678232
2008-02-27,47.49578857421875,48.76175861615815,47.19464429813693,47.94896594452599,21921566
2008-02-28,48.200408935546875,48.475237292924895,47.18880439245967,47.85541253251853,20943783
2008-02-29,46.881813049316406,48.52786601498769,45.56614225139204,48.52786601498769,28879281
2008-03-03,45.19482421875,46.99583198260962,44.674400726836865,45.90821098864559,18176932
2008-03-04,45.49012756347656,46.311690782419,44.23292774585704,45.899448216536285,24290595
2008-03-05,46.732696533203125,46.99582782695227,45.504734887202396,45.838038896332634,19486759
2008-03-07,45.23283386230469,46.56897196953405,44.51359856339417,46.194737734127386,18626007
2008-03-10,47.51040267944336,47.89048537643315,43.51952967849916,44.73287239679403,26308435
2008-03-11,47.89927291870117,48.63897582750694,46.84965991736897,47.235591259021575,25925212
2008-03-12,44.955081939697266,48.53371315182767,44.498982617767275,48.24133927024183,27096134
2008-03-13,40.75369644165039,44.73287757212084,40.41747048215657,44.73287757212084,30995963
2008-03-14,41.81500244140625,42.59855719976776,40.932041796856815,41.22441094857388,28099265
2008-03-17,38.528743743896484,40.92911318505365,38.072642176982995,40.34729682244068,23822742
2008-03-18,37.3680419921875,39.411718840665486,36.83884794630797,38.01418279949341,22835544
2008-03-19,37.29785919189453,39.00238518289966,37.13120718568088,38.12819496958038,23715903
2008-03-24,34.56418228149414,38.0083205188242,33.53503476490842,38.0083205188242,23708734
2008-03-25,37.18092346191406,37.599014583437516,35.08461934543454,35.11385486591604,19160006
2008-03-26,38.458587646484375,39.08426335797053,36.523087131115446,37.4235912447955,26402784
2008-03-27,38.30070495605469,39.17782203459993,37.54930974025401,38.53460315583695,25889935
2008-03-28,41.87348556518555,42.39098252051871,38.58722584284774,38.58722584284774,39794218
2008-03-31,40.60166549682617,41.92611133556094,40.23912357621821,41.86763562383651,21891485
2008-04-01,39.259674072265625,41.048986980316165,38.52581994326652,40.87356455935986,13819768
2008-04-02,37.94108200073242,40.3473026364584,37.62824304538961,40.05492877446796,19226729
2008-04-03,38.601844787597656,39.06086837067451,37.33879887065061,38.00832893591389,20760784
2008-04-04,38.6749382019043,39.785953382400635,38.3036258374886,38.50536190493049,29107372
2008-04-07,39.79471969604492,40.05492911078937,37.72472734533407,38.94391638623543,18878207
2008-04-08,38.42057418823242,39.791796442683456,38.22468663261153,39.791796442683456,16380004
2008-04-09,39.695316314697266,39.99645593557038,38.19837224185385,38.71002068386133,21443354
2008-04-10,40.043235778808594,40.28882626007229,39.177813563253466,39.23628692991722,15946862
2008-04-11,40.5373420715332,41.09284723197335,39.312302250707376,40.277127988851156,21662911
2008-04-15,40.473026275634766,40.93205223551223,39.48481098603209,40.595821537973734,10038912
2008-04-16,40.41455078125,41.48463582841042,40.189427693232304,40.920355445529864,11239685
2008-04-17,41.97289276123047,42.21848327435923,40.639676415554334,40.93205031063607,20675419
2008-04-21,45.390724182128906,45.55152772995342,42.22725702448726,42.68628299896935,28948052
2008-04-22,45.75032424926758,46.07777974385976,44.741641827214615,45.43456108525835,17680982
2008-04-23,46.633296966552734,46.995838912181775,44.21830796930887,45.28838828193641,33926300
2008-04-24,45.39656448364258,46.779486125694234,45.05448997599262,46.779486125694234,19934648
2008-04-25,46.998756408691406,47.124473554174315,45.03694054073264,45.35854755004645,20604455
2008-04-28,45.51936340332031,47.56303998261468,42.11030605421563,47.56303998261468,20503063
2008-04-29,47.38762283325195,47.94897664217918,45.55152827832551,45.78542647913734,33489034
2008-04-30,47.846622467041016,48.159463685852934,46.78531296358109,47.28819550652834,20378863
2008-05-02,46.62451934814453,48.35828565585672,46.31168274571558,48.0074407805616,15486777
2008-05-05,47.00753402709961,47.56303925669586,45.9754620349486,47.013377852397255,16114253
2008-05-06,47.86710739135742,48.206259987058765,46.37016559239867,46.37016559239867,24122321
2008-05-07,48.133155822753906,49.05997325763079,47.42269100123048,47.98989315706372,40757979
2008-05-08,49.40497970581055,49.66811572086069,46.83795313855985,48.4167645463086,35096550
2008-05-09,49.364051818847656,50.1593038015174,48.70914062490916,49.70320443260815,30183650
2008-05-12,49.28511428833008,49.52778290714488,47.06016652454909,48.94303975509687,21307010
2008-05-13,49.785057067871094,50.75573128209887,49.35234715806785,49.460523464880765,21022220
2008-05-14,51.81412124633789,52.240987388406786,49.25586971926493,49.25586971926493,35245490
2008-05-15,51.55683898925781,52.74386598785904,47.10109082792854,51.51590411737706,29974694
2008-05-16,52.10941696166992,52.328696198824844,50.96039825422825,51.57437918175159,19705372
2008-05-20,52.32577133178711,53.19703972350987,51.74979871302363,52.10064359964092,18121943
2008-05-21,53.91334915161133,54.11800945199254,51.691323702122816,52.10064430288522,31678439
2008-05-22,53.16195297241211,53.778855773159705,52.69708326692181,53.46601916292671,23755148
2008-05-23,52.45733642578125,53.62097866545664,52.07140518165916,52.81695641084025,28650068
2008-05-26,51.141666412353516,52.33454183836174,50.59493164699342,52.33454183836174,22010941
2008-05-27,50.697261810302734,51.98369936654206,49.9137069438036,51.59191959201641,16581927
2008-05-28,52.82280731201172,53.17657883715466,50.07743613693452,50.63879458022067,19533477
2008-05-29,52.398868560791016,53.9601297882706,52.042175149148505,53.094709861090486,32781514
2008-05-30,52.79064178466797,54.08877162948819,52.276066779682935,52.942674883181546,21701086
2008-06-02,50.8142204284668,53.55959178633757,50.52184651244782,52.97777054981704,17101693
2008-06-03,50.38442611694336,50.85806627719645,49.352354140264545,50.28794212779838,20854493
2008-06-04,47.58351516723633,51.20892575745332,47.370084394396336,50.697272539228656,36366817
2008-06-05,49.22078323364258,49.64471805664721,46.837949710071804,47.948964716973435,31049482
2008-06-06,48.19163131713867,50.10081997056532,47.72968355780516,49.87861416870007,22054279
2008-06-09,48.136085510253906,48.70913152728147,46.194736959509974,47.91387969314455,26727260
2008-06-10,47.96065902709961,48.67989432355677,47.0718497944456,48.67989432355677,20182271
2008-06-11,48.925498962402344,49.58625867807006,48.25889073822098,48.3875345127569,16880236
2008-06-12,50.0452766418457,50.28794524477577,47.22973740181019,48.59219161960396,23182859
2008-06-13,49.17692184448242,50.5159816788197,48.89039652954124,50.28793206469541,23275288
2008-06-16,49.641807556152344,50.58032225475459,49.41960637671249,49.691512854442315,12743647
2008-06-17,49.73828125,50.04819594482728,48.85531585859554,49.52777244860007,19938542
2008-06-18,48.098087310791016,50.34057592544596,47.83787316553615,49.87862803766586,16588582
2008-06-19,47.761844635009766,48.65065381925127,47.159560788778506,47.65659023808553,20824065
2008-06-20,45.45795822143555,48.24133742642636,45.11588374306236,48.24133742642636,20658258
2008-06-23,43.60723876953125,46.487101545017644,42.70965921767621,43.329488549390845,18877031
2008-06-24,41.58110809326172,44.4229629160744,40.42039243469086,43.60432172470989,21536350
2008-06-25,43.42304992675781,43.61893980098545,39.76255866653951,40.86772050728113,26812330
2008-06-26,44.238773345947266,44.66855672562064,42.73890502093225,43.5633947810511,33033766
2008-06-27,42.496238708496094,45.884828730218054,41.58404001248481,43.98733669298207,80891945
2008-06-30,42.6190299987793,43.50491734957328,41.81500770649258,42.28572593971923,34884089
2008-07-01,40.797550201416016,43.56338826836104,40.39115154865083,42.24771301704124,30579027
2008-07-02,43.31779861450195,43.855762987616586,39.38247405779738,41.80915990321877,39450377
2008-07-03,38.47904586791992,43.35873086594231,38.066801022107796,43.3294930118529,42855368
2008-07-04,37.44697189331055,39.008237725412464,36.62833304445894,38.35917281242514,47358953
2008-07-07,38.11943054199219,38.943917942499006,37.686720576758695,37.686720576758695,30431410
2008-07-08,38.122352600097656,38.71001754852181,36.83883936498178,37.715953919021544,19160751
2008-07-09,39.622215270996094,39.75670751638371,38.5872191973021,38.5872191973021,21316152
2008-07-10,40.86772537231445,41.39399743774716,39.17781796134992,39.82688293992325,26816497
2008-07-11,38.946842193603516,41.312130415563495,38.487818626376196,41.24780619614769,24211213
2008-07-14,39.96137237548828,40.92619818360237,37.77443091148003,37.77443091148003,22225953
2008-07-15,37.885528564453125,39.674843957030276,37.569767713197116,38.84158387886428,17390167
2008-07-16,36.561092376708984,38.76265068955963,36.08744983621443,38.35917854160472,28858615
2008-07-17,35.51731872558594,38.90883006703637,34.909184026644056,37.715952356296256,46078200
2008-07-18,35.586387634277344,36.69442602127801,34.89273467421927,36.04281540351093,39280330
2008-07-21,35.97675323486328,36.93465207640073,34.92276345099084,36.93465207640073,20977413
2008-07-22,37.57124328613281,38.2198528529937,35.45125533629058,36.9286404543935,44337373
2008-07-23,40.090606689453125,40.59507865587946,38.45106859048651,38.550160482324955,58832585
2008-07-24,37.889549255371094,40.8383180885701,37.21091310641898,40.23775267771787,51312732
2008-07-25,37.08778762817383,38.42704420074987,36.57430558931251,37.535207608153264,43090344
2008-07-28,36.277034759521484,37.47515975574518,36.159925050602276,36.904623241718355,23865692
2008-07-29,35.09992599487305,36.33408401909511,34.700550250795715,36.33408401909511,27921084
2008-07-30,37.84450149536133,38.10574639638346,35.73352352224008,35.73352352224008,42821214
2008-07-31,39.3429069519043,39.805341411432885,37.77543758239664,37.77543758239664,46567254
2008-08-01,40.829307556152344,41.07253950497921,38.73934800091683,39.17776041136906,44848164
2008-08-04,41.53196334838867,42.0394387109906,40.177692187596236,40.829300344781046,34284280
2008-08-05,40.59208679199219,41.91933027064377,39.34291405452537,41.73916184257804,69155921
2008-08-06,38.79039764404297,41.318769740191854,38.544167123508714,41.039506976563636,44574721
2008-08-07,38.709320068359375,39.99152260521407,38.201842230700926,38.79339754353613,42068897
2008-08-08,39.18375778198242,39.39695841516375,38.13577482230682,38.13577482230682,21504662
2008-08-11,38.724327087402344,39.979506362519125,38.56217648966916,39.39695882484416,21698157
2008-08-12,36.50825119018555,39.91945202884546,35.916695903497335,39.15673602662577,63628034
2008-08-13,36.658390045166016,37.52320124919544,36.033804977128504,36.328079709331604,33996141
2008-08-14,37.02473831176758,38.898496159963855,36.514259511009094,38.898496159963855,26012414
2008-08-18,36.20496368408203,37.29798997015809,35.973747648685396,37.054762868287476,22598742
2008-08-19,35.9136962890625,37.17488004990352,35.571374845141754,37.17488004990352,30050476
2008-08-20,36.37612533569336,36.99470609601507,36.15391699320318,36.21397473175716,25876857
2008-08-21,35.292118072509766,36.81454702342204,34.952799939351365,36.502254398541275,36044850
2008-08-22,35.65845489501953,35.877659883316575,34.73658923049122,35.73352707288958,61024912
2008-08-25,35.14497375488281,36.30406224477333,34.83268118070826,36.093864949906894,34092936
2008-08-26,34.697547912597656,35.0729015367384,34.2501302977212,35.0729015367384,32597675
2008-08-27,34.91374969482422,35.34915862082706,34.65250482014605,34.65250482014605,32203169
2008-08-28,34.34922409057617,35.37318494795238,34.0609536839971,35.37318494795238,34013009
2008-08-29,36.075836181640625,40.59808001499809,34.89272591555538,40.59808001499809,48879929
2008-09-01,35.084922790527344,35.91370100545869,34.65251707899166,35.91370100545869,22287260
2008-09-02,35.38819885253906,35.67046251930569,34.84769124714023,35.43023878716457,21666470
2008-09-04,34.99782943725586,35.49329612590125,34.7125624136785,35.129953566945595,12742818
2008-09-05,33.652565002441406,34.74258775959845,33.33126481368108,34.74258775959845,47500251
2008-09-08,34.172054290771484,34.79664173163558,34.0609513316474,34.517379043105706,20124784
2008-09-09,33.847755432128906,34.34922651353097,33.63155381425295,34.11200372423582,20445576
2008-09-10,32.139156341552734,33.976878641146605,31.829864721091074,33.661582688862794,46890240
2008-09-11,31.61066436767578,32.25026406633489,31.37944826384942,32.25026406633489,32861295
2008-09-12,31.448501586914062,32.43042248918598,31.259325489018305,32.43042248918598,27387064
2008-09-15,30.055194854736328,31.109182105851463,29.27446115299623,31.109182105851463,30329808
2008-09-16,29.220415115356445,29.36755370159836,28.586822271936235,29.307498362631343,30873705
2008-09-17,28.451688766479492,29.72187995875825,28.05231303137925,29.427602848198315,41979512
2008-09-18,27.61090660095215,28.070337776043033,26.34371846264852,27.872151543198115,67131636
2008-09-19,28.797016143798828,29.127326507999516,27.160481162779607,27.926200534125837,32323927
2008-09-22,29.667831420898438,30.232361153643186,28.7759947221476,29.415594220178896,32079673
2008-09-23,28.24149513244629,29.44262104973249,28.1393998623082,28.953163464793533,25645932
2008-09-24,29.190385818481445,29.307497935843507,28.226482613233948,28.226482613233948,20790456
2008-09-25,29.10930824279785,30.028170436083737,28.28653457900424,30.028170436083737,35123389
2008-09-26,27.737016677856445,29.121316573137275,27.508804037134244,28.82703946766888,20989966
2008-09-29,26.782119750976562,28.04330314712948,26.142520355807363,27.74602509689421,19430164
2008-09-30,25.653064727783203,26.54490143123165,24.782249193865873,26.42478836336977,45286334
2008-10-01,26.325698852539062,26.839181001792344,25.532953975526677,25.824227770699476,26737577
2008-10-03,23.602144241333008,26.325698865297355,23.424976788813492,26.325698865297355,60855505
2008-10-06,21.01972007751465,23.103675004400802,20.389128258773592,23.103675004400802,85569691
2008-10-07,21.485153198242188,24.022534633206558,20.452184747648666,24.022534633206558,59410888
2008-10-08,20.317058563232422,20.959661420415145,18.980805216783352,20.839548354787503,56132101
2008-10-10,17.260194778442383,19.200014757172774,16.82178357481663,19.06188506810613,63258604
2008-10-13,18.257129669189453,18.908741520145647,17.419343862466555,17.419343862466555,41660841
2008-10-14,18.314180374145508,19.72850686389251,18.1220009103721,19.12494056785621,40919282
2008-10-15,16.377363204956055,17.899790410638825,16.215210213116332,17.899790410638825,53884051
2008-10-16,16.16115951538086,17.09803820589335,15.014083582573805,15.55158775318839,62836766
2008-10-17,14.869949340820312,16.75571790610968,14.60269771997175,16.22121586672143,64588572
2008-10-20,15.140201568603516,16.17917675654386,14.77385806369647,15.31136225570088,69347086
2008-10-21,16.698665618896484,16.920872749481312,15.284337918449301,15.30836005098627,64932980
2008-10-22,14.71680736541748,16.485466491718782,14.296412793732722,16.0260353499381,50692707
2008-10-23,12.491718292236328,14.113239913817822,12.311549891121135,13.8129584437532,101289302
2008-10-24,10.690027236938477,12.251492173215846,10.398753493679775,12.071322587195148,100667493
2008-10-27,10.107481956481934,10.930253234783553,9.008450739078022,10.515865430170786,82307897
2008-10-29,11.221527099609375,11.59087400917931,10.644986286022531,11.278580266947126,67834884
2008-10-31,12.596820831298828,12.906111298205513,11.539828622938732,11.539828622938732,83875161
2008-11-03,13.548710823059082,13.806953572998232,13.092281860537026,13.392564547318251,60252768
2008-11-04,14.395505905151367,14.743832870380334,12.948147038768624,13.482649155135006,81278473
2008-11-05,12.96316146850586,15.302355912531151,12.74395648335502,14.710801827576187,71997031
2008-11-06,11.173484802246094,12.55177852677377,11.011332952980869,12.55177852677377,124710077
2008-11-07,11.3806791305542,11.73200831184712,10.572920907652145,11.050368719015301,131315774
2008-11-10,12.870075225830078,12.996192636731852,11.536823891120681,11.536823891120681,108548360
2008-11-11,11.476766586303711,12.731943494067718,11.410704517230975,12.6899047606726,99419457
2008-11-12,11.113426208496094,11.61790067319756,10.816148073172336,11.41070554612894,105520272
2008-11-14,10.323685646057129,11.771043325610144,10.209578100218826,11.410705289158999,122997631
2008-11-17,9.987369537353516,10.62396628278658,9.44686252642668,10.425781280511794,136505571
2008-11-18,9.894282341003418,10.299663065333533,9.49490775131634,9.789183701490554,94770439
2008-11-19,9.723121643066406,10.383741749573655,9.609014703176877,10.089465799028423,95336293
2008-11-20,9.440855979919434,9.609013909697014,9.134568987674134,9.308731849297446,76601158
2008-11-21,9.590998649597168,9.879268481929833,9.083522022920743,9.368789689488667,95732184
2008-11-24,9.3657865524292,9.849239822336012,8.25774696721436,8.25774696721436,93891665
2008-11-25,9.050490379333496,9.78918296601419,8.981424945940832,9.78918296601419,68996002
2008-11-26,9.338760375976562,9.47689064460662,8.77122787315491,9.128563108179323,88081812
2008-11-27,9.338760375976562,9.338760375976562,9.338760375976562,9.338760375976562,0
2008-11-28,9.092529296875,9.24267003050203,8.89134032907592,9.104540964350202,67321699
2008-12-01,9.212642669677734,9.536946881463571,9.101537897915044,9.296721339015157,79153857
2008-12-02,8.936384201049805,9.032474547670088,8.798254515643945,9.00845181072638,37170901
2008-12-03,9.891280174255371,9.981364384356823,9.008451669026636,9.008451669026636,186096338
2008-12-04,11.242546081542969,11.60588622366502,9.729125977414718,9.909294965863982,136184045
2008-12-05,10.960283279418945,11.31761795551102,10.653996242438728,11.110424030970389,119224101
2008-12-08,11.77104377746582,12.30854808590153,11.266570507068973,11.266570507068973,169876178
2008-12-10,13.083276748657227,13.39256719570333,11.831101724896632,11.891158274129083,164388891
2008-12-11,13.074267387390137,13.56672963107107,12.52475196497647,13.248431494293099,133685128
2008-12-12,13.143331527709961,13.32650331692877,12.266507950703984,12.852057723970367,97410486
2008-12-15,13.644800186157227,14.25737540757185,13.332507643264854,13.392564178969305,103585435
2008-12-16,13.509674072265625,13.800947853714325,13.080271819758668,13.548710640675349,84227777
2008-12-17,13.173357009887695,13.98712054254021,12.888089989705003,13.98712054254021,85956482
2008-12-18,13.359535217285156,13.68984441144626,12.326565287974878,12.93914060443542,123288498
2008-12-19,13.758910179138184,14.07720831216194,13.26344457290554,13.332510022096692,87816481
2008-12-22,13.461628913879395,14.218339368187028,13.338513672379179,13.620778559065222,65773674
2008-12-23,13.302475929260254,13.566724148921532,12.876077141801332,13.37454351623072,61130313
2008-12-24,13.107297897338867,13.272453094675441,12.677895586572928,13.212396549979491,61293265
2008-12-26,12.731943130493164,13.566726668922945,12.611831264770917,13.152337666293388,61202799
2008-12-29,12.900103569030762,13.023218820652952,12.155404120622874,12.846052560213028,82714075
2008-12-30,12.918120384216309,13.248430774316825,12.704920915921713,12.972171393925327,57465324
2008-12-31,13.04423713684082,13.392564079492152,12.86406753106573,13.03222607025094,64973842
2009-01-02,13.788936614990234,14.155280192768412,13.632790329682694,13.785934449208442,55795156
2009-01-05,14.749836921691895,14.893972120245119,13.96910439581044,13.98111546197172,79015833
2009-01-06,14.836920738220215,15.314369731527428,14.305421936310536,14.713805481828624,78569351
2009-01-07,14.038169860839844,15.656689422541579,13.812959344755647,15.020092039279454,105218373
2009-01-09,12.912115097045898,14.173298935398403,12.503731552802565,13.812960867627568,88071820
2009-01-12,12.020277976989746,12.999196874870558,11.912177160079677,12.779990670514465,73657773
2009-01-13,12.161409378051758,12.491719755192198,11.470762156480424,11.777049195632138,88486541
2009-01-14,12.798006057739258,12.954153537596905,12.34157829224189,12.431662498164709,53422003
2009-01-15,11.873139381408691,12.371605878643313,11.732006337570581,12.371605878643313,79126084
2009-01-16,12.254495620727539,12.491717167189702,11.506794178360336,12.011266136971992,97538308
2009-01-19,12.524749755859375,12.69591046417743,12.13738623739888,12.251493777047248,54706219
2009-01-20,11.713988304138184,12.275514638266115,11.590873078272379,12.254495874620122,87087959
2009-01-21,11.344644546508789,11.644926078393953,11.290593534122884,11.539827422003226,65045635
2009-01-22,10.76509952545166,11.650929525085903,10.638980919920476,11.584867455631901,78021288
2009-01-23,9.987369537353516,10.810141420845667,9.91229916926544,10.750084885913413,77925584
2009-01-27,10.326685905456543,10.608950748762556,10.149520889119149,10.209576215517162,66901625
2009-01-28,10.641983032226562,10.852181508599847,10.032411779056359,10.509860096288378,165631469
2009-01-29,11.032349586486816,11.20050691982842,10.629971650329978,10.629971650329978,125771545
2009-01-30,11.08640193939209,11.311612466457133,10.569916405422324,11.104418541095477,90332959
2009-02-02,10.359719276428223,10.990309891346879,10.278642773421595,10.984304358047385,49887836
2009-02-03,10.254621505737305,10.653996116561146,10.065443583909275,10.5669140729051,60089690
2009-02-04,10.78311538696289,10.870197418425331,10.329689833063231,10.329689833063231,71578426
2009-02-05,10.918243408203125,11.314615860438641,10.819150295144246,10.846175798915676,85931490
2009-02-06,11.200506210327148,11.278579338883667,10.93025242561904,11.050365486002391,42675675
2009-02-09,11.990250587463379,12.062318201196605,11.275579984416451,11.278582150404537,85053651
2009-02-10,11.822089195251465,12.242483708612415,11.668945101801471,11.98123882155157,99907241
2009-02-11,11.419713020324707,11.629910286900072,11.236541254001482,11.533819352157145,74998469
2009-02-12,11.146459579467773,11.590876345813927,11.071388594839958,11.32062248438668,56738932
2009-02-13,11.659937858581543,11.771042024106508,11.23053563034717,11.23053563034717,64582096
2009-02-16,11.059375762939453,11.825093913000059,10.990310323814098,11.443735920776454,64356483
2009-02-17,10.308670043945312,10.954276270777312,10.221588010984162,10.930252936193144,63045964
2009-02-18,10.254621505737305,10.506857532532276,10.092468486037964,10.263629205292334,65536096
2009-02-19,10.35671329498291,10.521867222503879,10.113485049653569,10.389744320948836,52569700
2009-02-20,10.095470428466797,10.311673221892502,9.97235459820373,10.206574591658802,43335291
2009-02-24,9.654058456420898,9.969354429273425,9.512925990510375,9.909297881733533,85780252
2009-02-25,9.75314998626709,10.089465876165306,9.59099817601451,10.089465876165306,52478626
2009-02-26,9.792186737060547,9.939324716187047,9.551961783997234,9.849239907922414,54880318
2009-02-27,10.377734184265137,10.527874896890394,9.377795619456567,9.819210060006263,152702125
2009-03-02,9.551959037780762,10.254618296302912,9.434848760590837,10.22158606724249,92088848
2009-03-03,9.323746681213379,9.750146756293837,9.251678478669369,9.578986052705087,75762699
2009-03-04,9.40782642364502,9.783178306605814,9.251679535363508,9.527938905961564,128824005
2009-03-05,9.116552352905273,9.783177378048933,9.047487516810953,9.783177378048933,105728210
2009-03-06,9.413832664489746,9.600007837619268,8.930379330794294,9.00845248022043,72574704
2009-03-09,9.149584770202637,9.557967713952154,9.077517156531863,9.311736600384583,61177472
2009-03-12,9.362783432006836,9.539949672324,9.248676494429823,9.539949672324,57233266
2009-03-13,10.02940845489502,10.074451157500972,9.488901434014013,9.590997905971776,94777524
2009-03-16,10.131505966186523,10.296661166456381,9.75315129088407,10.143517034877208,69863892
2009-03-17,10.125497817993164,10.536883427152395,10.029407489809172,10.503852395625223,87231052
2009-03-18,10.599946975708008,10.831164276032121,10.251619942083305,10.464819435507879,90726960
2009-03-19,10.386743545532227,10.900225658493477,10.188558542595555,10.678017320118297,92811419
2009-03-20,10.584929466247559,10.74407909972515,10.149521702279323,10.209577033488854,89690315
2009-03-23,11.674951553344727,11.768039113723399,10.71404948834575,10.918241207215754,135696796
2009-03-24,11.251556396484375,12.212458693246086,11.173483250189992,11.89115720568492,152479314
2009-03-25,11.695974349975586,11.828098506066773,10.915241684053324,11.278581910994948,157250433
2009-03-26,12.33857536315918,12.428659563508033,11.831098790217272,11.891155324552823,146203131
2009-03-27,13.404576301574707,13.650806794819536,12.371606451167187,12.39262642066591,197916656
2009-03-30,11.792062759399414,13.272451408497977,11.551837813443765,12.91211338841,167604155
2009-03-31,12.3656005859375,12.731944150234396,11.75002316701478,11.951212752427267,172648466
2009-04-01,12.599820137023926,12.81602293704103,12.188434504139074,12.434664969863164,125074469
2009-04-02,13.518681526184082,13.83397743561271,12.88208417401181,12.912113042895854,143350642
2009-04-06,14.152278900146484,14.392503876801738,13.69284771553258,13.809957436738609,142021062
2009-04-08,14.596693992614746,14.743832570659201,13.28146050094842,13.518682082424652,127102249
2009-04-09,15.68071174621582,15.962975436139946,14.413522498006945,14.890970240638307,194817499
2009-04-13,17.004953384399414,17.38330922951401,15.974988101463174,16.10110671650137,185490367
2009-04-15,17.596508026123047,17.88177628271488,15.920936497433589,17.416339613377914,190335715
2009-04-16,16.16115951538086,17.956843772388865,15.914927876142956,17.956843772388865,199882939
2009-04-17,15.506546974182129,17.26619698352028,15.227284281684598,16.806765897948512,200752098
2009-04-20,15.773801803588867,16.134139920142733,15.380433845230666,15.854878330679485,124153816
2009-04-21,14.665760040283203,15.551592581227204,14.545648151903496,15.134200132122485,168868618
2009-04-22,14.467572212219238,15.479520778288041,14.248366044352899,14.299413677238134,119961524
2009-04-23,15.785811424255371,15.996008723793842,14.332446929709883,14.653749615401317,174487705
2009-04-24,15.683714866638184,16.335326732605978,15.413461025315051,15.86688786313439,160518860
2009-04-27,15.239295959472656,16.125127133812786,15.077144158733313,15.554591862321294,142565378
2009-04-28,14.074200630187988,15.458499214439476,13.933068823375931,15.326375104559165,125184961
2009-04-29,14.29941463470459,14.629724991330129,13.78293033350658,14.2333537656885,176959070
2009-04-30,14.29941463470459,14.29941463470459,14.29941463470459,14.29941463470459,0
2009-05-04,15.806833267211914,15.875897518406036,14.653751351343479,14.713806699203904,132248582
2009-05-05,17.185123443603516,17.347275265745914,15.884904296009477,16.029038313895636,175956222
2009-05-06,16.257253646850586,17.386312086313357,16.107112890526764,17.236171329989535,145856687
2009-05-07,17.677583694458008,17.896788666384104,16.33532475488327,16.51549315907957,218120749
2009-05-08,16.959911346435547,18.188064059827894,16.824785031274484,17.99888673767877,191309793
2009-05-11,16.254247665405273,17.344270559332067,16.047053767590118,17.12806776070841,178300773
2009-05-12,16.548524856567383,16.662631188224506,15.500540690712647,16.041048290307117,156712646
2009-05-13,15.875896453857422,16.683654654972973,15.752781195535068,16.665636849513753,159975426
2009-05-14,15.8818998336792,16.140142586366196,15.098165078728805,15.494536305803216,150575073
2009-05-15,16.335323333740234,16.539515055758315,15.986996419981017,16.035041884664352,106010512
2009-05-18,19.112932205200195,19.518312359396926,18.076960165671167,19.218030852755575,693276
2009-05-19,19.788564682006836,21.07977602360386,18.016903447473013,19.818593551758514,238501428
2009-05-20,22.310930252075195,22.761353668251157,19.518310361943733,19.518310361943733,261281165
2009-05-21,21.95960235595703,23.274837072593385,21.452126946205766,21.98062112263208,189956953
2009-05-22,21.83948516845703,22.46106920781722,21.148838106092757,21.680335550493684,128883444
2009-05-25,22.145774841308594,22.623221322962927,21.710365887945205,21.830478951419707,84118282
2009-05-26,21.731388092041016,22.68328264763869,21.449124392120392,22.629231640288324,88463250
2009-05-27,22.43104362487793,22.749342907377283,21.992631269475915,22.39801379225414,90867178
2009-05-28,23.10968017578125,23.415968397473467,22.13376594792032,22.749343354607376,149211664
2009-05-29,24.343839645385742,24.785255400687507,23.12169246647784,23.41596963667902,127391468
2009-06-01,26.38275146484375,26.83317247433136,24.6351112151016,25.223663097551896,130073154
2009-06-02,28.496732711791992,29.055258127250728,26.18456512891246,26.719066006648838,184863615
2009-06-03,29.313501358032227,29.95610427646959,28.72795281247648,29.95610427646959,160582088
2009-06-04,28.265514373779297,29.247435215655315,27.788065499880826,29.247435215655315,118055625
2009-06-05,27.86013412475586,28.917124721055593,27.64092917361375,28.52675908077027,107802834
2009-06-08,25.010465621948242,28.226483819274286,24.575058991783298,28.106370733339105,146202574
2009-06-09,26.316696166992188,26.941281409972685,23.90243027836594,23.90243027836594,131875509
2009-06-10,26.38275146484375,27.851129005471027,26.055444489281648,27.010339914936907,118838989
2009-06-11,27.175495147705078,27.5538497751116,26.27465068223154,26.725071712659282,100116995
2009-06-12,27.49079132080078,28.346594893307245,27.160480959077404,27.58087552770387,148940687
2009-06-15,26.052446365356445,27.325641324040355,25.830237981384613,27.082411765803226,84631278
2009-06-16,27.06739616394043,27.37368442256028,24.632111745632056,25.463893269001574,139920230
2009-06-17,25.043495178222656,27.139461209489497,24.692163658022498,26.884220628660614,130551229
2009-06-18,23.319875717163086,25.247684299599545,22.779368121094823,24.923380703805726,168880226
2009-06-19,24.7762451171875,24.920380333165642,23.551096983682356,23.60214462219356,150530245
2009-06-22,24.187692642211914,25.3377709761392,24.043557429472205,25.223664634067205,112301453
2009-06-23,24.046558380126953,24.3228177104913,23.031605256998713,23.42197091796425,130661029
2009-06-24,24.44293212890625,24.587067335131493,23.551095390098936,24.19069491685758,93116823
2009-06-25,24.013526916503906,24.863323699490152,23.635172309515344,24.56304222720371,142788283
2009-06-26,23.33489227294922,24.202706911421288,22.824413498192367,24.022538497887826,182921725
2009-06-29,23.887413024902344,24.286786455820057,22.97155403919142,23.542088198964805,95630026
2009-06-30,23.461009979248047,24.737208134645734,23.226790557758402,24.02253880276334,135837307
2009-07-01,23.77931022644043,23.92644881390123,22.88447003840089,23.542087427473753,91883408
2009-07-02,25.2476863861084,25.74615408947103,23.869392984308003,24.322819786969777,179841545
2009-07-03,26.301679611206055,26.60496450715745,24.082596789665832,24.322822973603614,190430442
2009-07-06,24.718399047851562,27.22421127050979,24.372448850424313,26.928127138636253,135862823
2009-07-07,24.71528434753418,25.24512003055957,23.998445926653478,24.949035898004016,112945797
2009-07-08,22.595935821533203,24.49399573834052,22.440103141164688,24.254012212589625,134609465
2009-07-09,22.692556381225586,23.063442106244548,21.972603206658814,22.55853945855632,116500116
2009-07-10,21.997539520263672,23.45926436288205,21.430304206196574,23.050979027902013,102860691
2009-07-13,21.131101608276367,21.567437209047217,20.576332843118923,21.47393707971051,95361358
2009-07-14,22.3029727935791,22.44010697336974,21.461469187645097,21.567435827719915,75222686
2009-07-15,23.742876052856445,23.89871123507492,22.564771659152235,22.720604345571893,86945580
2009-07-16,23.948579788208008,25.17031835976801,23.624445370749118,24.92721754667384,178789491
2009-07-17,24.45659828186035,24.87111554315348,24.02961200910677,24.87111554315348,82103234
2009-07-20,24.384912490844727,24.998898957707006,24.123110685966623,24.852413039771214,101635631
2009-07-21,25.690807342529297,25.862223831705705,23.484196286131112,24.12311592149675,277294772
2009-07-22,24.89293670654297,26.45439355631371,24.590618051115705,25.743789602138065,206235639
2009-07-23,25.915203094482422,26.105323074000495,25.120450865462562,25.120450865462562,126612208
2009-07-24,27.582630157470703,27.7384628584027,26.1240227990963,26.18012337008751,155436154
2009-07-27,28.598669052124023,28.7264539705005,27.563930675570496,27.78833297207569,127033636
2009-07-28,29.371604919433594,29.596007210881638,27.965983327965482,28.829302709499665,152682917
2009-07-29,27.57328224182129,29.35290684806611,26.566594159388316,29.128504553134093,229121932
2009-07-30,28.18414878845215,28.486467408028126,26.267390188897668,27.115125730734807,203707311
2009-07-31,28.819950103759766,29.346668482838464,28.38361458392215,28.982017297322443,133889612
2009-08-03,30.244274139404297,30.356475278002083,28.985136070492526,28.994485333442686,116152591
2009-08-04,29.630290985107422,30.668144059984794,29.23447223136295,30.406342227560277,134340891
2009-08-05,29.502511978149414,30.01364673325966,28.84489126037505,29.733146318255187,115301600
2009-08-06,28.32440185546875,29.820408907842126,28.018968434167135,29.159673499626923,140166604
2009-08-07,28.455303192138672,28.89163877751249,27.744699239295688,27.856900388860204,178809130
2009-08-10,28.42725372314453,29.271874630816974,27.86313320165954,29.047472325227584,124030172
2009-08-11,28.8667049407959,29.109805760894236,28.025198838256628,28.424134861284205,100338021
2009-08-12,27.657428741455078,28.735801094912222,26.990458903762953,28.455300740962805,159618622
2009-08-13,29.31239128112793,29.421475180033767,28.037669288896527,28.050135806274398,109860307
2009-08-14,29.293689727783203,30.085327293868062,29.08175644039004,29.483807234109147,124994993
2009-08-17,27.299015045166016,28.90410598822381,27.183696639613082,28.112468407431177,98631401
2009-08-18,28.15610122680664,28.505168689797582,26.812809703744993,27.364463680860126,123551425
2009-08-19,27.037208557128906,28.424131464689726,26.80345702856719,28.17479866391623,107391471
2009-08-20,27.554584503173828,28.012735915539842,27.11513162041492,27.11513162041492,62774346
2009-08-21,27.735347747802734,27.906764215803644,27.059026147314132,27.551462267919057,74319121
2009-08-24,28.558151245117188,28.673469642504248,28.174801495049937,28.174801495049937,62972187
2009-08-25,28.539451599121094,29.010069442042653,28.06571650324664,28.174800390205828,81258520
2009-08-26,28.68593406677246,29.103568578607426,28.548799899459684,28.76073316032548,70099182
2009-08-27,27.158763885498047,28.548804298293724,26.49179396745434,28.486471710728598,178629552
2009-08-28,27.342647552490234,27.676131241244438,26.304791944598804,26.990460345022054,166185925
2009-08-31,26.445035934448242,27.29589113722983,26.095968541193503,26.80345508531066,146677375
2009-09-01,25.999357223510742,27.052796648887288,25.746907129627196,26.74112872625856,110844010
2009-09-02,25.874691009521484,26.242459528304785,25.40095584033269,25.68145873352298,111166764
2009-09-03,26.22064208984375,26.641393907256443,25.996242285263286,26.641393907256443,77752168
2009-09-04,26.81904411315918,26.946829030009788,26.192591037294854,26.292325667417263,90385901
2009-09-07,27.54523468017578,27.62938305330144,27.08708078129463,27.10266455285106,69074817
2009-09-08,28.455303192138672,28.98513890354985,27.694833170955555,27.97533354906763,138641293
2009-09-09,28.713991165161133,28.972675792737355,28.249605237799052,28.361806400554887,92120882
2009-09-10,29.290571212768555,29.608473625962954,28.751386257798753,29.165906046613028,119288327
2009-09-11,29.23447036743164,31.10447763226674,28.770084556131888,29.79547104940284,86753145
2009-09-14,29.848461151123047,29.96377705942562,29.01318952209674,29.03500530329475,96452530
2009-09-15,30.696197509765625,30.761647350668884,29.783009503050675,29.783009503050675,86866838
2009-09-16,33.04305648803711,33.27992279152612,30.951761583422726,31.166814603320667,201627818
2009-09-17,32.472713470458984,33.797301792217034,32.295062443202525,33.53550238009153,130655256
2009-09-18,32.279476165771484,33.273697891351425,32.10182515229421,32.11117441748789,116953306
2009-09-22,32.563087463378906,32.82488929975157,31.790150966477846,32.164151450611,88161561
2009-09-23,32.450889587402344,33.09292647866535,32.2950568685886,32.600490295279194,79045170
2009-09-24,31.955337524414062,32.24206991662739,31.38809975910698,31.799502315272754,102529939
2009-09-25,31.0639705657959,32.06130958366325,30.75230259067479,31.665490731141514,117061741
2009-09-29,31.419273376464844,31.790159199393702,31.29772293806291,31.790159199393702,66741833
2009-09-30,31.755870819091797,32.08935704549199,31.353819990264807,31.353819990264807,58490770
2009-10-01,31.84002113342285,32.09558849660637,31.294601610641287,31.69353767479565,90876677
2009-10-05,30.979812622070312,31.65301699192147,30.817745411805962,31.363164867810642,73502053
2009-10-06,31.81509017944336,32.00832496515455,30.705550036333694,31.649905685070877,86324946
2009-10-07,32.220252990722656,32.824890286254906,31.88988405622363,32.229604750166395,90339267
2009-10-08,33.34537887573242,33.560431935939775,32.48205936451843,32.538159945807344,96543647
2009-10-09,33.19577407836914,33.993646141100584,32.97449152978742,33.64146142033052,104419706
2009-10-12,34.00922393798828,34.24609021516584,33.20512000588812,33.26745257993517,76935048
2009-10-13,34.00922393798828,34.00922393798828,34.00922393798828,34.00922393798828,0
2009-10-14,35.611209869384766,35.8854782836195,34.22116926729488,34.22116926729488,92509657
2009-10-15,35.82001495361328,36.49009946826326,35.542629390014895,36.08493150689381,86095828
2009-10-16,35.321346282958984,35.80755035846271,35.0501952099852,35.76079905466086,55716278
2009-10-20,35.85118865966797,36.194024131328135,35.249671077345255,35.42731957614261,62856793
2009-10-21,34.47985076904297,35.85430747301998,34.33648456327412,35.77327385762902,53793732
2009-10-22,33.80975341796875,34.657491367419176,33.61963595463893,34.4081560891576,66209514
2009-10-23,33.015010833740234,34.520367209391324,32.86852737606144,34.34583346239112,64032343
2009-10-26,33.650814056396484,34.49231776505489,32.82489411949834,32.9744948342776,72040663
2009-10-27,31.216686248779297,33.53549860822643,30.833333943827203,33.53549860822643,108533382
2009-10-28,30.001169204711914,31.397443747466237,29.748719173431905,31.166809491998574,132189793
2009-10-29,29.150318145751953,29.739371579503267,28.81060000057449,29.296801567074613,116818106
2009-10-30,29.39341926574707,30.73047608473914,28.98513403632423,29.920137635489876,72063041
2009-11-03,27.757165908813477,29.624058673989566,27.42991421798596,29.047471648493687,70859644
2009-11-04,29.23447036743164,29.42147059475537,27.00292666758517,28.48646696233782,129380328
2009-11-05,30.278562545776367,30.418813985772534,28.55503594786564,29.20330732933738,102552526
2009-11-06,31.154346466064453,31.603146017301555,30.543474725338662,30.755410481210586,87578892
2009-11-09,31.740285873413086,31.97715470283381,31.238500421415903,31.291483745931195,70098385
2009-11-10,31.456663131713867,32.20778380926439,31.166813520519696,32.095582671615574,80059532
2009-11-11,32.82177734375,33.00566285823841,31.406803791874413,31.66548841694153,74691868
2009-11-12,31.917932510375977,32.66282119680467,31.621848385905466,32.66282119680467,96347065
2009-11-13,32.46023941040039,32.72515601489425,31.478484355583685,31.914819935502223,73574361
2009-11-16,33.445106506347656,33.921958851508116,32.79995494841226,32.79995494841226,76214020
2009-11-17,33.58536148071289,33.95936198935017,33.06799228017854,33.660160584120646,69367343
2009-11-18,34.121429443359375,34.32713072284121,32.728274294585894,33.784828484116034,101314398
2009-11-19,33.482505798339844,34.63879697902245,33.192656185741875,33.97182465567931,110954303
2009-11-20,34.46738815307617,34.59517309756685,32.66283013169626,33.161498398572654,96981302
2009-11-23,35.720279693603516,35.96338046601471,34.28349083519938,34.40815597812923,100148315
2009-11-24,34.8257942199707,36.088049428785546,34.64814326502947,36.028831611872214,112438102
2009-11-25,35.10007095336914,35.589389886009975,34.71983342700301,35.03150385789975,58016914
2009-11-26,33.89078903198242,35.39926231432885,32.933969648953294,35.156161526622476,188335403
2009-11-27,33.96247863769531,34.5078981162428,32.2264880659522,32.7251562338531,135729029
2009-11-30,36.103633880615234,36.27816758622795,33.13967065049907,34.28349274297024,149173154
2009-12-01,36.25636672973633,36.826719384344145,35.78262898208628,36.739451247724446,98519481
2009-12-02,35.82937240600586,36.86411081822416,35.66730518441015,36.52750985766379,90394822
2009-12-03,36.37791442871094,36.77684803396669,35.78574353671624,35.97274382016735,80145138
2009-12-04,35.901058197021484,36.40284365265638,35.63302182330767,35.90417295463958,76970326
2009-12-07,34.64814376831055,35.83559741007275,34.489191335286634,35.53016405055394,71442807
2009-12-08,35.41796875,35.58627047297447,34.28349823391777,34.28349823391777,82199389
2009-12-09,33.965599060058594,35.156170264340474,33.75678051296542,35.156170264340474,113748863
2009-12-10,34.21805191040039,34.69178712637803,33.7349674289928,34.283504255808836,93432430
2009-12-11,34.068443298339844,34.88813109507888,33.438875490531046,34.88813109507888,98245932
2009-12-14,33.9406623840332,34.470498084983824,33.61341070146378,34.06844480558179,68734367
2009-12-15,34.06533432006836,34.719835271483504,33.90949909634129,34.283502135806565,69577517
2009-12-16,34.76034927368164,34.92865100222222,33.8253454942101,34.09649661521484,95754709
2009-12-17,35.168636322021484,35.4616032182243,34.6574991365836,34.6574991365836,88746539
2009-12-18,35.10941696166992,35.68600146501783,34.83514860522807,35.03150060907139,85674683
2009-12-21,34.651268005371094,35.60809013477721,34.47050224151024,35.343173500257265,71318974
2009-12-22,35.978973388671875,36.17844016391811,34.813335287159084,35.40550360206473,79276566
2009-12-23,37.65262985229492,37.79911329820143,35.96650535827954,36.215838192899355,109031379
2009-12-24,38.372581481933594,38.544000450468715,37.27551056566497,37.917544897010224,102210270
2009-12-29,38.77463150024414,39.13928521004128,38.42556405542872,38.42556405542872,80183029
2009-12-30,38.32271957397461,39.06448861302083,38.18558538258802,38.64685402787041,76718630
2009-12-31,38.503482818603516,38.88995233199749,38.18870014542197,38.500368061211,80477664
2010-01-04,39.50394058227539,39.67535706973028,38.453618388475476,38.7715208241874,58460615
2010-01-05,40.46076202392578,40.816064006662536,39.80314138095522,39.80314138095522,81889733
2010-01-06,40.021305084228516,41.14019424050418,39.70651993888362,41.14019424050418,77150753
2010-01-07,40.504398345947266,40.69140111911825,39.89976345023309,40.1989648923472,80144960
2010-01-08,40.42023849487305,41.233691716759026,39.94961818558811,40.579188435940736,86063510
2010-01-11,40.423362731933594,40.884633886921094,40.21766393445195,40.51686286600691,69701832
2010-01-12,38.9927978515625,40.4389386342943,38.88683121995346,39.98701932771574,71713280
2010-01-13,39.846771240234375,40.00572119099248,38.33518059416134,38.33518059416134,108267579
2010-01-14,40.373497009277344,40.59166482260604,39.99014470919412,40.189611497226274,69719623
2010-01-15,40.21454620361328,40.576080217458646,39.893526501446004,40.516862385068706,45054843
2010-01-18,39.73768997192383,40.018190343944795,39.3169381659928,40.018190343944795,62440445
2010-01-19,39.747032165527344,40.24258547999624,39.39484751261998,39.64418279615388,52644632
2010-01-20,40.74748992919922,40.97812420353836,39.76884976988039,39.76884976988039,83223827
2010-01-21,40.392189025878906,41.10902489731138,40.03376984226322,40.485689139909326,114584655
2010-01-22,38.93046951293945,39.96209064864114,38.45985162940821,39.96209064864114,92159151
2010-01-25,38.01728057861328,39.00215287434342,37.83028033120601,38.64685090679012,55929884
2010-01-27,34.885013580322266,37.75547697808416,34.48608007052148,37.39394301686488,114462197
2010-01-28,36.490108489990234,36.739443833615915,35.21850372825779,35.28083631626455,132070852
2010-01-29,35.47407150268555,36.21584053984313,34.389466987934405,36.02884027781003,121650868
2010-02-01,36.14415740966797,36.45270808070059,34.7790500543007,34.90683497646129,72603684
2010-02-02,35.73587417602539,37.06357956063695,35.5706896923635,36.46517671194452,96492646
2010-02-03,37.42510986328125,37.62457661449362,35.972734547663165,36.028835117397676,94742656
2010-02-04,36.01013946533203,37.15084448550974,35.779505157904836,37.15084448550974,73042031
2010-02-05,34.295963287353516,35.00033524501066,33.6601609188676,33.6601609188676,92254675
2010-02-08,33.27680587768555,35.2746006833054,32.91838916580073,34.28349641307068,149715255
2010-02-09,33.25810623168945,33.797291155783164,33.03682120678668,33.099156282093986,77117827
2010-02-10,32.56620407104492,33.9531270811847,32.36985207370691,33.41082489245937,72714050
2010-02-11,33.28303909301758,33.55730743304738,32.71580388710075,32.71580388710075,67435025
2010-02-15,33.653926849365234,33.94066172267116,33.07422259655584,33.50432615441428,76216833
2010-02-16,34.289730072021484,34.40816323066746,33.66327698961116,33.784827401437106,67436264
2010-02-17,36.424659729003906,36.54621015107181,33.97806502043264,33.97806502043264,100638356
2010-02-18,35.97584915161133,36.58983562474198,35.536396384915015,36.402835403262245,51247268
2010-02-19,34.95357894897461,35.679766584511135,34.69177713017615,35.40549825013169,79509359
2010-02-22,35.70158767700195,36.17844008030038,35.34317093305035,35.40550352023346,60442820
2010-02-23,35.87300491333008,36.17843831935962,35.224733559183164,35.349401223280616,59777684
2010-02-24,35.361873626708984,35.82937682094867,35.12812202958914,35.654843060477724,54013803
2010-02-25,35.483421325683594,35.779507990330025,34.909951517007585,35.46783755430227,45827281
2010-02-26,35.80131912231445,36.92020830500005,35.15616504740742,35.53016802457938,57457137
2010-03-02,37.95494079589844,38.070256678134804,36.22518259596346,36.22518259596346,70037812
2010-03-03,37.911312103271484,38.478547324326264,37.66821129424801,38.0235132446051,65223764
2010-03-04,38.4941291809082,38.68424666281127,37.59340783359731,38.0235113554068,76708795
2010-03-05,38.528419494628906,39.11435579273677,38.39751731887547,38.64685265724455,48593292
2010-03-08,38.75593566894531,39.1455199424077,38.44426775101556,38.87436882885083,45969692
2010-03-09,38.316490173339844,38.793342653344496,38.08585581996371,38.646859178051486,39470151
2010-03-10,38.160648345947266,38.62814895320366,37.55601106588348,38.40063190781225,37101522
2010-03-11,37.91754913330078,38.335186215599755,37.54978311388426,38.14818595248642,35099332
2010-03-12,37.87080383300781,38.26662267403581,37.627702969220465,38.02352181024846,42020594
2010-03-15,38.02662658691406,38.45361286121367,37.65886062986923,37.724310461278925,35664147
2010-03-16,39.09565734863281,39.332526185293624,37.914435410417774,38.079619895802374,46839187
2010-03-17,39.401084899902344,40.11168626709471,33.41082311810924,33.41082311810924,60062999
2010-03-18,39.84365463256836,39.996372575702864,39.276419410410526,39.5818528008805,42724073
2010-03-19,40.158447265625,40.23636363031179,39.66601104886939,39.9246956757651,36154030
2010-03-22,39.210968017578125,40.12415594940813,39.06136732386739,39.65353808836357,40374830
2010-03-23,39.765743255615234,39.90910945768417,39.182924191375236,39.39485748899002,39673429
2010-03-25,39.78132629394531,39.949625528421706,38.930470874172805,39.70652469300079,44968051
2010-03-26,40.14909362792969,40.51685962785273,39.66288947548722,39.8935237866487,38550348
2010-03-29,40.11480712890625,40.56984372120851,39.669122295926044,39.881055574439976,26806599
2010-03-30,39.56626510620117,40.51685247048439,39.40108315905915,40.205184604939014,31669916
2010-03-31,39.397972106933594,39.8685899841086,39.027086365118,39.581855103351906,41394419
2010-04-01,40.653995513916016,40.76619666885251,39.59432404035861,39.64419260688557,44671662
2010-04-05,42.293365478515625,42.37439908021146,40.840992658075514,40.840992658075514,63183830
2010-04-06,42.8606071472168,43.31564128812024,41.95053886540992,42.480372113393635,61411294
2010-04-07,42.73905563354492,43.184740498617224,42.23103568503357,43.01020925322592,41024579
2010-04-08,41.84144592285156,46.0645474413903,41.651328435673214,42.38686784839154,40836594
2010-04-09,42.149993896484375,42.76086561584685,41.838326027147765,42.01285973448041,33147239
2010-04-12,42.65178298950195,42.910467568408095,41.794698145349294,42.26219874254174,43082241
2010-04-13,43.13175582885742,43.228373202941974,42.10948151623383,42.539582572133575,54701968
2010-04-15,42.7671012878418,43.71457143680494,42.26843068666213,43.377968032269,55101659
2010-04-16,43.365509033203125,43.52757624860997,42.13753590495972,42.636201572273976,45323836
2010-04-19,41.751068115234375,42.8855386698553,41.29291424128429,42.55516971907481,66863514
2010-04-20,41.8165168762207,42.698537310836905,41.48303068074648,41.95053630253414,46050616
2010-04-21,41.69185256958008,42.374406290043524,41.495503037816256,41.95676919873747,32931293
2010-04-22,40.84722137451172,41.97857694988543,40.49815396393754,41.45809059091593,68764396
2010-04-23,40.414005279541016,41.30849212689556,40.0836363758272,40.89085761376606,67122977
2010-04-26,40.943843841552734,41.43316272621468,40.516857539478664,40.516857539478664,44468700
2010-04-27,40.36103057861328,40.9968329946828,40.28934622658698,40.83476576109252,38305192
2010-04-28,38.91800308227539,40.14285897926459,38.793335415316314,40.14285897926459,53504292
2010-04-29,39.43537139892578,39.9309248024881,39.03955262586762,39.14551926689126,54895600
2010-04-30,38.57516860961914,40.14286000692919,38.33518502924376,39.92469220811547,78450945
2010-05-03,37.839630126953125,38.51283452120498,37.649512623729095,38.023515619602165,57489202
2010-05-04,36.01948547363281,39.26083449741553,35.66418353293595,37.83651197751942,91443465
2010-05-05,35.72340393066406,35.99143778406644,34.63879950452499,35.5301691776441,123134542
2010-05-06,35.89793395996094,36.14726676466436,34.981628852044025,35.717165742306825,84530421
2010-05-07,34.80398178100586,35.46783440988004,34.4362132947292,34.90683366468446,74479700
2010-05-10,37.490562438964844,37.77418006552933,35.15616659730485,37.331612476953794,80316843
2010-05-11,36.28129196166992,37.94871549832794,36.09117445105024,37.71184917128007,95626856
2010-05-12,36.430885314941406,36.65216782659206,35.65483165832749,36.278167387442544,67048728
2010-05-13,35.84807205200195,37.00436083597068,35.62678700956018,36.46517337334212,58111504
2010-05-14,34.15571212768555,35.77950398606196,34.00299418019926,35.77950398606196,85005442
2010-05-17,33.432640075683594,33.7100256710852,32.600485785277755,33.19577128106432,115249760
2010-05-18,33.055519104003906,33.74118739697941,32.88098540207921,33.58535471503902,98708788
2010-05-19,31.945981979370117,33.0056557852123,31.811965063119803,32.72515294115448,113781201
2010-05-20,31.674837112426758,32.53815909691699,31.416152492009758,32.10182347231967,92988383
2010-05-21,31.743396759033203,31.977148288168145,30.375174868889626,31.01097713132954,129421578
2010-05-24,31.232269287109375,32.662826576575746,30.861383509292292,32.164155868176486,70739548
2010-05-25,29.711318969726562,30.855141056028202,29.561720790692963,30.855141056028202,115377750
2010-05-26,30.19753074645996,31.051500963418945,29.73937934272272,29.79547742628695,134210488
2010-05-27,30.68996238708496,31.004745042168775,29.518089893108787,30.10714089731031,195005274
2010-05-28,30.970458984375,31.69664657072273,30.546589995935904,31.166810959123545,153497329
2010-05-31,31.210445404052734,31.34446232173472,30.309726527953096,30.9704618533942,95833629
2010-06-01,29.920141220092773,31.653016961124404,29.73314097701571,31.166815330804408,120922640
2010-06-02,30.188175201416016,30.350244908036846,29.69574155858031,30.231809257206276,104347419
2010-06-03,30.281679153442383,30.836447899222513,30.122726692902596,30.54971301456552,99276332
2010-06-04,30.247398376464844,30.543482564309272,29.829763759006394,30.200649555120748,86411802
2010-06-07,28.807485580444336,29.359137028092245,28.51763346616207,29.359137028092245,87594426
2010-06-08,28.137393951416016,29.10356501417105,27.99402779176527,28.938380583056993,94488871
2010-06-09,28.863590240478516,29.06617427514451,28.08441914851744,28.2371371118193,116357076
2010-06-10,29.38718605041504,29.505621691732983,28.5300987562717,29.222001599775933,81094666
2010-06-11,29.521209716796875,29.820408628671238,29.337324218435338,29.60847533815211,72959721
2010-06-14,30.181943893432617,30.319078074365294,29.642756433374874,29.677041226507626,56467850
2010-06-15,30.661911010742188,30.777226905910215,29.960656393632387,30.181941416861605,63071931
2010-06-16,30.266094207763672,31.04214796939349,30.157010315617324,30.86137973491691,70320398
2010-06-17,29.979358673095703,30.35335915460714,29.698858311962123,30.2941438259873,80697148
2010-06-18,29.530559539794922,30.31907987919719,29.371607073097707,30.08221105372249,63044725
2010-06-21,31.466022491455078,31.568871895278615,29.9263812171482,29.9263812171482,108694748
2010-06-22,30.795928955078125,31.665482812501175,30.686845066274543,31.665482812501175,75718154
2010-06-23,31.017213821411133,31.279013156513898,30.50919392875395,30.60581130082246,84731474
2010-06-24,31.067087173461914,31.571989931565287,30.855151357475517,31.04215413529872,94390397
2010-06-25,30.54659652709961,31.285250786115462,30.437512627982482,31.04214995307717,62896877
2010-06-28,31.173049926757812,31.26966730938123,30.562180585118934,30.562180585118934,43474763
2010-06-29,30.019874572753906,31.166814007071462,29.92013994930921,31.154347491115747,71452505
2010-06-30,30.27232551574707,30.3845266583911,29.303039521325115,29.303039521325115,62437600
2010-07-01,29.60847282409668,30.29414369837813,29.437056353425845,30.150775017483344,52153300
2010-07-02,29.605356216430664,29.982476453405653,29.368489906187595,29.614707975692255,56401850
2010-07-05,29.40589714050293,29.67704831396711,29.296813220336894,29.670816301963207,26618720
2010-07-06,29.945077896118164,30.041695282482035,29.178375807907212,29.48380924265159,55621729
2010-07-07,29.602243423461914,30.169478699409428,29.51497530602417,30.169478699409428,79492807
2010-07-08,30.21622085571289,30.474905401916544,29.80170362874489,30.169472049803076,55717212
2010-07-09,30.914358139038086,31.035908528463224,30.325304715947823,30.465556125207105,66962502
2010-07-12,31.535249710083008,32.05793287436455,31.139275617303902,31.361020297510393,80987207
2010-07-13,32.235328674316406,32.46024171941908,31.361020845367097,31.373694289456886,81575544
2010-07-14,32.051597595214844,32.91323193561425,31.93122017631883,32.62813272938709,71352141
2010-07-15,32.48558807373047,32.75485060061984,32.0642746371342,32.12129245991501,78717209
2010-07-16,32.23215866088867,32.818198877833545,32.121286324532505,32.56477566995716,42836013
2010-07-19,32.393714904785156,32.5774468445354,31.804506368015794,31.804506368015794,42551024
2010-07-20,32.27017593383789,32.90689981744986,32.01041598801308,32.62813477871372,53786847
2010-07-21,33.632320404052734,33.72735347975411,32.38421697557099,32.81820127005,116351397
2010-07-22,34.265872955322266,34.364071839592654,33.087458440181386,33.57846300840468,111839122
2010-07-23,33.936424255371094,34.775887667035434,33.800210107705794,34.27537798084719,70279683
2010-07-26,33.73051452636719,34.27220522344556,29.14357085178139,33.971266792863474,47804900
2010-07-27,33.5689582824707,34.33872779746078,33.337711099279694,34.21201621291082,55504058
2010-07-28,33.74318313598633,34.174001483364314,33.530943590844494,33.584795567177046,51186212
2010-07-29,33.77486801147461,33.99027595728472,33.41374083678989,33.64182222573519,42287110
2010-07-30,34.02196502685547,34.45278358860005,33.57847555477006,33.57847555477006,58903801
2010-08-02,34.671348571777344,34.769549997194275,28.51001833989226,28.51001833989226,40540867
2010-08-03,34.655513763427734,34.92477626196434,34.41476397835702,34.84558245398463,44176741
2010-08-04,34.24686813354492,34.83924253185596,34.02829182303417,34.655510580437365,26217140
2010-08-05,34.10114669799805,34.65550834054627,34.025121263046344,34.493952388735494,29274186
2010-08-06,33.673500061035156,34.50662678955849,33.54679098994861,34.078976698666516,34298775
2010-08-09,34.218353271484375,34.33872813647229,33.65132076414557,33.83188432998629,26467251
2010-08-10,33.98077392578125,35.0546503837318,33.80971288148412,34.275378212053624,76355770
2010-08-11,32.96074676513672,34.70619381450108,32.85937698382042,34.085309294464146,88011089
2010-08-12,32.941734313964844,33.64181506221195,32.15295723968402,32.81819110016549,127290034
2010-08-13,33.401065826416016,34.21201642106502,33.185657907072866,34.21201642106502,82309640
2010-08-16,32.8055305480957,34.01245543609946,32.62813530333447,33.46126207188058,79233197
2010-08-17,32.5394287109375,33.18565753516002,32.387375317600025,32.86887730704909,75989247
2010-08-18,33.062110900878906,33.13180214334615,32.58694564470918,32.62812671813448,58597190
2010-08-19,33.09062957763672,33.54362403849902,32.843543073558145,33.06211940126471,49049630
2010-08-20,32.875221252441406,33.128644475935495,32.758014723860185,32.94491251206637,46480693
2010-08-23,33.043113708496094,33.375730735654365,32.9227388197312,32.94491227352114,46916480
2010-08-24,32.54893493652344,33.31870707134766,32.336695355949445,33.04311042329885,45887129
2010-08-25,31.487730026245117,32.501420294785035,31.234309361648638,32.3747086941278,95974402
2010-08-26,31.79500961303711,31.98190994746332,31.487734382854676,31.677803078497238,62397768
2010-08-27,32.32085037231445,33.07161474676082,31.80450152528308,31.994570157371115,99182623
2010-08-30,33.44541549682617,33.54044855230528,32.954408417346805,33.00826039756104,80154280
2010-08-31,33.115966796875,33.42957613270134,32.66297243358198,33.20466313125854,76185733
2010-09-01,34.08214569091797,34.148668588650125,33.30603929836703,33.32504692774116,79756741
2010-09-02,34.46861267089844,34.655510445712984,34.21835782639093,34.3387327074023,62561066
2010-09-03,34.2722053527832,34.592151410278476,33.98076946559532,34.528794348831966,37492092
2010-09-06,36.47381591796875,36.597359155292935,34.40842270442287,34.46544305037525,166248114
2010-09-07,36.51816177368164,37.02817651191273,36.128526982045514,36.31542474466856,92089488
2010-09-08,36.78425598144531,37.16122240519084,35.97963951072448,36.23939942157172,85601599
2010-09-09,37.611053466796875,37.80111961602978,36.432638775460084,36.936314324599095,89099134
2010-09-13,38.10839080810547,38.4378394417932,37.72192182832286,37.95000067598439,78745738
2010-09-14,37.816959381103516,39.017547542150595,37.70291867537919,38.29212476042446,82144925
2010-09-15,38.247779846191406,38.631080530729896,37.91199443370333,38.01336423704575,75721418
2010-09-16,37.71875,38.69125654477374,37.51284462287469,38.45050681308156,73781176
2010-09-17,38.317466735839844,38.91617533032122,37.84546721017278,37.84546721017278,103258755
2010-09-20,39.15375518798828,39.40084165147032,38.36814635972587,38.45367687478916,87497369
2010-09-21,38.985862731933594,39.51805091520773,38.67858756282399,39.293137901043195,72225657
2010-09-22,39.207611083984375,39.80632221246503,38.86232316541769,39.21711616664086,80251369
2010-09-23,39.50221633911133,39.56557087477663,38.77362776372869,39.34382619487085,70755618
2010-09-24,39.91085433959961,40.16110916675497,39.53389045528014,39.59724498386219,61453824
2010-09-27,40.921382904052734,41.149464317787064,40.18012338285273,40.262485551874946,75373987
2010-09-28,41.285667419433594,41.554929845548514,40.67428550108306,40.86435160380089,71986965
2010-09-29,41.377540588378906,42.112465877747006,41.193811168575465,41.193811168575465,74615016
2010-09-30,41.298343658447266,41.687980995051596,40.680627476463535,41.371203270697016,79557546
2010-10-01,42.308868408203125,42.71751086322829,41.40288207644169,41.40288207644169,84295340
2010-10-04,42.42924118041992,43.11981698713686,42.217001597929304,42.57496040755357,55818783
2010-10-05,42.343711853027344,42.92341534370507,42.2074977042956,42.57496160650583,41875297
2010-10-06,42.97092819213867,43.39857821732486,42.51793635662878,42.698499926082306,58252929
2010-10-07,41.162132263183594,43.20851797038679,40.99740793699419,43.0818089015627,80930791
2010-10-08,39.6986198425293,41.74817144738528,39.23612284622883,41.49475076393459,164344849
2010-10-11,40.55392074584961,40.84852251745365,39.99322230538846,40.84852251745365,49075461
2010-10-12,40.12627029418945,40.67429528565471,39.59725039553727,40.61094074841412,48329945
2010-10-13,40.4113655090332,40.54757965313002,40.00905726147952,40.332171711157,74212544
2010-10-14,41.33952331542969,41.776678437174915,40.58875884080472,40.58875884080472,83963769
2010-10-15,40.284664154052734,41.72600483283954,39.98372561622564,40.902383037372,47962257
2010-10-18,40.93088150024414,41.36486573103298,39.59724520161772,41.36486573103298,48942171
2010-10-19,40.11359786987305,41.342696139608584,39.94570518163648,41.184305997419216,48909392
2010-10-20,39.00804138183594,39.882349207052094,38.90667412329599,39.59724998733121,73839691
2010-10-21,39.812644958496094,40.028055386046375,39.144245302888564,39.22027072198818,48854665
2010-10-22,39.12207794189453,40.10408964368626,39.027044878717,40.0407351138072,60258730
2010-10-25,39.29631042480469,39.9647102802196,39.223450807182665,39.55923618371032,58328847
2010-10-26,38.37132263183594,39.594084295800414,38.19075901949012,39.38184468138432,84837904
2010-10-27,38.95735549926758,39.08406710183168,38.13373388767796,38.155907340021514,73358289
2010-10-28,38.25727844238281,39.242458585993504,38.08304903160846,39.12208116423141,82196607
2010-10-29,37.341793060302734,38.358649298536,36.80960476866633,38.33647584335047,77094169
2010-11-01,37.500186920166016,38.20026544886124,37.41782474031952,38.029204366079156,57844589
2010-11-02,37.95317077636719,38.12106346162714,37.25308986097313,37.66173484781147,63507476
2010-11-03,38.62156677246094,38.86231649752573,38.117888799938214,38.216090213512786,52399454
2010-11-04,39.3754997253418,39.44519097407301,38.970023138476776,39.12207654146143,44328357
2010-11-08,40.11676788330078,40.46205328332614,39.33115639855439,39.66060506675476,59861789
2010-11-09,40.629940032958984,40.85485304726741,40.09775438606223,40.25614197488044,58532187
2010-11-10,40.38285827636719,41.02275050086067,40.29416192656852,40.66795749151156,35795474
2010-11-11,39.98054504394531,41.0797657594107,39.74612948631305,40.45888124090585,51387863
2010-11-12,38.45367431640625,39.964703168455166,38.23509803915419,39.82532321657662,72318232
2010-11-15,39.172767639160156,39.527558111950306,38.52654122917877,39.400846504034355,74383441
2010-11-16,38.39031982421875,39.53072161870774,37.65856297849682,39.337487137961766,93340295
2010-11-18,39.49904251098633,39.69227698891711,37.79477656522276,38.612063914132165,77964294
2010-11-19,38.39665603637695,39.556062905483806,38.092549233440145,39.52755273416361,62828159
2010-11-22,39.58774948120117,39.727132005594946,38.564556539734966,38.68176307264164,51501797
2010-11-23,38.78312683105469,39.45786335641846,38.19391828698769,39.02704494238434,61762408
2010-11-24,39.065059661865234,39.635258034048405,38.80529975070152,38.8686568165338,66846919
2010-11-25,38.184417724609375,39.50854903210687,38.01969340138297,39.30581198891701,61781963
2010-11-26,37.93733596801758,38.52971044063708,36.8539542886482,38.4188380910534,89759337
2010-11-29,37.497005462646484,38.330132054772385,37.1137048777469,38.026025260516015,60096177
2010-11-30,37.050350189208984,37.316444285408046,36.372445311224396,37.316444285408046,82175689
2010-12-01,38.871826171875,38.95102251136016,37.18973600135631,37.24675635109838,65364369
2010-12-02,39.45469665527344,39.93303288945244,39.0618934794247,39.4008446683438,58160490
2010-12-03,38.9351806640625,39.584575384510686,38.418831726386315,39.50221322627698,47165678
2010-12-06,40.23396682739258,40.54124198373992,39.2804653639535,39.40084023078487,87730875
2010-12-07,40.50640106201172,40.82317880969317,40.11042951158943,40.5095694229337,72345385
2010-12-08,39.54972839355469,40.31316380406831,39.35649390457672,40.25614345824295,50830185
2010-12-09,38.3016242980957,39.91402306667093,38.01969093570187,39.81899000456639,62020643
2010-12-10,39.21711730957031,39.34382638150198,37.66173618188897,38.18758770891892,53324662
2010-12-13,39.977386474609375,40.16745262897075,39.07773679745569,39.28047385965994,54667940
2010-12-14,40.96573257446289,41.1177860055473,40.040741080092566,40.10409561941179,59805750
2010-12-15,40.72180938720703,41.349028127352895,40.34167458818465,40.85485517166998,61594891
2010-12-16,41.84003448486328,41.9825853489489,40.66161992743066,40.86435696112737,94510734
2010-12-20,42.22016525268555,42.562284777719974,41.3902069829701,41.44089314214701,68054084
2010-12-21,42.84104537963867,43.00260384890898,42.213826737541254,42.26451035480072,45445832
2010-12-22,42.63198471069336,43.2528667854942,42.24551569192418,42.910749747848485,65741073
2010-12-23,41.90021514892578,42.942417963438295,41.76716938440626,42.76818605201634,53807282
2010-12-24,42.628814697265625,42.80937830295423,41.501086154526966,41.80202718848681,41613388
2010-12-27,41.976253509521484,42.95509697107663,41.9128989718473,42.58446721806661,29346116
2010-12-28,42.131473541259766,42.432412021922936,41.985754305606825,42.131473541259766,22483600
2010-12-29,42.324710845947266,42.57496571515121,42.194830869633904,42.274024677847315,22932832
2010-12-30,42.62247085571289,42.86638639343073,42.44824148535831,42.486254197598065,37228115
2010-12-31,43.10715103149414,43.35423752259048,42.57496279165732,42.7776973032628,41844165
2011-01-03,44.60550308227539,44.82408190501205,43.404915152696475,43.41125187366758,69842837
2011-01-04,44.01313018798828,45.22955742301064,43.92126548793093,44.89377208180031,83358418
2011-01-05,43.14198684692383,44.136669336152075,42.90756877251286,44.12716679198214,51717481
2011-01-06,43.29087448120117,43.769208129533126,43.176833797431144,43.57280529342203,39851736
2011-01-07,41.893882751464844,43.58547773274839,41.57076833378846,43.366898914978,61225072
2011-01-10,41.22547912597656,42.17581472233658,40.86435200523457,41.8146876015946,65583559
2011-01-11,40.962562561035156,41.84003874970141,40.59510117436918,41.11778434700401,61733208
2011-01-12,41.11144256591797,41.72599291213322,39.676439020163606,41.060758942743966,89637761
2011-01-13,40.39236068725586,41.561272792541374,40.230804719553554,41.29517867060018,71520950
2011-01-14,39.435691833496094,40.33217306271278,39.122079918773395,40.230803273066066,71101317
2011-01-17,39.638431549072266,39.78731661438979,38.84965424126045,39.09990910306052,53388877
2011-01-18,40.07875442504883,40.47156018507275,39.723963925924096,39.723963925924096,61502011
2011-01-19,40.522239685058594,40.832683242674,40.10726051242625,40.16111250037051,60524280
2011-01-20,40.18011474609375,40.75348144487537,39.95203338138575,40.16110712012884,66863598
2011-01-21,39.88551330566406,40.23080120078221,39.723957352092185,39.92986274489494,38829691
2011-01-24,41.13361740112305,41.32685187995728,39.59724411534854,39.84433057647581,65492957
2011-01-25,41.52008819580078,42.099791657951826,41.200142111708175,41.20647883306669,62526586
2011-01-27,41.18747329711914,41.84003640443918,41.01007806740607,41.63729936144111,55390333
2011-01-28,40.38602828979492,41.46624155667706,39.9266996437807,40.99107364194259,49091667
2011-01-31,40.528568267822266,40.67111657451706,39.15375106074577,39.343817160817196,71870522
2011-02-01,40.02489471435547,40.724975567474026,39.7302904511406,40.38602186624006,66983778
2011-02-02,39.67644500732422,40.22764090774722,39.014379298657346,39.98372022679956,161644397
2011-02-03,40.427207946777344,40.60460318408957,39.641599017698525,39.641599017698525,57170205
2011-02-04,40.28782272338867,41.3078471719196,40.04073624480426,40.40503177787301,73568483
2011-02-07,40.57291793823242,40.896032359819365,40.17377808610604,40.52857103877662,54739177
2011-02-08,39.2614631652832,40.87069623963281,39.046055212048095,40.87069623963281,66087518
2011-02-09,37.95950698852539,39.324821996139725,37.70608630338735,39.210781292632596,86728122
2011-02-10,38.0482063293457,38.298461193141115,36.819108001157595,37.950004893127364,90243721
2011-02-11,37.7155876159668,38.1970896923675,36.43580571456708,38.140069342479265,92871740
2011-02-14,39.29631042480469,39.47053729819498,37.98168163027653,38.475854612301156,55967071
2011-02-15,39.065059661865234,39.723956911526436,38.77362375450327,39.533890787465374,61726365
2011-02-16,40.63628005981445,40.832682918237715,38.38082062222945,38.64691473568296,106958539
2011-02-17,41.50425338745117,41.624628275732086,40.645784827668585,40.801006613728674,65019762
2011-02-18,40.443050384521484,41.903396016718695,40.17695623933986,41.59928914700209,60134456
2011-02-21,40.38602828979492,40.63628315479471,39.42935827486883,40.63628315479471,54992972
2011-02-22,39.556068420410156,39.9773843278962,39.299476842754345,39.971047605955896,52707220
2011-02-23,39.72395706176758,46.69307197973131,38.92884313224692,39.46419968633931,46232356
2011-02-24,38.18124771118164,39.65743490807584,37.70291402970359,39.53389167100332,80050967
2011-02-25,38.44733810424805,38.73560562961124,37.45582394260242,38.52653443066912,81304755
2011-02-28,38.46635055541992,39.06506166733779,37.969009232006954,38.90033480974807,67748302
2011-03-01,40.19595718383789,40.281485165635445,38.59622675433884,38.71976999106634,57340998
2011-03-03,39.55923080444336,40.06607462451836,39.16009094733561,39.91402122482408,54692879
2011-03-04,39.16642761230469,40.113594962432,39.0397160150809,39.926694658929485,42240235
2011-03-07,38.18758010864258,38.87815582846013,37.702909760631385,38.86548492378879,47068306
2011-03-08,39.027042388916016,39.191766692810575,38.20975505366806,38.45684404622765,44832452
2011-03-09,38.83381652832031,39.315318641643195,38.45685257671468,39.153762662383635,36670480
2011-03-10,37.79478454589844,38.71027350734829,37.7092540139897,38.71027350734829,65346001
2011-03-11,36.8286018371582,37.661728399072224,36.56567612797697,37.661728399072224,76674809
2011-03-14,38.08305358886719,38.190760116498666,36.87929698422396,36.87929698422396,55859088
2011-03-15,37.58887481689453,38.00702234499951,36.42946783719093,37.06302331429167,80503138
2011-03-16,37.9848518371582,38.48852738970882,37.791617325561646,37.791617325561646,55389199
2011-03-17,37.55086135864258,37.994350691235475,37.37980031776772,37.41464721278356,39407553
2011-03-18,37.832786560058594,38.23192636582675,37.57619505417499,37.95316141279059,44467629
2011-03-21,38.105224609375,38.39349218020731,37.794781048959834,38.07671443470997,36924852
2011-03-22,38.317466735839844,38.67859138703774,38.21292858317043,38.330137642721276,31133514
2011-03-23,38.67226028442383,38.7609566396636,38.26044943615772,38.320635614462276,29042852
2011-03-24,38.631072998046875,39.05238632541739,38.37131562289537,38.96368998441628,35588313
2011-03-25,38.99220657348633,39.08407129024885,38.53921210184917,39.08407129024885,41579412
2011-03-28,38.86232376098633,39.28997384882112,38.650081629176896,38.94468592496286,30080075
2011-03-29,38.83064651489258,39.1822711722986,38.54554729243882,38.80530470001467,50570123
2011-03-30,39.014381408691406,39.46737589635733,38.94469014418268,39.02705231708223,34915388
2011-03-31,39.42301940917969,39.71445532356606,38.9003337503368,39.1030733218252,51198419
2011-04-01,39.6986198425293,39.91085944295641,39.296311558616445,39.470538437033674,26314449
2011-04-04,39.98688888549805,40.1801234003434,39.641600940336374,39.73029729493523,23313661
2011-04-05,40.243473052978516,40.41453409258349,39.48637435445342,40.14210580288784,32982608
2011-04-06,40.19279861450195,40.58243604706894,39.98689316979553,40.29416842447994,26515102
2011-04-07,40.443050384521484,40.67429762967393,40.167453692385706,40.29416531088735,26255251
2011-04-08,39.90452194213867,40.66795482679201,39.64159619749233,40.452546883248594,23551524
2011-04-11,39.59408187866211,40.22447157113636,39.47687535104877,39.85067346109256,20522523
2011-04-13,40.31950378417969,40.54758264919696,39.24245892129567,39.37867307545737,21998062
2011-04-15,39.9520378112793,40.420868961032376,39.79998439685348,40.192790107752664,26136267
2011-04-18,38.77995681762695,40.31316174503722,38.61523250997511,40.03439675155939,35313998
2011-04-19,38.60890197753906,39.090406608936696,38.333305300429195,38.52020562512661,33385070
2011-04-20,39.5655632019043,39.692274785380114,39.014369969994476,39.0270408746703,28071975
2011-04-21,39.91719055175781,40.10408831122977,39.69544589947172,39.803149865046606,22928298
2011-04-25,39.7049560546875,40.21180252089862,39.619425523260496,39.89819057233295,23177548
2011-04-26,39.74930191040039,39.847503340940214,39.00170572331647,39.78731463091701,27935537
2011-04-27,39.283634185791016,40.09775316594805,39.220277122817315,39.91402123472919,23069008
2011-04-28,38.86549377441406,39.55290129042391,38.773629060447576,39.476875845083,30562118
2011-04-29,39.05872344970703,39.24245539161045,38.67858865991216,38.906670041132664,19750925
2011-05-02,38.941524505615234,39.21712375836056,38.460022342943134,39.02705504577221,21650872
2011-05-03,38.219261169433594,38.95101801206695,38.01335578399284,38.811635514735094,25270257
2011-05-04,37.36396026611328,38.26360981876455,37.26576137810033,38.086214596795756,40294661
2011-05-05,36.93947982788086,37.655397461532154,36.80959986514604,37.37980080545014,25341504
2011-05-06,37.66489791870117,37.79160950506609,36.936306931282324,37.04401342855901,25949500
2011-05-09,37.702911376953125,38.06403851736199,37.386133673154035,37.88664330764063,20398039
2011-05-10,37.278438568115234,37.8042901379773,36.936316435878446,37.633229071858906,29235214
2011-05-11,37.64589309692383,37.8486301281778,37.284765936736704,37.37979899940944,21083822
2011-05-12,37.04402160644531,37.566704795960824,36.94265180763131,37.506516081552775,26223983
2011-05-13,37.63322067260742,38.1400644986514,37.05034887746206,37.13271103090318,26341686
2011-05-16,36.60686111450195,37.569865185410436,36.51816223628132,37.569865185410436,28845946
2011-05-17,36.362945556640625,37.06302393940251,35.90361694014417,36.7589171023276,34886776
2011-05-18,36.22039794921875,36.67655824595287,35.87510999967803,36.492826275447676,26563678
2011-05-19,35.653358459472656,36.41996219583965,35.52031268307409,36.05249832538618,31280176
2011-05-20,36.71773910522461,36.98066488304596,35.66920435508941,35.776908340450824,33421250
2011-05-23,35.44110870361328,36.400946713017866,35.32390221859954,36.400946713017866,24547948
2011-05-24,35.89094543457031,36.04299885057112,35.070489645645004,35.30490522294966,51265184
2011-05-25,35.55515670776367,36.12852595859458,35.36825895043508,35.966970012085,46353470
2011-05-26,36.375614166259766,36.739907153536095,35.859265233330554,36.42946615101611,65164366
2011-05-27,37.07569122314453,37.27843078586127,35.84025890370427,36.619531012108624,50946093
2011-05-30,36.70189666748047,37.18340127232177,36.56251415608716,37.18340127232177,25150822
2011-05-31,37.31645202636719,37.37980656873887,36.701901550129044,37.0915389616905,27971024
2011-06-01,36.89196014404297,37.85179578415559,36.75257765229102,37.50650791520592,48938067
2011-06-02,36.423133850097656,36.55618218451169,36.20772588492955,36.55618218451169,22400954
2011-06-03,36.31859588623047,36.955319730900456,36.17604501452284,36.5751874553042,25504645
2011-06-06,35.979637145996094,36.30275156464413,35.75155831973455,36.30275156464413,28930765
2011-06-07,36.616371154785156,36.746248592323454,35.859269836881126,35.92262691182315,22026821
2011-06-08,36.60053634643555,36.8286152485546,36.397796725975766,36.43581199026107,26249625
2011-06-09,36.55934524536133,36.8539469742231,36.39145257368856,36.556176884752134,24619983
2011-06-10,36.07784652709961,36.67022093648526,35.87193858266554,36.58785877339887,36858716
2011-06-13,35.6660270690918,35.98597312068275,35.51397367583098,35.98597312068275,50666205
2011-06-14,35.54248809814453,35.91945453440069,35.38093214119959,35.859265827279415,33993979
2011-06-15,35.567832946777344,35.88144487866457,35.494975863926776,35.60584820542428,30186316
2011-06-16,35.051490783691406,35.61218674503107,34.93428170584884,35.39677875771195,42485066
2011-06-17,36.3059196472168,36.448470497987884,35.66919589606285,35.73255042045129,44860571
2011-06-20,35.55198669433594,36.42629434725019,34.75053864667729,36.4041208979939,36025821
2011-06-21,35.36509323120117,36.01765632375866,35.273228525941725,35.852932004414555,28209894
2011-06-22,35.3587532043457,35.79590831127062,35.241546697330946,35.558324400051085,24929281
2011-06-23,35.26054763793945,35.599501287366216,35.05464228223427,35.4601188101631,21483880
2011-06-24,36.67972946166992,36.76209163818226,35.43162336831972,35.53616153802754,31907967
2011-06-27,37.338619232177734,37.59837661750034,36.41679620883618,36.51816345966374,42812712
2011-06-28,37.2055778503418,37.53819488910002,36.93631535084874,37.439993450700314,24359543
2011-06-29,38.114723205566406,38.18758281512868,37.31644347110677,37.360792908958494,29757006
2011-06-30,38.662757873535156,38.80213786083025,38.20342921652364,38.330140832601124,38847461
2011-07-01,38.15907287597656,39.071393302838466,37.73775955561213,39.071393302838466,26111140
2011-07-04,38.624515533447266,38.7085520197545,38.146153597808144,38.640676794396576,19662023
2011-07-05,38.6180419921875,39.232156839585855,38.411183589127134,38.77965197990895,31108334
2011-07-06,38.647132873535156,38.97358303945945,38.39179327845751,38.62450866520108,21858286
2011-07-07,39.21923065185547,39.303267125680335,38.68915224225655,38.721474759354145,30642476
2011-07-08,38.45643615722656,39.173978941203,38.275434723649546,39.173978941203,42517373
2011-07-11,37.997467041015625,38.517847150967235,37.884340817622395,38.49522294160306,19060188
2011-07-12,36.976097106933594,37.8164617737794,36.84680963781442,37.5352626284667,46518112
2011-07-13,37.17002868652344,37.45122784447046,36.856507012772894,37.29931616145152,42319302
2011-07-14,37.270233154296875,37.72597087404874,36.91146041120331,37.08923169198227,26549383
2011-07-15,37.03750991821289,37.57728404752476,36.78540049678589,37.36396009363589,22675237
2011-07-18,36.95024108886719,37.29931545274015,36.862971850827456,37.0762957921626,19976380
2011-07-19,37.26053237915039,37.3801241483632,36.76924457701161,36.97610300764157,26839851
2011-07-20,37.19911193847656,37.6031329623383,37.10860994534189,37.42859710170082,25420109
2011-07-21,37.06337356567383,37.38012546787327,36.963175822286935,37.19912401114696,12536318
2011-07-22,37.76797866821289,37.90696184924908,37.21204335578235,37.4932424867825,24242628
2011-07-25,38.220481872558594,38.462898135707555,37.428600997491614,37.49324343625506,26818596
2011-07-26,37.70979690551758,38.50814325022014,37.532025684645184,38.31421336225536,22599760
2011-07-27,37.48355484008789,38.18816920378558,37.26699809958032,37.68718050209979,26539863
2011-07-28,36.759544372558594,37.422140458613434,36.601167141073596,37.17003103132851,27964821
2011-07-29,36.45895004272461,36.976099959091776,36.35552213008006,36.84681247999999,23666004
2011-08-01,37.09246063232422,37.23144383746184,36.38138075919427,36.89529534125463,25227926
2011-08-02,36.48480987548828,37.0665996532189,36.300575669387754,36.91145519483351,21414469
2011-08-03,36.416927337646484,36.5559131077092,35.94179830444892,36.193907693014395,24673618
2011-08-04,36.054931640625,36.71752775593671,35.82544641272524,36.58824026714408,25777753
2011-08-05,34.4517707824707,35.32769080988419,34.067141110339115,35.32769080988419,51686067
2011-08-08,32.91001892089844,33.60816762854229,32.51569356477151,33.60816762854229,58005022
2011-08-09,31.361806869506836,32.635282339103895,30.883445052611027,31.998543310162432,92862356
2011-08-10,31.348878860473633,32.6449811448959,31.070909895815067,32.51892644479998,62699383
2011-08-11,31.313329696655273,31.675332610505713,31.035363265958914,31.12586270027832,34025237
2011-08-12,30.702442169189453,31.668864145484363,30.44709999445889,31.668864145484363,72276542
2011-08-16,30.31781005859375,31.15170906653075,30.140038843683737,31.02888715337721,44275761
2011-08-17,30.56992530822754,30.6862817065363,29.771576248297787,30.39861959758211,41751401
2011-08-18,29.904096603393555,30.55376416323485,29.645521651846103,30.55376416323485,31816546
2011-08-19,29.697237014770508,30.249937004599172,29.089587714586063,29.34816006757017,44750855
2011-08-22,30.379226684570312,30.53760391232338,29.48391522069,29.823291296894975,27650652
2011-08-23,30.738000869750977,30.915769545756984,30.00106400954845,30.57639086478404,28137702
2011-08-24,29.380483627319336,31.022430162699543,29.228571943941443,30.641033275489196,57619606
2011-08-25,28.682327270507812,29.797427990110474,28.511024178247407,29.522694418129618,102319671
2011-08-26,27.298969268798828,28.753446565418606,27.040394261792976,28.565982144211628,51857846
2011-08-29,28.9215145111084,29.089587444889904,27.58339140248502,27.722374590936194,54489559
2011-08-30,30.28872299194336,30.56992212137564,29.41280309112063,29.41280309112063,79355759
2011-09-02,31.681793212890625,31.84986615300749,29.8006657676702,30.382458107921032,78362190
2011-09-05,31.979150772094727,32.059954465716594,31.041818608252253,31.416752509103553,64301116
2011-09-06,32.02762985229492,32.16661561274583,30.90606616880822,31.675322768799525,50338800
2011-09-07,32.224796295166016,32.54801367472233,31.992080920731272,31.998543870648007,33796202
2011-09-08,31.762598037719727,32.454283849710635,31.610686350051587,32.305604931378994,35187069
2011-09-09,30.8284969329834,31.727043700063128,30.71214053745838,31.67532715821049,48120569
2011-09-12,29.403106689453125,30.382457140840515,29.228570804733593,30.333973368910357,63890835
2011-09-13,29.564716339111328,30.24024083964078,29.141301237874465,29.761879017144192,44408820
2011-09-14,30.35013198852539,30.615172444118407,29.35462295463242,29.736019793830742,36271366
2011-09-15,30.10125732421875,30.83496130710218,29.742484667109547,30.70567383978097,58540563
2011-09-16,29.790969848632812,30.673352778332664,29.548556159462436,30.408314881331265,77131031
2011-09-19,29.331998825073242,29.661679128568096,29.193013059241384,29.661679128568096,26530605
2011-09-20,29.80713653564453,29.90410151131741,29.231807044612868,29.332007378361478,35881857
2011-09-21,29.63905906677246,29.891168482908537,29.422502348062007,29.891168482908537,24168903
2011-09-22,28.59830093383789,29.154236400155643,28.44315645350346,29.154236400155643,46546105
2011-09-23,27.977720260620117,28.33002742947076,27.479966935208942,28.28477900955064,56415180
2011-09-26,28.14902114868164,28.42375733193607,27.16320779917219,27.9260015037575,40432338
2011-09-27,28.375276565551758,28.792228743841,28.152256897025122,28.54658227856093,41373784
2011-09-28,27.628644943237305,28.701727673370144,27.512285951226236,28.57244019205631,36602885
2011-09-29,28.04236602783203,28.313866907567952,26.956354744029436,27.408859661304376,57060920
2011-09-30,26.849685668945312,27.977714949010306,26.772114745278145,27.835499000668094,54617244
2011-10-03,25.511566162109375,26.423041372170367,25.395207184095486,26.423041372170367,53011249
2011-10-04,25.699039459228516,26.206491140484932,25.23037325078678,25.459858494441622,49738666
2011-10-05,25.89620018005371,26.29698854473747,25.72812722255951,25.909128669992782,44295126
2011-10-07,27.130887985229492,27.240784022435186,26.545865455224295,26.730099655942663,46120898
2011-10-10,28.116703033447266,28.21043522100634,26.93372434962164,27.130887032211586,55640139
2011-10-11,28.026199340820312,28.65647281570487,27.841965157656244,28.43022040088183,51411773
2011-10-12,28.708189010620117,28.766365909825108,28.035894723838037,28.119931186150076,33613160
2011-10-13,29.30937385559082,29.56794879026821,28.5465801277498,28.80515506242719,49684947
2011-10-14,28.304170608520508,29.154233695829245,28.068222434225873,29.08959124680546,45961137
2011-10-17,28.446386337280273,28.66294306912765,28.01650823136638,28.507798604533495,29295461
2011-10-18,27.74823760986328,28.107007729219863,27.347446663544194,27.81611282798862,35440245
2011-10-19,28.05529022216797,28.27507710797473,27.764392769440303,27.906608726710292,24879519
2011-10-20,28.546581268310547,28.695262767590577,27.376533653989934,27.75793053314892,59382601
2011-10-21,27.990646362304688,28.766368621495573,27.864591656954044,28.675869201090144,34943591
2011-10-24,28.220129013061523,28.698490813947682,28.1070028065701,28.384969169393898,26014093
2011-10-25,29.22210693359375,29.47098616910944,28.249221964942418,28.430223398226328,51806866
2011-10-28,31.268075942993164,31.781993106022266,30.194993197886962,30.253172694704308,57079320
2011-10-31,31.209896087646484,31.58806022432882,30.7089100081419,31.02566446755619,51688313
2011-11-01,30.511747360229492,31.061217216850423,30.10126070539749,30.83496477069556,31523286
2011-11-02,30.243478775024414,30.544071997045958,29.67784762039124,29.965509763873662,38998951
2011-11-03,29.84592056274414,30.366300707014286,29.43220111006238,30.07863597543077,40645377
2011-11-04,30.198223114013672,30.78647838891743,30.065705462260745,30.227312859673763,45328056
2011-11-08,30.214391708374023,30.511752187170845,29.994604766269948,30.40508889775414,22588676
2011-11-09,28.9344482421875,30.72507393587328,28.70819577674806,30.434176429858923,62211735
2011-11-11,27.787019729614258,28.045594669508905,27.353906317047837,27.790252498727273,64010459
2011-11-14,26.665456771850586,28.31063622205496,26.474759605513974,28.119936467432094,53556458
2011-11-15,25.886503219604492,26.82706838259075,25.605306607569716,26.730103408854454,85149679
2011-11-16,26.242040634155273,26.982210238351755,25.446926891405724,25.863876496816154,82471038
2011-11-17,25.863872528076172,26.859384173817695,25.728122116514037,26.303448863624375,57891738
2011-11-18,25.301475524902344,25.74751483214623,24.890988912629165,25.74751483214623,63792329
2011-11-21,24.545148849487305,25.295011553980473,24.36091464849659,25.139867099898083,51412896
2011-11-22,25.32087516784668,25.821861307357985,24.606562458046618,24.726154234074183,65603617
2011-11-23,24.735849380493164,25.107550602537096,24.412631939349637,25.075228081936825,52574014
2011-11-24,24.926544189453125,25.146333685051108,23.72417656148607,24.629186346014592,74903175
2011-11-25,24.23809051513672,24.629185720099763,24.057089080488133,24.545149247288418,50875360
2011-11-28,25.013816833496094,25.1528026424471,24.435259738464435,24.486973702910806,49490822
2011-11-29,25.026742935180664,25.72812443870039,24.829577661299577,25.146332101248742,57130488
2011-11-30,24.900686264038086,25.11401021270534,24.66150533764499,24.82311533086057,36560386
2011-12-01,26.028715133666992,26.516775284025684,25.728124538583565,25.947911432905727,76267004
2011-12-02,27.09210205078125,27.334515741042203,25.66994501307926,25.857411979829678,73408040
2011-12-05,26.57818603515625,26.98220973191246,26.4392028359614,26.943424264569128,48231828
2011-12-07,26.991905212402344,27.214924883007132,26.43920260158651,26.681616299834094,49446025
2011-12-08,26.119218826293945,26.946655090861544,25.98669857434011,26.755957930642744,39519651
2011-12-09,25.699039459228516,26.141846097507326,25.27885703301998,25.53419925855128,49057302
2011-12-12,24.916847229003906,26.21294957562095,24.81988226952992,26.03841368388219,38855239
2011-12-13,25.379047393798828,25.534191828197567,24.124960843147093,24.62594942729184,68703256
2011-12-14,24.289806365966797,25.37258476189927,24.209002664790674,25.337029476878723,57789947
2011-12-15,24.257482528686523,24.558075697223565,23.750030964624848,23.921336665351788,61269890
2011-12-16,23.59165382385254,24.680897702241122,23.430046429811092,24.43525384210951,53039116
2011-12-19,23.5043888092041,23.591658060034007,22.883810921017673,23.53024578983081,43601723
2011-12-20,22.156572341918945,23.695088572158074,22.017589129827815,23.61428486062348,68611048
2011-12-21,22.58968162536621,22.845023820340266,22.05960579547461,22.754521806316742,88327231
2011-12-22,22.877342224121094,23.07450488723823,22.085458802814557,22.431300361336195,75231220
2011-12-23,22.450695037841797,23.181166225575684,22.30201613812102,23.006630350971793,68795475
2011-12-26,23.1197566986084,23.25227694588734,22.50241164431667,22.592913655378297,47794089
2011-12-27,22.570287704467773,23.22965360797778,22.441002809942454,23.14238436295856,32604424
2011-12-28,22.421607971191406,22.670484619514717,22.172731322868096,22.473321927132332,33968736
2011-12-29,22.10162353515625,22.544430110467975,22.049906990470962,22.295553459939285,50911750
2011-12-30,21.678203582763672,22.424835956744793,21.59093435951545,22.27292430236022,43335417
2012-01-02,22.04990577697754,22.366660213205538,21.468114740503637,21.843047374478942,40366454
2012-01-03,23.39125633239746,23.517311020511453,22.250298601797954,22.30201513752966,61120216
2012-01-04,23.527015686035156,23.756498331068563,23.03249251798827,23.530245867409384,57216892
2012-01-05,23.43974494934082,24.015071792720796,23.232886528469173,23.594889412066106,43814647
2012-01-06,23.50761604309082,23.775886683419508,22.638161685760508,23.20702289044714,47790478
2012-01-09,23.384798049926758,23.64660319647694,22.919364665170516,23.433279238261225,40503994
2012-01-10,24.031232833862305,24.137896106929986,23.349242722630173,23.349242722630173,54776879
2012-01-11,24.758474349975586,24.848973777365284,24.002143471216105,24.15405516554918,59006033
2012-01-12,25.136638641357422,25.372586813781563,24.616258518910975,24.75847449392213,50840450
2012-01-13,26.872312545776367,27.467030727249444,25.333796672108356,25.340259621624348,127759440
2012-01-16,27.263402938842773,27.757925951278683,26.387483110203263,26.665449447819018,83431943
2012-01-17,28.620920181274414,28.986155779396533,27.347442153015447,27.3765318971693,86114532
2012-01-18,27.467031478881836,28.769599259288615,27.23754888149795,28.675867076598625,76374390
2012-01-19,28.174877166748047,28.565972312604895,27.79671309624891,27.79671309624891,68626572
2012-01-20,28.220129013061523,28.73404609567767,27.829036443746308,28.313861194219697,62047734
2012-01-23,27.573701858520508,28.310638787542548,27.35068215323397,28.11993901563862,47336879
2012-01-24,27.948633193969727,28.443156385623446,27.260180049432407,27.66743398580256,60889502
2012-01-25,28.756675720214844,28.889195977009994,28.055294143122655,28.119936592604276,77401484
2012-01-27,29.655221939086914,29.904098599470597,28.92798080992415,29.089590812500166,60675886
2012-01-30,28.591838836669922,29.503311715257833,28.249227344112192,29.477454732477355,48811211
2012-01-31,29.14130401611328,29.312609734389298,27.932470856581222,28.75344157294919,69311452
2012-02-01,30.44387435913086,30.641037071509267,29.144539083906242,29.218879844325443,86156967
2012-02-02,30.76386070251465,31.080612614494427,30.01399528296374,30.770326242158916,83893036
2012-02-03,30.220849990844727,30.641034955463088,29.748953656898156,30.641034955463088,61778258
2012-02-06,30.204689025878906,30.899604984607564,29.933185592455217,30.68628104322366,54807937
2012-02-07,29.176847457885742,30.51173749385973,29.04109706940395,30.382450053822858,78653204
2012-02-08,29.131608963012695,29.852384551054207,28.595067586740942,29.348163104571285,100564034
2012-02-09,29.22857093811035,29.370786897144665,28.44315039428768,28.95383473915763,97885885
2012-02-10,30.70890235900879,30.92545644263836,27.964783945026454,28.055285936112444,219661196
2012-02-13,31.365034103393555,31.6009848089141,30.156201186835872,30.770315951337608,68409083
2012-02-14,31.542804718017578,31.79168131714379,31.116156900985004,31.222817561100364,65026574
2012-02-15,32.00824737548828,32.111675297238065,31.481401693001587,31.739976673948703,67922516
2012-02-16,30.97071647644043,31.882191837356306,30.683054341090013,31.781994099514975,56593425
2012-02-17,30.899600982666016,31.610680695184,30.41477625893615,31.287463349935546,60177196
2012-02-21,31.772293090820312,32.38317518629838,31.04182182697598,31.04182182697598,80347460
2012-02-22,30.41478729248047,32.11491109347398,30.2531772670863,31.843407596720798,47300762
2012-02-23,30.472959518432617,30.957784302222603,29.76187971782603,30.382457511705976,70342471
2012-02-24,30.738000869750977,31.087075271004608,30.146512755190066,30.58608917335098,62730462
2012-02-27,28.59830093383789,30.896380975310244,28.352657016475494,30.896380975310244,69732575
2012-02-28,29.72308921813965,29.865305154171747,28.8568651157883,28.87625913916923,54473637
2012-02-29,30.54729652404785,30.718602223546274,29.6907706148416,30.059238989557855,58134270
2012-03-01,29.91702651977539,30.502051663790095,29.516235584579803,30.502051663790095,52593190
2012-03-02,30.11742401123047,30.54407195382775,29.752188338461778,30.11742401123047,39576718
2012-03-05,29.13484001159668,30.05924386743165,28.999089572897894,30.05924386743165,36603378
2012-03-06,27.470266342163086,29.542093532550446,27.31189170904124,29.01848068293397,76826382
2012-03-07,27.395925521850586,27.783785320512507,26.888473979353595,27.28602949649633,79199179
2012-03-09,29.42573356628418,29.571179705904562,27.926003049142846,27.926003049142846,68592743
2012-03-12,29.503307342529297,29.949349288386962,29.047569676637607,29.742488280229193,48752139
2012-03-13,30.25963592529297,30.369529371659983,29.706933335976178,29.706933335976178,42574892
2012-03-14,29.790969848632812,30.757389247827888,29.648753886673816,30.70567529376498,60170311
2012-03-15,29.913795471191406,30.182066170463347,29.41280936166322,29.832991760935823,52057512
2012-03-16,29.38694953918457,30.631338054825825,29.079893372238008,29.929956472233453,58889705
2012-03-19,28.973228454589844,29.962274618942754,28.84394098519354,29.412804815222902,35216384
2012-03-20,29.39987564086914,29.542091595056924,28.776065103857178,29.024941729542867,46254912
2012-03-21,30.5376033782959,30.650729597814628,28.963534612959986,29.273820936023228,52355843
2012-03-22,29.083120346069336,30.75092369455978,28.895653396031914,30.350132819642344,71839086
2012-03-23,28.992624282836914,29.438663621104592,28.620923108756468,29.034642518880766,49505968
2012-03-26,28.452848434448242,29.19301538001556,28.313862657567352,28.9667629553393,46622411
2012-03-27,28.895654678344727,29.131605407897204,28.352650417695962,29.08312163670144,51260146
2012-03-28,29.419267654418945,29.600269075578225,28.533651986573187,28.759904410093757,53596605
2012-03-29,29.289979934692383,29.412804452662108,28.79222667783822,29.096050027131387,42849700
2012-03-30,30.49559211730957,30.683059132378684,29.29645443379289,29.328776957701585,52029761
2012-04-02,30.49559211730957,30.85436229720678,30.194998856846684,30.43741260958858,34405919
2012-04-03,30.912532806396484,31.174337904722936,30.650725119784337,30.74122452920583,44075454
2012-04-04,30.74122428894043,30.97717499958802,30.463257936889796,30.66688613599663,32777032
2012-04-09,29.719858169555664,30.53759855492391,29.46128325484409,30.53759855492391,28123669
2012-04-10,29.270586013793945,29.732786536642582,29.05079656068914,29.700464025362475,45858307
2012-04-11,28.853639602661133,29.399879280439468,28.675870932062384,28.97969431562086,44102061
2012-04-12,29.302915573120117,29.503311067700253,28.96676962777874,29.13161241888769,32501080
2012-04-13,29.07666778564453,29.89763867751699,28.898896490583653,29.60674372417195,32601433
2012-04-16,29.422502517700195,29.535628737512422,28.766369407474844,28.915050913203757,27332705
2012-04-17,29.83622169494629,30.052775824913187,29.18008858989007,30.052775824913187,30274336
2012-04-18,30.072168350219727,30.479422200335065,29.917023903114554,30.023684578124264,42288244
2012-04-19,30.198223114013672,30.359833099712624,29.836220266116886,30.16590059921669,29199181
2012-04-20,30.40184783935547,30.673348649929764,29.997824215688066,30.098021929413587,40414956
2012-04-23,29.920259475708008,30.983643909455445,29.71339846799473,30.382460091200507,50229389
2012-04-24,30.398618698120117,30.59901414948476,29.74248562160136,29.994597614525684,24618891
2012-04-25,30.091562271118164,30.721835776431828,29.690771372383775,30.51174460799394,32090693
2012-04-26,30.17559814453125,30.670118631691658,29.962274211173455,30.123881604505016,41107445
2012-04-27,29.81036376953125,30.2984213270507,29.37078739670186,30.169133854067233,26944077
2012-04-30,29.97197151184082,30.33720713892584,29.748951847833187,29.89763076107627,28311968
2012-05-02,29.855607986450195,30.34366806361993,29.7424817870343,30.056003411978736,17368535
2012-05-03,28.966768264770508,29.72309919448657,28.831017820396887,29.67138264420764,33198366
2012-05-04,27.958328247070312,28.827782752251554,27.71268177061844,28.70819357760709,44138115
2012-05-07,28.546581268310547,28.695262767590577,27.221389204641977,27.292497185105038,41960861
2012-05-08,27.615718841552734,28.74698116549854,27.40886040653758,28.73405267507799,34951012
2012-05-09,26.985443115234375,27.951862581172087,26.77858210812457,27.253713799963453,43700848
2012-05-10,26.8658504486084,27.473499783504902,26.717171531270676,27.020994904575886,40466870
2012-05-11,26.633134841918945,27.143816622926817,26.43920233232427,26.63313484191894,36799434
2012-05-14,26.387481689453125,26.9822023798127,25.986690871254375,26.536163156185722,34122630
2012-05-15,27.030683517456055,27.150275244375585,26.13537230293363,26.203247499270343,40830811
2012-05-16,25.89620018005371,26.591118808638594,25.76367992282039,26.56849201003051,53639660
2012-05-17,26.235578536987305,26.49092073959641,25.986699285123894,26.077201301853542,41059300
2012-05-18,25.85417938232422,25.98669703815821,25.21097477714283,25.66994518356519,65056708
2012-05-21,26.03518295288086,26.267900944466323,25.126940373055067,25.47601736043326,100642912
2012-05-22,25.812158584594727,26.497378768680257,25.657014147793685,26.33253861341845,43633988
2012-05-23,25.61499786376953,25.947910968513693,25.492175930216245,25.663479048044216,36166983
2012-05-24,25.770139694213867,26.01901630519675,25.301473626886192,25.77336987476097,37976097
2012-05-25,26.413345336914062,26.536169863508587,25.59883759733405,25.705498277496602,41989966
2012-05-28,26.623441696166992,26.85939248740407,26.374565001841553,26.439207458716158,33404005
2012-05-29,26.878780364990234,27.085641376123043,26.53617150657029,26.70424446043681,33892818
2012-05-30,26.523239135742188,26.801208120598567,26.345470470367584,26.633135174924803,25407535
2012-05-31,26.093364715576172,26.36163543011299,25.79923701934918,26.219419442530594,44273011
2012-06-01,25.721660614013672,26.335775507874647,25.540659174105926,26.115986011476107,32242225
2012-06-04,26.115985870361328,26.258201841296003,25.152799179577038,25.40167583456964,33387726
2012-06-05,25.72812271118164,26.43273693659648,25.61499650283653,26.245269982922512,25081653
2012-06-06,26.50385093688965,26.600815910611978,25.986700959322015,25.986700959322015,30987723
2012-06-07,26.57495880126953,27.14058996882814,26.503850809111125,26.827068249389416,40270572
2012-06-08,26.529705047607422,26.90786918069322,26.21295059120563,26.62667001083818,36208505
2012-06-11,26.49738121032715,27.085639087439546,26.293755574173087,26.891706582353677,29086978
2012-06-12,26.691308975219727,26.78827651408794,26.200018684402078,26.306681941842797,31589327
2012-06-13,26.629899978637695,26.92402760676099,26.526469487539337,26.807668627811072,30734778
2012-06-14,26.306682586669922,26.94018884407979,26.245270328205216,26.63313272832795,30293019
2012-06-15,26.797975540161133,26.88524478294213,26.322846447179412,26.38102594236674,26602125
2012-06-18,27.134122848510742,27.486430019067853,26.736564669528093,27.085641658851145,56844796
2012-06-19,27.166440963745117,27.47349707610611,26.8464537753989,27.214922145546417,39621295
2012-06-20,27.589859008789062,27.75793195516912,27.221390599175525,27.402392034639732,40682407
2012-06-21,27.80640983581543,27.922768812023108,27.331280800681796,27.43147852038443,30497074
2012-06-22,27.059783935546875,27.596325357614358,26.92403348930288,27.467037862565284,41262347
2012-06-25,26.80443572998047,27.454105829900545,26.604042875101214,27.150279896134077,26393946
2012-06-26,26.536174774169922,26.66545968668998,26.21295472801016,26.633139752703233,44275971
2012-06-27,27.195531845092773,27.279568312795078,26.639596497633427,26.639596497633427,34349460
2012-06-28,27.73531150817871,27.858133465279955,27.159982018612652,27.2213942913065,51802678
2012-06-29,28.53688621520996,28.701726387650712,27.958326638755096,28.084381345024973,45864153
2012-07-02,28.892419815063477,29.380477275564086,28.549808468006425,28.701720118542593,42500118
2012-07-03,28.853639602661133,29.138071546248064,28.57244042849818,28.960302875649315,25598564
2012-07-04,29.20594596862793,29.451592437306612,28.902122593330237,28.96030208823535,32829450
2012-07-05,29.19301414489746,29.33523009657905,28.992621293242312,29.180085657316024,21931979
2012-07-06,28.97646141052246,29.167158552604292,28.672635467239267,29.15423006440989,19917991
2012-07-09,28.288000106811523,28.76636183815382,28.13285569155766,28.76636183815382,21869873
2012-07-10,28.365581512451172,28.55951143848436,27.961560401834333,28.249222521516806,39633156
2012-07-11,28.18458366394043,28.659712819698978,28.126404161066088,28.252458887865014,31976528
2012-07-12,27.69975471496582,28.216902085287025,27.606022514404206,28.107008624983134,36915689
2012-07-13,27.47350311279297,27.990650499258077,27.415323611219105,27.796720552869463,34817544
2012-07-16,27.137561798095703,27.852671643758736,27.02114862934801,27.772844177207904,42108163
2012-07-17,26.994537353515625,27.516733205022476,26.93134072718398,27.340450121878384,35627600
2012-07-18,27.383695602416992,27.523393020011532,26.89476129956256,26.94132710542741,35242635
2012-07-19,27.569955825805664,27.732932133362215,27.456866691442567,27.673062198549484,28262689
2012-07-20,27.66974449157715,27.799461825511607,27.373721449180337,27.373721449180337,24541860
2012-07-23,26.575458526611328,27.433589971444118,26.475676172117854,27.406981698711295,30737885
2012-07-24,26.3991756439209,26.771699456230312,26.202937633013647,26.565481345334337,34986111
2012-07-25,25.710674285888672,26.462369916087788,25.657455081195174,26.342630034890604,54008020
2012-07-26,25.54436683654785,26.00669283094183,25.411322829231448,25.817105586626774,78160298
2012-07-27,26.552173614501953,26.794977402016148,25.92021523086734,25.94349680070786,53599890
2012-07-30,27.297216415405273,27.380370588441203,26.761716325808212,26.874802804948494,36150934
2012-07-31,27.569955825805664,27.71630129997087,26.675236166481337,27.35708435458478,42452707
2012-08-01,27.244001388549805,27.726284964981637,27.13756563924681,27.606545079952095,31430595
2012-08-02,27.004518508911133,27.297214788172326,26.781672263534347,27.21406328358368,32971944
2012-08-03,26.409147262573242,26.761713460726853,26.10980026216313,26.75838676146347,43126545
2012-08-06,26.894760131835938,27.19410716198608,26.69186874547529,26.874802597763075,31774940
2012-08-07,27.017824172973633,27.224042259901932,26.844867755160347,27.007846737635322,28438068
2012-08-08,27.14422035217285,27.593242279268008,27.047762034125164,27.1342402522771,47496430
2012-08-09,27.027803421020508,27.26728050603507,26.76171540345731,26.99786845245739,44352886
2012-08-10,26.615373611450195,27.067722283856746,26.51559124692524,26.94798238103039,31553997
2012-08-13,26.30604362487793,26.685218167922113,26.043284935496118,26.675240731575922,44154048
2012-08-14,27.014503479003906,27.067720025379323,25.850371550860594,25.943500507017575,69131780
2012-08-16,26.492305755615234,27.234023974547647,26.422455713631354,27.014501739647006,45463172
2012-08-17,26.262802124023438,26.731781541940617,26.076541569411727,26.558825122408994,47266944
2012-08-21,26.083194732666016,26.44241170355874,25.74393263246759,26.276108684817313,58991013
2012-08-22,26.11313247680664,26.37589383128824,25.890283531444954,26.083197504094016,39783313
2012-08-23,26.512256622314453,26.83488785805744,26.27610625103506,26.335973521063337,50580368
2012-08-24,25.797151565551758,26.349285203308636,25.66411020361234,26.342631803466297,56620589
2012-08-27,25.65412712097168,26.036628316672537,25.577629012623845,25.976758379015678,35111885
2012-08-28,25.158540725708008,25.903585621201618,24.819281279757153,25.903585621201618,48395094
2012-08-29,24.905759811401367,25.2283910899667,24.812628199457972,24.97893388835958,31291260
2012-08-30,24.34032440185547,24.8625203692548,24.247192791170388,24.832585398926774,58939593
2012-08-31,24.040979385375977,24.51993362395244,23.82145713899214,24.346977186830166,50214884
2012-09-03,23.814800262451172,24.390212735530753,23.62853971608676,24.223909722648038,38344846
2012-09-04,24.1939754486084,24.277126957436444,23.651821964449738,23.79484341195093,33158071
2012-09-05,23.275976181030273,24.060933524090473,23.18617126522843,23.987759444195344,59186775
2012-09-06,23.365781784057617,23.54206492096659,23.099693728705496,23.329193411288582,49384024
2012-09-07,24.672931671142578,24.74610574283985,23.961148487720155,23.961148487720155,74844397
2012-09-10,25.2816104888916,25.50445944469528,24.94567503687058,24.94567503687058,63948700
2012-09-11,25.07538604736328,25.225060880198683,24.895778911451014,25.15853754849841,25669811
2012-09-12,25.753910064697266,25.810453298294,25.025496099495527,25.40799460109049,46093776
2012-09-13,25.783849716186523,25.973434320053343,25.42795675359811,25.8104579881857,39306192
2012-09-14,26.941326141357422,27.14089082964772,26.552174200144194,26.58875990548487,78768829
2012-09-17,27.27060890197754,27.616521748233847,26.878130250227365,27.273935601689363,67821239
2012-09-18,26.961280822753906,27.267281252279005,26.87480261420271,27.140890639048138,34561355
2012-09-20,26.149715423583984,26.731781316518745,26.076541349515317,26.675238077032567,39808146
2012-09-21,27.230697631835938,27.536698084786842,26.375892916181897,26.375892916181897,73918391
2012-09-24,27.054414749145508,27.599892316988264,26.90806658928707,27.240675317104234,45976493
2012-09-25,26.631996154785156,27.16749618692985,26.38586568868455,27.041105586362026,44299324
2012-09-26,26.355932235717773,26.94132479994574,26.21623749356808,26.48232284354323,48386487
2012-09-27,26.362586975097656,26.768369751345908,26.276108765847717,26.35593357585205,52899246
2012-09-28,26.668588638305664,27.2473305810642,26.528893868651707,26.67524203852294,55614781
2012-10-01,26.538869857788086,26.781676336619388,26.143067144196,26.73511052811128,39552640
2012-10-03,26.861494064331055,26.994538054886544,26.44240722534979,26.57545121590528,44567657
2012-10-04,27.20740509033203,27.45353818828454,26.97457878771954,27.061056976490473,54499436
2012-10-05,27.310523986816406,27.543350373632073,22.550889857247714,27.446894716962174,61366255
2012-10-08,27.117610931396484,27.79945921134062,26.994544345818397,27.207413182221085,76627135
2012-10-09,27.410306930541992,27.666417559618573,27.147548228228434,27.363743782974325,37686133
2012-10-10,27.380373001098633,27.836045657431487,27.280587984662827,27.400327873593216,52550251
2012-10-11,27.955785751342773,28.06554554133994,27.287241584567084,27.566633772956344,62983312
2012-10-12,28.00234031677246,28.371534610792082,27.89923130455797,28.092145198071183,54970752
2012-10-15,27.865976333618164,28.108780110468285,27.673062393803804,27.942477102362012,32574416
2012-10-16,27.214067459106445,28.12874214039334,27.08435013318879,28.058894759282406,31392137
2012-10-17,27.087675094604492,27.59989096553726,26.88811040038418,27.59989096553726,33279679
2012-10-18,27.39034652709961,27.440236364704514,26.9945412082464,27.234020951919042,42712202
2012-10-19,27.104307174682617,27.463524173477158,26.95463231539711,27.273936906212406,32476508
2012-10-22,27.13091468811035,27.30054441489743,26.81493414250987,26.954631561767417,23557192
2012-10-23,26.901412963867188,27.26728336044424,26.851523120032986,26.874804692023524,17672606
2012-10-25,26.528894424438477,27.061067903807015,26.46902447519224,26.947981405671204,46090313
2012-10-29,26.745088577270508,26.894763442515423,26.54885056594122,26.67524119465315,19720297
2012-10-30,26.14638900756836,26.85484818561822,26.109803301882437,26.745085741579423,22332477
2012-10-31,26.089841842651367,26.319344131665368,25.850364783166906,26.20958170413865,40172024
2012-11-01,26.439085006713867,26.60206398935029,26.076541336170646,26.143064674466565,26009957
2012-11-02,26.76504135131836,26.871477088052682,26.50893343946209,26.6353240456845,27035257
2012-11-05,26.452388763427734,26.59208617375732,26.30936731702327,26.548847069879447,17941726
2012-11-06,26.538869857788086,26.58876236622336,26.199610388994866,26.21624122513996,25496332
2012-11-07,26.738433837890625,26.934671819842208,26.382540914585004,26.382540914585004,25479402
2012-11-08,26.87148094177246,26.924697486026403,26.382543953349217,26.57545792150582,23801603
2012-11-09,25.980083465576172,27.190780951213366,25.644148093741695,26.888107245676633,60423749
2012-11-12,25.55101776123047,25.69736590401336,25.36143317900167,25.65080010158419,39749568
2012-11-15,24.972280502319336,25.604238924297153,24.88580228982128,25.604238924297153,35377237
2012-11-16,24.619720458984375,25.27163384627481,24.556523808645714,24.945675820884105,32750162
2012-11-19,24.180673599243164,24.855868495948553,24.08754198284001,24.613064682206293,38111665
2012-11-20,23.98443031311035,24.499975519996973,23.887974670817563,24.48001798623379,33792979
2012-11-21,24.263824462890625,24.38689104814752,23.95117327700609,24.127453741861455,24687556
2012-11-22,24.34365463256836,24.57648102956164,24.127456409510938,24.480022705184407,31030201
2012-11-23,24.270475387573242,24.503301735081948,24.030995641111545,24.39686599626671,23422936
2012-11-26,24.736129760742188,24.892458028672202,24.297087920986517,24.297087920986517,30278787
2012-11-27,25.008869171142578,25.205107169734653,24.835912744081558,24.94567252914312,33361307
2012-11-29,25.065412521362305,25.394694541453713,24.992238443176365,25.078716657078783,41588544
2012-11-30,25.690717697143555,25.797150783468393,25.065412661022517,25.065412661022517,50588754
2012-12-03,25.990066528320312,26.17300306908326,25.743936004095055,25.81045935109643,36295843
2012-12-04,25.953475952148438,26.09982409192311,25.723973644212936,26.010019188403607,25370337
2012-12-05,26.488977432250977,26.602063910831674,26.119780363571692,26.249497676677283,41523846
2012-12-06,26.595413208007812,26.86815466028325,26.096501439131124,26.582111735227897,27348680
2012-12-07,26.226215362548828,26.871477873661775,26.083193918578118,26.775019568851466,37004318
2012-12-10,26.62867546081543,26.668587870497326,26.24617687358834,26.276111846722465,27241547
2012-12-11,26.349288940429688,26.801634962161437,26.123113266072707,26.785004123687575,32269620
2012-12-12,26.30604362487793,26.62867492280912,26.236196243473106,26.402501942357173,32891576
2012-12-13,25.85369300842285,26.45238702421909,25.757234708313142,26.382539655391888,32126233
2012-12-14,26.409147262573242,26.612038628776695,25.743929930446193,25.876973929569644,27656509
2012-12-17,26.54552459716797,26.7683735511723,26.299394069480133,26.50893888659519,32740632
2012-12-18,27.55998420715332,27.679724113619574,26.34928899485576,26.681897774546712,87529802
2012-12-19,28.21189308166504,28.265109625521806,27.6763929527616,27.799459539793727,92730116
2012-12-20,28.710805892944336,28.84384990861818,27.653109830398574,28.13871742459398,80793250
2012-12-21,28.65093231201172,29.036757511297154,28.268431148490578,28.491280046188404,61059885
2012-12-24,28.51124382019043,28.996851458993223,28.398154665210573,28.611026175239076,52382849
2012-12-26,28.597721099853516,28.857155747160167,28.451372940322994,28.537851156091875,25553535
2012-12-27,28.654268264770508,29.06005112713471,28.604375750311654,28.803940481164954,44194017
2012-12-28,28.507911682128906,28.843847056022152,28.358236846362043,28.727433886756877,29737199
2012-12-31,28.504581451416016,28.720776929911832,28.4081258266994,28.44471152452641,19279787
2013-01-01,29.14985466003418,29.269591894721234,28.694179305018494,28.73076767990218,32584167
2013-01-02,29.14651870727539,29.519039757248702,29.05671381215055,29.435888260350925,27256503
2013-01-03,29.422592163085938,29.575591065703474,29.19309247741423,29.26959059697759,34469672
2013-01-04,28.83719253540039,29.33610685955257,28.604366205928066,29.33610685955257,38258536
2013-01-07,29.32946014404297,29.801766309043543,28.617676860056083,28.930330724568858,71920525
2013-01-08,28.827220916748047,29.27291613378332,28.611025376264866,29.256285297824505,39637260
2013-01-09,28.092153549194336,28.973566467707975,28.005672677298612,28.873784124431946,78406263
2013-01-10,27.972415924072266,28.39482956482881,27.822741065361885,28.26843627814419,50388489
2013-01-11,27.75954818725586,28.258459963607248,27.64645903202481,27.9724170342664,35178640
2013-01-14,28.191940307617188,28.238503455211923,27.496787831916826,27.812765745691376,29264162
2013-01-15,28.258459091186523,28.461350495453424,28.01565527874188,28.175307574943552,31316985
2013-01-16,27.60321807861328,28.1852839983811,27.513413165822143,28.038935843497157,24885754
2013-01-17,27.852676391601562,27.972416280093867,27.197436368285096,27.363742064912266,44091817
2013-01-18,27.60654640197754,28.13871984699604,27.500110647577532,27.912546865323137,28410610
2013-01-21,27.54667091369629,27.875952883547974,27.37371451228003,27.606540847031184,26768709
2013-01-22,27.187456130981445,27.89258592619384,27.084347089124137,27.54667309595793,26833763
2013-01-23,27.110960006713867,27.51674284459808,26.78167795432168,27.300547288634434,32465750
2013-01-24,26.908065795898438,27.400326805093076,26.791652611420353,27.18080457177807,32936331
2013-01-25,27.057741165161133,27.157523516110384,26.512260939550362,26.92137044288577,35586098
2013-01-28,26.98456573486328,27.30054360762979,26.918042395234203,27.120933786819926,29409082
2013-01-29,26.542194366455078,27.367064061320896,26.41580375107392,26.99454295099195,40497844
2013-01-30,27.02448081970215,27.17415568521552,26.582112286671563,26.671914542488786,36537515
2013-01-31,26.93467140197754,27.081019543039634,26.705171755513458,26.94132480088507,31212612
2013-02-01,26.665252685546875,27.387013112037558,26.57877450231287,27.04775111285587,34165055
2013-02-04,26.279434204101562,26.904739236460195,26.219564261658746,26.80828358668601,39897310
2013-02-05,26.259477615356445,26.46901973671517,26.04993283050727,26.07654110018865,30638298
2013-02-06,26.439085006713867,26.794977941521783,26.369237632295537,26.369237632295537,36478527
2013-02-07,25.970108032226562,26.475673146853712,25.916888829351286,26.442411477992973,28088003
2013-02-08,25.773868560791016,26.20625962179231,25.61088957210881,26.000044190500557,31369109
2013-02-11,25.59758758544922,25.97011139992165,25.54769773917906,25.946827163303546,27315082
2013-02-12,25.60424041748047,25.77719685256302,25.424630582514403,25.617544553756762,26218662
2013-02-13,25.012197494506836,25.79050146680224,24.952327548408608,25.61754502851437,42026209
2013-02-14,25.33814811706543,25.444583852922705,24.499974354724017,24.613060825859076,74946104
2013-02-15,25.018848419189453,25.431284644972173,24.732805486560622,25.145241712343342,37741835
2013-02-18,25.627521514892578,25.743934702769604,24.91573825160082,25.015520603568174,39504747
2013-02-19,25.72397804260254,25.86367547090457,25.284936211699716,25.677414896659315,27707048
2013-02-20,25.228391647338867,25.86700081908643,25.151890868944555,25.803804176479307,43067893
2013-02-21,24.207275390625,25.00220996317084,24.180667125487986,25.00220996317084,60877442
2013-02-22,24.247190475463867,24.473366081173843,23.994409265158385,24.22723560614466,51908048
2013-02-25,23.994413375854492,24.506629282984317,23.931216730706193,24.33034614735233,34057029
2013-02-26,23.24604034423828,23.961150280677504,23.182843702842106,23.947846145145245,47307858
2013-02-27,23.75493049621582,23.828104568187403,23.033169875057762,23.32586616294409,49489248
2013-02-28,22.71718978881836,23.98110109498193,22.484363461158726,23.88464546281928,73683961
2013-03-01,22.690582275390625,23.122975994358992,22.620734899273522,22.73714808063221,33793473
2013-03-04,22.264842987060547,22.63736407470253,22.175038082854797,22.617406541493356,34189668
2013-03-05,22.893474578857422,22.986606193046626,22.18501802692245,22.298105844832772,49384938
2013-03-06,23.465560913085938,23.715018097748846,22.823625099304294,23.08971311807678,50724846
2013-03-07,23.3192138671875,23.475539453594124,22.92008448372459,23.475539453594124,31321635
2013-03-08,23.891300201416016,24.060929907886994,23.415667421836897,23.415667421836897,50346977
2013-03-11,23.904605865478516,24.137432221101076,23.585301301395607,23.85471336206348,38448337
2013-03-12,23.69839096069336,24.047630541006274,23.415672063705887,23.9478481842727,35755935
2013-03-13,23.422321319580078,23.741625870028024,23.32918971591178,23.615235262327065,25188104
2013-03-14,23.75493049621582,23.83143126770666,23.056451444711737,23.42232180456965,32243569
2013-03-15,23.57864761352539,24.134105226022537,23.495496105675535,23.804823230684374,29236159
2013-03-18,23.236061096191406,23.415668243613936,23.036496415281754,23.206126127705918,20968344
2013-03-19,22.597448348999023,23.399036306593437,22.510970156959125,23.349143812651974,29563972
2013-03-20,22.268169403076172,22.77705988896343,22.125147954900125,22.597452735586973,32234479
2013-03-21,21.80916976928711,22.680605297204792,21.619582508294073,22.384582288297413,35735016
2013-03-22,21.410037994384766,21.81914746718185,21.300276883835664,21.759277528383205,40015507
2013-03-25,20.91444969177246,21.83910302085325,20.827972817486135,21.819146819094865,49847815
2013-03-26,20.392255783081055,20.881191431105584,20.2891480645412,20.764778244992378,47792651
2013-03-28,20.811342239379883,21.114017315325714,20.003103354927532,20.322407934401372,138880635
2013-04-01,20.93440818786621,21.054146735667437,20.635059820745266,20.93440818786621,34235893
2013-04-02,21.267017364501953,21.383430546978623,20.834624973126346,20.894494914227554,35774219
2013-04-03,21.077430725097656,21.63953911914065,20.99760457853126,21.207148046799887,40219761
2013-04-04,20.245906829833984,20.9876263564233,20.159428618605023,20.961016754067657,50169939
2013-04-05,20.568540573120117,20.798041595794892,20.169409807322065,20.189367344421044,41835601
2013-04-08,20.349016189575195,20.78806065188203,20.26919004476898,20.655016633289907,34976759
2013-04-09,20.24923324584961,20.874538250395126,20.192690005722092,20.495363740783127,40568692
2013-04-10,20.305776596069336,20.545255024741838,19.956538386199043,20.44547267906461,59964944
2013-04-11,19.856754302978516,20.515320967178194,19.803536431557113,20.488711365594877,66694181
2013-04-12,19.92327880859375,20.176061399001547,19.627257108402322,19.756974437753215,52325834
2013-04-15,19.58734130859375,19.82349303757831,19.537450135758853,19.82349303757831,37592119
2013-04-16,19.846771240234375,20.003098121060443,19.4576193852278,19.58733667022999,63584287
2013-04-17,19.760299682617188,20.18936674124493,19.697104368346267,20.02306103969763,68517003
2013-04-18,19.9432315826416,20.122841390917245,19.54410089493769,19.770275173260767,57604113
2013-04-22,20.402231216430664,20.502013550578468,20.02305674857488,20.07627461493476,55733324
2013-04-23,20.5618896484375,20.768106445385936,20.362323588564767,20.428845608522344,52817114
2013-04-25,20.791383743286133,20.9177756802836,20.621754036487733,20.63838486992704,47737389
2013-04-26,20.29247283935547,21.060800644287013,20.235929597866797,20.841277082561284,37723866
2013-04-29,20.119516372680664,20.402233911272436,20.029711461038637,20.322407767061286,26517800
2013-04-30,20.13947105407715,20.448798171863686,19.80353566747915,20.2824938283017,43365635
2013-05-02,20.262537002563477,20.38892894732218,20.08958058575858,20.222624597952453,29722379
2013-05-03,20.701580047607422,20.914448854667118,20.026383928639483,20.18936289917267,56318386
2013-05-06,21.456602096557617,21.506493264351203,20.82131838559636,20.844601285698733,61835052
2013-05-07,21.599624633789062,21.71271110898502,21.286972145503228,21.566362965734815,52826865
2013-05-08,21.197168350219727,21.739320482738915,21.040841441836836,21.702733447308468,54284613
2013-05-09,21.027536392211914,21.413362931299996,20.941058190730377,21.267014795948125,32921952
2013-05-10,21.18718719482422,21.313577788973994,20.96101294054905,21.084078167350167,29697724
2013-05-13,20.32906150817871,21.37012816834575,20.28914909866034,21.213801235035305,42574021
2013-05-14,20.215970993041992,20.40223153055165,19.723708718060532,20.142796925074958,65199056
2013-05-15,20.5086669921875,20.608450664769332,20.289146108695945,20.289146108695945,39638120
2013-05-16,20.74149513244629,20.927757027397995,20.46210428763671,20.508668762565648,46417675
2013-05-17,20.744821548461914,20.851255964303114,20.52197394927288,20.80136479026051,33278451
2013-05-20,20.977645874023438,21.26701545436192,20.788058632061293,20.814666900496274,42932137
2013-05-21,20.528627395629883,21.054150139954004,20.402236759833645,20.95436777869477,31203733
2013-05-22,20.35234260559082,20.85458237044174,20.229277356219626,20.445472884608847,34817523
2013-05-23,19.926599502563477,20.655012081041345,19.647207391445523,20.28914310816641,89139009
2013-05-24,20.82132339477539,21.253715839253008,20.388932282043225,20.63173611250192,120873612
2013-05-27,21.097389221191406,21.197172914050636,20.67497553893222,20.827977112533343,38877942
2013-05-28,21.40671157836914,21.53975425260762,21.024210394102447,21.024210394102447,54824153
2013-05-29,20.92443084716797,21.479888514273956,20.78806145530054,21.400061034637268,37854794
2013-05-30,20.066301345825195,20.824650489280465,20.006432727983047,20.824650489280465,67307508
2013-05-31,19.407732009887695,20.205993405414198,19.29797090153465,20.205993405414198,71057705
2013-06-03,19.723711013793945,19.810190557430392,19.294646654062547,19.52414631919751,45763118
2013-06-04,19.87339210510254,20.116197313610776,19.763630955920384,19.770283025712114,40275253
2013-06-05,19.896665573120117,20.116189113746827,19.710405031384646,19.80353530225238,35038255
2013-06-06,19.643882751464844,19.756969214309713,19.507512058128903,19.756969214309713,36067396
2013-06-07,19.42768669128418,19.850100257469308,19.374468825165902,19.55740399143644,28921979
2013-06-10,19.331228256225586,19.68379442838352,19.198185598656842,19.45762017924815,27718499
2013-06-11,18.7059268951416,19.254731084831842,18.47642592008856,19.1582741146865,51578891
2013-06-12,18.210338592529297,18.709251595521234,18.147143291737382,18.636077528606336,55076836
2013-06-13,17.704774856567383,18.60614536330047,17.595015071414853,18.027406139425768,65208397
2013-06-14,18.236949920654297,18.389950146996433,17.897689128219703,17.920972031917593,42151438
2013-06-17,18.42986488342285,18.48640812992982,17.9143209330594,18.296820853733767,35967011
2013-06-18,18.965360641479492,19.178230773277686,18.207011712523173,18.343381078876426,59503872
2013-06-19,19.364492416381836,19.530796758595642,18.822340287399737,18.96536172871967,74733601
2013-06-20,18.13051414489746,19.015253765244488,18.01410096686521,19.011928397390978,76652725
2013-06-21,18.097251892089844,18.389946824243623,17.664859562989676,18.120533459835812,58373707
2013-06-24,17.738037109375,18.320103052134286,17.66818972894203,17.974190186378074,57052723
2013-06-25,17.724729537963867,17.984164136998917,17.44866410614603,17.728054905473368,54589072
2013-06-26,17.601665496826172,17.927622117314225,17.4686214890471,17.894360449496865,44955319
2013-06-27,17.571731567382812,17.94425268039649,17.38547101087597,17.89436150746592,51764556
2013-06-28,18.210338592529297,18.233621492319514,17.761316756662044,17.761316756662044,64426912
2013-07-01,18.67266273498535,18.805706722129855,18.10057572105596,18.10057572105596,46058006
2013-07-02,18.755815505981445,19.045185045205837,18.626096886428634,18.739184674699935,43840131
2013-07-03,17.930950164794922,18.57288468733571,17.86442815590444,18.56623261962119,41510201
2013-07-04,17.614971160888672,18.18705831322479,17.521840880054228,18.160450042056464,48243583
2013-07-05,17.608320236206055,17.950907742592445,17.535146153997488,17.861102823951374,35367643
2013-07-08,17.289016723632812,17.488581446413328,17.16262475592514,17.488581446413328,40983550
2013-07-09,17.405427932739258,17.56840559347924,17.30564425101066,17.46862324349596,35587578
2013-07-10,17.04288673400879,17.49856077523579,16.97969008225981,17.4952340749351,51591917
2013-07-11,17.365514755249023,17.65155901042896,17.235797429727015,17.428710068049277,56890663
2013-07-12,17.471946716308594,17.56175162059922,17.195882599766115,17.395447278085047,38974306
2013-07-15,17.664060592651367,17.804714109232158,17.283266322774278,17.461656282689717,53080240
2013-07-16,17.262685775756836,17.571438415453915,17.200934973100797,17.386186007485797,33494219
2013-07-17,16.68634605407715,17.38961502760929,16.61773421238912,17.262683601240468,46462955
2013-07-18,16.789262771606445,16.85101356516647,16.44277373394512,16.69663795484933,39403806
2013-07-19,16.535398483276367,17.02940204153983,16.46678664903153,16.778969052583598,47065451
2013-07-22,16.041397094726562,16.535400719807548,15.99679960247271,16.53196950951895,49151242
2013-07-23,16.096282958984375,16.463355097019345,15.993365896547632,16.463355097019345,44985810
2013-07-24,15.753229141235352,16.188913221963002,15.684617291113574,16.034537589376335,42192226
2013-07-25,15.2900972366333,15.811544975918538,15.231777658641876,15.62972519592073,53266829
2013-07-26,15.019085884094238,15.537102530821706,14.864708879666829,15.334698193359289,37666033
2013-07-29,14.77894401550293,15.386156983407334,14.696608703451249,14.97105608073552,63042804
2013-07-30,14.36727237701416,14.90930326392111,14.23690975310434,14.778942013594103,43940295
2013-07-31,14.79952621459961,14.936748520923299,13.883560692351452,14.278077055104283,65774010
2013-08-01,14.418730735778809,15.067109890469311,14.21289523318295,14.905871874065136,48381344
2013-08-02,13.883559226989746,14.55938392486185,13.804656512200253,14.432452515099438,47563983
2013-08-05,14.264354705810547,14.367273150684747,13.598822205299612,13.883560443166369,48205252
2013-08-06,13.602252006530762,14.133992038269026,13.50276614554554,14.133992038269026,53800271
2013-08-07,14.267786979675293,14.332967613208655,13.39985010833324,13.550794516476346,59052719
2013-08-08,15.012221336364746,15.166598318923741,14.185452171482302,14.274647150923986,73023086
2013-08-12,16.23007583618164,16.42904890345715,15.139150368178786,15.149442623251689,128553374
2013-08-13,16.562843322753906,16.706928043009658,15.89388100296444,16.048256605935197,98751434
2013-08-14,17.159767150878906,18.04485595752055,16.892180821185253,18.04485595752055,209532373
2013-08-16,16.147747039794922,17.104880444865223,15.897315343559312,17.0842973000205,84934793
2013-08-19,16.936777114868164,17.080861840105662,15.344988211429547,15.78067222363801,140640240
2013-08-20,17.633188247680664,17.756689855816404,16.446207742643608,16.724084987365874,113546887
2013-08-21,17.025968551635742,18.03798988065815,16.758383670139768,17.839016824218668,123601544
2013-08-22,18.806446075439453,18.929946297152433,16.85101468072268,17.015682558728663,159502777
2013-08-23,19.36905860900879,19.485697765867553,18.531995878441066,18.926513582462228,153086628
2013-08-26,19.015710830688477,19.581757542380057,18.772140214324022,19.489132715800025,108611021
2013-08-27,18.682945251464844,19.194102211173124,18.600611309062714,18.86819627847387,74050442
2013-08-28,19.14263916015625,19.4342384135834,18.18893731296641,18.51827300500567,102297052
2013-08-29,19.098045349121094,19.52000592721807,18.936807308189987,19.37935240118574,86079769
2013-08-30,18.799583435058594,19.86992600317316,18.52513743278329,19.211253125263045,127985148
2013-09-02,19.856203079223633,19.965981200829074,18.83388925668591,18.871625700610114,89532947
2013-09-03,19.30044937133789,20.264442270780172,19.18380882520363,20.08948213837027,110472449
2013-09-04,19.890506744384766,20.01743815965018,19.173515739950847,19.379349873426516,65716880
2013-09-05,19.804746627807617,20.33305552480969,19.554313587463184,20.230137065532443,67939740
2013-09-06,20.04488182067871,20.233564020489315,19.45139103712273,19.911089362699222,63322336
2013-09-10,20.624650955200195,20.72070697528089,20.12721617897644,20.32962047519687,64587764
2013-09-11,21.66068458557129,21.873381129744153,20.480565457702074,20.72070618554262,95300974
2013-09-12,20.77216339111328,21.784184769060555,20.67610738082353,21.537183011065764,69624927
2013-09-13,20.466846466064453,20.981433229276703,20.33648520031383,20.761875605929635,76520957
2013-09-16,20.007144927978516,21.05347159382002,19.859630381275025,20.892234955364962,58291817
2013-09-17,19.77386474609375,20.06546536954353,19.547447490768104,19.904227361593854,77234229
2013-09-18,19.911090850830078,20.02430017917757,19.595477215482447,19.890507711198595,36175264
2013-09-19,21.31077003479004,21.50974452714019,20.44626296600662,20.59034770640103,77990985
2013-09-20,20.583486557006836,21.290185366554656,20.247288395661734,21.269602226140552,86423494
2013-09-23,20.137510299682617,20.844210483742632,19.952259288546195,20.439401853818225,47097369
2013-09-24,20.072328567504883,20.39137203438874,19.904229495828922,20.000285519536813,41904896
2013-09-25,19.972841262817383,20.25414828650398,19.64007433065807,20.17181435596365,39325400
2013-09-26,20.576623916625977,20.686403411493394,19.90766155844764,19.948827838835722,68765739
2013-09-27,19.718978881835938,20.789320003668927,19.62292148266005,20.5766234391836,55808392
2013-09-30,18.631486892700195,19.513147288694828,18.260983461449253,19.513147288694828,108973241
2013-10-01,18.919652938842773,19.108335157575937,18.44623384730874,18.81673586447302,64389735
2013-10-03,19.61263084411621,19.85963264454181,18.96768146962999,18.96768146962999,68632796
2013-10-04,19.791019439697266,20.18553577643381,19.358766662154075,19.482266867059494,66615261
2013-10-07,20.610931396484375,20.706987428372955,19.650368330432595,19.76014645636483,75543929
2013-10-08,20.363927841186523,20.97114075255471,20.285023746809827,20.881944401734092,55973107
2013-10-09,20.806474685668945,20.923113858707687,20.03459247253155,20.03459247253155,58811719
2013-10-10,21.173545837402344,21.338215089347635,20.926545393441934,20.974572723374177,62395563
2013-10-11,21.125518798828125,21.492591006639238,20.857933836194707,21.38624271423374,51372801
2013-10-14,20.693265914916992,21.200991650275373,20.63151511640502,21.132379804549075,41135386
2013-10-15,21.303911209106445,21.492593463396343,20.634948726055704,20.78932436670206,82550567
2013-10-17,21.276460647583008,21.71214324704471,21.190695512732624,21.338211434788665,64457182
2013-10-18,22.566364288330078,22.64183718425229,21.324492716147834,21.461716413021502,137828613
2013-10-21,23.060361862182617,23.22502971534345,22.573220722366052,22.573220722366052,75401309
2013-10-22,23.32451820373535,23.561227726405896,22.95058363932306,23.122112537730356,61165286
2013-10-23,22.998615264892578,23.595537335913967,22.717308220273978,23.37597834002526,70423543
2013-10-24,22.789348602294922,23.389699102223855,22.621250901861345,22.847668184617124,52441144
2013-10-25,22.0826473236084,22.696721258942944,22.031188790437376,22.652123771955868,57798301
2013-10-28,21.42740821838379,22.463442728688637,21.362226215893912,22.298774864599388,72387685
2013-10-29,22.35709571838379,22.453151743066417,21.18040632546013,21.33821314228976,81784752
2013-10-30,22.40855598449707,22.6349732838832,22.03462273985852,22.504612016597697,51901730
2013-10-31,22.978031158447266,23.211309491213587,22.24045559611391,22.339942832700256,65695132
2013-11-01,23.06379508972168,23.451450408454914,22.816793288371798,22.984892366071527,47639513
2013-11-05,23.255905151367188,23.660713738914747,22.755040544900048,23.286780545588265,46777743
2013-11-06,22.868247985839844,23.444586799141813,22.80649720247425,23.34852941453636,45522485
2013-11-07,23.72589874267578,24.007205788973618,22.79621108276724,22.79621108276724,102722542
2013-11-08,24.408580780029297,24.48405366268606,23.708743070862933,23.73275604604958,82459713
2013-11-11,24.755067825317383,25.080972305156912,24.16843811330695,24.412010044354908,79422609
2013-11-12,24.182161331176758,24.940321342566232,24.02092468857543,24.83740427820016,79432601
2013-11-13,24.545804977416992,24.967766887327492,24.034648090384415,24.034648090384415,85701532
2013-11-14,25.753366470336914,25.856286279850924,24.638429338923803,25.249072040679717,176187051
2013-11-18,26.53897476196289,26.617878862614607,25.959207363810272,26.003804855975858,77526786
2013-11-19,26.295408248901367,26.86488488167074,26.08614283856442,26.62817527771035,100230794
2013-11-20,26.41547203063965,26.67962850913218,26.031247921952485,26.26452625640558,75917957
2013-11-21,26.250804901123047,26.408613100062006,25.866580781632752,26.274820625569888,66459142
2013-11-22,26.9266300201416,27.135895386407128,26.319418435810757,26.340000203110545,79927155
2013-11-25,27.303993225097656,27.376034901691742,26.98837958496401,27.039839495197402,49985607
2013-11-26,26.878602981567383,27.303996160973377,26.724228728599698,27.183925771350665,51448488
2013-11-27,27.08443832397461,27.166770887818714,26.61101646679015,26.895754724291443,43076678
2013-11-28,27.506399154663086,27.698513976039845,27.135897101030707,27.163341290608496,48652825
2013-11-29,27.485815048217773,27.81515078947135,27.34859136483447,27.581869703569964,37258543
2013-12-02,28.014123916625977,28.12390066030542,27.17020009017857,27.451507116605786,62151393
2013-12-03,28.11703872680664,28.247399973027857,27.794562700260855,27.924926693647606,60552021
2013-12-04,28.401777267456055,28.52184763295891,27.993537475313225,28.062147935386758,44197439
2013-12-05,28.91293716430664,28.97468795845045,28.563016913213676,28.75856017894712,58430228
2013-12-06,29.002126693725586,29.091321658019023,28.679650690165616,28.885484800509648,43622821
2013-12-09,28.882055282592773,29.636781241992544,28.81344208354219,29.50298880044219,52664753
2013-12-10,29.043298721313477,29.15307547009446,28.648780975675635,28.81688005620387,50035957
2013-12-11,28.696805953979492,29.149643225451584,28.542428987076384,28.95066877335042,70370464
2013-12-12,28.319442749023438,28.628196695781188,28.23367898477546,28.466957302622966,61483150
2013-12-13,28.484113693237305,28.58703077092658,28.06901417221851,28.12390254774187,64458694
2013-12-16,28.055294036865234,28.83060475750356,27.94208332048768,28.484115681700718,48785076
2013-12-17,28.04157066345215,28.34689069365126,27.856318270826208,28.086168156436244,36867218
2013-12-18,28.46695899963379,28.573307282393944,27.98324903282048,28.048428288781615,31658265
2013-12-19,28.185653686523438,28.76199262519074,28.07587693414184,28.679657313738563,36798847
2013-12-20,28.676223754882812,28.737974546623125,28.154775982278306,28.185651378148464,28381116
2013-12-23,29.033010482788086,29.283444918578944,28.624773314900185,28.679661699484615,28389492
2013-12-24,28.70709800720215,29.18395101918287,28.587027638526948,29.091324835262178,24235438
2013-12-26,29.183950424194336,29.29715837079006,28.563014081328983,28.686515657372016,42023501
2013-12-27,29.163368225097656,29.372633580136007,29.022713335987536,29.183952738459027,25983633
2013-12-30,29.197677612304688,29.406942987272565,28.947243206693315,29.159939792075825,22294503
2013-12-31,29.10504722595215,29.2834371758505,28.9918365287224,29.259424200735594,12709535
2014-01-01,29.221683502197266,29.28343428601677,29.0673065426485,29.15993271837776,12526105
2014-01-02,28.76198959350586,29.880357997089558,28.611043827725766,29.228546236281762,41987111
2014-01-03,28.302291870117188,28.775713713293815,28.062151111928344,28.576739235808976,33417104
2014-01-06,28.014123916625977,28.521849597640685,27.76026107611862,28.195945082302256,28387844
2014-01-07,27.081005096435547,28.261124320456112,26.933490536828696,28.12390064377172,40939015
2014-01-08,26.92319679260254,27.255963726397457,26.73108474492513,27.07757377161374,47662793
2014-01-09,26.813417434692383,27.396615940882633,26.593861222638026,27.056989367343064,41860749
2014-01-10,26.38117027282715,26.978090997057706,26.31255705334507,26.950646808131296,34276187
2014-01-13,26.480653762817383,26.70364121174661,26.19248431067584,26.432625062932825,28845421
2014-01-14,25.684757232666016,26.689917677198753,25.612715560312502,26.41547033310706,38266377
2014-01-15,25.729352951049805,26.072410733995024,25.56468510534948,25.79796615593813,34720329
2014-01-16,26.147890090942383,26.38117119934186,25.787678917508934,25.832276412872137,38249237
2014-01-17,25.911176681518555,26.46349984954625,25.73964914652605,26.141026545347522,36068382
2014-01-20,25.6984806060791,26.020956663535312,25.393160599045125,25.90088628790607,34481533
2014-01-21,26.319419860839844,26.484087743983615,25.79797202207892,25.79797202207892,42955270
2014-01-22,26.981515884399414,27.032973039786025,26.367441999205354,26.367441999205354,48629766
2014-01-23,26.707069396972656,26.964363423415985,26.559554851093736,26.95406979428571,26209110
2014-01-24,25.797969818115234,26.484085481403923,25.691621533173926,26.42233468710472,31292530
2014-01-27,24.257638931274414,25.36228816436109,24.151290636398073,25.345134859101535,46321352
2014-01-28,25.156444549560547,25.31082150862173,24.18559080659159,24.28850786357725,50911634
2014-01-29,24.56296157836914,25.34170350133047,24.442891189416226,25.283383912086613,47641329
2014-01-30,23.77735710144043,24.288511248023283,23.410283558115726,24.219900782860886,58965717
2014-01-31,24.42916488647461,24.556097674492054,23.845966347333572,23.904285926531113,54543855
2014-02-03,23.5406436920166,24.350260878122324,23.46860202024287,24.350260878122324,37355958
2014-02-04,23.53035545349121,23.797940405669515,23.056933598189183,23.194157284549682,76322424
2014-02-05,24.659013748168945,24.761930810091336,23.605824660792802,23.66071302790727,49936223
2014-02-06,24.78594398498535,25.194183773416192,24.442886193405865,24.83054147041903,67917037
2014-02-07,26.377731323242188,26.552690036690013,24.87856753170305,24.87856753170305,123025214
2014-02-10,26.243946075439453,26.978090477324812,26.11015359662619,26.545837642146108,65533430
2014-02-11,26.741378784179688,26.964366231071605,26.43605603149995,26.552695196464065,44855890
2014-02-12,25.684757232666016,26.545834332491726,25.574980492761867,26.453208147823357,98448864
2014-02-13,25.211336135864258,25.99007787064375,25.0569591738966,25.79796584417591,61432349
2014-02-14,25.441184997558594,25.550964483394715,24.66244320857807,25.310823746804573,63369957
2014-02-17,25.66417694091797,25.756800383738266,25.146157617884132,25.485784234000736,36015860
2014-02-18,26.04839515686035,26.20277210526254,25.530375950961993,25.65730871901828,37853335
2014-02-19,25.65045166015625,26.06555390291285,25.465202030529866,26.06212269286134,33242397
2014-02-20,25.16330909729004,25.372574438534745,24.974625520884263,25.327976951829573,44916431
2014-02-21,25.688186645507812,25.780812823696323,25.163307716271724,25.163307716271724,33401958
2014-02-24,25.33140754699707,25.64702115613627,25.132433093000163,25.64702115613627,34362035
2014-02-25,24.737918853759766,25.526954360517284,24.672739594683634,25.35885527669074,46040540
2014-02-26,23.96603775024414,24.895725341997608,23.904286958506624,24.77222375852258,105937722
2014-02-28,23.588672637939453,24.329679369979836,23.37597608309305,24.082676210244482,103850944
2014-03-03,23.691593170166016,23.97976264961142,23.375979501662208,23.602398182143162,59775805
2014-03-04,24.13413429260254,24.1855914488792,23.695019123592306,23.773923210004046,59885027
2014-03-05,24.422304153442383,24.686460630177862,24.134137447426692,24.34340280388209,69713861
2014-03-06,24.98835563659668,25.07068820766807,24.425738745610683,24.56296244456254,59836945
2014-03-07,25.461769104003906,25.619577284077096,25.012363032525712,25.26279464758511,66310559
2014-03-10,24.984920501708984,25.441186275856037,24.86828133742822,25.266227529434886,52041663
2014-03-11,23.585243225097656,25.00207479727819,23.489188570121648,24.98492149352672,96014665
2014-03-12,23.300504684448242,23.921441086085146,23.146130446948533,23.39656208538811,91702529
2014-03-13,23.11182403564453,23.869981377666328,22.933434072815874,23.46517275113225,58457203
2014-03-14,23.444589614868164,23.52006249836102,22.779055756143364,22.916279430418168,64654729
2014-03-18,23.375978469848633,23.876844513137605,23.266201718460547,23.739620826736545,43599005
2014-03-19,24.466899871826172,24.65558344828471,23.34167182146274,23.5612280451883,100490173
2014-03-20,24.010631561279297,24.68988741918322,23.852823396085057,24.508066281842837,53214632
2014-03-21,24.895729064941406,25.043243646300237,24.096402610009267,24.096402610009267,85578843
2014-03-24,24.91287612915039,25.180461034880757,24.436023146350124,25.029515280802272,58579199
2014-03-25,25.187326431274414,25.49951163940754,24.806533497026862,24.851130991450724,55408197
2014-03-26,25.715635299682617,25.7979706103319,25.406884065871182,25.48235695598055,58642344
2014-03-27,25.756799697875977,26.034678260434863,25.60928513871468,25.72935551205514,60261228
2014-03-28,26.17533302307129,26.32971001774364,25.797971309463804,25.990083376630494,39446682
2014-03-31,27.02954864501953,27.194216528671408,26.278253657930318,26.391461626055808,73888761
2014-04-01,27.523548126220703,27.67449389229749,26.51839041857919,27.17019943350249,87861268
2014-04-02,27.681360244750977,27.787708538102816,27.379468669709127,27.612749771862415,56289574
2014-04-03,27.28340721130371,28.267985894502008,27.0158222860021,27.677924926568373,73980769
2014-04-04,27.581867218017578,27.767119585965823,27.129032674975715,27.437783874390483,48148436
2014-04-07,27.900907516479492,27.959227086437803,27.321140279061755,27.619600547514363,38762611
2014-04-09,28.731117248535156,28.79972771882558,27.993541643874718,28.130765331621543,52431036
2014-04-10,28.665937423706055,29.14621899380051,28.213100043817082,28.74141032035422,61890786
2014-04-11,28.80659294128418,29.057024616159698,28.199378544698384,28.508132558950905,55071346
2014-04-15,28.072446823120117,29.125633378726906,27.972958203420976,28.786006730206527,48916277
2014-04-16,28.38462257385254,28.59388790077279,27.770548684433663,28.165066365217253,42785464
2014-04-17,28.741405487060547,28.81001595103638,28.219957719347054,28.271414880537495,34439863
2014-04-21,29.057024002075195,29.1942477002689,28.64878411806131,28.782576605687783,39727736
2014-04-22,28.875202178955078,29.084467558670898,28.686521315028045,29.084467558670898,34292509
2014-04-23,29.266284942626953,29.454965782015584,28.830600934560792,28.88548930663768,53364484
2014-04-24,29.266284942626953,29.266284942626953,29.266284942626953,29.266284942626953,0
2014-04-25,29.290300369262695,29.701971435780113,28.9781179194158,29.266287391261393,50287107
2014-04-28,29.21483039855957,29.633361141065123,29.098188476695157,29.159939274398077,35267206
2014-04-29,27.822010040283203,29.2457012696248,27.719092966099765,29.159937498999575,72007916
2014-04-30,27.489246368408203,27.95923425795668,26.981520660874523,27.92493039734801,74568907
2014-05-02,26.761959075927734,27.89748076106947,26.628166615163256,27.6504803516449,61469032
2014-05-05,27.276546478271484,27.705368034636326,26.6796258608547,26.785974134288967,55043574
2014-05-06,27.56471824645996,27.75339908796968,27.352021681522295,27.4034788441314,38688089
2014-05-07,27.437786102294922,27.6813580694492,27.180492041641262,27.52354987345752,27633817
2014-05-08,27.581867218017578,27.873467862325114,27.334866807918893,27.5269788484769,34659567
2014-05-09,28.5904598236084,28.868338384848677,27.382896423061638,27.444647214448366,68012352
2014-05-12,28.820308685302734,29.290296530053343,28.549292553481074,28.60761213283945,55078641
2014-05-13,29.304019927978516,30.29202710553646,28.902642527189183,29.101616996148504,93712938
2014-05-14,31.03646469116211,31.197701342071813,29.496134361785515,29.4995628246141,113984909
2014-05-15,31.602506637573242,32.11023225991272,30.92668196194375,31.3486438264035,149795855
2014-05-16,30.25086212158203,33.3349541602301,29.31088360279832,32.45329522589959,204874412
2014-05-19,30.926681518554688,31.57849321172591,29.88721731566491,30.532163842499326,115128667
2014-05-20,32.05192184448242,32.54592551662264,31.115374417935154,31.115374417935154,95506487
2014-05-21,31.736297607421875,32.27146738752837,31.369226872758674,32.10679955155981,57589188
2014-05-22,32.30921173095703,32.782630824913994,31.90097189437384,31.904403104542425,61048654
2014-05-23,32.8100700378418,33.13940295170847,32.2028558675338,32.384676997690086,59767964
2014-05-26,32.086219787597656,33.962745344328326,31.053615225792875,33.0776580746375,81445749
2014-05-27,32.76890563964844,32.861531822465714,31.667690569706863,31.997026277169002,49862520
2014-05-28,32.19599914550781,33.173715420680566,32.04162491576053,32.947296770263414,40047457
2014-05-29,31.96958351135254,32.55621333180346,31.79462475245464,32.316072566022356,44862544
2014-05-30,32.59737777709961,32.72773902536852,31.767176097319414,32.04162343309504,54549702
2014-06-02,33.818660736083984,34.00391308630125,32.34694105735446,32.64540134570536,58327314
2014-06-03,36.14459991455078,36.25094819517173,34.03136188939843,34.13427895999418,131324234
2014-06-04,36.87187957763672,37.28355058205175,36.02795855140913,36.17547310182903,112743737
2014-06-05,38.21323776245117,38.47396025704021,36.91647672041135,37.03654708552002,95953893
2014-06-06,38.46710205078125,39.02285641181394,37.89419438734131,38.7312557652221,79419093
2014-06-09,39.46883773803711,39.787879874605075,38.42251084463441,38.76556870736483,61911778
2014-06-10,38.33331298828125,39.45168148219521,37.90448863156584,39.45168148219521,58680046
2014-06-11,37.69865417480469,38.82045386989287,37.400193831486085,38.415645240807585,54271493
2014-06-12,37.71236801147461,38.28184438622989,37.297268589865425,37.66777053025077,39031930
2014-06-13,36.058841705322266,37.95938346219789,35.949062197753804,37.63690736060073,45478800
2014-06-16,35.993656158447266,36.316129481207476,35.12915051935326,36.00051583171562,73210588
2014-06-17,36.52196502685547,36.652326285779466,35.19775968274445,36.02109901020146,69984975
2014-06-18,35.80840301513672,37.039982189426034,35.54081807284808,36.78268813040516,58938963
2014-06-19,35.64030456542969,36.117157621788834,35.33498454766408,36.021100219042815,42843854
2014-06-20,35.67117691040039,36.672908891603086,35.52709356577712,35.609426120657375,57392712
2014-06-23,36.15146255493164,36.268101728036775,35.71235005063397,35.73979423875683,35729317
2014-06-24,36.52196502685547,36.76896545150967,36.18919808578276,36.19262929587266,31716813
2014-06-25,36.42933654785156,36.91304923082069,36.37101696865182,36.57685110078802,24138863
2014-06-26,36.075984954833984,36.81012925353583,35.93876403213183,36.50137805670754,34468832
2014-06-27,35.602569580078125,36.43277135756745,35.47220831646658,36.274963159415556,33641962
2014-06-30,36.25437927246094,36.40532229419384,35.66088707973853,35.77409777999539,39570127
2014-07-01,37.09486770629883,37.41391253468747,36.364154612913154,36.364154612913154,55762230
2014-07-02,37.29041290283203,37.72952812262698,37.22180243747303,37.530553652337204,34141628
2014-07-03,36.98509216308594,37.702083187294534,36.86159058072809,37.54427499935601,35661995
2014-07-04,36.816993713378906,37.39332986216112,36.44649170722136,37.39332986216112,38182461
2014-07-07,36.77925491333008,37.24924551534445,36.61115859141043,36.851299333770726,26703287
2014-07-08,35.235496520996094,37.02968968829735,34.9919245660294,36.91305052580594,38018722
2014-07-09,35.564823150634766,36.141161934610814,35.070822403177054,35.403586528476254,54450577
2014-07-10,35.774105072021484,36.90276461164361,34.99536309303616,35.67804765508218,71702868
2014-07-11,34.4361686706543,35.969639259599,34.25434751496073,35.678038619087566,63967971
2014-07-14,35.941314697265625,36.2213414334009,34.46067844545148,34.77920738622284,80394819
2014-07-15,36.903892517089844,37.103411016954226,36.011312114971076,36.319338069854425,46695537
2014-07-16,37.992496490478516,38.22351807855544,36.78838626417971,37.208423476673225,46273396
2014-07-17,39.119598388671875,39.20360751054768,37.82097898623858,38.01349837223824,73750937
2014-07-18,39.413631439208984,39.79866746024928,38.44754182360262,38.92358610388753,76572419
2014-07-21,39.39262390136719,40.03668357065159,39.21410836802697,39.48363215009127,46076321
2014-07-22,39.357627868652344,39.851171373618264,38.88158358051042,39.69365880110381,42242187
2014-07-23,38.82207489013672,39.620148983414886,38.54204820403572,39.58864591115318,44291652
2014-07-24,39.770668029785156,40.00168685496055,38.72407017494197,38.993594006322745,67054521
2014-07-25,39.03559112548828,40.208198218247816,38.64355323790784,39.90367041446553,61935762
2014-07-28,38.39853286743164,39.51163765348934,38.10100697406181,39.21060799294524,52961592
2014-07-30,38.23051452636719,38.64005442378428,37.62145892909827,38.573547321824655,65024044
2014-07-31,38.7415771484375,39.36113306454883,38.017009094530756,38.25853364784271,59632187
2014-08-01,38.416038513183594,39.616650698556306,38.118512591715785,38.363535257872336,68700454
2014-08-04,38.633056640625,38.99358868821131,38.073006068768585,38.59805260394215,58007635
2014-08-05,39.357627868652344,39.623650721751545,38.15351469152288,38.79057531976374,57714742
2014-08-06,38.538551330566406,39.81967173350768,38.43004104825948,39.3506265640483,47052436
2014-08-07,38.909584045410156,39.371627258742855,38.57355312717073,38.58405321742385,67721883
2014-08-08,37.6424674987793,38.65756218029564,37.48145116581499,38.65756218029564,59210140
2014-08-11,37.43594741821289,38.21302137561552,37.04741324252555,38.11151022462307,50650702
2014-08-12,37.94699478149414,38.29352578416372,37.320437083992516,37.593461850097505,61196943
2014-08-13,37.4184455871582,37.943492112614514,37.01240661759063,37.93649298721578,54648417
2014-08-14,37.92249298095703,38.216520746875766,36.760388578543115,37.35544323648999,89783279
2014-08-18,38.255027770996094,38.42654421042306,37.62847000493776,37.6669722081077,49019789
2014-08-19,38.090511322021484,38.783573367913014,37.957497092535704,38.437042344967246,46702937
2014-08-20,38.1920166015625,38.64005874287006,37.915490877155335,38.06950527563563,46731843
2014-08-21,37.56546401977539,37.93649901223519,37.33444239067858,37.80348477538253,45989099
2014-08-22,37.64596176147461,37.96799156706165,37.414940196400416,37.715967022248556,30610326
2014-08-25,35.843299865722656,37.80347820297052,35.68578450894771,37.6424646850557,59643743
2014-08-26,36.749881744384766,36.99490438920903,35.85029932630493,35.944808541253785,71715873
2014-08-27,36.62737274169922,37.23642842814695,36.37885191996276,36.96340365856789,32439163
2014-08-28,35.923805236816406,36.89339571786835,35.86430005823743,36.59586702195976,44715179
2014-09-01,36.69037628173828,36.85839172823329,35.84679808510394,36.18282897809396,56107572
2014-09-02,36.34733963012695,36.886387103788635,36.25283043315618,36.690369585819546,38674664
2014-09-03,36.82339096069336,37.15241992951982,36.455856991655885,36.480358135052875,56738040
2014-09-04,35.63677978515625,36.99490442245552,35.33225196094542,36.728881598301605,58646437
2014-09-05,35.941314697265625,36.12333123484926,35.43026912728521,35.671790855770084,46089630
2014-09-08,36.22483444213867,36.39984901152364,35.74528925235811,36.060317159059274,39708412
2014-09-09,36.308837890625,36.4383511283772,35.713783356361354,35.913301855727255,33348145
2014-09-10,36.34733963012695,36.60986143991704,35.948302667148035,36.053311951666714,40263109
2014-09-11,36.23533630371094,36.739382660893675,36.05331979720165,36.473357026680354,44686787
2014-09-12,36.11982727050781,36.4978641738018,36.02181988310921,36.23533948085233,46184714
2014-09-15,35.54227066040039,35.98331086199792,35.328751086491515,35.91330559309902,40920384
2014-09-16,34.31365966796875,35.61927826989215,34.06163509098865,35.54577203594422,57159426
2014-09-17,34.891212463378906,35.07322896873437,33.99862915187407,34.5131783986417,55046345
2014-09-18,35.38475799560547,35.66828283753972,34.730195419101975,34.730195419101975,51120706
2014-09-19,35.773292541503906,35.90630675800786,35.36375540835334,35.64728025345333,52173736
2014-09-22,35.06623458862305,35.44427153775086,34.88771900910008,35.35326326548255,35283244
2014-09-23,33.9951286315918,35.129230747104266,33.85861345903462,35.00322126961196,41833522
2014-09-24,33.057044982910156,34.05463764427722,32.808521357917776,33.88312122126781,73281006
2014-09-25,32.23096466064453,33.41057368577611,31.618408086807865,33.1130450057639,64537320
2014-09-26,33.20055389404297,33.39307046616585,32.09445113700978,32.20296139501072,42046866
2014-09-29,32.651004791259766,33.6240962720622,32.52849626847928,33.207557203758725,32770829
2014-09-30,32.1364631652832,33.10955198905585,31.929945483797837,32.66501354883965,47778387
2014-10-01,31.418893814086914,32.02095038017167,31.18787220627581,31.887936155574575,50070468
2014-10-07,30.813337326049805,31.712919757832417,30.669823019347273,31.275380515273078,81132840
2014-10-08,31.93343734741211,32.04894954220128,30.49480738132684,30.627818790677253,70388486
2014-10-09,32.73151397705078,32.86452539683481,32.003447928110084,32.20996558506387,52206851
2014-10-10,31.36638832092285,32.20296459653787,31.233374105819,32.19946363234803,51809994
2014-10-13,32.045448303222656,32.18896260369531,30.813335988459716,31.068858715629386,39178948
2014-10-14,31.926441192626953,32.34298028002165,30.862341409778658,32.06995270466916,61125412
2014-10-15,31.926441192626953,31.926441192626953,31.926441192626953,31.926441192626953,0
2014-10-16,30.739826202392578,32.735011291777035,30.522808479471234,32.25896708092366,86765068
2014-10-17,31.331382751464844,31.775923894416415,30.561310818080944,31.054857048250334,70420803
2014-10-20,31.513395309448242,32.0174415657234,31.24736972849193,31.856425271114425,45769573
2014-10-21,31.901933670043945,32.35697770930279,31.66041199873024,31.78292331641269,55778373
2014-10-22,32.00345230102539,32.402489417915376,31.803933742580394,32.27297614181323,42216619
2014-10-27,31.537899017333984,32.328973897475315,31.43639068629988,32.23796565502722,39244685
2014-10-28,31.586910247802734,31.75842667748222,31.264880372715506,31.509903042825048,42040809
2014-10-29,33.02203369140625,33.10604280375926,31.765420393860186,31.78992153333093,72083918
2014-10-30,33.21805191040039,33.424572330449614,32.79101282146612,33.04303736077861,48444699
2014-10-31,34.303157806396484,34.5481804622641,33.225059802387314,33.463080529566646,61385158
2014-11-03,34.243648529052734,34.64618650212414,33.98462484980175,34.44316703362573,39405748
2014-11-05,33.4700813293457,34.471172099087525,33.39307413144142,34.373164721854494,36021643
2014-11-07,33.00102996826172,34.07912764031508,32.94502296504219,33.53307827926259,40654886
2014-11-10,32.96253204345703,33.32306686784825,32.37797756721102,33.228557657483165,46832438
2014-11-11,33.62409973144531,33.708106064797214,33.01154303945138,33.12705244856378,47991982
2014-11-12,32.78752136230469,33.79211315514381,32.59850291918627,33.60309471202539,66635402
2014-11-13,32.99053192138672,33.2880605854395,32.35347423997374,32.55999466382468,62175030
2014-11-14,33.47358322143555,33.785110182900226,32.69301113109149,32.69301113109149,72311588
2014-11-17,33.6100959777832,33.80961450724496,33.26006401088806,33.33357024742367,24966679
2014-11-18,34.05113220214844,34.24714974423409,33.3755694921816,33.60309010380009,41841930
2014-11-19,32.9730339050293,34.495675835732314,32.854023546177956,34.03013168691366,46973096
2014-11-20,32.665008544921875,33.099046827237814,32.346476856454544,33.03954164667064,40637137
2014-11-21,32.40598678588867,33.07804863384182,32.20996641105734,32.69301261615741,41875832
2014-11-24,33.36507797241211,33.58909767761392,32.93803874508142,33.113053351422565,45579405
2014-11-25,32.51449203491211,33.32306901820446,32.09795577444491,33.256561909652774,45827533
2014-11-26,32.6405029296875,32.826020390450545,32.23446677627281,32.552995645445435,37148167
2014-11-27,32.21696472167969,32.83302228078427,32.13995752679161,32.55299560791606,43853871
2014-11-28,33.13755416870117,33.27056559330391,32.307976940412104,32.307976940412104,50664672
2014-12-01,32.283470153808594,33.2530577633055,32.14345682463248,33.2530577633055,32277324
2014-12-02,32.56699752807617,32.724512886133745,32.21696557918114,32.272969794039945,32508039
2014-12-03,32.46548843383789,32.878526516362605,32.342977114419426,32.721011161963524,29462223
2014-12-04,32.33247756958008,32.72451551411605,31.971945502199492,32.49349390475038,34863212
2014-12-05,32.283470153808594,32.812017598359546,32.16795796595755,32.447984624309775,32198173
2014-12-08,31.632413864135742,32.623004619114504,31.534403676478096,32.48299406962359,32074655
2014-12-09,30.543811798095703,31.600909627463018,30.456304507128902,31.600909627463018,42687106
2014-12-10,30.277790069580078,31.012858067852118,29.934757215847522,30.270788140599656,49691507
2014-12-11,29.31519889831543,30.45280203354669,29.189186611639425,30.172778155727944,55331754
2014-12-12,28.19159507751465,29.605726785760623,28.006077604689338,29.40270729434619,68469047
2014-12-15,28.069087982177734,28.587135477257082,27.72255693151346,27.932575580218213,50356108
2014-12-16,27.27800941467285,28.19859477739703,27.092491956510457,27.792555826660646,60581620
2014-12-17,27.544038772583008,28.345611087802578,27.095996601495187,27.582540973255306,84141835
2014-12-18,28.114585876464844,28.415615529346937,27.96757341560205,28.07608368072027,46289812
2014-12-19,28.384109497070312,28.77964551751385,28.21259310861767,28.39460958517529,48600408
2014-12-22,28.286104202270508,28.674641165221583,27.91156829354152,28.454119655949434,34157414
2014-12-23,27.63854217529297,28.464618348924752,27.491529711668935,28.359609045905625,39717964
2014-12-24,27.6700439453125,27.981573678596703,27.379519995863525,27.390020084767556,77162079
2014-12-26,27.880069732666016,27.981578082751415,27.309516226842774,27.726055323769117,31705928
2014-12-29,28.289609909057617,28.74115029019752,27.932575959006435,27.946577015575663,42796779
2014-12-30,27.743558883666992,28.415620776887828,27.67004983664694,28.31060865343466,30428912
2014-12-31,27.960573196411133,28.125090487686315,27.691049400684808,27.792557743864393,23647573
2015-01-01,28.314109802246094,28.42262008810853,27.79956328784533,27.79956328784533,26570816
2015-01-02,28.755146026611328,28.912661387640252,28.422616089340327,28.422616089340327,36043328
2015-01-05,29.17168426513672,29.504214192996287,28.912660569338968,28.912660569338968,54638866
2015-01-06,27.75755500793457,28.982665397404304,27.6070415819461,28.982665397404304,64767961
2015-01-07,27.225505828857422,27.84856536455414,26.854473681942068,27.84856536455414,49846923
2015-01-08,27.649045944213867,27.771557268788897,27.344518114900364,27.582538835554114,33271702
2015-01-09,27.97807502746582,28.34560900263894,27.659546142918547,28.142589514625474,53120660
2015-01-12,27.775054931640625,27.967571503226868,27.512530295467766,27.967571503226868,28244762
2015-01-13,27.40752410888672,27.922070548072263,27.316513054003188,27.792557295711745,31517083
2015-01-14,26.381927490234375,27.404021169493234,26.287418280947513,27.404021169493234,74832453
2015-01-15,26.934978485107422,27.21150137784394,26.04939438411426,26.518439459520323,73591596
2015-01-16,26.840473175048828,26.987485651069587,26.34342592209624,26.742462989025682,47636637
2015-01-19,26.934978485107422,27.085491903702817,26.640950772751026,26.924475593335497,29282226
2015-01-20,28.142589569091797,28.254600804594258,26.994483514986527,26.994483514986527,63164170
2015-01-21,27.799558639526367,28.422615335609272,27.54753406856346,28.35261006757165,40910854
2015-01-22,28.2406005859375,28.331608841533605,27.72255316131138,27.86256650907783,47523195
2015-01-23,28.2195987701416,28.8426583336285,27.93257293700399,28.702644980069802,47511356
2015-01-27,27.89056968688965,28.28260483324869,27.68755018469721,28.19859850317776,41693694
2015-01-28,27.38302230834961,27.792559473859527,27.225506935840404,27.792559473859527,41936541
2015-01-29,27.330516815185547,27.470527353714875,26.861471700564053,27.32351488675219,54190694
2015-01-30,27.334014892578125,27.652546575043587,27.057491977570226,27.47752919789788,37794421
2015-02-02,26.87196922302246,27.638540162552676,26.756459839017353,27.295510171406058,33367248
2015-02-03,26.67945671081543,27.123997904149906,26.469438088094652,27.092494830440394,36144668
2015-02-04,27.246509552001953,27.54053730904491,26.81247124685661,26.875474591995697,46397942
2015-02-05,26.549942016601562,27.498529434858145,26.465932899114648,27.4215222450841,32560341
2015-02-06,25.80787467956543,26.651452883498482,25.692365285419225,26.602447793885577,47436351
2015-02-09,24.32373809814453,25.307329656392152,24.23623081025484,24.992301738180977,79096076
2015-02-10,25.044803619384766,25.202318971378816,24.15222316511701,24.15222316511701,55432170
2015-02-11,25.552350997924805,25.811374687120058,24.71227378931673,25.20231906125591,41529388
2015-02-12,25.57335662841797,25.720369104023305,24.9222949724196,25.636359972953148,35851376
2015-02-13,25.660865783691406,26.028399802399026,25.56985752018366,25.811379234645432,39218246
2015-02-16,25.888383865356445,26.2139146845813,25.786875520937755,25.814877629535058,31397658
2015-02-18,25.727371215820312,26.038901025300188,25.531353624591723,26.038901025300188,33930341
2015-02-19,26.26991844177246,26.588447326763404,25.762371122538752,25.762371122538752,81372182
2015-02-20,26.231412887573242,26.731961070729202,26.112402529121972,26.46243728211735,36131716
2015-02-23,25.716867446899414,26.385428300974223,25.55235295662686,26.35742619237641,32382306
2015-02-24,25.139314651489258,25.902384718399293,25.006303235178603,25.76937330208864,34512444
2015-02-25,24.565256118774414,25.53834744219344,24.50925191135962,25.398334120643074,41274249
2015-02-26,24.16622543334961,24.84528635706298,24.099718325160726,24.663269853613183,84644220
2015-02-27,24.54776382446289,24.83128870817224,24.208231914541017,24.32374132564115,52634461
2015-03-02,24.68077278137207,25.146316949825177,24.43224916057359,25.020304657249735,45976126
2015-03-03,24.722774505615234,25.05180627229888,24.46725177399807,24.712274416183053,53751517
2015-03-04,24.372743606567383,25.002802256812323,24.194228063486626,24.922294093005494,49051635
2015-03-05,24.029712677001953,24.446248928631437,23.88969933739815,24.397243839318044,50067718
2015-03-09,23.543167114257812,24.06121734609327,23.452160259431643,24.029714272515342,45854906
2015-03-10,23.21413803100586,23.732185457687322,23.1056277561317,23.67268027517793,42948363
2015-03-11,22.773096084594727,23.452159833369784,22.699589848586285,23.312146487013102,49145480
2015-03-12,23.326143264770508,23.550164297568166,22.923606719679107,22.941107333634953,45390518
2015-03-13,22.85710334777832,23.55366765685689,22.75209264582941,23.522164586422903,34423720
2015-03-16,22.836101531982422,23.02161900000346,22.61908239342645,23.02161900000346,29148663
2015-03-17,23.280643463134766,23.553669629257136,22.89910842493927,23.102127917735572,45438233
2015-03-18,23.224639892578125,23.501165629240326,23.056624432518433,23.501165629240326,32534625
2015-03-19,23.564165115356445,24.138219444171238,23.357646100071936,23.39965065646359,64537645
2015-03-20,23.011119842529297,23.900200816643398,22.892108076493678,23.564169903260158,60626733
2015-03-23,23.200136184692383,23.452159362166576,23.004118624936982,23.13363047718732,37579430
2015-03-24,22.90260887145996,23.37515215384315,22.699589383253894,23.10912792242439,46746811
2015-03-25,22.622577667236328,23.028615161064447,22.5420709217866,22.962109466866266,37206304
2015-03-26,22.09403419494629,22.748593968412262,21.982022962043438,22.612081592224612,68402890
2015-03-27,22.05902862548828,22.356555901970257,21.786003892094495,22.220043535273362,42185886
2015-03-30,22.57007598876953,22.745091955414747,22.062530105950444,22.26204861625749,31389356
2015-03-31,22.17453956604004,22.850100877804348,22.06602930411993,22.843100351374673,41301004
2015-04-01,22.65758514404297,22.745092428432013,22.122035742398488,22.192042410813826,32391543
2015-04-06,22.26905059814453,22.794098532393463,22.164041291596128,22.71009080685336,38517191
2015-04-07,23.347148895263672,23.466160658958824,22.192043704355143,22.423063901632695,76555500
2015-04-08,23.52916717529297,23.725184751841955,23.004120595789267,23.52916717529297,65964997
2015-04-09,24.225732803344727,24.32023922482355,23.59217314519977,23.627177184570616,64566720
2015-04-10,23.991209030151367,24.43224925281666,23.88970068464563,24.201227649894097,50551514
2015-04-13,24.16622543334961,24.379745008782162,23.87919682128143,24.099718325160726,36136932
2015-04-15,23.63767433166504,24.166224608893106,23.536165993746884,24.152223555491073,33587067
2015-04-16,23.641176223754883,24.03671230466906,23.35064944898472,23.690181314092438,39577978
2015-04-17,24.22222900390625,24.65627007166095,23.46265853684239,23.574668366404357,73270741
2015-04-20,24.113719940185547,24.80328377261572,23.742684996204936,24.397244791614412,65778471
2015-04-21,24.379745483398438,24.642267351013704,24.0507137032857,24.257234157305774,52428633
2015-04-22,24.596765518188477,24.817287046926904,23.88970240700933,24.49875812998237,50216626
2015-04-23,25.863880157470703,25.968889455809048,24.80328147913031,24.85228656582516,127971125
2015-04-24,25.937387466430664,26.238414321074128,25.384336042866188,26.028395715649093,88782331
2015-04-27,25.825376510620117,26.098401261184343,25.30732911677819,25.83937756426338,52444209
2015-04-28,25.989891052246094,26.185911409724667,25.6293590148388,25.902383766023423,43662643
2015-04-29,25.89888572692871,26.553445571467556,25.762373335918387,26.035398117939035,57228679
2015-04-30,25.226825714111328,25.825381381556152,25.139318411582714,25.762375226770985,64867495
2015-05-04,25.31783103942871,25.67836590513551,25.006304069542423,25.31083191360717,34305965
2015-05-05,26.60944938659668,26.67245552915936,25.401838194510642,25.510348461922625,80454027
2015-05-06,25.737871170043945,26.91748035050149,25.622358964988635,26.67245768870327,62965679
2015-05-07,25.713367462158203,25.947890035873634,25.237323188818188,25.611859113870562,43462461
2015-05-08,25.671361923217773,26.252415455563114,25.489345424219348,25.909385439379054,36242093
2015-05-11,26.399429321289062,26.700458995862718,25.93738892399219,26.049397358239254,46997300
2015-05-12,24.7542781829834,26.322424252565625,24.680771949131,26.276917323546645,57462038
2015-05-13,25.167314529418945,25.307327861922793,24.61776409137552,24.93979391523029,56637676
2015-05-14,25.650362014770508,25.748369390564488,25.016802422722414,25.20231988781392,39403302
2015-05-15,25.489347457885742,25.615359752788912,24.859288786383843,25.202321632950483,54257774
2015-05-18,25.492847442626953,25.692365967551606,25.272325935020927,25.552352623374713,25123291
2015-05-19,25.78687286376953,25.89888128661701,25.35633278016219,25.4823422558656,30854654
2015-05-20,25.293333053588867,25.720372281498896,24.890794973635266,25.720372281498896,67599887
2015-05-21,23.959705352783203,24.572261980766456,23.882698153750628,24.50225671028858,107641918
2015-05-22,23.893199920654297,24.33074200164743,23.833694735817925,24.01221309334107,41177591
2015-05-25,23.24213981628418,23.791690308757712,23.17213314309846,23.7636882000862,40876637
2015-05-26,23.301647186279297,23.55716853879523,23.053123558153644,23.55716853879523,30429951
2015-05-27,22.97261619567871,23.39965679134346,22.89910995460492,23.301648002742727,30334342
2015-05-28,22.731090545654297,23.16513019218426,22.552573617784123,23.088122999887858,48743889
2015-05-29,22.997119903564453,23.25264408094055,22.75209721894607,22.75209721894607,39061529
2015-06-01,23.077621459960938,23.319143110563985,22.91660655905667,23.0986230379467,20760333
2015-06-02,22.524574279785156,23.165133038636647,22.43356602343513,23.102128292976065,24299054
2015-06-03,22.139541625976562,22.60858400370381,21.996027299985975,22.545577850976926,30796443
2015-06-04,21.565486907958984,22.314555952026364,21.320464244861785,22.202544710806112,49858195
2015-06-05,21.779001235961914,22.20604173998685,21.15944556213321,21.631988785362147,52756814
2015-06-08,21.159448623657227,22.048529588069652,21.106943969202398,21.84201193458389,39584443
2015-06-09,21.334463119506836,21.516479616006077,20.511886519663744,20.721906524359905,72881861
2015-06-10,21.421974182128906,21.547985077723144,21.120945895781404,21.351967506129,30657842
2015-06-11,20.910924911499023,21.48497794663771,20.805915603054867,21.42897232809759,41871487
2015-06-12,20.83041763305664,21.06493878984434,20.592395512037573,20.86191930360445,28533582
2015-06-15,20.791913986206055,21.194450592021386,20.7254082795252,20.861919255603325,28286211
2015-06-16,20.6133975982666,20.826918580928414,20.37187590860188,20.777913489529258,32206224
2015-06-17,21.3554630279541,21.76850107683707,20.879420243950054,21.260953823012382,87363880
2015-06-18,21.260955810546875,21.456974764879284,21.064938257721327,21.3029603727277,40722250
2015-06-19,21.348466873168945,21.684497801981095,21.288961688172424,21.383469510958953,34527411
2015-06-22,21.74750328063965,21.89801672075415,21.49197912738048,21.631992477235393,37444356
2015-06-23,21.915515899658203,22.171038618295196,21.75800055110834,21.77900213041272,31626168
2015-06-24,21.320465087890625,22.010027574166312,21.204954279162525,21.982025463507515,29723093
2015-06-25,21.190950393676758,21.33796285650824,21.085939689716884,21.2679575892108,48369200
2015-06-26,20.907424926757812,21.21895328299226,20.791914129197576,21.17695012106503,35483646
2015-06-29,20.742910385131836,20.844420135305004,20.119853632222313,20.581895450946018,37067693
2015-06-30,21.323963165283203,21.45697598465928,20.669403362935597,20.742909599047124,32142345
2015-07-01,21.488475799560547,21.631988687188727,21.23995221718616,21.351963438047882,32998153
2015-07-02,21.306459426879883,21.733499959248245,21.225952670089338,21.509478903146178,40306122
2015-07-03,21.085939407348633,21.554983101001515,20.970430017101247,21.44647283588329,28785562
2015-07-06,20.931930541992188,20.984435202855376,20.441883770419164,20.65190381537903,38921374
2015-07-07,20.87592124938965,21.21545170373298,20.728907383892306,21.120943891382936,34623754
2015-07-08,19.822324752807617,20.58189528861789,19.727816932329077,20.58189528861789,85458422
2015-07-09,19.636808395385742,20.119853187260397,19.573802248291884,19.846827017022658,65230261
2015-07-10,19.664810180664062,19.91683336338182,19.514296744202703,19.804823527120686,42208904
2015-07-13,19.913333892822266,20.000841183632936,19.53179885339163,19.846826782118377,36073547
2015-07-14,19.682308197021484,20.070843682849034,19.63680407890222,19.934331328491243,36009290
2015-07-15,19.62980842590332,19.937837241331238,19.538800167073617,19.79082336110364,38623359
2015-07-16,19.657812118530273,20.056849224915002,19.60880842218038,19.958840430708097,66265783
2015-07-17,19.885334014892578,20.046347560168492,19.6018063245177,19.741819687330878,67699558
2015-07-20,19.850326538085938,20.14085330466433,19.811822940051204,19.9518362786333,39189455
2015-07-21,19.230770111083984,19.888830864407012,19.17126493053504,19.888830864407012,53479458
2015-07-22,19.62980842590332,19.671811590821488,18.810732694928994,18.989249649598722,62040733
2015-07-23,19.449649810791016,19.77753486205388,19.406413077701668,19.745105148236213,73065511
2015-07-24,19.100147247314453,19.575759988573612,19.038895927365047,19.435238435747177,39993003
2015-07-27,18.069656372070312,18.966833797237538,18.01921207044623,18.95242010915408,80278879
2015-07-28,17.961563110351562,18.192163383811856,17.756184989759433,18.087672432025066,58132539
2015-07-29,18.05524253845215,18.35069933777256,17.97237140664309,18.087670811710925,42021014
2015-07-30,17.882291793823242,18.231795216455627,17.839055060137017,18.22458909417459,54255108
2015-07-31,17.792217254638672,18.210178181284117,17.655298025104926,18.015611407386533,92870764
2015-08-03,17.86787986755371,18.07325796288963,17.676914017036598,17.79221486092138,37326285
2015-08-04,18.469600677490234,18.718215490708996,17.73096091709591,17.993987974172708,102056723
2015-08-05,18.901975631713867,19.34876241469749,18.732628155905306,18.736231938284398,83749009
2015-08-06,18.808298110961914,19.12537187012861,18.466000755769723,18.905581498675648,66930773
2015-08-07,18.88395881652832,19.06411474661639,18.747039617181215,18.80829381639812,39797335
2015-08-10,18.81910514831543,19.09654592889054,18.73623401375435,18.94521446287982,35698595
2015-08-11,17.78500747680664,18.73623143670497,17.705738693259526,18.732627654422352,92651501
2015-08-12,17.947147369384766,18.584899976875086,17.734563166887995,18.33268138263596,159253705
2015-08-13,16.833784103393555,18.296652993067465,16.740104507424928,18.257018596516357,144473922
2015-08-14,17.122032165527344,17.237331554825957,16.50229560371343,16.880623483099907,95150418
2015-08-17,17.781404495239258,17.907513798136954,16.87702100828734,17.186890034531338,89473330
2015-08-18,18.184955596923828,18.368713888151373,17.770597053331716,17.87869033554406,102914736
2015-08-19,18.001195907592773,18.25701831115145,17.781405559972207,18.02281571822252,45176020
2015-08-20,17.406679153442383,17.900306425894435,17.331014154054472,17.849862131191156,48558371
2015-08-21,17.096811294555664,17.186889986086015,16.682452775917113,17.186889986086015,55073372
2015-08-24,14.852069854736328,16.52391788812441,14.603453549006467,16.52391788812441,122924725
2015-08-25,15.381728172302246,15.702407161002467,14.419695534203699,15.133113304149589,149117094
2015-08-26,15.540262222290039,15.832115207514322,15.057444843409009,15.34929638596625,87502491
2015-08-27,16.31493377685547,16.559946244778853,15.500627591031671,15.853733328058391,149329084
2015-08-28,16.498693466186523,16.905845872817064,16.08433493717318,16.761721982493853,98529305
2015-08-31,16.242876052856445,16.48068102862052,16.11676671968828,16.235669928904045,60691871
2015-09-01,15.587105751037598,16.304127278855976,15.352903138165779,15.997861990638832,67964731
2015-09-02,15.817702293395996,16.278901287109477,15.154727567765946,15.774465563985505,93517658
2015-09-03,16.556344985961914,16.768929217021434,16.005067209779305,16.098748249635985,74343734
2015-09-04,15.774466514587402,16.49509025619105,15.637547311202518,16.49509025619105,75885083
2015-09-07,15.554675102233887,16.141983436307132,15.504232247054013,15.943812912671266,51786367
2015-09-08,16.484283447265625,16.790548739224253,15.659168617682914,15.752849663976095,86455360
2015-09-09,17.258955001831055,17.42469727773058,16.743707816836892,17.006736362388807,92617483
2015-09-10,17.30939483642578,17.51117057828612,16.68965825233179,17.031954093034724,76121455
2015-09-11,16.786943435668945,17.54720157818196,16.639215768950052,17.536393116389775,62026952
2015-09-14,17.424694061279297,17.52918499216025,16.862607900679084,16.862607900679084,75142895
2015-09-15,16.473472595214844,17.57242581990161,16.466267914939944,17.42109435278182,96020858
2015-09-16,16.610389709472656,16.81576779394066,16.36537723251667,16.718484425228024,75483671
2015-09-18,16.437442779541016,16.96349843589393,16.386999916493856,16.86261126713228,80082004
2015-09-21,16.318538665771484,16.523916774753292,16.077129942348677,16.307730202772806,56410300
2015-09-22,15.860939979553223,16.49509025716215,15.796084881525365,16.430233716467225,53514064
2015-09-23,15.925795555114746,16.145585869557113,15.421358389465517,15.45018431839806,75514887
2015-09-24,15.50423526763916,15.907783958367204,15.442982495939445,15.853737310239962,59139281
2015-09-28,15.07906436920166,15.742037731270871,15.025016286989045,15.687991091725408,60148920
2015-09-29,14.513373374938965,14.895305088455208,14.390867847308288,14.77279956082453,126852012
2015-09-30,15.320470809936523,15.450183879783093,14.808827537245934,14.9097146789783,97528315
2015-10-01,15.295254707336426,15.529457350801543,15.151129337819041,15.493426729755951,51146998
2015-10-05,16.214048385620117,16.271697365963313,15.435772724315212,15.486217024782684,85242255
2015-10-06,16.394203186035156,16.502296459273378,16.08073182804407,16.40861543011131,77249270
2015-10-07,17.06438446044922,17.129241008399827,16.11316038028681,16.21404898495097,103265777
2015-10-08,17.352632522583008,17.489550277946485,17.0211451527551,17.143650664676844,93577822
2015-10-09,18.094877243041992,18.231795007479455,17.45352082604399,17.46793307044087,110419244
2015-10-12,18.076858520507812,18.876750949254948,18.001192084707263,18.3831237176047,110944352
2015-10-13,17.655296325683594,17.91832485303109,17.529187014690596,17.87148433424325,61100778
2015-10-14,17.896705627441406,18.231795365585512,17.550804541786626,17.583234256317244,66022253
2015-10-15,18.39393424987793,18.534457234288563,17.875084814516836,17.954353598474814,73557042
2015-10-16,18.231796264648438,18.498427132377497,17.900308849994143,18.4407767081476,55908272
2015-10-19,17.900310516357422,18.311066761565456,17.78140731681471,18.239004085236477,47005203
2015-10-20,17.352632522583008,17.936337037975267,17.294982106149064,17.80302162213872,55088770
2015-10-21,17.612056732177734,17.75978438725908,17.168872324266722,17.417487123241013,84411606
2015-10-23,17.72735595703125,18.13090597158056,17.594040546201015,17.82824310000184,52541287
2015-10-26,17.990386962890625,18.127304732318567,17.745374471211957,17.82464326095115,43957918
2015-10-27,17.7237548828125,18.03722770579255,17.58683711167228,17.9327367647992,35725035
2015-10-28,17.810230255126953,17.907513625529084,17.58323380063251,17.619264411398653,36074754
2015-10-29,17.84265899658203,18.12009831346392,17.633677120627183,17.748976520785874,48166846
2015-10-30,17.770597457885742,18.361508183521348,17.6661065132792,17.900309110960045,64795030
2015-11-02,17.215713500976562,17.77059497783871,17.02835144897995,17.763388856043996,51531512
2015-11-03,16.98511505126953,17.511172095949952,16.927466070884854,17.4174896174905,47156462
2015-11-04,16.9634952545166,17.29498263447068,16.85179820043057,17.23372987663868,51025097
2015-11-05,16.242876052856445,17.00673817581784,16.1636072467126,17.00673817581784,92382707
2015-11-06,15.871750831604004,15.9870502332052,15.500629034282866,15.77446745741983,103978010
2015-11-09,16.0158748626709,16.17081010300815,15.32407700436091,15.493423047023493,65838110
2015-11-10,15.713212013244629,16.01587345957339,15.648356916460136,15.911383971198182,47614522
2015-11-13,16.044702529907227,16.11316142235622,15.608724137081408,15.760055611197316,46465883
2015-11-16,16.617595672607422,16.7112767007438,15.868146004849354,16.059111843435225,72667794
2015-11-17,16.902244567871094,16.988719484426674,16.639217478125957,16.711278706366244,55009409
2015-11-18,16.275300979614258,16.934672005448444,16.228460462238075,16.86981546056845,55457172
2015-11-19,16.484283447265625,16.552742340479718,16.257286954888507,16.39420618398403,38427408
2015-11-20,16.574357986450195,16.772529935583897,16.437438791775914,16.437438791775914,40508623
2015-11-23,16.17441177368164,16.635612250361646,16.077128402673956,16.635612250361646,43058887
2015-11-24,16.167203903198242,16.314932998951633,16.033888492949462,16.095141246342994,43863254
2015-11-26,16.42302703857422,16.57435848085106,16.156396205483464,16.250077231019837,48156781
2015-11-27,16.664438247680664,16.93467290390632,16.397807374213826,16.423029525523877,56606272
2015-11-30,16.50229835510254,16.89143476053202,16.487886109370667,16.74731086054607,47828495
2015-12-01,17.11842918395996,17.186889506974747,16.595977404182833,16.632008014190298,69133459
2015-12-02,17.57242774963379,17.720155450171728,17.158067700286576,17.291383153357508,92978328
2015-12-03,17.305795669555664,17.547204404920627,17.06438549152338,17.305795669555664,74604740
2015-12-04,17.312997817993164,17.601247009604453,17.08599993856558,17.15446025767351,58128529
2015-12-07,17.550806045532227,17.83545295168489,17.47153725033358,17.6408847465006,51813122
2015-12-08,16.91665267944336,17.514770826340836,16.82657544482237,17.44270817304392,47714350
2015-12-09,16.347362518310547,16.995925094234366,16.206842406149917,16.862609662013064,49622044
2015-12-10,16.790546417236328,16.9166557225246,16.322141250546824,16.376187889575064,50431953
2015-12-11,17.359840393066406,17.576026951804216,16.941878077817197,16.941878077817197,125138831
2015-12-14,17.655296325683594,17.93633943841066,17.183287355128915,17.22292175123149,118757592
2015-12-15,17.608455657958984,17.81743754206575,17.385062971270777,17.79942151417136,54777068
2015-12-16,17.63367462158203,17.914717681139663,17.446312581876942,17.766990030038876,60456339
2015-12-17,18.527252197265625,18.588504958638048,17.73096197142272,17.79221473279514,127131596
2015-12-18,18.422761917114258,18.58850562259143,18.30385872996756,18.484014680674537,72886973
2015-12-21,18.624534606933594,18.837118812150557,18.350697643512962,18.41195040171663,65025703
2015-12-22,18.54886817932129,18.86594185028385,18.487613983157804,18.664167564883407,47696874
2015-12-23,19.056909561157227,19.197431106970203,18.898371988650148,18.898371988650148,80850265
2015-12-24,18.97764015197754,19.168605989198863,18.77946819284853,19.168605989198863,40344790
2015-12-28,18.311065673828125,19.046101754851993,18.23179687884181,19.020881045902282,55814133
2015-12-29,18.397539138793945,18.53085456662093,18.25701758859797,18.433569750638885,39890593
2015-12-30,18.642549514770508,18.865942168228596,18.383124810883487,18.476805833731554,71506938
2015-12-31,18.721817016601562,18.793879675426616,18.5164403865506,18.736230702500166,46672813
2016-01-01,18.54886817932129,18.729024100428887,18.260617551415567,18.664167564883407,33079099
2016-01-04,18.51283836364746,18.966832724587377,18.239001388223667,18.375920597269126,73277332
2016-01-05,19.766725540161133,19.91805555310209,18.559679120494007,18.559679120494007,157534835
2016-01-06,19.36678123474121,19.788345929879323,19.168609241983738,19.65863427086271,78245389
2016-01-07,18.00840187072754,18.97403816717354,17.885896344024395,18.952419799402488,99751805
2016-01-08,18.27503204345703,18.4696002160132,17.94714701187742,18.159731210139512,66119688
2016-01-11,18.134510040283203,18.257017001953816,17.60124834611031,17.799420311557558,63872456
2016-01-12,17.709341049194336,18.397537953775362,17.5219789943347,18.235396604249104,56944928
2016-01-13,17.770597457885742,18.1453216141751,17.078798127710172,17.90751523376044,78536687
2016-01-14,17.204906463623047,17.47874344248802,16.682453212928536,16.93467182462007,93255592
2016-01-15,16.5527400970459,17.51117168548128,16.437440696312027,17.475139630918285,62888785
2016-01-18,16.999526977539062,17.583232942120453,16.228458960787602,16.55994633431943,88349924
2016-01-19,17.150859832763672,17.363442607407404,16.664437193786434,17.1184301179869,66168358
2016-01-20,16.71848487854004,16.862608765676573,16.322140942913563,16.776133856327807,57590017
2016-01-21,16.977909088134766,17.24814373556042,16.664437705014635,16.913052541925857,65551336
2016-01-22,17.85706901550293,18.073257004320357,17.125636809738378,17.17247732424876,68337468
2016-01-25,18.368711471557617,18.47680618221618,17.92913083523608,17.94354452127969,58531841
2016-01-27,18.563283920288086,18.72902762976689,18.26062099248602,18.37592184244263,65450038
2016-01-28,18.318269729614258,18.624534969257795,18.188556646031675,18.52004403444595,63151806
2016-01-29,17.993988037109375,18.64975667628011,17.831848129138773,18.350697565845163,70827180
2016-02-01,17.965164184570312,18.372316581383238,17.763389877382885,17.93633825306703,46400199
2016-02-02,16.678848266601562,18.087668899775355,16.58156489977565,18.033622264279394,88046083
2016-02-03,16.141983032226562,16.8554020930583,15.958224757527805,16.423027560433184,81780438
2016-02-04,16.28250503540039,16.473469420567138,15.781670210100634,16.17080798732153,122903030
2016-02-05,16.8518009185791,17.172479888679838,15.565487025960007,15.565487025960007,270834540
2016-02-08,16.869815826416016,17.579631167587433,16.722088148615676,17.19409711518136,108450127
2016-02-09,16.970705032348633,17.100418140563956,16.58156859303739,16.639219023651687,79380289
2016-02-10,16.98511505126953,17.13284417017321,16.365378413464008,16.923862288277224,79938449
2016-02-11,16.17801284790039,17.100412204182813,15.914984382366658,17.003127406793585,64568420
2016-02-12,15.673580169677734,16.527519454833715,15.215984864861737,16.28611216911242,98387640
2016-02-15,17.777803421020508,17.87148590952102,15.997862107522721,15.997862107522721,142771164
2016-02-16,17.644487380981445,18.130908583618726,17.521980413344096,17.986783248516137,96005869
2016-02-17,18.10568618774414,18.224589371189282,17.150859822988433,17.655295603664143,87069402
2016-02-18,18.076858520507812,18.48401085600521,17.525580877200035,18.37591759648087,99285873
2016-02-19,18.24981117248535,18.336284639521352,17.78861069229064,17.907513873465817,71064948
2016-02-22,18.39393424987793,18.55607560009518,18.13811331449868,18.275032516608018,50489660
2016-02-23,18.27142906188965,18.851531265436822,18.166938127950374,18.4335689723468,88716625
2016-02-24,17.864276885986328,18.285841523795835,17.795816561555394,18.058845069385555,49791545
2016-02-25,17.882291793823242,18.00479875793513,17.626470846178595,17.806626788538786,58653858
2016-02-26,17.90390968322754,18.138113700450738,17.521979441848877,17.97957612916134,56015868
2016-02-29,17.950754165649414,18.999261667728724,17.66250491354982,17.792216572061086,103390953
2016-03-01,18.52364730834961,18.602916092214716,17.766991522001078,18.015607777820566,74639996
2016-03-02,19.28030014038086,19.420823113609313,18.70019799339606,18.73623004287354,80249039
2016-03-03,20.68552017211914,20.826041715185564,19.60818689927616,19.673043439973604,184028578
2016-03-04,20.793615341186523,20.984581198359475,20.50176232409848,20.826043614492665,96250795
2016-03-08,21.027820587158203,21.38092638851617,20.681919466208235,20.73956989347778,97420395
2016-03-09,21.287246704101562,21.366514062987317,20.271165973648394,20.42970213408728,106623704
2016-03-10,21.380922317504883,21.708805904335403,21.135909851594768,21.352096388025043,89814620
2016-03-11,21.189958572387695,21.48901770185529,20.92332771511143,21.330480123438665,80123590
2016-03-14,21.380922317504883,21.63674324463631,21.276431388807847,21.32687424073031,46658402
2016-03-15,21.651159286499023,21.762856356495284,21.19356254339645,21.402544437454083,73242181
2016-03-16,21.58269691467285,21.81689947999504,21.200765245685563,21.618728966363665,73885811
2016-03-17,21.323270797729492,22.025879890101763,21.25120814175965,21.94300733080302,84026641
2016-03-18,21.777265548706055,21.816899940802877,21.398937653963767,21.597109614447877,76773451
2016-03-21,21.874549865722656,22.04749967412281,21.6655694483504,21.762852813908594,59320800
2016-03-22,22.32494354248047,22.469067441241958,21.716015345478002,21.84212465856132,69054434
2016-03-23,22.858203887939453,22.90864674448717,22.37898881606686,22.469066066949928,66941605
2016-03-28,21.557477951049805,22.944680407360597,21.431368636839732,22.944680407360597,95197157
2016-03-29,21.89617156982422,22.177216133328283,21.618732231767627,21.618732231767627,62316927
2016-03-30,23.369848251342773,23.47433919417954,22.000661859782518,22.299721000268928,130559679
2016-03-31,23.038358688354492,23.41308280334124,22.65642700869455,23.41308280334124,140121880
2016-04-01,22.897836685180664,23.04916812960293,22.580761552613453,22.890630563319323,58463365
2016-04-04,23.085201263427734,23.283373242953648,22.67804884173544,22.757317633545807,54242901
2016-04-05,22.505096435546875,23.0167397410629,22.216845791913208,22.840186149703925,60071721
2016-04-06,23.676111221313477,23.924726036304236,22.5951741695847,22.6996651023008,153148901
2016-04-07,23.326610565185547,23.978775501351077,23.21131115723013,23.77339739401342,90365517
2016-04-08,23.2113094329834,23.40587762028822,22.99151909631179,23.27976831612142,63826169
2016-04-11,23.863475799560547,24.018409602509664,23.0635831912179,23.204104748683456,94620376
2016-04-12,23.384258270263672,23.84545729110242,22.915853127432683,23.34102009564316,116614440
2016-04-13,23.98598289489746,24.22739161465706,23.492354107209156,23.600447391559157,107946042
2016-04-18,24.180545806884766,24.303052759976012,23.61125354189319,23.917518760620815,75498166
2016-04-20,25.758718490600586,25.892032478664802,24.335484045044034,24.35350007269257,192940999
2016-04-21,25.54973793029785,26.234329704330374,25.44524554160083,25.85600176015414,108641218
2016-04-22,25.484880447387695,26.2127118174671,25.38759562782247,25.798351831319387,126959229
2016-04-25,25.03809356689453,25.488485633684455,24.82911455632123,25.402009271975,64651895
2016-04-26,25.841585159301758,25.985710478317866,25.012868181626644,25.0164719638022,87592957
2016-04-27,25.708271026611328,26.115423391227612,25.520908978658134,25.863204805854622,63265542
2016-04-28,25.04890251159668,26.086601440518937,24.94441013100321,25.726289552865452,105791816
2016-04-29,25.301122665405273,25.502896988563727,24.69579681059547,25.056108720235805,81917191
2016-05-02,25.002063751220703,25.29391533314624,24.818302569315872,25.14978999089451,43887322
2016-05-03,25.14258575439453,25.629006989743708,25.005665089905253,25.1317744059341,66909161
2016-05-04,23.69052505493164,25.023679350763796,23.593240237668013,24.933602098631244,83523154
2016-05-05,23.910314559936523,24.126501111622282,23.35903683340389,23.708540252674204,87494787
2016-05-06,23.73015785217285,23.888695421039742,23.427496401063657,23.78060214869125,56288545
2016-05-09,23.686922073364258,24.137311207160472,23.57882735399942,23.780603105524566,48894886
2016-05-10,23.64008140563965,24.303056231903746,23.431100963100157,23.845459508181616,112833794
2016-05-11,23.76618766784668,23.924725231415554,22.99872344008565,23.052770074453765,59698606
2016-05-12,23.823837280273438,23.93913810952279,23.535588092483987,23.87067779132256,49401206
2016-05-13,23.250946044921875,23.733764940761073,23.146455097672973,23.564417444001315,58804886
2016-05-16,23.521175384521484,23.582429583773123,23.016739645589038,23.27976669774663,41258064
2016-05-17,23.575225830078125,23.86347505880334,23.377053854162654,23.694127572960237,51218361
2016-05-18,23.71214485168457,23.795017429015896,23.286976387348602,23.470736127923384,39460317
2016-05-19,23.510366439819336,24.31386126602877,23.42028775524261,23.52838246526808,68337111
2016-05-20,23.250946044921875,23.571623566983938,23.13924897469035,23.506767017473084,48398390
2016-05-23,22.59517478942871,23.474337564490437,22.519509785225505,23.39867111762013,67145522
2016-05-24,22.894235610961914,22.948282252648408,22.42943276125741,22.587970346293638,52720592
2016-05-25,23.39146614074707,23.528385354168368,22.92666330283507,23.059978733657335,57979149
2016-05-26,23.434701919555664,23.733762484385224,23.059977792573175,23.059977792573175,135319934
2016-05-27,23.751779556274414,23.924729393405855,23.38786385319905,23.49235480057725,46229763
2016-05-30,23.229328155517578,24.112091944451343,23.164471604667835,23.928333640600126,69464096
2016-05-31,24.09407615661621,24.321072630604892,23.077995533745806,23.384260800894623,105401750
2016-06-01,23.935535430908203,24.47239944168298,23.737363474000116,24.205768606085567,68046412
2016-06-02,24.548065185546875,24.638145317778797,23.80582307356102,23.924726251306417,58494475
2016-06-03,24.396738052368164,25.099348739830727,24.241804246155393,24.7894782420707,92705451
2016-06-06,24.34629249572754,24.551670594286595,23.9355377412766,24.140915839835657,52163250
2016-06-07,24.688589096069336,24.778666341074633,24.2886413962979,24.468795886308495,40920227
2016-06-08,24.609323501586914,24.966031630886068,24.393134046091415,24.73543281506993,46882315
2016-06-09,24.648956298828125,24.984047500177827,24.501227175136034,24.501227175136034,62303786
2016-06-10,24.097679138183594,24.825510541544926,24.03282258884105,24.645353139445128,57795887
2016-06-13,23.283369064331055,23.776996311892738,23.132037630518873,23.658093145516517,69029422
2016-06-14,23.416685104370117,23.596841028460947,23.153656618450658,23.420287443811766,42074229
2016-06-15,23.798616409301758,23.8886950968143,23.333813613311218,23.499557301907345,43392725
2016-06-16,23.816635131835938,24.032821698075217,23.35543606590285,23.74457246220044,68129058
2016-06-17,23.45271873474121,24.032820971638106,23.333815549836793,23.996790359243054,59857895
2016-06-20,24.230993270874023,24.28143756856623,23.261751808838547,23.37705264851585,65083484
2016-06-21,24.07245635986328,24.33548489053509,23.978775321103598,24.21297936067003,36641311
2016-06-22,23.957155227661133,24.068852286652174,23.56801741242363,24.068852286652174,48566317
2016-06-23,24.065248489379883,24.2093723684672,23.607651819076796,23.88869489809745,49168823
2016-06-24,22.530317306518555,22.800550466277777,21.352095536367333,22.130369633274398,151255965
2016-06-27,22.37538719177246,22.52311487848344,22.159200614667082,22.321340547496117,69054539
2016-06-28,22.44744873046875,22.656429173952603,22.12316743853355,22.443844947787742,83192832
2016-06-29,22.59878158569336,22.843794100424397,22.526718911635136,22.62760607824973,58946111
2016-06-30,23.20050048828125,23.366244193263988,22.71407927855674,22.750109891523774,67093399
2016-07-01,23.6436824798584,23.84545677662187,23.521175523299334,23.52838308780313,52420058
2016-07-04,23.870681762695312,24.061647620743695,23.632876828472146,23.686923470007738,33931685
2016-07-05,24.043630599975586,24.313863796496307,23.798618110507554,23.960759471087137,41390136
2016-07-07,22.894235610961914,24.30305640550287,22.793348450302645,24.083266056066424,106291493
2016-07-08,22.941076278686523,23.01674273167201,22.490685671489082,22.696063776829778,81496592
2016-07-11,23.564416885375977,23.75898652929601,23.03475748137238,23.420291543805707,80740665
2016-07-12,24.66697120666504,24.77866826870798,23.70854105089967,23.776999935549433,103770397
2016-07-13,25.78033447265625,25.84519101568527,24.811095880354262,24.839920369403995,140078815
2016-07-14,25.892030715942383,26.039759824335547,25.463258520167823,25.855998663098365,83662941
2016-07-15,26.872079849243164,26.98017311932155,25.70827169810934,25.89202996870919,140974624
2016-07-18,26.34963035583496,27.340488837529637,26.19469655069257,26.911716593654187,80792694
2016-07-19,26.681119918823242,26.782008532068424,26.111826069799793,26.515374752111114,86551179
2016-07-20,26.551401138305664,26.879284733287292,26.403674918383945,26.821635758228485,62002622
2016-07-21,26.10821533203125,26.663096786400654,26.021741873999986,26.663096786400654,56084323
2016-07-22,26.33521842956543,26.58383327735979,25.686655824419848,26.108220507897396,77386653
2016-07-25,26.20550537109375,26.50456452252593,26.09741208429513,26.302790194812864,59580315
2016-07-26,26.504558563232422,27.023407954408253,26.1622627511096,26.223515503678914,81856440
2016-07-27,26.16227149963379,26.69913709497274,25.517312605654112,26.583836229933052,108728903
2016-07-28,25.77910041809082,26.468068425361995,25.69067851523019,26.379643572154254,110489179
2016-07-29,26.16227149963379,26.45332914989101,25.867525915398325,25.867525915398325,87634154
2016-08-01,26.884387969970703,27.013338758039325,26.10331327636815,26.24331606187666,105824994
2016-08-02,26.663331985473633,27.315456003922083,26.53438117507733,27.002288485668117,85102300
2016-08-03,26.383323669433594,27.002285725865953,26.15121105430486,26.869652896138952,60318473
2016-08-04,27.543880462646484,27.624935332640682,26.33542737834502,26.556485041839554,101175577
2016-08-05,28.126001358032227,28.221796168700546,27.742833916746193,27.853365709744992,95702102
2016-08-08,27.96757698059082,28.33232541188023,27.724415293527017,28.17758266970244,69929209
2016-08-09,27.658098220825195,28.181271498559543,27.529147393253744,27.927054827140914,58972708
2016-08-10,27.285985946655273,27.956529076612703,27.127561148395344,27.846000216206875,48219085
2016-08-11,27.142290115356445,27.52913953732925,26.637538949935827,27.28597788647389,46387719
2016-08-12,27.613882064819336,27.87915363743457,27.215977656243187,27.263873584593526,46298408
2016-08-16,27.93810272216797,28.07442349715419,27.488617383586632,27.632305174591476,64069405
2016-08-17,28.873916625976562,28.95497150228475,27.99704996861104,27.99704996861104,98171211
2016-08-18,28.531272888183594,29.024972072982976,28.376533114050364,28.921810256663143,62140971
2016-08-19,28.896026611328125,29.08024038116983,28.258639532801233,28.674965957032196,93910673
2016-08-22,28.601280212402344,28.8481298432295,28.33232658202749,28.8481298432295,58394206
2016-08-23,28.380220413208008,28.811283776630432,27.86441719020268,28.586541112340782,70542421
2016-08-24,27.99704933166504,28.538644472544583,27.908627441529614,28.413375702666038,44732907
2016-08-25,27.4333553314209,28.17021627602985,27.30071953529415,28.126002377089655,50105042
2016-08-26,27.223350524902344,27.702309859473182,27.06492279083936,27.632306975825514,45256882
2016-08-29,27.540199279785156,27.6654651096929,27.098080941446913,27.182820805939123,39026944
2016-08-30,27.834941864013672,27.963892663454917,27.632303207550795,27.658092187300397,39931664
2016-08-31,27.27124786376953,28.100215758605113,27.175455991918778,27.853369062099723,47551031
2016-09-01,27.602828979492188,27.83125661350844,27.227028583196198,27.359664364282615,46743337
2016-09-02,27.573360443115234,27.720733234395645,27.293351844647738,27.7023112666922,29644047
2016-09-06,28.424428939819336,28.498113843827817,27.58809126517716,27.63230220758225,61176475
2016-09-07,28.733915328979492,29.04339491807657,28.487065704012153,28.523909636179674,73105470
2016-09-08,29.69551658630371,30.108157972543484,28.75601704311089,28.75601704311089,117920771
2016-09-09,29.076553344726562,29.982893997410226,28.977079450215914,29.835521221733945,62586561
2016-09-12,27.507041931152344,28.435486660233337,27.308088224771943,28.369168758106536,70506000
2016-09-14,27.55124855041504,27.853364046010924,26.759124733666397,27.263872986616,116562841
2016-09-15,26.99860382080078,27.63967282705371,26.80333513262552,27.558617955553537,51168809
2016-09-16,26.442272186279297,27.40387571266727,26.35016531487385,27.22702898538856,63771558
2016-09-19,26.64859390258789,26.818073620860883,26.180686611316613,26.527013063678485,53756838
2016-09-20,26.939655303955078,27.2638748183356,26.471747998021392,26.843863442919638,59804669
2016-09-21,27.249135971069336,27.448086695571536,26.91754946333458,26.91754946333458,72097227
2016-09-22,27.7981014251709,27.986000173540255,27.470196911023294,27.83126037492396,70002702
2016-09-23,27.4112491607666,27.882841476867984,27.337561294003915,27.805468626697763,46832154
2016-09-26,27.245454788208008,27.74652107781471,27.14597793690897,27.363353606452833,45675140
2016-09-27,27.112817764282227,27.60283203177137,27.013343867814324,27.455459253195382,46224494
2016-09-28,28.02652931213379,28.162847145262194,27.13492559546631,27.13492559546631,66534315
2016-09-29,27.17545509338379,28.284428599878623,26.895446503968298,28.247587616009877,140239027
2016-09-30,27.577041625976562,27.81283628931901,26.77017784392234,27.105449348944912,57793064
2016-10-03,28.21074104309082,28.35442883267613,27.7280967613268,27.772307708042252,47030940
2016-10-04,28.822336196899414,28.958656970844878,28.177582158717996,28.442853740299743,89462624
2016-10-05,28.7891788482666,29.216560208920807,28.663913016827152,29.12076834366158,54105738
2016-10-06,28.726539611816406,29.168657858280984,28.483375018812836,28.943915227673394,81139232
2016-10-07,29.95710563659668,30.034475534085274,28.75233442436473,28.95128811820419,121863519
2016-10-10,30.830280303955078,30.999760009552826,30.137630401380772,30.203948290497586,122199278
2016-10-13,30.49132537841797,30.977654622864772,30.122894937264938,30.506062360036356,116570010
2016-10-14,30.38079261779785,30.763959991087876,30.174471951437553,30.653431168050083,55370915
2016-10-17,30.270265579223633,30.63869599451773,30.034470939532422,30.373427393658424,70459502
2016-10-18,31.312925338745117,31.42713915620606,30.366058804001096,30.53553851391602,79611549
2016-10-19,31.390304565429688,31.51925540250077,31.036613959830618,31.390304565429688,52204584
2016-10-20,31.57819366455078,31.8250432383168,31.335029073306558,31.519242795240903,53137937
2016-10-21,31.478723526000977,31.570830406535688,31.073449121162557,31.4639865431293,43292971
2016-10-24,31.39398193359375,31.788204317164507,31.316612040189675,31.497143758363695,30249576
2016-10-25,30.598173141479492,30.889233700665912,30.089736933506554,30.211320723599833,91284365
2016-10-26,29.371299743652344,30.859761575554057,28.803915573546956,30.53185706645326,87143462
2016-10-27,29.26445770263672,29.474463410807118,28.247588113093062,28.59022962649679,143898433
2016-10-28,29.87604331970215,29.953413197933475,29.279185337087885,29.382344191280932,71249133
2016-11-01,30.778705596923828,31.239242936231477,29.555515402567565,29.831836035944054,99437101
2016-11-02,30.458175659179688,30.682915412759822,29.91658040929514,29.91658040929514,77777548
2016-11-03,29.717620849609375,30.926074006240402,29.374982335788857,30.28500497352842,89155330
2016-11-04,29.702880859375,30.0344702912247,29.3455053999929,29.76183173078517,53491224
2016-11-07,30.402904510498047,30.605540227321125,29.938682198050433,29.938682198050433,47403698
2016-11-08,30.111845016479492,30.60922629387478,29.87973237686648,30.506064465080804,34148125
2016-11-09,29.42656135559082,29.761832832154294,27.779674984049546,28.00073264656556,62055448
2016-11-10,32.200843811035156,32.37032352022666,30.06026115161083,30.06026115161083,114386636
2016-11-11,31.427139282226562,32.532430582618886,31.242925540667816,31.869257572591458,91664460
2016-11-15,28.962339401245117,30.800809681089163,28.811284593301224,30.321850374821228,97125654
2016-11-16,28.940237045288086,29.577621162086707,28.06337031141618,29.2534016285659,86390274
2016-11-17,28.940237045288086,29.371300445395377,28.51654066166244,28.99549999511499,45781413
2016-11-18,28.376537322998047,30.38816943683778,28.0928467115599,28.741282816325228,48913275
2016-11-21,27.3707218170166,28.70812599201327,26.991239312559117,28.402328408206255,68920105
2016-11-22,27.8570499420166,27.978633743776182,27.470197487017373,27.757573090671592,43489856
2016-11-23,28.93655014038086,29.091289930037316,28.00442051857887,28.074423397414645,53784202
2016-11-24,29.338134765625,29.526036422836828,28.413372310534704,28.520219102959125,74701409
2016-11-25,30.119213104248047,30.469221583111256,29.290242393399375,29.400771231443194,74422360
2016-11-28,29.960786819458008,30.336587247043074,29.654992221476387,30.05657868036346,49113352
2016-11-29,30.133955001831055,30.771339153656434,30.049215130379736,30.57975540974714,63137227
2016-11-30,30.583438873291016,30.65343880679583,29.791312002053836,30.189216454215753,56452274
2016-12-01,30.18184471130371,30.83765069557353,30.045523948381163,30.752910841604013,32263469
2016-12-02,29.9460506439209,30.351325047266528,29.798677865400037,29.90552467875979,38028756
2016-12-05,30.46922492980957,30.55027981332422,29.809733861778053,30.03447654556681,36737455
2016-12-06,30.833969116210938,30.999763859593987,30.35869478564205,30.50606461270822,40761211
2016-12-07,30.351327896118164,31.051347922211146,30.11553319856066,30.896605162583594,49335312
2016-12-08,31.780834197998047,31.88768100535553,30.727123758839912,30.778704670976623,99142770
2016-12-09,31.725568771362305,32.0792622121364,31.567141064261257,31.883993528116832,42976535
2016-12-12,31.257667541503906,31.71820491970297,31.180294689263807,31.603991083442963,26152011
2016-12-13,31.029237747192383,31.60767390560388,30.763966158444752,31.60767390560388,33536633
2016-12-14,30.782386779785156,31.40503680935498,30.708701869655435,31.095554286116652,34083595
2016-12-15,30.89659881591797,31.493456879654858,30.42132453479509,30.62396023868967,46751450
2016-12-16,30.50974464416504,31.1544985967352,30.395530833965775,31.1544985967352,37238926
2016-12-19,30.237112045288086,30.67554540955989,30.145005162571593,30.2850079783423,24638319
2016-12-20,29.732358932495117,30.50606075291359,29.555512212044448,30.343951013304935,37167458
2016-12-21,29.806049346923828,30.086057935380047,29.57762167612363,29.842893281013424,28835901
2016-12-22,28.89970588684082,29.905523359422716,28.756018097950086,29.80604651703372,42870755
2016-12-23,28.800228118896484,29.14655157873911,28.520219594708486,28.995493843920546,41901726
2016-12-26,28.00810432434082,28.708121281883926,27.890205520296497,28.62706640729346,33924569
2016-12-27,28.914443969726562,29.08392369662183,27.8054675797573,28.148109066469733,40872165
2016-12-28,28.623384475708008,29.013921908581835,28.479699626282997,28.984447942015322,41356496
2016-12-29,28.910757064819336,29.02497087447639,28.534956692710765,28.62706355682741,35917764
2016-12-30,28.82970428466797,29.135501809984085,28.597591665908375,28.95865508390183,32065755
2017-01-02,29.97184181213379,30.08973767166583,28.656541788868036,28.991816252866084,58548488
2017-01-03,29.717620849609375,30.130265189889908,29.566566048997185,29.993944420689605,35044374
2017-01-04,29.87604331970215,30.13762691273701,29.577612853221925,29.776566497542074,35099342
2017-01-05,30.89659881591797,31.132396415385987,30.01236519377935,30.145000974686788,75532720
2017-01-06,30.915023803710938,31.346087183475017,30.623963233961124,30.985026683891505,43433597
2017-01-09,31.095552444458008,31.257662187489064,30.900283756245752,31.22081825943294,32776833
2017-01-10,31.825048446655273,31.869259393113317,31.139765499995097,31.147135466244826,53724867
2017-01-11,33.029815673828125,33.22876640216794,32.02768321505759,32.07557914322138,119983314
2017-01-12,32.978233337402344,33.24350194717334,32.661380868334525,33.085077187812715,56274460
2017-01-13,32.889808654785156,33.18823916131661,32.510326227111726,33.158765199020145,44420995
2017-01-16,33.78141403198242,33.85878392469881,32.66138275291572,32.735070612909794,70071305
2017-01-17,33.471927642822266,33.86614997733352,33.22508101126872,33.82562106895087,35085425
2017-01-18,34.51090621948242,34.632487052017304,33.47192986721742,33.508773795405325,95692047
2017-01-19,34.422481536865234,34.544062369947454,34.06878808563947,34.53669535448466,36159719
2017-01-20,33.4903564453125,34.470382057426676,33.35035362939533,34.337746257954095,51717555
2017-01-23,34.028263092041016,34.190372840989966,33.20297736560516,33.22508431331517,45657685
2017-01-24,34.20879364013672,34.37458838074521,33.788782264159764,34.04300184987507,39169155
2017-01-25,34.595645904541016,35.12987110481905,34.34511425355793,34.411432149488,66204769
2017-01-27,34.58090591430664,34.912495365115376,34.14247556322087,34.621434825115074,52243335
2017-01-30,34.04668045043945,34.521957675488196,33.90667765600995,34.521957675488196,34875839
2017-01-31,34.1203727722168,34.73565287223886,33.902997111283064,33.910367077908276,47691783
2017-02-01,34.9714469909668,35.067238853484355,33.68562386314047,34.19405714106492,58490623
2017-02-02,35.14461135864258,35.43567195105265,34.356169450805105,34.890394700811456,62851755
2017-02-03,34.83881378173828,35.36935404820617,34.4961722709943,35.140926374376846,55469232
2017-02-06,34.88302230834961,35.192504846530916,34.5698577372441,34.95671017238401,50453281
2017-02-07,34.83881378173828,35.35461706444432,34.636178042252524,35.0082935205202,50765665
2017-02-08,34.680389404296875,35.767258934102124,34.4445947109674,35.737784966229334,118473925
2017-02-09,33.884578704833984,34.88302636593346,33.63773200250753,34.60670569470361,68075108
2017-02-10,34.49985122680664,34.76512278886665,33.936152107775705,34.41142933968436,83045940
2017-02-13,34.824073791503906,35.1482933069679,34.639860035210994,34.864602706110325,51417986
2017-02-14,34.80934143066406,34.98987317806399,34.34511904474085,34.91987028918414,34130103
2017-02-15,33.902992248535156,34.98249453105041,33.692986584348006,34.83143974036879,44384867
2017-02-16,34.628807067871094,34.74302090146335,33.575096532641474,34.24195461709483,50594978
2017-02-17,34.49985122680664,34.98986543990234,34.38563740984709,34.80196376666097,41166906
2017-02-20,35.88883972167969,36.03252751573744,34.245638122647755,34.48511777941067,88599048
2017-02-21,36.17620849609375,36.540953912257294,35.7377752299763,36.02883574653228,84637408
2017-02-22,35.66777801513672,36.21305516458208,35.413558453951616,36.13936730904557,52590986
2017-02-23,35.793052673339844,35.951477471403805,35.23303840448098,35.74515673554499,50491014
2017-02-27,35.4135627746582,35.96989494051845,35.3325078938867,35.75251928058022,28663608
2017-02-28,35.56830596923828,35.7930486482599,35.40251122230531,35.47988112075838,35716963
2017-03-01,36.868865966796875,37.027290746425834,35.619886745710666,35.737782609426944,80993746
2017-03-02,36.44884490966797,37.255708527132086,36.27199821064897,36.9904370034305,60064342
2017-03-03,36.48201370239258,36.6772824155521,36.073054309691905,36.441487736630556,35244808
2017-03-06,36.3051643371582,36.916759415252486,36.12463262005517,36.48201107118128,43594723
2017-03-07,35.516719818115234,36.40095342083833,35.417242984618916,36.36410949354047,53773443
2017-03-08,34.81302261352539,35.84094413091703,34.63986085242774,35.730415284464335,62297509
2017-03-09,34.59196090698242,35.026712213531525,34.463010098360165,34.77249262912295,47188140
2017-03-10,34.46669006347656,34.95670424503784,34.05773369874751,34.52195595213134,47480193
2017-03-14,34.82038879394531,35.29566606766498,34.66564900269529,35.29566606766498,58416709
2017-03-15,35.299346923828125,35.369349801051285,34.66196286403719,34.923549457506105,58377790
2017-03-16,36.81727981567383,36.91675664929862,35.51303488117958,35.72672552929803,109072712
2017-03-17,37.005184173583984,37.48782549521381,36.70306866795463,37.126765012172655,71376618
2017-03-20,36.596229553222656,37.04202995294087,36.25358804044859,37.027292969091704,41937507
2017-03-21,36.57780075073242,36.93886416343479,36.279373195618476,36.61464467864407,52141219
2017-03-22,35.96621322631836,36.38622465118821,35.84094738565298,36.10621605115925,48831437
2017-03-23,36.5114860534668,36.592540931752524,35.92199790706405,35.92199790706405,43316671
2017-03-24,36.34200668334961,36.83570293379588,36.18726395385694,36.5520123552459,32350073
2017-03-27,35.11145782470703,36.308859330138155,34.975139966288694,36.308859330138155,64970273
2017-03-28,35.38408279418945,35.56461449117635,35.148288158548176,35.188814116871626,46146477
2017-03-29,35.69356918334961,35.7304131133774,35.38777164495114,35.51672244970166,34262479
2017-03-30,35.18513870239258,35.837259793317095,35.05986992049871,35.693571995305014,48727568
2017-03-31,35.56830596923828,35.80410064793978,35.29934939080324,35.41724820532746,33748119
2017-04-03,35.8004150390625,36.09884557832743,35.575672363967776,35.81146998889617,32960346
2017-04-05,36.3493766784668,36.71044012653345,35.85936537077274,35.958842215669485,51637081
2017-04-06,36.964656829833984,37.16729550321383,35.66041174520374,36.3788507090627,53098461
2017-04-07,36.34200668334961,37.31097721999207,36.154105008276126,36.90938784044957,56468564
2017-04-10,36.500431060791016,36.75464767400071,36.1356826632456,36.622011893075104,31410883
2017-04-11,35.96621322631836,36.54833442746594,35.833577418391634,36.511490491853586,42873212
2017-04-12,35.177772521972656,36.294119027004534,35.07461362915003,36.13569127849061,52561471
2017-04-13,34.15721130371094,35.31040152318994,34.05773741383575,34.95670805818766,62005435
2017-04-17,34.07247543334961,34.47774982232947,33.87720673000719,33.90299571143676,39758080
2017-04-18,33.151390075683594,34.92722700640521,33.011387301383316,34.41879090967915,76697239
2017-04-19,33.21403121948242,33.564039717303096,32.57296215389812,33.011395497151206,98947847
2017-04-20,33.48298645019531,33.586148283108265,33.02981905295903,33.21403281842888,42222213
2017-04-21,33.221397399902344,33.947206244988415,33.092446604838045,33.895625336893396,48743564
2017-04-24,33.21034622192383,33.49772180634807,32.94507758643486,33.306141033745426,52020178
2017-04-25,33.50140380859375,33.74088344097162,33.254557160790874,33.40929693852839,44610082
2017-04-26,33.43877029418945,34.13879016488571,33.21771262990496,33.667197924111804,49063275
2017-04-27,32.85296630859375,33.51613928367927,32.71664555071786,33.453506378821636,64969927
2017-04-28,33.10350036621094,33.7998352867193,32.85296872832786,33.01139349350059,65664757
2017-05-02,32.79402160644531,33.453512673243154,32.672440756574275,33.23245497328836,49217735
2017-05-03,32.480857849121094,33.15508591636965,32.24137817635634,32.9598171946506,52572996
2017-05-04,32.60243606567383,33.0113954432304,32.1345287581565,32.93770758043261,68599439
2017-05-05,31.950315475463867,32.53243366832234,31.537671108581296,32.53243366832234,59847399
2017-05-08,31.825048446655273,32.15663497061077,31.545039885060778,31.979788234431815,57892409
2017-05-09,31.94294548034668,32.421904793816005,31.777150737089265,31.832416634957365,49739988
2017-05-10,32.234004974365234,32.31505985165464,31.91347044834505,32.07189521978643,37155377
2017-05-11,32.50664138793945,32.819808877003545,32.39979753655582,32.47348244262271,58075629
2017-05-12,32.178741455078125,32.70928165596595,31.876625949436946,32.59874986589426,60840632
2017-05-15,33.60456848144531,33.667201394437065,32.259797443028305,32.27453147512971,102387066
2017-05-16,33.64141082763672,34.19037298659532,33.55298598676677,34.12037011050439,108098645
2017-05-17,36.393592834472656,36.76939331885993,34.323012562462054,34.63249514076056,518583508
2017-05-18,35.829891204833984,36.59622609394066,35.634622499356574,35.96989401334074,140336515
2017-05-19,36.06937026977539,36.548329567660375,35.387772303314364,36.10621125014184,95252188
2017-05-22,35.8409423828125,36.61833220370792,35.689884628164926,36.31621669441276,65312372
2017-05-23,36.13568115234375,36.61095836400606,35.19249964481844,36.03620727115532,102647904
2017-05-24,35.6161994934082,36.47464123537877,35.47987872173706,36.29042748488418,75995954
2017-05-25,35.71568298339844,35.88884476719491,35.12619179124839,35.73778698537832,67817838
2017-05-26,37.708885192871094,37.937309882462344,35.78567516830138,35.87778499108064,170458469
2017-05-29,37.41046142578125,38.36469811940344,37.296250535557625,37.734680979614915,71083536
2017-05-30,37.71625518798828,37.8746799651985,37.1562409928451,37.46203854779761,42846530
2017-05-31,37.189395904541016,37.94836370979939,37.02728616165684,37.59098527887988,45818800
2017-06-01,36.63307189941406,37.428880794146856,36.400959250747924,37.189401129049166,40791839
2017-06-02,36.249900817871094,37.078868579690436,35.962522298084444,36.986761706231995,59630340
2017-06-05,36.20201110839844,36.835710283092865,35.88515857070402,36.327276949875504,49779538
2017-06-06,36.12831115722656,36.585166367919896,35.991993360710794,36.393579735759374,43281152
2017-06-07,36.168846130371094,36.42674478732049,35.88515259213736,36.23516107336872,34502787
2017-06-08,36.76939010620117,37.68309782626805,36.66623122267984,37.06413567409901,125201083
2017-06-09,37.3625602722168,37.45835213153267,36.53727746898674,36.72517620448785,66471034
2017-06-12,37.462039947509766,37.88942131396554,37.24834926428187,37.41045903082068,55453719
2017-06-13,37.476776123046875,37.79362863282366,37.248348461452224,37.50625008899194,62615257
2017-06-14,37.03834533691406,37.5615185949656,36.927816481775025,37.432567772245534,49290966
2017-06-15,37.030975341796875,37.322035915404285,36.78781069990916,36.90202452944795,42803287
2017-06-16,36.986759185791016,37.41045254503552,36.927808312503565,37.13781397591384,35948181
2017-06-19,38.28363800048828,38.361007894730925,37.39571933240173,37.60204003383106,100698698
2017-06-20,38.48995590209961,38.73312051656461,38.353638088892204,38.611539684505395,62050673
2017-06-21,38.143638610839844,38.58575401774018,37.999950808562524,38.412592248382445,44722568
2017-06-22,37.948368072509766,38.489960305113655,37.72731037965269,38.3904834582239,40020828
2017-06-23,37.37730026245117,37.86731454785793,37.04202872786355,37.86731454785793,41937853
2017-06-27,37.64625549316406,37.859943219398154,37.1230822764221,37.57993759524765,47716145
2017-06-28,38.36100769042969,38.52680242745723,37.535724889107655,37.72730860729647,72381912
2017-06-29,39.42576599121094,39.53997979500492,38.46784757274043,38.677853218381465,101307681
2017-06-30,40.21421813964844,40.37264292315117,39.05734577138969,39.3815653052311,88894303
2017-07-03,40.57159423828125,40.77422995984531,39.94157717438111,40.19579380972323,67677306
2017-07-04,40.34685516357422,40.862658446629574,40.114742506060466,40.60844178863163,52898301
2017-07-05,40.52370071411133,40.711599464374856,40.08526734648275,40.11474131314993,49602847
2017-07-06,40.87002182006836,41.08002750803029,40.45369542734574,40.52738328998324,68293710
2017-07-07,40.774227142333984,40.88844096125503,40.593695431759,40.748438162400404,43034358
2017-07-10,41.216346740722656,41.38213852475676,40.46843089482401,40.689491524114025,11320169
2017-07-11,41.032127380371094,41.40792777048079,40.910546549941024,41.293713955352814,51564816
2017-07-12,41.19792175292969,41.35266152676689,40.89580922049459,41.26423964181606,42624612
2017-07-13,41.555301666259766,41.7063564627204,41.278978102773955,41.632671555952605,44634265
2017-07-14,41.14634704589844,41.62530637076407,41.024766198181375,41.62530637076407,49097544
2017-07-17,41.24950408935547,41.540564633837015,41.05055041580708,41.41898084988635,25825143
2017-07-18,41.50740432739258,41.927415687403204,41.0431820216826,41.083710934667046,36130614
2017-07-19,42.08952331542969,42.17426316983876,41.51108721641572,41.55898314276057,34489657
2017-07-20,41.78953170776367,42.28077620073691,41.71828145203269,42.17202549431395,34222531
2017-07-21,41.493282318115234,41.853278215454104,40.7732905234375,41.849527570021294,34584667
2017-07-24,41.13703155517578,41.57952661046427,41.050784732991666,41.57952661046427,22676245
2017-07-25,41.470787048339844,41.55328624440835,41.155789844903815,41.167041782721626,29810704
2017-07-26,42.4307746887207,42.59577307872733,41.55703635378278,41.62453596814177,74390074
2017-07-27,42.09328079223633,42.64077601121984,41.85703213539982,42.52077635980393,42185823
2017-07-28,41.39204025268555,42.05953213848587,41.13329371861388,42.05953213848587,25313280
2017-07-31,42.53202438354492,42.85451987384866,41.49328765192606,41.49328765192606,59036776
2017-08-01,42.92951965332031,43.143267426912054,42.644521620891666,42.727020814258985,53437033
2017-08-02,42.693267822265625,43.034516507722635,42.41202345955699,42.97451518789303,31358550
2017-08-03,41.94703674316406,42.62577761235174,41.815788143795025,42.52453118097172,34494894
2017-08-04,43.188262939453125,43.559510783313264,41.947027488833285,41.9545257769867,35301371
2017-08-07,45.00324630737305,45.12324595543557,43.79951119253356,43.87450909574823,115592594
2017-08-08,46.23323059082031,46.9119743428233,45.44948977965304,45.768237608683556,210405668
2017-08-09,45.37824249267578,46.52948059355465,45.186995584493225,46.199483808747736,54607021
2017-08-10,45.325740814208984,46.10198335953955,44.85324652688911,45.3594936235736,80652309
2017-08-11,44.7557487487793,45.44573842122294,44.343249798315604,44.99949567166515,90049019
2017-08-14,46.78072738647461,46.91947425590414,45.37449345135457,45.55449141907329,89803620
2017-08-16,47.33946990966797,47.44821761460782,46.53322822665916,46.874473924288665,76939845
2017-08-17,46.90447235107422,47.774462985754,46.80697358184659,47.25696998030255,48456307
2017-08-18,46.923221588134766,47.15571957229449,46.50697800632124,46.683225315764076,35541878
2017-08-21,46.615726470947266,47.89821004456312,46.43197786736443,47.46696687634407,43827924
2017-08-22,46.469478607177734,47.24571811655735,46.07948352966309,47.24571811655735,38737966
2017-08-23,47.59446716308594,47.733217034785845,46.236982621341504,46.79947739392758,41132489
2017-08-24,47.92446517944336,48.04071418220474,47.294470777570034,47.69946846573963,51528531
2017-08-28,47.68821716308594,48.216962149958285,47.38447189583276,48.010715660136405,37426701
2017-08-29,47.264469146728516,48.033210380818105,47.09572312172664,47.66196552231129,36140921
2017-08-30,47.89821243286133,48.10446191756729,47.556966725145934,47.624466338110146,36989980
2017-08-31,47.853214263916016,48.2244591367382,47.414469777322715,47.770715069631194,68373774
2017-09-01,48.839454650878906,48.955703653718786,47.92821585772006,47.99571547246058,64575820
2017-09-04,48.49070358276367,48.876951012229355,48.11195744449408,48.8244509826132,25309449
2017-09-05,48.906951904296875,49.08319922154362,48.54320533261051,48.57320449262031,33260503
2017-09-06,48.974449157714844,49.20694413805587,48.4119544243984,48.531954061578666,28617289
2017-09-07,48.95945358276367,49.274447776381834,48.771954322016605,49.274447776381834,26286330
2017-09-08,49.15444564819336,49.77693868010254,48.88819786874675,49.05694688430005,49460121
2017-09-11,49.69444274902344,49.78819087361668,48.94445174643975,49.27444550535822,33680335
2017-09-12,51.21692657470703,51.97441888269971,50.58693219899142,50.624432650691354,108238379
2017-09-13,50.97317886352539,51.28442540086075,50.67318126036009,51.130675953581786,24700131
2017-09-14,50.82693099975586,51.27317676137219,50.40693675524573,50.961930222248014,20005664
2017-09-15,50.920677185058594,51.10442579696147,50.36568670939177,50.69943412687007,34026916
2017-09-18,50.4669303894043,51.2244226198147,50.33193117944628,50.699428361461194,24070103
2017-09-19,50.729427337646484,51.1006721607883,50.47443150011849,50.5269285234317,38928081
2017-09-20,51.573177337646484,51.88441788886495,50.583186986224355,50.71443256764143,92165763
2017-09-21,51.531925201416016,52.21817031383211,51.08943304605968,52.03442168816702,64366580
2017-09-22,49.04944610595703,51.2994189898912,48.82444941814736,51.2994189898912,46381421
2017-09-25,47.980709075927734,49.13944836633294,46.73197531121855,49.12444578387698,74144046
2017-09-26,49.056949615478516,49.27444502216854,47.91321289731616,48.18695897996186,41446259
2017-09-27,48.70070266723633,49.499446071808855,48.228208387426015,49.499446071808855,52058583
2017-09-28,48.72695541381836,49.23695015815341,48.19821044318084,48.9669517040682,69053825
2017-09-29,48.940704345703125,49.27444877243433,48.75320508116587,49.10945338349474,29796912
2017-10-03,49.55944061279297,49.941937382955935,49.23694516129242,49.23694516129242,29913418
2017-10-04,49.42444610595703,49.6906939125313,49.083200397561335,49.52944617142601,29226912
2017-10-05,49.57444763183594,49.900693777762996,49.30819981065712,49.3494509111109,16296360
2017-10-06,51.85817337036133,52.03442070052702,49.87819563247403,49.8931952135784,99343423
2017-10-09,52.29315948486328,52.82940265717376,51.86941164625813,51.97441169533027,58978544
2017-10-10,51.809417724609375,52.810656909202834,51.38192220746076,52.57065763467662,44061515
2017-10-11,51.17192459106445,52.40940946215858,50.4969344811507,52.08691398722742,43999504
2017-10-12,51.86941909790039,52.03441748276424,51.10442549428839,51.599420648879935,47487845
2017-10-13,53.31315231323242,53.80814748502059,52.124416774679034,52.31566668368573,101064329
2017-10-16,53.62064743041992,53.96189312225775,53.37315286495863,53.48940185933046,44220488
2017-10-17,53.4369010925293,53.86439663759646,53.13315583835999,53.62064970451764,29402091
2017-10-18,53.21940231323242,53.83439407429453,53.03190006437883,53.68814592369127,35701544
2017-10-19,52.91191101074219,53.324410011483366,52.71691344866621,53.16315925553357,4307990
2017-10-23,53.39939880371094,53.575646118041426,52.92690753699626,52.994407147360896,28548854
2017-10-24,53.946903228759766,54.621893404779016,53.55315445503638,53.75190566640942,47809675
2017-10-25,53.819400787353516,54.501898280549064,53.21191021249164,54.15315124445337,33219096
2017-10-26,54.689388275146484,54.95938672444984,53.684401387652535,53.82689589802204,59475816
2017-10-27,54.509376525878906,55.1056239844682,54.194382401217936,54.96687113856288,29148327
2017-10-30,53.86814498901367,55.12438612891036,53.48565118265233,54.741886316711,52971878
2017-10-31,52.7844123840332,54.73439398540998,52.28941719304922,54.29939711954435,142174315
2017-11-01,53.04690170288086,53.774394800312514,52.769407988854454,53.51564530500043,57294888
2017-11-02,52.956905364990234,53.17065312479758,52.3119084370748,53.17065312479758,33414711
2017-11-03,53.166908264160156,53.478154842839444,52.773165486717,53.09940864433582,34506786
2017-11-06,53.00940704345703,53.69565212416135,52.44691225714296,52.87066017128992,41384185
2017-11-07,51.989410400390625,53.485644644916036,51.47567107844343,53.241897738425195,46784135
2017-11-08,51.98566436767578,52.53691016058027,51.30317300836782,52.139413807108745,37686385
2017-11-09,52.75440979003906,52.87816008119525,52.01192005477784,52.424413017514524,26681686
2017-11-10,52.66815948486328,53.15190570486956,52.17691797914985,52.544409194802576,30366996
2017-11-13,51.82817459106445,52.83316154707785,51.5319246040368,52.761914287035495,33991271
2017-11-14,51.41192626953125,52.131918155942564,51.12693123286289,51.71192388984232,38746541
2017-11-15,50.830684661865234,51.111932074389244,50.19319192817315,50.92443580131942,45112424
2017-11-16,51.475677490234375,51.711923135374334,50.71443151283112,51.21692796995868,25878074
2017-11-17,52.589412689208984,53.19690321366458,52.04941577339236,52.04941577339236,42330659
2017-11-20,52.6606559753418,53.09190514804504,51.760669191302696,52.34191415939991,34524451
2017-11-21,53.35065460205078,53.886897888478735,52.64941291934974,52.79191344526142,38387418
2017-11-22,53.328147888183594,53.77439361332583,52.97189963540087,53.508142832902614,23847964
2017-11-23,53.451900482177734,53.736895493249186,53.03565389645441,53.50439750853594,38658332
2017-11-24,53.13315200805664,53.45939510765694,52.74315694324479,53.40315043933793,20206969
2017-11-27,52.69065475463867,53.174400950783664,52.428157610213006,53.174400950783664,19579324
2017-11-28,52.78815841674805,53.46690221134945,52.28566795483257,52.6344149655119,26703906
2017-11-29,53.1968994140625,53.324403347952945,52.664409833911996,52.664409833911996,32084900
2017-11-30,52.0606689453125,53.02440773597972,51.74942240186408,52.874405928532056,41880828
2017-12-01,51.066925048828125,52.341916390288254,50.774428730965035,52.116913678850885,41374256
2017-12-04,51.58442306518555,51.966916856609956,51.03692488627869,51.38192423237105,24375802
2017-12-05,50.67693328857422,51.415675423327144,50.32443862683217,51.374427325854846,34943035
2017-12-06,50.06943893432617,50.35818460341904,49.551942913313816,50.024437191338016,44777053
2017-12-07,51.59941864013672,51.749420441903204,50.24943545634554,50.24943545634554,42212179
2017-12-08,52.33441925048828,53.53815742648533,51.38567696067721,51.681926950735516,78807287
2017-12-11,52.46565628051758,52.990650551560115,52.09815908962032,52.4056579648277,23169687
2017-12-12,51.73817443847656,53.10690492209694,51.45692705007174,52.409410918385944,41775280
2017-12-13,51.063175201416016,51.98566585863354,50.6881767043815,51.891914732915495,38435395
2017-12-14,51.43067169189453,51.65566838465078,50.33193373827916,51.37442101724608,32998436
2017-12-15,52.1019172668457,52.56315961391186,51.82817117406747,52.19941603977597,33150073
2017-12-18,52.85191345214844,53.60940584069879,50.549437123114664,51.681928062706795,53465226
2017-12-19,53.264400482177734,53.39939970518602,52.88940797901059,53.17440300211816,21360971
2017-12-20,52.70941162109375,53.76690162321619,51.895674574928876,53.76690162321619,77547988
2017-12-21,53.59440231323242,53.793153523714764,52.57441275864848,52.709411994415014,50398659
2017-12-22,53.33940124511719,53.75939549013045,53.0319023484236,53.75939549013045,34876783
2017-12-26,54.12315368652344,54.37439594032706,53.399408072316625,53.549409901757485,63096450
2017-12-27,54.258140563964844,54.719382871522065,53.84189399031325,54.13063663566578,37906729
2017-12-28,55.218135833740234,55.46188279023835,54.344394433586025,54.378147246091125,121467439
2017-12-29,54.92938995361328,55.86312362070402,54.74938897763464,55.34938422311256,29562261
2018-01-01,54.16438674926758,55.15437692770009,53.96188793924677,54.936875536564955,19249201
2018-01-02,54.69688415527344,54.84313229987074,53.64314197983797,54.299387812200386,25896915
2018-01-03,55.12063217163086,55.311882076660105,54.843138433031086,54.89938310582969,27654851
2018-01-04,57.01810836791992,57.25810765044923,54.89938093637099,55.236878989015686,84839667
2018-01-05,57.80185317993164,58.26684917034287,57.18686138898672,57.299356737927525,74902157
2018-01-08,57.655609130859375,58.33810058213943,57.37436172970841,58.33059929011873,27125386
2018-01-09,57.921852111816406,58.56309544541227,57.524355717379365,57.74935242999997,33564228
2018-01-10,57.96310043334961,58.27434698808923,57.21686303524243,57.84310378770864,31392536
2018-01-11,57.82060623168945,58.341846919127605,57.625608678546286,57.96310074770136,20307574
2018-01-12,57.768096923828125,58.25934440220655,57.00310937800045,57.83935017993768,22775863
2018-01-15,58.7618408203125,59.474337419278676,57.82435351387232,57.89935442025573,43786108
2018-01-16,57.43061447143555,58.70559993300231,57.006866530042345,58.70559993300231,29298001
2018-01-17,58.04935073852539,58.34560071784658,56.77436534796697,57.59935730793728,31364071
2018-01-18,56.380615234375,58.48808759570251,55.96436866281547,58.12434405455222,48458449
2018-01-19,56.474365234375,57.149361356319226,55.68687376266534,56.436870788345125,33776091
2018-01-22,56.414371490478516,56.729371708220306,56.05062788835968,56.399374912017514,37845999
2018-01-23,58.480594635009766,59.03183443535464,56.399367700329314,56.399367700329314,84355326
2018-01-24,57.156864166259766,58.54434488719927,56.78561328640904,58.53684359545886,51799508
2018-01-25,57.68560791015625,57.98185188754372,56.868117231283605,57.37436134882697,88142731
2018-01-29,58.73558807373047,59.38433262120217,57.76060043418044,57.82434639208474,68308614
2018-01-30,58.18809509277344,58.79183789201421,57.84309577558598,58.544337337364546,63179831
2018-01-31,55.5013427734375,58.874486044138614,55.23763240196871,57.898363086101526,129589020
2018-02-01,54.84796905517578,56.107483414030305,53.65536573974684,55.73356593331636,74039310
2018-02-02,52.77763366699219,54.552767157524265,52.43127099061154,54.47404263459251,65009260
2018-02-05,52.273826599121094,53.09644619228457,51.20717780752425,52.03373122439746,46987220
2018-02-06,52.30924606323242,53.4506854872777,49.79415451560225,50.45933403800286,67045570
2018-02-07,52.096710205078125,53.702593191240794,51.71885291181247,52.58477462433003,67895210
2018-02-08,52.85634994506836,53.293244603145915,51.48269476333082,51.95894567536922,58455900
2018-02-09,53.946624755859375,54.31660841177222,51.966824219578506,52.24628187643976,91402880
2018-02-12,56.13502883911133,56.434167610475825,54.89912950993329,56.36331674142292,120363070
2018-02-14,55.73356628417969,56.71756282164163,55.46198227890607,56.62309699194352,48859510
2018-02-15,55.14710235595703,56.61128968868654,54.887325827864125,55.99727680834931,51312450
2018-02-16,54.29692077636719,55.85163390511098,53.81279622362424,55.7335591404206,50127600
2018-02-19,51.07728958129883,54.584248376544735,50.30189989560458,54.584248376544735,176587080
2018-02-20,51.2701530456543,52.07309757753894,51.022190004022505,51.54567687877126,102144780
2018-02-21,50.45540237426758,51.60470949448238,49.82957907745686,51.55353975777906,103075390
2018-02-22,50.1877555847168,50.99463086888027,49.81777195999745,50.40817283065881,89506310
2018-02-23,53.352291107177734,54.03321499940808,50.30190197570169,50.447531534949164,218662140
2018-02-26,53.54515075683594,54.525213430291025,52.99411512065918,53.52940945544717,91997750
2018-02-27,52.879974365234375,54.07257764396037,52.67923523529724,53.63961678119205,68053760
2018-02-28,52.868167877197266,53.13581204767213,51.955016224390526,52.258088834000816,71126500
2018-03-01,53.13974380493164,53.92300716601407,52.74614521247898,52.848484690252924,71283990
2018-03-05,51.63225555419922,52.687102804473255,51.309507862184006,52.6831689810253,97854660
2018-03-06,51.93532943725586,53.057087749553006,51.683426595953996,52.336801655087335,84149600
2018-03-07,50.986759185791016,52.06522149464043,50.74666380339833,51.718852810313166,51305770
2018-03-08,50.0578727722168,52.02980270555674,49.80596989484266,51.71098878326866,71261050
2018-03-09,47.76318359375,50.911975006678276,47.34990691668742,50.38454838356534,180963670
2018-03-12,49.03451156616211,49.310029369584576,47.73563505764168,48.3693290084322,121935810
2018-03-13,49.502891540527344,49.8453233824096,48.36145807342411,49.042381927695864,104904050
2018-03-14,48.849525451660156,49.664274483003005,48.69602222857522,49.121109463080835,86551810
2018-03-15,48.15678405761719,49.010892227053965,47.98753655374051,48.806222293558776,75109510
2018-03-16,47.247581481933594,48.326040923298265,46.791005614499014,48.15679338663467,117395820
2018-03-19,45.2598991394043,47.38139521096655,45.09458845918566,47.23182883404285,125423170
2018-03-20,46.680789947509766,47.30267641075655,44.74822252427931,44.94895563350602,176450350
2018-03-21,45.83456039428711,47.3656588625664,45.696801470968786,47.14918141247169,119394510
2018-03-22,45.72828674316406,46.24389996260689,45.02768169609605,45.86998248334851,114862450
2018-03-23,44.594722747802734,44.77577774412899,43.571363981643586,44.08698019155519,141335500
2018-03-26,45.77944564819336,46.31473990775805,44.146014094480776,44.78364181328683,109299980
2018-03-27,46.44463348388672,47.15311214497798,46.251771016169236,46.48005591548182,100381680
2018-03-28,44.9528923034668,45.893592645200926,44.50025334754297,45.74008944318866,186550570
2018-04-02,45.5629768371582,45.68105462074623,44.72067603530319,45.114274653101575,68893450
2018-04-03,45.633819580078125,46.08645553734301,44.74034913645069,44.885981689720566,105083170
2018-04-04,44.126338958740234,46.48399371442506,43.89018040107674,45.901469472383035,139098930
2018-04-05,45.69285583496094,45.940824852049076,44.830877022132746,45.17330585080688,132621680
2018-04-06,46.224220275878906,46.436763878992046,45.10639869686748,45.25203125907064,85202010
2018-04-09,46.14155960083008,46.897268100437785,45.92507919592851,46.40526991013298,94892210
2018-04-10,47.38139724731445,47.593940846552556,46.62568867419159,46.6807922366327,108507100
2018-04-11,47.86552429199219,48.089875365934326,47.259382109096826,47.86158746531421,87247160
2018-04-12,47.10587692260742,47.92062584143749,46.97205184744622,47.77499328965711,66284990
2018-04-13,46.76344680786133,47.60181371371674,46.47612152315283,47.231830083792985,67161460
2018-04-16,46.570579528808594,46.97992237424065,46.06283704753955,46.523346622556154,51458130
2018-04-17,46.9208869934082,47.59394021392302,46.59813627357796,46.83823165084521,64003780
2018-04-18,47.357784271240234,47.617560793245566,46.80674562088997,47.30661753338421,42591350
2018-04-19,48.9597282409668,49.1604643621556,47.70808460794533,47.70808460794533,108170080
2018-04-20,47.71989440917969,48.723572061085456,47.43650293085716,48.723572061085456,63462740
2018-04-23,47.75138473510742,48.09775044166447,47.23970532497345,47.8852098282012,45911610
2018-04-24,47.03896713256836,47.37352532495579,46.39739952535552,46.79493493193858,59530460
2018-04-25,46.145503997802734,47.11375629783288,45.99593759472988,47.074397034173636,41224430
2018-04-26,45.515743255615234,46.5666508290509,45.39766247083678,46.287196174855595,74630620
2018-04-27,46.42888641357422,46.818548152497435,45.75583322710003,45.88965529793313,47174050
2018-04-30,46.83429718017578,47.223961961327696,46.12975531669433,46.57452366232688,36587540
2018-05-02,45.22447967529297,47.02716198139099,45.102462067484204,47.00354402344016,42410680
2018-05-03,46.086456298828125,46.239962507740216,44.720671748442015,45.185118193039685,67789040
2018-05-04,45.71647644042969,46.42888892133913,45.59839566326597,46.184856716562926,38816320
2018-05-07,46.95237731933594,47.07045509749648,45.736156084725046,46.12582086053614,45535090
2018-05-08,46.94450378417969,47.5624534671616,46.4839941420615,47.2318320839749,41259580
2018-05-09,47.47979736328125,47.92849952068131,46.64537026498869,46.71228130533876,62382110
2018-05-10,46.771324157714844,47.767128173550454,46.535165589215026,47.538840256069015,40012690
2018-05-11,47.80253982543945,48.06231629423891,46.539088916169185,46.9956646481494,61555370
2018-05-14,48.04657745361328,48.408687418321406,47.41288351391467,47.877329947925105,51731390
2018-05-15,49.27460861206055,50.128716834589845,47.664788811920545,47.94030962761702,128184360
2018-05-16,48.90462112426758,49.790217885069204,48.56612612212768,49.27853855543856,84263010
2018-05-17,48.04264831542969,49.65640511751187,47.401083622922755,49.589491067498855,160373410
2018-05-18,46.554840087890625,48.54644796425696,46.47218474550708,48.412625886946145,82166290
2018-05-21,45.4212760925293,47.2908693211839,45.24415493227389,46.64143107275169,71622330
2018-05-22,45.40553283691406,45.93295349745087,44.83087926530218,45.50786930945064,60966460
2018-05-23,42.5125846862793,45.34255651568477,42.30397791336151,45.34255651568477,171483860
2018-05-24,43.154144287109375,43.60284638873261,42.237058955421055,42.815649297755904,87008220
2018-05-25,44.73248291015625,44.933219043343875,43.453287419561356,43.610727465141466,88956190
2018-05-28,45.39372634887695,45.61414059952512,44.48451155911537,44.94895801792325,52356670
2018-05-29,45.29138946533203,46.287193413918494,44.819072360229164,45.25990085754679,64779110
2018-05-30,45.492130279541016,45.775521773006574,44.677381237287136,44.716740499619746,62018880
2018-05-31,45.31500244140625,46.23208783341158,45.0316139924677,45.97231433782155,66525100
2018-06-01,44.13421630859375,45.62595557830601,43.791787399025544,44.870246877905124,92496660
2018-06-04,44.56716537475586,45.06703421462956,44.10665278658907,44.4018517006587,87425270
2018-06-05,45.035552978515625,45.25597024573714,44.13027796233145,44.61833940596636,46882040
2018-06-06,45.63775634765625,45.79125956101515,44.807263063627836,45.22054279369811,44453050
2018-06-07,47.39714050292969,47.53883623262099,45.80700187199758,45.82274617562093,92793530
2018-06-08,47.27118682861328,47.8773289761489,46.60207047249821,47.153109061432296,83860780
2018-06-11,46.3383674621582,47.66479290710164,46.149438800793746,47.31449037093683,51511010
2018-06-12,45.657440185546875,46.34623777455297,45.43702591799906,46.20454203029532,85889350
2018-06-13,44.681312561035156,45.95657421026439,44.555361126867716,45.625949818750456,90600320
2018-06-14,44.83481216430664,45.24808883906368,44.161756002853444,44.63407606347115,74825140
2018-06-15,44.55535888671875,45.24809324126996,44.24048181859104,44.96470177791179,62087640
2018-06-18,43.96495819091797,44.354622929547325,43.0832982525206,44.31919749743615,105669650
2018-06-19,43.689449310302734,44.52387951331624,43.25255457696616,43.925607895179965,94521900
2018-06-20,44.33888244628906,44.547489221731695,43.55562208095499,43.78784381122691,66107030
2018-06-21,43.905921936035156,44.78758189706553,43.77603368649102,44.78758189706553,84651980
2018-06-22,44.22867965698242,44.44515710428988,43.77604062654789,44.114535692582805,62478450
2018-06-25,43.972835540771484,44.46089695805279,43.795714371161736,44.06729836281197,38992610
2018-06-26,43.25648498535156,44.07517076083205,42.37088817128671,43.95315315779827,102075820
2018-06-27,42.76055145263672,43.49264508525554,42.437800722347056,43.42966786816536,56541500
2018-06-28,43.173828125,43.8075220632383,42.823525637765016,42.90224415063536,86559780
2018-06-29,44.693115234375,44.85448907359373,43.3784945546635,43.44934241168889,94773840
2018-07-02,44.12240219116211,46.16911670046996,43.78784398377995,45.338623419285646,157630480
2018-07-03,44.55535888671875,45.059167600977126,43.56742859457483,44.23654499190026,112361770
2018-07-04,44.95683288574219,45.13788788265356,44.047621074340555,44.66557076052989,68629470
2018-07-05,44.33187484741211,45.269308620788074,44.22771452044679,45.269308620788074,60136530
2018-07-06,44.347896575927734,45.209215888812125,43.77501936377088,44.06746845379667,66147830
2018-07-09,44.51615524291992,45.329399830469185,44.44804865253086,45.16514689471062,74437510
2018-07-10,45.5617561340332,45.75004183490103,44.62031234750806,44.78857227183764,100049050
2018-07-11,44.524166107177734,45.3253927825726,44.399976950551434,45.3253927825726,61112450
2018-07-12,44.484107971191406,45.501666274880535,44.31985502609523,44.8686964309701,84439880
2018-07-13,44.75652313232422,45.028940327598534,44.30783508821438,44.816615745012435,55791290
2018-07-16,41.603694915771484,44.86068333924798,41.42742712383676,44.844658438810775,111598850
2018-07-17,42.65330505371094,42.9217152721556,41.102930245632464,41.82403551832882,107927060
2018-07-18,40.401859283447266,43.021871189253645,40.14145997179706,42.94575366801068,164512090
2018-07-19,39.95317459106445,41.13498286489355,39.50047950581332,40.70231967164803,168086510
2018-07-20,40.31772994995117,40.522043627685086,39.66072425727495,39.98121618091884,72614090
2018-07-23,41.4154052734375,41.623725918243636,39.92512624178912,40.54206808506678,68781340
2018-07-24,42.25669479370117,42.43296257802305,41.34329384685316,41.34329384685316,83983690
2018-07-25,42.94575500488281,43.10600097522802,42.38489869333107,42.54514160723861,67826380
2018-07-26,42.853607177734375,43.26223141785559,42.573176020864814,43.02186403799387,74811910
2018-07-27,44.083492279052734,44.35190248317799,42.9697876834213,43.10599475186556,64628850
2018-07-30,44.307830810546875,44.74850483365386,43.85513887734996,44.02339573148294,47877070
2018-07-31,45.11307144165039,45.26129948755831,43.55067870116631,44.223709279077724,63739660
2018-08-01,44.53217697143555,45.47762157036504,44.17162438143358,45.09704014874113,60679920
2018-08-02,44.41199493408203,44.94080441844756,43.314315242803325,44.28379878806727,94930990
2018-08-03,44.42401123046875,44.86869226438972,44.11954424858657,44.580250182231566,55706900
2018-08-06,44.3278694152832,45.26129928857793,44.16762345811593,44.788575395975066,55438810
2018-08-07,45.922306060791016,46.2067411653994,44.35991648004598,44.6563694958236,92858540
2018-08-08,46.270843505859375,46.771610210468246,45.95435858177408,46.33093612169992,90084310
2018-08-09,46.947879791259766,47.08809385344802,46.134635174130544,46.471148923382366,57576870
2018-08-10,46.20674514770508,46.951886268789515,45.88625628196782,46.94788233567951,57254930
2018-08-13,45.57378005981445,46.643417076574565,45.349434483245545,46.06653281745109,78568310
2018-08-14,46.387020111083984,47.03200784837331,45.0730088135923,47.03200784837331,240305600
2018-08-16,45.4736213684082,46.20674146237845,45.12909364930208,45.66992105045422,79071710
2018-08-17,46.48316192626953,46.88778222565934,45.814138431308415,45.82615634159298,87432140
2018-08-20,48.02552795410156,48.2178237095623,46.703505714894376,46.71151663717146,116623180
2018-08-21,46.64341354370117,48.269902804334514,46.515217390987765,48.25387790319067,108737070
2018-08-23,45.8021240234375,46.86374998868467,45.68193879852754,46.86374998868467,66768300
2018-08-24,46.11861038208008,46.419070397379954,45.52970826306234,45.697965138085316,60602690
2018-08-27,46.567298889160156,47.03201188157844,46.39103107862008,46.62338451839167,53919460
2018-08-28,47.3004150390625,47.58485013230984,46.31891361790706,46.67145224268466,90212970
2018-08-29,47.60888671875,48.221827681683415,46.91582736874673,47.2964088100607,98855320
2018-08-30,48.74262237548828,48.87482550589339,47.35650064184769,47.45665397280239,102836570
2018-08-31,48.1136589050293,49.2353774185757,48.00148766496207,48.730603781836116,86333540
2018-09-03,48.13369369506836,48.87082077790904,47.913355134198994,48.31396847655256,54791330
2018-09-04,47.51675033569336,48.43415528647055,47.320450647320136,48.14571318150896,60995720
2018-09-05,47.62491226196289,47.83323290819412,46.567293299913096,47.27237362675869,57911570
2018-09-06,48.09764099121094,48.698561055794535,47.632931063947126,47.91335920484447,66897160
2018-09-07,49.60795211791992,49.836301606331034,47.83724183540304,48.25788402119335,94458360
2018-09-10,49.167274475097656,50.076665373447135,48.974978735231296,49.67204506142729,62842580
2018-09-11,47.44062805175781,49.43568370625746,47.140168065362126,49.30348057869847,81111720
2018-09-12,48.51828384399414,48.65048698516711,46.719530729342786,47.47268273914854,85663840
2018-09-14,49.27544021606445,49.716114273375965,48.874826880974496,49.003023025945794,79755590
2018-09-17,49.38761520385742,50.02859597729268,48.51828493437218,48.874830585109216,71838910
2018-09-18,49.09516906738281,50.04061685260565,48.81874486767521,49.515811266462414,78280630
2018-09-19,49.77219772338867,50.5413776160816,49.467733802643885,49.51580544463672,101346270
2018-09-21,50.08869171142578,51.88744803491175,46.815681045484894,50.47728718913405,229773790
2018-09-24,48.690547943115234,50.17682313589707,47.725068282352545,49.587921010062544,112429140
2018-09-25,48.15372085571289,48.79470462636393,46.070532770408406,48.79470462636393,109856240
2018-09-26,48.78669357299805,49.20733881565123,47.913356342387615,48.47421564711275,86477200
2018-09-27,48.999019622802734,49.73614980266272,48.666512853235716,48.97097680955161,82395420
2018-09-28,46.57130432128906,49.035077161186685,46.070537608156926,49.035077161186685,130270070
2018-10-01,46.727542877197266,46.935863539619184,44.66839041555998,46.471150566860615,69729490
2018-10-03,46.4390983581543,47.62491349613881,46.166681160479655,46.791640058931634,72170630
2018-10-04,46.65542984008789,47.09209997593602,45.66992137714306,46.21074878216388,76298400
2018-10-05,45.509674072265625,46.95188146151332,45.05297511661114,46.471146683909815,78689670
2018-10-08,44.85266876220703,45.665913345808626,43.5867322089358,45.42955294449818,91710480
2018-10-09,45.8702278137207,46.783625747531644,44.43202737817951,44.86869445534252,77344340
2018-10-10,46.76359558105469,47.09610232366458,45.92230513885136,45.92230513885136,71533140
2018-10-11,44.480098724365234,45.18918604893694,43.99134995973101,44.62832676072656,104016430
2018-10-12,46.19072341918945,46.375005205152796,44.71646607504521,44.932797664594574,57334070
2018-10-15,45.669918060302734,46.42707698362963,45.38948996145464,46.33093064351558,41001830
2018-10-16,45.894264221191406,46.79164032237028,45.63787192269381,45.75805714980588,56605680
2018-10-17,44.440040588378906,46.431089496381425,44.235726916947456,46.31491125405521,50205760
2018-10-19,44.46407699584961,45.077014961752745,43.66685724686979,44.30783802636204,77181960
2018-10-22,43.646820068359375,44.96483826025503,43.39042778762241,44.78857047752154,51019510
2018-10-23,43.71493148803711,44.06747014891093,42.87764796586035,43.26624341893073,46346880
2018-10-24,44.07147979736328,44.4360363921519,43.37841728928285,44.22771877462092,42196170
2018-10-25,43.72694778442383,44.11554322313719,43.26624182041894,43.642819347656605,44678590
2018-10-26,44.1916618347168,44.996895600080386,43.35438132121846,43.875176891549636,60994130
2018-10-29,45.96637725830078,46.11059831614223,44.2517525222274,44.58826934266993,57383130
2018-10-30,45.229251861572266,45.83017194018544,45.117080602594484,45.770079321036604,40153190
2018-10-31,44.375938415527344,44.69242332153141,42.412935490759615,44.464073839533185,140703330
2018-11-01,44.59627914428711,45.18117428352572,44.38796154177314,44.5321825959895,54690570
2018-11-02,45.994415283203125,46.66344186492567,44.920771440188,44.94881425093538,79794570
2018-11-05,46.2668342590332,46.759590017158935,45.46961455999519,45.9904131299533,45358560
2018-11-06,46.1306266784668,46.82368604455383,45.66992072651711,46.43909760520826,39102740
2018-11-07,46.49118423461914,46.65142714237576,46.39103088905248,46.5512737968091,4138710
2018-11-09,45.84619140625,46.41906860219074,45.54573140256997,46.41906860219074,43487160
2018-11-12,46.699501037597656,47.24834246208948,45.84218865894984,45.95435991500656,81209960
2018-11-13,47.20827865600586,47.392563498221975,46.39904098311387,46.71151892667056,76264870
2018-11-14,47.200260162353516,48.92289862159295,46.81567175070781,48.47421061312112,216492890
2018-11-15,47.22030258178711,47.825226615452635,46.58733267592746,47.296417049447314,63895210
2018-11-16,45.99842834472656,47.352500473971894,45.63387175688408,47.27237902024142,74569270
2018-11-19,46.66344451904297,46.77561576841254,45.99041396638821,46.26683510049543,48892870
2018-11-20,45.13309860229492,46.31089969787032,45.028938282129374,46.230778255550426,76363680
2018-11-21,44.17964172363281,45.0289431639108,44.06747046964915,45.0289431639108,112428980
2018-11-22,43.23819351196289,44.35590498368555,43.11800829960853,44.227708850178125,85416120
2018-11-26,42.52109909057617,43.58673202771824,41.795989932999035,43.58673202771824,100037870
2018-11-27,41.84807205200195,42.45700608293046,41.06287021754146,42.44098118143893,157909070
2018-11-28,41.98027420043945,42.37688056951847,41.5556250185253,41.84807105860066,113524660
2018-11-29,42.74945068359375,43.17409986122107,42.39691203201988,42.625261521782896,139293320
2018-11-30,42.42495346069336,43.00984857229797,42.10446156503514,42.865627524895494,78540710
2018-12-03,43.114009857177734,44.28380010644296,42.92572109351736,43.362388178229885,120923650
2018-12-04,43.12202453613281,43.30630632654256,42.63728270683895,42.68135042372363,61538100
2018-12-05,41.4795036315918,42.705379416042526,41.26317207143512,42.705379416042526,70780820
2018-12-06,40.87858963012695,41.79999856954663,40.14145942215368,41.12296403625158,129667140
2018-12-07,40.806480407714844,41.25516850766702,40.3177315797971,40.91865166859348,82529270
2018-12-10,40.28968811035156,40.82250464731082,39.82097118224646,40.013263895933775,54147050
2018-12-11,40.12142562866211,40.357786026377575,38.951635438085866,39.708794387608215,112425720
2018-12-12,41.68382263183594,41.8640974268887,40.502011349080426,40.54207207504354,81419830
2018-12-13,41.04283905029297,42.30877878250998,40.702318292796306,42.30877878250998,68100950
2018-12-14,41.14699172973633,41.487512423891765,40.58212856534896,40.942678090668295,51559800
2018-12-17,41.98427963256836,42.08443296847006,41.37534563868115,41.50354178637784,48048540
2018-12-18,42.224647521972656,42.33681877046633,41.63173842165814,41.904155620758765,56735270
2018-12-19,42.25669479370117,42.66131205062578,42.03234925370689,42.296755514845366,49280430
2018-12-20,41.93219757080078,42.224646653878814,41.66378736650381,41.66378736650381,35173350
2018-12-21,41.679813385009766,42.62526113743556,41.52758141201953,41.99629829892188,59696700
2018-12-24,41.15901184082031,41.71987110283064,41.02280477844884,41.503539542207925,43294400
2018-12-26,41.13898849487305,41.44745944907596,40.41387620707465,40.78244283530816,49537410
2018-12-27,40.58213806152344,41.647768100918235,40.45794583092398,41.50354703446817,50169310
2018-12-28,41.090911865234375,41.37935397102358,40.706323409661216,40.71834132132955,63074080
2018-12-31,41.74791717529297,42.06440209113206,41.35932173361159,41.66378873788318,79658120
2019-01-01,41.323272705078125,42.02434615310656,41.147001831513776,41.98428542450676,41281730
2019-01-02,39.552555084228516,40.60616703298045,39.420351952891636,40.54206743362786,117473500
2019-01-03,38.55903244018555,39.51249105111641,38.47891099794961,39.50047314042473,135329440
2019-01-04,39.071815490722656,39.48845369835373,38.4228238870433,38.53899905684895,104800720
2019-01-07,38.89955520629883,40.141455965088795,38.771359058096714,39.69277097460002,84067870
2019-01-08,39.3682746887207,39.52852064867434,38.76335069814102,38.911575689537216,62697060
2019-01-09,38.394779205322266,39.84500052719775,38.07829737149769,39.17597701488572,126966600
2019-01-10,38.49093246459961,38.79139248539781,38.258575981637364,38.4588826621695,70810000
2019-01-11,37.994171142578125,38.79940488477279,37.817903335377245,38.77536906025392,75408240
2019-01-14,37.72575378417969,38.01018886083494,37.40125798875159,37.99416396203841,58899170
2019-01-15,38.06227493286133,38.178453170198445,37.57753315003648,37.89802199359383,76031810
2019-01-16,38.022216796875,38.45087298483634,37.873988748164074,38.14640596476625,52802930
2019-01-17,37.91004180908203,38.318669154921245,37.697717213656965,38.162430186346675,42819350
2019-01-18,37.70973587036133,38.274602195930626,37.49741127074308,37.942092361294975,49148490
2019-01-21,37.79386520385742,38.25857819668732,37.6656690431522,37.89802553956715,46136900
2019-01-22,36.58000946044922,37.71374614340816,36.45582028150636,37.71374614340816,89577660
2019-01-23,37.22499084472656,37.48539012719219,36.61605991234228,36.61605991234228,72593860
2019-01-24,36.91652297973633,37.21698300986478,36.632087851320556,37.21698300986478,47908460
2019-01-25,36.28755569458008,37.321138806127536,36.151345574798334,37.03269672323642,41579670
2019-01-28,35.71067428588867,36.37168693414233,35.518381586739785,36.287558496210025,43351470
2019-01-29,35.55843734741211,36.22746082455887,35.36213462986801,35.57446224617715,52257240
2019-01-30,37.45334243774414,37.769827361174045,35.79079637059808,35.79079637059808,108579250
2019-01-31,38.19447326660156,38.370744109176066,37.469364120180835,37.82190580532985,92437290
2019-02-01,38.034236907958984,38.61913210109433,37.6576593365336,38.21851870389716,50159940
2019-02-04,38.14239501953125,38.346708674903184,36.21544586831774,38.05025566466353,109720290
2019-02-05,37.23300552368164,38.218513992526006,36.81236028590442,38.218513992526006,72819270
2019-02-06,38.86750411987305,38.995700263835985,37.16089352644838,37.337161314124195,109992650
2019-02-07,39.183990478515625,39.37227924057075,38.30664932726512,38.735305486150004,78573380
2019-02-08,37.55750274658203,39.079834747151786,37.33316024156908,38.699250218790645,84145140
2019-02-11,38.51496887207031,39.01974257046586,36.88046560060492,38.05826987804872,232623140
2019-02-12,39.05179214477539,39.8369939729956,38.19447673219768,38.33068686557448,188361110
2019-02-14,38.6631965637207,38.96766051931847,38.09031933170958,38.619128849224666,61850420
2019-02-15,37.45735168457031,38.73130237749021,37.068756210149566,38.699252572985124,74992400
2019-02-18,37.30111312866211,38.218518162008536,37.20897070378065,37.56952336743346,62535140
2019-02-19,37.733768463134766,38.50695226992558,37.28908744668613,37.28908744668613,82245450
2019-02-20,39.35224914550781,39.56857765621329,37.857960064785,37.857960064785,154872510
2019-02-21,39.96919631958008,40.29369524178017,39.288154783515225,39.46442565204676,117827140
2019-02-22,40.2456169128418,40.38182704165833,39.42836530925454,39.82096773843916,100057230
2019-02-25,40.4699592590332,40.82250096303866,39.9211209258312,40.38182688946914,103576040
2019-02-26,40.34977340698242,40.75038672030602,39.396311765152575,39.90108539574267,98562990
2019-02-27,40.63020706176758,41.04684533139084,39.897083864552485,40.62219613923754,94443460
2019-02-28,40.097389221191406,40.94268364446825,39.925128412779976,40.59014499250586,74854180
2019-03-01,40.67026901245117,40.83852895502513,40.22158398275404,40.34176616294969,66725690
2019-03-05,41.80400466918945,41.896147089388585,40.47797538871203,40.73436770173901,91180370
2019-03-06,41.73189163208008,42.09244425574214,41.2992284836856,41.89614457147396,63112270
2019-03-07,41.75592803955078,41.92017791278465,41.1469940764256,41.651767719672534,61536310
2019-03-08,40.69029998779297,41.5516193471026,40.5661108207893,41.40739828896529,65048470
2019-03-11,41.715877532958984,41.85609468589439,40.82251124924876,40.862571983042564,59082750
2019-03-12,42.07642364501953,42.5050798478447,41.74391379949449,42.016331025542854,82982750
2019-03-13,41.16301727294922,42.06439721323278,41.070874867554636,42.06439721323278,64091530
2019-03-14,41.47550582885742,41.80801569254685,41.14299596516799,41.17905276139875,44966420
2019-03-15,41.29922866821289,41.739905797122866,41.058861270176635,41.503542331940494,42339380
2019-03-18,42.08042526245117,42.20461441879397,41.283205578055565,41.623726303033614,63176050
2019-03-19,42.264705657958984,42.617244282561096,41.71586430407382,42.28874147932544,63298400
2019-03-20,41.151004791259766,42.16455610211921,40.94669112204085,42.148531200961116,87023070
2019-03-22,41.53559112548828,41.984279165655394,41.311248633623336,41.42341987955581,52334460
2019-03-25,41.27519226074219,41.479505921576,40.626200600879976,41.08690350040879,50368870
2019-03-26,41.6117057800293,41.73990191749559,41.19506756915461,41.34329253834053,33298250
2019-03-27,41.32727813720703,41.90415933146392,41.10693955355635,41.663791912487085,52391580
2019-03-28,40.56611251831055,41.37935720679279,40.445927279354386,41.215104250648544,89650930
2019-04-01,42.87764358520508,43.586730880397596,42.312780387626546,42.46501235045232,135235540
2019-04-02,42.51708984375,43.10599190337993,42.148526329028215,43.10599190337993,50868180
2019-04-03,42.901676177978516,43.875166604442875,42.74143330556309,43.0178543999855,114896800
2019-04-04,42.51708984375,43.057920261899625,42.18458311657546,42.68534975824214,52599170
2019-04-05,44.01137924194336,44.147586302608225,42.56115793435594,42.56115793435594,100377130
2019-04-08,43.99134826660156,44.62832504308128,43.73095205034491,44.3238580600961,106009010
2019-04-09,44.31184768676758,44.468086665672494,43.28627837776346,44.1475947283899,66189360
2019-04-10,43.6187744140625,44.82061429781653,43.402442868214344,44.19966552507241,78891530
2019-04-11,42.921714782714844,43.77902712134595,42.74544392774635,43.34636396266183,60823980
2019-04-12,42.75746154785156,43.4825706884787,42.64128331675909,43.02587174221843,62740160
2019-04-15,44.31985855102539,44.4680866066986,42.94976148101268,43.017865024252686,103903170
2019-04-16,44.3278694152832,44.62031545990886,43.999366578487134,44.35190523910519,63236540
2019-04-18,43.514625549316406,44.42802354807611,43.001837865956816,44.34789903984611,66605220
2019-04-22,42.80152893066406,43.726947849352285,42.713396560898936,43.266241884663316,36976860
2019-04-23,41.93219757080078,43.14605550216031,41.783972591097466,42.86162039748837,51193760
2019-04-24,42.08443832397461,42.29275594432746,41.07889784775786,42.21663842129582,83768350
2019-04-25,40.92265701293945,42.408932272697825,40.78244294247876,41.82403710989214,83594180
2019-04-26,43.68688201904297,43.88718867102127,41.307238015480884,41.73188713961507,381810110
2019-04-30,44.64434814453125,44.93279021611554,42.92170969281228,43.51061174622404,142581610
2019-05-02,44.46407699584961,45.00090049997511,44.02340290097602,44.39597345662425,90100300
2019-05-03,43.89119338989258,44.548198975639046,43.795047051022536,44.38795609633465,58796360
2019-05-06,42.941741943359375,43.54666584457753,42.26069747827215,42.805531827767126,99648390
2019-05-07,42.513092041015625,43.66285045994092,42.384895884522436,43.66285045994092,65414980
2019-05-08,41.87611389160156,42.65731177484915,41.791985453055645,42.56516935752513,64784320
2019-05-09,41.59568786621094,42.17657604306159,41.37134229564145,41.86810508613013,51055970
2019-05-10,39.00371551513672,42.12449383957295,38.38276360778918,41.82403383081199,372409210
2019-05-13,37.84193420410156,39.09985979647569,37.12884297667844,38.466890011247735,159569200
2019-05-14,37.621604919433594,38.266589665367164,36.55997882471821,37.41328424504269,211286060
2019-05-15,37.09279251098633,38.53500316783396,36.90851071737527,37.90203327471057,126650570
2019-05-16,37.59756088256836,37.761813817026145,36.46783140000248,37.17291172548189,112547310
2019-05-17,37.61358642578125,37.77783936304709,36.93654889992284,37.26104778523317,70884860
2019-05-20,38.76334762573242,39.64068876176341,38.190470427400115,38.2986346843441,84575830
2019-05-21,37.86197280883789,38.851488383298,37.55750577290301,38.847481393546346,63370580
2019-05-22,37.89802169799805,38.502948702711905,37.44933670922994,37.81790025184296,83642240
2019-05-23,37.23300552368164,38.979679964655745,37.02068093837139,38.26658563814355,93403760
2019-05-24,38.79138946533203,38.96365331943573,36.72823020518884,37.257039678366226,108824810
2019-05-27,41.06687545776367,41.207089519295316,38.743316799900725,38.819434314633895,182077050
2019-05-28,40.626197814941406,41.55161359621039,40.477969787805165,41.19106100076889,99606130
2019-05-29,39.52451705932617,41.00277833524983,39.40833881376036,40.5180365180916,85236870
2019-05-30,39.095855712890625,39.77690024791059,38.93961674949299,39.500476055851394,72043630
2019-05-31,39.123905181884766,39.640693765945706,38.54301393181851,39.32421187712742,102769910
2019-06-03,39.87303924560547,40.20955598995202,38.86749905760248,39.17597299462322,85053920
2019-06-04,39.87303924560547,40.281666502566516,39.4123333625927,39.740836129739435,62125660
2019-06-06,38.82744598388672,40.265649530679255,38.69924983138587,39.8730470943994,72227990
2019-06-07,38.62713623046875,39.25209509855623,38.12236563941444,38.69924675153896,68111040
2019-06-10,38.94362258911133,39.644695937252436,38.7072621845422,39.1799860501177,68509170
2019-06-11,39.460418701171875,39.59262185270052,39.01974458584732,39.25210108433325,65345480
2019-06-12,40.53005599975586,40.702319879998136,39.26411927461068,39.48045087234081,127555250
2019-06-13,40.26564407348633,40.53004726499347,39.78490627443442,40.38182229851295,72248570
2019-06-14,40.20555877685547,40.74237923516738,39.82497729112314,39.98522019683938,66058960
2019-06-17,37.906036376953125,40.12943864143494,37.82190794000447,40.06934602748952,119382860
2019-06-18,37.84193420410156,38.33869386987321,37.148874865445784,37.91805171369294,106394540
2019-06-19,39.5886116027832,39.93313933245843,38.62713893988576,38.62713893988576,188375230
2019-06-20,40.14145278930664,40.28567382667866,39.24808681182459,39.588607517005244,78263560
2019-06-21,39.87303924560547,40.133438488737625,39.61664699107322,40.06132797612313,61262460
2019-06-24,38.95964813232422,40.04530993972757,38.6071094860458,39.8369923433897,72620000
2019-06-25,39.90108871459961,40.04530976390696,37.974139495294914,37.9781464845638,136491190
2019-06-26,40.91063690185547,41.046843975428715,39.28414460261787,39.66072213427599,129600840
2019-06-27,40.91864776611328,41.379353734873064,40.594151927170984,40.982747369895,119467140
2019-06-28,40.41387176513672,41.31525176064893,39.989222611977524,40.98274501853,87600340
2019-07-01,40.61818313598633,41.25115289745498,40.313716165486454,40.85053958864246,85443750
2019-07-02,40.766414642333984,40.93467151286082,40.22959117332907,40.74638275260769,57240040
2019-07-03,40.8865966796875,41.24714929853886,40.429897714621525,40.694303987258266,69464090
2019-07-04,40.7221565246582,41.32645312546826,40.59472093598024,41.10857816301797,72630590
2019-07-05,39.328575134277344,40.985250296983374,39.07781256194196,40.82081849691834,76163480
2019-07-08,38.48174285888672,39.423129738529504,38.247424073042765,39.05315188289804,80825910
2019-07-09,38.51463317871094,38.80650374742809,38.02955176425548,38.55985287181292,68585800
2019-07-10,37.392372131347656,38.99971946468205,36.83740680780793,38.600965650066144,134813440
2019-07-11,37.98433303833008,38.35431092934142,37.30192902420514,37.92678127043232,99870380
2019-07-12,38.88050079345703,39.41902225814585,37.84045408546893,38.17343262331943,132441180
2019-07-15,38.50230407714844,39.32036408000884,38.09532680781837,39.29980853198099,78060790
2019-07-16,39.19292068481445,39.34913530411367,38.15698579545629,38.23920170515573,64352100
2019-07-17,39.1107063293457,39.4477965906466,38.51874171971056,39.135370475968486,54793220
2019-07-18,38.36252975463867,39.0819299613485,38.13643129228118,38.8887191183041,52331730
2019-07-19,37.659576416015625,38.88872227655641,37.26493436121667,38.64207138434909,72848850
2019-07-22,38.276206970214844,38.42008640257336,37.09638935220222,37.65957814324715,69544520
2019-07-23,37.80756378173828,38.4694122101017,37.552689441462896,38.32964139887457,55292840
2019-07-24,36.668853759765625,38.06654617008908,36.430426368624246,37.8980026153799,83420010
2019-07-25,36.20433044433594,37.158049484567876,36.03578687784667,36.83329128885778,75280910
2019-07-26,36.627742767333984,36.849729467297905,35.81790327015144,36.09333312934882,65857860
2019-07-29,35.63703155517578,36.660634392232474,35.435597240603,36.63185850962722,78727230
2019-07-30,34.124237060546875,36.33176605316336,33.3966133545203,35.75624837604599,94629210
2019-07-31,35.52193069458008,35.6493663076477,33.667932586420804,33.955691434101304,115418000
2019-08-01,34.531211853027344,35.50959505978209,34.10368218705809,35.14784063611712,94219850
2019-08-02,33.63504409790039,34.29689256684199,33.26506620589327,34.029686137262615,134859520
2019-08-05,32.8252067565918,33.211628485840315,32.04003435989533,33.211628485840315,112888540
2019-08-06,33.01841354370117,33.544602901156814,32.36478858333123,32.36478858333123,101975850
2019-08-07,31.398733139038086,32.59910609168851,30.90131968370915,32.475779093760146,133016090
2019-08-08,30.20659065246582,31.20141769015607,29.64751362678252,31.1603097310427,228263940
2019-08-09,29.791393280029297,30.720448217521334,29.668066265408346,30.46146211408459,133527610
2019-08-13,28.669126510620117,30.223030533177457,28.393699741825277,29.737949101174294,147820510
2019-08-14,29.980491638183594,30.482016884897025,29.055548461114586,29.071992271733933,187387690
2019-08-16,29.848941802978516,30.165476506107293,29.224089596841818,29.59817920051175,119202110
2019-08-19,29.561187744140625,30.16959310270357,29.363865137694862,30.08326544248868,98849660
2019-08-20,29.45429801940918,29.75028029543563,29.034988749593133,29.573513277049596,93637340
2019-08-21,28.20048713684082,29.450188428695135,28.10593915287198,29.351528708277574,114233780
2019-08-22,27.435869216918945,28.525247365193025,27.164554182204512,27.945617937740806,154598000
2019-08-23,28.38547706604004,28.689679694028396,27.160439945019846,27.37831492734945,112101340
2019-08-26,27.793516159057617,28.578688546570774,26.490374692745085,28.48002881510205,237649990
2019-08-27,28.850004196166992,29.16243031078654,27.966169018429078,28.031944257858893,173752960
2019-08-28,27.703075408935547,28.850005316249447,27.411204829390144,28.850005316249447,126417160
2019-08-29,27.587970733642578,28.171711868650807,27.016561671913454,27.460535127977188,134813100
2019-08-30,28.35670280456543,28.570466062744856,27.72363023055579,28.118272263119707,179722070
2019-09-03,27.24677085876465,28.048390184035455,27.049451398259045,28.036054973459613,92206530
2019-09-04,27.89217185974121,28.03194266743148,26.90967701493769,27.246767257050163,129047100
2019-09-05,28.37725830078125,28.940447095508535,28.138827733407386,28.447142148907115,142508850
2019-09-06,29.21998405456543,29.421415250362916,28.1881576546182,28.529359675494938,115554870
2019-09-09,29.08843421936035,29.64751119926685,28.623905224039458,29.219981559553883,143296190
2019-09-11,30.17781639099121,30.31347234972987,29.203541712274458,29.21176205000488,136500270
2019-09-12,30.013376235961914,31.201413990588627,29.844829546344652,30.321690597259558,188468200
2019-09-13,30.202476501464844,30.35046765151252,29.413192458767895,30.17370061875202,116222490
2019-09-16,29.688623428344727,30.124373467393927,29.483080483685832,29.762619013875387,80643190
2019-09-17,28.360811233520508,30.091482244176188,28.12238382985105,29.696840213996047,131984000
2019-09-18,29.45429801940918,29.705060606801826,28.39369590909298,28.611570879963637,162531840
2019-09-19,28.33614730834961,29.26931079279194,27.957949085177848,29.26931079279194,136564950
2019-09-20,30.3011417388916,31.3247447661166,28.290931910520516,28.6033580770897,267647140
2019-09-23,31.024648666381836,31.97014421108752,30.338136070290656,31.045201076460803,163931640
2019-09-24,30.48613166809082,31.184976439399044,30.272365245013987,31.078093227860627,95789890
2019-09-25,29.766725540161133,30.251803793758302,29.396747677273904,30.214807575637522,91169850
2019-09-26,30.89310646057129,31.189088814680268,29.873612033788874,30.00927113547825,140661520
2019-09-27,29.56940460205078,30.708110999070765,29.433745522105365,30.667003042330474,105687770
2019-09-30,29.639293670654297,29.902388403806587,28.41425940747705,29.187099794069834,147196960
2019-10-01,28.903446197509766,29.984604030948887,28.290929136134853,29.762617287235184,125641890
2019-10-03,27.920948028564453,28.685567901573652,27.8264000466956,28.488248465121153,121309560
2019-10-04,27.386539459228516,28.348478807773194,27.222104497946617,28.344367071248744,114452160
2019-10-07,26.70413589477539,27.80995781234005,26.59725269778209,27.530419314590233,124157800
2019-10-09,27.661970138549805,27.789405761854496,26.338273060212714,26.584923968943542,147767410
2019-10-10,27.127553939819336,27.505755299530446,26.967230711729144,27.370096218427637,115074980
2019-10-11,27.87162208557129,28.155269191408653,27.296101264152856,27.54275214866471,171588490
2019-10-14,28.352590560913086,29.002106933372414,28.196375936252526,28.426586136716505,167239630
2019-10-15,28.710233688354492,29.46252153163423,27.84695404776702,28.369034823246388,179722070
2019-10-16,28.562246322631836,29.08843571037741,28.38547928115454,29.08843571037741,128143020
2019-10-17,29.27753257751465,29.70917080634897,27.982611618339888,28.44713746546708,166951580
2019-10-18,29.56529426574707,29.828388964948896,28.919889591715055,29.265203344627583,165680360
2019-10-22,29.145986557006836,29.910606467001386,29.02265955100666,29.39263743267113,119442830
2019-10-23,29.28575325012207,29.495407898726103,28.714344205151185,28.94044266309043,93184500
2019-10-24,29.58995819091797,29.76261347960596,29.088432997393554,29.273420358654135,109734020
2019-10-25,29.783172607421875,30.334029351843757,29.27342696263095,29.293982512446426,149966920
2019-10-27,30.009267807006836,30.054487502554426,29.853056309147288,29.910608078692185,10820130
2019-10-29,32.08114242553711,32.862206224170805,30.054488913327614,30.054488913327614,251553140
2019-10-30,31.9002628326416,32.36890047276944,31.596060167512505,32.05647747024174,143714420
2019-10-31,31.287744522094727,32.072916870413806,30.93009870091105,31.974257143869956,217560230
2019-11-01,32.845760345458984,33.125298851492786,31.078089919607564,31.246636625104728,241111950
2019-11-04,33.639156341552734,34.6709795817161,33.133519358799774,33.133519358799774,289344340
2019-11-05,33.21162796020508,34.3585579189262,33.018417098638736,34.037911440725175,208744340
2019-11-06,33.25273513793945,33.61860130434091,32.77998576920635,33.05130394366292,179351470
2019-11-07,33.14174270629883,33.61448892972555,31.966036911967933,33.2157382855342,407007600
2019-11-08,32.718326568603516,33.39661895767728,32.48400772179658,33.01020032911465,214235200
2019-11-11,33.006080627441406,33.195179726924884,32.39356363820842,32.5168875015224,135739740
2019-11-13,32.71421432495117,33.614490248578065,32.28668464329904,32.96086521996763,175114690
2019-11-14,32.22501754760742,32.77998278369008,32.01536289883453,32.56621953483203,108694250
2019-11-15,32.43467712402344,33.13352187765725,32.11403063385412,32.2291341804445,118132590
2019-11-18,33.71315383911133,33.92280537938932,32.558000385585224,32.59088800864951,189065280
2019-11-19,33.0307502746582,34.10779642381454,32.886870841991765,34.037912575996046,142650830
2019-11-20,32.77998352050781,33.585711378677416,32.6648799888173,32.96908262776166,122556020
2019-11-21,31.661828994750977,32.816982300570515,31.509729246115917,32.80465022758237,102085540
2019-11-22,32.88686752319336,33.117074592228164,31.497398499419432,31.735825905347156,172719490
2019-11-25,34.49010467529297,34.61342855290013,33.13352006726044,33.318510588175556,276124580
2019-11-26,34.87240982055664,35.29582770068174,34.26400144516163,34.94229365514634,282763120
2019-11-27,34.6422004699707,35.10672945112449,34.465433442945155,34.966958642242574,109846790
2019-11-28,35.526039123535156,35.70691790482477,34.70797914364693,34.7120908804043,157660730
2019-11-29,35.14784240722656,35.312277384937,34.62165298762225,35.14373067029131,126319560
2019-12-02,34.60110092163086,35.102626242771194,34.44900113941845,34.93819124851158,83371710
2019-12-03,32.85809326171875,34.41199732708977,32.590886822634005,34.36677763110607,168706560
2019-12-04,33.6514892578125,33.82825630573076,31.982481644679332,32.29490464482713,261132490
2019-12-05,32.87042236328125,33.861140712175946,32.64843564025502,33.79536547438922,111108840
2019-12-06,33.15407180786133,33.50349412546092,32.38122846372456,33.00608066265794,169310820
2019-12-09,33.437721252441406,33.85703057226443,33.047190952759124,33.13351860417301,123184520
2019-12-10,33.055416107177734,33.676153508866655,32.9033132071398,33.29795526353243,93495850
2019-12-11,33.34317398071289,33.56104898225007,32.9156443147582,33.084191020905024,82278630
2019-12-12,34.42433166503906,34.605210460868946,33.44594837266273,33.569275394607914,149846710
2019-12-13,35.22183609008789,35.731581670785694,34.814861972872336,35.373938985122635,216281830
2019-12-16,34.613426208496094,35.51781693137452,34.54354236895171,35.51781693137452,95658310
2019-12-17,36.12622833251953,36.33177128576032,34.78197879831287,34.82719849893277,307577380
2019-12-18,36.56608581542969,37.39236926820335,35.85079730066692,36.12622407281274,400283980
2019-12-19,36.73052215576172,36.9483971668187,36.011121877414766,36.175556854018474,205472860
2019-12-20,37.90211486816406,38.0994374600706,36.430429879553316,36.66885729367279,269312620
2019-12-23,37.996665954589844,38.436527696897684,37.57735975970252,37.90211482732612,186311430
2019-12-24,38.06654739379883,38.20631820749228,37.77056509311717,38.000775291611795,112355050
2019-12-26,38.469417572021484,38.80650786964803,38.066552027864695,38.066552027864695,182556030
2019-12-27,38.60095977783203,38.79005888186852,38.0829907577015,38.58040423195017,111443330
2019-12-30,39.03260040283203,39.160039149693155,38.239204582816,38.65029043492097,114620740
2019-12-31,38.81061553955078,39.07781882565376,38.60096088362649,38.85994383294281,96441450
2020-01-01,38.45708084106445,39.17648104711926,38.214538569271255,38.88871908289574,121005300
2020-01-02,39.86299133300781,40.10553045446571,38.80650093112115,38.80650093112115,216749610
2020-01-03,39.7684440612793,39.973986985299625,39.41902171771196,39.710892293460496,129568630
2020-01-06,38.909278869628906,39.464244176087874,38.68729211977805,39.464244176087874,96016080
2020-01-07,39.143592834472656,39.84243748379797,38.93393818514068,39.094261406295736,131957880
2020-01-08,39.0737190246582,39.31214648119663,38.395426610744835,38.77773665230788,133048410
2020-01-09,39.72322463989258,39.957543449431526,39.39024610432043,39.87532753379322,101311520
2020-01-10,39.9739875793457,40.602948434381005,39.46424199837416,39.916435810671636,159276340
2020-01-13,40.7591667175293,40.86193819027328,40.10142991923512,40.376856713468236,109427500
2020-01-14,40.99347686767578,41.6018821011139,40.75915808490076,40.81670984654124,156608220
2020-01-15,41.2812385559082,41.40045382371945,40.2165277549429,40.44262308106548,121179480
2020-01-16,40.648170471191406,41.441566340865386,40.45907134374791,41.27302276184815,104383690
2020-01-17,40.718055725097656,41.01814664682622,40.442625815028045,40.55773249045665,56824600
2020-01-20,40.3398551940918,41.09214308704899,40.216531315199056,40.861936004046854,72918780
2020-01-21,39.147705078125,40.105532681033424,38.92982695310594,40.105532681033424,113158030
2020-01-22,39.05726623535156,39.45190826234762,38.90516334664365,39.35324853968262,76621710
2020-01-23,39.48479461669922,39.616341954815724,38.9010503634923,39.12714882103751,72000200
2020-01-24,39.74378204345703,39.88354973383814,39.17237293497187,39.48890767493491,74811300
2020-01-27,38.021331787109375,39.279256700181016,37.82812092360583,39.279256700181016,129631190
2020-01-28,36.689414978027344,37.98433613393088,36.33999260550388,37.8199011538209,180152830
2020-01-29,37.17860794067383,37.795236759842,36.96484152701383,37.22793623895201,110818340
2020-01-30,36.87850570678711,37.3635870626286,36.29065290382949,37.15393243233774,146520160
2020-01-31,36.06867218017578,37.347149445118106,35.88368479923889,37.24437798096734,107387270
2020-02-03,35.85079574584961,36.09333802245132,34.25167207845129,34.36677561188828,162371260
2020-02-04,37.15393829345703,37.27726530398576,35.637033627436196,36.33999006024315,133362630
2020-02-05,39.05726623535156,39.4395761890565,36.83329035266229,37.18271268670022,160567650
2020-02-06,39.266910552978516,40.060306198015525,38.77360889378197,39.29979816661441,166660740
2020-02-07,38.72428894042969,39.43958063531416,38.54752188521153,39.11071067424063,116499090
2020-02-10,36.487979888916016,38.087103549137865,36.17555377360623,37.84045267340321,267960480
2020-02-11,36.51264572143555,37.630799755151365,36.3975421832006,36.862068072887695,168243710
2020-02-12,36.829185485839844,37.36771016524568,36.385215082865834,36.99773221582016,117858580
2020-02-13,36.27832794189453,37.137495902725746,36.12211644074421,36.89495674543948,99652210
2020-02-14,35.727474212646484,36.63186186566981,35.62881134638715,36.257772221193115,94848170
2020-02-17,35.91657638549805,36.249554962478086,35.60003848462125,35.805581435613675,97247650
2020-02-18,35.468482971191406,35.77679732683297,34.63809101998456,35.68224934745094,115024230
2020-02-19,35.616477966308594,36.05222796580024,35.20128037761523,35.88368439737534,84651090
2020-02-20,36.46742630004883,36.80862831690456,35.18894902328653,35.271168077168994,129802370
2020-02-24,34.1571159362793,35.75213076907115,33.98446066149325,35.75213076907115,175231420
2020-02-25,34.638092041015625,34.9875143604422,34.070791602657856,34.44899294034167,145581760
2020-02-26,34.22700881958008,34.48188003984923,33.81592296873446,33.81592296873446,142707060
2020-02-27,33.93925094604492,34.19412533346905,33.466504669477956,34.11190940789302,102263790
2020-02-28,31.38640594482422,32.8005423591656,30.831440640561382,32.77998681087069,245328330
2020-03-02,29.931156158447266,32.39356236388037,29.433742715742724,32.36889508311925,202207720
2020-03-03,31.863264083862305,32.14691117850414,30.42857225547907,30.70811074991546,186489330
2020-03-04,31.008203506469727,32.056473601274426,30.017485175518097,31.904370718899372,229371480
2020-03-05,30.89310646057129,31.883821863053026,30.773891171480923,31.567287095447714,146284680
2020-03-06,28.89933967590332,29.458416744065737,28.5005858558999,29.347421796056288,148481880
2020-03-09,26.498594284057617,27.76473949154231,26.288941184464043,27.74829568070451,204221360
2020-03-11,24.644596099853516,26.80690690002668,24.344503628751934,26.638363338722073,286928700
2020-03-12,23.633325576782227,23.99096981766571,21.96842667410913,22.609721147562293,437671340
2020-03-13,26.8603458404541,27.304319276577942,20.994152598067753,22.19863417016143,338414370
2020-03-16,23.810091018676758,26.116282824099173,23.604548099379475,24.994018672916162,236054820
2020-03-17,23.246904373168945,25.294111706479082,23.061915428075366,24.665150861328975,206539390
2020-03-18,23.09069061279297,24.101962959294685,22.667272704308015,23.842978444005514,187721700
2020-03-19,22.350736618041992,23.39078485663345,21.417571575720153,22.112307646968585,187219810
2020-03-20,24.480161666870117,25.07623645358064,22.539837551898145,22.996141520923455,173077660
2020-03-23,22.293184280395508,22.8563714260761,20.846161976608002,22.03419976948102,121004020
2020-03-24,22.354848861694336,23.48533494411747,21.26136056833177,22.77826678347904,129288020
2020-03-25,23.57988739013672,24.2540680128061,21.956097777340624,21.956097777340624,94428290
2020-03-26,23.386674880981445,24.29517427683894,23.029030613358334,23.842980447346182,114938330
2020-03-27,22.794710159301758,24.274618557181622,22.54394754580051,23.925196220177998,111835940
2020-03-30,20.88727378845215,22.260300668102015,20.624177512259518,21.951986263104306,158537210
2020-03-31,22.165748596191406,22.400068976756195,21.351798789734225,21.561453454405857,157868130
2020-04-01,21.898544311523438,22.03009166343942,21.22025200407003,21.869768426302322,119647990
2020-04-03,20.862607955932617,22.10819764340897,20.63651104048717,22.00953791253045,125266950
2020-04-07,22.708383560180664,22.831709004350376,21.475125982147354,21.873878199357147,159566590
2020-04-08,22.589168548583984,24.081410674529472,21.923209887750776,22.28085415047274,204349980
2020-04-09,23.4195613861084,23.81009168923727,22.82759675823326,23.061915567377813,138556280
2020-04-13,23.23046112060547,24.007414708651186,22.51517260662878,23.431893880802825,155103280
2020-04-15,23.444225311279297,24.30750652935873,23.17702045210104,23.629214255736894,209917430
2020-04-16,23.752538681030273,23.99919111915686,22.69193805840671,22.69193805840671,172487980
2020-04-17,24.118406295776367,24.640485518413524,23.47300163060189,24.459608307236653,174923730
2020-04-20,23.546998977661133,24.254067201274832,23.440117337615625,24.237623389523772,119607480
2020-04-21,21.86565589904785,23.103025191499114,21.64367073081916,23.024917876006874,169249100
2020-04-22,22.062976837158203,22.190414015316417,21.310690546410736,21.87798945902179,147898560
2020-04-23,22.22330093383789,22.938589412722205,22.116417737942427,22.19863521905401,154678570
2020-04-24,21.997203826904297,22.515172892170423,21.742331031073096,21.894432361211443,123808460
2020-04-27,22.334293365478516,22.765933163079893,22.239742246839246,22.52750263462948,124106120
2020-04-28,22.49050521850586,22.64260810357475,22.161636870543898,22.51928110094203,85471050
2020-04-29,23.23868179321289,23.526442191872473,22.301406589513462,22.445286004759247,198765690
2020-04-30,24.52538299560547,25.035130165524563,23.73609887618408,23.838870343910916,236333720
2020-05-04,22.494617462158203,23.526442221185924,22.206857063140077,23.43189266702546,128914590
2020-05-05,22.41651153564453,23.218129279555868,22.28085401673726,22.938590768159422,121823300
2020-05-06,22.835819244384766,23.057805985485523,22.367181614173013,22.53572675430475,95077310
2020-05-07,22.67960548400879,23.255126298541214,22.580945758651723,22.646719431612453,89583760
2020-05-08,22.437068939208984,23.34967856127532,22.363073352532222,23.25101882448513,98777550
2020-05-11,22.708383560180664,23.267459011627892,22.609722263944033,22.654941959378817,109074080
2020-05-12,22.523393630981445,22.757712435170895,21.74644164149348,22.469952032502157,150402970
2020-05-13,22.737159729003906,23.67854516685842,22.486397100763384,23.637437207677536,147231160
2020-05-14,22.07942008972168,22.62616500963446,21.976648629723158,22.363070322945134,107969020
2020-05-15,22.482284545898438,22.75771288052656,22.09997458038816,22.198635874267744,149896650
2020-05-18,21.919095993041992,22.708381589950537,21.577895574836838,22.535724728558556,116153670
2020-05-19,22.363067626953125,23.053691880338032,21.993089788294125,22.358955890874782,168970940
2020-05-20,23.283903121948242,23.349676797562918,22.206858595694914,22.363071663342808,144218120
2020-05-21,23.325010299682617,23.534663379532585,22.8974806671701,23.341452540803896,130358110
2020-05-22,22.56450080871582,23.041360305638623,22.469951256620643,22.938588848817606,106567390
2020-05-26,23.057804107666016,23.38256228747618,22.77415545147181,22.815263406919787,121075590
2020-05-27,23.674434661865234,23.87586742259332,22.942702335297945,23.20168529716078,140074620
2020-05-28,24.295175552368164,24.55004993409521,23.793651831258003,23.999194776940197,166019580
2020-05-29,24.270509719848633,24.410278975949105,23.666212999624815,24.015635355791932,131279850
2020-06-01,25.914852142333984,26.128616970715708,24.82958575837142,24.82958575837142,243843600
2020-06-02,26.26016616821289,26.593146291936144,25.861412367130885,26.145061056708954,165626630
2020-06-03,26.095727920532227,26.827461753639877,25.902517081429647,26.757574779941372,103869540
2020-06-04,26.305383682250977,26.523257108220044,25.865520389220475,26.054621068079882,112512660
2020-06-05,27.867509841918945,28.253931540304205,26.72469169327907,26.78635519736933,309184760
2020-06-08,27.427648544311523,28.84178487866739,26.913791229366645,28.586910521373717,164816490
2020-06-09,27.312545776367188,28.28270866519801,27.0371158641885,27.624968774485684,149268320
2020-06-10,26.638364791870117,27.254993577456588,26.47392982177982,27.22210595617129,172188830
2020-06-11,25.746307373046875,26.597253393832137,25.569540331074148,26.473929519922702,139066840
2020-06-12,26.11217498779297,26.346492243097348,24.665152518525932,24.665152518525932,175578850
2020-06-15,25.174898147583008,25.898408553692207,24.878915833727028,25.795637091177554,185810020
2020-06-16,25.40099334716797,26.519147286117125,24.772030972425085,25.906628720633602,234418060
2020-06-17,25.339330673217773,25.881963851136245,25.080346157521408,25.25711319240661,114470230
2020-06-18,26.15328025817871,26.243719643258718,25.248891111882667,25.339330496962674,113692780
2020-06-19,26.35471534729004,26.790465365377703,26.08750890482002,26.391711570107468,151342880
2020-06-22,26.778133392333984,26.967232516678123,26.173836660007986,26.28894177026941,110312750
2020-06-23,27.29610252380371,27.41942640358267,26.81513280635955,26.94256842303203,125450560
2020-06-24,26.806909561157227,27.801736627004097,26.700026355368355,27.674301009244967,207826420
2020-06-25,26.564369201660156,26.917903289497072,26.391710758148594,26.47392981132938,113456530
2020-06-26,26.626028060913086,27.12755327969302,26.51914800234452,26.78635442143796,97063330
2020-06-29,26.379377365112305,26.802795274727057,25.659977151520163,26.556144400191243,119611330
2020-06-30,26.8603458404541,27.760624785427023,26.564366686040763,26.564366686040763,365236470
2020-07-01,26.613697052001953,27.098778480476835,26.334158548536156,27.049450185729782,104894330
2020-07-02,27.534530639648438,27.748293894104055,26.683583085682688,26.88912600341679,119713930
2020-07-03,27.12344741821289,27.70718860811538,26.91379274374447,27.70718860811538,106126140
2020-07-06,27.863399505615234,28.09360658702983,27.15633131402896,27.39065013227918,141439660
2020-07-07,27.156328201293945,27.85928457546975,26.97134083726617,27.855175975441327,108393710
2020-07-08,27.476974487304688,28.480024883845097,27.296098860635347,27.361870960423502,215601630
2020-07-09,28.323816299438477,28.652683104686638,27.66607955260595,27.707187511219946,244037810
2020-07-10,27.846956253051758,28.307373561450415,27.559197395512797,28.114162698672974,125261130
2020-07-13,28.126495361328125,28.52936090664452,27.83051302376284,28.22515823140748,121150000
2020-07-14,27.67841148376465,27.87162233822348,27.345429807135865,27.87162233822348,83070350
2020-07-15,27.89628791809082,28.488252585743574,27.789404711689883,28.007279725107537,96874130
2020-07-16,28.089494705200195,28.488248450595165,27.259099596239643,27.78940067798117,105860440
2020-07-17,28.8541202545166,29.335090003627155,28.377259106233772,28.447142956343203,244153950
2020-07-20,28.973331451416016,29.16243056190099,28.496470370451764,28.866448254590225,95320490
2020-07-21,29.528301239013672,29.647516527542024,28.734905318787202,29.269315112220976,113681040
2020-07-22,28.780122756958008,29.836613321812717,28.496472501846874,29.63929072340143,178429190
2020-07-23,28.932220458984375,29.302198344410996,28.582798120212153,28.784229304813728,96250490
2020-07-24,28.45536231994629,28.759564963087104,28.16349175018015,28.529357896530385,89188290
2020-07-27,29.010332107543945,29.096659770987007,28.30326385114946,28.858229194047183,118356070
2020-07-28,29.474855422973633,29.598182437665077,29.002109184774383,29.071993029475944,106392570
2020-07-29,30.728668212890625,31.11508992715524,29.281647357301644,29.515966173404685,301158810
2020-07-30,30.14080810546875,31.06163933909604,29.935265223370266,30.995867247718973,103982570
2020-07-31,30.116151809692383,30.45324209870583,29.63107035610364,30.058600038617133,90249550
2020-08-03,30.70811653137207,30.983546477458553,29.766732547978467,29.988716181635297,111369710
2020-08-04,30.60533905029297,31.07808838609679,30.227140836184315,30.790329557174122,111842600
2020-08-05,32.54155731201172,32.71421261586962,30.671115444542764,30.671115444542764,305597410
2020-08-06,33.77725601196289,33.975474919236255,32.51625054389315,32.87472997182369,221228070
2020-08-07,34.080909729003906,34.30443207895327,33.157298570111834,33.39347264286883,151763170
2020-08-10,34.59965515136719,34.713523881716704,33.70556247543931,34.22430566790643,120182110
2020-08-11,35.126827239990234,36.067308375854616,34.793651284003545,34.84426138967261,258851910
2020-08-12,34.96234893798828,35.202741312634615,34.37612888020808,34.89486879609374,115744020
2020-08-13,34.84426498413086,35.56965726776937,34.48578232951424,35.27443966498803,124220440
2020-08-14,35.299739837646484,36.34987782220764,34.5068674796919,34.58278103017066,477423650
2020-08-17,35.85222625732422,36.19805396995811,34.94126356982195,35.25756952226626,181455010
2020-08-18,36.649314880371094,36.843315467200775,35.400961179708126,35.56544000805569,173400200
2020-08-19,36.41313934326172,36.737881919787895,36.1727469504705,36.649316640089076,118436810
2020-08-20,36.48904800415039,36.96983594285705,35.68352396774772,35.84800278192496,158466000
2020-08-21,36.17274475097656,37.281926271825895,35.978744166628196,36.754749721651976,134818760
2020-08-24,36.22757339477539,36.92344708882022,36.10948636162942,36.57340108511586,90928540
2020-08-25,35.76365661621094,36.493267122350375,35.54856769383734,36.43844192229168,105529000
2020-08-26,35.84800720214844,36.07996618286159,35.61183312551721,35.84800720214844,79571570
2020-08-27,36.004051208496094,36.286617070136195,35.67930864829331,35.89017927058538,95491160
2020-08-28,35.78052520751953,36.944531929241855,35.683526524327014,36.24022483164981,152112670
2020-08-31,34.83583068847656,36.28240347418868,34.582786552351365,35.9745341274861,157459100
2020-09-01,36.15587615966797,36.49748551778519,34.74725881351928,34.91173763169647,140728230
2020-09-02,36.999359130859375,37.25661831820841,36.025134711913516,36.27396370813958,117392780
2020-09-03,36.952972412109375,37.421105494122386,36.76740521776025,37.324103583176985,102142880
2020-09-04,35.53592300415039,36.60292798329019,35.341922391364136,36.109491432227486,105290810
2020-09-07,35.63713836669922,36.134793208690894,35.29552895755965,35.738355373549716,96263460
2020-09-08,34.16947555541992,35.911269022886124,33.95860492488933,35.911269022886124,116372720
2020-09-09,35.20695495605469,35.43891067338243,32.60059434724601,33.6380772590357,319997830
2020-09-10,34.41408920288086,35.92392381886392,33.832087371178396,35.763663284298794,229205440
2020-09-11,34.371910095214844,34.806303045401016,33.950168867052696,34.47734540225538,136871250
2020-09-14,34.13151931762695,34.92861001866286,33.92064869369935,34.5827823241268,123310520
2020-09-15,34.182125091552734,34.62916972795397,34.03873141229595,34.329733866059755,91323090
2020-09-16,34.12730026245117,34.582781572466146,33.967039750096404,34.28334567911287,99873490
2020-09-17,33.629642486572266,34.371907901705,33.16572780872556,33.90377491090941,148080220
2020-09-18,33.3597297668457,34.21586392627336,33.18259922716346,33.91642804701143,168417030
2020-09-21,31.495641708374023,33.67182523272994,31.293204460288617,33.40191104703666,141383050
2020-09-22,31.558895111083984,31.925807899786886,30.21353963882657,31.546243389767337,220130270
2020-09-23,30.475027084350586,31.883641474742554,30.06593751060479,31.799294502222715,169844110
2020-09-24,29.007360458374023,30.13340873816998,28.910361780109728,30.095453573013554,124957470
2020-09-25,29.699020385742188,29.994241214511163,29.032668386166357,29.35319266228129,122425760
2020-09-28,30.449716567993164,30.78289253728728,29.998453565051587,30.36115129275757,122701960
2020-09-29,31.213071823120117,31.360680621868905,30.50876146743792,30.787112245904627,178916090
2020-09-30,30.34428596496582,31.335380617489434,30.196677150004064,31.2974222264245,129636870
2020-10-01,30.782894134521484,31.234157160877782,30.631067021202497,30.728068928234826,95540970
2020-10-05,32.246337890625,32.51625205248102,31.166681243200934,31.2172881375298,195905330
2020-10-06,31.83303451538086,32.66386216771489,31.470336742526893,32.625906995445185,142863360
2020-10-07,31.301637649536133,31.99329307658989,31.208854055091997,31.714942293257486,96937190
2020-10-08,31.516725540161133,32.305379631187236,31.352243489769613,31.584202468089313,141111310
2020-10-09,31.16667938232422,32.63855546106842,30.960027068348545,31.719159396631408,220065830
2020-10-12,31.301637649536133,31.81194420134832,30.57624214856986,31.50407165775011,157568610
2020-10-13,31.069679260253906,31.736031253488736,30.926288769817116,31.37755180976615,119024640
2020-10-14,31.67698860168457,31.820379096058918,31.17090033990009,31.242595587087266,148921160
2020-10-15,31.537811279296875,32.777731627937115,31.33537727398653,32.13668310331652,316506980
2020-10-16,33.220558166503906,33.39347363033595,31.647465043382265,31.807725566402038,288554790
2020-10-19,33.3597297668457,33.739297507329184,33.04764216583935,33.53686030652794,147289680
2020-10-20,33.0982551574707,33.51577809960626,32.86207786633013,33.06451508478913,109496320
2020-10-21,34.080909729003906,34.41408570600348,33.26273388368269,33.427212715442806,263519520
2020-10-22,34.55325698852539,34.88221461297786,33.74772974404763,33.899556834968784,208883010
2020-10-23,35.71726608276367,35.93235179508267,34.7683483077073,34.8358252318769,285885950
2020-10-26,34.44782638549805,35.70883185708613,34.08934695656731,35.70883185708613,166073190
2020-10-27,34.66712951660156,35.16056922526435,34.0260842313668,34.47312892741696,160621710
2020-10-28,33.93330001831055,35.27443729946512,33.777254600087446,34.70508726506457,169657540
2020-10-29,33.85738754272461,34.161041762097454,33.34286269519067,33.69290871016939,138603960
2020-10-30,34.62917709350586,34.827396011846005,33.33443148007477,33.967043406200006,180209980
2020-11-02,33.97969055175781,34.79365124907781,33.62964456089948,34.58278063544704,131431090
2020-11-03,34.3213005065918,34.768348403167685,34.11464820261527,34.37191061308065,122580340
2020-11-04,34.06825256347656,35.00873682603495,33.85738197002337,34.48999375038294,136143660
2020-11-05,35.89017868041992,36.12213764817909,34.511086249064405,34.75147862581923,265177560
2020-11-06,35.97453308105469,36.51436141378739,35.64979048807504,35.80583592266805,173981930
2020-11-09,36.969844818115234,37.10480190875256,36.05044863263881,36.52279684105403,158308620
2020-11-10,37.273494720458984,38.23084926780504,36.7378846883088,37.1132341857313,262002400
2020-11-11,39.97685241699219,40.26363658811744,37.07948894772512,37.273489531481864,368618330
2020-11-12,39.90937042236328,40.47872364249888,39.33158701122945,39.81237174380117,234936850
2020-11-13,41.039642333984375,41.19568776367597,39.22193847309868,39.71537499133536,234181870
2020-11-14,41.516212463378906,42.131954343549864,41.07760114785358,41.88312531619763,78374000
2020-11-17,44.088829040527344,44.78470272097495,42.31751392505795,42.68021164413658,642845990
2020-11-18,43.624916076660156,44.18161439983105,43.0724328493096,43.69239300371976,174815130
2020-11-19,44.16474533081055,45.18535840936891,43.017608587002925,43.17365401179295,201379980
2020-11-20,44.94918441772461,45.69144672118518,43.945438156186704,44.367179417638134,266860000
2020-11-23,45.809539794921875,46.054147296210225,45.240186482837444,45.37936187990834,170254250
2020-11-24,46.24814987182617,46.42949553158553,45.66614485164745,46.21862489358004,130291260
2020-11-25,45.65348815917969,47.121149055712465,45.50587937216797,46.47588227083799,176809890
2020-11-26,47.94354248046875,48.171283127579734,45.653487505087995,46.054140380898126,225701850
2020-11-27,48.698463439941406,49.12020469676241,47.49228318802292,48.07850327759367,462912480
2020-12-01,49.41120910644531,49.93416738421188,48.6647252511008,49.93416738421188,147391090
2020-12-02,50.97586441040039,51.24999364000126,49.26359280234613,49.4027681826123,249970850
2020-12-03,52.371829986572266,52.6965693421996,51.28373675957129,51.368086942457296,247756520
2020-12-04,52.523658752441406,53.35027126497676,51.840436728882835,52.633312384831676,201535520
2020-12-07,51.83622360229492,53.055055675428235,51.406045683759224,52.59957430908363,155883210
2020-12-08,51.74343490600586,52.41822026135648,50.81560222697216,51.95852062645393,170158530
2020-12-09,51.39760971069336,52.35496097741583,51.20782420869831,52.1272203056001,127307310
2020-12-10,51.46086883544922,51.78982973196436,50.0606879345363,51.11504111948972,198293280
2020-12-11,52.43930435180664,52.75561028249831,51.81091080376902,51.865739224372305,163956980
2020-12-14,52.86526107788086,53.890092367200495,52.742955738440884,52.86526107788086,177227150
2020-12-15,53.590660095214844,53.73826888804961,52.07239225045799,52.586917086308056,132263120
2020-12-16,54.2696647644043,54.77997454418259,53.831056665180476,54.084104007018865,160402560
2020-12-17,53.586448669433594,54.48897479606234,53.2617092834574,54.2696675176936,79651860
2020-12-18,53.244834899902344,54.05457735941607,52.97070243312922,53.83527331657588,253515060
2020-12-21,50.25890350341797,52.945396398241236,49.39433587987114,52.633308777200895,190766540
2020-12-22,50.72282409667969,51.49039312431133,49.34373147879898,50.27156104006599,188468790
2020-12-23,52.414005279541016,52.65017936451817,50.29686548925006,50.52460616446257,122383430
2020-12-24,52.48991775512695,53.72561979732921,52.23265532459938,52.74296187204393,120907400
2020-12-28,53.36292266845703,53.59066334161111,52.85261611509774,52.99179150718588,104805170
2020-12-29,53.32497024536133,53.95336387251253,52.3844857439422,53.801536749255355,104163260
2020-12-30,54.020835876464844,54.31605346828417,52.637525073145014,53.38822399316879,115144280
2020-12-31,54.29075241088867,55.12158323565395,53.691880573921516,53.691880573921516,177130120
2021-01-01,54.244354248046875,54.80105575343645,53.98287674808168,54.404617972676064,84113960
2021-01-04,58.453338623046875,59.035337160111055,54.52692226060502,54.74201441225235,381849550
2021-01-05,57.40320587158203,58.525039220715186,56.943509420897804,57.947249291204265,215452540
2021-01-06,57.67733383178711,58.76121198580161,56.93507151246672,57.694207086351824,196105220
2021-01-07,60.966915130615234,61.70074723507096,58.343683995174565,58.453340840648465,382321940
2021-01-08,60.15296173095703,61.3422688121197,59.3052576268323,61.32118046075008,193293130
2021-01-11,58.67686080932617,60.05595003141642,58.04846404472346,60.05595003141642,170245090
2021-01-12,58.61359786987305,61.11030532945018,58.293076832483436,58.622034496853544,245254840
2021-01-13,59.81556701660156,60.271048375055294,58.45334447264298,59.16608183620481,193538710
2021-01-14,59.57939147949219,60.26261028293774,58.79916754980201,59.88726080712046,115408580
2021-01-15,59.54143142700195,60.85726860996145,58.845560882029545,60.05595630865549,206884370
2021-01-18,56.23497772216797,59.78182324167455,55.627669281817155,59.71856462716338,250452260
2021-01-19,57.4495964050293,57.68998558297351,54.57331785015756,56.682024203490705,312451180
2021-01-20,58.212947845458984,59.001601972756035,57.576120835021065,58.212947845458984,233131500
2021-01-21,56.23497772216797,58.60094643379918,55.80480627297021,58.284640490721536,161178670
2021-01-22,54.57331466674805,57.00254836265115,53.44726952961529,56.5133269727528,237156650
2021-01-25,54.990840911865234,55.825886778641404,53.22374405816289,54.91070904533294,163484730
2021-01-27,52.802001953125,54.92335987518986,52.6164379955411,54.90227152614086,149180840
2021-01-28,52.60800552368164,53.19001054004371,51.67173938225619,52.12722072959245,170917520
2021-01-29,50.693302154541016,53.45992722586478,50.27156086134973,53.14362125597131,268265750
2021-02-01,53.65392303466797,53.982880699107284,50.393861714191054,51.022258501523005,210846940
2021-02-02,54.12206268310547,54.65767594470607,52.64174979504838,54.23593463783415,180489570
2021-02-03,55.092063903808594,56.03254512967255,53.750923325094455,54.396186950380155,148463810
2021-02-04,55.32823944091797,55.96506645573569,53.86479668745748,55.16376059946115,147649950
2021-02-05,57.782772064208984,58.25090515544765,54.94445497269135,55.40837296770675,291008880
2021-02-08,59.292598724365234,59.45707754871626,57.58454543440571,58.53768474471833,214621690
2021-02-09,58.976295471191406,60.43130151182807,58.335253397887314,59.59204053413391,293370280
2021-02-10,58.22138214111328,61.11030590654361,57.36102636828144,59.88725882851631,573979190
2021-02-11,58.59673309326172,59.43177900612856,57.59720834247776,57.99786126199268,163407050
2021-02-12,57.39899444580078,58.86665239200616,57.230294061876144,58.622041661761656,147054790
2021-02-15,56.694679260253906,58.03160482990379,56.51333359213004,57.955688050384374,131716720
2021-02-16,58.976295471191406,59.76917108875168,56.36993760790879,56.69467374041095,336618380
2021-02-17,58.773860931396484,59.3389926626453,57.98942194799858,58.84555617175545,159574830
2021-02-18,58.85398864746094,59.97160030843444,58.53768273187293,59.043770909761676,148561470
2021-02-19,56.57236862182617,58.70637822681203,55.32823327406578,58.70637822681203,223923860
2021-02-22,57.740596771240234,58.866645149951125,56.585023415751714,56.757938874778475,281491090
2021-02-23,61.51518249511719,62.08031425792537,57.54238046548923,58.16655574925855,389070710
2021-02-24,61.38022232055664,62.83944996329985,60.73074358869248,61.9959674134569,216767890
2021-02-25,62.66230773925781,63.51422675793901,61.73869348941304,62.01282269299493,219015960
2021-02-26,60.3216552734375,62.552670267241055,59.9800458633919,61.15248611688085,235515910
2021-03-01,61.607967376708984,62.270097844509415,60.00113411854233,61.06813904943151,140586460
2021-03-02,62.03813934326172,62.39661553821534,60.9964379595094,61.6121765697877,111133990
2021-03-03,65.55123138427734,66.00249755553068,62.50204432144415,62.50204432144415,288428350
2021-03-04,63.931758880615234,64.68667937308035,62.725578566369094,63.34553876075239,228738220
2021-03-05,61.85257339477539,63.767275842139824,61.32117530013189,63.13466396585815,168819600
2021-03-08,62.18574905395508,63.36241080250569,62.00018186527605,62.75088081201496,106145960
2021-03-09,59.61313247680664,63.341323845961824,59.23356146381098,62.839450693333006,195564380
2021-03-10,61.11030960083008,61.57001249211645,59.30104232033353,60.300567106147184,196858600
2021-03-12,60.726524353027344,62.83944567965615,60.22465124044072,62.41770443348396,161214090
2021-03-15,62.11405563354492,62.33336290253615,60.31321855360602,60.89943867945351,155429990
2021-03-16,61.072349548339844,62.42614179602282,60.66326001991052,62.42614179602282,125699980
2021-03-17,59.41490936279297,61.23682821656498,59.098603425274284,61.148266157805786,105409590
2021-03-18,59.45286178588867,60.97534788559572,58.900381803505816,60.41443127672886,143206510
2021-03-19,61.8272705078125,62.14357644881032,57.46224594793818,59.27573463004454,246378140
2021-03-22,62.71291732788086,62.89426939650549,61.15247612081554,61.667000917480465,137603700
2021-03-23,62.514705657958984,63.2147976995094,61.85257522090445,62.923795198186575,118738960
2021-03-24,59.27995300292969,61.82727392566238,58.95521041701358,61.65857355331451,210302830
2021-03-25,60.996437072753906,61.63326402295038,58.061115236235075,59.89569218846692,367224000
2021-03-26,64.68245697021484,65.36146067704495,61.16935139446443,61.60796592205938,429122470
2021-03-30,67.47859954833984,68.32208204269409,65.61450400804824,65.79163455963135,284794680
2021-03-31,68.47811889648438,69.46077669788934,66.64354847570672,66.97250610799128,280445850
2021-04-01,72.79676055908203,73.2901970706289,69.08122101600074,69.24991494917093,368420980
2021-04-05,73.19319152832031,74.0451106121717,70.6121308326857,72.7081852541565,305759860
2021-04-06,72.77989196777344,74.43733202246456,72.38345415568911,73.84689683548422,207789200
2021-04-07,73.79206848144531,74.64820272099517,72.93171271074536,73.34080224612762,171132080
2021-04-08,77.4654312133789,80.43870837059248,74.45419888739185,74.56385573308535,530630560
2021-04-09,75.87124633789062,78.44387047043384,74.7072428347006,77.68473495302267,321790690
2021-04-12,71.82674407958984,75.33984911322614,71.13508875612338,73.93545011884859,221355040
2021-04-13,74.14212036132812,74.36142763486585,71.61167261135284,72.70819610851862,204285020
2021-04-15,75.76160430908203,76.88343767355627,74.18428958380032,75.23864279809686,218563570
2021-04-16,75.09103393554688,77.12804502899263,74.75363963462893,76.2339491662709,173985980
2021-04-19,74.90547180175781,75.82908626916847,72.53950287499434,73.3661186462477,191469960
2021-04-20,75.40734100341797,76.39842913517774,74.39515808566578,75.9134292446635,169152930
2021-04-22,77.7184829711914,79.17348910777027,75.66460498610297,75.90921570201724,319028150
2021-04-23,78.07273864746094,79.70909676736545,76.82016661201004,78.42700619055856,247523860
2021-04-26,79.3506088256836,80.63692084762461,78.44808286254899,78.86560899155094,212348580
2021-04-27,82.47149658203125,82.91432614860122,79.6500468000326,79.98744106195545,249045150
2021-04-28,81.93588256835938,83.16736614141787,81.14300702649231,83.08301918564185,204479680
2021-04-29,86.9925765991211,87.46492477871331,82.91433914820131,82.91433914820131,447186470
2021-04-30,87.21609497070312,88.78497299279277,85.28451920296348,86.37261243991347,281297380
2021-05-03,89.80979919433594,90.1682818361049,85.90869257563277,87.043177584119,264841000
2021-05-04,89.73387908935547,91.65701797808072,89.20248104597707,90.62796839562874,249616280
2021-05-05,90.26528930664062,91.80042737072772,88.31262504171583,91.43351450152159,192498390
2021-05-06,92.8589859008789,95.22917611627264,87.93305115984265,88.98740429125563,464345370
2021-05-07,99.7291488647461,100.54310634720584,95.32195431191693,95.73525891416683,540754330
2021-05-10,102.59700012207031,103.66400501584933,101.21790437311354,102.06138690955615,280808840
2021-05-11,104.07730865478516,105.097921741823,99.26946081745625,100.37442087027407,411083810
2021-05-12,99.45924377441406,105.16961769839915,98.11810319894317,103.91283052454183,308891920
2021-05-14,95.49066162109375,99.9526852187,94.06517400890208,99.9526852187,376480320
2021-05-17,97.07218933105469,97.6921495254682,93.07829890756578,95.98831759130005,287534300
2021-05-18,99.53093719482422,100.91846310640676,97.59514635909937,99.10919593552413,245738800
2021-05-19,98.20246124267578,100.33647112505015,97.67528463397613,98.9405084948553,174350260
2021-05-20,93.20903015136719,95.77743922175218,92.61859498303771,95.40630486722468,284462530
2021-05-21,93.88804626464844,94.79900901825546,93.27652266593262,93.9639630450798,141049260
2021-05-24,92.10829162597656,93.53799428678167,91.27324570570609,93.45786885037714,189238420
2021-05-25,93.22168731689453,94.97191744531456,92.7830792284205,92.9475580660059,181137520
2021-05-26,91.2774658203125,92.27699707017514,90.46350820603222,91.98177944932897,154327030
2021-05-27,92.5005111694336,93.60547120945557,90.6743707445333,91.27745765637403,227910320
2021-05-28,93.07830047607422,96.4606673895934,92.56799712407347,95.3978775476519,192085810
2021-05-31,94.94662475585938,95.28401266125124,92.6987427640093,93.79526632705644,154286470
2021-06-01,92.8589859008789,94.72308790024658,91.56002850600763,94.47004057460313,176909250
2021-06-02,94.81165313720703,95.29665945506875,93.12047297443361,93.20481994072142,128625910
2021-06-03,94.63874053955078,96.13592336873081,93.87961138470905,95.27557399012161,121094770
2021-06-04,94.52909088134766,95.21230970028654,93.37351744963532,94.13265304582367,97133470
2021-06-07,95.20387268066406,97.00048810008478,94.93817363223688,95.31352308964853,122185920
2021-06-08,93.71934509277344,95.54126402425587,92.78729405894882,95.54126402425587,108343730
2021-06-09,92.86742401123047,95.14483067261739,92.27276729115215,94.21699475394443,111143380
2021-06-10,94.00190734863281,94.95926179201383,93.02768608669592,93.56751437413507,77767640
2021-06-11,97.70478820800781,98.23196473593677,93.88802885875018,95.12794908208072,174458560
2021-06-14,98.24884796142578,99.4170666325101,96.15700845475487,98.51876211371291,160312640
2021-06-15,99.05014038085938,100.10449340099316,97.85239689444981,98.68744268452294,97681020
2021-06-16,96.3383560180664,99.93159347021124,95.45270320486033,98.60311103277157,175211070
2021-06-17,95.18280029296875,97.77418469571396,94.48429215383017,96.49358205444528,162076870
2021-06-18,94.19539642333984,95.71314223657193,90.56917833065384,95.29058852783004,403470770
2021-06-21,95.38975524902344,95.63553050643628,91.7247327146684,92.27233204140917,130014320
2021-06-22,95.92012023925781,97.53272611064178,95.41995082727615,96.08396384856273,90246340
2021-06-23,94.86803436279297,97.23520358419306,94.67400506945596,96.62724600897329,78063360
2021-06-24,95.993408203125,96.62724202670293,94.72574055596913,95.2905841423194,72394700
2021-06-25,100.48629760742188,100.8959164652513,97.44648342370425,97.87766255389764,180227700
2021-06-28,102.10321807861328,102.53439720345601,100.29226707012808,101.24085982892782,116603350
2021-06-29,101.1158218383789,102.79310849757768,100.51217364969752,102.14633976144542,78037590
2021-06-30,100.60271453857422,102.70686415149031,100.27501419956533,101.8488219210819,80432670
2021-07-01,100.33970642089844,101.48232857688228,99.72742621660196,101.05977483721473,56149280
2021-07-02,97.96390533447266,100.61997057972158,97.46373592219747,100.55098033404114,75734070
2021-07-05,99.76191711425781,100.18878683823247,97.96390086117269,98.82625915498456,76799000
2021-07-06,100.65877532958984,101.58581448720959,99.19276879190686,99.91714663520284,91468350
2021-07-07,105.09129333496094,105.63889270259497,99.90420864002833,100.71913697770604,167456260
2021-07-08,102.59907531738281,106.0700687193794,101.86176267043285,105.63888957824372,124105850
2021-07-09,106.8763656616211,107.28599108632679,102.44816086560657,102.79309889590644,178593560
2021-07-12,105.80704498291016,108.52778420286529,105.06541636323433,107.8810155168181,166477750
2021-07-13,105.96227264404297,107.22994035623194,105.47503811512465,106.7599566771411,79155280
2021-07-14,107.3377456665039,107.59644922584306,105.12148495387726,106.23823744631413,83413880
2021-07-15,108.30789184570312,109.15731529836458,106.73408399912135,107.45846839304168,96555510
2021-07-16,110.24819946289062,110.4939747398891,108.57522223205295,109.06245678375547,84969250
2021-07-19,109.20905303955078,111.32182821293087,108.11386090893531,108.57090974878125,89046290
2021-07-20,106.35895538330078,109.71784449594192,105.63888702452374,109.6919682215112,85799400
2021-07-22,109.77821350097656,110.20507664594017,107.62231776513076,107.70855227871026,78940240
2021-07-23,110.5025863647461,111.71851466339596,109.86444309769122,110.32580134329336,86418650
2021-07-26,111.9297866821289,112.81801462061611,110.2136956190535,111.15797236948681,86784330
2021-07-27,114.74971771240234,115.08172094518102,112.80077938996902,113.40012476853519,103413820
2021-07-28,117.71189880371094,118.13876191830951,112.64122818297137,114.86611400312154,128351250
2021-07-29,125.78358459472656,127.78424904694074,117.97062035113176,118.57426854108674,300610410
2021-07-30,123.68804931640625,126.99951531375402,123.12752166368959,125.52919277779209,140492650
2021-08-02,121.59683227539062,124.7832392459259,121.20445768285943,124.69701131390748,97689200
2021-08-03,121.35105895996094,122.52818275646965,119.89798735459901,121.93745627786355,86405600
2021-08-04,122.12716674804688,124.86947272654955,121.1699485987406,122.45486708195745,112894350
2021-08-05,124.74874877929688,125.04194742901119,119.65220831569174,122.04956322061281,162217990
2021-08-06,123.21805572509766,125.64559634186192,122.97229362052867,124.95570709945426,96740250
2021-08-09,121.7822494506836,124.45986849165435,121.19583891959414,123.66218437171328,78594930
2021-08-10,118.45352935791016,122.28240208072138,117.90162060606167,121.76498186900105,84516230
2021-08-11,122.98954772949219,123.29137842538148,119.36764517154361,119.86781461009309,145353570
2021-08-12,123.77859497070312,124.58489783168478,122.15735724474469,123.83465036250058,109431080
2021-08-13,126.04658508300781,127.33581958655695,119.92384953615573,121.16133149265342,289698720
2021-08-16,131.0267333984375,132.32888980557982,126.95640082210453,127.97397738691551,271144880
2021-08-17,129.67282104492188,132.28576579608645,128.64230965779439,131.0267299722579,189709230
2021-08-18,129.39256286621094,130.98361514620274,128.33618173507622,130.16869331124423,123317450
2021-08-20,118.62599182128906,124.78322883955573,117.52217437858044,124.61507583309013,273400690
2021-08-23,117.16432189941406,121.57527643592144,113.03361803625918,120.90263797595179,229257290
2021-08-24,121.13114929199219,122.45487237323195,118.74672924008047,119.17790836815523,176075790
2021-08-25,119.88505554199219,122.9722998605528,119.07012062565083,122.28241058313786,125650100
2021-08-26,118.57858276367188,120.2774296746826,117.71190845769995,119.90229275938815,91578980
2021-08-27,119.36331176757812,120.25155287379181,118.64756599729552,118.91919779374263,73940810
2021-08-30,124.23133850097656,124.61077827028076,120.55769676447865,120.64392470206536,134443870
2021-08-31,125.06352233886719,125.81808594274239,123.48972088249364,124.61078943996007,247521080
2021-09-01,121.69600677490234,125.51626112773627,121.33381784504182,125.14975619536916,88128970
2021-09-02,122.89466857910156,123.4896978726528,121.59251236812112,121.67875345591268,61480460
2021-09-03,124.4943618774414,125.29634878781883,122.1487462268859,123.14476901999,84523820
2021-09-06,123.9208755493164,125.21011005648941,122.72651413273321,124.78323378300482,69586760
2021-09-07,123.20513153076172,125.81807624203657,122.51093938482107,124.52453873512648,63527170
2021-09-08,123.3042984008789,124.40811593951209,122.33414534210453,122.97229520228494,46762240
2021-09-09,124.78324127197266,125.21011757107658,122.45487653298372,122.45487653298372,53130300
2021-09-13,126.20182800292969,126.93914067401572,123.877766040029,124.78324489776361,56702080
2021-09-14,125.24030303955078,127.2841013348495,124.9557231969511,127.2841013348495,55037670
2021-09-15,125.48174285888672,126.2233714721814,124.55902638384082,125.24028360419008,44174640
2021-09-16,123.89932250976562,126.93051119081123,123.42502284702925,125.90430278194775,56067970
2021-09-17,119.51422882080078,124.2054598890434,117.28072407189369,123.92088008249087,195720300
2021-09-20,108.0621109008789,116.58221467670481,107.56625753563117,116.4183645027785,282384120
2021-09-21,111.4339370727539,111.83924651368555,106.3201522514727,108.48467335856871,255935400
2021-09-22,112.60675048828125,113.65882868654057,110.64919342646515,112.0548416923537,111242470
2021-09-23,113.71917724609375,115.50858112640404,112.6282945954969,114.69364627100961,99462510
2021-09-24,109.70059967041016,114.17623481907432,108.52348242112134,113.83129675897968,132866160
2021-09-27,109.56262969970703,111.1321150356487,108.74770133179362,109.69197818725519,86688770
2021-09-28,110.46379089355469,111.83062147236984,108.91585927640239,109.8170221486337,81007360
2021-09-29,111.72282409667969,112.95168731530677,109.2780456662264,109.51950493939356,94945770
2021-09-30,111.14936065673828,113.52084597952104,110.71386550491157,112.36528901665186,75145680
2021-10-01,111.92117309570312,113.0551763450236,109.08832297347979,109.95068125785512,90374700
2021-10-04,114.18917083740234,114.49962035808595,110.41635319783106,111.92117740988118,96902370
2021-10-05,113.55964660644531,114.9264902532739,112.98186814494258,113.3138713416033,57952160
2021-10-06,110.37322998046875,114.57291700387302,109.79114211241858,113.82266954114998,86316930
2021-10-07,111.17522430419922,112.69297009112692,110.68798978629731,111.67539366954352,46033670
2021-10-08,112.20576477050781,115.90527641181629,111.79182327609637,112.27905786364379,107220150
2021-10-11,113.24490356445312,114.46513482621995,111.934115202803,112.53776340930503,63496580
2021-10-12,114.61605072021484,115.1248389853956,112.53776395201592,113.24490411057418,60970190
2021-10-13,116.78917694091797,118.70792940028053,113.66312813853524,114.30559401262745,132857180
2021-10-14,118.57858276367188,119.9195436098547,116.76330906019122,118.48802566763004,82273710
2021-10-18,121.68306732177734,122.86450717053638,119.96266668039902,122.28241267157159,109232300
2021-10-19,117.87574005126953,123.01970336368058,117.0694372698162,122.5411008966948,87569240
2021-10-20,115.8405990600586,118.66051455687544,114.4047650344889,118.31556332077956,69757740
2021-10-21,113.3742446899414,117.09532279207387,111.21834897918501,116.99614685230354,83575730
2021-10-22,111.78319549560547,114.23228992835557,109.60573945553585,113.83129647382775,80712890
2021-10-25,111.52880096435547,113.48635799758162,109.2823546889858,112.27904847762402,64185010
2021-10-26,115.87077331542969,116.50460716819636,112.23162037497298,112.36528485371251,77228750
2021-10-27,114.36164855957031,116.56496765889376,113.93908826337234,116.07343027949989,72418040
2021-10-28,112.07209014892578,113.4820412284648,111.33908033252835,113.39149729160646,93076820
2021-10-29,113.4820327758789,115.01271337673242,111.24421210754377,111.26576579996161,79147600
2021-11-01,117.70328521728516,118.39316130766939,114.69365011259352,115.55600838411678,96875330
2021-11-02,113.28370666503906,118.14309111354599,113.0379313831392,118.14309111354599,72161370
2021-11-03,114.35301971435547,114.86612396014822,113.14140734465487,114.24522492588713,57302440
2021-11-04,114.34008026123047,115.12482944772596,114.18486208818811,114.7798914019365,6744340
2021-11-08,115.83626556396484,116.2157052870952,112.63260792657908,115.6336108554085,54936670
2021-11-09,115.2067642211914,117.30660468714302,114.59448400611939,115.80179358496088,47565160
2021-11-10,111.98152923583984,114.60740858355688,110.99413849287421,114.52118065186022,118804170
2021-11-11,112.07209014892578,114.21935388854087,111.10193706409919,112.52913899398283,136638600
2021-11-12,111.007080078125,115.55601495568698,109.61436665333706,115.55601495568698,232395580
2021-11-15,107.40240478515625,112.020329448592,107.06177617725464,111.67539141805358,121082150
2021-11-16,105.96658325195312,108.74769397293942,105.5267852655061,107.40241058002462,123148800
2021-11-17,105.21202087402344,106.70821303452642,104.78515773091875,105.63889059639973,87802040
2021-11-18,102.32743835449219,105.92347086251537,101.93074774937527,105.5181614115315,101083510
2021-11-22,100.46905517578125,103.20704551362465,98.826263604784,102.45679139568924,96210010
2021-11-23,102.79742431640625,104.25912139428534,100.47767834825203,100.72776304862275,93829630
2021-11-24,101.6289291381836,103.73739501807697,100.99509523141147,103.51749600973089,67671010
2021-11-25,101.21067810058594,102.32743707796268,100.55097454005144,101.75827745280343,47502860
2021-11-26,95.92012023925781,99.99044604293518,95.39839055310468,99.85247213092724,106455260
2021-11-29,96.13139343261719,98.0501393992508,92.70782981297756,95.92011985269524,93929910
2021-11-30,92.3758316040039,97.26540201681101,91.66869799886746,95.80370483268807,133559840
2021-12-01,93.3545913696289,94.6006987961874,91.9705100422454,94.16951966479317,93791140
2021-12-02,95.92872619628906,96.23917568068408,92.61727380177011,93.39339751275769,91286810
2021-12-03,96.41165924072266,97.80867545670263,95.05344098941016,96.15294912258554,100737840
2021-12-06,95.6182861328125,98.3950809172271,95.04913307485909,96.06671613413019,82159400
2021-12-07,99.06771850585938,99.64981298636869,96.6703634997787,96.67898892491996,85053900
2021-12-08,101.15462493896484,101.49956297412328,99.08496383165777,99.94732207809645,74485010
2021-12-09,101.48664093017578,101.93075495677877,99.94733468730718,101.93075495677877,52123940
2021-12-10,101.7582778930664,102.52577624235883,100.68895545909803,101.19343426761462,48121300
2021-12-13,100.49061584472656,103.39676580568079,100.17585689427229,102.44817295190374,53537780
2021-12-14,100.65445709228516,101.57718016669462,98.91248972386306,99.94300758070013,53522640
2021-12-15,99.52045440673828,101.37883541302158,99.08496585194506,100.90022631331868,44308330
2021-12-16,99.44715881347656,100.79243565503617,98.614986212691,100.3785073557586,42460080
2021-12-17,97.6275863647461,99.93439754373553,97.015312736102,99.51615322470924,47435020
2021-12-20,92.52672576904297,96.34266361222637,91.93170305742929,96.32541276303685,73526500
2021-12-21,95.2992172241211,96.95063415205,93.56587520531052,93.99705435372208,70268490
2021-12-22,97.3473129272461,97.53271679301022,95.72176578323571,96.15294490838542,43669170
2021-12-23,97.24382781982422,98.89524466292528,96.60136855315419,98.13637176923952,46214780
2021-12-24,96.1917495727539,97.7439970569722,95.19141742235759,97.45079183027705,40936300
2021-12-27,96.7393569946289,96.9894416979597,95.06207031857099,95.81232442856339,27588510
2021-12-28,97.22659301757812,97.57584709117835,96.75660272393723,97.18778189218878,28807810
2021-12-29,96.2607421875,97.15759558059601,95.54929924425059,96.58412653975364,41935200
2021-12-30,94.94564819335938,97.18777847354458,94.77317916383426,96.40303583615204,41140930
2021-12-31,95.84680938720703,96.88595270720046,95.08793645943607,95.29059118422389,36870210
2022-01-03,98.52012634277344,99.25743900481196,96.15295044095824,96.15295044095824,38658030
2022-01-04,99.06771850585938,100.00769246810687,98.00702148799255,99.429913989804,59757310
2022-01-05,101.55131530761719,101.82726970060236,98.41664104314864,98.91249443422033,61861760
2022-01-06,100.31382751464844,102.0169904358269,99.64981451257813,101.06839103390966,53354000
2022-01-07,100.0637435913086,101.24086077088533,98.98579576917241,100.48198129336778,39738570
2022-01-10,100.81399536132812,101.1891191140519,99.5032136486263,100.46474130475471,38225000
2022-01-11,97.46804809570312,100.26639656623985,95.9804813452426,99.91714250770156,96978850
2022-01-12,98.92974090576172,99.24019040653778,97.65344778265221,98.29590705661656,50358430
2022-01-13,105.306884765625,105.68201511001591,99.35661102137145,99.51615178502325,157231160
2022-01-14,104.65580749511719,105.75099967975586,104.00903874737014,104.60406810066443,52679070
2022-01-17,106.04850769042969,107.36360537737228,102.65082055640784,104.77653054900186,89696070
2022-01-18,103.03888702392578,106.39346044808492,102.62064270169894,106.07007606982327,58408970
2022-01-19,104.31085205078125,105.28531449465706,102.01698255074584,103.13804431657911,73043210
2022-01-20,104.06077575683594,105.55265852899272,103.22428714290454,104.35398100364931,59205970
2022-01-21,100.87005615234375,103.8538152212976,99.71880855715906,103.4830008716699,71662670
2022-01-24,94.79042053222656,100.34831938211082,93.99705249387226,100.03356045219434,83920760
2022-01-25,95.6441650390625,96.67036697250055,93.74266335231358,94.402366944978,57330630
2022-01-27,93.85476684570312,95.15692974940681,91.5220860141097,93.99705675783082,90566560
2022-01-28,93.53569793701172,97.07999138273492,93.21662954916418,95.36390005958589,78648930
2022-01-31,93.6133041381836,96.11845391003067,93.17781557164807,95.7131444623285,55709390
2022-02-01,100.66739654541016,101.27967014809818,93.68660506334082,95.28196660040358,170752680
2022-02-02,100.68032836914062,101.74965078542628,99.88696033703422,101.74965078542628,75247340
2022-02-03,100.60271453857422,101.90487073227722,98.85212180041036,99.42990681629979,65140900
2022-02-04,101.43920135498047,103.2889635362436,100.91747828384477,101.22361178658058,93174180
2022-02-07,102.01698303222656,104.74203166566008,100.11979094534732,100.7493153591817,145105250
2022-02-08,105.1732177734375,105.41467704543118,101.02527644417187,103.0518171390008,140839840
2022-02-09,105.41036987304688,106.41501810632693,104.18582263649293,106.15630797836906,73520600
2022-02-10,107.6524887084961,108.16128348473632,105.72511754068327,106.07006214807596,93920570
2022-02-11,108.17853546142578,109.08401429793197,106.33739866947475,106.84619348196317,96762260
2022-02-14,102.34898376464844,105.87603232391014,101.76689591070073,105.21632880854006,80216130
2022-02-15,104.15132904052734,104.51782738468835,99.30487283789579,103.21135503582514,101889210
2022-02-16,102.7758560180664,105.026611566394,102.31880720038487,104.77652688554967,66092140
2022-02-17,102.70255279541016,104.3022236018262,102.28861795681782,103.57784585837842,56557920
2022-02-18,102.68962860107422,103.91417581589607,102.01699017544733,102.36192823424038,47251200
2022-02-21,101.91781616210938,103.65546765428914,101.27536342306743,102.44817126712097,49787320
2022-02-22,98.19673919677734,100.60702899770239,96.51945261415102,99.86109093161329,93858570
2022-02-23,98.22260284423828,99.39541055300845,97.79142373305135,98.99872656022899,49608380
2022-02-24,92.6172866821289,96.57982429214978,92.02225732440871,94.34200335561633,121268670
2022-02-25,98.77021026611328,99.23156853173722,94.4799724941823,94.66106694623511,92128860
2022-02-28,105.27238464355469,105.63888954511371,97.37749562451964,97.79143049475957,176054460
2022-03-02,111.18817138671875,112.07209658769226,105.08267928901718,105.27239259880558,248475320
2022-03-03,112.39115905761719,114.57724051082782,111.5589864543936,112.6239994835057,174503380
2022-03-04,110.13177490234375,113.8183578569318,109.77821142955774,112.31354687243976,162829230
2022-03-07,111.40806579589844,112.26179205245278,109.00208545923375,110.02828731547652,110400010
2022-03-08,109.47637939453125,111.58915451756302,107.27736976062967,111.50292658596466,91078220
2022-03-09,108.25615692138672,110.1059126581425,107.67406241258985,109.85582795106609,69348880
2022-03-10,112.85681915283203,113.29663027862735,107.0186567373168,108.47173485199156,136740620
2022-03-11,112.25318145751953,115.54739657134353,111.7788817476046,113.40011960747975,118822990
2022-03-14,111.84786987304688,113.11553763800477,110.18351807607355,112.53775915089132,52780820
2022-03-15,106.3934555053711,111.5029310762435,105.89760211344786,111.39943913219774,96143130
2022-03-16,109.10987854003906,109.62298274979332,106.94966692012478,107.36360177364955,63024510
2022-03-17,112.40409088134766,113.64157290582183,109.61436132362208,109.95068052594797,106239760
2022-03-21,112.36096954345703,115.03858829534657,111.63227575046508,112.79646468183078,84227630
2022-03-22,112.27904510498047,114.69365091382217,111.0760516234096,113.83129263627464,81795880
2022-03-23,114.77989196777344,116.22864755748283,111.44687248905755,114.17623064685148,130552380
2022-03-24,116.4657974243164,117.23761181062768,114.34440331073132,114.77558247381457,94605270
2022-03-25,115.46546173095703,117.79814237952141,114.99978090651652,116.84092419432996,69457440
2022-03-28,115.46546173095703,116.84954303976676,114.48667669435959,115.55600566294278,46554910
2022-03-29,115.09464263916016,116.08636253868247,114.43493909301196,115.90094551128097,43202370
2022-03-30,112.80077362060547,115.17225899827407,112.1065814897889,115.12483560682168,58483160
2022-03-31,112.72747802734375,113.87010014312149,112.11519784459193,112.79646827036814,40067950
2022-04-01,113.58121490478516,115.63361866439186,112.5765601393037,112.9689347359231,55321590
2022-04-04,115.7198715209961,116.76331777761483,113.35270201128989,113.58122645249519,69670320
2022-04-05,115.97857666015625,117.10826396827153,114.62898376692678,116.28471018323435,63296420
2022-04-06,118.20775604248047,119.58321852201293,116.14240432216155,116.41836528189326,114097540
2022-04-07,116.3752670288086,119.09170396751216,115.64227026138343,118.74675270177208,55650640
2022-04-08,118.20775604248047,119.00112406389489,116.95733919523536,117.36264863075205,52287710
2022-04-11,117.09961700439453,119.3503724868651,116.67706989769941,118.20344763279931,44778820
2022-04-12,113.85285186767578,117.27641544874739,111.77026231585886,116.67708325914231,69191680
2022-04-13,113.78816986083984,116.07342714668361,113.40011127525665,115.12051179451639,44937800
2022-04-18,115.47840118408203,117.11256066116185,114.59447604620591,114.8575021657594,80700420
2022-04-19,114.40045166015625,117.85418759589092,112.88269267813011,116.6425752749466,64772190
2022-04-20,113.33544921875,115.24988581583705,112.36959891520483,114.66779129562714,54100210
2022-04-21,112.29198455810547,114.06844057734227,110.88634945586455,113.48635924295989,66690280
2022-04-22,110.17058563232422,113.1026052582481,109.8428918367955,112.24456293412355,55848230
2022-04-25,105.23789978027344,108.91154145292177,104.58681504387245,107.79478901772337,72310460
2022-04-26,106.3805160522461,107.07902414123707,105.63888741831458,106.50124568295388,44812710
2022-04-27,107.51020812988281,108.22596710089002,104.37984985637895,105.81136121912162,71209740
2022-04-28,108.7304458618164,109.40308428558164,107.1911397119339,108.6140256486965,51295830
2022-04-29,109.61004638671875,111.39081166861187,109.14437215016954,109.34702686179571,57173520
2022-05-02,111.6926498413086,112.34372140499137,107.68699188422595,108.3984348445452,54426170
2022-05-04,108.7735595703125,114.69364710698457,108.1828396958946,114.46080669538297,138374020
2022-05-05,110.74835968017578,113.52945711097053,110.20938577980364,110.38185479621423,87338160
2022-05-06,110.70093536376953,111.24422532609616,107.19114377925725,109.34703961891027,69256760
2022-05-09,107.98881530761719,109.88169148675831,107.2773723516687,108.65714429672518,50552970
2022-05-10,100.45611572265625,108.19578008750025,99.90852294360442,107.8810211527097,145537420
2022-05-11,100.52510833740234,102.69824839245365,96.87732977656732,101.32710183209532,107063150
2022-05-12,96.38578033447266,100.24052282971851,95.11811921216427,99.76622973177594,94191610
2022-05-13,94.60070037841797,99.32642663241772,94.16952123981211,97.87766446353115,82924410
2022-05-16,95.16123962402344,97.86042538565745,94.34200184890949,96.49789765633763,62665270
2022-05-17,102.50852966308594,103.24153287486996,96.1831325582138,96.92907061767325,112876010
2022-05-18,101.77983093261719,104.25911083219941,101.32709154814358,103.22427701350676,81575800
2022-05-19,96.76953887939453,99.59376378543415,96.17020009060244,99.25744455599813,66545630
2022-05-20,100.9476547241211,101.62029310700063,98.41232594090364,100.23621179898417,65527500
2022-05-23,88.21493530273438,94.60069706944027,86.36948918039369,94.60069706944027,273883460
2022-05-24,86.78343200683594,89.6766405070948,86.40830166100162,88.9091421230522,123116660
2022-05-25,86.15821075439453,87.81824633864024,85.5286863747257,86.78341913233825,99343400
2022-05-26,90.7200927734375,92.06106022629471,85.8262132473865,86.83948032739987,150536730
2022-05-27,89.98709106445312,92.06968723583871,88.99537766199256,91.62557321904815,74772200
2022-05-30,90.32772064208984,91.73767169648177,89.98708543621176,91.32374340539717,72701590
2022-05-31,91.03485870361328,92.43619098204033,89.42655569006588,90.11644498192334,121248850
2022-06-01,91.71612548828125,93.04846756406113,90.83220686098649,91.88428510387219,94055290
2022-06-02,93.26837158203125,93.54432600651333,91.33238118720013,92.07831936006582,79177040
2022-06-03,92.03950500488281,94.23851474026279,91.84115969938486,94.16952449667464,53954860
2022-06-06,92.97084045410156,93.3847753073201,90.4786256479429,91.84115325650109,57262490
2022-06-07,92.14297485351562,93.26404317563288,91.7161117436704,92.0136198041527,43341570
2022-06-08,93.71678924560547,93.90219311881334,92.62159053936246,93.22092928421237,64734340
2022-06-09,90.10350036621094,93.7598974264512,89.78874145383395,92.69920048584389,98547810
2022-06-10,88.27962493896484,88.94363796065477,87.15424705095849,88.82290832034751,95225630
2022-06-13,85.5416259765625,87.270651891816,85.37346638170877,86.60663893705986,82235750
2022-06-14,85.90382385253906,87.41726694390617,84.98972612117046,85.22255997715742,77202600
2022-06-15,87.21263122558594,88.54870200788935,86.40371884916738,86.70364758729237,92443330
2022-06-16,81.9546890258789,88.61686084380074,81.6365786045791,88.61686084380074,122741050
2022-06-17,82.40914154052734,84.29054554719517,81.39118810498161,81.61841084459988,121290260
2022-06-20,78.29186248779297,82.25462741292668,76.58769203034282,82.25462741292668,139866890
2022-06-21,80.41867065429688,81.39118364925173,78.52817589993819,79.52795451266856,124526970
2022-06-22,76.17414093017578,79.42342992260815,75.95600906488202,79.34162613919364,109877390
2022-06-23,76.4649887084961,77.796517479131,75.16527444773081,76.34683538816734,111515840
2022-06-24,77.5147705078125,78.59634605799984,76.76947324777636,77.25573325022123,85433810
2022-06-27,78.87809753417969,79.87787610499116,78.44182686520152,79.11895306014786,72814730
2022-06-28,79.88241577148438,80.38230850969366,78.20096909595102,78.70994574991913,84647330
2022-06-29,80.12782287597656,80.78221848123682,78.93717111429963,79.07350613241984,72318470
2022-06-30,78.80538177490234,81.30028268732842,78.4645477106442,80.11872875847226,84672090
2022-07-01,79.3325424194336,79.5279506268017,78.08281748101243,78.79629320366364,54761890
2022-07-04,77.66926574707031,79.18256977616477,76.64676358694865,78.93716537453508,77554410
2022-07-05,78.1782455444336,79.90968149614554,77.96465564093397,78.34638813192984,79058290
2022-07-06,77.99647521972656,78.26459637243198,76.16960255935298,78.02374083738647,81439710
2022-07-07,81.80017852783203,82.39550093985422,78.02828001996903,78.80083587476338,111007940
2022-07-08,80.51863861083984,83.42709354695954,80.02784364463878,83.42709354695954,112000630
2022-07-11,82.95901489257812,84.43596254469311,79.53249245647062,80.45501612751026,150193340
2022-07-12,81.99105072021484,83.24986661148807,81.21849480943928,82.24553907347855,100175050
2022-07-13,82.24099731445312,83.09080812493714,81.85926478363238,82.34097587266155,70135110
2022-07-14,82.52729034423828,82.79995343334858,81.34572948856675,82.70906573697847,74498580
2022-07-15,80.32777404785156,82.73633628379382,79.75517528573326,82.2546252234628,81253510
2022-07-18,82.19100189208984,82.5272940113177,81.09578672630467,81.52750850396114,73060810
2022-07-19,83.5679702758789,83.79065103406948,81.89106552105342,81.89106552105342,85341580
2022-07-20,84.38597106933594,85.2539634849424,84.09057738604372,85.0676391986901,77088650
2022-07-21,84.91767120361328,85.33121819880047,84.02695513200139,84.52684786621522,50877140
2022-07-22,85.07673645019531,85.7993030574507,84.70862980784534,85.66296803446411,48608940
2022-07-25,87.31715393066406,87.69434450979988,84.85406027018176,84.98130444937364,99635630
2022-07-26,86.29918670654297,88.77137102178247,85.98562517620263,88.34419119659647,126264690
2022-07-27,87.19898986816406,87.39439807133631,85.76294066916637,86.43551795271095,52559020
2022-07-28,91.20720672607422,92.70687820148521,88.2987584189584,89.16220205986498,137156107
2022-07-29,97.79664611816406,99.3417645980531,92.8431941623027,93.61574993510405,166959934
2022-08-01,98.38743591308594,101.29588390077414,96.47876648777262,100.43244035469742,125365761
2022-08-02,97.2513198852539,98.160210725303,95.75164861231552,98.160210725303,64935371
2022-08-03,97.29676818847656,98.5692098300304,96.3424300230243,97.25132087229812,61428846
2022-08-04,97.8875503540039,99.52355680116267,96.38788586744377,97.7057749417807,79526154
2022-08-05,97.5694351196289,99.29632918801707,97.34221239837487,97.84210515884863,54469112
2022-08-08,97.43309783935547,98.29654832065916,96.97865240739152,98.023878287766,41384943
2022-08-10,99.25088500976562,99.88711280997575,96.79688231630661,98.06933098243947,73880698
2022-08-11,99.15999603271484,100.56877970469132,98.70555058166272,100.2506692758123,75321498
2022-08-12,102.38655853271484,102.61378125163596,98.88733004818698,99.3872158692412,95942333
2022-08-16,102.70466613769531,103.3408869595238,100.9777721343634,103.3408869595238,69207437
2022-08-17,102.2502212524414,103.15911210801866,102.02299853854709,103.15911210801866,54008422
2022-08-18,102.29566955566406,102.7046676709042,101.25044367481074,102.25022223873205,49396425
2022-08-19,100.02344512939453,102.61378277673688,99.56899968479807,102.2956723523768,57134813
2022-08-22,95.47898864746094,99.61443794453312,95.16087129559713,99.52355024440934,74037526
2022-08-23,97.79664611816406,98.38742650946615,94.07019532313853,94.7064160926723,70531639
2022-08-24,96.84231567382812,98.29653953934235,96.11520027392784,97.75120645656031,55686404
2022-08-25,96.56964874267578,98.06931996883112,96.11520333682789,97.29676416574704,42186335
2022-08-26,97.5694351196289,99.2508818700514,97.34221239837487,97.47854741798471,71257092
2022-08-29,95.29721069335938,96.02432619634635,93.84298662167276,94.57010212465974,59895805
2022-08-30,98.43289184570312,98.61466726048668,96.38788722509396,96.79688537550076,67401780
2022-09-01,96.70598602294922,97.93298726070394,96.25154060642623,97.25131913591945,52454732
2022-09-02,95.88798522949219,97.25132151237597,95.43353980186426,97.25132151237597,45601352
2022-09-05,97.16043090820312,97.52398862629094,96.16065238417664,96.3878750911957,40352735
2022-09-06,98.70555114746094,98.88733348949616,96.38788349438221,97.61488483239887,59505849
2022-09-07,97.79664611816406,98.97820690076824,97.34220073012958,97.7512057399324,43945660
2022-09-08,96.20610046386719,98.52377503464727,95.75165501346225,98.52377503464727,71228405
2022-09-09,96.06977081298828,97.56944227002614,95.88799539637846,97.25133182381512,63647166
2022-09-12,97.9329833984375,98.11475878416316,96.7968699019359,97.06953991481087,40838533
2022-09-13,97.9329833984375,98.79642688206413,97.75120801271183,98.16020609773781,44179394
2022-09-14,99.20543670654297,100.34155025807395,96.16065377529729,96.61509919590968,86379872
2022-09-15,97.2513198852539,99.06910156535211,96.79687446522935,98.75099115819228,62926791
2022-09-16,96.06977081298828,97.70577729962734,95.43354992056624,96.5242162888005,107967267
2022-09-19,93.7066421508789,96.52420230589337,93.61575445574037,96.52420230589337,51146568
2022-09-20,96.16065979003906,96.6605456234079,94.52465339978934,94.70642880568943,52140254
2022-09-21,94.93364715576172,97.43309701029557,94.79731907476214,96.16065535905332,46142823
2022-09-22,94.16109466552734,95.70621333661175,94.07020696353113,94.93365053392597,61380323
2022-09-23,94.79731750488281,98.06932314613863,94.29742476853968,96.52420455562421,109765520
2022-09-26,90.75275421142578,94.93365092924638,89.52575289364944,94.88821054520264,101291962
2022-09-27,88.7531967163086,92.11609023259852,87.70797080688209,92.11609023259852,104949032
2022-09-28,86.52640533447266,88.9349674512323,86.34462993989287,87.75341351789005,71724106
2022-09-29,88.02607727050781,89.29852584497812,87.61707916248984,88.16241228460943,60884592
2022-09-30,90.25287628173828,91.25265496395248,86.98086323552774,88.02608924005123,66436616
2022-10-03,89.38941955566406,90.57098051163906,89.07130912422073,90.52553319245258,37282313
2022-10-04,91.93431854248047,92.25242897969088,90.88909259082844,91.16176264231592,40186702
2022-10-06,94.11565399169922,94.34287671313326,92.47964762365918,92.70687034509324,48169310
2022-10-07,93.888427734375,94.07020313096162,92.615979155408,93.888427734375,36080875
2022-10-10,93.79753875732422,94.0702088029317,91.93431655996415,92.70687244346892,36641275
2022-10-11,91.20720672607422,94.20654967689619,90.70732085712905,94.11566196747778,41083734
2022-10-12,91.38897705078125,91.97975055138852,89.9801934702097,91.20719472158247,41357469
2022-10-13,90.97997283935547,92.52509144732583,89.79841889309367,91.88886369076619,34668093
2022-10-14,90.97997283935547,93.43398229873655,90.79819744278808,92.57053182932422,32456805
2022-10-17,90.48008728027344,91.252643119238,89.16219138153444,90.66186267734031,37568783
2022-10-18,91.47987365722656,91.79798409644586,90.70731775218329,91.16176321800727,30722156
2022-10-19,90.93453979492188,92.02520613090653,90.61642242382952,91.43442564296174,38764542
2022-10-20,91.70709228515625,91.97975539187323,89.79842280098863,90.43464365094877,38091315
2022-10-21,91.07086944580078,92.20698312119394,90.29831353339094,91.66164994386274,30973997
2022-10-24,91.9797592163086,92.79776243904574,91.79798380427255,92.70687473302772,7480281
2022-10-25,91.9797592163086,93.1613201974053,91.52531375193101,91.93431883044332,37163180
2022-10-27,94.70642852783203,95.11543359133812,92.75231865013393,92.9340940555007,74349009
2022-10-28,92.34330749511719,95.0699800014747,91.61619898732725,94.61553458374846,51006232
2022-10-31,92.2978744506836,92.84320760844633,91.16176081605818,92.61598488152124,38715841
2022-11-01,91.9797592163086,92.20698194849739,89.57120380253737,89.57120380253737,69031178
2022-11-02,92.02519989013672,93.61575890058351,91.6162017754509,91.79797717435859,42336049
2022-11-03,92.70687103271484,93.11586916061488,90.88908924775964,91.57075741711785,39110676
2022-11-04,95.2063217163086,95.43354444116852,92.88864714902245,93.16131719256927,70299020
2022-11-07,96.97864532470703,97.66031342286838,95.06997603671255,96.25153684724015,74426059
2022-11-09,96.43331909179688,97.75121500254859,95.93343327816302,97.47854497017597,38295904
2022-11-10,95.16087341308594,96.34243434384801,94.93365069057687,95.61531885810409,27864285
2022-11-11,97.751220703125,98.34199425057298,96.56965973965428,96.56965973965428,77933417
2022-11-14,98.79643249511719,99.97799337232303,98.38743438685425,98.61465709906408,55474425
2022-11-15,98.66010284423828,99.38721135115972,97.4330946704136,99.06910094598867,35007427
2022-11-16,96.84231567382812,98.88731993497554,95.6153075697106,98.56920261359018,40404167
2022-11-17,96.20610046386719,97.06955098020893,94.97909913463133,96.2515477826226,32894825
2022-11-18,95.88798522949219,96.61510068741164,95.16086977157273,96.20609564197436,28992538
2022-11-21,94.75187683105469,97.88754767908691,94.38831908225553,97.88754767908691,58404309
2022-11-22,95.61531829833984,95.7971006358552,94.11565388598923,94.88820975113985,27846186
2022-11-23,95.84254455566406,96.34243733441609,95.38809909653946,96.06976728522638,22809651
2022-11-24,95.88798522949219,96.29698334064256,95.06998207290454,96.20609564197436,23737867
2022-11-25,96.52420806884766,96.7968781048296,95.52442949405894,95.97887493117081,27361785
2022-11-28,95.3426513671875,96.70598763954685,94.9790936410343,96.34242991339364,33516118
2022-11-29,96.43331909179688,97.84210270191048,95.38809321341778,95.43354053024221,40661568
2022-11-30,97.84210205078125,98.11476514705235,96.25154305252889,96.43331845004296,61142050
2022-12-01,100.65966796875,101.1595607414068,98.16021797404063,98.79643883534264,91702642
2022-12-02,101.7957763671875,102.25022179739815,100.11432966226545,100.7051101083967,70541914
2022-12-05,105.29500579833984,105.52222851561476,102.3865577909357,102.97733824270789,96441799
2022-12-06,102.65921783447266,104.84055724222112,102.0229970187608,104.84055724222112,50581245
2022-12-07,101.06865692138672,103.15910859167275,100.75054651963538,103.06822089607046,39494279
2022-12-08,101.6594467163086,102.70467264781193,100.70511542307389,101.56855901232728,32416724
2022-12-09,100.38699340820312,103.38633604068052,99.70532525848435,102.52289249141822,35665257
2022-12-12,101.52310943603516,101.88666717816474,98.79643677149397,100.15977310376456,37082389
2022-12-13,101.06865692138672,102.56832816882785,100.70510613897758,102.29566508202099,32264080
2022-12-14,102.75011444091797,102.88644252241437,100.97777310430824,101.43221853406146,38606984
2022-12-15,100.84143829345703,103.1136654468408,100.61421557811865,102.38655691833017,34361613
2022-12-16,100.93233489990234,101.88666616240525,99.47810394588194,100.29610712394664,34736665
2022-12-19,101.61399841308594,101.8866615037823,100.70510757552448,100.93233028491484,17297590
2022-12-20,100.84143829345703,101.34133104091624,99.06910388753248,101.02322062629992,34836506
2022-12-21,99.43266296386719,101.79577784849265,98.79643519174188,101.61400244747801,32303565
2022-12-22,97.84210205078125,100.5233273026919,96.660541164079,99.97799417586275,39639329
2022-12-23,92.93408966064453,97.02409849656532,92.66141963120172,96.34243035724519,46756489
2022-12-26,95.43354034423828,95.93343309118478,92.38875734868427,93.43398322502617,33995681
2022-12-27,101.0232162475586,101.38677396319937,96.20609211746321,96.93320754874478,76033410
2022-12-28,99.97799682617188,102.06844862443396,99.70532678838566,100.93233502413655,50660601
2022-12-29,101.56855010986328,101.7957728170442,98.93276531970747,99.06910033087337,51751642
2022-12-30,102.38655853271484,104.29522798479485,101.88666577737354,102.61378125163596,56048485
2023-01-02,108.38523864746094,108.79423677430252,103.38633875177092,103.9771192172099,143444095
2023-01-03,107.65811920166016,109.52134823159712,107.0218983756893,108.88512740562626,74419090
2023-01-04,105.2041244506836,108.20346727353252,104.84056669423411,107.93079722262355,55634568
2023-01-05,105.93123626708984,106.34023439489378,104.06800716423366,105.88578894876176,58806907
2023-01-06,105.11323547363281,107.11279270848601,104.74967772158114,106.3402368193058,58551863
2023-01-09,106.84011840820312,107.34000419743097,105.93122759038528,106.2493379897642,37763131
2023-01-10,108.02168273925781,108.83968594112162,106.8401287225988,106.93101642629762,56750710
2023-01-11,108.02168273925781,109.38501909760171,107.24912685638706,108.56701589573791,49321252
2023-01-12,107.34001159667969,108.38523749607789,106.88556615644455,108.11256745822197,33740024
2023-01-13,109.47590637207031,110.52113229622667,107.38546145804487,107.74901920570194,68884010
2023-01-16,109.0214614868164,110.38479784688975,107.97624249152337,110.38479784688975,44362359
2023-01-17,108.47612762451172,108.97602039367072,107.24912629527913,108.83968537169216,27880531
2023-01-18,111.29368591308594,111.79357867273579,109.06690602218126,109.06690602218126,64749065
2023-01-19,112.29347229003906,112.97514045788401,110.11213276607779,110.70291323173419,53564076
2023-01-20,111.74813079833984,112.88424439707973,110.88468723701237,112.15713585445846,37784498
2023-01-23,110.88468933105469,112.56613610208619,110.4302438829766,112.1571379725308,28601260
2023-01-24,109.43046569824219,111.3845825192315,109.15779565464841,111.33913520053679,27707765
2023-01-25,109.97579193115234,111.11190548416012,109.15778878612939,109.38501149673094,46522102
2023-01-27,109.6576919555664,112.02080698378262,108.24890824209594,110.79380561665954,58771746
2023-01-30,107.9307861328125,110.0666781978466,106.24933948307445,109.47589777110439,46551837
2023-01-31,108.79423522949219,109.47590338740702,107.02190079262846,107.93079166984823,43986769
2023-02-01,110.93013000488281,112.8387993856244,108.43068019016988,109.15778870296883,72919626
2023-02-02,109.0214614868164,111.33913607265602,107.61268474197968,110.83924330024753,38768010
2023-02-03,109.38502502441406,109.97580553189749,106.52201712990797,109.11236189854395,46977350
2023-02-06,106.74922943115234,109.0669039130188,106.34023131519334,109.0669039130188,49546361
2023-02-07,101.29588317871094,104.84055890576089,100.47788695532681,102.3411090504969,110953246
2023-02-08,101.29588317871094,102.47744406582324,100.06888190934782,101.29588317871094,66523699
2023-02-09,101.1141128540039,102.65922461378838,99.932551907613,101.93211605271398,64710455
2023-02-10,98.8873291015625,101.11410895195824,98.43288366807056,100.88688623521227,60810058
2023-02-13,98.84188842773438,100.52333525780845,98.52377798976698,98.88733574785293,56186469
2023-02-14,99.29632568359375,99.88710612486153,98.38743483065468,99.56899571319023,31163587
2023-02-15,100.25067138671875,100.52333450251892,98.8873350048556,99.06911041538905,35544190
2023-02-16,101.7957763671875,101.97755176555698,100.56877509247612,100.88688550676618,30956191
2023-02-17,102.02299499511719,102.79555080866831,101.15955148602241,101.3867741920249,34107244
2023-02-20,102.11388397216797,102.43199437770633,100.9323300466988,102.06844359096921,19896764
2023-02-21,102.84100341796875,103.79533467173736,102.47744568279101,102.61378070026855,29830864
2023-02-22,101.0232162475586,103.34088368298109,100.56877083657928,102.93188558681437,24391211
2023-02-23,101.84122467041016,103.29544867431323,101.20499690138023,101.3867792357975,30845778
2023-02-24,99.75077056884766,102.61377812692936,99.56899517296087,102.2502204008689,34326940
2023-02-27,96.43331909179688,100.02344215803055,95.56987554642852,99.79621944248235,56217189
2023-02-28,94.47920227050781,97.29676948832787,94.11565147337087,97.11498715547243,76540448
2023-03-01,95.88798522949219,97.34220921104416,94.97909437423634,95.16086977157273,76175319
2023-03-02,95.11543273925781,97.1604372356066,94.8427626993631,96.38788136828782,55276248
2023-03-03,97.2513198852539,97.66031798956128,95.4335382051557,96.34242904520481,117175295
2023-03-06,96.02432250976562,97.79665694560755,95.43354205305596,97.70576924479539,106868143
2023-03-08,96.79688262939453,97.16044038293518,94.52465533762471,95.70621630305997,43939583
2023-03-09,98.34197998046875,99.02364806795153,97.70575920586603,98.02386959316739,51967449
2023-03-10,98.2510986328125,98.47832134331126,96.88776236981985,97.25132009347526,47699832
2023-03-13,97.06954956054688,99.06910673936974,96.66054450059185,98.38743857373188,34552596
2023-03-14,96.70598602294922,98.66010270085542,96.52420369576797,97.25131913591945,48584984
2023-03-15,98.7509994506836,99.20544490886964,97.61488580521849,97.70577350999822,38930902
2023-03-16,95.47898864746094,97.47854578733244,94.25198042578518,97.47854578733244,81088340
2023-03-17,97.2513198852539,97.56943029241373,95.4335382051557,96.75142714951218,48962238
2023-03-20,94.9791030883789,96.7514376450212,94.38832259140229,96.43332720335303,41569640
2023-03-21,95.2063217163086,95.79710218780184,94.79732358527563,95.52443214425503,26434897
2023-03-22,95.25177001953125,96.29698901726063,94.88821226914013,95.20632270037461,25891259
2023-03-23,95.3426513671875,95.88798448927386,94.84275862694099,94.88820594306772,20913844
2023-03-24,92.7977523803711,95.47898449014318,92.29786658431262,95.43353717491662,39014278
2023-03-27,92.97953796386719,93.979316525291,92.79775563088023,93.20676067938564,24753289
2023-03-28,93.16131591796875,93.70664906331406,93.02498089806063,93.47942634156293,18703734
2023-03-29,94.16109466552734,94.97909785206767,92.38876020659598,93.1613160749946,37221124
2023-03-31,94.9791030883789,95.88799402702368,94.61554532606348,95.43354855770129,34579415
2023-04-03,94.61553955078125,95.66076545328022,94.34287644640357,95.5244304339478,21840428
2023-04-05,95.29721069335938,95.43354571695535,93.79753930237833,94.61554250966684,25194802
2023-04-06,94.84276580810547,95.52443399589869,94.70643078368936,95.29721126663429,21053782
2023-04-10,95.38809967041016,96.11521518309893,94.97910152845238,94.97910152845238,19992257
2023-04-11,97.751220703125,98.0238838171116,95.52443380032054,95.9334388727315,49304956
2023-04-12,97.79664611816406,98.52376151273376,97.20586572686196,98.34197919694817,27349538
2023-04-13,97.70576477050781,98.29654520016359,96.25154082124598,97.70576477050781,34880922
2023-04-17,97.38764953613281,98.43287533149842,97.02409183327264,97.79664761792151,24642162
2023-04-18,97.79664611816406,98.06931612469927,97.11497803611233,97.4330884208792,25476339
2023-04-19,98.2510986328125,100.34155034311594,97.93298822497158,98.02387592231372,62100775
2023-04-20,98.16021728515625,98.79643814199328,97.6148841315406,98.34199269159903,18337948
2023-04-21,96.47876739501953,98.251101820701,95.75165192411649,98.16021412040989,37638506
2023-04-24,96.79688262939453,96.97865803902116,95.75165668832294,96.70599492458122,23475012
2023-04-25,97.29676818847656,97.79665399500504,96.56965273534276,96.97865084380123,23333425
2023-04-26,97.11498260498047,97.29676492931817,96.20609178615184,96.79687220524778,23590297
2023-04-27,97.84210205078125,98.02387744829532,96.61510078184396,96.61510078184396,22364308
2023-04-28,98.11476135253906,98.61465407780018,97.52398786632259,97.97843327681936,30072920
2023-05-02,100.25067138671875,100.75055723282945,98.16021949414694,98.16021949414694,52822162
2023-05-03,99.70532989501953,100.88689084985893,98.84188630560504,99.79622453330512,51272624
2023-05-04,100.93233489990234,101.70489076029625,99.52355126355273,99.97799670311234,38636907
2023-05-05,98.7509994506836,100.7505566929872,98.52377672159058,100.7505566929872,32958346
2023-05-08,99.56900024414062,99.84166335185792,98.3874393078374,99.29633020213612,23130472
2023-05-09,99.56900024414062,101.06866467230375,99.20544249956369,99.61444062828323,27999202
2023-05-10,99.29632568359375,99.97799382329805,98.70554524232597,99.61443609526505,19213215
2023-05-11,98.66010284423828,99.5235463631721,98.3874328202135,99.25087633914733,19817637
2023-05-12,97.02410125732422,98.52377259335807,96.8423258553813,98.4783252757288,36794838
2023-05-15,97.8875503540039,98.3419958188494,96.02432810870988,97.29677679713475,22148028
2023-05-16,97.61488342285156,98.75099704058891,97.43310108344124,98.34199197763114,18587658
2023-05-17,96.34243774414062,97.70577412731242,95.93343960290404,97.61488642195846,28895465
2023-05-18,95.61531829833984,97.38765968410706,95.52443059672574,96.79687922218466,24208481
2023-05-19,95.11543273925781,96.06976401031494,94.57009959375556,95.97887630844576,29848841
2023-05-22,95.43354034423828,95.66076305934361,94.79731951565815,95.43354034423828,21588716
2023-05-23,95.97887420654297,96.38787925742797,95.43354107298333,95.5244287728621,21304034
2023-05-24,95.61531829833984,96.16065837659876,95.34265519349752,95.52443059672574,28454367
2023-05-25,95.29721069335938,95.61532112555842,94.79732485255725,95.43354571695535,25885062
2023-05-26,96.70598602294922,97.02409642765795,95.3880901544605,95.4335374698275,28362042
2023-05-29,98.5692138671875,98.93277160864486,96.61510400864269,97.25132485547768,41062311
2023-05-30,97.29676818847656,99.02365525466732,97.16043317422812,99.02365525466732,33475211
2023-05-31,96.16065979003906,97.20587877539539,95.97887744985174,96.70599294202654,41249944
2023-06-01,96.29698181152344,96.97864994214098,96.16065373282937,96.25154143005435,21211538
2023-06-02,98.16021728515625,98.4328873291077,96.79688093397353,96.79688093397353,46686933
2023-06-05,99.43266296386719,99.88710840069082,97.978438952889,98.75099480863175,39642539
2023-06-06,99.06910705566406,99.84166292566272,98.43288620608568,99.75077522347826,26751372
2023-06-07,101.34132385253906,101.56854655176001,98.97820916749859,99.52354225877154,45157197
2023-06-08,101.0232162475586,102.70466288132472,100.84143392259486,101.34132664838678,46380294
2023-06-09,98.97821807861328,101.47766799507176,98.75099535893523,101.11411025672948,36392617
2023-06-12,99.52355194091797,100.52333052789625,99.20544151791859,99.20544151791859,23472313
2023-06-13,101.0232162475586,101.65943704921496,99.65988001462065,99.97799041544884,30018212
2023-06-14,103.4317855834961,103.61356098695133,101.25044607059758,101.3413337723252,66696433
2023-06-15,103.3863296508789,103.7953277417172,102.9318842458201,103.52266465925386,39430138
2023-06-16,103.84078216552734,104.34067491903244,103.47722442973154,103.97711718323664,31715807
2023-06-19,103.70445251464844,105.0677888937217,102.7501212098696,104.9314538689569,33502185
2023-06-20,103.84078216552734,104.74967303787331,103.15911401126786,103.70444714781803,30371599
2023-06-21,103.52266693115234,104.43155776121638,102.56832878587039,104.43155776121638,35627983
2023-06-22,104.27351379394531,105.30592340366555,103.75731256939028,103.80423604765339,34769987
2023-06-23,102.86568450927734,103.94502479936119,102.4902608656903,103.7103859171956,22190233
2023-06-26,103.10031127929688,103.42880424361553,101.45783929709403,102.86567242469647,25332751
2023-06-27,103.94502258300781,104.64893921449546,103.38189070993975,103.80423782458824,24129403
2023-06-28,104.69586944580078,105.16514719829543,104.08580693543568,104.64893880630721,23895274
2023-06-30,105.11820983886719,105.30591806362126,103.61652255900533,104.74278622874928,26741918
2023-07-03,106.15062713623047,107.22996740879113,105.16514814350055,105.3528563819414,30979256
2023-07-04,105.49363708496094,106.43219256229936,105.2120675775154,106.24447717046567,25080307
2023-07-05,106.00984191894531,106.57298095305472,105.30592528691882,105.63442544368607,27877180
2023-07-06,105.72827911376953,105.91598735060249,104.64893885045446,105.11821660314708,34320086
2023-07-07,104.7427978515625,106.33834658146168,104.41430484148668,105.1182215033394,30034274
2023-07-10,108.21544647216797,108.59086292445348,104.789717640489,105.35284947952708,60652690
2023-07-11,108.07466888427734,108.96629375845744,107.74617588645366,108.49701600139205,37999385
2023-07-12,107.65230560302734,108.91936116962161,106.9953196623271,108.07465984542867,32771204
2023-07-13,107.79309844970703,109.76406358050914,107.46460545467505,108.8724387139066,44847814
2023-07-14,109.9517822265625,110.65569887697505,107.7461781540586,108.5908724060653,34521821
2023-07-17,110.5149154663086,112.01660290676477,109.90485292970156,110.70262371113667,49115369
2023-07-18,109.43556213378906,110.8903259202213,109.24785391129896,110.74954117304887,23433431
2023-07-19,109.52942657470703,109.99870433579937,108.96629469351831,109.52942657470703,17222355
2023-07-20,109.7640609741211,110.04563048352553,109.20092911592229,109.52942210315409,22303831
2023-07-21,109.43556213378906,110.7026105371215,108.40315258887411,109.43556213378906,31546136
2023-07-24,108.40316772460938,109.3417232893246,107.32382739306472,109.3417232893246,38113555
2023-07-25,111.92274475097656,112.5328072655987,107.32382131231543,107.93388382693756,88035259
2023-07-26,112.57972717285156,113.18978966811748,111.54731757503772,112.43894957907563,29716336
2023-07-27,112.43894958496094,113.98756040145773,111.82888708966308,112.86129668753097,39664251
2023-07-28,113.1897964477539,113.65907421674179,111.40653949347788,112.81437280044152,33996691
2023-07-31,115.58311462402344,116.24010062891716,113.18979516506268,113.18979516506268,52330311
2023-08-01,115.63004302978516,116.52167511510717,115.01998763951464,115.95854320683631,27863562
2023-08-02,111.64118194580078,115.34848073564916,110.98419591246599,115.34848073564916,54951586
2023-08-03,110.937255859375,112.29816561385653,110.2802698817702,111.40653360355275,34624188
2023-08-04,111.68810272216797,112.39201933596314,110.74954723710773,112.06352634831407,22303966
2023-08-07,111.54731750488281,112.25123411576,110.74954677801067,112.25123411576,20711952
2023-08-08,110.89032745361328,112.15737587446647,110.70261206791776,111.68809815114234,21275054
2023-08-09,112.81436920166016,113.095938718315,109.71714032150814,111.07804294391596,34154214
2023-08-10,112.62666320800781,113.23672573250661,111.92274656295777,112.62666320800781,24439101
2023-08-11,112.90823364257812,113.94064329820472,111.82889334599149,112.90823364257812,26337436
2023-08-14,110.89032745361328,113.00207720857186,110.13948023205076,112.90822309602899,33095516
2023-08-16,108.82550811767578,110.70261913073175,108.30930688545153,110.70261913073175,31252473
2023-08-17,108.91936492919922,109.6232815302222,107.6523093188699,108.77858017687264,28461865
2023-08-18,108.68473052978516,109.24786240162963,107.69924438359962,109.1540082830906,30381609
2023-08-21,109.7171401977539,109.90484843490523,108.73165405118377,109.57635543958527,22629651
2023-08-22,110.32720184326172,110.51491007893941,109.34171570442837,109.95177821129614,17343131
2023-08-23,111.64118194580078,111.9227514804361,110.42106400380607,110.6087722531558,43744909
2023-08-24,110.98418426513672,112.72051045153906,110.79647603548618,112.15737860197748,27103446
2023-08-25,109.7171401977539,110.89033458147537,109.52942479999231,110.74954982330675,23692527
2023-08-28,110.37413024902344,110.98419278312467,109.81099835624174,109.81099835624174,19218821
2023-08-29,112.20430755615234,112.76743939726454,110.51490487220589,111.2188214637486,36038317
2023-08-30,114.59762573242188,115.16075760331971,112.86129948023266,113.09593835649093,51467177
2023-08-31,115.34847259521484,116.00545858218447,114.64455596891445,115.30154195588406,60626985
2023-09-01,119.24347686767578,120.79208768468685,115.81774792581331,115.91160204190336,76460408
2023-09-04,123.6546859741211,124.73401906058736,120.93288077794163,121.26136660715211,68525900
2023-09-05,123.60774993896484,124.31166652668243,120.93287549836978,123.65468057572328,36466807
2023-09-06,121.63679504394531,124.264738911686,120.32280878885499,124.264738911686,36058850
2023-09-07,122.15299224853516,122.76306191452949,120.69824268465561,121.54293690376117,30268235
2023-09-08,121.54293823242188,123.56082684524414,121.26136871590188,123.32618796834758,34313523
2023-09-11,123.091552734375,123.74855306610588,121.26137230466125,121.54294182951435,33377857
2023-09-12,121.07366180419922,124.96866147483829,120.74516164445924,124.64017563631899,38065283
2023-09-13,121.5898666381836,122.48149148976543,119.8535332525609,121.6367972769448,23371459
2023-09-14,123.60774993896484,125.95413856469014,122.7630557621916,122.95076398800569,58800620
2023-09-15,123.84239196777344,125.10944758654733,121.87143406450515,124.45246161879123,85058495
2023-09-18,122.43455505371094,126.7049851968103,122.05913860383784,126.7049851968103,62420823
2023-09-20,120.41667175292969,123.70161595488136,120.13510224280408,122.43456031992622,43627379
2023-09-21,119.94739532470703,121.30829793047604,119.38425629828245,120.41667307298741,29826091
2023-09-22,118.9619140625,120.79209449152503,117.78871964373766,119.33733770862604,34059194
2023-09-25,119.57197570800781,120.41667711539125,118.35185065727502,119.47812158732309,23466981
2023-09-26,120.97979736328125,122.52842252002755,120.51051961661031,121.07365864110356,48936598
2023-09-27,120.27588653564453,120.83902558725802,118.91498386900311,120.83902558725802,33277329
2023-09-28,119.00884246826172,121.35523126171633,118.5395647095708,120.46360638444771,29982233
2023-09-29,120.97979736328125,121.58986702668565,119.71275604000188,120.32281138218599,28406435
2023-10-03,120.1351089477539,121.16752576876206,119.43119229376316,121.07366448640823,18613557
2023-10-04,117.60101318359375,119.29040887585333,116.85016587996022,119.19655475305179,33272725
2023-10-05,117.5540771484375,118.39877853611719,116.89709115835899,118.1641396595734,27063441
2023-10-06,118.16414642333984,119.19655610710603,117.41329911117681,118.7272783271568,21928671
2023-10-09,116.24009704589844,117.22558318347252,115.06690267288651,117.1317290657536,21457836
2023-10-10,117.60101318359375,118.1641450810136,116.14624921803274,117.0378741255633,28745957
2023-10-11,117.27250671386719,118.5395623657683,117.03786783916108,118.2579928518769,24455932
2023-10-12,118.16414642333984,119.10270198323832,117.41329911117681,117.64793800115143,19361688
2023-10-13,117.36636352539062,118.02334948531941,116.38087742488753,117.31943288799145,26912800
2023-10-16,119.19654083251953,119.43117969242607,117.27249931704206,117.41328406510793,23868700
2023-10-17,119.57197570800781,120.6513159974083,119.19655206465846,120.0412534720419,24241710
2023-10-18,119.2904052734375,120.79209267474498,118.82112751299077,119.9943219141076,20926079
2023-10-19,118.25799560546875,118.7272733658079,116.70937756422744,117.78871784512958,30941319
2023-10-20,115.53617858886719,118.02335205231024,115.16075496333822,117.31943543967222,30746140
2023-10-23,112.62666320800781,115.81775343102345,112.34509368574363,115.77082279044262,30699479
2023-10-25,113.89370727539062,115.25461703220905,113.33057541353237,113.75292251977353,27346103
2023-10-26,112.53280639648438,113.47136190077431,111.59425089219445,113.42443126131572,36298907
2023-10-27,112.53280639648438,114.31606328675728,112.15738276264636,113.09593826693629,28424007
2023-10-30,111.82888793945312,113.79985303410739,111.64117254529883,113.61214480056321,18753217
2023-10-31,111.45346069335938,112.76743976733991,111.12496771501672,112.62665501644737,22319950
2023-11-01,109.43556213378906,111.78195071796382,108.87243030570906,111.68809660671877,24717941
2023-11-02,110.84339904785156,111.26575330370937,107.55845491847046,107.55845491847046,72538804
2023-11-03,110.09255981445312,111.31267763262483,109.90484442354287,110.93725401141431,31747230
2023-11-06,112.06352996826172,112.29816884710623,110.28027305692135,111.2188285722994,27883152
2023-11-07,112.29817199707031,112.8143732486415,111.12497756993965,111.96967898959583,25818033
2023-11-08,111.73503875732422,113.09594141214738,111.26576099212859,112.39202476435393,22552386
2023-11-09,112.29817199707031,113.09594277539708,111.54732469946248,111.87581770693697,22979112
2023-11-10,112.673583984375,113.04900043371352,111.50038967866767,112.15737562561986,23584510
2023-11-13,113.56521606445312,113.79985494061935,112.53280644144378,113.42443130663135,17951775
2023-11-15,116.42781066894531,116.75630365626421,114.03449132020319,114.22219955278254,38344393
2023-11-16,117.03787231445312,117.55408072278941,115.4423307696854,116.38088630439829,30836413
2023-11-17,117.50714874267578,118.02335714512925,116.66245449954886,117.03787098066732,23319439
2023-11-20,116.7093734741211,117.9294984724875,116.42781112415123,117.36636661193766,18780290
2023-11-21,118.49263000488281,118.63341475978291,117.27250500989543,117.36636628690222,29643312
2023-11-22,118.35184478759766,119.10269203705799,117.78871293080745,118.6334142962978,19588063
2023-11-23,118.91497802734375,119.57197116841473,118.16413792976137,118.58648503711332,30736851
2023-11-24,118.2110595703125,119.19654568629359,117.83564310766259,118.91497617869612,14719450
2023-11-28,119.0557632446289,119.19654800116176,118.25799250508962,119.19654800116176,18377843
2023-11-29,119.90045928955078,120.27587574279143,118.91497319826944,119.33732744907995,23092165
2023-11-30,120.04125213623047,120.93288417433945,118.72727297943482,119.94739801659013,40165104
2023-12-01,122.01221466064453,122.29378417410548,120.18203430497894,120.97979788502786,31192397
2023-12-04,122.95076751708984,124.21782313983795,122.38762850226401,124.07703122552147,41230928
2023-12-05,123.513916015625,124.3116796397925,122.01222140826557,122.95077695755992,35192149
2023-12-06,123.74855041503906,125.20330000670991,122.76306425977576,124.35860577146744,40753593
2023-12-07,122.01221466064453,124.07703389065752,121.82450642541069,123.60775614196274,34686333
2023-12-08,121.2613754272461,123.3261947939715,120.08818097783153,122.15300034455692,34393711
2023-12-11,122.05915069580078,122.48149782405332,120.83902563101046,121.87144245226865,24038059
2023-12-12,122.1060791015625,124.0301064640694,121.73064830015036,122.05914846123339,30696410
2023-12-13,123.3261947631836,123.42005604760185,121.21444475476454,122.52843113051362,22767972
2023-12-14,123.88932800292969,125.06252239689682,123.42005024534282,124.17089752172592,43372143
2023-12-15,128.06590270996094,128.34747224091285,124.82788890706698,125.20330540085537,77377446
2023-12-18,128.20669555664062,129.14525111907219,126.79886221299327,128.44133444724852,38461877
2023-12-19,127.08041381835938,129.14524745408846,126.51728908961402,128.25360823810502,27726431
2023-12-20,121.77757263183594,127.78432193104543,120.8390171587582,127.549683062776,39495961
2023-12-21,122.95076751708984,123.3731146175992,119.99431633169431,120.79208705521754,34914399
2023-12-22,125.34410095214844,126.4703647873087,123.65469803879719,124.26475343915268,37357334
2023-12-26,126.89270782470703,127.73741641462952,126.18879116038222,126.4234300484905,25936447
2023-12-27,128.76980590820312,130.3653473217519,127.17426449465437,127.50276463327606,48101400
2023-12-28,129.66143798828125,130.2245770228141,128.44132728216107,129.66143798828125,34661176
2023-12-29,131.02235412597656,132.57096497955038,128.72288168351417,130.08379862169656,49202910
2024-01-01,131.25698852539062,132.2893909521552,130.50614128333095,131.39776611774306,21186105
2024-01-02,131.02235412597656,131.96090963025657,128.62903472581846,131.86704835134037,27764060
2024-01-03,127.03348541259766,131.02234606023316,126.0949299660952,130.9284847870951,45176618
2024-01-04,126.00108337402344,127.9720557698151,125.76644448505877,127.64355559677607,43913498
2024-01-05,125.43793487548828,127.59661535581272,124.68710194426255,126.70499050906703,71330190
2024-01-08,123.88932800292969,127.5966194236217,123.65468912413625,126.98656406724704,39559717
2024-01-09,125.43793487548828,126.51728227626059,124.35860179593615,125.2971572811885,30736868
2024-01-10,125.86029052734375,126.42341519993131,123.9831796429462,125.57872103044022,27213624
2024-01-11,126.61113739013672,127.31505404943226,125.95415137237177,126.56422106982723,23113349
2024-01-12,126.9865493774414,127.87817414946915,126.37647977041898,127.45582708074221,32883921
2024-01-15,126.61113739013672,127.87819310535714,125.71951248593992,127.64355421892529,34158775
2024-01-16,128.81674194335938,129.98993631442823,125.76643657858038,126.42342256213486,56361287
2024-01-17,123.56082916259766,127.40891254435944,123.3261902813005,127.12734302255869,58982971
2024-01-18,122.95076751708984,124.12396186362696,120.32280931660269,123.56082284880112,45273496
2024-01-19,126.00108337402344,126.42343050991558,123.51391687948652,124.45247243534517,32653013
2024-01-23,122.1060791015625,126.89270366949631,121.35523181995895,126.5172871893049,35373970
2024-01-24,126.84577178955078,127.22120258729399,122.10607790826535,122.19992486678571,39340119
2024-01-25,125.53180694580078,128.11283475216305,123.88933470538844,128.11283475216305,61358839
2024-01-29,126.7049789428711,127.08039537421428,125.29714584350586,126.42340945875426,29745400
2024-01-30,126.42342376708984,129.23909028449148,126.23571553017383,127.26813231504262,35704185
2024-01-31,127.59660339355469,128.30051994150134,126.23570093176824,126.70497863039934,36079354
2024-02-01,126.51728057861328,128.34746088605343,126.23571107257173,128.01896074213494,31701793
2024-02-02,130.17764282226562,131.0223513509592,126.51728216158723,126.98655990378806,69296192
2024-02-05,132.8525390625,134.54194189252914,130.78771974634034,131.39777511660765,80737626
2024-02-06,135.76205444335938,136.18441589741428,131.82012400154235,134.2134435158952,53192936
2024-02-07,135.52740478515625,138.3430712085699,135.19891896182332,137.82687715458675,61517064
2024-02-08,134.82350158691406,136.70061272252704,134.26037683896303,136.37212686652762,38997666
2024-02-09,132.61788940429688,135.57433337574645,130.59998657192511,135.33969451067205,35961925
2024-02-12,128.95750427246094,134.16648952757268,128.25358773315443,133.27486477536152,36477544
2024-02-13,129.3798828125,129.7552992881003,125.86029964916997,129.28602153298965,39155909
2024-02-14,132.52403259277344,132.80560210458907,127.40890802613403,128.58210239101555,29141690
2024-02-15,132.52403259277344,134.6357824495602,132.33632435863646,132.80560210458907,31587387
2024-02-16,133.55645751953125,134.63579067265613,132.8056102159038,133.321818632224,22316127
2024-02-19,133.2279510498047,134.54193734933278,132.66482633962445,134.16650655465884,16973568
2024-02-20,132.3832550048828,133.50951873098805,131.44469951292507,133.22794921915667,24291123
2024-02-21,135.05813598632812,137.21681658472158,132.75867778593508,132.8525390680821,88000833
2024-02-22,136.9352264404297,137.1698652892455,134.68269922028526,136.09053231318023,46728176
2024-02-23,136.5128936767578,138.0615188338946,136.0905465688915,137.40451853141337,28414697
2024-02-26,133.8849334716797,136.98216941941865,133.50951700822895,136.888322464166,22570277
2024-02-27,135.33970642089844,135.6212759480105,133.2748870907785,133.88494246517038,24119469
2024-02-28,132.1016845703125,136.0436147447563,131.44469859477525,135.1989205363827,20721926
2024-02-29,132.195556640625,133.1341122026565,130.83463961870225,132.14862599827916,32248156
2024-03-01,140.73638916015625,141.39337512163473,134.2134315404417,134.2134315404417,123709943
2024-03-04,143.69285583496094,145.3822443139194,141.76881415479082,145.3822443139194,67577785
2024-03-05,142.5196533203125,144.53754184485334,141.48723657864704,143.78669460738936,37165490
2024-03-06,142.28501892089844,143.27049073471392,138.8123521287512,142.4727271558528,51782444
2024-03-07,147.5878448486328,149.37109447920633,142.89506758794496,143.03584517727774,124847699
2024-03-11,144.02133178710938,149.1364561555137,143.59898469636403,149.1364561555137,54155385
2024-03-12,143.12969970703125,145.05374115750072,141.6280053258797,144.7252410362429,34947937
2024-03-13,134.82350158691406,143.50514058912412,133.74416841242518,143.41129362507633,70937597
2024-03-14,133.69723510742188,135.10506843109684,129.84916594877632,134.7765825816387,91956952
2024-03-15,132.99330139160156,134.87041224912937,131.25698244111993,134.11956504187438,68482621
2024-03-18,140.5017547607422,141.01796314732255,133.4625885470655,133.79108869885854,166913078
2024-03-19,139.61013793945312,143.08279060714824,138.53080478639288,139.84477682674634,105004268
2024-03-20,136.70059204101562,141.39336917007512,135.0112037315296,140.40789742994804,77550319
2024-03-21,140.87718200683594,141.9095844327994,138.71850155804697,138.90620978811123,84225737
2024-03-22,142.4727325439453,143.36435743461362,139.2347188245599,139.844774191538,68241556
2024-03-26,143.03585815429688,143.97441369158548,141.2526083619369,141.8626637326861,52965508
2024-03-27,143.3174285888672,144.63141494213914,142.66044257284173,143.0827897030566,35328794
2024-03-28,146.2738800048828,147.3532130984534,143.3174215952071,143.3174215952071,62575327
2024-04-01,153.1253204345703,153.82923704273637,146.88393223731921,147.16550174482964,84583929
2024-04-02,154.5331573486328,155.33093525213192,151.85828276632833,152.93761586285498,69533405
2024-04-03,153.59458923339844,156.03483906149447,153.07839520776437,154.5331446563247,50938559
2024-04-04,153.35995483398438,155.75327409623506,151.10742748199527,155.37785764464343,61094750
2024-04-05,153.31304931640625,154.06388227247126,150.91972988559223,153.82924339339579,44668121
2024-04-08,155.04937744140625,156.69184969040677,154.1108218705488,156.69184969040677,48255703
2024-04-09,155.80020141601562,159.36671491508395,155.04935420759818,155.80020141601562,63884687
2024-04-10,154.9085693359375,158.80356845966168,154.39236100935247,157.02031895460647,64134758
2024-04-12,153.45382690429688,155.80021569488244,152.98454914617975,155.80021569488244,55317636
2024-04-15,150.96664428710938,154.5800740434652,148.85489460257782,151.85826906744555,66426404
2024-04-16,150.2158203125,152.46834792906498,149.23033410979482,150.96666762509543,41391261
2024-04-18,150.2158203125,153.92311191198962,149.37111171537214,151.01358394614033,68093672
2024-04-19,152.1398468017578,152.51526325975541,147.63477769968722,150.1688745942207,60078229
2024-04-22,151.90521240234375,154.58008696698252,151.5767122510206,153.73539275103772,39304790
2024-04-23,151.2482147216797,153.45382589886722,150.91972888588234,153.45382589886722,30295177
2024-04-24,155.37786865234375,156.64491000714344,151.52978530542475,152.46834082211518,59894921
2024-04-25,157.395751953125,157.6773214628384,154.0638771174936,155.2370714736159,50128523
2024-04-26,155.6125030517578,160.21141922265943,155.0962946681945,157.67732226479077,65355111
2024-04-29,157.1141815185547,159.1790150301514,156.64490377886818,157.86502876629712,44906151
2024-04-30,154.86166381835938,158.05274692006748,154.39238604921283,158.05274692006748,55043389
2024-05-02,157.06727600097656,158.52202563705234,154.86166474431158,154.86166474431158,69320283
2024-05-03,156.2694854736328,160.25834621395077,155.0024298629262,158.56894350674858,62573586
2024-05-06,157.30191040039062,158.28738223640633,154.5800908079654,157.63039623865563,37621296
2024-05-07,154.15774536132812,157.63039794814583,152.32756494730995,157.63039794814583,43611824
2024-05-08,155.84713745117188,156.83262355128622,153.45381815695703,154.11080411662664,30128705
2024-05-09,151.95213317871094,156.4572025454539,151.57671669865766,155.75328590443846,30223088
2024-05-10,152.28062438964844,154.25159659713955,151.9052079316596,153.17224921828685,31472419
2024-05-13,153.78231811523438,154.39237343680068,148.33869357358347,152.46833187623184,36561003
2024-05-14,154.81472778320312,156.31642232063896,153.4538251643384,154.01696419618196,46261468
2024-05-15,155.4248046875,157.25498514433107,154.8147349877422,154.8147349877422,29601304
2024-05-16,155.70635986328125,157.67733224483007,152.327568479339,156.9734155830228,41126570
2024-05-17,157.06727600097656,158.09967850653933,155.28401187482459,156.36335934304788,39181277
2024-05-21,163.63714599609375,164.43490952396698,157.63038261292516,158.1465909669722,84833644
2024-05-22,162.65167236328125,164.71649161616284,160.96226958502524,164.6695609765295,42919832
2024-05-23,164.71649169921875,164.99806121594014,160.02371415793047,162.4170335682316,49377680
2024-05-24,164.1064453125,166.6405424589897,163.4494449638512,164.20029227572033,38674485
2024-05-27,164.71649169921875,166.78131095314149,164.10643634733947,166.78131095314149,30410585
2024-05-28,164.1533660888672,166.59361633836858,162.79246335485442,165.09192167387206,39208456
2024-05-29,163.54330444335938,165.18577665441177,162.8393877814798,164.01258221794578,36575550
2024-05-30,154.06387329101562,161.43153939296138,153.3130403787219,161.43153939296138,108813875
2024-05-31,156.9264678955078,157.6303844808536,153.92309332894308,155.84713485979879,83713848
2024-06-03,163.54330444335938,164.24722110523896,158.47511020631475,162.6047488941866,86397540
2024-06-04,149.1833953857422,163.91871402212587,139.04699301788153,163.77793642417495,125042158
2024-06-05,158.8035888671875,159.17901966259458,149.23032556322474,152.1867696808004,60098501
2024-06-06,161.47848510742188,163.96565158436454,158.99130430925808,159.5544433672781,57920819
2024-06-07,167.90757751464844,168.6114941576465,160.30528636300187,161.4315501275546,84319867
2024-06-10,169.212158203125,170.91095562178475,166.46219756941727,169.1370863687229,74286848
2024-06-11,170.18826293945312,172.45956542955724,169.40926019066714,169.40926019066714,55555544
2024-06-12,171.032958984375,172.57218937959226,170.34781750243351,171.05173410368323,33304643
2024-06-13,171.3426971435547,172.78808069548174,169.4186554217204,172.13108036030343,36669164
2024-06-14,171.8964385986328,172.22493876072468,170.253966430615,171.70873035796066,28509237
2024-06-18,169.9911651611328,173.2573485659894,169.50312661934797,172.50650131241707,35032118
2024-06-19,168.95877075195312,171.27700405992593,168.29239002340327,171.23945381879082,27476795
2024-06-20,171.07989501953125,171.70872548460727,168.34869508342138,170.4416841551151,38837494
2024-06-21,172.2863006591797,173.20545912431137,170.60115245683764,171.7692612390028,65494855
2024-06-24,170.39053344726562,171.33841475642944,167.6521820690212,169.89264739401358,47597307
2024-06-25,168.20748901367188,171.38628067348517,167.79578596663842,170.41924602528817,30599989
2024-06-26,165.22019958496094,168.513882350278,164.530823442929,168.20748646059263,44006436
2024-06-27,166.7521514892578,167.50854260865793,164.49253291428585,165.22020124495944,49767976
2024-06-28,166.6085205078125,169.56709919137518,166.1872480760421,166.76171845196177,37521949
2024-07-01,166.66598510742188,168.50431665661114,166.12979228870128,167.0776881572447,27807688
2024-07-02,167.11598205566406,168.27452146244843,166.21597697267265,167.04896708373604,33359495
2024-07-03,168.86814880371094,169.35646545267204,166.98194101048543,167.11598556691845,29090492
2024-07-04,168.7915496826172,170.61074250094825,168.34155443693248,169.471356467363,29504744
2024-07-05,167.2787628173828,168.7053767114824,166.02447104847684,168.7053767114824,38123217
2024-07-08,164.95211791992188,168.00643451272487,164.77019717844297,167.17344439096433,31479861
2024-07-09,164.49253845214844,166.31171664495758,164.214865338763,166.215978882566,25127904
2024-07-10,160.8350067138672,165.53616454245383,159.9158482661364,165.1627536837332,41525591
2024-07-11,161.7350311279297,163.67868445091202,161.49566481121008,162.76909536932962,33987236
2024-07-12,161.5148162841797,163.14250429654055,160.86373231337913,162.96058356043804,33311402
2024-07-15,159.66690063476562,161.80205867204833,158.74774217160137,161.51481617364936,32635187
2024-07-16,159.96371459960938,162.59674384402217,159.60944254845214,160.6626600901209,26505901
2024-07-18,159.28392028808594,160.48075185594854,157.44558875302025,160.48075185594854,36568852
2024-07-19,151.05929565429688,159.02539888823415,150.5135334524681,158.9392305226065,77987514
2024-07-22,153.50083923339844,153.86466610167957,149.75714651808016,151.66249305680057,40353690
2024-07-23,153.21359252929688,155.08064683428645,148.40711291074504,154.72638936891312,37077411
2024-07-24,153.4912567138672,155.12852877111797,152.41890027528842,153.21359821093546,28086566
2024-07-25,150.69546508789062,151.75825217012866,150.22630182482223,151.75825217012866,45155876
2024-07-26,155.635986328125,156.01896660149205,151.48059046207274,151.99761529209434,45642032
2024-07-29,155.94235229492188,157.69451536236318,155.4253275157265,157.69451536236318,31754833
2024-07-30,157.09132385253906,158.26900196887053,154.4487105254659,155.97107670142609,42824600
2024-07-31,158.29774475097656,159.41797743382668,156.59345763247694,159.2169032862457,52769925
2024-08-01,156.12428283691406,161.76375262954843,154.05615437057605,161.04565368510555,118341338
2024-08-02,151.4901580810547,154.3338311372673,148.13902959418223,154.1519103961325,72427529
2024-08-05,143.44744873046875,147.4496464059453,142.66232022393407,147.12411173191094,102883971
2024-08-06,143.92617797851562,147.25815283244157,143.24637124829385,144.77832143456956,53507102
2024-08-07,147.31561279296875,147.73689986582087,145.43897436201678,147.16241483742957,32029697
2024-08-08,143.88787841796875,146.9134721525128,143.61978931336463,146.8751653605634,51858615
2024-08-09,145.35279846191406,146.4921844563585,144.8166202550603,146.4921844563585,23290101
2024-08-12,145.5921630859375,146.87516301026378,143.5048958606688,144.57725226192537,30550334
2024-08-13,142.54742431640625,146.4443001015184,142.18358286358512,145.63046344357585,29396493
2024-08-14,139.95269775390625,143.52403914556635,136.29518799367844,143.52403914556635,97911180
2024-08-16,143.16021728515625,143.61979654336187,140.23037577323345,141.7048659227837,54131721
2024-08-19,147.41136169433594,147.7368963848656,143.99320361449196,144.4336440738492,62889770
2024-08-20,147.38262939453125,149.0773470982104,146.30070351977406,149.0773470982104,37559016
2024-08-21,145.4581298828125,147.62199624979473,145.31451592849825,146.4921941831591,49749381
2024-08-22,147.5836944580078,147.78476859071984,146.0230214105015,146.0230214105015,36719176
2024-08-23,147.64114379882812,147.8230645402611,146.06133192490307,147.44965366407368,31490857
2024-08-26,149.0773468017578,149.74756960110676,147.16241616946866,148.03371311350293,32497603
2024-08-27,148.119873046875,149.84331343969902,148.02413528657172,149.17309067853427,24523684
2024-08-28,147.1623992919922,148.40710698218177,146.5400527517772,148.11986449832884,25195197
2024-08-29,146.4634552001953,147.02835617106115,144.76873767783806,146.6932521114545,44452983
2024-08-30,146.26239013671875,148.64648393077448,145.9847316352877,146.49218706221254,55134023
2024-09-02,146.37728881835938,147.35389283246997,145.66875928970663,147.35389283246997,19200143
2024-09-03,145.67832946777344,146.92303719357153,145.54428491944196,146.3389828166072,19780066
2024-09-04,144.7495880126953,145.70705325297433,142.81551874635903,143.14105342171146,39613696
2024-09-05,145.26663208007812,146.2911123229386,144.57725591620016,144.57725591620016,28347324
2024-09-06,144.7878875732422,146.3964220838978,143.2846602083886,145.47726368059728,30709532
2024-09-09,143.11233520507812,144.481503529731,141.7527362736201,144.481503529731,32624586
2024-09-10,143.064453125,145.1421509240014,142.48039874944587,144.09851732810043,41607844
2024-09-11,141.86761474609375,143.8112679033811,141.34100597225154,143.52402542585267,24633287
2024-09-12,145.28578186035156,145.95600461139665,142.42295551189292,145.53471756509396,73191476
2024-09-13,146.9613494873047,148.7900970487839,146.01345361090696,146.28154271760843,54894255
2024-09-16,147.65072631835938,149.03904804358055,146.97091954558672,148.40711745645567,32575460
2024-09-17,146.31985473632812,147.67945371452424,145.79324589729697,147.44965678210306,18275113
2024-09-18,144.19427490234375,146.47303230076827,143.2463790294976,145.91770069332145,24856345
2024-09-19,143.17935180664062,145.71664356917074,141.50378756355425,145.4294010626895,36913781
2024-09-20,145.5538787841797,146.81772538125833,144.2421413904577,144.57726008887275,53873369
2024-09-23,147.44007873535156,147.82305899048202,146.30069275316202,147.81348959751986,33281905
2024-09-24,153.701904296875,154.6306468118322,148.26350837524944,148.55073627904147,137414352
2024-09-25,154.78384399414062,155.77003208493187,152.73486883534235,154.6306460397091,58044967
2024-09-26,158.56582641601562,158.8434849203407,153.65402482937571,155.10937615315066,88661662
2024-09-27,159.46583557128906,161.82119183483928,158.83390501872296,159.89669199903508,72795668
2024-09-30,161.3807830810547,162.94144162259218,160.14564463316742,160.37544157015517,92381529
2024-10-01,159.9254150390625,162.2807859160864,158.07751417123993,162.2807859160864,50761579
2024-10-03,159.87754821777344,162.7595280581904,157.5221918125888,158.46050369539955,75959797
2024-10-04,159.65733337402344,161.90738259681194,157.024303888095,159.89669969092603,53880875
2024-10-07,157.36898803710938,160.80628475561033,155.42533476120158,159.99244806433083,48775098
2024-10-08,152.73486328125,156.63173931572797,150.03480421918394,156.0668383152851,74956764
2024-10-09,152.29443359375,155.3008741562495,151.38484444896807,152.7348740754111,42766218
2024-10-10,152.92636108398438,154.324252260621,149.93907398014832,151.56676209160358,46507936
2024-10-11,153.8263702392578,156.81365713768548,152.42846454898114,152.52421691767853,53263433
2024-10-14,151.58590698242188,156.43067886066913,151.3178032686307,154.99448097060719,35566857
2024-10-15,149.0103302001953,152.7444390484953,148.45499856972177,152.7157162581054,38964393
2024-10-16,148.6369171142578,149.89119430858034,147.46880828982898,148.58904092772988,28518262
2024-10-17,145.91770935058594,149.6518328753569,145.6304814415555,149.02947164968103,28404223
2024-10-18,148.780517578125,149.55606205639228,144.67299827814077,145.9176913564781,34750795
2024-10-21,148.4358367919922,151.2124801778258,148.0145497437117,149.46033162392519,25799090
2024-10-22,143.9932098388672,148.3113732009961,143.71555132253332,148.3113732009961,39079846
2024-10-23,142.45169067382812,145.48685401772,141.7527450734395,143.9070420666232,42107893
2024-10-24,142.64317321777344,143.45702454907357,141.71443072808205,143.1314898604578,22115070
2024-10-25,139.6558837890625,143.1410567605819,138.28670086645107,142.66232412927562,39730802
2024-10-28,143.0261688232422,143.3612729068424,138.5739464860324,139.7899314876512,28386897
2024-10-29,143.67724609375,144.05065699068842,140.31654802130427,143.47618655450094,32258407
2024-10-30,142.63360595703125,144.52938314763492,141.8006158267189,141.8006158267189,21362130
2024-10-31,142.2410430908203,143.57191927773744,141.89635499731423,142.73892913916487,26383702
2024-11-01,143.3804168701172,143.8591494807019,142.66231795424014,143.2942485065543,5106804
2024-11-04,140.69952392578125,143.61979603375312,138.92822187388833,143.61979603375312,25571021
2024-11-05,145.8123779296875,146.06132824738492,140.69951695069528,140.74739313561867,42772283
2024-11-06,147.08580017089844,148.35923064718642,143.22721656211465,147.4496416240549,48928986
2024-11-07,144.5293731689453,150.24544174589212,143.81127424832144,149.46989724917992,88254789
2024-11-08,141.29315185546875,145.53471583725118,140.68994408180956,145.53471583725118,61980989
2024-11-11,138.842041015625,141.40805567440268,137.97075867645088,141.29316451094266,47497863
2024-11-12,138.0377655029297,140.8718691156459,137.492017898951,139.45481000440753,28861672
2024-11-13,133.25042724609375,137.49200558734287,132.70467969098357,137.49200558734287,57609083
2024-11-14,132.11105346679688,134.7440829513831,131.65147422931113,133.76747889794598,36345184
2024-11-18,135.20367431640625,137.15689699718155,132.1302044370754,133.5568329184097,40233848
2024-11-19,133.52810668945312,136.42922515204557,133.14511183364692,135.96006193234294,37611903
2024-11-21,134.2557830810547,135.57708984602934,131.41211002324619,133.56640690887318,58398744
2024-11-22,136.70689392089844,137.09945819896518,133.71002286651526,134.1887555149593,43710169
2024-11-25,137.55902099609375,139.93353055760713,136.76432314156614,138.77500586842004,53883890
2024-11-26,138.32501220703125,139.5984428013521,137.472868679675,138.08564588350688,25608469
2024-11-27,138.38246154785156,138.73671904117154,136.82178840093584,138.17181800864472,24895631
2024-11-28,137.2909393310547,139.07182525084315,137.00369683887718,137.87499370823693,30947861
2024-11-29,138.3920135498047,139.30161717741578,136.96539975235902,137.77923640632747,29742979
2024-12-02,140.1824951171875,140.5846287815188,137.05157956161287,137.98032205176875,23840351
2024-12-03,140.3069610595703,141.89635699139313,140.1154709182117,140.5080352043417,35527228
2024-12-04,139.6463165283203,140.79527193904764,137.8749999215352,140.74739575323386,38537808
2024-12-05,140.81442260742188,141.5899671293947,138.64097237947502,140.26866039728668,36328245
2024-12-06,141.98251342773438,142.35592428540917,140.36440945098354,141.22612231953772,30604899
2024-12-09,143.50489807128906,144.26128919959288,140.39313597135887,141.9825172020591,39059139
2024-12-10,143.92617797851562,146.01344513231254,142.9591287621472,143.8017028255748,36278104
2024-12-11,144.19427490234375,145.64004219447833,143.67723547724202,144.1846908994371,20499709
2024-12-12,144.36660766601562,145.18045896362426,142.3750782143673,144.4527760312419,25761723
2024-12-13,142.61444091796875,143.66765849885763,139.35906502937362,143.61978231613364,39701388
2024-12-16,141.5037841796875,143.42829870025722,140.84314542326788,142.60487799324102,22634773
2024-12-17,139.48353576660156,142.18359488415763,139.14843168256274,141.50378810321808,27110781
2024-12-18,138.3154296875,140.6516325111933,137.20476654540607,139.7899196721864,19850229
2024-12-19,137.1664581298828,137.68349751496578,135.0983444188291,135.5292008332253,27104579
2024-12-20,134.6962127685547,138.25798488975394,134.04514337058293,136.81221753148526,46503449
2024-12-23,135.6824188232422,137.68351786368822,134.62920111260664,136.3909338197047,27514178
2024-12-24,134.4089813232422,135.48133776683858,133.32704087655316,135.19409525951502,25882917
2024-12-26,134.38983154296875,135.14622270983824,133.57598018527978,134.95473256972352,23939932
2024-12-27,133.0015106201172,135.72070861260912,132.71426810321762,134.71536710834124,19562177
2024-12-30,131.05784606933594,133.32703400163734,130.3014403520621,133.00149932801168,32555723
2024-12-31,132.17808532714844,132.78127852119832,130.75145679502504,131.04826869538877,20080291
2025-01-01,130.92379760742188,132.5610549292103,130.77059966802656,132.22595087276264,18169498
2025-01-02,132.3025360107422,132.5610557087721,130.59824910178597,131.17273407301693,23388424
2025-01-03,132.4748992919922,133.78662207588437,131.97701324601226,132.30254794117715,23351832
2025-01-06,126.55775451660156,132.50362037216877,125.76307118564904,132.47489758236378,44620509
2025-01-07,127.70672607421875,128.18545872303827,126.39498868181578,127.13224105173092,24239451
2025-01-08,126.99819946289062,128.5301498188251,126.16520930959798,128.23332329741976,31570331
2025-01-09,124.40345764160156,126.76839806764471,124.18324471647617,126.38541779701265,31903107
2025-01-10,122.00980377197266,124.84390019037357,121.31085088710218,124.40345972299295,34855510
2025-01-13,117.70121002197266,121.11936086241637,117.40439811552376,120.64062821078628,38968332
2025-01-14,121.53106689453125,122.21086635898129,117.71078251633102,117.71078251633102,36877365
2025-01-15,121.14807891845703,122.85236592287846,120.42997996907405,122.55555402802851,18773125
2025-01-16,122.3736343383789,123.00556492559245,121.17680274582023,122.55555507800953,22164393
2025-01-17,124.73857879638672,125.58115294011135,122.21087097497396,122.45981399969992,27421959
2025-01-20,126.05987548828125,126.48116252637492,123.42684610995578,125.41837553836952,20571916
2025-01-21,124.18324279785156,126.76839610907963,123.752386347607,126.44286142309578,32238213
2025-01-22,123.43641662597656,124.8055995122403,121.71298358195402,124.70984714461679,27505569
2025-01-23,124.82473754882812,125.1885790119018,122.26830713403162,122.41192837972491,20722538
2025-01-24,124.22154998779297,127.53437165648766,123.80983232263387,124.94921833698494,37092106
2025-01-27,120.99488830566406,123.94387577351505,120.39168051290343,123.53217272178101,24650571
2025-01-28,123.14917755126953,124.93964752916087,119.4342149575899,120.9948880126621,40373804
2025-01-29,125.23645782470703,125.75348263224956,123.08216100871927,123.51301744996476,16674706
2025-01-30,125.54283142089844,126.52901940082803,124.56622744314409,125.23645015623808,25256096
2025-01-31,128.89398193359375,129.2578234450815,124.40346706301384,125.54285317761017,26689228
2025-02-01,127.31416320800781,129.73654926912272,124.70985640076188,129.25781661499312,21173846
2025-02-03,126.21307373046875,126.87371246748953,122.37362880490515,125.70560371719078,27765357
2025-02-04,127.7450180053711,128.62588432428686,126.26094387501131,127.15139419713158,25032519
2025-02-05,128.68331909179688,129.6312149144528,127.41947260468203,127.48648757267763,16958362
2025-02-06,126.9024429321289,129.1333388079031,126.40457150104794,128.7790813262184,22408168
2025-02-07,132.42701721191406,132.84830426209064,126.92159199024184,127.6301215391534,52950146
2025-02-10,128.33863830566406,132.22595957234125,127.34288085359974,132.22595957234125,26120805
2025-02-11,124.5758056640625,128.62587962641553,124.18324140080149,127.3428796833171,23635428
2025-02-12,126.65349578857422,127.62053038336171,122.85235776674915,123.8481297585838,37927696
2025-02-13,130.4546356201172,131.83338786808585,126.25136390819702,126.65349754556125,52036196
2025-02-14,128.75035095214844,133.32703359361898,127.65884117175086,130.45463789680852,41469242
2025-02-17,128.5780029296875,129.06631956098687,125.16942895244972,127.2567108097113,21189637
2025-02-18,128.8173828125,129.16207092570485,126.14606089248382,128.57801647304558,23957576
2025-02-19,129.9854736328125,131.05784461900643,127.3715976603746,128.77907270932423,18447487
2025-02-20,132.1685028076172,132.47489871450335,129.25781474100347,129.51633446121855,24139808
2025-02-21,134.77281188964844,135.57709385414466,131.31636153324553,132.04404451970584,41987785
2025-02-24,131.7950897216797,134.6770695597755,130.84720844635495,132.9057529509142,25193205
2025-02-25,131.23976135253906,133.42278082937636,130.88548929558743,132.599360176902,23575603
2025-02-27,132.79086303710938,133.07810554526,130.10038791727888,131.3738185025967,30747044
2025-02-28,131.36422729492188,131.93871227971601,128.35778704198734,131.93871227971601,45540594
2025-03-03,132.67596435546875,133.13554357659663,128.59715311245867,131.17273692690625,31154401
2025-03-04,133.4132080078125,134.94515829281517,130.03335675342007,130.3588914408109,28634645
2025-03-05,139.88568115234375,140.25909202154875,133.08767192247157,133.08767192247157,62109377
2025-03-06,144.04107666015625,145.72621026535774,139.9814186811011,140.54631968054383,79121467
2025-03-07,145.11343383789062,145.96557734294433,142.92084480008745,143.3708546453163,81821791
2025-03-10,144.62513732910156,147.67945399144855,144.0123601179238,145.11343937543094,54450331
2025-03-11,144.337890625,145.24747971693674,141.70486111111111,141.80061348279318,35916900
2025-03-12,143.90704345703125,145.8028207386164,141.41762773028424,144.57726627276725,26377549
2025-03-13,144.46237182617188,147.02837186521504,143.63895106846553,145.53472830699454,48286431
2025-03-17,145.35279846191406,146.14749637912962,144.48150157089648,145.52514980540872,35879780
2025-03-18,145.35279846191406,145.35279846191406,145.35279846191406,145.35279846191406,0
2025-03-19,151.85400390625,152.42847432600115,149.843320912718,150.1305634274742,66161413
2025-03-20,152.2752685546875,153.29019400270343,149.9869271671883,153.19444163277876,39889517
2025-03-21,150.5901336669922,152.95507400823206,150.14970783253443,152.2656978580057,49184821
2025-03-24,151.681640625,152.2369722139201,150.42736350595635,151.27950697987026,30905773
2025-03-25,150.0635223388672,152.23697251519428,149.4124529911097,152.23697251519428,28467187
2025-03-26,149.1826629638672,150.83907380780764,148.41668781778858,149.5560738387384,23182869
2025-03-27,148.8092498779297,149.4603338558387,147.6411410847122,148.2156260881754,25909068
2025-03-28,147.679443359375,150.23587378804137,146.84643866885847,148.77095314475795,24589315
2025-04-01,146.60707092285156,148.73264489614846,145.60174412203705,145.60174412203705,29142122
2025-04-02,148.1103057861328,149.6039492781643,145.7932415728839,147.44965240855873,24977582
2025-04-03,147.08580017089844,149.33584924737713,146.1091961804673,146.49217641870388,15117526
2025-04-04,134.41854858398438,146.48261682208707,134.04513771331628,146.12834473777897,80846143
2025-04-07,123.97259521484375,124.80559990848474,119.99912031177419,122.55555075002937,121806340
2025-04-08,124.73857879638672,130.40677165016805,122.57471246608434,129.1524944378805,68999181
2025-04-09,121.77043151855469,124.47048324757613,119.97039946750046,124.47048324757613,73399980
2025-04-11,127.7450180053711,128.97057241514617,124.93965170151816,128.94184962505463,73706472
2025-04-15,130.6078338623047,131.17273483444643,129.1046064577216,129.8322893734728,38967608
2025-04-16,131.14402770996094,131.74723554432347,128.89397833556225,130.6078494615327,42684087
2025-04-17,131.30679321289062,132.09192178685484,128.0131101792325,128.6833329803231,62282856
2025-04-21,133.260009765625,134.3323808066835,131.2206186675147,131.79508906581256,26503486
2025-04-22,132.2834014892578,136.76433181415285,131.84296104914992,135.96006451631428,58429662
2025-04-23,135.15579223632812,135.48132690063045,131.47912934480175,133.46107472782782,37851304
2025-04-24,135.50048828125,135.8451763607548,134.31322609412004,134.71535975191557,23061444
2025-04-25,132.94406127929688,137.3483928447533,132.1493633359104,135.9600710970525,37764696
2025-04-28,136.027099609375,136.53455503999055,132.49405038167612,132.64723372335874,26971589
2025-04-29,135.48133850097656,137.20477894449593,134.9260068797447,136.02710072882473,25758449
2025-04-30,134.12173461914062,135.53877910523266,132.1302051363776,135.43345734283497,29205042
2025-05-02,135.3855743408203,137.01327687950518,133.5185201102955,134.04512889576648,29588258
2025-05-05,136.0366668701172,136.63029066045345,135.19409276014787,135.54836484352708,17213477
2025-05-06,138.29629516601562,139.21545370509273,135.51963693184993,136.03667639362217,42658262
2025-05-07,139.78993225097656,140.69952135394513,136.15156122934144,136.15156122934144,34674594
2025-05-08,137.55902099609375,140.42184715085523,136.77390714363563,139.78991662415723,29687927
2025-05-09,136.70689392089844,137.17605717588756,134.53344360622944,134.99303746776363,21875453
2025-05-12,145.1804656982422,145.48684699206808,138.35373354771914,139.41652059742424,47087413
2025-05-13,143.07403564453125,146.482624453301,142.67190196361287,145.53472852771824,54389876
2025-05-14,148.70391845703125,150.4656509255911,144.57724576642528,144.57724576642528,60002060
2025-05-15,150.65716552734375,151.12631415768095,147.73689354257314,148.88584894041847,57066105
2025-05-16,150.84864807128906,151.42311843643668,150.32203927925056,150.6571579495732,22884754
2025-05-19,150.86781311035156,151.41356072985053,149.48906075196962,151.2795161733279,21839582
2025-05-20,151.94015502929688,155.20511486986828,151.2795017032843,151.6146203674169,58061639
2025-05-21,154.76467895507812,154.96575308136366,151.78696150996174,152.66782776703747,36044599
2025-05-22,154.42958068847656,156.6413379308529,153.5391449209614,154.13276876597152,60715453
2025-05-23,156.03811645507812,156.57429466952186,154.630641337283,154.72639370833107,29483665
2025-05-26,155.59767150878906,158.50837403137618,155.1572456781114,156.16258710604288,25581584
2025-05-27,154.78384399414062,156.92855691713783,153.78807190009675,155.59768073375614,23296776
2025-05-28,154.3817138671875,155.77003566293013,153.8167982234654,155.49236253792478,13044476
2025-05-29,156.18173217773438,156.97643011523544,154.63064309549128,155.2912964778573,26455081
2025-05-30,154.1710662841797,156.91898701270287,153.6827496322393,156.1721652494822,32739340
2025-06-02,152.2752685546875,153.30933278888003,150.6092883521777,152.2369763725739,31365564
2025-06-03,150.65716552734375,153.81678921897827,150.48481418229866,152.27526955552628,28398746
2025-06-04,151.45184326171875,152.21781836864687,150.14012057007034,150.80077391717384,16660138
2025-06-05,151.25079345703125,152.3231499097348,150.36992714091605,152.10293698314624,23708504
2025-06-06,154.30775451660156,154.68987355895635,151.13321673748325,152.55391497441923,25804151
2025-06-09,154.1411895751953,155.00339807472366,153.6512926059639,154.50370854827648,15315437
2025-06-10,152.5343017578125,156.08116571614772,152.35794603830144,154.80743070129662,22764080
2025-06-11,153.24957275390625,154.34693717546995,152.17179344667835,153.2887579330468,17605668
2025-06-12,149.80068969726562,153.10259037648876,148.78171061318454,152.84784934308564,27846151
2025-06-13,149.05604553222656,149.41856447828644,146.77312403171527,146.77312403171527,24277592
2025-06-16,151.05482482910156,151.37815861242703,147.7921093251464,148.93846640213576,16188193
2025-06-17,149.5165557861328,151.7602772489202,149.27160731004182,150.70209803815087,16740382
2025-06-18,149.0364532470703,150.10442502801618,147.75292560844213,149.12463111144888,14860746
2025-06-19,147.94888305664062,149.3695812614616,147.4589860928769,148.92867698416805,20145922
2025-06-20,148.89927673339844,150.07502639609703,147.5863565258928,147.70392700702223,29944714
2025-06-23,149.3499755859375,150.2024064371807,147.43938048913083,147.45898055307632,17096676
2025-06-24,151.66229248046875,153.79825097470666,150.5355354661638,150.69230607959693,25403324
2025-06-25,153.22996520996094,153.72965470957556,152.3677418062637,152.7498608237262,18240433
2025-06-26,157.29611206054688,157.84480922363562,153.28875844651355,153.70027010597835,40650557
2025-06-27,158.18772888183594,160.00035365399057,157.4528834256331,157.74682459820806,31989509
2025-06-30,156.53187561035156,158.92257523340902,156.27713456626822,157.7370329296518,15842285
2025-07-01,156.8258056640625,157.19813212171806,154.54288413508942,156.77681298008653,17823415
2025-07-02,162.52821350097656,162.7927470840807,156.60045754044165,156.8258059465753,63315210
2025-07-03,162.5576171875,165.36962102869037,161.87176441531565,162.64579505453744,60571824
2025-07-04,159.71620178222656,163.12589539382557,158.7266153035522,162.55761312522574,22938753
2025-07-07,159.1185302734375,160.0493464791388,156.81602347896515,159.7064126190942,17469909
2025-07-08,158.6972198486328,159.6084210032526,158.33470088825314,159.167516736486,11398248
2025-07-09,155.7872314453125,158.67762048517898,154.3273331395368,158.67762048517898,29839077
2025-07-10,157.4136962890625,158.28571228822938,156.06157588231,156.76702870753138,17566887
2025-07-11,156.61026000976562,158.35429202947023,156.1007779245607,157.39409815300198,20689511
2025-07-14,157.19813537597656,157.8643880503442,156.08117093035503,156.61025305703114,15152964
2025-07-15,155.7872314453125,157.59985615615295,154.75844485133464,157.02176638780477,17993051
2025-07-16,154.15097045898438,156.05177294773478,153.82763668972055,155.787224418252,14591157
2025-07-17,156.66903686523438,157.45287496649962,153.94521104995056,154.31753751190692,21733241
2025-07-18,159.08912658691406,159.4614530433001,156.86500525657647,156.86500525657647,30728478
2025-07-21,159.72601318359375,162.25388335707254,159.20672358850962,159.21651614579585,29812899
2025-07-22,159.74559020996094,161.08791801366775,159.44185649430568,160.0003461911957,13615524
2025-07-23,159.48106384277344,160.82337675678392,158.60904783395793,159.95136074796844,14287149
2025-07-24,160.17669677734375,161.42103917135105,159.52023668220534,159.70639990852942,14377270
2025-07-25,158.16812133789062,160.28447973979533,157.79580982400492,160.19630187733304,12443495
2025-07-28,156.4534912109375,159.0107540258306,155.87541636688312,157.97217482791075,19296285
2025-07-29,158.42288208007812,159.16752008069668,155.00339590063598,155.00339590063598,15262937
2025-07-30,158.09954833984375,159.5006464764026,157.79581461516142,158.42288212915784,16083106
2025-07-31,154.7486572265625,158.85399622593465,153.39653680564152,157.74682428993594,26213891
2025-08-01,149.9182586669922,154.73884284196984,149.42836171891963,154.73884284196984,23927359
2025-08-04,156.33590698242188,156.68863337246128,150.39835854214874,150.39835854214874,30064719
2025-08-05,156.3946990966797,156.90419611590218,155.0817788456723,156.33591385416722,14441034
2025-08-06,155.4541015625,156.57106599467667,154.61147822240403,156.39469532092863,13438851
2025-08-07,156.44369506835938,156.76702885943823,153.10259417768006,153.97461017769194,23159540
2025-08-08,154.75843811035156,156.71802584191784,153.83742948444055,156.277121592409,11951173
2025-08-11,155.3169403076172,156.76703115971318,153.97461243699314,154.75845058288553,14325736
2025-08-12,156.92379760742188,158.38368097798784,155.29733611426408,155.31693617876937,20056598
2025-08-13,156.94337463378906,159.11851821725458,156.66903354672746,157.70762760542405,18079396
2025-08-14,152.16200256347656,157.35491345916554,151.7014982135466,156.78663117732714,47256126
2025-08-18,154.76824951171875,155.78722857956774,152.84784690825515,154.80743468913022,61022494
2025-08-19,156.0125732421875,156.23793659591405,153.59248119487864,155.29732790547314,21224239
2025-08-20,158.64822387695312,159.47124715126446,154.836826266843,155.00338943303922,28520245
2025-08-21,158.2465057373047,159.25569224762015,157.93297946685604,158.6482248201789,17282594
2025-08-22,155.34632873535156,158.02116194615854,154.90542446221374,157.99176932464727,16063984
2025-08-25,156.40451049804688,157.09036326188235,155.43450912103523,155.98319133210362,16376542
2025-08-26,151.89744567871094,155.9439992314392,151.51532665935787,155.9439992314392,19621100
2025-08-28,150.52574157714844,152.72047034391545,150.06523724830674,152.63229248106538,22269875
2025-08-29,151.35855102539062,151.96603338377983,149.95745298441892,151.3781510886852,16971859
2025-09-01,153.01441955566406,153.20058279845597,150.59432730030775,151.35856538616036,10798622
2025-09-02,155.18955993652344,155.85582758300345,152.35795607753843,153.01441621642076,21202113
2025-09-03,164.4584197998047,164.6053829115023,155.19935505065737,155.19935505065737,82352014
2025-09-04,163.43942260742188,165.8791148683674,163.25325936917514,165.58517370010776,26316842
2025-09-05,164.29183959960938,164.60538083456697,162.5870077235515,163.6255869010279,16798170
2025-09-08,165.4088134765625,169.01444785456843,165.05608707432555,166.56496310305295,36402317
2025-09-09,165.7321319580078,166.29062165640096,164.59558239805637,165.87911001307,14028910
2025-09-10,166.0064697265625,167.28020475923196,165.34021706513215,165.77132876392503,13128306
2025-09-11,165.9868927001953,167.44677608258885,165.05609145998108,165.92810745667194,13829526
2025-09-12,166.3494110107422,167.5447607925511,165.22265397975173,166.1730552808698,12119036
2025-09-15,165.81051635742188,166.76091762984797,165.2226489917924,166.33961343200357,10611401
2025-09-16,168.54415893554688,168.7891074222772,165.60477709478272,165.9672960709935,26629438
2025-09-17,167.89749145507812,169.40636755614264,165.92811100261414,169.0144559572989,21381306
2025-09-18,168.55393981933594,168.72050298472064,166.3787962117765,167.9954650825129,16413388
2025-09-19,168.0150604248047,169.1810176039512,167.152851925054,168.62254283312726,25406461
2025-09-22,167.9268798828125,168.73031807598298,167.0646564463308,167.34880505629351,20970704
2025-09-23,169.78848266601562,170.29797969308981,167.74071695110763,167.9856654323302,24533561
2025-09-24,169.1712188720703,170.91525082329014,168.8968777752808,169.66111582354708,20168891
2025-09-25,168.89688110351562,170.3371793652769,168.3873840778086,169.40636317875388,17026549
2025-09-26,164.01748657226562,169.86685712635648,163.8215307898951,168.74010016487503,20157657
2025-09-29,165.56556701660156,166.83930206116054,164.1742614896264,164.21346161741062,16832342
2025-09-30,165.3598175048828,166.71192289452748,165.00709110965636,166.07506285197854,24553596
2025-10-01,164.12527465820312,166.3102258708126,162.7731692107931,165.5851729856298,17542776
2025-10-03,169.71011352539062,171.2091970451847,164.72295104958138,164.72295104958138,55172705
2025-10-06,166.62374877929688,169.9746421340475,165.879110795064,169.79828640770359,21474004
2025-10-07,167.966064453125,168.72050995731377,166.95687791202062,166.95687791202062,19189843
2025-10-08,168.46575927734375,170.12161329868525,166.62374202986783,168.52454451707717,22662699
2025-10-09,172.85523986816406,174.22696031292153,169.28879063254445,169.29858318947913,68504717
2025-10-10,170.3469696044922,172.58089852081383,169.40636087371374,172.44372797158246,18085975
2025-10-13,169.5337371826172,170.2881826711327,167.45657890046212,169.50434456167864,19386219
2025-10-14,167.0646514892578,172.88462961188387,165.83011656494588,171.3757535932804,22082970
2025-10-15,169.739501953125,170.48413994081272,166.67274223785583,167.37819504744152,15031989
2025-10-16,170.48414611816406,170.96425053250476,168.74011409529163,169.5043521749562,12205250
2025-10-17,168.7401123046875,170.7878780361492,167.5349699534617,170.09223271611626,21659007
2025-10-20,168.47555541992188,169.79828314395053,167.36839849695085,169.79828314395053,18049579
2025-10-21,169.28878784179688,169.74929216810278,168.62253516997373,168.91646137785548,2471987
2025-10-23,170.6409149169922,172.52211747382847,170.1314178858275,170.38615892617537,31472510
2025-10-24,170.91525268554688,173.76645656232023,170.2097998716964,171.07202329984003,25226376
2025-10-27,173.09039306640625,174.30532792781943,171.98322118098574,172.3359475811792,23832477
2025-10-28,178.13632202148438,178.3812704902341,173.44311593844535,173.76644971125117,59511794
2025-10-29,181.44802856445312,183.16266783116117,178.37147642106427,179.95873770095284,51610530
2025-10-30,180.62501525878906,181.44803856405343,178.94956107620848,180.67399299444838,24270977
2025-10-31,179.1455078125,180.57601344258129,178.44005502923633,180.28207229114344,16041321
2025-11-03,178.9789581298828,180.38007124540465,178.1265421819268,178.71440957861506,16652212
2025-11-04,175.667236328125,179.3904560232443,175.2851173169437,179.30227816307968,18746387
2025-11-06,173.6880645751953,177.01935777322672,172.9532191682353,175.66723744027053,23664538
2025-11-07,177.70521545410156,178.56743887313962,171.47372563120948,173.42352088090925,19165876
2025-11-10,177.81298828125,178.82217477664634,176.55885331705906,178.35187790269174,18376132
2025-11-11,177.3818817138672,179.20429897242093,175.40270879310737,179.20429897242093,14109340
2025-11-12,175.00099182128906,178.46945570347353,174.40331693489793,177.7738103958271,19037263
2025-11-13,173.08058166503906,180.28207261093482,171.56191312244096,180.28207261093482,82083661
2025-11-14,170.73887634277344,174.1093696859203,168.64211803518344,173.93301396354244,38345500
2025-11-17,169.67091369628906,171.70888687233943,169.13202404268722,171.59131638445137,28204282
2025-11-18,168.9654541015625,169.62191421676354,167.10385168236368,168.91646141674815,34278387
2025-11-19,169.71011352539062,170.3861587800188,168.58334153340576,168.9654605688343,19621610
2025-11-20,168.9752655029297,170.8368679650301,168.779294759156,170.5821269287805,15968891
2025-11-21,164.60537719726562,168.42656747344327,164.31143603360536,168.3285970525356,28412865
2025-11-24,162.0187225341797,164.97770434638255,161.84235185507077,164.60537787418383,31202769
2025-11-25,162.9691162109375,163.89012484092416,161.74437387328885,162.6457824397421,19983310
2025-11-26,166.2416229248047,166.51596401038026,163.52758973843058,163.6255751049081,15044796
2025-11-27,164.73275756835938,167.54476135192886,163.80194137825137,167.005871702516,17546627
2025-11-28,164.56619262695312,165.58517172087537,163.90971754715025,164.73275579853328,11975539
2025-12-01,165.22265625,166.22203530061321,164.3114401150656,165.58517522225367,11758473
2025-12-02,164.3898162841797,165.4382029138782,163.6255782524512,165.0266763271307,15355023
2025-12-03,163.5471954345703,164.59558208020943,161.66599294706072,164.38981878370706,18873943
2025-12-04,163.40023803710938,164.57598776405808,162.84174832028913,164.40942458986666,11419966
2025-12-05,163.7333526611328,164.26243476770992,161.6659870170177,163.6255747384361,33500436
2025-12-08,160.1669158935547,164.80133702411302,159.70641154765582,163.7137651572728,15772400
2025-12-09,157.42349243164062,160.08853317640472,156.82581752306186,160.08853317640472,25766371
2025-12-10,158.95196533203125,160.37266354271006,157.56065974326197,157.74682298233478,22537548
2025-12-11,163.0181121826172,163.2924532757465,159.87296721789184,160.1963009956089,32603566
2025-12-12,168.41677856445312,169.01445346166966,164.01749842261532,164.21346916961272,41130927
2025-12-15,169.37696838378906,169.6709095467895,167.05486160197606,167.49576587124238,23254201
2025-12-16,166.39840698242188,169.21041081212448,165.83012470194237,169.21041081212448,22981935
2025-12-17,166.89808654785156,167.83869525433352,166.23183388321416,166.65313807694636,11624504
2025-12-18,164.7229461669922,167.00586775474434,164.17426397345784,166.4865781822587,13152378
2025-12-19,165.28143310546875,166.1926342436874,164.4388097650615,165.73212992099573,28448892
2025-12-22,165.80072021484375,167.99546387027857,165.58516436696766,165.62434954364147,23729300
2025-12-23,167.44677734375,167.88769657443396,165.83012333280536,165.92810870639488,17348078
2025-12-24,166.63356018066406,168.18162142742085,166.24163363996013,167.88769520997894,17430406
2025-12-26,165.70274353027344,166.46698159443727,164.42902339031292,166.45718903737267,16904834
2025-12-29,168.81849670410156,170.61152138554397,165.8693074139259,166.08486327402076,48001907
2025-12-30,172.24777221679688,172.78666185691725,167.34880267109997,169.28879042506475,33741158
2025-12-31,176.4412841796875,177.73460433052753,174.8932080510617,176.3628988750202,50897201
2026-01-01,178.21470642089844,178.51844012853144,176.55885238848066,176.9507789067716,21507757
2026-01-02,179.18470764160156,180.13510889107147,177.93057268465597,178.32248425227598,23006840
2026-01-05,181.9673309326172,183.11368804331968,179.1749122357095,179.18471974336657,30646009
2026-01-06,182.4376220703125,184.05429098339528,180.74258280126375,182.24166627946056,28514282
2026-01-07,180.08612060546875,182.87852423150886,179.20429713108635,182.4376199695518,18231588
2026-01-08,176.48046875,182.1142835558037,175.92199401305942,181.7027719205664,38454951
2026-01-09,174.79522705078125,177.83259414305388,173.74685534440192,175.43210206069315,25318701
2026-01-12,179.53744506835938,179.93914921719784,174.05059308160847,174.7952310860447,25782267
2026-01-13,178.8809814453125,180.66419858846893,177.4406832006057,179.7921826060008,19155081
2026-01-14,185.42599487304688,186.79770034766673,177.98936278831158,178.8809788220487,55907778
2026-01-15,185.42599487304688,185.42599487304688,185.42599487304688,185.42599487304688,0
2026-01-16,184.40701293945312,187.14063128950747,183.52518947618503,186.20983009255906,26028519
2026-01-19,184.46580505371094,185.61216214325307,183.02550679879343,183.3194479641688,19709364
2026-01-20,179.85096740722656,186.16084256846423,179.33167783188887,184.46580329331414,20094927
2026-01-21,180.6837921142578,181.95752714211503,177.22512093082943,179.85096134014822,35037961
2026-01-22,185.27903747558594,186.1510534721251,182.03590702057778,182.13389239341228,35681682
2026-01-23,183.8191375732422,188.5123438627473,183.48601122919982,186.65074139853988,28492706
2026-01-27,188.394775390625,189.23739876721942,183.92691746839182,185.83751263902195,42314287
2026-01-28,189.9330596923828,191.25577253025963,188.21842031143703,189.5803332788552,33310718
2026-01-29,198.23190307617188,198.88836317541822,190.18778882033365,190.5209151482256,60610904
2026-01-30,189.22760009765625,194.9789854884677,186.77811535533883,194.53808122494425,52262849
2026-02-02,184.70094299316406,185.181047387077,178.8613797123736,181.6341982477284,25601945
2026-02-03,189.03163146972656,194.978987666741,187.64032591460304,189.6685064801252,28467895
2026-02-04,191.45172119140625,192.17677405621038,189.54112608536582,190.07022316117292,13859145
2026-02-05,193.7640380859375,194.40091309714842,187.6501336613117,189.1002244606821,31293689
2026-02-06,193.07818603515625,193.60728312025086,190.442538018047,193.60728312025086,18446912
2026-02-09,197.91836547851562,202.1706673665258,193.55828566475088,197.91836547851562,68967709
2026-02-10,203.8069305419922,206.83450515614254,197.01696576516485,198.88837576458045,82443790
2026-02-11,203.39541625976562,206.00167167501505,201.15169476122617,205.1688408628477,40897457
2026-02-12,203.9049072265625,206.13883610170413,202.03349730689217,203.79712930054828,24109860
2026-02-13,199.07452392578125,202.67038081260222,198.46705647209666,202.41562482198435,25870923
2026-02-16,201.65138244628906,201.95511616664734,196.4976718562028,196.93857612609287,17932490
2026-02-17,198.97654724121094,201.64158784839802,197.58524169562287,201.34764668795694,18506676
2026-02-18,204.8063201904297,205.46278031728878,199.43705373982053,199.43705373982053,48357001
2026-02-19,201.2594757080078,207.1186392511836,200.12291115568183,206.73652021468234,27749813
2026-02-20,204.1498565673828,205.07086522079007,200.59319994425812,202.23926146215945,26605844
2026-02-23,203.93429565429688,205.85469821912017,201.3476404336065,205.75671285186064,23377191
2026-02-24,204.904296875,205.30600099945755,202.572382679593,203.02309443812595,23413086
2026-02-25,210.30296325683594,212.0763878335333,205.16883781037617,205.85470550453036,48873839
2026-02-26,211.16519165039062,211.58649586340846,208.7058993216261,211.58649586340846,25522669
2026-02-27,208.03964233398438,211.53749881221347,207.3831822095093,211.14558722909865,25598534
2026-03-02,206.74630737304688,210.00902288434335,200.3678544070972,200.85775136163778,30523310
2026-03-04,192.75485229492188,202.8173399663396,190.50132330520216,202.8173399663396,72096617
2026-03-05,196.51727294921875,198.9373501678109,193.63667644350463,194.48909236645193,41033397
2026-03-06,194.4499053955078,198.1143250400302,193.1173850837355,195.46888448076024,28551376
2026-03-09,187.15042114257812,189.78606903672917,183.25084573827675,189.54112056999347,43019965
2026-03-10,191.059814453125,192.66667588435305,188.1204326923077,190.08981308988655,25783308
2026-03-11,190.80506896972656,194.86141510711138,190.08001610345198,193.15656834339634,34207226
2026-03-12,189.56072998046875,190.72668713169747,186.25882927020857,190.0702270025327,24413736
2026-03-13,179.80197143554688,188.61032389194173,178.5772290726122,188.0714342621568,42683952
2026-03-16,183.1626739501953,183.85831924652325,177.58764427040396,179.30228359439405,44789516
2026-03-17,191.48110961914062,192.34333301240835,183.07449133665247,184.00529252685664,45672442
2026-03-18,191.46153259277344,192.46091162212494,189.26678884015058,192.43151900070097,26353743
2026-03-19,186.66053771972656,190.29557980739716,185.5435732285838,186.9446863339689,24146344
2026-03-20,192.79405212402344,195.41010007329277,189.43335123382218,189.4921364764287,46881257
2026-03-23,183.38803100585938,190.03103276106097,182.74136341364385,189.10023150282484,44393392
2026-03-24,186.93487548828125,188.30659594707384,183.98570117015058,188.12043271012945,34321983
2026-03-25,192.6764678955078,193.16636485425607,188.43397338916023,189.12961869832031,34767360
2026-03-27,189.31578063964844,191.5497095602212,188.7474983773317,190.39355992170925,36938046
2026-03-30,187.98326110839844,190.4915311384363,184.49519716347274,188.12043165846399,45914996
2026-04-01,190.66790771484375,196.1547448376459,190.08002536754,195.95878903870104,35813622
2026-04-02,190.21719360351562,190.91285387433086,184.152266764611,189.01205125174704,27633959
2026-04-06,192.13758850097656,192.67646318204214,186.40578824365195,189.11982151485492,28115748
2026-04-07,194.12657165527344,194.4107053102103,189.3745652242459,191.64769426561494,32090982
2026-04-08,200.05430603027344,202.22944962673415,197.91836256103738,197.92815511760955,37018381
2026-04-09,201.0537109375,203.98330016296072,199.93674645814323,200.37765073543454,36853400
2026-04-10,202.4352264404297,204.77693335784272,200.66180180198944,203.77753935340996,28385501
2026-04-13,202.21966552734375,202.81734041353766,197.4284738808108,199.58401750380781,25848544
2026-04-15,204.50257873535156,206.8834706747868,203.40521437977333,204.77691982424614,30858355
2026-04-16,206.4327850341797,208.6177213069781,204.78672346128033,205.5117763499998,26751249
2026-04-17,207.83387756347656,208.1670188522808,204.2870284248544,206.43277946081633,22837792
2026-04-20,207.4419708251953,209.08801744160672,205.56076828480994,207.71631192793055,24992602
2026-04-21,207.72610473632812,210.15600443559268,206.81490356195553,207.441971076176,17427021
2026-04-22,208.72549438476562,209.4603398135109,206.25640955805036,206.73651395366593,20795714
2026-04-23,206.64833068847656,208.79408167639707,205.9134852789404,208.73528148524096,19304122
2026-04-24,205.8253173828125,207.71631248534553,204.385019114353,206.73651855852788,22379072
2026-04-27,208.9606475830078,210.65568683044256,206.66791851282287,206.7365112615041,33068230
2026-04-28,210.70468139648438,213.83022633269505,207.9122627984955,208.89205669947847,34950491
2026-04-29,211.51791381835938,212.6152782120782,207.08924116440056,211.73346967433537,32800573
2026-04-30,207.0892333984375,211.41992051892456,205.7567131344055,211.41992051892456,24894783
2026-05-01,207.0892333984375,207.0892333984375,207.0892333984375,207.0892333984375,0
2026-05-04,207.9514617919922,210.16579061396135,207.12842355730183,208.25519550756448,23140911
2026-05-05,207.050048828125,208.04942781622478,205.21782411567264,207.91225727175217,20733709
2026-05-06,211.11619567871094,212.35073062720622,208.1278212532798,209.67589743023214,24082651
2026-05-07,212.70346069335938,214.77082648385087,211.3905404151622,212.3213416586462,21243369
2026-05-08,210.156005859375,213.00719483917288,209.92084993352336,212.61528324655575,17760366
2026-05-11,207.79469299316406,210.6556893993219,207.2460107988966,209.18599854304753,16301350
2026-05-12,207.71630859375,211.95881801144273,207.22641163951945,207.71630859375,28371348
2026-05-13,215.1823272705078,216.44626974872804,208.7646893130333,208.931252478677,46231533
2026-05-14,216.66183471679688,218.3960591940855,214.5944689437323,217.80819181127316,34985006
2026-05-15,212.45851135253906,219.86575104195882,211.63548804270772,218.49404552557326,33231023
2026-05-18,205.4725799560547,207.53994562883025,200.90673691374,206.73650747568587,73796001
2026-05-19,205.06106567382812,208.03964760262085,204.67894663794993,206.33480077691178,32573663
2026-05-20,202.82713317871094,203.30723757974266,198.93735013596705,203.30723757974266,56670462
2026-05-21,204.36541748046875,205.82531580238606,203.4640088687742,205.51177457198688,24385712
2026-05-22,204.9630889892578,206.61894307763393,204.051872885097,205.36480807765633,22023114
2026-05-25,205.97227478027344,207.4713582506991,205.2080367345846,207.0304539859507,23090495
2026-05-26,206.21722412109375,206.8736842425589,205.27661539527486,205.6587344197238,17801824
2026-05-27,210.36175537109375,214.53568711274585,206.44257962146753,206.44257962146753,39110042
2026-05-28,210.36175537109375,210.36175537109375,210.36175537109375,210.36175537109375,0
2026-05-29,203.8167266845703,211.3415364912704,202.52339158940543,211.33174393465907,67467374
2026-06-01,206.31521606445312,207.12843187407182,202.3274475728693,205.75672634529082,23733470
2026-06-02,206.3446044921875,209.14681568728278,204.35562404064967,204.78672080488315,29358964
2026-06-03,207.60853576660156,208.19641810630952,203.40522637423723,206.4523861024366,23198930
2026-06-04,206.31521606445312,207.9514701418094,205.08066613808126,206.16823800392513,18939468
2026-06-05,202.5919952392578,206.2466224146788,199.7799764917982,205.16884311070905,35802398
2026-06-08,198.6238250732422,201.063517321306,197.52646066470047,199.32927789315295,31036948
2026-06-09,199.07452392578125,199.87796212623925,196.2919127470383,198.8981681942479,42111455
2026-06-10,195.28271484375,199.29006820458414,193.99918725951196,198.89815663475216,34008938
2026-06-11,193.9600067138672,195.3219196346834,192.08859677972976,193.45050970054598,38292223
2026-06-12,197.86000061035156,200.82000732421875,195.8000030517578,200.0,27622963
2026-06-15,197.27999877929688,200.9499969482422,196.82000732421875,199.9600067138672,27071539
2026-06-16,196.0,197.60000610351562,193.30999755859375,197.50999450683594,29255187
2026-06-17,199.00999450683594,199.5,195.60000610351562,196.7899932861328,22491220
2026-06-18,200.52000427246094,200.6999969482422,198.14999389648438,199.00999450683594,22111931
2026-06-19,198.9600067138672,199.36000061035156,196.5,199.25,31571461
2026-06-22,198.97000122070312,200.66000366210938,198.6999969482422,199.3000030517578,19238506
2026-06-23,193.55999755859375,197.97999572753906,192.72999572753906,197.75,34634510
2026-06-24,190.16000366210938,193.3800048828125,189.58999633789062,192.8000030517578,51305789
2026-06-25,188.7100067138672,190.86000061035156,187.61000061035156,190.0,34151735
2026-06-26,188.7100067138672,188.7100067138672,188.7100067138672,188.7100067138672,0
2026-06-29,189.57000732421875,191.27000427246094,188.60000610351562,188.72999572753906,62549132
2026-06-30,188.05999755859375,190.39999389648438,187.0500030517578,189.5,33686235
2026-07-01,185.1699981689453,188.7100067138672,184.6999969482422,188.5,20614036
2026-07-02,187.6699981689453,188.60000610351562,185.13999938964844,186.0,29139217
2026-07-03,189.8000030517578,192.97999572753906,189.11000061035156,190.60000610351562,28474469
2026-07-06,190.8699951171875,191.4499969482422,189.19000244140625,190.38999938964844,14466645
2026-07-07,189.7899932861328,191.3000030517578,189.0,191.0,22805982
2026-07-08,188.1999969482422,189.7899932861328,186.52000427246094,187.66000366210938,17816943
2026-07-09,187.91000366210938,189.8699951171875,186.6199951171875,189.5,21203724
2026-07-10,191.19000244140625,193.3000030517578,188.74000549316406,189.67999267578125,23145573
2026-07-13,187.11000061035156,189.27000427246094,185.39999389648438,189.0,47597415
2026-07-14,188.27000427246094,190.35000610351562,186.6999969482422,186.6999969482422,24096425
2026-07-15,185.25999450683594,189.3300018310547,184.80999755859375,188.74000549316406,24924570
2026-07-16,185.49000549316406,186.75,184.91000366210938,186.5,13166990
2026-07-17,185.88999938964844,186.58999633789062,183.41000366210938,185.1999969482422,20132684
2026-07-20,186.41000366210938,187.19000244140625,185.75999450683594,186.67999267578125,11188887
2026-07-21,187.24000549316406,188.10000610351562,184.6999969482422,186.75,21618426
2026-07-22,186.52999877929688,187.99000549316406,184.91000366210938,187.99000549316406,16643117
2026-07-23,184.22999572753906,186.0,183.5,186.0,20581098
2026-07-24,182.6699981689453,183.52000427246094,181.1999969482422,183.41000366210938,16117953
2026-07-27,184.25,184.88999938964844,183.3300018310547,183.60000610351562,11857396
2026-07-28,182.6300048828125,185.13999938964844,182.00999450683594,184.30999755859375,19135253
2026-07-29,187.27000427246094,188.6699981689453,183.0399932861328,183.5,24872418
2026-07-30,186.9199981689453,188.99000549316406,186.10000610351562,188.00999450683594,13769746
2026-07-31,189.69000244140625,191.83999633789062,186.30999755859375,188.25,34249584
2026-08-03,191.0,193.5,188.49000549316406,192.94000244140625,27563681
2026-08-04,190.9499969482422,192.60000610351562,189.0,190.6999969482422,22165429
2026-08-05,192.99000549316406,192.99000549316406,189.83999633789062,192.25,22780522
2026-08-06,189.3000030517578,193.64999389648438,188.99000549316406,193.4499969482422,18802510
2026-08-07,187.5500030517578,189.69000244140625,186.75,189.41000366210938,9924021
2026-08-10,190.24000549316406,192.35000610351562,187.5500030517578,187.55999755859375,33338101
2026-08-11,188.25,190.55999755859375,186.77999877929688,190.24000549316406,20973262
2026-08-12,186.1999969482422,188.8800048828125,183.60000610351562,188.35000610351562,36484049
2026-08-13,184.85000610351562,186.66000366210938,183.4600067138672,186.1999969482422,19940424
2026-08-14,183.5,184.19000244140625,180.0,184.0,16131505
2026-08-17,186.0,186.35000610351562,182.05999755859375,183.5,16278106
2026-08-18,185.5,187.11000061035156,184.3300018310547,186.33999633789062,13393441
2026-08-19,184.0,184.9499969482422,182.5,184.16000366210938,15509632
2026-08-20,183.5,185.60000610351562,182.9499969482422,185.0,21782667
2026-08-21,183.0,184.94000244140625,182.0,184.39999389648438,26299054
2026-08-24,186.3000030517578,186.3000030517578,183.05999755859375,184.14999389648438,37800944
2026-08-25,186.94000244140625,187.27000427246094,183.5,186.3000030517578,24578020
2026-08-26,188.00999450683594,189.9499969482422,184.2899932861328,186.49000549316406,32199274
2026-08-27,186.8000030517578,190.25,186.5,188.0500030517578,40921836
2026-08-28,186.5,188.7899932861328,184.0800018310547,187.60000610351562,39370394
2026-08-31,184.35000610351562,185.82000732421875,181.39999389648438,185.35000610351562,36802869
2026-09-01,184.07000732421875,188.67999267578125,182.1199951171875,183.6999969482422,46663321
2026-09-02,183.85000610351562,184.05999755859375,181.44000244140625,182.5,19496175
2026-09-03,184.1999969482422,187.64999389648438,182.0,184.11000061035156,21964971
2026-09-04,188.7899932861328,189.89999389648438,182.83999633789062,184.1999969482422,36500951
2026-09-07,185.61000061035156,190.24000549316406,184.3699951171875,189.0,23695657
2026-09-08,184.14999389648438,186.5,183.61000061035156,185.89999389648438,24272812
2026-09-09,188.75,190.25999450683594,183.41000366210938,184.8000030517578,45985325
2026-09-10,186.77999877929688,189.0,185.0,189.0,23334612
2026-09-11,183.0,184.24000549316406,180.7899932861328,184.0,31510206
2026-09-14,183.0,183.0,183.0,183.0,0
2026-09-15,183.64999389648438,186.49000549316406,182.3800048828125,186.10000610351562,31857708
2026-09-16,183.0,185.39999389648438,180.27999877929688,183.64999389648438,29471476
